// autogenerated, edit with care!
#pragma once

const unsigned long lxm_music_size = 15833;
const unsigned char lxm_music[] = {
    0x4C, 0x58, 0x4D, 0x1A, 0x19, 0x00, 0x06, 0x00, 0x00, 0x24, 0x0C, 0x00, 0x04, 0x04, 0x00, 
    0x01, 0x30, 0x01, 0x00, 0x00, 0x64, 0x2E, 0x00, 0x00, 0x09, 0x00, 0x00, 0x00, 0x6D, 0x2E, 
    0x00, 0x00, 0x34, 0x03, 0x00, 0x00, 0xA1, 0x31, 0x00, 0x00, 0x9E, 0x03, 0x00, 0x00, 0x3F, 
    0x35, 0x00, 0x00, 0x97, 0x02, 0x00, 0x00, 0xD6, 0x37, 0x00, 0x00, 0x03, 0x06, 0x00, 0x00, 
    0x79, 0x00, 0xF9, 0x17, 0x00, 0x20, 0x00, 0x10, 0x06, 0x13, 0xF2, 0x2F, 0x0D, 0x26, 0x82, 
    0x1C, 0x5B, 0x15, 0x04, 0x39, 0xB7, 0x2A, 0x00, 0x40, 0xE8, 0x1A, 0xEB, 0x23, 0xF8, 0x0F, 
    0xFC, 0x0B, 0xED, 0x17, 0xD1, 0x35, 0xA0, 0x16, 0xD6, 0x47, 0x83, 0x09, 0x41, 0x0E, 0x00, 
    0x08, 0x1D, 0x10, 0xE2, 0x0F, 0x74, 0x0D, 0x0E, 0x10, 0x41, 0x2D, 0x6E, 0x55, 0xAD, 0x0A, 
    0xB9, 0x0E, 0x8B, 0x0F, 0xF5, 0x12, 0x1B, 0x4C, 0x36, 0x0F, 0x6F, 0x15, 0x16, 0x12, 0x18, 
    0x13, 0x2A, 0x13, 0xA8, 0x0F, 0x59, 0x10, 0x78, 0x10, 0x5B, 0x0E, 0xB5, 0x10, 0xF1, 0x0F, 
    0xF1, 0x13, 0x65, 0x0B, 0x71, 0x13, 0x7C, 0x12, 0x83, 0x13, 0xCA, 0x0C, 0x83, 0x15, 0x06, 
    0x0D, 0x1A, 0x0F, 0x67, 0x0D, 0x8D, 0x0D, 0xA6, 0x0D, 0xD9, 0x0D, 0xE3, 0x12, 0x26, 0x0E, 
    0x68, 0x0E, 0x0C, 0x0F, 0x22, 0x11, 0x28, 0x0F, 0x0D, 0x15, 0xF3, 0x10, 0xC4, 0x10, 0xB5, 
    0x16, 0xA5, 0x10, 0x96, 0x10, 0x3B, 0x18, 0x7F, 0x18, 0x5B, 0x0D, 0x87, 0x10, 0x4A, 0x10, 
    0x3B, 0x10, 0x4F, 0x0D, 0xC5, 0x0F, 0xB6, 0x0F, 0x13, 0x11, 0x82, 0x11, 0x93, 0x11, 0x4D, 
    0x13, 0xD2, 0x12, 0x73, 0x14, 0xF9, 0x14, 0x20, 0x07, 0x34, 0x15, 0x47, 0x15, 0x3F, 0x0C, 
    0xD4, 0x10, 0x95, 0x13, 0xAB, 0x15, 0xE7, 0x15, 0x10, 0x16, 0x24, 0x16, 0x62, 0x16, 0x84, 
    0x0C, 0x9B, 0x0C, 0xCC, 0x17, 0xE2, 0x17, 0xFA, 0x0C, 0xFF, 0x0D, 0xFE, 0x05, 0xA3, 0x11, 
    0xC4, 0x11, 0xF5, 0x11, 0x68, 0x10, 0x06, 0x12, 0x32, 0x11, 0x2C, 0x10, 0x38, 0x12, 0xD3, 
    0x0F, 0x5A, 0x12, 0xAF, 0x12, 0x7D, 0x0F, 0x6E, 0x0F, 0x60, 0x0F, 0x52, 0x0F, 0x65, 0x19, 
    0xE7, 0x21, 0x00, 0x00, 0x08, 0x00, 0x00, 0x00, 0x00, 0xAB, 0x20, 0x00, 0x40, 0x00, 0x00, 
    0x00, 0x00, 0x00, 0x00, 0x00, 0xB0, 0x02, 0x00, 0x00, 0x59, 0x25, 0x01, 0x00, 0x00, 0x07, 
    0x00, 0x00, 0x00, 0x00, 0x00, 0x00, 0x00, 0x00, 0x00, 0x00, 0x00, 0xAB, 0x20, 0x00, 0x00, 
    0x01, 0x00, 0x00, 0x00, 0x00, 0x00, 0x00, 0xF0, 0x02, 0x00, 0x00, 0x00, 0x00, 0x00, 0x00, 
    0x00, 0x06, 0x00, 0x00, 0x00, 0x00, 0x00, 0x00, 0x08, 0x00, 0x00, 0x00, 0x00, 0xAB, 0x20, 
    0x00, 0x00, 0x01, 0x00, 0x00, 0x00, 0x00, 0x00, 0x00, 0xF0, 0x03, 0x00, 0x00, 0xDA, 0x5C, 
    0x01, 0x00, 0x00, 0x03, 0x00, 0x00, 0x00, 0x00, 0x00, 0x00, 0x08, 0x00, 0x00, 0x00, 0x00, 
    0xAB, 0x20, 0x00, 0x00, 0x01, 0x00, 0x00, 0x00, 0x00, 0x00, 0x00, 0xF0, 0x04, 0x00, 0x00, 
    0xDA, 0x5C, 0x01, 0x00, 0x00, 0x02, 0x00, 0x00, 0x00, 0x00, 0x00, 0x00, 0x08, 0x00, 0x00, 
    0x00, 0x00, 0xAB, 0x20, 0x00, 0x00, 0x01, 0x00, 0x00, 0x00, 0x00, 0x00, 0x00, 0xF0, 0x05, 
    0x00, 0x00, 0xCA, 0x36, 0x01, 0x00, 0x00, 0x05, 0x00, 0x00, 0x00, 0x00, 0x00, 0x00, 0x00, 
    0x00, 0x00, 0x00, 0xDC, 0x5F, 0x20, 0x00, 0xDE, 0x0E, 0x00, 0x00, 0x00, 0x00, 0x00, 0x00, 
    0xF0, 0x06, 0x00, 0x00, 0xA1, 0x40, 0x00, 0x00, 0x00, 0x01, 0x00, 0x00, 0x00, 0x00, 0x00, 
    0x00, 0x08, 0x00, 0x00, 0x00, 0xDC, 0x5F, 0x20, 0x00, 0x3C, 0x07, 0x00, 0x00, 0x7A, 0x05, 
    0x00, 0x00, 0xCE, 0x15, 0x00, 0x00, 0xA1, 0x40, 0x00, 0x00, 0x00, 0x0B, 0x00, 0x00, 0x00, 
    0x00, 0x00, 0x00, 0x00, 0x00, 0x00, 0x00, 0xDC, 0x5F, 0x20, 0x00, 0xFA, 0x0F, 0x00, 0x00, 
    0x00, 0x00, 0x00, 0x00, 0x0A, 0x1D, 0x00, 0x00, 0xD6, 0x60, 0x00, 0x00, 0x00, 0x00, 0x00, 
    0x00, 0x00, 0x00, 0x00, 0x00, 0x08, 0x00, 0x00, 0x00, 0x00, 0xAB, 0x20, 0x00, 0x20, 0x00, 
    0x00, 0x00, 0x00, 0x00, 0x00, 0x00, 0x04, 0x2D, 0x00, 0x00, 0x6A, 0x74, 0x00, 0x00, 0x00, 
    0x0A, 0x00, 0x00, 0x00, 0x00, 0x00, 0x00, 0x08, 0x00, 0x00, 0x00, 0x00, 0xAB, 0x20, 0x00, 
    0x20, 0x00, 0x00, 0x00, 0x00, 0x00, 0x00, 0x00, 0x24, 0x2D, 0x00, 0x00, 0x6D, 0xAE, 0x00, 
    0x00, 0x00, 0x09, 0x00, 0x00, 0x00, 0x00, 0x00, 0x00, 0x08, 0x00, 0x00, 0x00, 0x00, 0xAB, 
    0x20, 0x00, 0x20, 0x00, 0x00, 0x00, 0x00, 0x00, 0x00, 0x00, 0x44, 0x2D, 0x00, 0x00, 0x58, 
    0x05, 0x01, 0x00, 0x00, 0x08, 0x00, 0x00, 0x00, 0x00, 0x00, 0x00, 0x08, 0x00, 0x00, 0x00, 
    0x00, 0xAB, 0x20, 0x00, 0x00, 0x01, 0x00, 0x00, 0x00, 0x00, 0x00, 0x00, 0x64, 0x2D, 0x00, 
    0x00, 0x09, 0x64, 0x00, 0x00, 0x00, 0x04, 0x00, 0x00, 0x00, 0x00, 0x00, 0x00, 0x3C, 0x3C, 
    0x3C, 0x3C, 0x3C, 0x3C, 0x3C, 0x3C, 0x3B, 0x3D, 0x3C, 0x3E, 0x3E, 0x3E, 0x3E, 0x3E, 0x3E, 
    0x3E, 0x3E, 0x3E, 0x3E, 0x3E, 0x3E, 0x3E, 0x3E, 0x3E, 0x3E, 0xDE, 0xDE, 0xDE, 0xDE, 0xDE, 
    0xDE, 0xDE, 0xDE, 0xDE, 0xDE, 0xDE, 0xDE, 0xDE, 0xDE, 0xDE, 0xDE, 0xDE, 0xDE, 0xDE, 0xDE, 
    0xDE, 0xDE, 0xDE, 0xDE, 0xDE, 0xDE, 0xDE, 0xDE, 0xDE, 0xDE, 0xDE, 0xDE, 0xDE, 0xDE, 0xDE, 
    0xDE, 0xDE, 0x00, 0x00, 0x00, 0x00, 0x00, 0x00, 0x00, 0x4C, 0x00, 0x00, 0x00, 0x00, 0xCB, 
    0x00, 0x00, 0x00, 0x3E, 0xC4, 0xC6, 0xC7, 0xC7, 0xC7, 0xC7, 0xC7, 0xC7, 0xC7, 0xC7, 0xC7, 
    0x3D, 0x3C, 0xC7, 0xC7, 0xC7, 0xC7, 0xC7, 0xC7, 0xC7, 0xC7, 0xC7, 0xC7, 0x23, 0x22, 0x22, 
    0x27, 0x2D, 0x34, 0x38, 0x3C, 0x45, 0xA6, 0xA5, 0xA5, 0xA6, 0xA8, 0xC3, 0xC4, 0xC7, 0xC8, 
    0x00, 0x00, 0x00, 0x00, 0x00, 0x00, 0x00, 0x00, 0x00, 0x00, 0x00, 0x00, 0x00, 0x00, 0xBD, 
    0xBD, 0xBD, 0xBC, 0xBB, 0xBB, 0xBB, 0xBB, 0xBB, 0xBB, 0xBA, 0x00, 0x00, 0x00, 0x00, 0x00, 
    0x00, 0x00, 0x00, 0x00, 0x00, 0x00, 0x00, 0x00, 0x00, 0x00, 0x00, 0x00, 0x00, 0x00, 0x00, 
    0x00, 0x14, 0x00, 0x00, 0x00, 0x00, 0x00, 0x00, 0x19, 0x19, 0x19, 0x19, 0x19, 0x19, 0x19, 
    0x19, 0x19, 0x18, 0x18, 0x17, 0x17, 0x16, 0x16, 0x16, 0x15, 0x15, 0x14, 0x14, 0x14, 0x14, 
    0x14, 0x14, 0x14, 0x00, 0x00, 0x00, 0x00, 0x00, 0x00, 0x00, 0x00, 0x00, 0x00, 0x00, 0x00, 
    0x00, 0x00, 0x4A, 0x4E, 0x50, 0x53, 0x00, 0x00, 0x00, 0x00, 0x00, 0x00, 0x00, 0x00, 0x00, 
    0xB7, 0xB7, 0x00, 0x00, 0x00, 0x00, 0x00, 0x00, 0x00, 0x00, 0x00, 0x00, 0x00, 0x00, 0x00, 
    0x00, 0x00, 0x00, 0x00, 0x00, 0x00, 0x00, 0x00, 0x00, 0xB9, 0xBA, 0xBA, 0xBB, 0xBB, 0xBB, 
    0xBC, 0xBC, 0xBC, 0xBC, 0xBC, 0xBD, 0xBD, 0xBE, 0xBE, 0xC0, 0xC1, 0xC2, 0xC3, 0xC3, 0xC4, 
    0xC4, 0x00, 0x00, 0x00, 0x00, 0x00, 0x00, 0x00, 0x00, 0x00, 0x00, 0x00, 0x00, 0x00, 0x00, 
    0xC7, 0xC4, 0x00, 0xDA, 0xDB, 0xDD, 0xDF, 0xE0, 0xE2, 0xE4, 0xE6, 0x13, 0x12, 0x12, 0xEC, 
    0x00, 0x00, 0x00, 0x00, 0x00, 0x00, 0x00, 0x00, 0x00, 0x00, 0x00, 0x00, 0x00, 0x00, 0x00, 
    0x00, 0x00, 0x00, 0x92, 0x9B, 0x9F, 0xA3, 0xA8, 0xAB, 0xAD, 0xAF, 0xB1, 0xB3, 0xB4, 0xB6, 
    0xB8, 0xBA, 0xBB, 0xBC, 0xBD, 0xBE, 0xBF, 0xC0, 0xC1, 0xC2, 0xC3, 0xC4, 0xC4, 0xC5, 0xC6, 
    0xC7, 0xC8, 0xC8, 0xC9, 0xCA, 0xCA, 0xCB, 0xCB, 0xCC, 0xCC, 0xCD, 0xCE, 0xCF, 0xCF, 0xD0, 
    0xD1, 0xD1, 0xD2, 0xEF, 0xF3, 0xFA, 0xFF, 0x04, 0x06, 0x08, 0x0B, 0x0F, 0x13, 0x19, 0x1C, 
    0x26, 0x31, 0x35, 0x3D, 0x40, 0x44, 0x43, 0x49, 0x48, 0x48, 0x4F, 0x54, 0x53, 0x58, 0x57, 
    0x5B, 0x5D, 0x5C, 0x5F, 0x61, 0x60, 0x64, 0x66, 0x68, 0x69, 0x69, 0x68, 0x6A, 0x6A, 0x6A, 
    0x6A, 0x6A, 0x6A, 0x6A, 0x6A, 0x6A, 0x6A, 0x6A, 0x6A, 0x6A, 0x6A, 0x69, 0x69, 0x69, 0x69, 
    0x69, 0x69, 0x69, 0x69, 0x69, 0x66, 0x66, 0x66, 0x66, 0x66, 0x66, 0x66, 0x66, 0x66, 0x66, 
    0x62, 0x62, 0x62, 0x62, 0x62, 0x62, 0x62, 0x62, 0x62, 0x62, 0x62, 0x62, 0x62, 0x5A, 0x5A, 
    0x5A, 0x5A, 0x5A, 0x5A, 0x5A, 0x5A, 0x5A, 0x5A, 0x5A, 0x5A, 0x5A, 0x51, 0x51, 0x51, 0x51, 
    0x51, 0x51, 0x51, 0x51, 0x51, 0x51, 0x51, 0x51, 0x51, 0x51, 0x51, 0x47, 0x47, 0x47, 0x47, 
    0x47, 0x47, 0x47, 0x47, 0x47, 0x47, 0x47, 0x47, 0x47, 0x47, 0x47, 0x3F, 0x3F, 0x3F, 0x3F, 
    0x3F, 0x3F, 0x3F, 0x3F, 0x3F, 0x3F, 0x3F, 0x3F, 0x3F, 0x36, 0x36, 0x36, 0x36, 0x36, 0x36, 
    0x36, 0x36, 0x36, 0x36, 0x36, 0x36, 0x2B, 0x2B, 0x2B, 0x2B, 0x2B, 0x2B, 0x2B, 0x2B, 0x2B, 
    0x2B, 0x22, 0x22, 0x22, 0x22, 0x22, 0x22, 0x22, 0x22, 0x22, 0x18, 0x18, 0x18, 0x18, 0x18, 
    0x18, 0x18, 0x0E, 0x0E, 0x0E, 0x0E, 0x0E, 0x0E, 0x05, 0x05, 0x05, 0x05, 0xFE, 0xFF, 0xFF, 
    0xF9, 0xFA, 0xF5, 0xF6, 0xF3, 0xF1, 0xEF, 0x8C, 0x8C, 0x8C, 0x8C, 0x90, 0x59, 0x5A, 0x60, 
    0x6A, 0x79, 0x7A, 0x00, 0x92, 0x9B, 0x9F, 0xA3, 0xA8, 0xAB, 0xAD, 0xAF, 0xB1, 0xB3, 0xB4, 
    0xB6, 0xB8, 0xBA, 0xBB, 0xBC, 0xBD, 0xBE, 0xBF, 0xC0, 0xC1, 0xC2, 0xC3, 0xC4, 0xC4, 0xC5, 
    0xC6, 0xC7, 0xC8, 0xC8, 0xC9, 0xCA, 0xCA, 0xCB, 0xCB, 0xCC, 0xCC, 0xCD, 0xCE, 0xCF, 0xCF, 
    0xD0, 0xD1, 0xD1, 0xD2, 0xEF, 0xF3, 0xFA, 0xFF, 0x04, 0x06, 0x08, 0x0B, 0x0F, 0x13, 0x19, 
    0x1C, 0x26, 0x31, 0x35, 0x3D, 0x0E, 0x0E, 0x0E, 0x0E, 0x0E, 0x0D, 0x0C, 0x0B, 0x0B, 0x0A, 
    0x0A, 0x09, 0x09, 0x08, 0x08, 0x08, 0x07, 0x07, 0x06, 0x06, 0x05, 0x05, 0x04, 0x03, 0x02, 
    0x02, 0x01, 0x00, 0x00, 0x00, 0xFF, 0xFF, 0xFE, 0xFE, 0xFD, 0xFC, 0xFC, 0xFC, 0xFB, 0xFB, 
    0xFA, 0xFA, 0xF9, 0xF9, 0xF9, 0xF8, 0xF8, 0xF8, 0xF7, 0xF7, 0xF7, 0xF7, 0xF7, 0xF7, 0xF7, 
    0xF7, 0xF7, 0xF6, 0xF6, 0xF4, 0xF2, 0xEF, 0xEB, 0xE8, 0xE5, 0xE3, 0xE0, 0xDA, 0xD8, 0xD6, 
    0xD2, 0xD1, 0xCF, 0xCD, 0xC9, 0xC1, 0x5A, 0x5A, 0x5A, 0x5A, 0x5A, 0x5A, 0x51, 0x51, 0x51, 
    0x51, 0x51, 0x51, 0x51, 0x51, 0x51, 0x51, 0xB2, 0xB2, 0xB2, 0xB1, 0xB0, 0xB0, 0xAF, 0xAF, 
    0xAE, 0xAE, 0xAD, 0xAD, 0xAC, 0xAB, 0xAB, 0xAB, 0xAA, 0xAA, 0xA9, 0xA9, 0xA9, 0xA9, 0xA9, 
    0xA8, 0xA8, 0xA8, 0xA7, 0xA7, 0xA7, 0xA6, 0xA6, 0xA6, 0xA6, 0xA6, 0xA6, 0xA6, 0xA6, 0xA6, 
    0xA6, 0xA6, 0xA6, 0xA6, 0xA6, 0xA6, 0xA6, 0xA6, 0xA7, 0xA7, 0xA8, 0xA8, 0xA8, 0xA8, 0xA8, 
    0xA8, 0xA8, 0xA8, 0xA8, 0xA8, 0xA8, 0xA8, 0xA8, 0xA8, 0xA8, 0xA8, 0xA8, 0xA8, 0xA8, 0xA8, 
    0xA8, 0xA8, 0xA8, 0xA8, 0xA8, 0xA8, 0x0E, 0x0E, 0x0E, 0x05, 0x05, 0x05, 0x05, 0xFE, 0xFF, 
    0xFF, 0xF9, 0xFA, 0xF5, 0xF6, 0xF3, 0xF1, 0xEF, 0x8C, 0x8C, 0x8C, 0x8C, 0x90, 0x59, 0x5A, 
    0x60, 0x6A, 0x79, 0x7A, 0x00, 0x92, 0x9B, 0x9F, 0xA3, 0xA8, 0xAB, 0xAD, 0xAF, 0xB1, 0xB3, 
    0xB4, 0xB6, 0xCC, 0xCD, 0xCE, 0xCE, 0xCE, 0xCE, 0xCE, 0xD0, 0xD0, 0xD0, 0xD1, 0xD1, 0xD2, 
    0xD2, 0xD3, 0xD3, 0xD3, 0xFF, 0xFE, 0xFE, 0xFD, 0xFD, 0xFD, 0xFD, 0xFC, 0xFC, 0xE0, 0xE0, 
    0xE1, 0xE1, 0xE2, 0xE2, 0xE3, 0xE3, 0xE4, 0xE4, 0xFC, 0xFC, 0xFC, 0xFC, 0xFC, 0xFC, 0xFC, 
    0xFC, 0xFC, 0xFC, 0xFC, 0xFC, 0xFC, 0xFC, 0xEF, 0xEF, 0xEF, 0xEF, 0xEF, 0xF0, 0xF0, 0xF1, 
    0xF1, 0xF1, 0xF2, 0xF3, 0xF4, 0xFC, 0x16, 0x16, 0x16, 0x16, 0x16, 0x16, 0x16, 0x16, 0x16, 
    0x16, 0x16, 0x16, 0x16, 0x16, 0x16, 0x16, 0x16, 0x16, 0x16, 0x16, 0x16, 0x16, 0x16, 0x16, 
    0x16, 0x16, 0x16, 0x16, 0x16, 0x16, 0x16, 0x16, 0x16, 0x16, 0x1C, 0x1E, 0x1F, 0x20, 0x21, 
    0x23, 0x24, 0x25, 0x27, 0x28, 0x29, 0x2A, 0x2C, 0x2D, 0x2E, 0x2F, 0x31, 0x32, 0x34, 0x36, 
    0x38, 0x3A, 0x3C, 0x3E, 0x40, 0x42, 0x44, 0x46, 0x48, 0x4A, 0x4C, 0x53, 0x57, 0x08, 0x08, 
    0x08, 0x08, 0x08, 0x05, 0x05, 0x05, 0x05, 0x05, 0x05, 0x05, 0x01, 0x01, 0x01, 0x01, 0x01, 
    0x01, 0x01, 0x01, 0x01, 0x01, 0x01, 0x01, 0x01, 0x01, 0x01, 0x01, 0x01, 0x01, 0x01, 0x01, 
    0x01, 0x01, 0x01, 0x01, 0x01, 0x01, 0x01, 0x01, 0x01, 0x01, 0x01, 0x01, 0x01, 0x01, 0x01, 
    0x01, 0x01, 0x01, 0x01, 0xDC, 0xDB, 0xDA, 0xDA, 0xDA, 0xD9, 0xD9, 0xD9, 0xD9, 0xD9, 0xD8, 
    0xD7, 0xD7, 0xD7, 0xD7, 0xD7, 0xD7, 0xD7, 0xD7, 0xD7, 0xD7, 0xD7, 0xD7, 0xD7, 0xD7, 0xD7, 
    0xD7, 0xD7, 0xD7, 0xD7, 0xD7, 0xD7, 0xD7, 0xD7, 0xD7, 0xD7, 0xD6, 0xD6, 0x03, 0x03, 0x03, 
    0x08, 0x07, 0x07, 0x07, 0x07, 0x07, 0x07, 0x0D, 0x0C, 0x0C, 0x0C, 0x12, 0x11, 0x11, 0x11, 
    0x11, 0x19, 0x18, 0x1D, 0x21, 0x24, 0x00, 0x00, 0x08, 0x16, 0x1F, 0x18, 0xF4, 0x1B, 0xF0, 
    0xA8, 0x02, 0x6D, 0x7B, 0xDA, 0xBF, 0x26, 0x36, 0x56, 0x22, 0x3B, 0x45, 0x57, 0x44, 0xB3, 
    0x8B, 0xBA, 0x10, 0x28, 0xD7, 0x4C, 0x30, 0xC5, 0xBE, 0xD7, 0xF7, 0x40, 0x2E, 0x0F, 0x52, 
    0x1F, 0xD9, 0xC2, 0x98, 0x80, 0xA1, 0xC7, 0x37, 0x7F, 0x7F, 0x7F, 0x7F, 0x62, 0xDE, 0xCF, 
    0x9B, 0xB2, 0xFA, 0x2F, 0x61, 0x28, 0x08, 0xEF, 0x0B, 0xCD, 0xFE, 0x0E, 0x03, 0xEF, 0x46, 
    0x5D, 0x56, 0x66, 0x5F, 0x18, 0x29, 0x24, 0x00, 0x30, 0x5C, 0x58, 0x16, 0x14, 0x07, 0xE0, 
    0xC3, 0xEC, 0x09, 0x27, 0x40, 0x24, 0x05, 0xFB, 0x17, 0x2F, 0x20, 0x2A, 0xE5, 0xCA, 0xC5, 
    0xCB, 0xE6, 0xF7, 0xE5, 0x01, 0x1E, 0x12, 0x07, 0xD3, 0xD2, 0xE6, 0xFC, 0x0C, 0x26, 0x41, 
    0x52, 0x30, 0x12, 0xE3, 0xA7, 0xD8, 0xE2, 0xEE, 0xF2, 0xED, 0xFB, 0xC1, 0xAD, 0xE0, 0x0A, 
    0x26, 0x1F, 0x1F, 0xFB, 0xFA, 0xEC, 0xF8, 0xCB, 0xD4, 0xE8, 0xDE, 0xF9, 0xD4, 0xCC, 0x9B, 
    0x84, 0xB3, 0xC7, 0xF0, 0xF6, 0xEF, 0xE9, 0xD7, 0xC9, 0xC3, 0xBC, 0xC8, 0xE9, 0xF0, 0xE2, 
    0xE0, 0x02, 0x0F, 0x2A, 0x3C, 0x33, 0x08, 0x08, 0xDB, 0xC2, 0xA8, 0x9B, 0xCC, 0xD5, 0xC6, 
    0xB7, 0xDC, 0xDA, 0xD0, 0xCB, 0xB8, 0xC0, 0xA2, 0xA8, 0xAC, 0xB6, 0xDB, 0xDB, 0xEC, 0xFB, 
    0xF2, 0xCF, 0xB2, 0xAF, 0xB6, 0xD3, 0xC9, 0xD1, 0xF3, 0x27, 0x1E, 0x04, 0xF0, 0xD8, 0xEA, 
    0xEE, 0xE8, 0xD8, 0xBF, 0xC3, 0x9D, 0xB8, 0xCE, 0xD3, 0xD3, 0xDC, 0xD9, 0xDE, 0xD7, 0xC7, 
    0xC9, 0xCA, 0xD7, 0xC3, 0xDD, 0xE1, 0xDF, 0xD6, 0xE2, 0xFE, 0x36, 0x28, 0x16, 0xFB, 0xEF, 
    0xE0, 0xE3, 0x00, 0x29, 0x30, 0x45, 0x68, 0x4E, 0x60, 0x6A, 0x6A, 0x6E, 0x61, 0x54, 0x52, 
    0x60, 0x47, 0x54, 0x72, 0x7D, 0x7F, 0x7F, 0x7F, 0x7F, 0x7F, 0x7F, 0x7F, 0x7F, 0x7F, 0x7F, 
    0x7F, 0x7F, 0x7F, 0x7F, 0x7F, 0x7F, 0x7F, 0x7F, 0x7F, 0x7F, 0x7F, 0x7D, 0x6D, 0x73, 0x6D, 
    0x76, 0x7C, 0x78, 0x61, 0x64, 0x34, 0x2C, 0x2B, 0x1D, 0x20, 0x0D, 0x19, 0xF8, 0x01, 0xE9, 
    0xE0, 0xD0, 0xB9, 0xBA, 0xBA, 0xBB, 0xA3, 0xB2, 0xAE, 0x9D, 0x9A, 0x93, 0x8D, 0x80, 0x81, 
    0x82, 0x83, 0x80, 0x84, 0x82, 0x87, 0x8B, 0x80, 0x80, 0x80, 0x80, 0x80, 0x80, 0x81, 0x80, 
    0x80, 0x85, 0x8B, 0x88, 0x83, 0x84, 0x82, 0x85, 0x8A, 0x86, 0x97, 0x8F, 0x83, 0x80, 0x80, 
    0x81, 0x89, 0x9E, 0xA3, 0xA3, 0x9B, 0xA2, 0xAC, 0xAA, 0xC0, 0xC2, 0xC9, 0xCF, 0xD4, 0xE4, 
    0xD2, 0xE5, 0xE6, 0xE8, 0xEA, 0xF4, 0x04, 0x10, 0x0D, 0x0C, 0x16, 0x11, 0x16, 0x16, 0x16, 
    0x1B, 0x25, 0x30, 0x28, 0x39, 0x36, 0x3E, 0x3C, 0x48, 0x4D, 0x4D, 0x51, 0x55, 0x59, 0x55, 
    0x5E, 0x55, 0x54, 0x67, 0x60, 0x62, 0x5E, 0x55, 0x59, 0x53, 0x57, 0x56, 0x53, 0x55, 0x5C, 
    0x4B, 0x4D, 0x4F, 0x5A, 0x4F, 0x51, 0x54, 0x52, 0x52, 0x49, 0x4D, 0x4F, 0x4A, 0x51, 0x4F, 
    0x52, 0x4C, 0x43, 0x40, 0x49, 0x36, 0x2B, 0x37, 0x31, 0x30, 0x28, 0x2C, 0x27, 0x26, 0x1C, 
    0x19, 0x17, 0x0B, 0xFE, 0x00, 0x0C, 0x07, 0x0C, 0x01, 0xFE, 0xFF, 0xF9, 0xF3, 0xF4, 0xFA, 
    0xF5, 0xF7, 0xFB, 0x08, 0x00, 0xF9, 0xF7, 0xF8, 0xEF, 0xFD, 0xF7, 0xF8, 0xF9, 0xF8, 0xFB, 
    0xF9, 0xF8, 0xF2, 0xF4, 0xF6, 0xFA, 0xFC, 0x0A, 0xFD, 0x07, 0x03, 0x05, 0x0B, 0x06, 0x03, 
    0x0A, 0x18, 0x16, 0x18, 0x11, 0x20, 0x2B, 0x2A, 0x3E, 0x33, 0x31, 0x3D, 0x3E, 0x39, 0x43, 
    0x4F, 0x55, 0x54, 0x60, 0x5B, 0x58, 0x5C, 0x60, 0x55, 0x6A, 0x70, 0x73, 0x6F, 0x69, 0x6E, 
    0x6A, 0x76, 0x73, 0x73, 0x6E, 0x70, 0x5D, 0x67, 0x6D, 0x72, 0x6C, 0x6B, 0x6B, 0x6B, 0x5A, 
    0x5F, 0x53, 0x5C, 0x5A, 0x4F, 0x53, 0x50, 0x4A, 0x46, 0x3C, 0x43, 0x33, 0x2E, 0x34, 0x21, 
    0x20, 0x0F, 0x0C, 0x01, 0x0A, 0x0B, 0x02, 0xF2, 0xEE, 0xEA, 0xDD, 0xD4, 0xD3, 0xBD, 0xC6, 
    0xC0, 0xB7, 0xB4, 0xAD, 0xAA, 0xA5, 0x98, 0x8A, 0x92, 0x87, 0x80, 0x80, 0x81, 0x80, 0x80, 
    0x80, 0x80, 0x80, 0x80, 0x80, 0x80, 0x80, 0x80, 0x80, 0x80, 0x80, 0x80, 0x80, 0x80, 0x80, 
    0x80, 0x80, 0x80, 0x80, 0x80, 0x80, 0x80, 0x80, 0x80, 0x80, 0x80, 0x80, 0x80, 0x80, 0x80, 
    0x80, 0x80, 0x80, 0x80, 0x80, 0x80, 0x80, 0x84, 0x88, 0x90, 0x92, 0x91, 0xAC, 0xA5, 0xB0, 
    0xB9, 0xB7, 0xC8, 0xBE, 0xD5, 0xDB, 0xD4, 0xE0, 0xED, 0xF3, 0xFD, 0x0B, 0x05, 0x12, 0x17, 
    0x12, 0x23, 0x1E, 0x2E, 0x29, 0x32, 0x38, 0x32, 0x3E, 0x32, 0x50, 0x44, 0x4C, 0x4B, 0x4B, 
    0x46, 0x4C, 0x51, 0x52, 0x54, 0x52, 0x53, 0x4A, 0x4B, 0x51, 0x55, 0x46, 0x5A, 0x51, 0x49, 
    0x53, 0x54, 0x4A, 0x50, 0x50, 0x52, 0x4C, 0x4D, 0x48, 0x49, 0x45, 0x42, 0x40, 0x38, 0x45, 
    0x34, 0x2E, 0x36, 0x31, 0x2A, 0x2F, 0x28, 0x27, 0x1C, 0x25, 0x1B, 0x13, 0x18, 0x0B, 0x0E, 
    0x0F, 0x07, 0x07, 0x01, 0xFA, 0xFD, 0xF7, 0xF0, 0xF9, 0xE8, 0xE6, 0xE5, 0xDD, 0xDA, 0xDE, 
    0xD2, 0xD2, 0xCE, 0xCD, 0xD1, 0xCA, 0xCE, 0xC3, 0xC8, 0xBF, 0xB9, 0xC3, 0xBE, 0xC0, 0xBB, 
    0xC1, 0xC2, 0xB8, 0xBB, 0xB4, 0xB8, 0xB5, 0xB7, 0xBB, 0xB9, 0xBF, 0xBB, 0xB0, 0xBC, 0xB3, 
    0xB9, 0xC4, 0xBE, 0xBE, 0xBC, 0xBD, 0xC6, 0xB8, 0xC3, 0xC9, 0xC5, 0xC8, 0xCD, 0xCC, 0xC8, 
    0xCD, 0xD3, 0xDA, 0xD8, 0xD8, 0xDE, 0xDF, 0xE1, 0xE4, 0xE4, 0xE7, 0xE3, 0xEE, 0xF2, 0xFB, 
    0xF7, 0xFB, 0x02, 0x01, 0x05, 0x08, 0x08, 0x0B, 0x0E, 0x15, 0x13, 0x19, 0x19, 0x1A, 0x20, 
    0x2A, 0x2B, 0x2F, 0x2D, 0x2D, 0x37, 0x3A, 0x3A, 0x39, 0x44, 0x42, 0x4E, 0x4A, 0x54, 0x4A, 
    0x4F, 0x55, 0x62, 0x5F, 0x63, 0x62, 0x65, 0x67, 0x66, 0x6C, 0x64, 0x6E, 0x6B, 0x6D, 0x6D, 
    0x71, 0x71, 0x70, 0x6E, 0x6F, 0x6D, 0x70, 0x69, 0x71, 0x72, 0x69, 0x69, 0x66, 0x64, 0x68, 
    0x60, 0x66, 0x62, 0x5B, 0x57, 0x5A, 0x5D, 0x52, 0x52, 0x53, 0x55, 0x45, 0x4C, 0x49, 0x3E, 
    0x49, 0x3A, 0x3B, 0x3A, 0x3A, 0x2F, 0x2B, 0x2B, 0x2E, 0x28, 0x1E, 0x25, 0x16, 0x1C, 0x16, 
    0x09, 0x0B, 0x0A, 0x03, 0x02, 0xFB, 0x01, 0xF9, 0xF6, 0xF4, 0xEC, 0xEE, 0xED, 0xE1, 0xE2, 
    0xDF, 0xE2, 0xE3, 0xD3, 0xCF, 0xD3, 0xCD, 0xCE, 0xCD, 0xCA, 0xC9, 0xC3, 0xC1, 0xBC, 0xC4, 
    0xBD, 0xBC, 0xBC, 0xBA, 0xB7, 0xB4, 0xB2, 0xBB, 0xB4, 0xB7, 0xB2, 0xB7, 0xAD, 0xAB, 0xB6, 
    0xB0, 0xAE, 0xAB, 0xB1, 0xAB, 0xAE, 0xAB, 0xAD, 0xAC, 0xAB, 0xAD, 0xA5, 0xAF, 0xAD, 0xAD, 
    0xAD, 0xB3, 0xB6, 0xB5, 0xBB, 0xB3, 0xB9, 0xB7, 0xBA, 0xBF, 0xBE, 0xC2, 0xC6, 0xC0, 0xCB, 
    0xC6, 0xCC, 0xCC, 0xCD, 0xD7, 0xD7, 0xDB, 0xDD, 0xDF, 0xDC, 0xE8, 0xE3, 0xEC, 0xEB, 0xEF, 
    0xF4, 0xEC, 0xFD, 0xF9, 0xFD, 0x05, 0x02, 0x09, 0x12, 0x0E, 0x0A, 0x18, 0x18, 0x15, 0x20, 
    0x21, 0x24, 0x2D, 0x2E, 0x30, 0x33, 0x2F, 0x3C, 0x3E, 0x36, 0x42, 0x41, 0x3D, 0x48, 0x4C, 
    0x4D, 0x52, 0x58, 0x52, 0x5C, 0x5A, 0x55, 0x60, 0x5C, 0x63, 0x65, 0x65, 0x6A, 0x6B, 0x69, 
    0x68, 0x6F, 0x6F, 0x74, 0x6C, 0x72, 0x72, 0x6D, 0x71, 0x73, 0x76, 0x72, 0x76, 0x70, 0x77, 
    0x70, 0x7C, 0x79, 0x72, 0x72, 0x6F, 0x79, 0x71, 0x76, 0x76, 0x71, 0x6F, 0x6D, 0x6E, 0x6A, 
    0x67, 0x66, 0x66, 0x64, 0x62, 0x5F, 0x5C, 0x58, 0x58, 0x51, 0x51, 0x50, 0x50, 0x4B, 0x42, 
    0x3C, 0x49, 0x40, 0x33, 0x35, 0x37, 0x35, 0x2D, 0x29, 0x24, 0x26, 0x1D, 0x1A, 0x17, 0x19, 
    0x0E, 0x05, 0x09, 0x05, 0xFF, 0xF5, 0xF1, 0xED, 0xEC, 0xEE, 0xE3, 0xE3, 0xDD, 0xDA, 0xD3, 
    0xD0, 0xCF, 0xCA, 0xC7, 0xBE, 0xC1, 0xB9, 0xBB, 0xB1, 0xB1, 0xA9, 0xA8, 0xA8, 0x97, 0xA2, 
    0x9B, 0x99, 0x93, 0x8D, 0x8C, 0x86, 0x89, 0x87, 0x82, 0x80, 0x80, 0x80, 0x80, 0x80, 0x80, 
    0x80, 0x80, 0x80, 0x80, 0x80, 0x80, 0x80, 0x80, 0x80, 0x80, 0x80, 0x80, 0x80, 0x80, 0x80, 
    0x80, 0x80, 0x80, 0x80, 0x80, 0x80, 0x80, 0x80, 0x80, 0x80, 0x80, 0x80, 0x80, 0x80, 0x80, 
    0x80, 0x80, 0x80, 0x80, 0x80, 0x80, 0x80, 0x80, 0x80, 0x80, 0x80, 0x80, 0x80, 0x80, 0x85, 
    0x80, 0x8A, 0x88, 0x93, 0x8F, 0x98, 0x98, 0x95, 0x9C, 0x9C, 0xA5, 0xA0, 0xA8, 0xAB, 0xB1, 
    0xB8, 0xB3, 0xB9, 0xB6, 0xBE, 0xC5, 0xCA, 0xCC, 0xCB, 0xCE, 0xCA, 0xDA, 0xDB, 0xDD, 0xE5, 
    0xE0, 0xE8, 0xEB, 0xEF, 0xF7, 0xF5, 0xFD, 0xFE, 0xFD, 0x03, 0x0E, 0x0A, 0x0D, 0x13, 0x1B, 
    0x19, 0x1F, 0x20, 0x24, 0x2B, 0x31, 0x2F, 0x36, 0x3B, 0x37, 0x3F, 0x3F, 0x45, 0x4B, 0x4D, 
    0x50, 0x53, 0x58, 0x57, 0x5A, 0x5D, 0x5F, 0x64, 0x6D, 0x67, 0x6B, 0x71, 0x6D, 0x74, 0x75, 
    0x7F, 0x7C, 0x7E, 0x7E, 0x7F, 0x7E, 0x7F, 0x7F, 0x7F, 0x7F, 0x7F, 0x7F, 0x7F, 0x7F, 0x7F, 
    0x7F, 0x7F, 0x7F, 0x7F, 0x7F, 0x7F, 0x7F, 0x7F, 0x7F, 0x7F, 0x7F, 0x7F, 0x7F, 0x7F, 0x7F, 
    0x7F, 0x7F, 0x7F, 0x7F, 0x7F, 0x7F, 0x7F, 0x7F, 0x7F, 0x7F, 0x7F, 0x7F, 0x7F, 0x7C, 0x7F, 
    0x7F, 0x7D, 0x79, 0x77, 0x76, 0x76, 0x72, 0x6E, 0x71, 0x68, 0x6C, 0x63, 0x63, 0x62, 0x5B, 
    0x5C, 0x57, 0x5D, 0x50, 0x4F, 0x4D, 0x49, 0x47, 0x48, 0x46, 0x39, 0x39, 0x36, 0x36, 0x30, 
    0x2E, 0x2C, 0x22, 0x22, 0x1A, 0x1C, 0x19, 0x14, 0x14, 0x0E, 0x09, 0x05, 0x03, 0xFF, 0xFD, 
    0xF5, 0xF8, 0xF0, 0xEB, 0xEB, 0xE6, 0xE3, 0xDD, 0xDA, 0xD4, 0xD7, 0xD1, 0xCF, 0xCD, 0xC6, 
    0xC6, 0xC6, 0xBF, 0xBE, 0xBF, 0xB2, 0xB4, 0xAF, 0xB2, 0xAE, 0xAB, 0xA7, 0xAA, 0xA5, 0x9D, 
    0xA3, 0x9A, 0x9B, 0x95, 0x97, 0x95, 0x94, 0x8A, 0x8F, 0x8C, 0x8A, 0x92, 0x87, 0x89, 0x85, 
    0x85, 0x88, 0x88, 0x83, 0x87, 0x83, 0x81, 0x8C, 0x88, 0x89, 0x85, 0x83, 0x84, 0x89, 0x85, 
    0x85, 0x87, 0x8A, 0x89, 0x8B, 0x8A, 0x8C, 0x8C, 0x97, 0x8D, 0x91, 0x97, 0x91, 0x95, 0x96, 
    0x9C, 0x9A, 0xA0, 0x9F, 0xA4, 0xA1, 0xA4, 0xA5, 0xA9, 0xB0, 0xAA, 0xAD, 0xB2, 0xB0, 0xB7, 
    0xB8, 0xB9, 0xBB, 0xC2, 0xBD, 0xC5, 0xC3, 0xC6, 0xCA, 0xCE, 0xCB, 0xD2, 0xD4, 0xD5, 0xDA, 
    0xDA, 0xDD, 0xDF, 0xE6, 0xE2, 0xEA, 0xEA, 0xEE, 0xEF, 0xF2, 0xF5, 0xF6, 0xFC, 0xFA, 0xFD, 
    0x00, 0x06, 0x09, 0x08, 0x10, 0x11, 0x14, 0x17, 0x1B, 0x1D, 0x1D, 0x22, 0x24, 0x25, 0x2A, 
    0x2A, 0x2B, 0x31, 0x31, 0x35, 0x3A, 0x38, 0x3D, 0x3E, 0x44, 0x41, 0x44, 0x48, 0x49, 0x4D, 
    0x4F, 0x50, 0x4D, 0x52, 0x57, 0x55, 0x59, 0x58, 0x5D, 0x5F, 0x5D, 0x62, 0x65, 0x6A, 0x63, 
    0x67, 0x67, 0x6C, 0x6C, 0x6C, 0x6E, 0x6F, 0x73, 0x70, 0x71, 0x73, 0x75, 0x73, 0x74, 0x74, 
    0x77, 0x74, 0x79, 0x75, 0x76, 0x7A, 0x7C, 0x7B, 0x79, 0x7A, 0x7D, 0x7F, 0x7A, 0x7C, 0x7C, 
    0x77, 0x7B, 0x7A, 0x79, 0x7B, 0x75, 0x7C, 0x7A, 0x77, 0x73, 0x74, 0x75, 0x71, 0x6D, 0x6F, 
    0x6C, 0x67, 0x6B, 0x69, 0x69, 0x60, 0x62, 0x5F, 0x5B, 0x5A, 0x56, 0x5C, 0x54, 0x57, 0x51, 
    0x4F, 0x4F, 0x49, 0x47, 0x48, 0x43, 0x3E, 0x3D, 0x3C, 0x33, 0x32, 0x32, 0x31, 0x30, 0x2C, 
    0x28, 0x24, 0x24, 0x1F, 0x1C, 0x1C, 0x1A, 0x16, 0x11, 0x0C, 0x0F, 0x08, 0x05, 0x06, 0x00, 
    0xFB, 0xFC, 0xF9, 0xF1, 0xF5, 0xEC, 0xEC, 0xEB, 0xE2, 0xDC, 0xDC, 0xDD, 0xD6, 0xD5, 0xD2, 
    0xCC, 0xC9, 0xC9, 0xC1, 0xC2, 0xBF, 0xB9, 0xB8, 0xB3, 0xB2, 0xAF, 0xAA, 0xA9, 0xA5, 0xA8, 
    0xA1, 0xA3, 0x9D, 0x9C, 0x99, 0x99, 0x95, 0x92, 0x8D, 0x8B, 0x8E, 0x8A, 0x88, 0x8A, 0x85, 
    0x84, 0x85, 0x80, 0x80, 0x82, 0x80, 0x80, 0x80, 0x80, 0x80, 0x80, 0x80, 0x80, 0x80, 0x80, 
    0x80, 0x80, 0x80, 0x80, 0x80, 0x80, 0x80, 0x80, 0x80, 0x80, 0x80, 0x80, 0x80, 0x80, 0x80, 
    0x80, 0x80, 0x80, 0x80, 0x80, 0x80, 0x80, 0x80, 0x80, 0x80, 0x80, 0x80, 0x80, 0x80, 0x80, 
    0x80, 0x81, 0x80, 0x80, 0x80, 0x80, 0x80, 0x84, 0x85, 0x88, 0x84, 0x8B, 0x89, 0x87, 0x8C, 
    0x8D, 0x92, 0x8C, 0x96, 0x92, 0x96, 0x98, 0x99, 0x9D, 0x9D, 0x9C, 0x9E, 0xA3, 0xA3, 0xA4, 
    0xA8, 0xB0, 0xB1, 0xAD, 0xB3, 0xB4, 0xB5, 0xBA, 0xBC, 0xC0, 0xBE, 0xC8, 0xC3, 0xC7, 0xCC, 
    0xCA, 0xCA, 0xD0, 0xD3, 0xD3, 0xD4, 0xD8, 0xDA, 0xDC, 0xE1, 0xDD, 0xE2, 0xE8, 0xE9, 0xE9, 
    0xED, 0xEE, 0xF3, 0xF3, 0xF8, 0xF7, 0xF9, 0xFC, 0xFF, 0xFF, 0x05, 0x07, 0x06, 0x0C, 0x0B, 
    0x13, 0x13, 0x14, 0x18, 0x1B, 0x1B, 0x20, 0x23, 0x26, 0x28, 0x2C, 0x2E, 0x30, 0x2F, 0x36, 
    0x37, 0x3A, 0x3D, 0x3F, 0x46, 0x47, 0x48, 0x4A, 0x4B, 0x4C, 0x54, 0x52, 0x55, 0x59, 0x59, 
    0x5D, 0x5D, 0x61, 0x63, 0x61, 0x65, 0x67, 0x6A, 0x68, 0x6B, 0x72, 0x6F, 0x74, 0x75, 0x76, 
    0x76, 0x7A, 0x7C, 0x7B, 0x7F, 0x7F, 0x7F, 0x7F, 0x7F, 0x7F, 0x7F, 0x7F, 0x7F, 0x7F, 0x7F, 
    0x7F, 0x7F, 0x7F, 0x7F, 0x7F, 0x7F, 0x7F, 0x7F, 0x7F, 0x7F, 0x7F, 0x7F, 0x7F, 0x7F, 0x7F, 
    0x7F, 0x7F, 0x7F, 0x7F, 0x7F, 0x7F, 0x7F, 0x7F, 0x7F, 0x7F, 0x7F, 0x7F, 0x7F, 0x7F, 0x7F, 
    0x7F, 0x7F, 0x7F, 0x7F, 0x7F, 0x7F, 0x7F, 0x7F, 0x7F, 0x7F, 0x7F, 0x7F, 0x7F, 0x7F, 0x7F, 
    0x7F, 0x7F, 0x7F, 0x7F, 0x7F, 0x7F, 0x7F, 0x7F, 0x7F, 0x7F, 0x7F, 0x7F, 0x7F, 0x7F, 0x7F, 
    0x7D, 0x7B, 0x77, 0x7B, 0x76, 0x76, 0x74, 0x6C, 0x6D, 0x73, 0x6B, 0x66, 0x68, 0x64, 0x62, 
    0x61, 0x5F, 0x5D, 0x5B, 0x54, 0x54, 0x51, 0x50, 0x4F, 0x4D, 0x48, 0x45, 0x46, 0x41, 0x40, 
    0x3D, 0x39, 0x35, 0x35, 0x34, 0x2B, 0x27, 0x28, 0x27, 0x25, 0x1F, 0x1F, 0x17, 0x13, 0x16, 
    0x12, 0x0F, 0x0B, 0x05, 0x08, 0x03, 0xFF, 0x01, 0xFB, 0xFB, 0xF3, 0xF2, 0xED, 0xED, 0xEC, 
    0xE5, 0xE4, 0xE2, 0xDB, 0xD8, 0xD7, 0xDA, 0xD2, 0xD0, 0xCC, 0xC9, 0xC8, 0xC6, 0xC6, 0xC4, 
    0xBF, 0xBE, 0xBA, 0xB6, 0xB5, 0xB3, 0xB5, 0xAB, 0xAF, 0xAA, 0xA7, 0xA2, 0xA6, 0xA3, 0x9D, 
    0xA0, 0x9D, 0x97, 0x95, 0x96, 0x92, 0x91, 0x8D, 0x8E, 0x89, 0x89, 0x88, 0x84, 0x84, 0x82, 
    0x82, 0x80, 0x80, 0x80, 0x80, 0x80, 0x80, 0x80, 0x80, 0x80, 0x80, 0x80, 0x80, 0x80, 0x80, 
    0x80, 0x80, 0x80, 0x80, 0x80, 0x80, 0x80, 0x80, 0x80, 0x80, 0x80, 0x80, 0x80, 0x80, 0x80, 
    0x80, 0x80, 0x80, 0x80, 0x80, 0x80, 0x80, 0x80, 0x80, 0x80, 0x80, 0x80, 0x80, 0x80, 0x80, 
    0x80, 0x80, 0x80, 0x80, 0x80, 0x80, 0x80, 0x80, 0x80, 0x80, 0x80, 0x80, 0x80, 0x80, 0x80, 
    0x80, 0x80, 0x80, 0x80, 0x80, 0x80, 0x80, 0x80, 0x80, 0x80, 0x80, 0x80, 0x80, 0x81, 0x80, 
    0x80, 0x84, 0x84, 0x88, 0x86, 0x8B, 0x8E, 0x8A, 0x91, 0x93, 0x94, 0x95, 0x94, 0x98, 0x9C, 
    0x9C, 0xA2, 0xA2, 0xA2, 0xA8, 0xA6, 0xAA, 0xAE, 0xAE, 0xB3, 0xB5, 0xB5, 0xB9, 0xB8, 0xBD, 
    0xC0, 0xC4, 0xC5, 0xC8, 0xC8, 0xCE, 0xCE, 0xCF, 0xD2, 0xD5, 0xD6, 0xD7, 0xE1, 0xDE, 0xE3, 
    0xE2, 0xE9, 0xEA, 0xEC, 0xF0, 0xF0, 0xF3, 0xF7, 0xFB, 0xFC, 0xFF, 0x00, 0x03, 0x06, 0x07, 
    0x0F, 0x0D, 0x12, 0x15, 0x14, 0x19, 0x1B, 0x23, 0x20, 0x21, 0x26, 0x29, 0x2C, 0x2B, 0x2E, 
    0x34, 0x36, 0x36, 0x35, 0x3E, 0x3D, 0x41, 0x40, 0x45, 0x46, 0x47, 0x4C, 0x4A, 0x51, 0x52, 
    0x53, 0x57, 0x59, 0x5B, 0x5E, 0x5F, 0x63, 0x63, 0x65, 0x68, 0x6A, 0x6C, 0x6F, 0x6D, 0x72, 
    0x73, 0x75, 0x75, 0x79, 0x78, 0x7D, 0x7B, 0x7F, 0x7F, 0x7F, 0x7F, 0x7F, 0x7F, 0x7F, 0x7F, 
    0x7F, 0x7F, 0x7F, 0x7F, 0x7F, 0x7F, 0x7F, 0x7F, 0x7F, 0x7F, 0x7F, 0x7F, 0x7F, 0x7F, 0x7F, 
    0x7F, 0x7F, 0x7F, 0x7F, 0x7F, 0x7F, 0x7F, 0x7F, 0x7F, 0x7F, 0x7F, 0x7F, 0x7F, 0x7F, 0x7F, 
    0x7F, 0x7F, 0x7F, 0x7F, 0x7F, 0x7F, 0x7F, 0x7F, 0x7F, 0x7F, 0x7F, 0x7F, 0x7F, 0x7F, 0x7F, 
    0x7F, 0x7F, 0x7F, 0x7F, 0x7F, 0x7F, 0x7F, 0x7F, 0x7F, 0x7F, 0x7F, 0x7F, 0x7F, 0x7F, 0x7F, 
    0x7F, 0x7F, 0x7F, 0x7F, 0x7F, 0x7F, 0x7F, 0x7F, 0x7F, 0x7F, 0x7F, 0x7D, 0x7E, 0x7B, 0x7A, 
    0x77, 0x75, 0x71, 0x71, 0x71, 0x6D, 0x6E, 0x68, 0x6B, 0x67, 0x64, 0x61, 0x61, 0x5E, 0x5D, 
    0x5A, 0x5A, 0x54, 0x53, 0x50, 0x4F, 0x4B, 0x48, 0x46, 0x44, 0x42, 0x3E, 0x3D, 0x3B, 0x39, 
    0x34, 0x34, 0x33, 0x30, 0x2E, 0x2A, 0x27, 0x26, 0x22, 0x22, 0x1E, 0x19, 0x1B, 0x14, 0x13, 
    0x13, 0x0C, 0x0B, 0x08, 0x04, 0x04, 0xFF, 0xFD, 0xFC, 0xF7, 0xF4, 0xF1, 0xF1, 0xEC, 0xE9, 
    0xE6, 0xE5, 0xE1, 0xDF, 0xDC, 0xDB, 0xD6, 0xD5, 0xD1, 0xCF, 0xCD, 0xC8, 0xC7, 0xC3, 0xC1, 
    0xC0, 0xBB, 0xB9, 0xB8, 0xB4, 0xB4, 0xB0, 0xB1, 0xAD, 0xA9, 0xA8, 0xA7, 0xA4, 0xA1, 0xA0, 
    0x9C, 0x9C, 0x9A, 0x97, 0x95, 0x93, 0x92, 0x8E, 0x90, 0x8C, 0x8A, 0x88, 0x86, 0x85, 0x85, 
    0x82, 0x81, 0x82, 0x80, 0x80, 0x80, 0x80, 0x80, 0x80, 0x80, 0x80, 0x80, 0x80, 0x80, 0x80, 
    0x80, 0x80, 0x80, 0x80, 0x80, 0x80, 0x80, 0x80, 0x80, 0x80, 0x80, 0x80, 0x80, 0x80, 0x80, 
    0x80, 0x80, 0x80, 0x80, 0x80, 0x80, 0x80, 0x80, 0x80, 0x80, 0x80, 0x80, 0x80, 0x80, 0x80, 
    0x80, 0x80, 0x80, 0x80, 0x80, 0x80, 0x80, 0x80, 0x80, 0x80, 0x80, 0x80, 0x80, 0x80, 0x80, 
    0x80, 0x80, 0x80, 0x80, 0x80, 0x80, 0x80, 0x80, 0x80, 0x80, 0x80, 0x80, 0x80, 0x82, 0x82, 
    0x82, 0x86, 0x86, 0x88, 0x8B, 0x89, 0x8C, 0x8C, 0x8E, 0x8F, 0x90, 0x91, 0x93, 0x96, 0x96, 
    0x96, 0x99, 0x9C, 0x9D, 0x9D, 0x9F, 0x9F, 0xA0, 0xA3, 0xA5, 0xA5, 0xAA, 0xAB, 0xAD, 0xAE, 
    0xB0, 0xB1, 0xB4, 0xB7, 0xB9, 0xBA, 0xBC, 0xBE, 0xBD, 0xC2, 0xC2, 0xC4, 0xC4, 0xC9, 0xC9, 
    0xCC, 0xCD, 0xCF, 0xCF, 0xD3, 0xD5, 0xD5, 0xD8, 0xD9, 0xDC, 0xDF, 0xDF, 0xE2, 0xE6, 0xE8, 
    0xEA, 0xED, 0xEE, 0xF1, 0xF2, 0xF5, 0xF9, 0xF9, 0xFE, 0x00, 0x00, 0x05, 0x05, 0x08, 0x09, 
    0x0C, 0x10, 0x11, 0x16, 0x17, 0x19, 0x1C, 0x1D, 0x1E, 0x23, 0x24, 0x27, 0x2B, 0x2D, 0x2D, 
    0x31, 0x32, 0x33, 0x37, 0x38, 0x3C, 0x3E, 0x40, 0x42, 0x45, 0x46, 0x49, 0x4B, 0x4E, 0x4F, 
    0x51, 0x54, 0x55, 0x58, 0x58, 0x5B, 0x5D, 0x60, 0x61, 0x63, 0x65, 0x67, 0x68, 0x69, 0x6C, 
    0x6D, 0x70, 0x6F, 0x72, 0x73, 0x72, 0x75, 0x76, 0x77, 0x79, 0x7A, 0x7C, 0x7E, 0x7D, 0x7F, 
    0x7F, 0x7F, 0x7F, 0x7F, 0x7F, 0x7F, 0x7F, 0x7F, 0x7F, 0x7F, 0x7F, 0x7F, 0x7F, 0x7F, 0x7F, 
    0x7F, 0x7F, 0x7F, 0x7F, 0x7F, 0x7F, 0x7F, 0x7F, 0x7F, 0x7F, 0x7F, 0x7F, 0x7F, 0x7F, 0x7F, 
    0x7F, 0x7F, 0x7F, 0x7F, 0x7F, 0x7F, 0x7F, 0x7F, 0x7F, 0x7F, 0x7F, 0x7F, 0x7F, 0x7F, 0x7F, 
    0x7F, 0x7F, 0x7F, 0x7F, 0x7F, 0x7F, 0x7F, 0x7F, 0x7F, 0x7F, 0x7F, 0x7F, 0x7F, 0x7E, 0x7D, 
    0x7D, 0x7D, 0x7B, 0x7B, 0x7A, 0x77, 0x77, 0x75, 0x74, 0x73, 0x73, 0x71, 0x70, 0x6D, 0x6B, 
    0x6B, 0x69, 0x66, 0x65, 0x65, 0x64, 0x62, 0x5F, 0x5E, 0x5C, 0x5A, 0x58, 0x57, 0x55, 0x53, 
    0x53, 0x51, 0x4F, 0x4D, 0x4C, 0x4A, 0x48, 0x48, 0x46, 0x44, 0x42, 0x41, 0x3F, 0x3C, 0x3C, 
    0x3A, 0x39, 0x38, 0x37, 0x35, 0x32, 0x30, 0x2F, 0x2D, 0x2B, 0x2A, 0x2A, 0x28, 0x27, 0x24, 
    0x23, 0x21, 0x1F, 0x1E, 0x1D, 0x1B, 0x1A, 0x18, 0x16, 0x16, 0x14, 0x12, 0x11, 0x0F, 0x0E, 
    0x0C, 0x0B, 0x09, 0x07, 0x08, 0x05, 0x04, 0x02, 0xFF, 0xFD, 0xFD, 0xFB, 0xF8, 0xF7, 0xF5, 
    0xF3, 0xF2, 0xF1, 0xEF, 0xEC, 0xEB, 0xE9, 0xE7, 0xE6, 0xE4, 0xE2, 0xE1, 0xE0, 0xDD, 0xDD, 
    0xDA, 0xD9, 0xD7, 0xD6, 0xD4, 0xD3, 0xD1, 0xD0, 0xCF, 0xCC, 0xCC, 0xCA, 0xC8, 0xC6, 0xC6, 
    0xC4, 0xC3, 0xC2, 0xBF, 0xBE, 0xBD, 0xBA, 0xBA, 0xB8, 0xB5, 0xB5, 0xB3, 0xB2, 0xB1, 0xB0, 
    0xAE, 0xAD, 0xAC, 0xAB, 0xAA, 0xA8, 0xA6, 0xA5, 0xA4, 0xA3, 0xA2, 0x9F, 0xA0, 0x9D, 0x9D, 
    0x9C, 0x9C, 0x9B, 0x99, 0x9A, 0x98, 0x96, 0x94, 0x94, 0x94, 0x92, 0x91, 0x91, 0x8F, 0x90, 
    0x8F, 0x8E, 0x8D, 0x8B, 0x8B, 0x8B, 0x8A, 0x89, 0x8A, 0x88, 0x88, 0x86, 0x85, 0x85, 0x85, 
    0x84, 0x84, 0x83, 0x84, 0x83, 0x80, 0x82, 0x80, 0x80, 0x80, 0x80, 0x80, 0x80, 0x80, 0x80, 
    0x80, 0x80, 0x80, 0x80, 0x80, 0x80, 0x80, 0x80, 0x80, 0x80, 0x80, 0x80, 0x80, 0x80, 0x80, 
    0x80, 0x80, 0x80, 0x80, 0x80, 0x80, 0x80, 0x80, 0x80, 0x80, 0x81, 0x80, 0x81, 0x82, 0x83, 
    0x84, 0x84, 0x84, 0x84, 0x86, 0x87, 0x88, 0x8A, 0x8B, 0x8B, 0x8C, 0x8F, 0x90, 0x91, 0x92, 
    0x93, 0x94, 0x96, 0x97, 0x98, 0x99, 0x9C, 0x9E, 0x9F, 0xA1, 0xA2, 0xA3, 0xA5, 0xA7, 0xA8, 
    0xAA, 0xAC, 0xAE, 0xB0, 0xB2, 0xB4, 0xB5, 0xB7, 0xB9, 0xBA, 0xBD, 0xBE, 0xC0, 0xC2, 0xC4, 
    0xC5, 0xC7, 0xCA, 0xCB, 0xCD, 0xCF, 0xD1, 0xD3, 0xD4, 0xD6, 0xD9, 0xDA, 0xDD, 0xDF, 0xE1, 
    0xE2, 0xE4, 0xE5, 0xE7, 0xE9, 0xEB, 0xEE, 0xEF, 0xF1, 0xF3, 0xF4, 0xF6, 0xF7, 0xF9, 0xFB, 
    0xFC, 0xFE, 0x01, 0x03, 0x04, 0x07, 0x08, 0x0A, 0x0B, 0x0D, 0x0F, 0x11, 0x13, 0x14, 0x17, 
    0x18, 0x1A, 0x1C, 0x1E, 0x20, 0x22, 0x24, 0x26, 0x28, 0x2A, 0x2B, 0x2C, 0x2E, 0x30, 0x31, 
    0x33, 0x35, 0x38, 0x3A, 0x3B, 0x3C, 0x3E, 0x3F, 0x40, 0x42, 0x44, 0x46, 0x48, 0x4A, 0x4C, 
    0x4C, 0x4E, 0x50, 0x51, 0x53, 0x54, 0x56, 0x58, 0x5A, 0x5B, 0x5D, 0x5D, 0x5F, 0x60, 0x61, 
    0x62, 0x63, 0x64, 0x65, 0x67, 0x68, 0x69, 0x6A, 0x6B, 0x6C, 0x6C, 0x6D, 0x6E, 0x6E, 0x70, 
    0x70, 0x72, 0x72, 0x73, 0x74, 0x74, 0x75, 0x76, 0x76, 0x76, 0x76, 0x77, 0x77, 0x77, 0x77, 
    0x78, 0x78, 0x78, 0x78, 0x78, 0x79, 0x79, 0x79, 0x78, 0x78, 0x78, 0x78, 0x78, 0x79, 0x78, 
    0x78, 0x78, 0x78, 0x78, 0x77, 0x77, 0x77, 0x77, 0x77, 0x77, 0x77, 0x77, 0x77, 0x76, 0x75, 
    0x76, 0x75, 0x75, 0x74, 0x74, 0x73, 0x73, 0x73, 0x72, 0x72, 0x71, 0x71, 0x70, 0x70, 0x6F, 
    0x6F, 0x6E, 0x6D, 0x6C, 0x6C, 0x6B, 0x6A, 0x6A, 0x69, 0x68, 0x68, 0x67, 0x66, 0x66, 0x65, 
    0x64, 0x62, 0x62, 0x60, 0x5F, 0x5F, 0x5E, 0x5D, 0x5B, 0x5B, 0x5A, 0x59, 0x57, 0x56, 0x55, 
    0x54, 0x52, 0x51, 0x50, 0x4F, 0x4D, 0x4C, 0x4A, 0x48, 0x47, 0x46, 0x45, 0x43, 0x43, 0x40, 
    0x3F, 0x3D, 0x3C, 0x3B, 0x3A, 0x38, 0x37, 0x36, 0x34, 0x33, 0x31, 0x2F, 0x2E, 0x2D, 0x2B, 
    0x2A, 0x28, 0x26, 0x24, 0x22, 0x21, 0x1F, 0x1E, 0x1D, 0x1B, 0x1A, 0x19, 0x17, 0x15, 0x14, 
    0x13, 0x11, 0x0F, 0x0E, 0x0D, 0x0B, 0x0A, 0x09, 0x07, 0x06, 0x05, 0x03, 0x02, 0x00, 0xFE, 
    0xFD, 0xFC, 0xFA, 0xF9, 0xF8, 0xF7, 0xF6, 0xF4, 0xF3, 0xF2, 0xF0, 0xEF, 0xEE, 0xED, 0xEB, 
    0xEA, 0xE9, 0xE7, 0xE6, 0xE5, 0xE5, 0xE3, 0xE2, 0xE0, 0xDF, 0xDE, 0xDD, 0xDC, 0xDB, 0xD9, 
    0xD7, 0xD6, 0xD5, 0xD4, 0xD3, 0xD2, 0xD1, 0xCF, 0xCE, 0xCD, 0xCA, 0xCA, 0xC8, 0xC7, 0xC6, 
    0xC5, 0xC4, 0xC2, 0xC1, 0xBF, 0xBE, 0xBD, 0xBC, 0xBA, 0xB9, 0xB8, 0xB6, 0xB6, 0xB4, 0xB3, 
    0xB1, 0xAF, 0xAE, 0xAD, 0xAC, 0xAB, 0xAA, 0xA9, 0xA7, 0xA6, 0xA5, 0xA4, 0xA3, 0xA2, 0xA1, 
    0xA0, 0x9F, 0x9E, 0x9D, 0x9D, 0x9B, 0x9A, 0x9A, 0x99, 0x98, 0x97, 0x97, 0x96, 0x95, 0x94, 
    0x94, 0x93, 0x92, 0x92, 0x92, 0x91, 0x91, 0x90, 0x8F, 0x8F, 0x8F, 0x8F, 0x8F, 0x8F, 0x8E, 
    0x8E, 0x8E, 0x8E, 0x8E, 0x8E, 0x8E, 0x8E, 0x8E, 0x8D, 0x8D, 0x8C, 0x8D, 0x8D, 0x8C, 0x8C, 
    0x8C, 0x8C, 0x8C, 0x8C, 0x8C, 0x8C, 0x8C, 0x8D, 0x8D, 0x8D, 0x8D, 0x8D, 0x8D, 0x8D, 0x8E, 
    0x8E, 0x8F, 0x8F, 0x8F, 0x90, 0x90, 0x91, 0x91, 0x92, 0x92, 0x93, 0x93, 0x93, 0x94, 0x95, 
    0x95, 0x96, 0x97, 0x97, 0x98, 0x99, 0x9A, 0x9B, 0x9B, 0x9D, 0x9D, 0x9F, 0x9F, 0xA1, 0xA1, 
    0xA3, 0xA4, 0xA5, 0xA6, 0xA7, 0xA8, 0xAA, 0xAC, 0xAC, 0xAE, 0xAF, 0xB1, 0xB2, 0xB4, 0xB5, 
    0xB6, 0xB7, 0xBA, 0xBC, 0xBD, 0xBE, 0xC0, 0xC1, 0xC3, 0xC5, 0xC7, 0xC8, 0xCA, 0xCC, 0xCD, 
    0xCF, 0xD1, 0xD3, 0xD5, 0xD7, 0xD8, 0xDB, 0xDD, 0xDE, 0xE0, 0xE2, 0xE3, 0xE5, 0xE8, 0xE9, 
    0xEB, 0xED, 0xEF, 0xF1, 0xF2, 0xF4, 0xF6, 0xF7, 0xF9, 0xFA, 0xFC, 0xFE, 0x00, 0x02, 0x03, 
    0x05, 0x07, 0x09, 0x0A, 0x0C, 0x0E, 0x10, 0x12, 0x14, 0x16, 0x17, 0x19, 0x1B, 0x1D, 0x1F, 
    0x21, 0x23, 0x25, 0x27, 0x29, 0x2A, 0x2C, 0x2D, 0x2F, 0x31, 0x33, 0x35, 0x36, 0x37, 0x39, 
    0x3B, 0x3D, 0x3F, 0x40, 0x41, 0x43, 0x45, 0x47, 0x49, 0x4A, 0x4C, 0x4E, 0x4F, 0x50, 0x52, 
    0x54, 0x55, 0x56, 0x57, 0x59, 0x5A, 0x5B, 0x5C, 0x5D, 0x5E, 0x5F, 0x60, 0x61, 0x63, 0x63, 
    0x64, 0x65, 0x66, 0x67, 0x68, 0x69, 0x6A, 0x6A, 0x6A, 0x6B, 0x6B, 0x6C, 0x6C, 0x6C, 0x6C, 
    0x6C, 0x6D, 0x6D, 0x6D, 0x6D, 0x6D, 0x6D, 0x6D, 0x6D, 0x6D, 0x6D, 0x6D, 0x6D, 0x6D, 0x6D, 
    0x6D, 0x6C, 0x6C, 0x6C, 0x6C, 0x6C, 0x6B, 0x6B, 0x6A, 0x6A, 0x69, 0x6A, 0x69, 0x68, 0x68, 
    0x67, 0x66, 0x66, 0x65, 0x65, 0x64, 0x64, 0x63, 0x62, 0x61, 0x61, 0x60, 0x5F, 0x5F, 0x5E, 
    0x5E, 0x5C, 0x5C, 0x5B, 0x5A, 0x59, 0x58, 0x57, 0x56, 0x56, 0x55, 0x53, 0x53, 0x52, 0x51, 
    0x50, 0x4F, 0x4E, 0x4E, 0x4C, 0x4B, 0x4A, 0x49, 0x47, 0x46, 0x46, 0x44, 0x43, 0x42, 0x40, 
    0x3F, 0x3E, 0x3D, 0x3C, 0x3B, 0x39, 0x38, 0x37, 0x36, 0x34, 0x33, 0x31, 0x30, 0x2F, 0x2D, 
    0x2C, 0x2B, 0x29, 0x28, 0x26, 0x25, 0x23, 0x22, 0x21, 0x1F, 0x1E, 0x1C, 0x1B, 0x1A, 0x18, 
    0x17, 0x15, 0x14, 0x12, 0x11, 0x10, 0x0F, 0x0D, 0x0B, 0x0B, 0x09, 0x08, 0x06, 0x05, 0x04, 
    0x02, 0x01, 0x00, 0xFF, 0xFD, 0xFC, 0xFB, 0xFA, 0xF9, 0xF8, 0xF7, 0xF6, 0xF5, 0xF4, 0xF2, 
    0xF1, 0xF0, 0xEF, 0xEE, 0xEE, 0xEC, 0xEB, 0xEA, 0xE9, 0xE9, 0xE8, 0xE8, 0xE6, 0xE6, 0xE5, 
    0xE4, 0xE4, 0xE3, 0xE3, 0xE2, 0xE1, 0xE0, 0xDF, 0xDE, 0xDE, 0xDD, 0xDD, 0xDC, 0xDB, 0xDA, 
    0xD9, 0xD9, 0xD8, 0xD7, 0xD7, 0xD7, 0xD6, 0xD6, 0xD6, 0xD5, 0xD4, 0xD4, 0xD4, 0xD3, 0xD2, 
    0xD3, 0xD2, 0xD2, 0xD2, 0xD1, 0xD1, 0xD1, 0xD0, 0xD0, 0xCF, 0xCF, 0xCF, 0xCF, 0xCE, 0xCE, 
    0xCE, 0xCD, 0xCD, 0xCD, 0xCC, 0xCC, 0xCC, 0xCC, 0xCC, 0xCB, 0xCB, 0xCB, 0xCB, 0xCB, 0xCB, 
    0xCA, 0xCA, 0xCA, 0xCA, 0xCA, 0xCA, 0xCA, 0xCA, 0xCA, 0xCA, 0xCA, 0xCA, 0xCA, 0xCA, 0xCB, 
    0xCA, 0xCB, 0xCA, 0xCA, 0xCA, 0xCB, 0xCB, 0xCB, 0xCB, 0xCB, 0xCB, 0xCB, 0xCC, 0xCC, 0xCC, 
    0xCD, 0xCD, 0xCD, 0xCD, 0xCD, 0xCE, 0xCE, 0xCE, 0xCF, 0xCF, 0xCF, 0xCF, 0xCF, 0xCF, 0xD0, 
    0xD0, 0xD0, 0xD1, 0xD0, 0xD0, 0xD1, 0xD1, 0xD1, 0xD1, 0xD1, 0xD1, 0xD1, 0xD1, 0xD1, 0xD2, 
    0xD1, 0xD1, 0xD2, 0xD2, 0xD2, 0xD2, 0xD2, 0xD2, 0xD2, 0xD3, 0xD3, 0xD3, 0xD4, 0xD4, 0xD4, 
    0xD4, 0xD5, 0xD5, 0xD5, 0xD5, 0xD5, 0xD6, 0xD6, 0xD6, 0xD6, 0xD6, 0xD7, 0xD7, 0xD7, 0xD8, 
    0xD8, 0xD8, 0xD8, 0xD8, 0xD9, 0xD9, 0xDA, 0xDA, 0xDA, 0xDA, 0xDB, 0xDB, 0xDB, 0xDB, 0xDC, 
    0xDC, 0xDC, 0xDD, 0xDD, 0xDD, 0xDE, 0xDE, 0xDF, 0xDF, 0xE0, 0xE0, 0xE0, 0xE1, 0xE1, 0xE1, 
    0xE2, 0xE3, 0xE3, 0xE3, 0xE4, 0xE4, 0xE5, 0xE5, 0xE5, 0xE6, 0xE6, 0xE7, 0xE8, 0xE8, 0xE9, 
    0xE9, 0xEA, 0xEA, 0xEB, 0xEC, 0xEC, 0xED, 0xEE, 0xEE, 0xEE, 0xEF, 0xF0, 0xF0, 0xF1, 0xF2, 
    0xF2, 0xF3, 0xF3, 0xF4, 0xF5, 0xF5, 0xF6, 0xF6, 0xF7, 0xF8, 0xF8, 0xF9, 0xF9, 0xFA, 0xFA, 
    0xFB, 0xFC, 0xFD, 0xFD, 0xFD, 0xFE, 0xFF, 0xFF, 0x00, 0x01, 0x02, 0x02, 0x03, 0x04, 0x04, 
    0x05, 0x05, 0x00, 0x04, 0xFF, 0x03, 0xF7, 0xFC, 0xFE, 0x07, 0x04, 0xFB, 0xFE, 0x00, 0x0B, 
    0x08, 0xE2, 0x10, 0x0D, 0x40, 0xCE, 0x14, 0x30, 0xAA, 0x37, 0xDC, 0x0B, 0x0A, 0xE8, 0x1C, 
    0xDD, 0x01, 0xEE, 0x07, 0x26, 0xD9, 0xE7, 0x1B, 0xF2, 0xD2, 0x20, 0x13, 0xE7, 0xF6, 0x08, 
    0x0B, 0xFC, 0x00, 0xF9, 0xE5, 0x13, 0xFF, 0xDD, 0x04, 0x26, 0xDF, 0x0B, 0x07, 0x00, 0x0F, 
    0xED, 0x23, 0xFC, 0xF6, 0x2C, 0xDD, 0x1F, 0xF8, 0xF3, 0xFB, 0x00, 0x05, 0xF0, 0x05, 0xE3, 
    0x04, 0xFA, 0xED, 0xFB, 0x10, 0x14, 0xED, 0x04, 0x42, 0xD0, 0x20, 0xE9, 0xD7, 0x1A, 0x0D, 
    0xF0, 0xF5, 0x0F, 0xFF, 0xF8, 0xD8, 0x38, 0xED, 0xFA, 0x29, 0xE2, 0xF9, 0xFB, 0x1E, 0xE8, 
    0x1B, 0x16, 0xEF, 0xEF, 0x02, 0x34, 0xD5, 0x13, 0x19, 0xE8, 0xFF, 0xF0, 0xFF, 0x07, 0xFD, 
    0xFD, 0x00, 0xF8, 0xF7, 0x2F, 0xDD, 0xF1, 0x1E, 0xC2, 0x1A, 0x02, 0xF3, 0xED, 0x09, 0xF4, 
    0xE4, 0x1C, 0xFB, 0xFC, 0xF6, 0x1D, 0x05, 0xD7, 0xFB, 0x1A, 0xF6, 0x08, 0x0A, 0xE6, 0x1C, 
    0xE5, 0x29, 0x0C, 0xFD, 0xDA, 0x02, 0x0C, 0xF2, 0x13, 0xC0, 0x21, 0x07, 0xFD, 0x0A, 0x04, 
    0xF0, 0x03, 0xF2, 0x07, 0xE6, 0x1E, 0x0E, 0xDD, 0x1C, 0xF3, 0xD1, 0x33, 0x0A, 0x00, 0xDE, 
    0x14, 0xF4, 0xEF, 0x18, 0x04, 0x28, 0xE2, 0x06, 0x11, 0x00, 0xF9, 0x0A, 0xFA, 0xF5, 0x0C, 
    0x00, 0x07, 0x08, 0xF2, 0x14, 0xE5, 0x2B, 0xEE, 0x07, 0x0F, 0xF4, 0xEE, 0x00, 0xF5, 0x00, 
    0xDF, 0x19, 0xDE, 0x00, 0x18, 0xF2, 0x1C, 0xED, 0xF5, 0x09, 0x17, 0xEE, 0x05, 0xF7, 0x11, 
    0xF8, 0x06, 0x0E, 0xFA, 0x00, 0xEB, 0x06, 0x14, 0xD7, 0x2C, 0xEF, 0xF8, 0xFE, 0x00, 0x05, 
    0xFE, 0xF4, 0x08, 0x0A, 0xEF, 0xEB, 0x2C, 0xE4, 0x00, 0x14, 0xD5, 0x17, 0x02, 0x09, 0xF1, 
    0xFC, 0x08, 0xFB, 0xFB, 0xF9, 0x0A, 0xEC, 0x10, 0xF4, 0xE2, 0x13, 0x06, 0x14, 0xF5, 0x24, 
    0xE5, 0x12, 0x0A, 0x00, 0xEA, 0x03, 0x0E, 0xF1, 0x0F, 0xEB, 0x09, 0xFE, 0xF2, 0x04, 0xF8, 
    0x11, 0xF5, 0xFA, 0xFE, 0xEC, 0x14, 0x12, 0xF1, 0x09, 0xF7, 0xFA, 0xFF, 0x04, 0x0B, 0xE6, 
    0x0C, 0xF8, 0xF5, 0x09, 0x17, 0xEE, 0x03, 0x13, 0xDC, 0x0A, 0x21, 0xE6, 0xFB, 0xF7, 0x0A, 
    0xF9, 0xF9, 0x07, 0xFC, 0xFA, 0xFF, 0xE7, 0x1D, 0xEC, 0x00, 0x17, 0xE7, 0x0E, 0xF8, 0x11, 
    0xFF, 0x17, 0xE4, 0xFC, 0x20, 0x09, 0x00, 0xE6, 0x13, 0x0E, 0xE2, 0x06, 0xFF, 0x04, 0xF1, 
    0x08, 0x02, 0x00, 0xFB, 0xF7, 0x15, 0xDF, 0x24, 0xF4, 0x01, 0x20, 0xE0, 0x11, 0x0C, 0xFC, 
    0xF2, 0xFC, 0x14, 0xF1, 0xF6, 0xEA, 0x19, 0xF4, 0xE1, 0x2B, 0xDF, 0x04, 0x08, 0x01, 0xF9, 
    0x06, 0x06, 0xEE, 0x0A, 0x06, 0x0C, 0xE6, 0x0E, 0x02, 0xEC, 0x0C, 0xFB, 0x01, 0xFF, 0xF7, 
    0xFC, 0x07, 0xFE, 0xFD, 0xF4, 0x0A, 0x0B, 0xE9, 0x0A, 0x14, 0xF0, 0xFB, 0x05, 0xFD, 0x08, 
    0xF6, 0x04, 0xF8, 0x03, 0x01, 0xF4, 0x16, 0xE3, 0x0A, 0x13, 0xE6, 0xFD, 0xFC, 0x0D, 0xF8, 
    0xF2, 0x05, 0x02, 0xF8, 0xF0, 0x0F, 0xF6, 0xFC, 0x06, 0xFE, 0x08, 0xF9, 0x06, 0x03, 0xFF, 
    0xF3, 0x05, 0x19, 0xF9, 0x07, 0xE9, 0x12, 0x0A, 0xD2, 0x21, 0xEB, 0x0B, 0x12, 0xFD, 0xF5, 
    0xF6, 0x15, 0xF8, 0xF6, 0x0C, 0xEF, 0x14, 0x00, 0xEE, 0x17, 0xF5, 0x04, 0xFC, 0xFF, 0x0C, 
    0xFF, 0xF9, 0x01, 0x04, 0xF8, 0xF8, 0x19, 0xE0, 0x0E, 0x0C, 0xF0, 0x01, 0x02, 0xFA, 0xFB, 
    0xFF, 0x01, 0xF3, 0x05, 0x00, 0xF3, 0x15, 0xE7, 0x08, 0x1C, 0xF0, 0xEF, 0xFA, 0x0A, 0xFD, 
    0xFE, 0xFA, 0xF9, 0xFF, 0x0A, 0x04, 0xEC, 0x25, 0xE8, 0x00, 0x11, 0xF4, 0x04, 0xFC, 0x02, 
    0x01, 0xFF, 0xFE, 0x03, 0x06, 0xE6, 0x13, 0xF5, 0xEE, 0x1E, 0xF1, 0xFF, 0xFE, 0xFF, 0xFE, 
    0x04, 0x02, 0xFF, 0xFD, 0xF9, 0x0A, 0xF8, 0xF3, 0x08, 0xFC, 0xFF, 0xFF, 0xFF, 0xFE, 0xF3, 
    0x07, 0xFC, 0x0E, 0xFC, 0x01, 0x05, 0xF8, 0x14, 0xE8, 0x09, 0x05, 0x01, 0xF9, 0x00, 0x0A, 
    0xF3, 0xF7, 0x0C, 0xFE, 0xF4, 0xF5, 0x0B, 0x03, 0xEE, 0x17, 0xF6, 0xFD, 0x05, 0xFD, 0x11, 
    0xEB, 0x06, 0x03, 0x02, 0x15, 0xE6, 0x20, 0xFB, 0xEA, 0x22, 0xED, 0x05, 0x04, 0x02, 0xF9, 
    0x02, 0xFD, 0xF4, 0x07, 0x02, 0xF8, 0x06, 0xF9, 0xF8, 0x10, 0xE4, 0x0E, 0xF2, 0x0C, 0xF9, 
    0x08, 0xEF, 0x01, 0x04, 0xEE, 0x18, 0xFB, 0x03, 0xFD, 0x04, 0x03, 0xF9, 0xFC, 0x05, 0xFF, 
    0x05, 0x01, 0xFC, 0xFB, 0x0B, 0xFE, 0xF9, 0xF7, 0x0F, 0xFA, 0x04, 0xFC, 0x03, 0xFA, 0xFB, 
    0x08, 0x07, 0xFC, 0xFA, 0xFB, 0xF8, 0x0D, 0xF5, 0x04, 0xFE, 0xFB, 0xFD, 0x01, 0x02, 0x04, 
    0xF6, 0x00, 0x0E, 0xF5, 0xF7, 0x13, 0xE2, 0x17, 0x05, 0xE2, 0x10, 0x00, 0x03, 0xFE, 0x07, 
    0x03, 0xF8, 0xF5, 0x05, 0x01, 0xFB, 0x01, 0xFB, 0x03, 0x0C, 0xFD, 0x00, 0x05, 0x08, 0xF9, 
    0x03, 0xFB, 0xFB, 0x02, 0xFE, 0x02, 0x05, 0x00, 0xF6, 0xFF, 0x01, 0x06, 0xFD, 0xF5, 0xFA, 
    0x10, 0xFF, 0x00, 0xFE, 0x09, 0xFC, 0xFD, 0x0A, 0xF4, 0x08, 0x01, 0xF7, 0xFD, 0x02, 0xFD, 
    0xFB, 0x07, 0xFC, 0xFC, 0x05, 0x03, 0xFA, 0xFE, 0x18, 0xF7, 0xF3, 0x07, 0xFD, 0x03, 0x08, 
    0xFB, 0x01, 0xF8, 0x00, 0x02, 0x02, 0xF3, 0x00, 0x0B, 0xED, 0x12, 0xF2, 0x01, 0xF9, 0xFD, 
    0x09, 0xF9, 0xF6, 0x01, 0x00, 0xF9, 0x0E, 0xF3, 0x07, 0xFF, 0x03, 0xF6, 0xFF, 0x04, 0x06, 
    0xFA, 0xF7, 0x08, 0x05, 0xFE, 0xFD, 0xF9, 0x00, 0x01, 0xFD, 0x05, 0xFE, 0x01, 0xFA, 0x05, 
    0xFD, 0xF6, 0x08, 0xFF, 0x02, 0xFC, 0x00, 0x13, 0xEC, 0xFD, 0x08, 0x05, 0xFB, 0xFC, 0x01, 
    0x0B, 0x00, 0x03, 0xFD, 0x01, 0x00, 0xFB, 0xFD, 0xFF, 0x06, 0xF3, 0x01, 0xFA, 0x06, 0xFE, 
    0xFB, 0xFF, 0xFD, 0xFC, 0xF9, 0x16, 0xF2, 0xFC, 0x06, 0xF5, 0x0E, 0xF7, 0x02, 0x09, 0xFE, 
    0xFD, 0x03, 0xFB, 0xFB, 0xFB, 0x07, 0xFB, 0xFE, 0x04, 0xFB, 0x02, 0x01, 0x03, 0xF4, 0x06, 
    0xFD, 0x03, 0xFF, 0xFC, 0x05, 0xF3, 0x0A, 0xF8, 0xF6, 0x08, 0x00, 0xFC, 0x00, 0x06, 0x03, 
    0x00, 0xF4, 0xF4, 0x0B, 0xFD, 0x03, 0x06, 0xFB, 0x02, 0xF2, 0x06, 0x04, 0x00, 0xFD, 0x05, 
    0x01, 0xF5, 0x02, 0x05, 0x02, 0xF4, 0x05, 0x00, 0xFE, 0x0A, 0xE8, 0x09, 0x01, 0x0A, 0x03, 
    0xEB, 0x0C, 0x0B, 0xFA, 0xFD, 0xFE, 0x09, 0xFE, 0xF0, 0x11, 0xFC, 0x02, 0xF9, 0x07, 0x01, 
    0x04, 0xFB, 0xF9, 0x06, 0xFD, 0xFA, 0x0E, 0x05, 0xF2, 0x07, 0xFD, 0xFA, 0x02, 0xFF, 0xFF, 
    0xF9, 0x09, 0x06, 0xF5, 0x01, 0x0C, 0xFB, 0xF0, 0x11, 0xFD, 0x02, 0x00, 0xFF, 0x01, 0x02, 
    0xFE, 0x03, 0x00, 0xFD, 0xFE, 0xFF, 0x02, 0xFC, 0x08, 0xFB, 0xF3, 0xFF, 0xFC, 0x05, 0xF6, 
    0xFF, 0xFA, 0xFA, 0x01, 0xFE, 0x02, 0xF9, 0x03, 0x03, 0x0C, 0xF3, 0x09, 0x02, 0xFA, 0x00, 
    0x0C, 0x00, 0xFC, 0x02, 0x09, 0xFD, 0xF0, 0x08, 0x04, 0x00, 0xFB, 0xFF, 0xFE, 0x07, 0xFD, 
    0xFF, 0xFB, 0x0B, 0xFE, 0xF8, 0x05, 0xFC, 0x00, 0xFB, 0x00, 0x00, 0xFF, 0x00, 0x03, 0xFB, 
    0x03, 0xFA, 0xFF, 0x03, 0xFB, 0x0E, 0xE6, 0x08, 0x05, 0xFC, 0x0F, 0xF6, 0x04, 0x03, 0xFC, 
    0x01, 0x0A, 0x02, 0xFD, 0x00, 0xFF, 0x01, 0xFB, 0xF5, 0x0E, 0x01, 0xF6, 0xFB, 0x09, 0x05, 
    0xF7, 0xF9, 0xFE, 0x02, 0xF8, 0x00, 0x11, 0xF8, 0xF6, 0xFE, 0x06, 0xFA, 0xFC, 0x03, 0xFD, 
    0x02, 0xFC, 0xFF, 0xFE, 0x02, 0x05, 0xF3, 0x03, 0x0E, 0xEE, 0x0A, 0xFE, 0xFC, 0x01, 0x02, 
    0x06, 0x01, 0x05, 0xF5, 0x09, 0xFD, 0xFF, 0xFE, 0x00, 0x06, 0xF5, 0xFD, 0x05, 0xFE, 0xFA, 
    0xF7, 0x0D, 0x00, 0xFA, 0x03, 0xFB, 0x02, 0x00, 0xFE, 0xFF, 0x00, 0x02, 0xFF, 0xFC, 0x00, 
    0xFC, 0xFD, 0xFB, 0x01, 0xFD, 0x02, 0xFA, 0x05, 0xFA, 0x01, 0xFB, 0x02, 0xFB, 0x03, 0x09, 
    0xFC, 0x00, 0x02, 0x01, 0xFA, 0x03, 0x07, 0xFC, 0xF8, 0x0C, 0x00, 0xF8, 0xFF, 0x09, 0xFE, 
    0x01, 0xF7, 0xFE, 0x02, 0x02, 0xFE, 0xFC, 0x01, 0x02, 0xF2, 0x05, 0x00, 0xFD, 0xFF, 0xFC, 
    0x06, 0x02, 0xFA, 0x02, 0x07, 0xFC, 0xF1, 0x01, 0x06, 0xFE, 0x02, 0x03, 0xFD, 0xFC, 0x05, 
    0x03, 0x04, 0xFA, 0xFF, 0x01, 0x04, 0xF7, 0xFF, 0x00, 0x03, 0xFD, 0x01, 0xF9, 0x07, 0x00, 
    0xFE, 0xF6, 0xF7, 0x09, 0xFD, 0xF8, 0x07, 0xFE, 0xF4, 0x06, 0x06, 0xFC, 0x00, 0xFF, 0xF0, 
    0x05, 0x07, 0x0A, 0xF5, 0x01, 0x0B, 0xF6, 0x03, 0x05, 0xFF, 0xFE, 0x01, 0x03, 0xFC, 0x00, 
    0xFE, 0x01, 0xFB, 0x01, 0xFD, 0xFE, 0x05, 0x00, 0xFD, 0x01, 0x02, 0x02, 0x01, 0x01, 0xFD, 
    0x03, 0xFD, 0x02, 0xFE, 0xFB, 0xFB, 0xFE, 0x03, 0xFF, 0xFA, 0xFC, 0x07, 0xFE, 0xF7, 0xFD, 
    0x0B, 0x08, 0x04, 0xF6, 0x09, 0xFE, 0x07, 0x01, 0xF7, 0x06, 0x08, 0xF3, 0x02, 0x01, 0x02, 
    0xF9, 0xFC, 0x04, 0xFC, 0x04, 0xF8, 0xF7, 0xFC, 0x08, 0xFE, 0xF7, 0x02, 0xFB, 0xFF, 0x0B, 
    0xFE, 0xFD, 0xFD, 0x03, 0x04, 0xFD, 0x02, 0x03, 0xFF, 0xFE, 0xFC, 0x03, 0xF7, 0x07, 0x0B, 
    0xF9, 0xFD, 0x00, 0x05, 0x00, 0xFC, 0x01, 0x07, 0x00, 0xF5, 0xFD, 0x07, 0xF4, 0x00, 0x0E, 
    0xFD, 0xF4, 0xF1, 0x0B, 0xFE, 0xFB, 0x02, 0xFF, 0xFB, 0x05, 0xFB, 0x06, 0x04, 0xF9, 0xFB, 
    0xFF, 0x07, 0x06, 0xFD, 0x03, 0x03, 0xF0, 0x01, 0x0B, 0x02, 0xF8, 0xFF, 0x03, 0xFB, 0xF7, 
    0x00, 0x05, 0xFD, 0xF9, 0x08, 0x01, 0x04, 0xF8, 0xF9, 0x0C, 0x0A, 0xF2, 0x03, 0x06, 0x00, 
    0xF6, 0xFE, 0x09, 0xFF, 0xF6, 0x02, 0x05, 0xFE, 0xFC, 0x02, 0xFB, 0x04, 0xFC, 0x05, 0x06, 
    0xFD, 0xFB, 0x02, 0x03, 0xF9, 0x08, 0xF0, 0x04, 0xFB, 0x06, 0x06, 0xF5, 0x00, 0xFF, 0xFC, 
    0x0B, 0xFA, 0xFB, 0x02, 0x01, 0xF6, 0x04, 0x02, 0xFE, 0xFF, 0xFE, 0x05, 0x02, 0xFB, 0xFB, 
    0x07, 0x01, 0xFB, 0xFE, 0x04, 0xFB, 0x00, 0xFF, 0x01, 0xF9, 0x00, 0xFE, 0xFB, 0x08, 0x0B, 
    0xFA, 0xFD, 0x03, 0x00, 0xFF, 0x01, 0x04, 0xFE, 0xFE, 0xFF, 0x00, 0x02, 0xFF, 0xFC, 0x02, 
    0x00, 0x03, 0xF7, 0x05, 0x01, 0xF7, 0x02, 0xFF, 0x01, 0x00, 0xFF, 0x00, 0xFE, 0x01, 0x04, 
    0x02, 0xF8, 0xFD, 0x01, 0xF9, 0x02, 0x05, 0x01, 0xF5, 0x03, 0x02, 0xFE, 0xFC, 0x05, 0x02, 
    0x01, 0xFA, 0xFC, 0x04, 0x03, 0xFB, 0xFD, 0xFF, 0xFD, 0x02, 0x00, 0xFA, 0xFB, 0x04, 0xFF, 
    0x00, 0x03, 0x01, 0xFD, 0x08, 0xFB, 0x00, 0x02, 0x02, 0x04, 0x00, 0xFC, 0x03, 0x00, 0xF8, 
    0xFC, 0x03, 0xFF, 0xFF, 0x00, 0xFC, 0xFF, 0x04, 0x01, 0xF7, 0xFC, 0x02, 0xFB, 0x08, 0x07, 
    0xF8, 0xFB, 0x07, 0x00, 0xFD, 0x08, 0xFB, 0xFE, 0xFE, 0xFB, 0x04, 0xFD, 0x00, 0x03, 0xFD, 
    0xFA, 0x00, 0x07, 0x00, 0xFC, 0xFF, 0x00, 0x03, 0x01, 0x02, 0xFF, 0xFE, 0x03, 0x01, 0x00, 
    0xFC, 0xFD, 0x00, 0x02, 0xF6, 0x01, 0x06, 0x01, 0xFA, 0xFC, 0xFD, 0x07, 0xFF, 0xFC, 0x03, 
    0xFD, 0x05, 0x01, 0xFE, 0x03, 0xFF, 0xF7, 0x00, 0xFD, 0x04, 0x00, 0xFC, 0x00, 0x00, 0xFB, 
    0xFF, 0x06, 0xFE, 0xFF, 0xFD, 0x00, 0x03, 0x01, 0x02, 0x01, 0xFB, 0x02, 0x02, 0xFD, 0xFF, 
    0x00, 0x03, 0xFD, 0xFC, 0xFD, 0x05, 0xFC, 0xF5, 0xFB, 0x0E, 0x00, 0xFA, 0x03, 0x04, 0x02, 
    0xF8, 0x00, 0x08, 0xFE, 0xF8, 0x04, 0x00, 0x01, 0xFC, 0x00, 0xFC, 0xFF, 0x00, 0xFE, 0xFA, 
    0x01, 0x00, 0xFB, 0xFF, 0x03, 0xFA, 0x00, 0xFD, 0x02, 0x06, 0xFC, 0x04, 0x04, 0xF9, 0xFE, 
    0x0D, 0x04, 0xF6, 0xFF, 0x07, 0xFA, 0xFE, 0x00, 0x03, 0xFC, 0x01, 0xFE, 0x02, 0xFD, 0xFE, 
    0xFF, 0xFC, 0xFC, 0x04, 0xFC, 0xFF, 0x02, 0xFF, 0xFF, 0xFD, 0xFF, 0x03, 0x00, 0xFE, 0x02, 
    0xFF, 0x05, 0x01, 0xFE, 0xFE, 0x02, 0x01, 0x00, 0x01, 0xFD, 0xFB, 0x07, 0xFC, 0xFF, 0x04, 
    0xFF, 0xFC, 0xFA, 0x05, 0xFD, 0xFF, 0xFC, 0x01, 0xFD, 0x00, 0x01, 0xFF, 0x02, 0xFF, 0xFC, 
    0xFE, 0xFD, 0x03, 0x04, 0xFA, 0xFF, 0xFF, 0x04, 0xFF, 0x03, 0xFE, 0x02, 0x05, 0xF7, 0xF6, 
    0x08, 0x06, 0x01, 0xFC, 0x01, 0x00, 0x02, 0x00, 0xFF, 0xF8, 0x02, 0xFF, 0xFC, 0xFF, 0xFD, 
    0x00, 0x00, 0xFA, 0xFC, 0x06, 0xFC, 0x08, 0xF9, 0xFE, 0x04, 0xFD, 0x02, 0xFD, 0x04, 0x05, 
    0xFE, 0xFB, 0xF9, 0x05, 0x01, 0xFB, 0x07, 0xFE, 0xFD, 0xFF, 0x03, 0xFB, 0xFF, 0x07, 0x05, 
    0xFB, 0xFD, 0x08, 0xFC, 0x00, 0x03, 0xFD, 0x01, 0x00, 0xFD, 0x03, 0xFB, 0xFE, 0x02, 0x02, 
    0xF6, 0xFC, 0x03, 0x02, 0xFD, 0x01, 0xFC, 0xFE, 0x02, 0x03, 0xFE, 0xFF, 0x04, 0xFF, 0xFF, 
    0xFD, 0x02, 0x01, 0x01, 0x02, 0xFD, 0xF6, 0xFF, 0x06, 0xFE, 0xF9, 0x05, 0x01, 0xF7, 0xFA, 
    0x07, 0x06, 0xF7, 0xFD, 0x08, 0xFC, 0x08, 0xFD, 0x01, 0xFD, 0x02, 0xFC, 0x02, 0x04, 0xFF, 
    0xF6, 0x01, 0x09, 0xFD, 0x01, 0xFD, 0xFE, 0xFF, 0x04, 0xFD, 0x03, 0xFF, 0xFE, 0xFE, 0x01, 
    0x04, 0x00, 0xFC, 0x00, 0xFC, 0x03, 0xFA, 0xFF, 0xFF, 0x07, 0xFD, 0xFF, 0x00, 0x04, 0xFC, 
    0x01, 0xFD, 0x04, 0x00, 0xF8, 0x03, 0x09, 0x00, 0xF8, 0xFD, 0x03, 0xFE, 0xFD, 0x01, 0xFB, 
    0x00, 0xFE, 0x00, 0x01, 0x02, 0xFB, 0xFE, 0x03, 0x05, 0xF5, 0x05, 0x00, 0xFE, 0xFE, 0x04, 
    0x00, 0xFE, 0x03, 0xFF, 0xFF, 0x02, 0xF7, 0x06, 0x00, 0x00, 0xF8, 0x05, 0xFF, 0x00, 0xFE, 
    0xFD, 0xFF, 0xFA, 0x04, 0xFF, 0x01, 0x05, 0xFE, 0xF9, 0x03, 0x03, 0x00, 0xFE, 0x01, 0xFD, 
    0x05, 0xF8, 0x01, 0x02, 0xFC, 0xFF, 0x06, 0x01, 0xF9, 0x00, 0x00, 0x04, 0xF9, 0xF5, 0x08, 
    0xFF, 0xEE, 0x0B, 0x00, 0x04, 0x06, 0x0F, 0xD9, 0x0D, 0x4C, 0xDA, 0xF5, 0xEB, 0xE5, 0xDB, 
    0x14, 0xDC, 0x50, 0x2C, 0xC0, 0x44, 0xD2, 0xF0, 0xDE, 0x23, 0x0C, 0xF8, 0x3C, 0xF1, 0xE6, 
    0xD5, 0xDA, 0xF0, 0x14, 0x1B, 0x27, 0x1C, 0x28, 0x18, 0xF4, 0xF5, 0xEC, 0xE1, 0xDC, 0xEE, 
    0xFC, 0x0F, 0x02, 0xF9, 0xF7, 0xF4, 0xF5, 0x09, 0xFF, 0xF9, 0xF0, 0x10, 0x03, 0x40, 0x1E, 
    0x12, 0x2B, 0x63, 0x49, 0xD3, 0x8F, 0x93, 0x98, 0xC6, 0xCD, 0x86, 0xF1, 0xD6, 0xED, 0xA0, 
    0xC3, 0x38, 0x71, 0x7F, 0x7F, 0x7F, 0x7D, 0x65, 0x57, 0x56, 0x53, 0xF7, 0xF0, 0xFE, 0xBF, 
    0xFD, 0xCC, 0x9B, 0x8D, 0xD6, 0xDE, 0x94, 0x8B, 0x83, 0x89, 0x8C, 0xA0, 0x8E, 0x82, 0x88, 
    0x97, 0x9B, 0xD6, 0xF4, 0x0C, 0x49, 0x62, 0x7E, 0x7F, 0x7F, 0x7F, 0x7B, 0x70, 0x56, 0x44, 
    0x1B, 0x03, 0x4A, 0x52, 0x74, 0x7D, 0x7F, 0x7D, 0x70, 0x4B, 0x1A, 0xF4, 0xBF, 0x8D, 0x80, 
    0x83, 0x83, 0x87, 0x81, 0x85, 0x80, 0x91, 0x90, 0xA9, 0xF5, 0x24, 0x5F, 0x6E, 0x7C, 0x6B, 
    0x58, 0x3F, 0x24, 0xEF, 0xD4, 0xE4, 0xAF, 0xB6, 0xCE, 0xED, 0xC2, 0xF8, 0x18, 0x19, 0x30, 
    0x43, 0x7D, 0x4E, 0x34, 0x59, 0x69, 0x4F, 0x68, 0x53, 0x10, 0x1C, 0x19, 0xF4, 0xCE, 0xE6, 
    0xF0, 0xA8, 0x8E, 0xBE, 0xB3, 0x8C, 0x81, 0x88, 0xA3, 0xA5, 0xAF, 0xC1, 0xE7, 0x0D, 0x1B, 
    0x28, 0x06, 0x17, 0x4B, 0x6E, 0x5B, 0x59, 0x44, 0x41, 0x3E, 0x01, 0x0C, 0x3A, 0x34, 0x17, 
    0x28, 0x38, 0x31, 0x17, 0xFB, 0xE5, 0x19, 0x19, 0x0D, 0x2B, 0x29, 0x01, 0xD9, 0xF4, 0x1B, 
    0xD8, 0xF7, 0xE4, 0x00, 0xFA, 0xF3, 0x1C, 0x03, 0x05, 0x0D, 0xFD, 0xDB, 0xDA, 0xD0, 0xD1, 
    0xCC, 0xCC, 0xC5, 0xB0, 0x9E, 0xA6, 0x9B, 0xA6, 0xA2, 0x9A, 0x97, 0xA4, 0x9A, 0x87, 0x8B, 
    0x8D, 0x8F, 0x80, 0x85, 0x9B, 0x9A, 0x9C, 0xA9, 0xD8, 0xC6, 0xE3, 0x14, 0x1E, 0x12, 0x3E, 
    0x49, 0x47, 0x55, 0x41, 0x2D, 0x26, 0x2B, 0x35, 0x38, 0x3A, 0x49, 0x52, 0x6D, 0x70, 0x7A, 
    0x79, 0x7D, 0x7F, 0x7F, 0x7E, 0x7F, 0x7E, 0x7F, 0x7E, 0x7F, 0x7F, 0x7F, 0x7F, 0x7E, 0x7B, 
    0x7F, 0x7E, 0x7D, 0x7A, 0x7B, 0x60, 0x48, 0x4D, 0x2A, 0x1A, 0x1C, 0xFB, 0xF9, 0xF7, 0xDA, 
    0xE6, 0xF8, 0xF0, 0xD9, 0xC6, 0xBD, 0xB3, 0x9E, 0x94, 0x8C, 0x86, 0x83, 0x80, 0x80, 0x80, 
    0x80, 0x81, 0x80, 0x82, 0x80, 0x81, 0x84, 0x84, 0x83, 0x84, 0x81, 0x87, 0x85, 0x85, 0x9C, 
    0xAD, 0xAD, 0xAB, 0xC2, 0xDD, 0xF6, 0xFE, 0x1D, 0x18, 0x1E, 0x2B, 0x36, 0x36, 0x34, 0x3C, 
    0x47, 0x51, 0x65, 0x64, 0x6D, 0x75, 0x78, 0x76, 0x6E, 0x70, 0x6A, 0x6E, 0x74, 0x74, 0x6F, 
    0x6D, 0x68, 0x6B, 0x6F, 0x68, 0x57, 0x62, 0x5C, 0x5E, 0x50, 0x45, 0x4C, 0x42, 0x43, 0x3E, 
    0x20, 0x10, 0x06, 0x02, 0xE0, 0xE2, 0xC6, 0xC3, 0xD5, 0xC4, 0xB6, 0xB8, 0xB5, 0xA4, 0xA4, 
    0x90, 0x9A, 0x9D, 0x97, 0x94, 0x95, 0x8C, 0x84, 0x86, 0x8F, 0x87, 0x82, 0x83, 0x82, 0x86, 
    0x8E, 0x8D, 0x8B, 0x93, 0x9A, 0x95, 0x92, 0xA4, 0xAA, 0xB2, 0xB9, 0xC9, 0xD4, 0xCB, 0xDA, 
    0xDA, 0xDD, 0xF2, 0xF1, 0xFB, 0x13, 0x24, 0x22, 0x29, 0x34, 0x2B, 0x2E, 0x42, 0x3D, 0x3E, 
    0x47, 0x4D, 0x48, 0x3E, 0x61, 0x67, 0x65, 0x71, 0x7D, 0x6E, 0x74, 0x75, 0x64, 0x5D, 0x71, 
    0x70, 0x70, 0x60, 0x56, 0x4E, 0x55, 0x6D, 0x6A, 0x53, 0x43, 0x3E, 0x45, 0x53, 0x41, 0x21, 
    0x0C, 0x1C, 0x07, 0xF6, 0x0B, 0x11, 0x05, 0x08, 0xEA, 0xE1, 0xE7, 0xEC, 0xE6, 0xD9, 0xBE, 
    0xC4, 0xB3, 0xB6, 0xBC, 0xBB, 0xB3, 0xAA, 0xAF, 0x9F, 0xA0, 0xAE, 0xBA, 0xAA, 0xB0, 0xB4, 
    0xA1, 0x97, 0xA9, 0xB1, 0xAA, 0xC7, 0xD0, 0xCE, 0xC6, 0xC7, 0xD1, 0xD4, 0xD7, 0xC8, 0xC4, 
    0xC0, 0xD1, 0xEE, 0xE9, 0xE3, 0xEF, 0xF7, 0x09, 0x14, 0x06, 0x02, 0x10, 0x1F, 0x35, 0x3B, 
    0x42, 0x29, 0x37, 0x3F, 0x41, 0x33, 0x40, 0x4F, 0x46, 0x59, 0x5C, 0x64, 0x6B, 0x76, 0x71, 
    0x61, 0x5F, 0x53, 0x4D, 0x62, 0x65, 0x5E, 0x6E, 0x58, 0x55, 0x63, 0x4D, 0x44, 0x46, 0x4E, 
    0x3D, 0x2A, 0x36, 0x35, 0x38, 0x19, 0x1D, 0x35, 0x25, 0x02, 0xFE, 0x16, 0x0C, 0xF7, 0x0E, 
    0x2C, 0x2F, 0x0D, 0xF7, 0x03, 0xEC, 0xE7, 0xDD, 0xDA, 0xC4, 0xA5, 0xA4, 0x9D, 0xB1, 0xC2, 
    0xB3, 0xBF, 0xB4, 0x98, 0xAA, 0xBA, 0xA4, 0xA1, 0x91, 0xAA, 0xA3, 0x9B, 0x91, 0x99, 0xA5, 
    0xAF, 0xAF, 0xA6, 0x9F, 0xB0, 0xA0, 0x97, 0xAC, 0xB8, 0xAD, 0x9E, 0xB6, 0xB6, 0xBE, 0xD8, 
    0xDE, 0xD3, 0xE7, 0xE9, 0xD6, 0xC6, 0xEF, 0xFF, 0xF2, 0xDF, 0xF1, 0x0D, 0x11, 0xF9, 0xFA, 
    0xFC, 0x03, 0xEB, 0xE7, 0xED, 0x27, 0x36, 0x3B, 0x45, 0x4B, 0x41, 0x3B, 0x6D, 0x7B, 0x5D, 
    0x5A, 0x6E, 0x68, 0x66, 0x5D, 0x5F, 0x5F, 0x77, 0x74, 0x76, 0x6C, 0x7A, 0x79, 0x6D, 0x60, 
    0x5F, 0x65, 0x66, 0x5F, 0x52, 0x4A, 0x46, 0x52, 0x53, 0x4F, 0x44, 0x3C, 0x36, 0x31, 0x33, 
    0x42, 0x34, 0x26, 0x2E, 0x13, 0x0E, 0x1E, 0x1F, 0xF5, 0xF3, 0xEA, 0xF4, 0xE6, 0xD9, 0xBB, 
    0xA4, 0xB1, 0xA0, 0x9F, 0xBB, 0xD6, 0xAD, 0xA1, 0xB7, 0xA9, 0x9D, 0xA6, 0xA0, 0x99, 0x9E, 
    0x9A, 0x91, 0x8F, 0x93, 0x9A, 0x89, 0x84, 0x89, 0x95, 0x98, 0x98, 0x94, 0x9F, 0x9F, 0xA7, 
    0xA2, 0xA7, 0xAC, 0xB5, 0xB4, 0xBA, 0xCB, 0xC8, 0xC8, 0xD5, 0xE6, 0xD7, 0xE8, 0xE1, 0xD9, 
    0xE0, 0xD4, 0xE1, 0xEA, 0xF6, 0x13, 0x26, 0x04, 0x18, 0x36, 0x2D, 0x51, 0x44, 0x4D, 0x5B, 
    0x62, 0x53, 0x3A, 0x57, 0x61, 0x6E, 0x6D, 0x63, 0x74, 0x73, 0x6F, 0x77, 0x72, 0x6F, 0x73, 
    0x69, 0x66, 0x67, 0x74, 0x7E, 0x7D, 0x76, 0x67, 0x5B, 0x69, 0x6B, 0x6B, 0x5F, 0x53, 0x50, 
    0x44, 0x47, 0x38, 0x28, 0x26, 0x3A, 0x1D, 0x32, 0x2A, 0x23, 0x0E, 0xF3, 0xF7, 0xF8, 0x10, 
    0xFD, 0xDC, 0xE0, 0xE1, 0xCD, 0xA3, 0xB2, 0xC8, 0xAA, 0xAE, 0xB6, 0xA8, 0xAE, 0xA3, 0x9D, 
    0xA6, 0x95, 0x9A, 0x8E, 0x84, 0x95, 0xA2, 0x8F, 0xA8, 0xA3, 0xA6, 0x92, 0xA6, 0x98, 0x97, 
    0x96, 0x99, 0xB8, 0xAA, 0xAF, 0xAA, 0xB8, 0xC5, 0xD0, 0xC9, 0xBE, 0xD6, 0xED, 0xDF, 0xCD, 
    0xDB, 0xF0, 0xF3, 0xF9, 0x14, 0xFC, 0x00, 0x0D, 0x14, 0x06, 0xFD, 0x1A, 0x2B, 0x15, 0x0B, 
    0x19, 0x29, 0x4D, 0x2C, 0x1A, 0x35, 0x5D, 0x21, 0x2F, 0x36, 0x1C, 0x30, 0x3A, 0x2D, 0x39, 
    0x4E, 0x41, 0x3B, 0x24, 0x3F, 0x3E, 0x44, 0x5F, 0x48, 0x40, 0x45, 0x57, 0x69, 0x5D, 0x31, 
    0x31, 0x48, 0x3B, 0x3F, 0x3D, 0x47, 0x68, 0x4A, 0x41, 0x41, 0x22, 0x17, 0x1A, 0x19, 0x1E, 
    0x18, 0x2A, 0x25, 0x36, 0x2D, 0x1E, 0x26, 0x15, 0x0B, 0xF5, 0xFC, 0x13, 0x13, 0xF2, 0xE8, 
    0xDD, 0xDF, 0xEA, 0xE6, 0xE5, 0x03, 0x1C, 0x0F, 0xFB, 0x0B, 0x0A, 0xF7, 0xCF, 0xCB, 0xBB, 
    0xB0, 0xA3, 0x9F, 0xAD, 0xB2, 0xB4, 0xC0, 0xB6, 0xA0, 0xB1, 0xA2, 0x9D, 0x9A, 0xA3, 0x97, 
    0xA8, 0xAB, 0xA1, 0xC2, 0xB4, 0x97, 0xAA, 0xAF, 0xAB, 0xB2, 0xAD, 0xB9, 0xA6, 0xBA, 0xBE, 
    0xC7, 0xCC, 0xC3, 0xD1, 0xE0, 0xEA, 0xC3, 0xD9, 0xE7, 0xE8, 0xDB, 0xEE, 0xEB, 0xDC, 0x05, 
    0xF1, 0xEC, 0xFA, 0x02, 0xFC, 0xEB, 0xF1, 0xFB, 0xE4, 0x16, 0x1E, 0x21, 0x52, 0x34, 0x48, 
    0x4B, 0x43, 0x5C, 0x68, 0x72, 0x4C, 0x22, 0x43, 0x74, 0x6C, 0x57, 0x3D, 0x69, 0x78, 0x5F, 
    0x5B, 0x51, 0x6A, 0x4B, 0x44, 0x4B, 0x50, 0x47, 0x2E, 0x5E, 0x68, 0x55, 0x62, 0x56, 0x5A, 
    0x4B, 0x50, 0x4F, 0x56, 0x42, 0x26, 0xF2, 0x04, 0x1D, 0x09, 0x24, 0x24, 0x18, 0x1B, 0xFE, 
    0x28, 0x28, 0xF4, 0xF5, 0xF1, 0xDE, 0xD9, 0xCD, 0x99, 0x9A, 0x9B, 0xB2, 0x92, 0x80, 0xA6, 
    0xC6, 0xB1, 0xB3, 0xDA, 0xD5, 0xA2, 0x9C, 0x9E, 0xAA, 0xBD, 0xAE, 0x85, 0x8D, 0xA5, 0x9E, 
    0xA3, 0xBC, 0x9F, 0xA7, 0xB3, 0xA8, 0x94, 0xA9, 0xB9, 0xCD, 0xBC, 0xCC, 0xD3, 0xCA, 0xAE, 
    0xB4, 0xE0, 0xE4, 0xE3, 0xEA, 0x1B, 0x23, 0x05, 0xF6, 0xF3, 0x00, 0x2A, 0x0C, 0x1A, 0x17, 
    0x1E, 0x14, 0x37, 0x1D, 0x54, 0x5E, 0x44, 0x2E, 0x37, 0x32, 0x51, 0x6D, 0x7D, 0x40, 0x40, 
    0x46, 0x39, 0x4F, 0x19, 0x27, 0x14, 0x15, 0x21, 0x3F, 0x3C, 0x52, 0x21, 0x2C, 0x35, 0x3F, 
    0x20, 0x2D, 0x3C, 0x34, 0x32, 0x25, 0x1C, 0x1F, 0x11, 0xF0, 0x0B, 0x26, 0x1E, 0x38, 0x33, 
    0x0D, 0x0F, 0x14, 0x05, 0xE6, 0x03, 0xE7, 0xD1, 0xE6, 0x0D, 0xEA, 0xCC, 0xDA, 0xEA, 0xFD, 
    0x07, 0x0D, 0x04, 0xF7, 0xDC, 0x09, 0xF8, 0xD0, 0xD1, 0xCB, 0xB7, 0xB6, 0xBA, 0xDB, 0xD8, 
    0xD6, 0xFF, 0x27, 0x04, 0xE0, 0xEC, 0xFB, 0xD9, 0xCC, 0xE6, 0xE8, 0xEB, 0xE0, 0xC8, 0xE8, 
    0xE8, 0xD3, 0xC7, 0x97, 0xB7, 0xB7, 0xDF, 0xF1, 0xE9, 0xDB, 0xE8, 0x0D, 0x03, 0xDC, 0x00, 
    0xE2, 0xDF, 0xE8, 0xF9, 0x1C, 0x08, 0xE1, 0x04, 0xF2, 0xF2, 0xEC, 0xD1, 0xBA, 0xD2, 0xF6, 
    0xEF, 0x1B, 0x26, 0x0D, 0xEE, 0x0C, 0x15, 0x36, 0x30, 0x26, 0x2B, 0xF5, 0xD5, 0xF2, 0xEA, 
    0xFA, 0xED, 0x11, 0x2C, 0x17, 0x20, 0x1E, 0x37, 0x31, 0x54, 0x59, 0x3B, 0x51, 0x30, 0x4E, 
    0x58, 0x4E, 0x29, 0x69, 0x54, 0x41, 0x25, 0x20, 0x34, 0x1F, 0x56, 0x5E, 0x30, 0x48, 0x5E, 
    0x37, 0x33, 0x23, 0x2A, 0x34, 0x2E, 0x0C, 0x2F, 0x2F, 0x32, 0x2E, 0x30, 0x22, 0x2F, 0x11, 
    0x1A, 0x23, 0x10, 0xFB, 0xFD, 0x21, 0x21, 0x04, 0x01, 0x3B, 0x0C, 0xEB, 0xCC, 0xCC, 0xD6, 
    0xDD, 0xBF, 0x9F, 0xA8, 0xE1, 0xD1, 0x9F, 0xC3, 0xC5, 0xED, 0xD4, 0xC0, 0xAE, 0xA3, 0x9E, 
    0xAA, 0xBA, 0xA7, 0xB8, 0xD2, 0xCD, 0xD7, 0xE4, 0xC2, 0xCA, 0xDD, 0x94, 0x9B, 0xBE, 0xD7, 
    0xFA, 0xD5, 0xEB, 0xE3, 0xEE, 0xD0, 0xBF, 0xCE, 0xAE, 0xC7, 0xBC, 0xAF, 0xBB, 0xE0, 0x0F, 
    0x06, 0x32, 0x61, 0x42, 0x58, 0x2B, 0x1B, 0x32, 0x1B, 0x42, 0x2D, 0x12, 0xF7, 0x02, 0xFD, 
    0x15, 0x41, 0x52, 0x49, 0x48, 0x65, 0x35, 0x4E, 0x4E, 0x4D, 0x5F, 0x60, 0x3F, 0x25, 0x5B, 
    0x54, 0x08, 0x24, 0x33, 0x26, 0x3B, 0x03, 0x18, 0x23, 0x17, 0x40, 0x35, 0x2F, 0x34, 0x0A, 
    0x28, 0x2C, 0x26, 0x1C, 0x14, 0x14, 0xD5, 0xC1, 0xDB, 0xDB, 0xFE, 0x26, 0xFD, 0xE8, 0xEB, 
    0xEE, 0x12, 0x13, 0x07, 0xFA, 0xD7, 0x05, 0x10, 0xF6, 0xF5, 0xDE, 0xB0, 0xCC, 0xB7, 0xBA, 
    0xCC, 0xE6, 0xE2, 0xC0, 0xBB, 0xE7, 0xEE, 0x95, 0x9D, 0xD9, 0xDC, 0xB0, 0xE9, 0xD5, 0xE0, 
    0x17, 0x28, 0xED, 0xF2, 0x14, 0xF4, 0xD2, 0xDA, 0xF7, 0xD3, 0xDC, 0x08, 0xD6, 0xD9, 0xCD, 
    0xD1, 0xF4, 0xC1, 0xBD, 0xE5, 0xCB, 0xDC, 0x01, 0xFC, 0x0C, 0x05, 0x0F, 0x1D, 0x32, 0x02, 
    0x07, 0x1B, 0x10, 0x07, 0xF0, 0x14, 0x26, 0x0F, 0x23, 0x0C, 0xFD, 0xF4, 0xF6, 0xE5, 0x0B, 
    0x2E, 0x34, 0x21, 0xFA, 0x04, 0x2F, 0x1C, 0x1C, 0xF5, 0xF2, 0xFB, 0xEF, 0xEA, 0x03, 0x12, 
    0x22, 0x51, 0x1C, 0x34, 0x49, 0x60, 0x48, 0x24, 0x10, 0x2A, 0x16, 0x1B, 0xF0, 0x09, 0x0E, 
    0x0E, 0x55, 0x51, 0x38, 0x1F, 0x11, 0x1D, 0x2D, 0x30, 0x1B, 0xF4, 0x0C, 0xED, 0xE6, 0x14, 
    0x11, 0x02, 0x17, 0x32, 0x38, 0x40, 0x0C, 0x0F, 0x23, 0x1A, 0x04, 0x03, 0xEC, 0xC1, 0xE0, 
    0xDE, 0xF4, 0x1E, 0x08, 0xC2, 0xED, 0xEC, 0xFF, 0xF8, 0xE3, 0xD4, 0xDE, 0xF0, 0xF9, 0x0D, 
    0xF0, 0xE9, 0xF6, 0xD4, 0xA8, 0x90, 0xCF, 0xBC, 0x8E, 0xCA, 0xCC, 0xE7, 0xC1, 0x9A, 0xB7, 
    0xBF, 0xDB, 0xE5, 0xDF, 0x04, 0xDE, 0xF5, 0xF7, 0x08, 0x11, 0x1D, 0xFC, 0xFD, 0xF3, 0xC3, 
    0xC9, 0xFF, 0xFF, 0xF7, 0x16, 0xF2, 0xE6, 0xEE, 0x08, 0x0F, 0xF6, 0xCB, 0xF6, 0xF2, 0x2C, 
    0x00, 0x0C, 0x21, 0x12, 0xF9, 0xF9, 0x02, 0x07, 0x53, 0x57, 0x54, 0x3C, 0x1C, 0x2D, 0x3E, 
    0x2A, 0x0B, 0x17, 0x2E, 0x61, 0x4B, 0x37, 0x30, 0x15, 0x2D, 0x0A, 0xF3, 0x00, 0x49, 0x51, 
    0x35, 0x10, 0x23, 0x54, 0x27, 0x11, 0x2C, 0xFB, 0x06, 0x04, 0x31, 0x26, 0x34, 0x0A, 0x01, 
    0x1C, 0xFE, 0xC9, 0xDF, 0x19, 0xF1, 0xF3, 0xF3, 0x34, 0x38, 0x0A, 0x07, 0x23, 0xFC, 0x08, 
    0xF0, 0xCD, 0xE1, 0xF3, 0xC9, 0x9C, 0xC9, 0xA1, 0xC0, 0xCB, 0xCB, 0xA3, 0x8F, 0xC4, 0xDC, 
    0xFB, 0xE5, 0xF7, 0xCF, 0xC7, 0xEB, 0xF1, 0xE5, 0x08, 0x0C, 0xEF, 0xFA, 0xC3, 0xEF, 0xF5, 
    0xC6, 0xFC, 0xCF, 0xCC, 0x15, 0xDF, 0xEB, 0x26, 0xF6, 0xEA, 0xE6, 0xDE, 0xC1, 0xDD, 0x06, 
    0xF9, 0xFA, 0x00, 0x19, 0x11, 0xF3, 0x23, 0x1A, 0x2D, 0x15, 0x25, 0x13, 0x17, 0xF5, 0x22, 
    0x3A, 0x21, 0x1A, 0xF2, 0x0C, 0x07, 0x23, 0x0D, 0x06, 0x29, 0x23, 0x0C, 0x23, 0xF4, 0xE3, 
    0xFE, 0xF4, 0xED, 0x0B, 0xF1, 0x2F, 0x2D, 0x21, 0x55, 0x59, 0x44, 0x59, 0x29, 0x2F, 0x02, 
    0xF9, 0xE9, 0xE7, 0x20, 0x02, 0xEA, 0xF0, 0x05, 0xF5, 0xD5, 0x05, 0x4A, 0x1B, 0xE4, 0xFA, 
    0x29, 0xEA, 0x17, 0x2D, 0xF9, 0xF9, 0x43, 0x12, 0x06, 0x2B, 0xF5, 0x0F, 0x07, 0xEF, 0xC7, 
    0xBE, 0xB1, 0xB4, 0xEE, 0xF8, 0xD9, 0xDB, 0xCC, 0x08, 0x10, 0x1B, 0x3F, 0x16, 0x37, 0x28, 
    0xED, 0xE0, 0xE4, 0xDD, 0xCB, 0xE0, 0xC5, 0xC2, 0xDE, 0xD2, 0xD8, 0xD6, 0xFC, 0x08, 0xE8, 
    0xF6, 0x00, 0xFD, 0xF8, 0xDB, 0xDE, 0xC6, 0xD9, 0xEA, 0xF2, 0xE9, 0xF3, 0x10, 0x24, 0xF8, 
    0x0B, 0x1B, 0xF4, 0xF2, 0x03, 0x18, 0xD7, 0xCA, 0xF4, 0xDA, 0xE9, 0x0C, 0x2B, 0x0F, 0xD8, 
    0xE4, 0xD8, 0xDA, 0x08, 0x04, 0xF7, 0x31, 0x2E, 0xF6, 0xFD, 0x0D, 0x1B, 0x47, 0x51, 0x0F, 
    0x07, 0x2B, 0xF8, 0xFE, 0x15, 0x23, 0x02, 0xF5, 0xEE, 0xDC, 0x03, 0xF9, 0xC2, 0xF1, 0x34, 
    0x16, 0x1E, 0x3F, 0x2D, 0x24, 0x39, 0x2F, 0x3B, 0x46, 0xF7, 0x19, 0x3D, 0x04, 0xF1, 0x10, 
    0x0E, 0xF7, 0xEA, 0xF9, 0xF1, 0xF4, 0xE6, 0xC2, 0xEA, 0xEA, 0x0D, 0x39, 0x0D, 0xEB, 0xCC, 
    0xCA, 0xDA, 0x0D, 0x0E, 0x07, 0x22, 0x16, 0x41, 0xF9, 0xEE, 0xE9, 0xE2, 0xD1, 0xEC, 0xDC, 
    0xD4, 0xD2, 0xF7, 0x18, 0xE3, 0xD1, 0xAE, 0xDD, 0xDA, 0xF1, 0xEF, 0xCD, 0x05, 0x1B, 0x1D, 
    0xF4, 0xE1, 0xEC, 0xE1, 0xE2, 0xD1, 0xE5, 0xD2, 0xD3, 0xDF, 0x30, 0xFC, 0xF6, 0x0C, 0x00, 
    0xD1, 0xEA, 0x18, 0xDB, 0xFE, 0x0E, 0xDC, 0xC9, 0x03, 0xF3, 0x00, 0xFA, 0x05, 0x1B, 0x0B, 
    0xEC, 0xE2, 0xFD, 0x08, 0x2B, 0x00, 0x0E, 0x22, 0x03, 0x31, 0x02, 0xF2, 0x32, 0x2C, 0x1B, 
    0xF5, 0x1F, 0x40, 0xFE, 0x09, 0x29, 0x16, 0xF4, 0xE4, 0xF7, 0x1C, 0x11, 0xFA, 0xE8, 0xF7, 
    0xDF, 0xE7, 0xEE, 0xF2, 0x10, 0xFE, 0xE7, 0x27, 0x3C, 0x47, 0x18, 0x0B, 0x13, 0xFB, 0x37, 
    0x42, 0x11, 0xD3, 0xE8, 0xE6, 0xEF, 0x06, 0xFF, 0x0C, 0x24, 0x08, 0x07, 0xE7, 0x91, 0xBA, 
    0xDF, 0xDB, 0xF2, 0xD5, 0xD2, 0xF4, 0xDA, 0xF5, 0xF5, 0x0B, 0x27, 0x08, 0xF6, 0xF9, 0xEF, 
    0xFD, 0x07, 0xD5, 0xFA, 0xDF, 0xDE, 0xEA, 0xF6, 0xD6, 0xEA, 0x05, 0xF7, 0xFC, 0x14, 0xF2, 
    0xFF, 0xF1, 0xF8, 0x0C, 0xDC, 0x18, 0xF5, 0xF5, 0xF0, 0xE6, 0x10, 0xD1, 0xBA, 0xD3, 0xF7, 
    0xF3, 0xF8, 0x2C, 0x15, 0xFD, 0xE9, 0xCD, 0x14, 0xFC, 0x00, 0x39, 0x1A, 0x0D, 0x1D, 0x07, 
    0x1D, 0x57, 0x11, 0x04, 0x0D, 0xFF, 0x0D, 0x10, 0x04, 0xCE, 0xAE, 0xE6, 0xF6, 0x0E, 0xE6, 
    0x23, 0xFF, 0xF6, 0xE0, 0xCB, 0xC8, 0xC5, 0xF8, 0x58, 0x1F, 0x0F, 0x4B, 0x20, 0x36, 0xF6, 
    0x04, 0x26, 0x1E, 0x0F, 0x42, 0xFE, 0xFD, 0x04, 0xF1, 0xE8, 0xEB, 0x2F, 0xFB, 0xEA, 0xEA, 
    0x09, 0xF9, 0xE1, 0xF9, 0xF5, 0xFA, 0x0D, 0xF8, 0xF8, 0x23, 0x1D, 0x24, 0x0D, 0x08, 0xD9, 
    0xF4, 0xF1, 0xE6, 0xF5, 0x19, 0xE5, 0xD4, 0xFE, 0xD7, 0xC4, 0xE2, 0x14, 0x24, 0x2F, 0xFA, 
    0xF6, 0xEF, 0xF5, 0xEF, 0xE2, 0xDF, 0xE4, 0xED, 0xD8, 0xF0, 0x00, 0x02, 0xE2, 0xED, 0xE8, 
    0xC9, 0x01, 0x1E, 0xF4, 0xE8, 0xDB, 0x00, 0x06, 0xFA, 0x26, 0xF9, 0xBB, 0xF8, 0x2D, 0xF3, 
    0x04, 0x18, 0x1F, 0xF6, 0xE4, 0xE2, 0x0C, 0x14, 0x0E, 0x0D, 0xEC, 0x03, 0x16, 0x5D, 0x1A, 
    0x07, 0x1A, 0xD1, 0xDF, 0xCA, 0xD4, 0xDD, 0x06, 0x18, 0xF5, 0x39, 0x33, 0x3F, 0xFB, 0x1F, 
    0x1B, 0xEB, 0xFB, 0x03, 0x0D, 0xED, 0xF5, 0xE5, 0x02, 0xF0, 0xCD, 0xF8, 0xFC, 0xEB, 0x2C, 
    0x17, 0x02, 0xEB, 0x2F, 0x0B, 0xFC, 0x00, 0xDB, 0xD9, 0x12, 0x0C, 0x1A, 0x20, 0x14, 0x26, 
    0x20, 0x26, 0xF7, 0x37, 0x27, 0x06, 0x28, 0x0C, 0xF6, 0xDE, 0xAD, 0xF8, 0xD3, 0xC5, 0xF3, 
    0xEF, 0xE0, 0x22, 0x24, 0x11, 0xDB, 0xD8, 0xE2, 0x17, 0x07, 0x00, 0x17, 0x1F, 0x39, 0x04, 
    0x0B, 0xFC, 0x04, 0xDD, 0xF4, 0xB0, 0xE2, 0x01, 0xDF, 0xCD, 0xCE, 0xE8, 0x37, 0x17, 0xE0, 
    0x14, 0x02, 0x1C, 0x08, 0x25, 0x02, 0xF8, 0xFC, 0xE5, 0xE7, 0x18, 0x3A, 0x1E, 0x05, 0x07, 
    0x19, 0xF7, 0xD9, 0xE1, 0xBB, 0x99, 0xE9, 0xDA, 0xC0, 0xDB, 0x1B, 0x15, 0x02, 0x4F, 0x29, 
    0x14, 0xF7, 0x2D, 0x73, 0x3C, 0x0D, 0xF0, 0xE3, 0xD4, 0xEA, 0xEF, 0xDA, 0xDD, 0xCA, 0x0F, 
    0x38, 0x06, 0xDD, 0x11, 0x0C, 0xEA, 0x25, 0xEE, 0x09, 0xF3, 0xF0, 0x28, 0xFB, 0x21, 0x28, 
    0x19, 0xFE, 0xC9, 0xE8, 0xFE, 0x49, 0x3C, 0x21, 0xF0, 0x1F, 0xFA, 0xD7, 0xF4, 0xEA, 0x0F, 
    0xFB, 0x1D, 0x37, 0x33, 0x0E, 0x09, 0xD8, 0x0B, 0xF6, 0x00, 0x68, 0x45, 0xFE, 0xE7, 0x4A, 
    0x55, 0xEA, 0x9A, 0xD9, 0x24, 0x01, 0xDD, 0xF0, 0xF8, 0x15, 0x1E, 0x1C, 0x0C, 0xDE, 0xE5, 
    0x04, 0xF5, 0xF3, 0x01, 0xDE, 0xE7, 0x0B, 0xEC, 0xDF, 0xEA, 0x01, 0x25, 0xE1, 0xFB, 0xA0, 
    0xCC, 0x04, 0x38, 0x5E, 0x2D, 0x0D, 0xD1, 0xFB, 0xE6, 0xE8, 0xED, 0x0A, 0xE2, 0xE5, 0x28, 
    0x1A, 0xE2, 0xE7, 0x1B, 0xE4, 0xD1, 0x18, 0x2E, 0x12, 0x0D, 0xC1, 0xDC, 0xD3, 0xEB, 0x0B, 
    0xDA, 0x14, 0x0E, 0x3C, 0x41, 0xFE, 0xE5, 0xF0, 0x23, 0x45, 0x13, 0x22, 0x38, 0x0B, 0xB7, 
    0xF2, 0xEB, 0xF2, 0x4E, 0x29, 0xFE, 0x0B, 0x06, 0xE3, 0x24, 0x27, 0x19, 0xE8, 0x13, 0x24, 
    0xFC, 0xD9, 0xE9, 0x1F, 0xEF, 0xF5, 0x0D, 0x40, 0x3F, 0x08, 0xE7, 0x2C, 0xF0, 0xC1, 0xE2, 
    0x13, 0x0B, 0xFE, 0x1A, 0x2B, 0x11, 0x0F, 0xEB, 0x0A, 0xFC, 0xF5, 0x27, 0x0A, 0xED, 0xD7, 
    0x15, 0xE6, 0x18, 0x3C, 0x12, 0xE2, 0x10, 0x15, 0xF7, 0x0E, 0x09, 0x3B, 0x2F, 0x0C, 0x0C, 
    0x0A, 0xE7, 0x02, 0x1E, 0xD9, 0x0F, 0xCE, 0xBB, 0xFC, 0xEE, 0xEF, 0x22, 0xE0, 0xD5, 0xC6, 
    0xB9, 0xFA, 0xED, 0x0A, 0x59, 0x35, 0xD2, 0xC4, 0xC5, 0xEB, 0x0B, 0xEA, 0x0A, 0x15, 0x2F, 
    0x1C, 0x16, 0xFE, 0xC7, 0x35, 0x2B, 0x36, 0x0F, 0x05, 0x0B, 0x2A, 0xE8, 0x15, 0xE6, 0xE2, 
    0xE9, 0xBF, 0xC0, 0xF4, 0x1C, 0x33, 0x45, 0xE7, 0x0D, 0xF3, 0x19, 0x08, 0x35, 0x1F, 0x04, 
    0x0D, 0xFF, 0x3D, 0x09, 0xEA, 0x11, 0x31, 0x40, 0x1C, 0xFF, 0x18, 0x20, 0xF4, 0xEC, 0xF8, 
    0xC7, 0xF1, 0xF7, 0xD8, 0x44, 0x28, 0xE7, 0xCF, 0xF6, 0xF4, 0xFD, 0x01, 0xAC, 0xE5, 0xF7, 
    0x01, 0x2F, 0x48, 0x64, 0x60, 0x2A, 0x2C, 0x2F, 0x0D, 0xFE, 0xFD, 0xA5, 0x98, 0x0C, 0x23, 
    0x10, 0xED, 0x0A, 0x14, 0x03, 0xF8, 0xBB, 0xF7, 0xEB, 0xED, 0x44, 0x1E, 0x1F, 0xDE, 0x0B, 
    0xFE, 0xDE, 0x0B, 0x3B, 0x38, 0xF4, 0x29, 0x16, 0x1B, 0x05, 0xE4, 0x12, 0xF2, 0x05, 0x17, 
    0xEC, 0xB2, 0xDC, 0xFD, 0x0B, 0xF5, 0xDA, 0xCF, 0x0C, 0x0A, 0xEB, 0x32, 0x26, 0xF3, 0x12, 
    0x3C, 0x12, 0x1E, 0x11, 0xFA, 0xF5, 0x00, 0xD2, 0xF7, 0xE1, 0xD1, 0xDE, 0x08, 0x35, 0x35, 
    0x32, 0x4A, 0x09, 0xE1, 0x0C, 0x03, 0xDC, 0xCF, 0xD8, 0x10, 0xF2, 0xD2, 0xC7, 0x02, 0x2C, 
    0x1E, 0x19, 0x03, 0x04, 0x29, 0xFE, 0xE5, 0x00, 0xFC, 0x15, 0xF4, 0x01, 0x0F, 0x4E, 0x44, 
    0x07, 0xE6, 0xF5, 0x04, 0x27, 0xF3, 0xF8, 0xD2, 0x04, 0x27, 0xF7, 0xD7, 0xEF, 0xE5, 0xF9, 
    0x26, 0x13, 0x1F, 0x05, 0x0A, 0x2C, 0xF2, 0xE4, 0xDA, 0xD2, 0xD0, 0x01, 0x68, 0x74, 0x42, 
    0x29, 0x0F, 0xF9, 0xF1, 0xE2, 0xF9, 0xD7, 0xCD, 0xD9, 0x00, 0xF8, 0x28, 0x10, 0xE9, 0xED, 
    0x17, 0x19, 0x15, 0xEB, 0xE9, 0xFB, 0x2F, 0x4B, 0x18, 0xFE, 0xF3, 0xF7, 0x06, 0xFF, 0x02, 
    0xE9, 0xDC, 0xE6, 0xEB, 0x06, 0x10, 0x17, 0x34, 0x0A, 0xF8, 0x1C, 0x04, 0x12, 0xCD, 0xCB, 
    0xC7, 0xE7, 0xE1, 0xE0, 0xDA, 0x00, 0x31, 0x18, 0x19, 0xF4, 0x05, 0x3E, 0x27, 0x0C, 0x2E, 
    0xFE, 0xEA, 0xF7, 0xFB, 0xE9, 0x13, 0xFF, 0x07, 0x13, 0xDB, 0x06, 0xF7, 0x11, 0xF0, 0x0A, 
    0x09, 0xFB, 0x07, 0x17, 0xF4, 0x06, 0x1F, 0x11, 0x15, 0xF3, 0x04, 0xEF, 0xFE, 0xF5, 0x04, 
    0xF9, 0xEC, 0xF5, 0x0D, 0xE8, 0x07, 0x4F, 0x27, 0xCD, 0xD9, 0xD9, 0xF0, 0x07, 0xF1, 0x29, 
    0x31, 0x18, 0x21, 0x41, 0x1F, 0xF3, 0xEA, 0xF3, 0xEA, 0xC6, 0xFC, 0x19, 0xE5, 0x14, 0xF0, 
    0xF6, 0x24, 0x01, 0x0D, 0x17, 0x19, 0xFC, 0x05, 0x11, 0xEE, 0xDF, 0xF3, 0x05, 0xEC, 0x0F, 
    0x12, 0x39, 0x29, 0xDE, 0xDA, 0xF7, 0xFD, 0x23, 0x02, 0xD4, 0xDC, 0xE3, 0xF6, 0xDC, 0xED, 
    0x25, 0x03, 0x05, 0x33, 0x14, 0xF8, 0xF6, 0x2D, 0x1C, 0x01, 0x11, 0x1D, 0xF3, 0xE0, 0x06, 
    0x01, 0xEA, 0xF6, 0xB1, 0xF3, 0x1B, 0x1B, 0x22, 0x1A, 0x00, 0x0A, 0xE0, 0xEE, 0xFD, 0xF8, 
    0xFA, 0xF4, 0xFB, 0x23, 0x29, 0x04, 0x22, 0x21, 0x42, 0x14, 0xC5, 0xCB, 0xFC, 0xDD, 0xC4, 
    0xC5, 0xF9, 0xD8, 0xEB, 0xDF, 0x0F, 0x1E, 0x2F, 0xFF, 0xFF, 0x15, 0x32, 0x31, 0x13, 0xF7, 
    0xE0, 0xEE, 0x14, 0x19, 0x2F, 0x1F, 0xEB, 0xD1, 0xFA, 0x17, 0xE1, 0xE7, 0x10, 0x19, 0xF9, 
    0x05, 0xDC, 0xE8, 0xD9, 0xF9, 0xFE, 0x00, 0x04, 0xFE, 0x0A, 0x01, 0x01, 0x05, 0xE4, 0xEF, 
    0xEB, 0x26, 0x23, 0x27, 0x2F, 0x2B, 0x25, 0x1E, 0x01, 0x19, 0xFE, 0xC8, 0x04, 0x24, 0xCF, 
    0xE2, 0xF6, 0xBE, 0xC0, 0xF3, 0x30, 0x32, 0x4D, 0x1A, 0xE2, 0x05, 0xF3, 0xF1, 0x10, 0xD8, 
    0xD2, 0xDD, 0x24, 0x18, 0xE5, 0x18, 0x10, 0x1B, 0x1F, 0xE4, 0xF7, 0x31, 0x27, 0xFB, 0xF5, 
    0x00, 0xE5, 0xD5, 0x07, 0xE4, 0xEF, 0xD0, 0xF4, 0x07, 0xE5, 0x08, 0xF2, 0x02, 0xFC, 0xD8, 
    0xE6, 0xF7, 0x26, 0x06, 0x11, 0x39, 0xEE, 0xDA, 0xF1, 0x2F, 0x1C, 0x14, 0x1D, 0x14, 0x2B, 
    0xE9, 0xDD, 0xE3, 0x0C, 0x11, 0x12, 0x02, 0xE3, 0x0C, 0x1D, 0xE4, 0xDC, 0xF2, 0xC1, 0x0A, 
    0xFF, 0xF8, 0x14, 0x01, 0xE3, 0xFC, 0x0E, 0xFF, 0x18, 0x1E, 0x1E, 0xEA, 0xD2, 0x09, 0xEE, 
    0xEF, 0x20, 0x28, 0x26, 0x02, 0xED, 0x04, 0x1B, 0x11, 0xDD, 0xE8, 0xB9, 0xEF, 0x28, 0xF7, 
    0xED, 0xDA, 0xF0, 0xE7, 0x11, 0x0D, 0x04, 0xD9, 0xF7, 0xFF, 0xE4, 0x0A, 0x1F, 0x47, 0x18, 
    0xF2, 0x0E, 0x05, 0xF0, 0xE1, 0xF4, 0xF7, 0x0D, 0xFD, 0x0E, 0x15, 0x04, 0xE6, 0xF3, 0xFF, 
    0x06, 0xE7, 0xCE, 0xD9, 0xF7, 0xF5, 0xE7, 0x30, 0xF9, 0x10, 0xFD, 0x4F, 0x47, 0xF3, 0xD4, 
    0xFD, 0xFE, 0xDC, 0xDB, 0xEB, 0xFE, 0x1E, 0x09, 0xD9, 0xF2, 0xFA, 0xF4, 0xF3, 0x17, 0xF4, 
    0x08, 0x11, 0x07, 0x0E, 0x1E, 0x1B, 0x08, 0x02, 0xFD, 0xCC, 0x04, 0x03, 0xDB, 0x25, 0x1D, 
    0x0C, 0xCB, 0xDE, 0x14, 0xE7, 0xF8, 0xE3, 0xD8, 0xE3, 0xF8, 0xFD, 0xF4, 0x2C, 0x0B, 0xEB, 
    0x11, 0x0C, 0xF7, 0x08, 0x1E, 0x29, 0x1A, 0x01, 0xE9, 0xE5, 0x1B, 0xE5, 0xEE, 0xDB, 0xF7, 
    0xFC, 0x16, 0x14, 0x13, 0x16, 0xDF, 0xDA, 0xF2, 0xFC, 0xDE, 0x01, 0xF1, 0xF2, 0x03, 0x17, 
    0x0C, 0x2E, 0xF9, 0x00, 0x11, 0xF3, 0xF1, 0x13, 0x0F, 0xD8, 0xC1, 0xE2, 0xFB, 0x0D, 0x1A, 
    0x06, 0x01, 0xFA, 0x0C, 0x15, 0x13, 0xF4, 0xFC, 0xE0, 0xF0, 0x08, 0x07, 0xEB, 0xE4, 0x00, 
    0xE1, 0xFA, 0x01, 0x01, 0x00, 0x1F, 0xFB, 0xC7, 0x20, 0x30, 0x10, 0x1E, 0xEE, 0xDF, 0xDD, 
    0xE6, 0xE7, 0xE8, 0x0A, 0x00, 0x04, 0xFE, 0xF2, 0x01, 0x1C, 0x07, 0xED, 0xE2, 0xEA, 0xEF, 
    0x02, 0x0C, 0x09, 0x0C, 0x1B, 0x0D, 0xF7, 0xE1, 0xF7, 0x15, 0x0F, 0x02, 0xFC, 0xFB, 0xF7, 
    0xD4, 0xD9, 0x0C, 0xF9, 0xFD, 0xEE, 0xD4, 0xFC, 0x1A, 0x3D, 0x1D, 0x13, 0xDB, 0xDD, 0xDE, 
    0x00, 0xFE, 0xE7, 0x1F, 0xF4, 0x40, 0xEC, 0xDE, 0xF5, 0x01, 0x18, 0x1C, 0x46, 0x06, 0xE1, 
    0x00, 0xCC, 0xDA, 0x02, 0x04, 0xEE, 0xDC, 0x07, 0xF7, 0xF9, 0x43, 0x1F, 0xF2, 0xF8, 0x05, 
    0xF2, 0xFC, 0x13, 0xF5, 0x1D, 0xFC, 0x03, 0xC9, 0xF8, 0xFF, 0xD0, 0x06, 0xFA, 0xE8, 0x0D, 
    0xF6, 0xF6, 0x02, 0xF9, 0x08, 0x0F, 0x19, 0x0E, 0x21, 0x00, 0xEC, 0xD1, 0xF2, 0xEE, 0xDA, 
    0x07, 0x19, 0x0D, 0x03, 0xFC, 0x17, 0x12, 0xE5, 0xF4, 0x07, 0xFF, 0xDA, 0xD2, 0xDD, 0xEB, 
    0xF6, 0x09, 0xF9, 0xFF, 0x2B, 0x0C, 0xF2, 0xEE, 0xE9, 0x0F, 0xF4, 0x03, 0x11, 0x13, 0x0F, 
    0xDF, 0xED, 0xE6, 0xEB, 0x05, 0x13, 0xED, 0x04, 0xFC, 0xF5, 0xF7, 0x07, 0x11, 0xF3, 0xFE, 
    0xEC, 0xFD, 0x07, 0x05, 0x28, 0xF9, 0xF9, 0xF9, 0x11, 0x1C, 0x00, 0xEE, 0xCC, 0xE1, 0x18, 
    0x15, 0xDD, 0xF8, 0xEB, 0xF5, 0x07, 0x00, 0xF9, 0xF1, 0x0B, 0x05, 0x0A, 0x2A, 0xFC, 0xEC, 
    0xF7, 0x02, 0xEF, 0xF3, 0xF7, 0x10, 0x08, 0xFC, 0xFE, 0xD5, 0xEF, 0x01, 0xFF, 0xFF, 0x0A, 
    0xF3, 0xE4, 0x08, 0x07, 0xF1, 0x0A, 0x05, 0x04, 0xF5, 0x01, 0x05, 0x06, 0x1F, 0x0F, 0x0B, 
    0x01, 0x03, 0x04, 0xF2, 0xEF, 0x14, 0xF8, 0xED, 0xE9, 0xF2, 0x04, 0xFF, 0xF1, 0xF5, 0xE4, 
    0xF0, 0x03, 0x0E, 0x0E, 0xE0, 0xEE, 0x06, 0x0B, 0x27, 0x04, 0xDE, 0xF3, 0x02, 0x1A, 0x03, 
    0x07, 0x0C, 0x13, 0x0E, 0xF5, 0xE4, 0x01, 0xF2, 0xF9, 0xEC, 0xF0, 0xEB, 0xEB, 0xE9, 0x0A, 
    0x0C, 0x02, 0xF3, 0x01, 0x12, 0xFB, 0xF1, 0x0A, 0xFD, 0x0A, 0x03, 0xED, 0xFE, 0xFF, 0x05, 
    0xE3, 0x07, 0x0A, 0xFC, 0xD4, 0x04, 0x00, 0x0E, 0x19, 0x05, 0x0C, 0x06, 0xF1, 0xF6, 0xE4, 
    0xFA, 0xF2, 0xED, 0x0C, 0x0A, 0xEF, 0xFF, 0xF4, 0xE6, 0xFA, 0x00, 0xF6, 0xF2, 0xEB, 0x17, 
    0x21, 0x08, 0xF9, 0x05, 0x15, 0xF3, 0x14, 0xE9, 0xFD, 0x16, 0x15, 0xE7, 0xED, 0xF5, 0xE8, 
    0x07, 0x01, 0xDF, 0x00, 0xF3, 0xF7, 0x05, 0xEB, 0xF0, 0xFF, 0x1D, 0x0D, 0x04, 0x0F, 0xF1, 
    0xF6, 0x1F, 0x10, 0xF9, 0x01, 0x02, 0xF6, 0xF6, 0xFC, 0x06, 0xFA, 0xF6, 0x07, 0x08, 0xF3, 
    0xE2, 0xF8, 0x0E, 0x0C, 0xF8, 0xF8, 0x0D, 0xFC, 0xF6, 0xEB, 0xFC, 0x02, 0xFC, 0x01, 0xFE, 
    0xF4, 0x08, 0x0E, 0x03, 0xF7, 0x02, 0xF4, 0xFB, 0x10, 0xE4, 0xEF, 0xFA, 0x17, 0x06, 0xEC, 
    0xF0, 0x00, 0x0F, 0x02, 0xF3, 0xEB, 0x02, 0xFE, 0x05, 0x0F, 0x02, 0xEC, 0xEE, 0x03, 0x04, 
    0xFB, 0x16, 0xFE, 0xE8, 0x01, 0xFD, 0x04, 0xF7, 0x0F, 0xEA, 0xF5, 0x09, 0xFA, 0x0B, 0xED, 
    0xFE, 0xF0, 0xF9, 0x00, 0x02, 0x12, 0x05, 0x02, 0xFD, 0xE5, 0x03, 0x0B, 0xF5, 0x0D, 0x0F, 
    0x0E, 0x01, 0xFE, 0x0E, 0xFB, 0xF4, 0xF4, 0xEE, 0xF7, 0x03, 0x01, 0xFB, 0xFA, 0x01, 0x09, 
    0xF6, 0xFC, 0xF5, 0xFA, 0x0B, 0x0E, 0x00, 0x07, 0x02, 0xFB, 0x01, 0xF5, 0xF5, 0xFA, 0x04, 
    0x0A, 0xF8, 0xEF, 0xFD, 0x0D, 0xFB, 0x04, 0x0E, 0xF8, 0xFB, 0xF4, 0x02, 0xFE, 0xFF, 0xFB, 
    0xF6, 0xF8, 0x04, 0x0A, 0x05, 0xFF, 0xF8, 0xF7, 0xFD, 0x09, 0xF7, 0xF7, 0x0B, 0x0E, 0xF7, 
    0xF8, 0x02, 0x07, 0x07, 0xF7, 0xED, 0x05, 0x0B, 0xFA, 0xF1, 0xFE, 0x0F, 0xFC, 0xF6, 0x04, 
    0x02, 0xFC, 0x01, 0xFD, 0xFC, 0xF4, 0xFA, 0x09, 0x08, 0xFB, 0x02, 0xFF, 0xF5, 0xEF, 0xFA, 
    0x06, 0x15, 0x05, 0xFA, 0x02, 0x07, 0xFC, 0xEB, 0xF6, 0x07, 0x0B, 0x02, 0x05, 0xFD, 0x00, 
    0xF6, 0xF9, 0x01, 0x03, 0xF7, 0xF0, 0xFE, 0x02, 0x06, 0x06, 0xFF, 0xFD, 0xFA, 0xF9, 0xFF, 
    0x03, 0xFC, 0x05, 0x00, 0x00, 0x03, 0xF8, 0xF2, 0x0C, 0x04, 0xFE, 0xFD, 0xFF, 0x07, 0x00, 
    0x0B, 0x02, 0xF6, 0xFA, 0xFE, 0xFE, 0xFB, 0xFC, 0x02, 0x07, 0x01, 0xFC, 0xF8, 0x04, 0xFD, 
    0xF9, 0x01, 0xFF, 0x0B, 0xFE, 0xFF, 0x01, 0xFD, 0xFA, 0x09, 0x02, 0xF8, 0x00, 0xFD, 0xFC, 
    0xFD, 0x01, 0x03, 0xFA, 0xFE, 0xF9, 0x02, 0x05, 0x03, 0x02, 0x01, 0xFE, 0x07, 0xFE, 0xF9, 
    0xFA, 0xFC, 0xFE, 0xFE, 0x08, 0x03, 0xFE, 0xFB, 0xFD, 0x00, 0x01, 0xFE, 0xFF, 0x02, 0x00, 
    0x00, 0x08, 0xFB, 0xF2, 0xFA, 0x06, 0x00, 0x01, 0xFE, 0xFF, 0xFA, 0x01, 0xFF, 0xFE, 0x00, 
    0x02, 0x04, 0x05, 0x02, 0xFF, 0xFA, 0xFE, 0xFF, 0xFF, 0x02, 0xFF, 0x02, 0xFE, 0xFD, 0xFB, 
    0x06, 0xFF, 0xF8, 0xFB, 0x00, 0x00, 0xFF, 0x00, 0x00, 0x07, 0x03, 0xFD, 0xFF, 0x02, 0xFA, 
    0xFA, 0x01, 0x02, 0x02, 0xFF, 0x03, 0x03, 0x01, 0x01, 0xFF, 0xFD, 0xFC, 0xFF, 0x03, 0xFD, 
    0xFF, 0x01, 0x01, 0x00, 0xFC, 0xFD, 0x00, 0x04, 0xFF, 0xFD, 0x01, 0x02, 0x02, 0xFF, 0xFB, 
    0xFE, 0xFE, 0x00, 0x01, 0x00, 0x01, 0xFF, 0xFF, 0x01, 0x00, 0xFC, 0xFB, 0x01, 0x03, 0xFE, 
    0xFC, 0xFE, 0x04, 0x03, 0xFF, 0xFD, 0xFD, 0xFF, 0x00, 0x00, 0x00, 0x01, 0x02, 0xFD, 0xFE, 
    0x00, 0x01, 0x01, 0x00, 0xFE, 0xFD, 0x01, 0xFF, 0xFF, 0xFF, 0x00, 0x01, 0x00, 0x01, 0x01, 
    0x00, 0xFE, 0xFF, 0x00, 0xFE, 0xFE, 0x01, 0x03, 0x01, 0xFF, 0xFE, 0xFF, 0xFE, 0x00, 0x00, 
    0x00, 0x00, 0x00, 0x01, 0x00, 0x00, 0xFF, 0x00, 0x00, 0x00, 0xFE, 0xFF, 0x00, 0x00, 0x00, 
    0x00, 0xFF, 0xFF, 0xFF, 0x00, 0x00, 0xFF, 0xFF, 0x00, 0xFF, 0x00, 0x00, 0xFF, 0x00, 0x00, 
    0x00, 0xFF, 0xFF, 0x00, 0xFF, 0xFF, 0xFF, 0x00, 0x00, 0x00, 0x00, 0xFF, 0x00, 0x00, 0xFF, 
    0xFF, 0xFF, 0x00, 0x00, 0xFF, 0xFF, 0x00, 0xFF, 0xFF, 0xFF, 0x00, 0x00, 0x00, 0xFF, 0x00, 
    0x00, 0xFF, 0xFF, 0x00, 0x3E, 0x48, 0x48, 0x3E, 0x3E, 0x3E, 0x47, 0xEE, 0xEA, 0xE8, 0xE8, 
    0xE6, 0xE6, 0xDE, 0xD5, 0xDE, 0xDE, 0xD2, 0xA5, 0xE0, 0xE1, 0xE4, 0xEA, 0xF3, 0xFC, 0x0A, 
    0x18, 0x20, 0x12, 0x12, 0x13, 0xC8, 0x3E, 0x0B, 0x02, 0x06, 0x0C, 0x3E, 0x47, 0x08, 0x08, 
    0x08, 0x08, 0x08, 0xE6, 0xDE, 0xD5, 0xDE, 0xDE, 0x10, 0x25, 0x25, 0x25, 0x25, 0x25, 0x25, 
    0x25, 0x25, 0x24, 0xCE, 0xCD, 0xCC, 0xC9, 0xC6, 0xDC, 0xDC, 0xDC, 0xDC, 0xDC, 0xDC, 0xDC, 
    0xDC, 0xDC, 0xDC, 0xDC, 0xDC, 0xDF, 0xDF, 0xDF, 0xDD, 0xDC, 0xDB, 0xDA, 0xD9, 0xD9, 0xD9, 
    0xD9, 0xD9, 0x28, 0x28, 0x29, 0x29, 0x29, 0x28, 0x24, 0x20, 0x92, 0x9B, 0x9F, 0xA3, 0xA8, 
    0xAB, 0xAD, 0xAF, 0xB1, 0xB3, 0xB4, 0xB6, 0xB8, 0xBA, 0xBB, 0xBC, 0xBD, 0xBE, 0xBF, 0xC0, 
    0xC1, 0xC2, 0xC3, 0xC4, 0xC4, 0xC5, 0xC6, 0xC7, 0xC8, 0xC8, 0xC9, 0xCA, 0xCA, 0xCB, 0xCB, 
    0xCC, 0xCC, 0xCD, 0xCE, 0xCF, 0xCF, 0xD0, 0xD1, 0xD1, 0xD2, 0xEF, 0xF3, 0xFA, 0xFF, 0x04, 
    0x06, 0x08, 0x0B, 0x0F, 0x13, 0x19, 0x1C, 0x26, 0x31, 0x35, 0x3D, 0x40, 0x44, 0x43, 0x49, 
    0x48, 0x48, 0x4F, 0x54, 0x53, 0x58, 0x57, 0x5B, 0x5D, 0x5C, 0x5F, 0x61, 0x60, 0x64, 0x66, 
    0x68, 0x69, 0x69, 0x68, 0x6A, 0x6A, 0x6A, 0x6A, 0x6A, 0x6A, 0x6A, 0x6A, 0x6A, 0x6A, 0x6A, 
    0x6A, 0x6A, 0x6A, 0x69, 0x69, 0x69, 0x69, 0x69, 0x69, 0x69, 0x69, 0x69, 0x66, 0x66, 0x66, 
    0x66, 0x66, 0x66, 0x66, 0x66, 0x66, 0x66, 0x62, 0x62, 0x62, 0x62, 0x62, 0x62, 0x62, 0x62, 
    0x62, 0x62, 0x62, 0x62, 0x62, 0x5A, 0x5A, 0x5A, 0x5A, 0x5A, 0x5A, 0x5A, 0x5A, 0x5A, 0x5A, 
    0x5A, 0x5A, 0x5A, 0x51, 0x51, 0x51, 0x51, 0x51, 0x51, 0x51, 0x51, 0x51, 0x51, 0x51, 0x51, 
    0x51, 0x51, 0x51, 0x47, 0x47, 0x47, 0x47, 0x47, 0x47, 0x47, 0x47, 0x47, 0x47, 0x47, 0x47, 
    0x47, 0x47, 0x47, 0x3F, 0x3F, 0x3F, 0x3F, 0x3F, 0x3F, 0x3F, 0x3F, 0x3F, 0x3F, 0x3F, 0x3F, 
    0x3F, 0x36, 0x36, 0x36, 0x36, 0x36, 0x36, 0x36, 0x36, 0x36, 0x36, 0x36, 0x36, 0x2B, 0x2B, 
    0x2B, 0x2B, 0x2B, 0x2B, 0x2B, 0x2B, 0x2B, 0x2B, 0x22, 0x22, 0x22, 0x22, 0x22, 0x22, 0x22, 
    0x22, 0x22, 0x18, 0x18, 0x18, 0x18, 0x18, 0x18, 0x18, 0x0E, 0x0E, 0x0E, 0x0E, 0x0E, 0x0E, 
    0x05, 0x05, 0x05, 0x05, 0xFE, 0xFF, 0xFF, 0xF9, 0xFA, 0xF5, 0xF6, 0xF3, 0xF1, 0xEF, 0x8C, 
    0x8C, 0x8C, 0x8C, 0x90, 0x59, 0x5A, 0x60, 0x6A, 0x79, 0x7A, 0x00, 0xDC, 0xF0, 0xFF, 0xFA, 
    0xD0, 0xC0, 0xFF, 0xFE, 0xFE, 0xC2, 0xA1, 0x00, 0x00, 0xC0, 0x86, 0x81, 0x80, 0x01, 0x92, 
    0x84, 0x82, 0x85, 0x00, 0x82, 0x81, 0x01, 0x92, 0x85, 0x92, 0x84, 0x82, 0x81, 0x01, 0x92, 
    0x84, 0x92, 0x85, 0x82, 0x81, 0x02, 0x82, 0x85, 0x01, 0x92, 0x84, 0x92, 0x81, 0x92, 0x85, 
    0x82, 0x84, 0x02, 0x82, 0x81, 0x01, 0x92, 0x85, 0x82, 0x84, 0x02, 0x82, 0x81, 0x01, 0x92, 
    0x85, 0x82, 0x84, 0x02, 0x92, 0x81, 0x92, 0x84, 0x82, 0x85, 0x02, 0x92, 0x81, 0x82, 0x84, 
    0x02, 0x82, 0x85, 0x02, 0x92, 0x81, 0x92, 0x85, 0x82, 0x84, 0x03, 0x92, 0x81, 0x92, 0x84, 
    0x92, 0x85, 0x82, 0x81, 0x02, 0x92, 0x85, 0x82, 0x84, 0x03, 0x92, 0x81, 0x92, 0x85, 0x92, 
    0x84, 0x92, 0x81, 0x82, 0x85, 0x03, 0xE0, 0x0E, 0x04, 0xA2, 0x82, 0x62, 0x82, 0x83, 0x7A, 
    0x82, 0x80, 0x66, 0x82, 0x82, 0x15, 0x82, 0x80, 0x10, 0x82, 0x83, 0x0C, 0xA2, 0x81, 0x62, 
    0x82, 0x85, 0x7A, 0x82, 0x84, 0x66, 0xA2, 0x82, 0x62, 0x82, 0x80, 0x7A, 0x82, 0x83, 0x66, 
    0xA2, 0x81, 0x62, 0x82, 0x85, 0x7A, 0x82, 0x84, 0x66, 0x82, 0x81, 0x2A, 0x82, 0x85, 0x21, 
    0x82, 0x84, 0x18, 0xE0, 0x36, 0x04, 0x82, 0x83, 0x10, 0x82, 0x80, 0x0C, 0xA2, 0x81, 0x62, 
    0x82, 0x85, 0x7A, 0x82, 0x84, 0x66, 0x82, 0x81, 0x54, 0x82, 0x85, 0x42, 0x82, 0x84, 0x30, 
    0xA2, 0x82, 0x62, 0x82, 0x83, 0x7A, 0x82, 0x80, 0x66, 0x82, 0x82, 0x54, 0x82, 0x83, 0x42, 
    0x82, 0x80, 0x30, 0xE0, 0x24, 0x0C, 0xA2, 0x83, 0x62, 0x82, 0x80, 0x7A, 0x82, 0x86, 0x66, 
    0x82, 0x83, 0x54, 0x82, 0x80, 0x42, 0x82, 0x86, 0x30, 0xA2, 0x85, 0x62, 0x82, 0x84, 0x7A, 
    0x82, 0x88, 0x66, 0xA2, 0x83, 0x62, 0x82, 0x80, 0x7A, 0x82, 0x86, 0x66, 0xA2, 0x85, 0x62, 
    0x82, 0x84, 0x7A, 0x82, 0x88, 0x66, 0x82, 0x85, 0x54, 0x82, 0x84, 0x42, 0x82, 0x88, 0x30, 
    0xA2, 0x89, 0x62, 0x82, 0x90, 0x7A, 0x82, 0x8A, 0x66, 0x82, 0x89, 0x54, 0x82, 0x90, 0x42, 
    0x82, 0x8A, 0x30, 0xA2, 0x87, 0x62, 0x82, 0x8B, 0x7A, 0x82, 0x81, 0x66, 0xA2, 0x89, 0x62, 
    0x82, 0x90, 0x7A, 0x82, 0x8A, 0x66, 0xA2, 0x87, 0x62, 0x82, 0x8B, 0x7A, 0x82, 0x81, 0x66, 
    0x82, 0x87, 0x54, 0x82, 0x8B, 0x42, 0x82, 0x81, 0x30, 0xA2, 0x87, 0x62, 0x82, 0x8B, 0x7A, 
    0x82, 0x81, 0x66, 0x82, 0x87, 0x15, 0x82, 0x8B, 0x10, 0x82, 0x81, 0x0C, 0xA2, 0x89, 0x62, 
    0x82, 0x90, 0x7A, 0x82, 0x8A, 0x66, 0x82, 0x89, 0x15, 0x82, 0x90, 0x10, 0x82, 0x8A, 0x0C, 
    0xE0, 0xF6, 0x0F, 0x82, 0x81, 0x15, 0x82, 0x85, 0x10, 0x82, 0x84, 0x0C, 0xE1, 0x02, 0x04, 
    0xE0, 0xCC, 0x21, 0xA2, 0x80, 0x62, 0x82, 0x86, 0x7A, 0x82, 0x8C, 0x66, 0x82, 0x80, 0x54, 
    0x82, 0x86, 0x42, 0x82, 0x8C, 0x30, 0xA2, 0x80, 0x62, 0x82, 0x86, 0x7A, 0x82, 0x8C, 0x66, 
    0xA2, 0x84, 0x62, 0x82, 0x88, 0x7A, 0x82, 0x92, 0x66, 0xE0, 0x24, 0x09, 0x82, 0x80, 0x15, 
    0x82, 0x86, 0x10, 0x82, 0x8C, 0x0C, 0xA2, 0x84, 0x62, 0x82, 0x88, 0x7A, 0x82, 0x92, 0x66, 
    0x82, 0x84, 0x15, 0x82, 0x88, 0x10, 0x82, 0x92, 0x0C, 0xE1, 0x4A, 0x6E, 0xE1, 0x4D, 0x6F, 
    0xA2, 0x82, 0x31, 0x82, 0x83, 0x3D, 0x82, 0x80, 0x33, 0xE1, 0x50, 0x09, 0xA2, 0x81, 0x31, 
    0x82, 0x85, 0x3D, 0x82, 0x84, 0x33, 0xE1, 0x38, 0x06, 0xA2, 0x81, 0x31, 0x82, 0x85, 0x3D, 
    0x82, 0x84, 0x33, 0xE1, 0x29, 0x09, 0xE0, 0x0C, 0x04, 0xA2, 0x83, 0x31, 0x82, 0x80, 0x3D, 
    0x82, 0x86, 0x33, 0xE1, 0x11, 0x09, 0xA2, 0x85, 0x31, 0x82, 0x84, 0x3D, 0x82, 0x88, 0x33, 
    0xE0, 0xF9, 0x09, 0xA2, 0x87, 0x31, 0x82, 0x8B, 0x3D, 0x82, 0x81, 0x33, 0xE0, 0xE1, 0x09, 
    0xA2, 0x87, 0x31, 0x82, 0x8B, 0x3D, 0x82, 0x81, 0x33, 0xE0, 0xC9, 0x09, 0xE0, 0x57, 0x07, 
    0xE0, 0xB1, 0x04, 0x82, 0x83, 0x10, 0x82, 0x80, 0x0C, 0xE0, 0x4B, 0x0C, 0x82, 0x85, 0x2A, 
    0x82, 0x84, 0x21, 0x82, 0x88, 0x18, 0xE0, 0xB7, 0x06, 0xA2, 0x80, 0x31, 0x82, 0x86, 0x3D, 
    0x82, 0x8C, 0x33, 0xA2, 0x84, 0x62, 0x82, 0x88, 0x7A, 0x82, 0x92, 0x66, 0xE0, 0xCC, 0x06, 
    0xA2, 0x80, 0x31, 0x82, 0x86, 0x3D, 0x82, 0x8C, 0x33, 0xE0, 0xB1, 0x09, 0xE0, 0x93, 0x31, 
    0xE0, 0x96, 0x31, 0xE0, 0x99, 0x31, 0xE0, 0x9C, 0x07, 0x82, 0x81, 0x2A, 0x82, 0x85, 0x21, 
    0x82, 0x84, 0x18, 0xA2, 0x82, 0x62, 0x82, 0x83, 0x7A, 0x82, 0x80, 0x66, 0xA2, 0x81, 0x31, 
    0x82, 0x85, 0x3D, 0x82, 0x84, 0x33, 0x82, 0x81, 0x15, 0x82, 0x85, 0x10, 0x82, 0x84, 0x0C, 
    0x82, 0x81, 0x2C, 0x82, 0x85, 0x2A, 0x82, 0x84, 0x28, 0xA2, 0x82, 0x62, 0x82, 0x83, 0x7A, 
    0x82, 0x80, 0x66, 0x82, 0x82, 0x54, 0x82, 0x83, 0x42, 0x82, 0x80, 0x30, 0xE0, 0xC6, 0x04, 
    0xE0, 0xBA, 0x07, 0x82, 0x85, 0x54, 0x82, 0x84, 0x42, 0x82, 0x88, 0x30, 0xA2, 0x87, 0x62, 
    0x82, 0x8B, 0x7A, 0x82, 0x81, 0x66, 0xA2, 0x89, 0x62, 0x82, 0x90, 0x7A, 0x82, 0x8A, 0x66, 
    0xA2, 0x87, 0x31, 0x82, 0x8B, 0x3D, 0x82, 0x81, 0x33, 0xA2, 0x89, 0x62, 0x82, 0x90, 0x7A, 
    0x82, 0x8A, 0x66, 0xA2, 0x87, 0x62, 0x82, 0x8B, 0x7A, 0x82, 0x81, 0x66, 0xA2, 0x87, 0x62, 
    0x82, 0x8B, 0x7A, 0x82, 0x81, 0x66, 0xE0, 0xD8, 0x05, 0xE0, 0x87, 0x17, 0x82, 0x85, 0x2A, 
    0x82, 0x84, 0x21, 0x82, 0x88, 0x18, 0xA2, 0x80, 0x62, 0x82, 0x86, 0x7A, 0x82, 0x8C, 0x66, 
    0xA2, 0x84, 0x62, 0x82, 0x88, 0x7A, 0x82, 0x92, 0x66, 0xE0, 0xD2, 0x0B, 0xE1, 0x47, 0x07, 
    0xE0, 0xAB, 0x39, 0xE0, 0xAE, 0x39, 0xE0, 0xB1, 0x39, 0xE0, 0xB4, 0x39, 0xE0, 0xB7, 0x39, 
    0xE0, 0xBA, 0x39, 0xE0, 0xBD, 0x38, 0xA2, 0x81, 0x20, 0x82, 0x85, 0x28, 0x82, 0x84, 0x21, 
    0x82, 0x81, 0x15, 0x82, 0x84, 0x10, 0x82, 0x85, 0x0C, 0xD0, 0xBA, 0x00, 0xFA, 0x00, 0xFE, 
    0xC2, 0xA1, 0x0B, 0x00, 0x86, 0x97, 0x80, 0x02, 0x04, 0x06, 0xC3, 0x08, 0xC0, 0x0A, 0xC1, 
    0x0C, 0xC0, 0x0E, 0xC1, 0x10, 0xC0, 0x12, 0xC1, 0x14, 0xC0, 0x16, 0xC1, 0x18, 0xC0, 0x1A, 
    0xC1, 0x1C, 0xC0, 0x1E, 0xC1, 0x20, 0xC0, 0x22, 0xC1, 0x24, 0xC0, 0x26, 0xC1, 0x28, 0xC0, 
    0x2A, 0xC1, 0x2C, 0xC0, 0x2E, 0xC1, 0x30, 0xC0, 0x32, 0x34, 0xA2, 0x82, 0x30, 0x92, 0xAB, 
    0xC1, 0x92, 0x97, 0xC0, 0x94, 0x84, 0xC1, 0x94, 0x88, 0xC0, 0x94, 0x8C, 0xC1, 0x94, 0x90, 
    0xC0, 0x94, 0x94, 0xC1, 0x94, 0x98, 0xC0, 0x94, 0x9C, 0xC1, 0x94, 0xA0, 0xC0, 0x94, 0xA4, 
    0xC1, 0x94, 0xA8, 0xC0, 0x94, 0xAC, 0xC1, 0x94, 0xB0, 0xC0, 0x94, 0xB4, 0xC1, 0x94, 0xB8, 
    0xC0, 0x92, 0xEF, 0xC1, 0x92, 0xCC, 0xC0, 0x92, 0xCD, 0xC7, 0x92, 0xA6, 0xC0, 0x92, 0x9D, 
    0xC1, 0x92, 0xB8, 0xC0, 0x92, 0xB3, 0xC1, 0x92, 0xD8, 0xC0, 0x92, 0xB3, 0xC1, 0x92, 0xB8, 
    0xC0, 0x92, 0x9D, 0x92, 0xA6, 0xAA, 0x83, 0x92, 0x9F, 0xCF, 0x92, 0xB9, 0xC0, 0xAA, 0x87, 
    0x92, 0xD7, 0xC7, 0x92, 0xD6, 0xC0, 0x92, 0xA2, 0xC1, 0x92, 0xDB, 0xC0, 0x92, 0xDC, 0xC1, 
    0x92, 0xDE, 0xC0, 0x92, 0xDF, 0xC4, 0x92, 0x91, 0xC0, 0x92, 0xD4, 0xC1, 0x92, 0xAE, 0xC0, 
    0x92, 0xEB, 0xC1, 0x92, 0xAA, 0xC0, 0x92, 0xF2, 0x92, 0xA9, 0xAA, 0x82, 0x92, 0xAB, 0xD0, 
    0x17, 0x92, 0x97, 0xC0, 0x92, 0xCC, 0xC1, 0x92, 0xA6, 0xC0, 0x92, 0x9E, 0xC1, 0x92, 0xF3, 
    0xC0, 0x92, 0xF5, 0xC1, 0x92, 0xA1, 0xC0, 0x92, 0xF4, 0xC1, 0x92, 0x9E, 0xC0, 0x92, 0xCD, 
    0xC1, 0x92, 0x97, 0xC0, 0x92, 0xEA, 0xC1, 0x92, 0xC0, 0xC0, 0x92, 0xCF, 0xC1, 0x92, 0xA3, 
    0xC0, 0x92, 0xF1, 0x92, 0xD1, 0xE0, 0x69, 0x03, 0xC0, 0xAA, 0x80, 0x92, 0xE3, 0xD0, 0x11, 
    0x92, 0xE2, 0xC0, 0x92, 0xDD, 0xC1, 0x92, 0xD3, 0xC0, 0x92, 0x9F, 0xC1, 0x92, 0xD0, 0xC0, 
    0x92, 0xC9, 0xC1, 0x92, 0xB4, 0xC0, 0x92, 0xE5, 0x92, 0xE4, 0xAE, 0x82, 0x80, 0xE0, 0xE1, 
    0x4D, 0xA6, 0x82, 0x80, 0x28, 0xE0, 0xE8, 0x4D, 0xA6, 0x82, 0x80, 0x20, 0x92, 0xAB, 0xD0, 
    0x17, 0x92, 0x97, 0xE0, 0xC6, 0x3D, 0xA7, 0x02, 0x82, 0x60, 0x5E, 0x39, 0x1B, 0xA5, 0x03, 
    0xA0, 0x5E, 0x39, 0x1B, 0xA2, 0x81, 0x5E, 0x49, 0x37, 0xA7, 0x04, 0x82, 0x80, 0x5E, 0x39, 
    0x1B, 0xA0, 0x5E, 0xE0, 0x10, 0x05, 0xA7, 0x03, 0x80, 0xA0, 0x5E, 0x39, 0x1B, 0xA2, 0x91, 
    0x5E, 0x39, 0x1B, 0xA2, 0x82, 0x5E, 0x49, 0x37, 0xA5, 0x04, 0x80, 0x5E, 0x39, 0x1B, 0xA7, 
    0x02, 0x81, 0x60, 0x5E, 0xE0, 0x12, 0x05, 0xA2, 0x81, 0x5E, 0x39, 0x1B, 0xE0, 0x30, 0x03, 
    0xA7, 0x02, 0x91, 0x60, 0x5E, 0x49, 0x37, 0xA7, 0x04, 0x80, 0x80, 0x5E, 0x39, 0x1B, 0xA7, 
    0x02, 0x83, 0x60, 0x5E, 0x49, 0x37, 0xA0, 0x5E, 0x39, 0x1B, 0xA7, 0x03, 0x85, 0xA0, 0x5E, 
    0x39, 0x1B, 0xA5, 0x02, 0x60, 0x5E, 0x49, 0x37, 0xA2, 0x83, 0x5E, 0x39, 0x1B, 0xA2, 0x85, 
    0x5E, 0x39, 0x1B, 0xA2, 0x87, 0x5E, 0xE0, 0x20, 0x05, 0xA2, 0x89, 0x5E, 0x49, 0x37, 0xA7, 
    0x03, 0x87, 0xA0, 0x5E, 0x39, 0x1B, 0xA7, 0x02, 0x89, 0x60, 0x5E, 0x39, 0x1B, 0xA7, 0x03, 
    0x87, 0xA0, 0x5E, 0x49, 0x37, 0xA5, 0x02, 0x60, 0x5E, 0x39, 0x1B, 0xA2, 0x89, 0x5E, 0xE0, 
    0x2B, 0x03, 0x49, 0x37, 0xA2, 0x89, 0x5E, 0xE0, 0x7E, 0x03, 0x39, 0x1B, 0xE0, 0x7C, 0x03, 
    0xE0, 0xA1, 0x03, 0xE0, 0xB1, 0x03, 0xE0, 0x85, 0x04, 0x49, 0x37, 0xE0, 0x9B, 0x06, 0xA7, 
    0x04, 0x82, 0x80, 0x5E, 0xE0, 0x2E, 0x05, 0xE0, 0xB7, 0x03, 0xA7, 0x03, 0x82, 0xA0, 0x5E, 
    0xE0, 0xC1, 0x03, 0x39, 0x1B, 0xA7, 0x02, 0x82, 0x60, 0x5E, 0x49, 0x37, 0xE0, 0xB3, 0x03, 
    0xE0, 0xBD, 0x03, 0xE0, 0x8B, 0x03, 0xA5, 0x03, 0xA0, 0x5E, 0x49, 0x37, 0xA7, 0x02, 0x85, 
    0x60, 0x5E, 0xE0, 0x43, 0x03, 0xE0, 0x9C, 0x03, 0xA7, 0x04, 0x87, 0x80, 0x5E, 0x39, 0x1B, 
    0xA2, 0x80, 0x5E, 0x49, 0x37, 0xA7, 0x02, 0x8E, 0x60, 0x5E, 0xE0, 0xD6, 0x05, 0xA7, 0x02, 
    0x80, 0x60, 0x5E, 0x39, 0x1B, 0xA7, 0x03, 0x8E, 0xA0, 0x5E, 0x49, 0x37, 0xA2, 0x80, 0x5E, 
    0x39, 0x1B, 0xA7, 0x02, 0x98, 0x60, 0x5E, 0x49, 0x37, 0xA7, 0x03, 0x8B, 0xA0, 0x5E, 0x39, 
    0x1B, 0xA7, 0x02, 0x86, 0x60, 0x5E, 0xE0, 0xBE, 0x03, 0x49, 0x37, 0xA2, 0x82, 0x5E, 0xE1, 
    0x2F, 0x86, 0xE1, 0x32, 0x86, 0xE1, 0x35, 0x85, 0xA2, 0x82, 0x1F, 0x01, 0x00, 0xA7, 0x03, 
    0x82, 0xA0, 0x3F, 0x1D, 0x03, 0xE1, 0x3C, 0x06, 0xA0, 0x1F, 0x01, 0x00, 0xA6, 0x81, 0x80, 
    0x3F, 0x2D, 0x1E, 0xE1, 0x38, 0x03, 0xA2, 0x91, 0x1F, 0x01, 0x00, 0xA6, 0x82, 0xA0, 0x3F, 
    0x2D, 0x1E, 0xE1, 0x35, 0x03, 0xA7, 0x02, 0x81, 0x60, 0x1F, 0x01, 0x00, 0xA6, 0x82, 0x60, 
    0x3F, 0x2D, 0x1E, 0xA2, 0x81, 0x1F, 0x01, 0x00, 0xA7, 0x04, 0x82, 0x80, 0x3F, 0x1D, 0x03, 
    0xE1, 0x3B, 0x06, 0xA7, 0x02, 0x83, 0x60, 0x1F, 0x11, 0x06, 0xA0, 0x3F, 0x1D, 0x03, 0xE1, 
    0x30, 0x06, 0xA2, 0x83, 0x1F, 0x01, 0x00, 0xA6, 0x85, 0x60, 0x3F, 0x1D, 0x03, 0xA2, 0x87, 
    0x5E, 0x49, 0x37, 0xE0, 0x55, 0x03, 0xA6, 0x89, 0x60, 0x3F, 0x2D, 0x1E, 0xE1, 0x2A, 0x03, 
    0xA7, 0x02, 0x89, 0x60, 0x1F, 0x01, 0x00, 0xA7, 0x03, 0x87, 0xA0, 0x3F, 0x2D, 0x1E, 0xA5, 
    0x02, 0x60, 0x1F, 0x01, 0x00, 0xA6, 0x89, 0x60, 0x3F, 0xE0, 0x2B, 0x05, 0xA2, 0x89, 0x5E, 
    0x39, 0x1B, 0xE0, 0x90, 0x03, 0xE0, 0x57, 0x03, 0xE1, 0xC6, 0x03, 0xE1, 0xD6, 0x03, 0xA5, 
    0x04, 0x80, 0x1F, 0x01, 0x00, 0xA7, 0x02, 0x81, 0x60, 0x3F, 0xE0, 0x90, 0x06, 0xA7, 0x04, 
    0x82, 0x80, 0x3F, 0x2D, 0x1E, 0xE1, 0x59, 0x03, 0xA2, 0x81, 0x1F, 0x11, 0x06, 0xE0, 0xB4, 
    0x03, 0xE0, 0x85, 0x03, 0xA7, 0x02, 0x82, 0x60, 0x3F, 0x2D, 0x1E, 0xE1, 0xDE, 0x03, 0xE1, 
    0xE8, 0x03, 0xE0, 0x86, 0x03, 0xA5, 0x03, 0xA0, 0x3F, 0x2D, 0x1E, 0xE1, 0x2B, 0x02, 0xE0, 
    0x92, 0x03, 0xA7, 0x04, 0x87, 0x80, 0x3F, 0x1D, 0x03, 0xE1, 0x26, 0x03, 0xA7, 0x02, 0x8E, 
    0x60, 0x1F, 0x11, 0x06, 0xA5, 0x04, 0x80, 0x3F, 0x1D, 0x03, 0xE1, 0x29, 0x03, 0xA7, 0x03, 
    0x8E, 0xA0, 0x1F, 0x11, 0x06, 0xA2, 0x80, 0x3F, 0x1D, 0x03, 0xA7, 0x02, 0x98, 0x60, 0x1F, 
    0x11, 0x06, 0xA7, 0x03, 0x8B, 0xA0, 0x3F, 0x1D, 0x03, 0xE1, 0x25, 0x04, 0xE1, 0x12, 0x7A, 
    0xE1, 0x15, 0x7A, 0xE1, 0x18, 0x7A, 0xE1, 0x27, 0x04, 0xE1, 0x2A, 0x02, 0x39, 0x1B, 0xA5, 
    0x03, 0xA0, 0x5E, 0x39, 0x1B, 0xD0, 0xBA, 0x00, 0xFA, 0x00, 0xFE, 0xD1, 0xB0, 0xA1, 0x00, 
    0x00, 0xC0, 0xA7, 0x02, 0x81, 0x60, 0x3F, 0x1D, 0x03, 0xA5, 0x03, 0xA0, 0x3F, 0x1D, 0x03, 
    0xA2, 0x8A, 0x3F, 0x2D, 0x1E, 0xA7, 0x04, 0x81, 0x80, 0x3F, 0x1D, 0x03, 0xA0, 0x3F, 0xE0, 
    0x10, 0x05, 0xA7, 0x03, 0x84, 0xA0, 0x3F, 0x1D, 0x03, 0xA2, 0x9A, 0x3F, 0x1D, 0x03, 0xA2, 
    0x81, 0x3F, 0x2D, 0x1E, 0xA5, 0x04, 0x80, 0x3F, 0x1D, 0x03, 0xA7, 0x02, 0x8A, 0x60, 0x3F, 
    0xE0, 0x12, 0x05, 0xA2, 0x8A, 0x3F, 0x1D, 0x03, 0xE0, 0x30, 0x03, 0xA7, 0x02, 0x9A, 0x60, 
    0x3F, 0x2D, 0x1E, 0xA7, 0x04, 0x84, 0x80, 0x3F, 0x1D, 0x03, 0xA7, 0x02, 0x85, 0x60, 0x3F, 
    0x2D, 0x1E, 0xA0, 0x3F, 0x1D, 0x03, 0xA7, 0x03, 0xA0, 0xA0, 0x3F, 0x1D, 0x03, 0xA5, 0x02, 
    0x60, 0x3F, 0x2D, 0x1E, 0xA2, 0x85, 0x3F, 0x1D, 0x03, 0xA2, 0xA0, 0x3F, 0x1D, 0x03, 0xA2, 
    0x89, 0x3F, 0xE0, 0x20, 0x05, 0xA2, 0x9B, 0x3F, 0x2D, 0x1E, 0xA7, 0x03, 0x89, 0xA0, 0x3F, 
    0x1D, 0x03, 0xA7, 0x02, 0x9B, 0x60, 0x3F, 0x1D, 0x03, 0xA7, 0x03, 0x89, 0xA0, 0x3F, 0x2D, 
    0x1E, 0xA5, 0x02, 0x60, 0x3F, 0x1D, 0x03, 0xA2, 0x9B, 0x3F, 0xE0, 0x2B, 0x03, 0x2D, 0x1E, 
    0xA2, 0x9B, 0x3F, 0xE0, 0x7E, 0x03, 0x1D, 0x03, 0xE0, 0x7C, 0x03, 0xE0, 0xA1, 0x03, 0xA7, 
    0x02, 0x81, 0x60, 0x3F, 0xE0, 0x0D, 0x03, 0xA7, 0x02, 0x8A, 0x60, 0x3F, 0x2D, 0x1E, 0xE0, 
    0xA2, 0x06, 0xA7, 0x04, 0x81, 0x80, 0x3F, 0xE0, 0x35, 0x05, 0xE0, 0xBE, 0x03, 0xA7, 0x03, 
    0x81, 0xA0, 0x3F, 0xE0, 0xC8, 0x03, 0x1D, 0x03, 0xA7, 0x02, 0x81, 0x60, 0x3F, 0x2D, 0x1E, 
    0xE0, 0xBA, 0x03, 0xE0, 0xC4, 0x03, 0xE0, 0x92, 0x03, 0xA5, 0x03, 0xA0, 0x3F, 0x2D, 0x1E, 
    0xA7, 0x02, 0xA0, 0x60, 0x3F, 0xE0, 0x4A, 0x03, 0xE0, 0xA3, 0x03, 0xA7, 0x04, 0x89, 0x80, 
    0x3F, 0x1D, 0x03, 0xA2, 0x84, 0x3F, 0x2D, 0x1E, 0xA7, 0x02, 0x80, 0x60, 0x3F, 0xE0, 0xDD, 
    0x05, 0xA7, 0x02, 0x84, 0x60, 0x3F, 0x1D, 0x03, 0xA7, 0x03, 0x80, 0xA0, 0x3F, 0x2D, 0x1E, 
    0xA2, 0x84, 0x3F, 0x1D, 0x03, 0xA7, 0x02, 0x8B, 0x60, 0x3F, 0x2D, 0x1E, 0xA7, 0x03, 0x90, 
    0xA0, 0x3F, 0x1D, 0x03, 0xA7, 0x02, 0x88, 0x60, 0x3F, 0xE0, 0xC5, 0x03, 0x2D, 0x1E, 0xA2, 
    0x81, 0x3F, 0xE1, 0x36, 0x64, 0xA7, 0x05, 0x8D, 0x80, 0x7F, 0x74, 0x68, 0xA7, 0x03, 0x85, 
    0xA0, 0x3F, 0xE0, 0x5E, 0x04, 0xA3, 0x05, 0x8D, 0x7F, 0x74, 0x68, 0xA3, 0x04, 0x89, 0x3F, 
    0x1D, 0x03, 0xA2, 0x84, 0x5E, 0x49, 0x37, 0xA7, 0x02, 0x80, 0x60, 0x3F, 0x2D, 0x1E, 0xA7, 
    0x05, 0x8D, 0x80, 0x7F, 0x62, 0x44, 0xE0, 0x5F, 0x09, 0xE0, 0x31, 0x03, 0xE0, 0x4B, 0x07, 
    0xC2, 0xA7, 0x05, 0x8D, 0x80, 0x7F, 0xC0, 0xA1, 0x06, 0x40, 0x32, 0x24, 0xA0, 0x78, 0x6A, 
    0x5C, 0xA0, 0x7F, 0x72, 0x64, 0xC2, 0xA1, 0x05, 0x7F, 0xC0, 0xA9, 0x06, 0x72, 0x64, 0xA0, 
    0x20, 0x12, 0x04, 0xA0, 0x40, 0x32, 0x24, 0xC2, 0xA1, 0x05, 0x7F, 0xE0, 0x23, 0x14, 0xE0, 
    0x26, 0x15, 0xE0, 0x29, 0x16, 0xE0, 0x2C, 0x17, 0xE0, 0x2F, 0x17, 0xE0, 0x32, 0x16, 0xE0, 
    0x35, 0x15, 0xE0, 0x38, 0x14, 0xE0, 0x3B, 0x03, 0xA1, 0x05, 0x78, 0x6A, 0x5C, 0xA1, 0x06, 
    0x7F, 0x72, 0x64, 0xC2, 0xA1, 0x07, 0x7F, 0xE0, 0x3A, 0x03, 0xC2, 0xA1, 0x05, 0x60, 0xA0, 
    0x7F, 0xA8, 0xC0, 0xA1, 0x06, 0x78, 0x6C, 0x60, 0xC2, 0xA9, 0x05, 0xC0, 0xA1, 0x06, 0x7F, 
    0x74, 0x68, 0xC2, 0xA3, 0x07, 0x8F, 0x7F, 0xC0, 0xAB, 0x06, 0x8D, 0x6C, 0x58, 0xA0, 0x7F, 
    0x6C, 0x58, 0xC2, 0xA1, 0x05, 0x7F, 0xE0, 0x22, 0x03, 0xA0, 0x78, 0x6C, 0x60, 0xE0, 0x0B, 
    0x02, 0xC2, 0xA3, 0x07, 0x8F, 0x7F, 0xC0, 0xA3, 0x06, 0x8D, 0x78, 0x5A, 0x3C, 0xC2, 0xA1, 
    0x05, 0x60, 0xE0, 0x3C, 0x03, 0xE0, 0x21, 0x02, 0xC2, 0xA9, 0x05, 0xC0, 0xA1, 0x06, 0x78, 
    0x5A, 0x3C, 0xC2, 0xA3, 0x07, 0x8F, 0x7F, 0xC0, 0xA3, 0x06, 0x8D, 0x78, 0x6C, 0x60, 0xE0, 
    0x32, 0x03, 0xC2, 0xA1, 0x05, 0x7F, 0xC0, 0xA1, 0x06, 0x78, 0x64, 0x50, 0xA0, 0x78, 0x5A, 
    0x3C, 0xE0, 0x4A, 0x02, 0xE0, 0x3F, 0x04, 0xC2, 0xA1, 0x05, 0x7F, 0xAB, 0x07, 0x8F, 0xAB, 
    0x05, 0x8D, 0xE0, 0x1A, 0x03, 0xC2, 0xA1, 0x05, 0x60, 0xE0, 0x3A, 0x0A, 0xC1, 0x7F, 0xC0, 
    0xA0, 0x78, 0xE0, 0x60, 0x12, 0xE0, 0x26, 0x03, 0xC2, 0xA1, 0x05, 0x7F, 0xE0, 0x4C, 0x03, 
    0xE0, 0x6F, 0x08, 0xE0, 0x29, 0x03, 0xE0, 0x9A, 0x3B, 0xE0, 0x9D, 0x3B, 0xE0, 0xA0, 0x3B, 
    0xE0, 0xA3, 0x3B, 0xE0, 0xA6, 0x3B, 0xE0, 0xA9, 0x3B, 0xE0, 0xAC, 0x3A, 0xC2, 0xA1, 0x05, 
    0x7F, 0xAB, 0x07, 0x8F, 0xC5, 0xAB, 0x05, 0x8D, 0xD0, 0xBA, 0x00, 0xFA, 0x00, 0xFE, 0xC2, 
    0xA1, 0x0B, 0x00, 0x86, 0x96, 0x80, 0x02, 0x04, 0x06, 0xC3, 0x08, 0xC0, 0x0A, 0xC1, 0x0C, 
    0xC0, 0x0E, 0xC1, 0x10, 0xC0, 0x12, 0xC1, 0x14, 0xC0, 0x16, 0xC1, 0x18, 0xC0, 0x1A, 0xC1, 
    0x1C, 0xC0, 0x1E, 0xC1, 0x20, 0xC0, 0x22, 0xC1, 0x24, 0xC0, 0x26, 0xC1, 0x28, 0xC0, 0x2A, 
    0xC1, 0x2C, 0xC0, 0x2E, 0xC1, 0x30, 0xC0, 0x32, 0x34, 0xA2, 0x82, 0x30, 0x92, 0x99, 0xC1, 
    0x92, 0x96, 0xC0, 0x94, 0x7C, 0xC1, 0x94, 0x78, 0xC0, 0x94, 0x74, 0xC1, 0x94, 0x70, 0xC0, 
    0x94, 0x6C, 0xC1, 0x94, 0x68, 0xC0, 0x94, 0x64, 0xC1, 0x94, 0x60, 0xC0, 0x94, 0x5C, 0xC1, 
    0x94, 0x58, 0xC0, 0x94, 0x54, 0xC1, 0x94, 0x50, 0xC0, 0x94, 0x4C, 0xCD, 0x94, 0x48, 0xC0, 
    0x92, 0xBE, 0xC1, 0x92, 0x94, 0xC0, 0x92, 0xB5, 0xC1, 0x92, 0xE1, 0xC0, 0x92, 0xB5, 0xC1, 
    0x92, 0x94, 0xC0, 0x92, 0xBE, 0x92, 0x96, 0xAA, 0x83, 0x92, 0xA4, 0xCF, 0x92, 0xA5, 0xC0, 
    0xAA, 0x87, 0x92, 0xA2, 0xD0, 0x14, 0x92, 0xB2, 0xC0, 0x92, 0xAC, 0xC1, 0x92, 0xAF, 0xC0, 
    0x92, 0xBD, 0xC1, 0x92, 0x97, 0xC0, 0x92, 0x9D, 0x92, 0xB7, 0xAA, 0x82, 0x92, 0x99, 0xD0, 
    0x17, 0x92, 0x96, 0xC0, 0x92, 0xCA, 0xC1, 0x92, 0xA7, 0xC0, 0x92, 0xA8, 0xC1, 0x92, 0xC4, 
    0xC0, 0x92, 0xAA, 0xC1, 0x92, 0xD9, 0xC0, 0x92, 0xC3, 0xC1, 0x92, 0xA8, 0xC0, 0x92, 0xC9, 
    0xC1, 0x92, 0x96, 0xC0, 0x92, 0xC3, 0xC1, 0x92, 0xEC, 0xC0, 0x92, 0xE8, 0xC1, 0x92, 0xF0, 
    0xC0, 0x92, 0x9F, 0x92, 0xDA, 0xE0, 0x58, 0x03, 0xC0, 0xAA, 0x80, 0x92, 0xC5, 0xD0, 0x11, 
    0x92, 0xC6, 0xC0, 0x92, 0xC2, 0xC1, 0x92, 0xBF, 0xC0, 0x92, 0xB0, 0xC1, 0x92, 0xA3, 0xC0, 
    0x92, 0xC1, 0xC1, 0x92, 0x9E, 0xC0, 0x92, 0xBB, 0x92, 0xC7, 0xAE, 0x82, 0x80, 0xE0, 0xC4, 
    0x43, 0xA6, 0x82, 0x80, 0x28, 0xE0, 0xCB, 0x43, 0xA6, 0x82, 0x80, 0x20, 0x92, 0x99, 0xD0, 
    0x23, 0x92, 0x96, 0xE0, 0xA9, 0x33, 0xA7, 0x02, 0x81, 0x60, 0x3F, 0x1D, 0x03, 0xA5, 0x03, 
    0xA0, 0x3F, 0x1D, 0x03, 0xA2, 0x8A, 0x3F, 0x2D, 0x1E, 0xA7, 0x04, 0x81, 0x80, 0x3F, 0x1D, 
    0x03, 0xA0, 0x3F, 0xE0, 0x10, 0x05, 0xA7, 0x03, 0x84, 0xA0, 0x3F, 0x1D, 0x03, 0xA2, 0x9A, 
    0x3F, 0x1D, 0x03, 0xA7, 0x02, 0x81, 0x60, 0x3F, 0x2D, 0x1E, 0xE0, 0x2A, 0x04, 0x1D, 0x03, 
    0xA7, 0x04, 0x81, 0x80, 0x3F, 0x2D, 0x1E, 0xA2, 0x8A, 0x3F, 0x1D, 0x03, 0xA2, 0x81, 0x3F, 
    0x1D, 0x03, 0xA7, 0x03, 0x9A, 0xA0, 0x3F, 0x2D, 0x1E, 0xA2, 0x84, 0x3F, 0x1D, 0x03, 0xA2, 
    0x85, 0x3F, 0x2D, 0x1E, 0xA5, 0x04, 0x80, 0x3F, 0x1D, 0x03, 0xA7, 0x02, 0xA0, 0x60, 0x3F, 
    0xE0, 0x4C, 0x03, 0x2D, 0x1E, 0xA2, 0x85, 0x3F, 0x1D, 0x03, 0xA7, 0x04, 0xA0, 0x80, 0x3F, 
    0x1D, 0x03, 0xA7, 0x02, 0x89, 0x60, 0x3F, 0xE0, 0x23, 0x05, 0xA7, 0x02, 0x9B, 0x60, 0x3F, 
    0x2D, 0x1E, 0xA2, 0x89, 0x3F, 0x1D, 0x03, 0xA7, 0x03, 0x9B, 0xA0, 0x3F, 0xE0, 0x1B, 0x03, 
    0x2D, 0x1E, 0xA0, 0x3F, 0x1D, 0x03, 0xA2, 0x9B, 0x3F, 0x1D, 0x03, 0xA2, 0x89, 0x3F, 0x2D, 
    0x1E, 0xE0, 0x0A, 0x03, 0xE0, 0x61, 0x03, 0xE0, 0x9F, 0x03, 0xA7, 0x02, 0x8A, 0x60, 0x3F, 
    0x2D, 0x1E, 0xA7, 0x03, 0x81, 0xA0, 0x3F, 0x1D, 0x03, 0xA5, 0x02, 0x60, 0x3F, 0xE0, 0xB0, 
    0x05, 0xE0, 0x70, 0x03, 0xE0, 0x9C, 0x03, 0xA2, 0x81, 0x3F, 0xE0, 0x71, 0x05, 0xE0, 0xBD, 
    0x03, 0xE0, 0xCD, 0x03, 0xA7, 0x04, 0x8A, 0x80, 0x3F, 0xE0, 0xAD, 0x05, 0xA7, 0x03, 0x9A, 
    0xA0, 0x3F, 0x1D, 0x03, 0xE0, 0x91, 0x03, 0xA7, 0x04, 0x85, 0x80, 0x3F, 0x2D, 0x1E, 0xA5, 
    0x02, 0x60, 0x3F, 0x2D, 0x1E, 0xA2, 0xA0, 0x3F, 0xE0, 0xED, 0x05, 0xE0, 0xA2, 0x03, 0xA7, 
    0x02, 0x89, 0x60, 0x3F, 0x1D, 0x03, 0xA2, 0x84, 0x3F, 0x2D, 0x1E, 0xA7, 0x03, 0x80, 0xA0, 
    0x3F, 0xE0, 0x22, 0x03, 0x1D, 0x03, 0xE0, 0xF0, 0x03, 0xA7, 0x02, 0x80, 0x60, 0x3F, 0x2D, 
    0x1E, 0xA7, 0x04, 0x84, 0x80, 0x3F, 0x1D, 0x03, 0xA7, 0x02, 0x8B, 0x60, 0x3F, 0x2D, 0x1E, 
    0xA7, 0x04, 0x90, 0x80, 0x3F, 0x1D, 0x03, 0xA2, 0x88, 0x3F, 0xE0, 0xD4, 0x03, 0x2D, 0x1E, 
    0xE0, 0xF3, 0x03, 0xE1, 0x31, 0x86, 0xA7, 0x0A, 0x82, 0x80, 0x3F, 0x17, 0x01, 0xA5, 0x09, 
    0xC0, 0x3F, 0x17, 0x01, 0xA7, 0x0A, 0x81, 0x80, 0x3F, 0x24, 0x10, 0xA0, 0x3F, 0x2D, 0x82, 
    0x8A, 0x1B, 0xA2, 0x82, 0x3F, 0x2D, 0x82, 0x81, 0x1B, 0xA5, 0x09, 0xC0, 0x3F, 0x24, 0x10, 
    0xA7, 0x0A, 0x80, 0x80, 0x3F, 0x17, 0x01, 0xA7, 0x09, 0x91, 0xC0, 0x3F, 0x17, 0x01, 0xA7, 
    0x0A, 0x82, 0x80, 0x3F, 0x24, 0x10, 0xA7, 0x09, 0x81, 0xC0, 0x3F, 0x17, 0x01, 0xA7, 0x0A, 
    0xF6, 0x80, 0x3F, 0x17, 0x01, 0xA7, 0x09, 0x81, 0xC0, 0x3F, 0xE0, 0x2A, 0x05, 0xA2, 0x81, 
    0x3F, 0x17, 0x01, 0xA7, 0x09, 0xF7, 0xC0, 0x3F, 0xE0, 0x37, 0x05, 0xA2, 0x83, 0x3F, 0x24, 
    0x10, 0xE0, 0x5D, 0x03, 0xA7, 0x0A, 0x85, 0x80, 0x3F, 0x17, 0x01, 0xA0, 0x3F, 0x24, 0x10, 
    0xA2, 0x83, 0x3F, 0x17, 0x01, 0xA7, 0x09, 0x85, 0xC0, 0x3F, 0x17, 0x01, 0xA7, 0x0A, 0x87, 
    0x80, 0x3F, 0xE0, 0x71, 0x03, 0x17, 0x01, 0xA7, 0x09, 0x89, 0xC0, 0x3F, 0x24, 0x10, 0xE0, 
    0x4C, 0x03, 0xE0, 0x40, 0x03, 0xA7, 0x09, 0x87, 0xC0, 0x3F, 0x24, 0x10, 0xA7, 0x0A, 0x89, 
    0x80, 0x3F, 0x17, 0x01, 0xA2, 0x87, 0x3F, 0x17, 0x01, 0xE0, 0x49, 0x03, 0xA2, 0x89, 0x3F, 
    0x17, 0x01, 0xA2, 0x82, 0x3F, 0xE0, 0xAE, 0x08, 0xA7, 0x09, 0x82, 0xC0, 0x3F, 0x17, 0x01, 
    0xA5, 0x0A, 0x80, 0x3F, 0x17, 0x01, 0xA2, 0x81, 0x3F, 0x24, 0x10, 0xA2, 0x80, 0x3F, 0x17, 
    0x01, 0xA2, 0x91, 0x3F, 0x17, 0x01, 0xA7, 0x09, 0x82, 0xC0, 0x3F, 0x24, 0x10, 0xE0, 0x1C, 
    0x03, 0xA7, 0x09, 0x81, 0xC0, 0x3F, 0x24, 0x10, 0xE0, 0xE3, 0x03, 0xE0, 0x94, 0x03, 0xA2, 
    0x82, 0x3F, 0x24, 0x10, 0xE0, 0xC0, 0x03, 0xE0, 0xCA, 0x03, 0xE0, 0x95, 0x03, 0xE0, 0xD6, 
    0x03, 0xE0, 0x93, 0x04, 0x17, 0x01, 0xA7, 0x09, 0x83, 0xC0, 0x3F, 0x24, 0x10, 0xA7, 0x0A, 
    0x87, 0x80, 0x3F, 0x17, 0x01, 0xA7, 0x09, 0x80, 0xC0, 0x3F, 0x24, 0x10, 0xA7, 0x0A, 0x8E, 
    0x80, 0x3F, 0xE0, 0xB7, 0x03, 0xE0, 0x54, 0x03, 0xA2, 0x8E, 0x3F, 0xE0, 0xFD, 0x05, 0xA2, 
    0x98, 0x3F, 0x24, 0x10, 0xA7, 0x09, 0x8B, 0xC0, 0x3F, 0x17, 0x01, 0xA7, 0x0A, 0x86, 0x80, 
    0x3F, 0x17, 0x01, 0xA2, 0x85, 0x3F, 0x24, 0x10, 0xE0, 0x8D, 0x02, 0xE1, 0x2C, 0x66, 0xA7, 
    0x0A, 0x85, 0x80, 0x3D, 0x16, 0x00, 0xA0, 0x3D, 0x16, 0x00, 0xA7, 0x09, 0x83, 0xC0, 0x3B, 
    0x21, 0x0F, 0xA7, 0x0A, 0x87, 0x80, 0x39, 0x13, 0x00, 0xA7, 0x09, 0x80, 0xC0, 0x39, 0x20, 
    0x0E, 0xA7, 0x0A, 0x8E, 0x80, 0x37, 0x1E, 0x0D, 0xA5, 0x09, 0xC0, 0x35, 0x10, 0x00, 0xA6, 
    0x80, 0xC0, 0x33, 0x0F, 0x00, 0xA6, 0x8E, 0xC0, 0x31, 0x1A, 0x0A, 0xA7, 0x0A, 0x80, 0x80, 
    0x2F, 0x0C, 0x00, 0xA6, 0x98, 0x80, 0x2D, 0x17, 0x09, 0xA7, 0x09, 0x8B, 0xC0, 0x29, 0x08, 
    0x00, 0xA7, 0x0A, 0x86, 0x80, 0x23, 0x04, 0x00, 0xA6, 0x85, 0x80, 0x1B, 0x0B, 0x01, 0xA3, 
    0x0B, 0x82, 0x20, 0x92, 0x99, 0x92, 0x96, 0xC8, 0x40, 0xC0, 0x20, 0x92, 0xA1, 0x92, 0xA9, 
    0x40, 0x92, 0xB1, 0xC1, 0x92, 0xAD, 0xC0, 0x92, 0xB6, 0x92, 0x82, 0xC2, 0x20, 0xC5, 0x40, 
    0xC2, 0x20, 0x40, 0xC0, 0x20, 0x92, 0xBC, 0x92, 0xBA, 0x40, 0x92, 0xCB, 0xC1, 0x92, 0xE0, 
    0xC0, 0x92, 0xCB, 0xC1, 0x92, 0xBA, 0xC0, 0x92, 0xBC, 0x92, 0x82, 0x20, 0xC1, 0x92, 0x83, 
    0xC8, 0x40, 0xC0, 0x20, 0x92, 0xE9, 0x92, 0xC0, 0x40, 0x92, 0xB4, 0x92, 0x98, 0xAA, 0x87, 
    0x92, 0xA2, 0x92, 0xB2, 0xE0, 0x35, 0x04, 0x20, 0xC0, 0x40, 0x92, 0xAC, 0xC1, 0x92, 0xAF, 
    0xC0, 0x92, 0xBD, 0xC1, 0x92, 0x97, 0xC0, 0x92, 0x9D, 0x92, 0xB7, 0xA2, 0x82, 0x20, 0x92, 
    0x99, 0x92, 0x96, 0xC6, 0x40, 0xC0, 0x92, 0xA1, 0x92, 0xA9, 0x20, 0x92, 0xB1, 0x92, 0xAD, 
    0x40, 0x92, 0xB6, 0xC3, 0x92, 0x82, 0xC2, 0x20, 0xC0, 0x40, 0x92, 0x96, 0xC1, 0x92, 0xCA, 
    0xC0, 0x92, 0xA7, 0x92, 0xA8, 0x20, 0x92, 0xC4, 0x92, 0xAA, 0x40, 0x92, 0xC8, 0x92, 0xA7, 
    0x20, 0x92, 0xED, 0x92, 0x82, 0x40, 0x92, 0xC8, 0xC1, 0x92, 0xCE, 0xC0, 0x92, 0xE7, 0xC1, 
    0x92, 0xEE, 0xC0, 0x92, 0xD2, 0x92, 0xAE, 0xA2, 0x83, 0x20, 0x92, 0xA4, 0x92, 0xA5, 0xC8, 
    0x40, 0xC2, 0x20, 0x40, 0xC0, 0xAA, 0x80, 0x92, 0xC5, 0x92, 0xC6, 0xE0, 0xA5, 0x05, 0x92, 
    0xC2, 0x92, 0xBF, 0x40, 0x92, 0xB0, 0xC1, 0x92, 0xA3, 0xC0, 0x92, 0xC1, 0xC1, 0x92, 0x9E, 
    0xC0, 0x92, 0xBB, 0x92, 0xC7, 0xE0, 0x72, 0x03, 0xE0, 0xD3, 0x62, 0xE0, 0xD6, 0x62, 0xE0, 
    0xD9, 0x61, 0xA7, 0x08, 0x95, 0x40, 0x1F, 0x16, 0x0D, 0xA2, 0x93, 0x3F, 0x2D, 0x1B, 0xA7, 
    0x09, 0x8E, 0xC0, 0x7E, 0x5A, 0x36, 0xA7, 0x08, 0x94, 0x40, 0x7E, 0x5A, 0x36, 0xA2, 0x95, 
    0x1F, 0x16, 0x0D, 0xA7, 0x09, 0xD5, 0xC0, 0x3F, 0x2D, 0x1B, 0xA7, 0x08, 0x8E, 0x40, 0x7E, 
    0x5A, 0x36, 0xA2, 0x93, 0x1F, 0x16, 0x0D, 0xA7, 0x09, 0x82, 0xC0, 0x3F, 0x2D, 0x1B, 0xA2, 
    0x94, 0x7E, 0x5A, 0x36, 0xA7, 0x08, 0x9C, 0x40, 0x1F, 0x16, 0x0D, 0xA7, 0x09, 0x8E, 0xC0, 
    0x3F, 0x2D, 0x1B, 0xA0, 0x1F, 0x16, 0x0D, 0xA2, 0x95, 0x3F, 0x2D, 0x1B, 0xA7, 0x08, 0x93, 
    0x40, 0x7E, 0x5A, 0x36, 0xE0, 0x50, 0x03, 0xA7, 0x08, 0x93, 0x40, 0x1F, 0x16, 0x0D, 0xA7, 
    0x09, 0xE6, 0xC0, 0x3F, 0x2D, 0x1B, 0xE0, 0x5A, 0x03, 0xA7, 0x09, 0x93, 0xC0, 0x7E, 0x5A, 
    0x36, 0xE0, 0x77, 0x03, 0xA2, 0x94, 0x3F, 0xE0, 0x73, 0x05, 0xE0, 0x21, 0x03, 0xA7, 0x09, 
    0x87, 0xC0, 0x3F, 0x2D, 0x1B, 0xA2, 0x8E, 0x7E, 0x5A, 0x36, 0xA7, 0x08, 0x94, 0x40, 0x1F, 
    0x16, 0x0D, 0xA2, 0x82, 0x3F, 0x2D, 0x1B, 0xA2, 0x86, 0x1F, 0x16, 0x0D, 0xA2, 0x9C, 0x3F, 
    0x2D, 0x1B, 0xA7, 0x09, 0x83, 0xC0, 0x7E, 0x5A, 0x36, 0xA7, 0x08, 0x82, 0x40, 0x7E, 0xE0, 
    0x99, 0x05, 0xE0, 0xAD, 0x09, 0xA2, 0x82, 0x1F, 0x16, 0x0D, 0xA7, 0x09, 0x94, 0xC0, 0x3F, 
    0xE0, 0x9D, 0x14, 0xE0, 0x97, 0x03, 0xE0, 0x77, 0x0A, 0xE0, 0x85, 0x03, 0xE0, 0xBA, 0x03, 
    0xE0, 0x60, 0x03, 0xA7, 0x08, 0x82, 0x40, 0x1F, 0x16, 0x0D, 0xE0, 0x60, 0x03, 0xA7, 0x09, 
    0x9C, 0xC0, 0x3F, 0xE0, 0x5A, 0x05, 0xA2, 0x80, 0x1F, 0x16, 0x0D, 0xA2, 0x8E, 0x3F, 0x2D, 
    0x1B, 0xE0, 0xD5, 0x03, 0xE0, 0xEB, 0x03, 0xE0, 0xBC, 0x03, 0xA2, 0x82, 0x7E, 0xE0, 0x86, 
    0x03, 0xE0, 0xF7, 0x6C, 0xE0, 0xFA, 0x6C, 0xE0, 0xFD, 0x6B, 0x5A, 0x36, 0xA7, 0x02, 0x81, 
    0x60, 0x3F, 0x1D, 0x03, 0xA5, 0x03, 0xA0, 0x3F, 0x1D, 0x03, 0xA2, 0x82, 0x3F, 0x2D, 0x1E, 
    0xA7, 0x04, 0x81, 0x80, 0x3F, 0xE0, 0x0C, 0x03, 0x1D, 0x03, 0xA2, 0x95, 0x3F, 0x2D, 0x1E, 
    0x1A, 0x0A, 0xD0, 0xAC, 0x00, 0xFA, 0x00, 0xFE, 
};
