// autogenerated, edit with care!
static const unsigned short bmpdist_texture[] = {
    0x5AD9, 0x5EF9, 0x5EF9, 0x5AF8, 0x673B, 0x6B7C, 0x6B7D, 0x6F7C, 0x6F7D, 0x6F7C, 0x6F7D, 0x6F9D, 0x6F7D, 0x6F9C, 0x6F7D, 0x6F7C, 
    0x6F7D, 0x6F7C, 0x675C, 0x5EF8, 0x5AF9, 0x6B5B, 0x6B7D, 0x6F7C, 0x6F7D, 0x6F9D, 0x6F7D, 0x6F9C, 0x6F7D, 0x6F9D, 0x6F7D, 0x6F9C, 
    0x6F7D, 0x6F9D, 0x6F7D, 0x6F9D, 0x6F7D, 0x6F9D, 0x6F7D, 0x739D, 0x6F7D, 0x6F9C, 0x6B5C, 0x6B7B, 0x6F7D, 0x6F9D, 0x6F7D, 0x6F9D, 
    0x6F7D, 0x6F9D, 0x6F7D, 0x6F9D, 0x6F7D, 0x6F9D, 0x6F7D, 0x739D, 0x6F7D, 0x739D, 0x6F7D, 0x739D, 0x6F7D, 0x6F9D, 0x6F7D, 0x6F9D, 
    0x6F7D, 0x739D, 0x6F7D, 0x6F9D, 0x6F7D, 0x7BBE, 0x779D, 0x6B39, 0x72D6, 0x74A2, 0x7482, 0x78A2, 0x7482, 0x74A3, 0x6C00, 0x7339, 
    0x77BF, 0x739C, 0x6F5C, 0x6B5A, 0x62F9, 0x6319, 0x675C, 0x6F7C, 0x6F7D, 0x739D, 0x737C, 0x414A, 0x5EFA, 0x739D, 0x6F9D, 0x739D, 
    0x739E, 0x739D, 0x6F9D, 0x73BD, 0x6F9E, 0x73BD, 0x6F9E, 0x73BD, 0x6F9E, 0x73BD, 0x6F9E, 0x739D, 0x73BE, 0x6F39, 0x6000, 0x6400, 
    0x658D, 0x779D, 0x739E, 0x739C, 0x6F7D, 0x739D, 0x6F7D, 0x6F9C, 0x6F7D, 0x6F9C, 0x6F7D, 0x6F7C, 0x6F7D, 0x6F9C, 0x6F7D, 0x6F9C, 
    0x6F7D, 0x6B7B, 0x6B5C, 0x6F9D, 0x6F7D, 0x6F9C, 0x6F7D, 0x6F9D, 0x6F7D, 0x6F9D, 0x6F7D, 0x6F9C, 0x6F7D, 0x6F9C, 0x6F7D, 0x6F9C, 
    0x6F7D, 0x6F9C, 0x6B7D, 0x73BE, 0x6EF8, 0x5000, 0x66B8, 0x6F9D, 0x6B7D, 0x6F7C, 0x6F7D, 0x6F7C, 0x6F7D, 0x6F7C, 0x6F7D, 0x6F7C, 
    0x6B7D, 0x6F7C, 0x6B7D, 0x6F7C, 0x6B7D, 0x6F7C, 0x6B7D, 0x6F7C, 0x6B7C, 0x6B7C, 0x6B5C, 0x6B7C, 0x6B5C, 0x6B7C, 0x6B5C, 0x6B7C, 
    0x6B5C, 0x6B7C, 0x6B5C, 0x6B7C, 0x6B5C, 0x6F7C, 0x6B5C, 0x6F7C, 0x6B5C, 0x6AB5, 0x5E53, 0x6B5B, 0x5F1A, 0x633A, 0x631A, 0x673A, 
    0x631A, 0x633A, 0x631A, 0x633A, 0x631B, 0x633A, 0x631A, 0x633A, 0x631A, 0x6319, 0x631A, 0x6319, 0x5F1A, 0x633A, 0x631A, 0x633A, 
    0x631A, 0x6339, 0x631A, 0x631A, 0x631B, 0x633A, 0x631A, 0x633A, 0x631A, 0x633A, 0x5F1A, 0x633A, 0x631A, 0x633A, 0x631A, 0x633A, 
    0x631A, 0x631A, 0x5F1A, 0x631A, 0x631A, 0x6319, 0x5F1A, 0x631A, 0x631A, 0x633A, 0x631A, 0x631A, 0x631A, 0x6319, 0x5F1A, 0x6319, 
    0x5F1A, 0x631A, 0x631A, 0x6319, 0x5F1A, 0x6319, 0x5EF9, 0x5F19, 0x5AF9, 0x5F19, 0x5EFA, 0x6319, 0x5F1A, 0x633A, 0x631A, 0x633A, 
    0x5F18, 0x5F19, 0x5F19, 0x5F19, 0x6B7B, 0x6B7C, 0x6F9C, 0x6B7D, 0x6F9C, 0x6F7D, 0x6F9C, 0x6F7D, 0x6F9C, 0x6F7D, 0x6F9C, 0x6F7D, 
    0x6F9C, 0x6B7D, 0x6F9C, 0x6B7C, 0x633A, 0x633A, 0x675B, 0x6B7D, 0x6F9C, 0x6F9D, 0x6F9C, 0x6F9D, 0x6F9C, 0x6F9D, 0x6F9D, 0x6F9D, 
    0x6F9C, 0x6F9D, 0x6F9D, 0x6F9D, 0x6F9D, 0x6F9D, 0x6F9D, 0x6F9D, 0x6F9C, 0x6F9D, 0x6F9D, 0x6B7C, 0x6F7C, 0x6F9D, 0x6F9D, 0x6F9D, 
    0x6F9D, 0x6F9D, 0x6F9D, 0x6F9D, 0x6F9D, 0x6F9D, 0x6F9D, 0x6F9D, 0x6F9D, 0x6F9D, 0x6F9D, 0x6F9D, 0x739D, 0x6F9D, 0x6F9D, 0x6F9D, 
    0x6F9D, 0x6F9D, 0x739D, 0x6F9D, 0x77BD, 0x77BD, 0x737B, 0x777B, 0x75CD, 0x7400, 0x78C3, 0x7482, 0x74A1, 0x70A4, 0x7000, 0x6ED7, 
    0x77DE, 0x739D, 0x739C, 0x6F7C, 0x6B7B, 0x6B5C, 0x6B7C, 0x6B7D, 0x6F9C, 0x73BE, 0x6F38, 0x3D6C, 0x6F9D, 0x739E, 0x73BD, 0x73BE, 
    0x73BD, 0x739E, 0x73BD, 0x6FBE, 0x73BD, 0x6FBE, 0x73BD, 0x6FBE, 0x73BD, 0x6FBE, 0x73BD, 0x6F9E, 0x73BD, 0x6F5B, 0x60A3, 0x6400, 
    0x6528, 0x737C, 0x77BD, 0x6F7D, 0x6F9C, 0x6F9D, 0x6F9C, 0x6B7D, 0x6F9C, 0x6F9D, 0x6F9C, 0x6F9D, 0x6F9C, 0x6F9D, 0x6F9C, 0x6F7D, 
    0x6F9C, 0x6B7C, 0x6B7B, 0x6B7D, 0x6F9C, 0x6F9D, 0x6F9C, 0x6F9D, 0x6F9C, 0x6F9D, 0x6F9C, 0x6F9D, 0x6F9C, 0x6F7D, 0x6F9C, 0x6F7D, 
    0x6F9C, 0x6F7C, 0x6F9D, 0x739D, 0x5907, 0x5A12, 0x6F9C, 0x6B7C, 0x6F9C, 0x6F7D, 0x6F9C, 0x6F7C, 0x6F9C, 0x6B7C, 0x6F9C, 0x6B7C, 
    0x6F9C, 0x6B7D, 0x6F9C, 0x6B7D, 0x6F9C, 0x6B7C, 0x6F9C, 0x6B7C, 0x6F7C, 0x6B7C, 0x6F7C, 0x6B7C, 0x6B7C, 0x6B7C, 0x6F9C, 0x6B7C, 
    0x6B7C, 0x6B7C, 0x6B7C, 0x6B7C, 0x6B7C, 0x6B7C, 0x6B7C, 0x6B7C, 0x6B7C, 0x6B7C, 0x6252, 0x62D7, 0x675B, 0x5F1A, 0x673A, 0x633A, 
    0x673A, 0x633A, 0x633A, 0x633A, 0x633A, 0x633A, 0x633A, 0x633A, 0x6339, 0x631A, 0x633A, 0x633A, 0x6339, 0x633A, 0x633A, 0x633A, 
    0x6339, 0x631A, 0x6339, 0x631A, 0x633A, 0x633A, 0x633A, 0x633A, 0x633A, 0x633B, 0x633A, 0x633A, 0x633A, 0x631A, 0x633A, 0x633A, 
    0x633A, 0x633A, 0x633A, 0x633A, 0x633A, 0x633A, 0x633A, 0x633A, 0x633A, 0x633A, 0x633A, 0x631A, 0x6339, 0x631A, 0x6339, 0x631A, 
    0x6339, 0x631A, 0x6339, 0x5F1A, 0x6339, 0x5F1A, 0x5F19, 0x5F19, 0x5F18, 0x5F19, 0x6319, 0x5F1A, 0x633A, 0x633A, 0x633A, 0x633A, 
    0x5AF9, 0x5F19, 0x5AD8, 0x673A, 0x6B7C, 0x6F7C, 0x6B7D, 0x6F9C, 0x6F7D, 0x6F9C, 0x6F7D, 0x6F9D, 0x6F7D, 0x6F9C, 0x6F7D, 0x6F9C, 
    0x6F7D, 0x6F9C, 0x6F7D, 0x6F9C, 0x675C, 0x633A, 0x5F1A, 0x6B5B, 0x6F7D, 0x6F9C, 0x6F7D, 0x6F9C, 0x6F7D, 0x739C, 0x6F9D, 0x6F9D, 
    0x6F9D, 0x6F9C, 0x6F7D, 0x6F9D, 0x6F9D, 0x6F9D, 0x6F9D, 0x6F9D, 0x6F9D, 0x6F9D, 0x6F7D, 0x6F9D, 0x6F7C, 0x6F9C, 0x6F9D, 0x6F9D, 
    0x6F9D, 0x6F9D, 0x6F9D, 0x6F9D, 0x6F9D, 0x6F9D, 0x6F9D, 0x6F9C, 0x6F7D, 0x739D, 0x6F9D, 0x739D, 0x6F7D, 0x739D, 0x6F9D, 0x6F9D, 
    0x6F9D, 0x739D, 0x6F9D, 0x739D, 0x77BE, 0x779B, 0x737C, 0x7693, 0x7400, 0x7CC3, 0x7882, 0x78A1, 0x7481, 0x74C3, 0x7000, 0x72B4, 
    0x73BE, 0x779C, 0x6F7C, 0x739C, 0x6F7D, 0x6F9D, 0x6F9E, 0x739D, 0x6F7D, 0x77DE, 0x5A53, 0x4E53, 0x73BE, 0x739D, 0x739E, 0x73BD, 
    0x739E, 0x73BD, 0x739E, 0x73BD, 0x6F9E, 0x73BD, 0x6FBE, 0x73BD, 0x6F9E, 0x73BD, 0x6F9E, 0x73BD, 0x6F9E, 0x737B, 0x6108, 0x6400, 
    0x64C5, 0x775A, 0x77BE, 0x739C, 0x6F7D, 0x6F9C, 0x6F7D, 0x6F9C, 0x6F7D, 0x6F9D, 0x6F7D, 0x6F9C, 0x6F7D, 0x6F9C, 0x6F7D, 0x6F9C, 
    0x6F7D, 0x6F9C, 0x6B5C, 0x6F9C, 0x6F7D, 0x6F9C, 0x6F7D, 0x6F9D, 0x6F9D, 0x6F9C, 0x6F7D, 0x6F9C, 0x6F7D, 0x6F9C, 0x6F7D, 0x6F9C, 
    0x6F7C, 0x6F7C, 0x73BE, 0x6652, 0x4CE8, 0x6B5B, 0x6B7D, 0x6F7C, 0x6F7D, 0x6F9C, 0x6F7D, 0x6F9C, 0x6F7D, 0x6F9C, 0x6B7C, 0x6F9C, 
    0x6B7D, 0x6F9C, 0x6B7D, 0x6F9C, 0x6B7D, 0x6F7C, 0x6B7D, 0x6F7C, 0x6B7D, 0x6F7C, 0x6B7C, 0x6F7C, 0x6B7C, 0x6F7C, 0x6B7C, 0x6B7C, 
    0x6B7C, 0x6F7C, 0x6B7C, 0x6F7C, 0x6B7C, 0x6F7C, 0x6B7C, 0x6F7C, 0x6B7C, 0x6B7C, 0x6B3A, 0x5DEF, 0x6B3A, 0x633A, 0x631A, 0x673A, 
    0x633A, 0x633A, 0x631A, 0x673A, 0x633A, 0x673A, 0x633A, 0x633A, 0x631A, 0x633A, 0x631A, 0x633A, 0x633A, 0x633A, 0x631A, 0x633A, 
    0x633A, 0x633A, 0x631A, 0x6339, 0x633A, 0x633A, 0x633B, 0x633A, 0x633B, 0x633A, 0x633B, 0x633A, 0x631A, 0x673A, 0x631B, 0x633A, 
    0x631A, 0x633A, 0x631A, 0x633A, 0x631A, 0x633A, 0x633A, 0x633A, 0x633A, 0x633A, 0x631A, 0x6339, 0x631A, 0x633A, 0x631A, 0x6339, 
    0x631A, 0x6339, 0x631A, 0x6319, 0x5F1A, 0x6319, 0x5AF9, 0x6319, 0x5EF9, 0x6319, 0x5F19, 0x6339, 0x631A, 0x633A, 0x631A, 0x633A, 
    0x5F19, 0x56D8, 0x5AF8, 0x675C, 0x6B7C, 0x6B7C, 0x6F9C, 0x6B7C, 0x6F9C, 0x6B9D, 0x6F9C, 0x6F9D, 0x6F9C, 0x6F9D, 0x6F9C, 0x6F9D, 
    0x6F9C, 0x6B7D, 0x6F9C, 0x6B7C, 0x6B9C, 0x675B, 0x6339, 0x633A, 0x6B7C, 0x6B7C, 0x6F9C, 0x6F9D, 0x6F9C, 0x6F9D, 0x6F9C, 0x6F9D, 
    0x6F9C, 0x6F9D, 0x6F9C, 0x6F9C, 0x6F9D, 0x6F9D, 0x6F9C, 0x6F9D, 0x6F9C, 0x6F9D, 0x6F9C, 0x6F9C, 0x6F9C, 0x6B7C, 0x6F9C, 0x6F9D, 
    0x6F9C, 0x6F9D, 0x6F9C, 0x6F9D, 0x6F9D, 0x6F9D, 0x6F9C, 0x6F9D, 0x6F9C, 0x6F9D, 0x6F9D, 0x6F9D, 0x6F9D, 0x6F9D, 0x6F9C, 0x6F9D, 
    0x6F9D, 0x6F9D, 0x6F9D, 0x77BE, 0x7B9C, 0x737C, 0x7717, 0x7480, 0x7CC1, 0x78A3, 0x78A1, 0x78A1, 0x78A1, 0x74A4, 0x7000, 0x6E73, 
    0x73BD, 0x739D, 0x6F9B, 0x6F7C, 0x6F9C, 0x6F9D, 0x6F9D, 0x6F9D, 0x6FBD, 0x73BD, 0x4D6A, 0x5EF9, 0x73DD, 0x6F9D, 0x73BD, 0x73BD, 
    0x73BD, 0x739E, 0x73BD, 0x6FBE, 0x73BD, 0x6FBE, 0x73BD, 0x6FBE, 0x73BD, 0x6FBD, 0x73BD, 0x6F9D, 0x6F9C, 0x6F9C, 0x69CD, 0x6800, 
    0x6800, 0x6F19, 0x77DD, 0x6F9C, 0x6F9C, 0x6F9D, 0x6F9C, 0x6F9D, 0x6F9C, 0x6F9D, 0x6F9C, 0x6F9D, 0x6F9C, 0x6F9D, 0x6F9C, 0x6B9D, 
    0x6F9C, 0x6B7D, 0x6B7B, 0x6B7C, 0x6F9C, 0x6B9D, 0x6F9C, 0x6F9D, 0x6F9C, 0x6F9D, 0x6F9C, 0x6F9D, 0x6F9C, 0x6F9C, 0x6F9C, 0x6F7C, 
    0x6F9C, 0x6FBD, 0x7318, 0x4C00, 0x66F7, 0x6B7D, 0x6F9C, 0x6B7C, 0x6F9C, 0x6B7D, 0x6F9C, 0x6B7D, 0x6F9C, 0x6B7C, 0x6F9C, 0x6B7C, 
    0x6F9C, 0x6B7C, 0x6F9C, 0x6B7C, 0x6F9C, 0x6B7C, 0x6B9C, 0x6B7C, 0x6B9C, 0x6B7C, 0x6B9C, 0x6B7C, 0x6B7B, 0x6B7C, 0x6B9C, 0x6B7C, 
    0x6B7C, 0x6B7C, 0x6B9C, 0x6B7C, 0x6B7C, 0x6B7C, 0x6B7B, 0x6B7C, 0x6B7C, 0x6B7C, 0x6B9C, 0x66D7, 0x5E31, 0x675C, 0x6339, 0x633A, 
    0x633A, 0x633A, 0x6339, 0x633A, 0x633A, 0x633A, 0x635A, 0x633A, 0x6339, 0x5F3A, 0x6339, 0x633A, 0x6339, 0x633A, 0x6339, 0x633A, 
    0x6339, 0x633A, 0x633A, 0x633A, 0x633A, 0x633A, 0x633A, 0x633A, 0x633A, 0x633A, 0x633A, 0x633A, 0x633A, 0x633A, 0x633A, 0x633A, 
    0x633A, 0x633A, 0x633A, 0x633A, 0x6339, 0x633A, 0x633A, 0x633A, 0x633A, 0x633A, 0x6339, 0x5F19, 0x6339, 0x633A, 0x6339, 0x633A, 
    0x6339, 0x5F1A, 0x6339, 0x5F1A, 0x6339, 0x5F1A, 0x5F18, 0x5AF8, 0x5F19, 0x5F19, 0x6319, 0x5F1A, 0x6339, 0x5F1A, 0x6339, 0x5F1A, 
    0x5AD9, 0x5AD8, 0x631B, 0x6B7C, 0x6B5C, 0x6F7C, 0x6F7D, 0x6F7C, 0x6F7D, 0x6F9D, 0x6F7D, 0x6F9D, 0x6F7D, 0x6F9D, 0x6F7D, 0x739C, 
    0x6F7D, 0x6F9C, 0x6F7D, 0x6F7C, 0x6F7D, 0x6F7C, 0x675C, 0x633A, 0x673C, 0x6F7C, 0x6F7D, 0x739D, 0x6F7D, 0x739D, 0x6F7D, 0x739D, 
    0x6F7D, 0x739D, 0x6F7D, 0x6F9C, 0x6F7D, 0x739D, 0x6F7D, 0x739D, 0x6F7D, 0x739D, 0x6F7D, 0x6F9C, 0x6F7D, 0x6F9C, 0x6F7C, 0x6F9C, 
    0x6F7D, 0x6F9D, 0x6F7D, 0x739D, 0x6F7D, 0x739D, 0x6F7D, 0x6F9C, 0x6F7D, 0x6F9D, 0x6F7D, 0x739D, 0x6F7D, 0x739D, 0x6F9D, 0x739D, 
    0x6F7D, 0x739D, 0x77BE, 0x7B9D, 0x777C, 0x7B5A, 0x756B, 0x7C40, 0x7CA4, 0x7CA2, 0x7882, 0x7CA2, 0x7882, 0x78A3, 0x7000, 0x7251, 
    0x739E, 0x739D, 0x6F5C, 0x737C, 0x6F7D, 0x739D, 0x6F7E, 0x739D, 0x73BF, 0x7339, 0x452B, 0x6F7C, 0x739E, 0x739D, 0x739E, 0x77BD, 
    0x739E, 0x73BD, 0x739E, 0x73BD, 0x739E, 0x73BE, 0x739E, 0x739D, 0x739E, 0x739D, 0x739E, 0x739D, 0x739E, 0x7BDE, 0x7273, 0x6C00, 
    0x6800, 0x72D6, 0x77BE, 0x739C, 0x6F7D, 0x739C, 0x6F7D, 0x739D, 0x6F7D, 0x6F9C, 0x6F7D, 0x6F9D, 0x6F7D, 0x6F9C, 0x6F7D, 0x6F9C, 
    0x6F7D, 0x6F9C, 0x6B5C, 0x6F7C, 0x6F7D, 0x6F9D, 0x6F7D, 0x6F9D, 0x6F7D, 0x739D, 0x6F7D, 0x739C, 0x6F7D, 0x6F9C, 0x6F7D, 0x6F7C, 
    0x6F7D, 0x777B, 0x5484, 0x5A32, 0x6F7D, 0x6F7C, 0x6F7D, 0x6F9C, 0x6F7D, 0x6F9C, 0x6F7D, 0x6F9C, 0x6F7D, 0x6F7C, 0x6F7D, 0x6F7C, 
    0x6F7D, 0x6F7C, 0x6B7D, 0x6F7C, 0x6B7D, 0x6F7C, 0x6B7D, 0x6F7C, 0x6B7D, 0x6F7C, 0x6B7C, 0x6F7C, 0x6B7C, 0x6F7C, 0x6B7D, 0x6F7C, 
    0x6B7D, 0x6F7C, 0x6B7D, 0x6F7C, 0x6B7C, 0x6F7C, 0x6B7D, 0x6F7C, 0x6B5C, 0x6F7C, 0x6B5C, 0x6F7C, 0x5E32, 0x6295, 0x675C, 0x6319, 
    0x631A, 0x673A, 0x631A, 0x673A, 0x631A, 0x673A, 0x633B, 0x673A, 0x631A, 0x633A, 0x631A, 0x673A, 0x631A, 0x673A, 0x631A, 0x673A, 
    0x631A, 0x673A, 0x631B, 0x673A, 0x631B, 0x633A, 0x631A, 0x673A, 0x631A, 0x673A, 0x633B, 0x673A, 0x631A, 0x633A, 0x633B, 0x633A, 
    0x631B, 0x673A, 0x631A, 0x673A, 0x631B, 0x673A, 0x631A, 0x673A, 0x633B, 0x633A, 0x631A, 0x6339, 0x631A, 0x633A, 0x631A, 0x633A, 
    0x631A, 0x633A, 0x631A, 0x633A, 0x5F1A, 0x6319, 0x5EF9, 0x5EF8, 0x5EF9, 0x6319, 0x5F1A, 0x6319, 0x631A, 0x673A, 0x631A, 0x633A, 
    0x56D7, 0x5AF9, 0x677B, 0x6B7C, 0x6B7B, 0x6B7C, 0x6F9C, 0x6B7D, 0x6F9C, 0x6B7D, 0x6F9C, 0x6F7D, 0x6F9C, 0x6F7D, 0x6F9C, 0x6F7D, 
    0x6F9C, 0x6F7D, 0x6F9C, 0x6F7D, 0x6F9C, 0x6B7D, 0x6F9C, 0x675B, 0x633A, 0x675C, 0x6F9C, 0x6F7D, 0x6F9C, 0x6F9D, 0x6F9C, 0x6F9D, 
    0x6F9C, 0x6F9D, 0x6F9D, 0x6F9D, 0x6F9C, 0x6F9D, 0x6F9D, 0x6F9D, 0x6F9C, 0x6F9D, 0x6F9C, 0x6F9D, 0x6F9C, 0x6F7D, 0x6F9C, 0x6B7C, 
    0x6F9C, 0x6F7D, 0x6F9C, 0x6F9D, 0x6F9C, 0x6F9D, 0x6F9D, 0x6F9D, 0x6F9C, 0x6F7D, 0x6F9C, 0x6F9D, 0x6F9D, 0x6F9D, 0x6F9D, 0x6F9D, 
    0x6F9D, 0x77BE, 0x7BDD, 0x737C, 0x7B9B, 0x7631, 0x7800, 0x78C4, 0x7CA1, 0x78A2, 0x7CA2, 0x7882, 0x78A1, 0x74A3, 0x7400, 0x6E10, 
    0x739C, 0x739D, 0x6F7B, 0x6B7C, 0x6F9C, 0x6F9D, 0x739D, 0x6F9D, 0x77DE, 0x6273, 0x4E31, 0x6F9E, 0x73BD, 0x739E, 0x73BD, 0x739E, 
    0x73BD, 0x739E, 0x73BD, 0x739E, 0x73BD, 0x73BE, 0x77BD, 0x77BE, 0x7BDE, 0x7BDF, 0x7FFF, 0x7FFF, 0x7FFF, 0x7FFF, 0x722F, 0x6C00, 
    0x6C00, 0x6E95, 0x77BD, 0x739D, 0x6F9C, 0x6F7D, 0x6F9C, 0x6F9D, 0x6F9C, 0x6F9D, 0x6F9C, 0x6F9D, 0x6F9C, 0x6F7D, 0x6F9C, 0x6F7D, 
    0x6F9C, 0x6F7D, 0x6F7C, 0x6B7C, 0x6F9C, 0x6F7D, 0x6F9C, 0x6F9D, 0x6F9C, 0x6F7D, 0x6F9D, 0x6F7D, 0x6F9C, 0x6F7D, 0x6F9C, 0x6B7D, 
    0x77BD, 0x61F0, 0x5129, 0x6B5B, 0x6F9C, 0x6B7C, 0x6F9C, 0x6B7D, 0x6F9C, 0x6F7D, 0x6F9C, 0x6B7C, 0x6F9C, 0x6B7C, 0x6F9C, 0x6B7C, 
    0x6F9C, 0x6B7C, 0x6F9C, 0x6B7C, 0x6F7C, 0x6B7C, 0x6F9C, 0x6B7C, 0x6F7C, 0x6B7C, 0x6F7C, 0x6B7C, 0x6F7C, 0x6B7C, 0x6B9C, 0x6B7C, 
    0x6B7C, 0x6B7C, 0x6B7C, 0x6B7C, 0x6F7C, 0x6B7C, 0x6F7C, 0x6B7C, 0x6B7B, 0x6B7C, 0x6B7B, 0x6B7C, 0x6B5A, 0x55CE, 0x6719, 0x633B, 
    0x6339, 0x633A, 0x633A, 0x633A, 0x633A, 0x633A, 0x633A, 0x633A, 0x633A, 0x633A, 0x6339, 0x633A, 0x633A, 0x633A, 0x633A, 0x633A, 
    0x6339, 0x633A, 0x633A, 0x633A, 0x633A, 0x633A, 0x633A, 0x633A, 0x673A, 0x633A, 0x633A, 0x633A, 0x633A, 0x631A, 0x633A, 0x631A, 
    0x633A, 0x631A, 0x6339, 0x633A, 0x633A, 0x633A, 0x633A, 0x631A, 0x633A, 0x633A, 0x633A, 0x631A, 0x6339, 0x631A, 0x6339, 0x633A, 
    0x6339, 0x633A, 0x6339, 0x5F1A, 0x6339, 0x5F19, 0x5F18, 0x5AD8, 0x5EF8, 0x5EF9, 0x6319, 0x5F1A, 0x6339, 0x631A, 0x6339, 0x633A, 
    0x56B8, 0x633A, 0x675B, 0x6B7C, 0x6B7C, 0x6F7C, 0x6B7D, 0x6F9C, 0x6F7D, 0x6F9C, 0x6F7D, 0x6F9C, 0x6F7D, 0x6F9C, 0x6F7D, 0x6F9C, 
    0x6F7D, 0x6F9C, 0x6F7D, 0x6F9C, 0x6F7D, 0x6F9C, 0x6F7C, 0x6F7C, 0x633B, 0x673B, 0x6B7D, 0x6F9C, 0x6F7D, 0x739D, 0x6F7D, 0x6F9D, 
    0x6F9D, 0x739D, 0x6F9D, 0x6F9D, 0x6F7D, 0x6F9C, 0x6F9D, 0x6F9D, 0x6F9D, 0x6F9D, 0x6F9D, 0x6F9D, 0x6F9D, 0x6F9D, 0x6F7D, 0x6F9C, 
    0x6B7C, 0x6F9C, 0x6F7D, 0x6F9C, 0x6F7D, 0x6F9D, 0x6F9D, 0x6F9C, 0x6F7D, 0x6F9C, 0x6F7D, 0x6F9D, 0x6F7D, 0x6F9C, 0x6F7D, 0x739D, 
    0x739E, 0x7BDE, 0x737C, 0x7B9C, 0x76B6, 0x7800, 0x7CC3, 0x7CA2, 0x78A2, 0x7CA1, 0x78A2, 0x7CA1, 0x7881, 0x78A3, 0x7000, 0x71CE, 
    0x737D, 0x739D, 0x6F7D, 0x6F7C, 0x6F7D, 0x739D, 0x6F7D, 0x739D, 0x77BE, 0x55AC, 0x5AB8, 0x77BD, 0x739E, 0x77BE, 0x77BE, 0x7BDE, 
    0x7BDF, 0x7BFE, 0x7BDF, 0x7FFF, 0x7FFF, 0x7FFF, 0x7FFF, 0x7FFF, 0x7FFF, 0x7FFE, 0x7BBE, 0x7B9C, 0x775A, 0x7251, 0x6C00, 0x6CC4, 
    0x6800, 0x6E52, 0x779E, 0x739D, 0x6F7D, 0x6F9C, 0x6F7D, 0x6F9C, 0x6F9D, 0x6F9C, 0x6F7D, 0x6F9C, 0x6F7D, 0x6F9C, 0x6F7D, 0x6F9C, 
    0x6F7D, 0x6F9C, 0x6F7D, 0x6B7B, 0x6F7D, 0x6F9C, 0x6F7D, 0x6F9D, 0x6F7D, 0x6F9C, 0x6F7D, 0x6F9D, 0x6F7D, 0x6F9C, 0x6F7C, 0x73BD, 
    0x72D7, 0x5000, 0x62D8, 0x6F9D, 0x6B7C, 0x6F9C, 0x6F7D, 0x6F9C, 0x6F7D, 0x6F9C, 0x6F7D, 0x6F7C, 0x6F7D, 0x6F7C, 0x6B7C, 0x6F9C, 
    0x6B7D, 0x6F7C, 0x6B7D, 0x6F7C, 0x6B7D, 0x6F7C, 0x6B7C, 0x6F7C, 0x6B7C, 0x6F7C, 0x6B7C, 0x6F7C, 0x6B7C, 0x6F7C, 0x6B7C, 0x6B7C, 
    0x6B7C, 0x6F7C, 0x6B5C, 0x6F7C, 0x6B7C, 0x6F7C, 0x6B7C, 0x6F7C, 0x6B7C, 0x6B7B, 0x6B7C, 0x6F7C, 0x6B7C, 0x6B17, 0x55F0, 0x6B5B, 
    0x631A, 0x6339, 0x631A, 0x633A, 0x633A, 0x673A, 0x631A, 0x673A, 0x631A, 0x6339, 0x631A, 0x633A, 0x631A, 0x673A, 0x633A, 0x673A, 
    0x631A, 0x633A, 0x633A, 0x633A, 0x631A, 0x673A, 0x633A, 0x633A, 0x633A, 0x633A, 0x631A, 0x633A, 0x633B, 0x633A, 0x631A, 0x633A, 
    0x631A, 0x633A, 0x631A, 0x633A, 0x631A, 0x673A, 0x633A, 0x673A, 0x633A, 0x633A, 0x631A, 0x633A, 0x631A, 0x633A, 0x631A, 0x633A, 
    0x631A, 0x6339, 0x631A, 0x633A, 0x5F1A, 0x6319, 0x5EF9, 0x5AF8, 0x5AD8, 0x5F19, 0x5EF9, 0x6319, 0x631A, 0x633A, 0x631A, 0x633A, 
    0x5B18, 0x633A, 0x677B, 0x6B7C, 0x6F7C, 0x6B7C, 0x6F9C, 0x6B7C, 0x6F9C, 0x6B9D, 0x6F9C, 0x6F9D, 0x6F9C, 0x6F9D, 0x6F9C, 0x6F9D, 
    0x6F9C, 0x6B9D, 0x6F9C, 0x6B7C, 0x6F9C, 0x6B9C, 0x6F9C, 0x6B7C, 0x6B7C, 0x633A, 0x675B, 0x6B7D, 0x6F9C, 0x6F9D, 0x6F9C, 0x6F9D, 
    0x6F9C, 0x6F9D, 0x6F9C, 0x6F9D, 0x6F9D, 0x6F9D, 0x6F9C, 0x6F9D, 0x6F9C, 0x6F9D, 0x6F9D, 0x6F9D, 0x6F9C, 0x6F9D, 0x6F9C, 0x6F9D, 
    0x6F9C, 0x6B7C, 0x6F9C, 0x6B9D, 0x6F9C, 0x6F9D, 0x6F9C, 0x6B7D, 0x6F9C, 0x6F9D, 0x6F9C, 0x6B7C, 0x6F9C, 0x6F9D, 0x6F9C, 0x6F9D, 
    0x77DD, 0x737C, 0x779C, 0x7739, 0x7505, 0x7880, 0x7CC2, 0x78A2, 0x7CC2, 0x78A2, 0x7CA1, 0x7881, 0x78A1, 0x74A3, 0x7000, 0x6D8B, 
    0x739C, 0x6F9D, 0x6F9C, 0x6F9D, 0x739D, 0x6F9D, 0x73BD, 0x73DE, 0x737A, 0x454B, 0x73BC, 0x7FFF, 0x7FFF, 0x7FFF, 0x7FFF, 0x7FFF, 
    0x7FFF, 0x7BFF, 0x7BDD, 0x779C, 0x737A, 0x6B18, 0x66D5, 0x5E52, 0x5A0F, 0x516B, 0x4D07, 0x4862, 0x5800, 0x6400, 0x6C82, 0x6883, 
    0x6800, 0x69EF, 0x779D, 0x739D, 0x6F9C, 0x6F9D, 0x6F9C, 0x6F9D, 0x6F9C, 0x6B9D, 0x6F9C, 0x6F9D, 0x6F9C, 0x6F9D, 0x6F9C, 0x6F9D, 
    0x6F9C, 0x6B7D, 0x6F9C, 0x6B7C, 0x6B7B, 0x6B7D, 0x6F9C, 0x6F9D, 0x6F9C, 0x6F9D, 0x6F9C, 0x6F9D, 0x6F9C, 0x6F7C, 0x6F9C, 0x737B, 
    0x58A3, 0x5631, 0x6F9C, 0x6B7C, 0x6F9C, 0x6B7C, 0x6F9C, 0x6B7D, 0x6F9C, 0x6B7D, 0x6F9C, 0x6B7C, 0x6F9C, 0x6B7C, 0x6F9C, 0x6B7C, 
    0x6F9C, 0x6B7C, 0x6F9C, 0x6B7C, 0x6F9C, 0x6B7C, 0x6B7C, 0x6B7C, 0x6F9C, 0x6B7C, 0x6F9C, 0x6B7C, 0x6F9C, 0x6B7C, 0x6B7B, 0x6B7C, 
    0x6B9C, 0x6B7C, 0x6B7C, 0x6B7C, 0x6B7C, 0x6B7C, 0x6B9C, 0x6B7C, 0x6B7C, 0x6B7C, 0x6B7B, 0x6B7C, 0x6B7B, 0x6B9D, 0x6294, 0x5A73, 
    0x677B, 0x5F19, 0x6339, 0x633A, 0x673A, 0x633A, 0x633A, 0x633A, 0x6339, 0x633A, 0x6339, 0x633A, 0x6339, 0x633A, 0x6339, 0x633A, 
    0x6339, 0x633A, 0x633A, 0x633A, 0x633A, 0x633A, 0x6339, 0x633A, 0x6339, 0x633A, 0x633A, 0x633A, 0x633A, 0x633A, 0x6339, 0x633A, 
    0x633A, 0x633A, 0x6339, 0x633A, 0x633A, 0x633A, 0x633A, 0x633A, 0x633A, 0x633A, 0x6339, 0x633A, 0x6339, 0x5F1A, 0x6339, 0x633A, 
    0x6339, 0x5F3A, 0x6339, 0x5F1A, 0x6339, 0x5F19, 0x5F19, 0x5AF9, 0x5EF8, 0x5F19, 0x5F18, 0x5EF9, 0x6339, 0x5F3A, 0x633A, 0x633A, 
    0x5EF9, 0x673A, 0x6B5C, 0x6F7C, 0x6B7D, 0x6F7C, 0x6F7D, 0x6F9C, 0x6F7D, 0x6F9D, 0x6F7D, 0x6F9D, 0x6F7D, 0x6F9C, 0x6F7D, 0x6F9D, 
    0x6F7D, 0x6F9D, 0x6F7D, 0x6F9C, 0x6F7D, 0x6F9C, 0x6F7D, 0x6F9C, 0x6F7D, 0x6B5B, 0x5EFA, 0x6B5B, 0x6F7D, 0x739C, 0x6F7D, 0x739D, 
    0x6F7D, 0x739D, 0x6F9D, 0x739D, 0x6F7E, 0x739D, 0x6F7D, 0x739D, 0x6F7D, 0x739D, 0x6F7D, 0x739D, 0x6F7D, 0x6F9D, 0x6F7D, 0x739D, 
    0x6F7D, 0x6F7C, 0x6F7D, 0x6F9C, 0x6F7D, 0x739D, 0x6F7D, 0x6F9D, 0x6F7D, 0x6F9D, 0x6F7D, 0x6F9D, 0x6F7D, 0x6F7C, 0x6F7D, 0x77BD, 
    0x777D, 0x777C, 0x775C, 0x75AC, 0x7C00, 0x7CC4, 0x7CA2, 0x7CA2, 0x7CA2, 0x7CA2, 0x7882, 0x7CA2, 0x7482, 0x7482, 0x7062, 0x6C20, 
    0x735B, 0x7BFF, 0x779E, 0x7BDE, 0x7BDF, 0x7FFF, 0x7FFF, 0x7FFF, 0x6AD7, 0x3D09, 0x6F5B, 0x777B, 0x6F39, 0x6AF7, 0x6295, 0x5A52, 
    0x55F0, 0x558C, 0x4D09, 0x4C20, 0x4400, 0x4000, 0x3800, 0x3400, 0x3000, 0x3400, 0x3400, 0x3800, 0x5000, 0x6484, 0x6841, 0x6C83, 
    0x6800, 0x696B, 0x777D, 0x77BD, 0x6F7D, 0x739C, 0x6F7D, 0x6F9C, 0x6F7D, 0x6F9C, 0x6F7D, 0x6F9D, 0x6F7D, 0x6F9D, 0x6F7D, 0x6F9D, 
    0x6F7D, 0x6F9C, 0x6F7D, 0x6F7C, 0x6B7C, 0x6F7C, 0x6F7D, 0x6F9D, 0x6F7D, 0x6F9D, 0x6F7D, 0x6F9D, 0x6F7D, 0x6F7C, 0x739E, 0x6610, 
    0x50E9, 0x6B5B, 0x6F7D, 0x6F7C, 0x6F7D, 0x6F7C, 0x6F7D, 0x6F9C, 0x6F7D, 0x6F9C, 0x6F7D, 0x6F7C, 0x6F7D, 0x6F7C, 0x6F7D, 0x6F7C, 
    0x6F7D, 0x6F7C, 0x6B7D, 0x6F7C, 0x6B7D, 0x6F7C, 0x6B7C, 0x6F7C, 0x6B7D, 0x6F7C, 0x6B7C, 0x6F7C, 0x6B7C, 0x6F7C, 0x6B7D, 0x6F7C, 
    0x6B7D, 0x6F7C, 0x6B7D, 0x6F7C, 0x6B7D, 0x6F7C, 0x6B5C, 0x6F7C, 0x6B7C, 0x6F7C, 0x6B7C, 0x6F7C, 0x6B7C, 0x6F7C, 0x6F7C, 0x6210, 
    0x62D7, 0x675B, 0x631A, 0x6739, 0x631A, 0x673A, 0x631A, 0x673A, 0x631A, 0x673A, 0x631A, 0x673A, 0x631A, 0x673A, 0x631A, 0x673A, 
    0x631A, 0x673A, 0x631A, 0x673A, 0x631A, 0x673A, 0x631A, 0x673A, 0x631A, 0x673A, 0x631B, 0x673A, 0x633B, 0x633A, 0x631A, 0x673A, 
    0x631B, 0x673A, 0x631A, 0x673A, 0x633B, 0x673A, 0x631B, 0x673A, 0x633B, 0x633A, 0x631A, 0x633A, 0x631A, 0x633A, 0x631A, 0x6319, 
    0x631A, 0x633A, 0x631A, 0x633A, 0x631A, 0x6319, 0x5F19, 0x6319, 0x5EF9, 0x5EF8, 0x5EF9, 0x5F19, 0x5F1A, 0x631A, 0x631A, 0x673A, 
    0x5F18, 0x5F1A, 0x6B7B, 0x6B7C, 0x6F7C, 0x6B7C, 0x6F9C, 0x6B7D, 0x6F9C, 0x6B7D, 0x6F9C, 0x6B7D, 0x6F9C, 0x6F7D, 0x6F9C, 0x6F7D, 
    0x6F9C, 0x6F7D, 0x6F9C, 0x6F7D, 0x6F9C, 0x6F7D, 0x6F9C, 0x6B7D, 0x6F9C, 0x6B7C, 0x5F19, 0x5EF9, 0x6B7B, 0x6F7D, 0x6F9D, 0x6F9D, 
    0x6F9D, 0x6F9D, 0x739D, 0x6F9D, 0x6F9D, 0x6F9D, 0x6F9C, 0x6F9D, 0x6F9D, 0x6F9D, 0x6F9D, 0x6F9D, 0x6F9D, 0x6F9D, 0x6F9D, 0x6F9D, 
    0x6F9D, 0x6F7D, 0x6F7C, 0x6B7C, 0x6F7C, 0x6B7C, 0x6F9C, 0x6B7D, 0x6F9C, 0x6B7D, 0x6F9C, 0x6B7D, 0x6F9C, 0x6B7C, 0x73BD, 0x739D, 
    0x737B, 0x779D, 0x7672, 0x7800, 0x7CC4, 0x78A2, 0x7CC2, 0x78A2, 0x7CA2, 0x78A2, 0x7CA2, 0x7882, 0x7881, 0x7082, 0x70A3, 0x6800, 
    0x65EE, 0x7BDE, 0x7FFF, 0x7FFF, 0x7BBC, 0x735A, 0x6AF6, 0x5A73, 0x3D49, 0x2400, 0x3000, 0x3000, 0x3000, 0x2C00, 0x2C00, 0x2000, 
    0x2400, 0x3400, 0x4400, 0x4401, 0x3C00, 0x3000, 0x3D29, 0x45CE, 0x5231, 0x5253, 0x5A73, 0x5632, 0x5549, 0x5C00, 0x6862, 0x6862, 
    0x6840, 0x6484, 0x777B, 0x7BDF, 0x739C, 0x6F7C, 0x6F9C, 0x6F7D, 0x6F9C, 0x6F9D, 0x6F9C, 0x6F9D, 0x6F9C, 0x6F9D, 0x6F9C, 0x6F9D, 
    0x6F9C, 0x6F7D, 0x6F9C, 0x6B7D, 0x6F9C, 0x6B7C, 0x6F9C, 0x6B9D, 0x6F9C, 0x6F7D, 0x6F9C, 0x6B7D, 0x6F9C, 0x6FBE, 0x6EF7, 0x5000, 
    0x62F7, 0x6F9D, 0x6F9C, 0x6F7D, 0x6F9C, 0x6B7D, 0x6F9C, 0x6B7D, 0x6F9C, 0x6B7D, 0x6F9C, 0x6B7D, 0x6F9C, 0x6B7D, 0x6F9C, 0x6B7C, 
    0x6F9C, 0x6B7C, 0x6F9C, 0x6B7C, 0x6F7C, 0x6B7C, 0x6F7C, 0x6B7C, 0x6F7C, 0x6B7C, 0x6F7C, 0x6B7C, 0x6F7C, 0x6B7C, 0x6B7C, 0x6B7C, 
    0x6B7C, 0x6B7C, 0x6F7C, 0x6B7C, 0x6F7C, 0x6B7C, 0x6B7C, 0x6B7C, 0x6B7C, 0x6B7C, 0x6F7C, 0x6B7C, 0x6B7B, 0x6B7C, 0x6B9C, 0x6B3A, 
    0x59EE, 0x633A, 0x633A, 0x631A, 0x6339, 0x633A, 0x6339, 0x631A, 0x6339, 0x633A, 0x6339, 0x633A, 0x6339, 0x633A, 0x6339, 0x633A, 
    0x633A, 0x633A, 0x633A, 0x633A, 0x633A, 0x633A, 0x633A, 0x631A, 0x633A, 0x633A, 0x633A, 0x633A, 0x633A, 0x633A, 0x673A, 0x633A, 
    0x633A, 0x633A, 0x633A, 0x633A, 0x633A, 0x633A, 0x633A, 0x633A, 0x633A, 0x631A, 0x6339, 0x631A, 0x6339, 0x631A, 0x6339, 0x631A, 
    0x6339, 0x5F1A, 0x633A, 0x633A, 0x6339, 0x5F1A, 0x6339, 0x5F19, 0x5F19, 0x5EF9, 0x5F19, 0x5EF9, 0x5F19, 0x5F1A, 0x6339, 0x633A, 
    0x5AF9, 0x5EF8, 0x673B, 0x6B7C, 0x6B5C, 0x6F7C, 0x6B7D, 0x6F9C, 0x6F7D, 0x6F9C, 0x6F7D, 0x6F9C, 0x6F7D, 0x6F9C, 0x6F7D, 0x6F9C, 
    0x6F7D, 0x6F9C, 0x6F7D, 0x6F9C, 0x6F7D, 0x6F9C, 0x6F7D, 0x6F9C, 0x6B7D, 0x6F7C, 0x675C, 0x675A, 0x633A, 0x6B5B, 0x6F7D, 0x6F9D, 
    0x6F9D, 0x739D, 0x6F9D, 0x739D, 0x6F9D, 0x6F9C, 0x6F7D, 0x6F9C, 0x6F7D, 0x6F9D, 0x6F7D, 0x6F9D, 0x6F9E, 0x6F9D, 0x6F7D, 0x6F9D, 
    0x6F9E, 0x73BD, 0x6F9E, 0x739D, 0x73BE, 0x77BE, 0x73BE, 0x77BE, 0x73BE, 0x77BE, 0x73BE, 0x77DE, 0x77BE, 0x7BDE, 0x77BE, 0x737B, 
    0x737D, 0x76D6, 0x7820, 0x7CC2, 0x7CA3, 0x7CA2, 0x7CA2, 0x7CA2, 0x78A2, 0x7CA2, 0x7882, 0x78A2, 0x7482, 0x7481, 0x6C61, 0x6883, 
    0x5800, 0x59AD, 0x6694, 0x61EE, 0x50C6, 0x4000, 0x3000, 0x2800, 0x1C00, 0x2000, 0x2000, 0x1C00, 0x1800, 0x1C00, 0x1800, 0x1C00, 
    0x2063, 0x2400, 0x2800, 0x2C00, 0x3508, 0x5673, 0x6318, 0x6B5B, 0x6F7C, 0x739C, 0x6F9D, 0x739C, 0x6B18, 0x5D6A, 0x6000, 0x6882, 
    0x6863, 0x6800, 0x6A32, 0x7FFF, 0x7BDF, 0x739C, 0x6F7C, 0x6F9C, 0x6F7D, 0x6F9C, 0x6F7D, 0x6F9C, 0x6F7D, 0x6F9D, 0x6F7D, 0x6F9D, 
    0x6F7D, 0x6F9C, 0x6F7D, 0x6F9C, 0x6F7D, 0x6F7C, 0x6F7D, 0x6F9D, 0x6F7D, 0x6F9C, 0x6F7D, 0x6F9C, 0x6F9D, 0x777B, 0x5840, 0x5A52, 
    0x6F7D, 0x6F9C, 0x6F7D, 0x6F9C, 0x6F7D, 0x6F9C, 0x6F7D, 0x6F9C, 0x6B7D, 0x6F9C, 0x6F7D, 0x6F7C, 0x6B7D, 0x6F7C, 0x6B7D, 0x6F9C, 
    0x6B7D, 0x6F7C, 0x6B7D, 0x6F7C, 0x6B7D, 0x6F7C, 0x6B7C, 0x6F7C, 0x6B7C, 0x6F7C, 0x6B7C, 0x6F7C, 0x6B7C, 0x6F7C, 0x6B7C, 0x6F7C, 
    0x6B7C, 0x6F7C, 0x6B7C, 0x6F7C, 0x6B7C, 0x6B7C, 0x6B7C, 0x6F7C, 0x6B7C, 0x6F7C, 0x6B7C, 0x6F7C, 0x6B7C, 0x6F7C, 0x6B7C, 0x6F9C, 
    0x66B6, 0x5E31, 0x673B, 0x6339, 0x631A, 0x673A, 0x631A, 0x673A, 0x633A, 0x633A, 0x633A, 0x673A, 0x631A, 0x6739, 0x631A, 0x633A, 
    0x633A, 0x633A, 0x631A, 0x633A, 0x633A, 0x633A, 0x633A, 0x6339, 0x633A, 0x673A, 0x633A, 0x673A, 0x633A, 0x6739, 0x631A, 0x673A, 
    0x633A, 0x673A, 0x633B, 0x633A, 0x633A, 0x673A, 0x633A, 0x633A, 0x631A, 0x633A, 0x631A, 0x633A, 0x631A, 0x6339, 0x631A, 0x633A, 
    0x631A, 0x633A, 0x631B, 0x633A, 0x631A, 0x633A, 0x631A, 0x6319, 0x5F19, 0x5F19, 0x5F19, 0x5F19, 0x5EFA, 0x6319, 0x631A, 0x633A, 
    0x5F19, 0x5AF9, 0x6339, 0x675C, 0x6B7B, 0x6B7C, 0x6F9C, 0x6B7D, 0x6F9C, 0x6B7C, 0x6F9C, 0x6B7D, 0x6F9C, 0x6B7D, 0x6F9C, 0x6B9D, 
    0x6F9C, 0x6B9D, 0x6F9C, 0x6F9D, 0x6F9C, 0x6B9D, 0x6F9C, 0x6B7C, 0x6F9C, 0x6B7C, 0x6B7C, 0x675C, 0x677B, 0x635B, 0x6F9C, 0x6F9D, 
    0x6F9D, 0x6F9E, 0x73BD, 0x6FBE, 0x73BD, 0x73BE, 0x77DE, 0x73BE, 0x77DE, 0x73BE, 0x77DE, 0x73BE, 0x73BD, 0x6F9D, 0x6FBC, 0x6B9C, 
    0x6F7B, 0x675B, 0x6359, 0x5F18, 0x5AF6, 0x52B6, 0x4E94, 0x4A74, 0x4A73, 0x4653, 0x4651, 0x4231, 0x4631, 0x4652, 0x62F7, 0x737C, 
    0x7738, 0x7507, 0x7C80, 0x78C3, 0x7CC2, 0x78A2, 0x7CC2, 0x78A2, 0x7CC2, 0x78A2, 0x78A2, 0x7482, 0x7481, 0x6C61, 0x6861, 0x5C41, 
    0x5883, 0x4C00, 0x4000, 0x4400, 0x4400, 0x3400, 0x2C00, 0x2400, 0x2400, 0x24A6, 0x3129, 0x356C, 0x41EF, 0x4A32, 0x5694, 0x5AD7, 
    0x6318, 0x673A, 0x41CE, 0x3128, 0x6317, 0x6F7C, 0x6F9C, 0x6F9D, 0x73BD, 0x6F9D, 0x73BD, 0x6F9D, 0x73BD, 0x6718, 0x5D27, 0x6400, 
    0x6882, 0x6883, 0x6400, 0x6E94, 0x7FFF, 0x77DE, 0x739C, 0x6F9D, 0x6F9C, 0x6B9D, 0x6F9C, 0x6F9D, 0x6F9C, 0x6F9D, 0x6F9C, 0x6F9D, 
    0x6F9C, 0x6F9D, 0x6F9C, 0x6B7D, 0x6F9C, 0x6B7C, 0x6F9C, 0x6B9D, 0x6F9C, 0x6B9D, 0x6F9C, 0x6B9D, 0x77BD, 0x65EF, 0x554A, 0x6B5B, 
    0x6F9C, 0x6B7C, 0x6F9C, 0x6B7C, 0x6F9C, 0x6B7D, 0x6F9C, 0x6B7D, 0x6F9C, 0x6B9D, 0x6F9C, 0x6B7C, 0x6F9C, 0x6B7C, 0x6F9C, 0x6B7C, 
    0x6F9C, 0x6B7C, 0x6F9C, 0x6B7C, 0x6F9C, 0x6B7C, 0x6B7C, 0x6B7C, 0x6B9C, 0x6B7C, 0x6F9C, 0x6B7C, 0x6B9C, 0x6B7C, 0x6B9C, 0x6B7C, 
    0x6B9C, 0x6B7C, 0x6B9C, 0x6B7C, 0x6B9C, 0x6B7C, 0x6B9C, 0x6B7C, 0x6B9C, 0x6B7C, 0x6B9C, 0x6B7C, 0x6B7B, 0x6B7C, 0x6B7B, 0x6B7C, 
    0x6F7B, 0x5E31, 0x62F6, 0x633A, 0x6339, 0x633A, 0x6339, 0x633A, 0x6339, 0x633A, 0x633A, 0x633A, 0x6339, 0x633A, 0x6339, 0x633A, 
    0x6339, 0x633A, 0x6339, 0x633A, 0x633A, 0x633A, 0x6339, 0x633A, 0x633A, 0x633A, 0x633A, 0x633A, 0x6339, 0x633A, 0x6339, 0x633A, 
    0x633A, 0x633A, 0x633A, 0x633A, 0x633A, 0x633A, 0x633A, 0x633A, 0x633A, 0x633A, 0x633A, 0x5F1A, 0x6339, 0x5F1A, 0x6339, 0x5F3A, 
    0x6339, 0x633A, 0x633A, 0x633A, 0x6339, 0x5F3A, 0x6339, 0x5F1A, 0x6339, 0x5F1A, 0x6339, 0x5F19, 0x5F19, 0x5EF9, 0x6339, 0x633A, 
    0x5F1A, 0x631A, 0x5EF9, 0x675B, 0x6B5C, 0x6F7C, 0x6F7D, 0x6F7C, 0x6F7D, 0x6F9D, 0x6F7D, 0x6F9D, 0x6F7D, 0x6F7D, 0x6F7D, 0x6F9D, 
    0x6F7D, 0x6F9D, 0x6F7D, 0x6F9D, 0x6F7D, 0x6F9D, 0x6F7D, 0x6F9C, 0x6F7D, 0x6F7C, 0x6B7D, 0x739D, 0x739E, 0x6F9D, 0x6F9E, 0x73BD, 
    0x739E, 0x739D, 0x6F7D, 0x6F7B, 0x673A, 0x6739, 0x5EF8, 0x5AD6, 0x5295, 0x4E73, 0x4632, 0x4210, 0x39CF, 0x318C, 0x254A, 0x2128, 
    0x1CC7, 0x14A6, 0x18E9, 0x210A, 0x0000, 0x1486, 0x294D, 0x318E, 0x318F, 0x2D6D, 0x35AF, 0x4632, 0x4A55, 0x4612, 0x5675, 0x733A, 
    0x75AE, 0x7C00, 0x7CC4, 0x7CC2, 0x7CA2, 0x7CC2, 0x7CA3, 0x7CA2, 0x7CA3, 0x7CA2, 0x7883, 0x7881, 0x7462, 0x7061, 0x6442, 0x5C41, 
    0x5422, 0x5084, 0x4400, 0x4483, 0x494B, 0x51EF, 0x5633, 0x5E95, 0x62D8, 0x673A, 0x6B5B, 0x6F7C, 0x6F7D, 0x739D, 0x739E, 0x77BE, 
    0x77BF, 0x77BE, 0x3DAE, 0x5A94, 0x73BE, 0x6F9D, 0x6F9D, 0x739D, 0x6F9D, 0x739D, 0x6F9D, 0x739D, 0x6F9E, 0x739D, 0x66D6, 0x6083, 
    0x6821, 0x6862, 0x6884, 0x6400, 0x6ED7, 0x7FFF, 0x7BBE, 0x739C, 0x6F7D, 0x739D, 0x6F7D, 0x739D, 0x6F7D, 0x6F9D, 0x6F7D, 0x6F9D, 
    0x6F7D, 0x6F9D, 0x6F7D, 0x6F9C, 0x6F7D, 0x6F7C, 0x6B7D, 0x6F9C, 0x6F7D, 0x6F9D, 0x6F7D, 0x73BD, 0x72D7, 0x5400, 0x66F9, 0x6F9D, 
    0x6F7C, 0x6F9C, 0x6F7D, 0x6F9C, 0x6F7D, 0x6F9C, 0x6F7D, 0x6F7C, 0x6F7D, 0x6F9C, 0x6F7D, 0x6F9C, 0x6F7D, 0x6F7C, 0x6F7D, 0x6F7C, 
    0x6F7D, 0x6F7C, 0x6B7D, 0x6F7C, 0x6B7D, 0x6F7C, 0x6B7D, 0x6F7C, 0x6B7D, 0x6F7C, 0x6B7D, 0x6F7C, 0x6B7D, 0x6F7C, 0x6B7D, 0x6F7C, 
    0x6B7D, 0x6F7C, 0x6B7D, 0x6F7C, 0x6B7D, 0x6F7C, 0x6B7D, 0x6F7C, 0x6B7C, 0x6F7C, 0x6B7D, 0x6F7C, 0x6B7C, 0x6F7C, 0x6B7C, 0x6F7C, 
    0x6B7D, 0x6AB5, 0x6296, 0x675B, 0x631A, 0x673A, 0x631A, 0x673A, 0x631A, 0x673A, 0x631A, 0x633A, 0x631A, 0x673A, 0x631A, 0x673A, 
    0x631A, 0x633A, 0x631A, 0x673A, 0x631A, 0x633A, 0x631A, 0x633A, 0x631A, 0x673A, 0x631A, 0x673A, 0x631A, 0x673A, 0x631A, 0x673A, 
    0x631A, 0x673A, 0x633B, 0x673A, 0x631A, 0x673A, 0x631B, 0x633A, 0x631A, 0x633A, 0x631A, 0x633A, 0x631A, 0x631A, 0x631A, 0x633A, 
    0x631A, 0x673A, 0x631A, 0x673A, 0x631A, 0x633A, 0x631A, 0x633A, 0x631A, 0x6319, 0x5F1A, 0x6319, 0x5EF9, 0x5EF9, 0x5EFA, 0x633A, 
    0x6339, 0x5F1A, 0x5F19, 0x5F1A, 0x6B7B, 0x6B7C, 0x6F9C, 0x6B7D, 0x6F9C, 0x6B7D, 0x6F9C, 0x6B7D, 0x6F9C, 0x6B7D, 0x6F9C, 0x6B7D, 
    0x6F9C, 0x6B7D, 0x6F9C, 0x6F7D, 0x6F9C, 0x6F7D, 0x6F9C, 0x6F9D, 0x6F9C, 0x6B7D, 0x73BD, 0x5AF8, 0x4231, 0x35CF, 0x318C, 0x296B, 
    0x296A, 0x252A, 0x2128, 0x18E8, 0x1D08, 0x212B, 0x296C, 0x296E, 0x35CF, 0x39F1, 0x3E32, 0x3E13, 0x4A53, 0x4A75, 0x4E95, 0x52B7, 
    0x56D6, 0x56D8, 0x5F19, 0x631A, 0x5A31, 0x59CF, 0x633A, 0x633B, 0x673A, 0x631A, 0x6F7C, 0x73BE, 0x73BD, 0x6B5B, 0x6F5A, 0x7273, 
    0x7800, 0x7C80, 0x7C80, 0x7C80, 0x7C80, 0x7C80, 0x7C80, 0x7C80, 0x7C80, 0x7860, 0x7C80, 0x7460, 0x7060, 0x6841, 0x6061, 0x5441, 
    0x5082, 0x4400, 0x55CC, 0x6AF7, 0x6F5A, 0x6F7C, 0x6F9C, 0x6F9D, 0x73BD, 0x6F9E, 0x739D, 0x6F9D, 0x739D, 0x6F9D, 0x739D, 0x77BF, 
    0x6F9C, 0x39CF, 0x358D, 0x358E, 0x6B7B, 0x73BE, 0x6F9C, 0x6F9D, 0x739D, 0x6F9D, 0x739D, 0x6F9D, 0x6F9D, 0x6F9D, 0x739C, 0x6273, 
    0x6400, 0x6863, 0x6882, 0x6883, 0x6400, 0x7339, 0x7FFF, 0x77BE, 0x6F9C, 0x6F9D, 0x6F9C, 0x6F9D, 0x6F9C, 0x6F9D, 0x6F9C, 0x6F9D, 
    0x6F9C, 0x6F9D, 0x6F9C, 0x6F7D, 0x6F9C, 0x6B7C, 0x6F9C, 0x6B7D, 0x6F9C, 0x6B7D, 0x6F9D, 0x737C, 0x5CC4, 0x5A32, 0x6F9C, 0x6B7C, 
    0x6F9C, 0x6B7C, 0x6F9C, 0x6F7D, 0x6F9C, 0x6F7C, 0x6F9C, 0x6B7C, 0x6F9C, 0x6B7D, 0x6F9C, 0x6B7D, 0x6F9C, 0x6B7C, 0x6F9C, 0x6B7C, 
    0x6F9C, 0x6B7C, 0x6F9C, 0x6B7C, 0x6F7C, 0x6B7C, 0x6F9C, 0x6B7C, 0x6F7C, 0x6B7C, 0x6F7C, 0x6B7C, 0x6F7C, 0x6B7C, 0x6B7C, 0x6B7C, 
    0x6B7C, 0x6B7C, 0x6B7C, 0x6B7C, 0x6B7C, 0x6B7C, 0x6B7C, 0x6B7C, 0x6B7C, 0x6B7C, 0x6B7C, 0x6B7C, 0x6B7B, 0x6B7C, 0x6B7C, 0x6B7C, 
    0x6B9C, 0x66B6, 0x62B5, 0x675B, 0x6339, 0x631A, 0x6339, 0x633A, 0x633A, 0x633A, 0x633A, 0x633A, 0x633A, 0x633A, 0x633A, 0x633A, 
    0x633A, 0x633A, 0x6339, 0x633A, 0x633A, 0x631A, 0x633A, 0x631A, 0x633A, 0x633A, 0x633A, 0x633A, 0x633A, 0x633A, 0x6339, 0x633A, 
    0x633A, 0x633A, 0x633A, 0x633A, 0x633A, 0x633A, 0x633A, 0x633A, 0x6339, 0x631A, 0x6339, 0x5F1A, 0x6339, 0x5F1A, 0x633A, 0x633A, 
    0x6339, 0x633A, 0x633A, 0x633A, 0x633A, 0x633A, 0x6339, 0x631A, 0x633A, 0x5F1A, 0x5AD8, 0x5AD8, 0x56D7, 0x5EF9, 0x5F19, 0x631A, 
    0x5F1A, 0x5F19, 0x631A, 0x6319, 0x673B, 0x6F7C, 0x6B7C, 0x6F9C, 0x6B7D, 0x6F9C, 0x6B7D, 0x6F7C, 0x6B7D, 0x6F9C, 0x6F7D, 0x6F9C, 
    0x6F7D, 0x6F9D, 0x6F7D, 0x6F9D, 0x6F7D, 0x6F9D, 0x6F7D, 0x6F9C, 0x6F9D, 0x739D, 0x4A54, 0x3DF1, 0x4A75, 0x4A94, 0x4E95, 0x56D6, 
    0x56D8, 0x5EF9, 0x5F1A, 0x633A, 0x675C, 0x6B7C, 0x675C, 0x6B7C, 0x675C, 0x633A, 0x5F1B, 0x5F3A, 0x5F1A, 0x633A, 0x633B, 0x675B, 
    0x675C, 0x6F7C, 0x6B7C, 0x6F9C, 0x6A74, 0x6A93, 0x675C, 0x675B, 0x673B, 0x675A, 0x6F7D, 0x739D, 0x6B3A, 0x6B39, 0x6719, 0x65AC, 
    0x6D4A, 0x6D6A, 0x6D4A, 0x7149, 0x7529, 0x7548, 0x7528, 0x7928, 0x7508, 0x7928, 0x74E6, 0x74A3, 0x6C63, 0x6462, 0x5C43, 0x5463, 
    0x4800, 0x556A, 0x6F5A, 0x6F9C, 0x6F7D, 0x6F9C, 0x6F7D, 0x6F9C, 0x6F7D, 0x739D, 0x6F7D, 0x739D, 0x6F9D, 0x739D, 0x77DF, 0x6739, 
    0x2D4B, 0x5295, 0x739E, 0x5ED8, 0x292A, 0x6F7B, 0x77BF, 0x6F9D, 0x6F9D, 0x739D, 0x6F9D, 0x739D, 0x6F9D, 0x739D, 0x6F7D, 0x6F5A, 
    0x6210, 0x6800, 0x6463, 0x6882, 0x6820, 0x64A1, 0x777B, 0x7FFF, 0x739D, 0x739D, 0x6F9D, 0x739D, 0x6F9D, 0x739D, 0x6F7D, 0x6F9C, 
    0x6F7D, 0x6F9C, 0x6F7D, 0x6F9C, 0x6F7D, 0x6F7C, 0x6B7D, 0x6F9C, 0x6B7D, 0x6F7C, 0x73BE, 0x6631, 0x510A, 0x6B5B, 0x6F7D, 0x6F7C, 
    0x6F7D, 0x6F9C, 0x6F7D, 0x6F9C, 0x6F7D, 0x6F9C, 0x6F7D, 0x6F9C, 0x6F7D, 0x6F9C, 0x6F7D, 0x6F9C, 0x6B7D, 0x6F9C, 0x6B7D, 0x6F7C, 
    0x6B7D, 0x6F7C, 0x6B7D, 0x6B7C, 0x6B7D, 0x6F7C, 0x6B7D, 0x6F7C, 0x6B7C, 0x6F7C, 0x6B7C, 0x6F7C, 0x6B7C, 0x6F7C, 0x6B7C, 0x6F7C, 
    0x6B7C, 0x6F7C, 0x6B7C, 0x6F7C, 0x6B7C, 0x6F7C, 0x6B7C, 0x6F7C, 0x6B7C, 0x6F7C, 0x6B7C, 0x6F7C, 0x6B7C, 0x6F7C, 0x6B7C, 0x6B7B, 
    0x6B7C, 0x6AF7, 0x5E74, 0x675B, 0x631A, 0x6339, 0x631A, 0x633A, 0x633A, 0x673A, 0x631A, 0x633A, 0x633A, 0x633A, 0x633B, 0x633A, 
    0x633B, 0x633A, 0x631A, 0x633A, 0x633A, 0x633A, 0x631A, 0x633A, 0x633A, 0x633A, 0x633A, 0x673A, 0x633A, 0x6339, 0x633A, 0x673A, 
    0x633A, 0x633A, 0x633B, 0x633A, 0x633B, 0x633A, 0x633A, 0x633A, 0x631A, 0x6339, 0x631A, 0x633A, 0x631A, 0x6319, 0x631A, 0x6339, 
    0x631A, 0x673A, 0x633A, 0x673A, 0x633A, 0x673A, 0x631A, 0x633A, 0x633A, 0x633A, 0x56D9, 0x5AF8, 0x56B8, 0x5AD8, 0x56B8, 0x5EF9, 
    0x5F39, 0x5F1A, 0x635A, 0x633A, 0x6339, 0x6B5C, 0x6B9C, 0x6B7C, 0x6F9C, 0x6B7D, 0x6F9C, 0x6B7D, 0x6F9C, 0x6B7D, 0x6F9C, 0x6B9D, 
    0x6F9C, 0x6B7D, 0x6F9C, 0x6B9D, 0x6F9C, 0x6F9D, 0x6F9C, 0x6F9D, 0x6F9C, 0x3E11, 0x4674, 0x6B9D, 0x6FBD, 0x6F9D, 0x73BD, 0x6F9D, 
    0x73BD, 0x6F9D, 0x6F9D, 0x6F9D, 0x6F9C, 0x6B7C, 0x6B9C, 0x677C, 0x675A, 0x5F1A, 0x633A, 0x5F1A, 0x635A, 0x635B, 0x675A, 0x675B, 
    0x6B7B, 0x6B5B, 0x6B7B, 0x6B7C, 0x6631, 0x66F7, 0x677B, 0x675B, 0x675B, 0x675B, 0x73BD, 0x6B5B, 0x6B39, 0x6B39, 0x6630, 0x4CA4, 
    0x4D28, 0x4908, 0x4907, 0x48E7, 0x4907, 0x48E7, 0x4D07, 0x4508, 0x4128, 0x3D49, 0x4107, 0x3CA5, 0x3C83, 0x3884, 0x34A4, 0x2C63, 
    0x3041, 0x6B18, 0x6F9C, 0x675B, 0x6F7C, 0x6B7C, 0x6F9C, 0x6F9D, 0x6F9C, 0x6F9D, 0x6F9D, 0x6F9D, 0x73BD, 0x77DE, 0x56B4, 0x292B, 
    0x6318, 0x73BE, 0x77DD, 0x73BE, 0x5EF8, 0x2529, 0x6F9B, 0x73BE, 0x6F9C, 0x6F9D, 0x73BD, 0x6F9D, 0x73BD, 0x6F9D, 0x6F9C, 0x6F9D, 
    0x6F59, 0x61AC, 0x6400, 0x6483, 0x64A3, 0x6400, 0x698B, 0x7BDE, 0x7BFF, 0x6F9D, 0x6F9C, 0x6F9D, 0x6F9C, 0x6F9D, 0x6F9C, 0x6F9D, 
    0x6F9C, 0x6F9D, 0x6F9C, 0x6F9D, 0x6F9C, 0x6B7C, 0x6F9C, 0x6B7D, 0x6B7C, 0x6FBE, 0x6F18, 0x4800, 0x6718, 0x6B9D, 0x6F9C, 0x6B9C, 
    0x6F9C, 0x6B7C, 0x6F9C, 0x6B7D, 0x6F9C, 0x6B9D, 0x6F9C, 0x6B7D, 0x6F9C, 0x6B7C, 0x6F9C, 0x6B7C, 0x6F9C, 0x6B7C, 0x6F9C, 0x6B7C, 
    0x6F9C, 0x6B7C, 0x6F9C, 0x6B7C, 0x6F9C, 0x6B7C, 0x6F9C, 0x6B7C, 0x6F9C, 0x6B7C, 0x6F9C, 0x6B7C, 0x6B9C, 0x6B7C, 0x6B7C, 0x6B7C, 
    0x6B7C, 0x6B7C, 0x6B9C, 0x6B7C, 0x6B7C, 0x6B7C, 0x6B7C, 0x6B7C, 0x6B9C, 0x6B7C, 0x6B9C, 0x6B7C, 0x6B7C, 0x6B7C, 0x6B7B, 0x6B7C, 
    0x6B9C, 0x66F8, 0x5E52, 0x675B, 0x6339, 0x633A, 0x6339, 0x633A, 0x6339, 0x5F19, 0x6339, 0x633A, 0x6339, 0x633A, 0x635A, 0x633A, 
    0x633A, 0x633A, 0x6339, 0x633A, 0x633A, 0x633A, 0x633A, 0x633A, 0x6339, 0x633A, 0x6339, 0x633A, 0x6339, 0x633A, 0x633A, 0x633A, 
    0x633A, 0x633A, 0x633A, 0x633A, 0x633A, 0x633A, 0x633A, 0x633A, 0x633A, 0x5F3A, 0x633A, 0x5F1A, 0x6339, 0x5F1A, 0x633A, 0x5F3A, 
    0x633A, 0x633A, 0x635A, 0x633A, 0x6339, 0x633A, 0x6339, 0x633A, 0x633A, 0x5F1A, 0x5B19, 0x5F19, 0x5F18, 0x5AD8, 0x56D8, 0x56D8, 
    0x5F1A, 0x631A, 0x631A, 0x673A, 0x631A, 0x673A, 0x6B5C, 0x6F7C, 0x6F7D, 0x6F7C, 0x6F7D, 0x6F9C, 0x6F7D, 0x6F7C, 0x6F7D, 0x6F9D, 
    0x6F7D, 0x6F9D, 0x6F7D, 0x6F9D, 0x6F7D, 0x6F9D, 0x739E, 0x6739, 0x4E75, 0x56D7, 0x6B5D, 0x6F9C, 0x6F7D, 0x6F7C, 0x6F7D, 0x6F9C, 
    0x6F7D, 0x6F9C, 0x6F7D, 0x6F7C, 0x6F7D, 0x6F7C, 0x6B5C, 0x6B7C, 0x631B, 0x673A, 0x633B, 0x673A, 0x673C, 0x6B5B, 0x673B, 0x6B5B, 
    0x673B, 0x6B5B, 0x675B, 0x6B5B, 0x6610, 0x6B39, 0x675C, 0x6B5B, 0x6B5C, 0x739D, 0x737D, 0x6B3A, 0x6B3A, 0x6E93, 0x7880, 0x7CC3, 
    0x7CA2, 0x7CA1, 0x7C81, 0x7C80, 0x7881, 0x7880, 0x7860, 0x7860, 0x7040, 0x7000, 0x5908, 0x48A4, 0x5821, 0x5442, 0x4C64, 0x4800, 
    0x55AE, 0x739C, 0x6F7D, 0x6F7C, 0x6B5D, 0x6F7C, 0x6F7D, 0x739D, 0x6F7D, 0x739D, 0x6F7D, 0x77BE, 0x779E, 0x4610, 0x39B0, 0x6B5B, 
    0x77BF, 0x77BE, 0x73BE, 0x77BE, 0x77BF, 0x5AD7, 0x2D4B, 0x739C, 0x77BF, 0x739D, 0x739E, 0x739D, 0x6F9D, 0x6F7C, 0x6F7D, 0x6F9D, 
    0x6F7D, 0x6F18, 0x6109, 0x6400, 0x6463, 0x68A4, 0x6400, 0x6E30, 0x7FFF, 0x7BDE, 0x6F7D, 0x739D, 0x6F7D, 0x739D, 0x6F7D, 0x739D, 
    0x6F7D, 0x6F9D, 0x6F7D, 0x6F9D, 0x6F7D, 0x6F9C, 0x6F7D, 0x6F7C, 0x6F9E, 0x779C, 0x50A6, 0x5A73, 0x6F7D, 0x6F7C, 0x6F7D, 0x6F9C, 
    0x6F7D, 0x6F9C, 0x6F7D, 0x6F9D, 0x6F7D, 0x6F9D, 0x6F7D, 0x6F9C, 0x6F7D, 0x6F7C, 0x6F7D, 0x6F7C, 0x6F7D, 0x6F7C, 0x6F7D, 0x6F7C, 
    0x6F7D, 0x6F7C, 0x6F7D, 0x6F7C, 0x6F7D, 0x6F7C, 0x6F7D, 0x6F7C, 0x6F7D, 0x6F7C, 0x6B7D, 0x6F7C, 0x6B7D, 0x6F7C, 0x6B7D, 0x6F7C, 
    0x6B7D, 0x6F7C, 0x6B7D, 0x6F7C, 0x6B7D, 0x6F7C, 0x6B7D, 0x6F7C, 0x6B7C, 0x6F7C, 0x6B7C, 0x6F7C, 0x6B7C, 0x6F7C, 0x6B7C, 0x6F7C, 
    0x6B7C, 0x6B19, 0x5E33, 0x675B, 0x631A, 0x673A, 0x631A, 0x673A, 0x633A, 0x673A, 0x631A, 0x673A, 0x631A, 0x673A, 0x633B, 0x673A, 
    0x633B, 0x673A, 0x631A, 0x673A, 0x631A, 0x633A, 0x631A, 0x673A, 0x631A, 0x673A, 0x631A, 0x673A, 0x631A, 0x633A, 0x633B, 0x673A, 
    0x631B, 0x633A, 0x631B, 0x633A, 0x633B, 0x673A, 0x631B, 0x633A, 0x631A, 0x633A, 0x631B, 0x633A, 0x631A, 0x631A, 0x5F1A, 0x633A, 
    0x631A, 0x673A, 0x633B, 0x673A, 0x633A, 0x673A, 0x631A, 0x633A, 0x631B, 0x5F19, 0x5F1A, 0x6319, 0x5EF9, 0x62F9, 0x5F1A, 0x631A, 
    0x6339, 0x5AF9, 0x5F18, 0x633A, 0x6319, 0x5F19, 0x6B7B, 0x6B7C, 0x6F9C, 0x6B7D, 0x6F9C, 0x6B7D, 0x6F9C, 0x6B7D, 0x6F9C, 0x6B7D, 
    0x6F9C, 0x6F7D, 0x6F9C, 0x6B7D, 0x6F9C, 0x6F9D, 0x6318, 0x39D0, 0x633A, 0x6F9E, 0x6F9C, 0x6B7D, 0x6F9C, 0x6B7D, 0x6F9C, 0x6F7D, 
    0x6F9C, 0x6F7D, 0x6F9C, 0x6B7D, 0x6F9C, 0x6B7C, 0x6B7C, 0x633B, 0x633A, 0x633A, 0x633A, 0x675B, 0x675B, 0x675B, 0x675B, 0x673B, 
    0x675A, 0x673A, 0x6B5B, 0x6719, 0x660F, 0x675B, 0x6B7C, 0x675B, 0x6F9C, 0x73BE, 0x6B5A, 0x673A, 0x6AD6, 0x70E6, 0x7CC0, 0x78C4, 
    0x7CC2, 0x7CA3, 0x7CC2, 0x7CA3, 0x7CC2, 0x78A2, 0x7CA2, 0x78A3, 0x7C80, 0x7108, 0x5507, 0x6441, 0x6461, 0x5C62, 0x5C83, 0x5400, 
    0x6694, 0x6F9D, 0x6F9C, 0x6B7D, 0x6F7C, 0x6B7C, 0x6F9C, 0x6F9D, 0x6F9C, 0x6F9D, 0x7BDF, 0x6B5B, 0x358C, 0x4A54, 0x739D, 0x73BE, 
    0x77BE, 0x73BE, 0x77BE, 0x73BE, 0x73BD, 0x73BE, 0x56B6, 0x2D4B, 0x73BC, 0x77BF, 0x6F9D, 0x6F9D, 0x6F9C, 0x6B7D, 0x6F9D, 0x6F9D, 
    0x6F9C, 0x6F9D, 0x6AD6, 0x6062, 0x6440, 0x6462, 0x68A3, 0x6800, 0x72D5, 0x7FFF, 0x77DE, 0x6F9D, 0x6F9D, 0x6F9D, 0x6F9D, 0x6F9D, 
    0x6F9C, 0x6F9D, 0x6F9C, 0x6F9D, 0x6F9C, 0x6F7D, 0x6F9C, 0x6F9D, 0x7BDE, 0x6210, 0x494A, 0x6B5B, 0x6F9C, 0x6B7C, 0x6F9C, 0x6F7D, 
    0x6F9C, 0x6F7D, 0x6F9C, 0x6B7C, 0x6F9C, 0x6F7D, 0x6F9C, 0x6B7D, 0x6F9C, 0x6B7D, 0x6F9C, 0x6B7D, 0x6F9C, 0x6B7D, 0x6F9C, 0x6B7C, 
    0x6F9C, 0x6B7D, 0x6F9C, 0x6B7C, 0x6F9C, 0x6B7C, 0x6F9C, 0x6B7D, 0x6F9C, 0x6B7C, 0x6F7C, 0x6B7D, 0x6F9C, 0x6B7C, 0x6F7C, 0x6B7C, 
    0x6B7C, 0x6B7C, 0x6B7C, 0x6B7C, 0x6F7C, 0x6B7C, 0x6B7C, 0x6B7C, 0x6B7B, 0x6B7C, 0x6F7C, 0x6B7C, 0x6F7C, 0x6B7C, 0x6B7B, 0x6B7C, 
    0x6B7C, 0x671A, 0x5E51, 0x673B, 0x6339, 0x633A, 0x6339, 0x631A, 0x633A, 0x633A, 0x633A, 0x633A, 0x633A, 0x633A, 0x633A, 0x633A, 
    0x633A, 0x633A, 0x633A, 0x633A, 0x633A, 0x631A, 0x6339, 0x633A, 0x633A, 0x633A, 0x633A, 0x633A, 0x633A, 0x631A, 0x633A, 0x633A, 
    0x633A, 0x633A, 0x633A, 0x633A, 0x633A, 0x631A, 0x633A, 0x633A, 0x633A, 0x633A, 0x633A, 0x631A, 0x633A, 0x5F1A, 0x6319, 0x633A, 
    0x633A, 0x633A, 0x633A, 0x633A, 0x6339, 0x633A, 0x633A, 0x633A, 0x5F3A, 0x5F1A, 0x6339, 0x631A, 0x6339, 0x5F1A, 0x6339, 0x631A, 
    0x5F1A, 0x633A, 0x631A, 0x673A, 0x631A, 0x675A, 0x6B5C, 0x6F7C, 0x6B7D, 0x6F9C, 0x6B7D, 0x6F9C, 0x6F7D, 0x6F9C, 0x6F7D, 0x6F9C, 
    0x6F7D, 0x6F9D, 0x6B7D, 0x739D, 0x739E, 0x5AD7, 0x4A75, 0x6F7C, 0x6F9D, 0x6F9C, 0x6F7D, 0x6F9C, 0x6F7D, 0x6F9C, 0x6F7D, 0x6F9C, 
    0x6F7D, 0x6F9C, 0x6F7D, 0x6F9C, 0x6B7D, 0x6F7C, 0x6B7C, 0x633A, 0x5F1A, 0x633A, 0x633B, 0x675B, 0x675C, 0x675B, 0x675C, 0x6B5B, 
    0x673A, 0x6B5A, 0x675B, 0x6AB5, 0x6631, 0x675B, 0x6B5C, 0x6F7B, 0x779E, 0x6F7B, 0x6719, 0x6B17, 0x6D6B, 0x7C60, 0x78C4, 0x7CA2, 
    0x7CA2, 0x7CC2, 0x7CA2, 0x7CA2, 0x7CA2, 0x7CA2, 0x7883, 0x7881, 0x74C6, 0x50E7, 0x5C41, 0x6861, 0x6062, 0x5C62, 0x5821, 0x5883, 
    0x6B19, 0x6F9D, 0x6F7D, 0x6F9D, 0x6F7D, 0x6F7C, 0x6F7D, 0x6F9D, 0x6F9E, 0x7BDE, 0x5EF7, 0x2D4B, 0x5AF8, 0x77BE, 0x73BE, 0x77BE, 
    0x73BE, 0x77BE, 0x73BE, 0x77BE, 0x73BE, 0x77BE, 0x77BF, 0x56B6, 0x294A, 0x739D, 0x77BF, 0x6F9D, 0x6B7C, 0x6F9C, 0x6F7D, 0x6F9D, 
    0x6F9D, 0x739D, 0x6F7C, 0x6673, 0x6000, 0x6882, 0x6462, 0x6862, 0x6800, 0x7B59, 0x7FFF, 0x77BD, 0x6F9D, 0x6F9D, 0x6F9D, 0x6F9D, 
    0x6F7D, 0x6F9D, 0x6F7D, 0x6F9D, 0x6F7D, 0x6F9D, 0x6F7D, 0x77DE, 0x6ED6, 0x4C00, 0x5ED8, 0x6B7C, 0x673B, 0x6B7B, 0x6F7D, 0x6F9C, 
    0x6F7D, 0x6F9C, 0x6F7D, 0x6F9C, 0x6F7D, 0x6F9C, 0x6F7D, 0x6F9C, 0x6F7D, 0x6F7C, 0x6B7C, 0x6F9C, 0x6F7D, 0x6F9C, 0x6F7D, 0x6F9C, 
    0x6F7C, 0x6F9C, 0x6B7D, 0x6F9C, 0x6B7D, 0x6F7C, 0x6B7D, 0x6F9C, 0x6B7D, 0x6F7C, 0x6B7D, 0x6F7C, 0x6B7C, 0x6F7C, 0x6B7C, 0x6F7C, 
    0x6B7C, 0x6B7C, 0x6B7C, 0x6F7C, 0x6B7C, 0x6F7C, 0x6B7C, 0x6F7C, 0x6B7C, 0x6F7C, 0x6B7C, 0x6F7C, 0x6B7C, 0x6F7C, 0x6B7C, 0x6F7C, 
    0x6B7C, 0x6F3A, 0x5A11, 0x673A, 0x633A, 0x673A, 0x633A, 0x633A, 0x633A, 0x673A, 0x633A, 0x673A, 0x631A, 0x673A, 0x633A, 0x633A, 
    0x633A, 0x633A, 0x631A, 0x673A, 0x633A, 0x6339, 0x633A, 0x633A, 0x631A, 0x633A, 0x631A, 0x673A, 0x633A, 0x633A, 0x631A, 0x633A, 
    0x631A, 0x633A, 0x631A, 0x633A, 0x631A, 0x633A, 0x633B, 0x633A, 0x631A, 0x633A, 0x631A, 0x633A, 0x631A, 0x6319, 0x5F1A, 0x673A, 
    0x633A, 0x633A, 0x633A, 0x673A, 0x633A, 0x673A, 0x631A, 0x633A, 0x5EFA, 0x633A, 0x631A, 0x633A, 0x631A, 0x633A, 0x633A, 0x633A, 
    0x6339, 0x5F3A, 0x633A, 0x5F19, 0x675A, 0x675B, 0x6B7B, 0x6B7C, 0x6B9C, 0x6B7D, 0x6F9C, 0x6B7D, 0x6F9C, 0x6B9D, 0x6F9C, 0x6B7D, 
    0x6F9C, 0x6B7D, 0x73BD, 0x6B7B, 0x4210, 0x56D8, 0x6F9D, 0x6F9D, 0x6F9C, 0x6B9D, 0x6F9C, 0x6B7D, 0x6F9C, 0x6F9D, 0x6F9C, 0x6F9D, 
    0x6F9C, 0x6F9D, 0x6F9C, 0x6B7D, 0x6F9C, 0x6B7C, 0x677B, 0x5F3A, 0x5F18, 0x5F3A, 0x675A, 0x675B, 0x677B, 0x675C, 0x6B5B, 0x675B, 
    0x675A, 0x673B, 0x675A, 0x6631, 0x6231, 0x633B, 0x6B7B, 0x739D, 0x739C, 0x6319, 0x6718, 0x6DEF, 0x7800, 0x78C4, 0x7CC2, 0x78A2, 
    0x7CC2, 0x7CA2, 0x7CC2, 0x78A2, 0x7CC1, 0x78A2, 0x78A1, 0x74A4, 0x5506, 0x5482, 0x6881, 0x6061, 0x6061, 0x5883, 0x5800, 0x59AD, 
    0x6F7C, 0x6B7D, 0x6F9C, 0x6B7D, 0x6F9D, 0x6B7D, 0x6B7C, 0x73BE, 0x77DD, 0x4A52, 0x35CE, 0x675B, 0x77DE, 0x73BE, 0x73DD, 0x73BE, 
    0x77DD, 0x73BE, 0x77DD, 0x73BE, 0x77DD, 0x73BE, 0x77BD, 0x73BE, 0x56D6, 0x294B, 0x73BD, 0x73BE, 0x6B7C, 0x6F9D, 0x6F9D, 0x6F9D, 
    0x6F9C, 0x6F9D, 0x6FBD, 0x6F7B, 0x660F, 0x6000, 0x68A3, 0x6483, 0x6800, 0x6908, 0x7BBC, 0x7BFF, 0x73BD, 0x6F9D, 0x6F9C, 0x6F9D, 
    0x6F9C, 0x6B7D, 0x6F9C, 0x6F9D, 0x6F9C, 0x6B7D, 0x73BD, 0x735B, 0x5000, 0x5674, 0x6F9D, 0x6B7C, 0x6B7C, 0x675C, 0x6B7B, 0x6B7C, 
    0x6F9C, 0x6B9D, 0x6F9C, 0x6B9D, 0x6F9C, 0x6B7D, 0x6F9C, 0x6B7D, 0x6F9C, 0x6B7D, 0x6F9C, 0x6B7C, 0x6F9C, 0x6B7C, 0x6F9C, 0x6B7C, 
    0x6F9C, 0x6B7C, 0x6F9C, 0x6B7C, 0x6F9C, 0x6B7C, 0x6F9C, 0x6B7C, 0x6F9C, 0x6B7C, 0x6F9C, 0x6B7C, 0x6B9C, 0x6B7C, 0x6B9C, 0x6B7C, 
    0x6B9C, 0x6B7C, 0x6B9C, 0x6B7C, 0x6B9C, 0x6B7C, 0x6B9C, 0x6B7C, 0x6B9C, 0x6B7C, 0x6B7C, 0x6B7C, 0x6B9B, 0x6B7C, 0x6B7B, 0x6B7C, 
    0x6B7B, 0x6B5B, 0x5A10, 0x6318, 0x675A, 0x633A, 0x633A, 0x633A, 0x6339, 0x633A, 0x6339, 0x633A, 0x633A, 0x633A, 0x633A, 0x633A, 
    0x633A, 0x633A, 0x6339, 0x633A, 0x6339, 0x5F3A, 0x633A, 0x633A, 0x6339, 0x633A, 0x633A, 0x633A, 0x633A, 0x633A, 0x633A, 0x633A, 
    0x633A, 0x633A, 0x6339, 0x5F3A, 0x633A, 0x633A, 0x633A, 0x5F3A, 0x633A, 0x5F3A, 0x633A, 0x5F1A, 0x6339, 0x5F19, 0x5EF8, 0x5F1A, 
    0x633A, 0x633A, 0x6339, 0x633A, 0x6339, 0x633A, 0x6339, 0x5F1A, 0x5F19, 0x633A, 0x6339, 0x633A, 0x633A, 0x633A, 0x633A, 0x633A, 
    0x633B, 0x673A, 0x5F1A, 0x673A, 0x6B5C, 0x6B7B, 0x6B5C, 0x6F7C, 0x6B7D, 0x6F7C, 0x6F7D, 0x6F9C, 0x6F7D, 0x6F9D, 0x6F7D, 0x6F7D, 
    0x6B7D, 0x739E, 0x673B, 0x2D6B, 0x56B7, 0x739D, 0x6F7D, 0x6F9D, 0x6F7D, 0x6F9D, 0x6F7D, 0x6F9D, 0x6F7D, 0x6F9C, 0x6F7D, 0x6F9D, 
    0x6F7D, 0x6F9D, 0x6F7D, 0x6F9C, 0x6B7D, 0x6B7C, 0x673B, 0x6319, 0x631A, 0x675B, 0x673C, 0x6B5B, 0x675C, 0x6B5B, 0x6B5C, 0x6B3A, 
    0x673A, 0x673A, 0x673A, 0x69CE, 0x6274, 0x675C, 0x6F7D, 0x779D, 0x671A, 0x6719, 0x6E53, 0x7800, 0x7CA4, 0x7CA2, 0x7CA3, 0x7CA2, 
    0x7CA2, 0x7CA2, 0x7CA2, 0x7CA2, 0x7882, 0x7882, 0x7883, 0x5CE6, 0x5084, 0x6C81, 0x6462, 0x6461, 0x6041, 0x5C83, 0x5400, 0x6273, 
    0x6F7D, 0x6F7D, 0x6F7D, 0x6F7D, 0x6F7D, 0x6F7D, 0x73BE, 0x739C, 0x35AE, 0x4A53, 0x739E, 0x77DE, 0x73BE, 0x77BE, 0x73BE, 0x77BE, 
    0x73BE, 0x77BE, 0x73BE, 0x77BE, 0x73BE, 0x77BE, 0x73BE, 0x77BE, 0x77BF, 0x56B5, 0x358E, 0x6F7C, 0x6F7D, 0x739D, 0x6F7D, 0x739D, 
    0x6F7D, 0x739D, 0x6F7D, 0x739D, 0x6F3A, 0x616B, 0x6400, 0x6883, 0x6484, 0x6C00, 0x6DCF, 0x7FDE, 0x77DF, 0x739D, 0x6F7D, 0x739D, 
    0x6F7D, 0x6F9C, 0x6F7D, 0x739D, 0x6F7D, 0x6F9D, 0x779D, 0x616B, 0x556D, 0x6F7C, 0x6B7D, 0x6F7D, 0x6F7D, 0x6F7D, 0x6B5D, 0x6B5C, 
    0x6B5C, 0x6F7C, 0x6F7D, 0x6F9C, 0x6F7D, 0x6F9C, 0x6F7D, 0x6F7C, 0x6F7D, 0x6F7C, 0x6F7D, 0x6F7C, 0x6F7D, 0x6F7C, 0x6F7D, 0x6F7C, 
    0x6F7D, 0x6F7C, 0x6F7D, 0x6F7C, 0x6B7D, 0x6F7C, 0x6F7D, 0x6F7C, 0x6F7D, 0x6F7D, 0x6F7D, 0x6F7C, 0x6B7D, 0x6F7C, 0x6B7D, 0x6F7C, 
    0x6B7C, 0x6F7C, 0x6B7C, 0x6F7C, 0x6B7D, 0x6F7C, 0x6B7D, 0x6F7C, 0x6B7D, 0x6F7C, 0x6B7C, 0x6F7C, 0x6B7C, 0x6F7C, 0x6B7C, 0x6F7C, 
    0x6B5C, 0x6F7C, 0x6295, 0x5E74, 0x675C, 0x673A, 0x631A, 0x633A, 0x631A, 0x673A, 0x631A, 0x673A, 0x633B, 0x673A, 0x633B, 0x673A, 
    0x633B, 0x673A, 0x631A, 0x673A, 0x631A, 0x673A, 0x631A, 0x673A, 0x631A, 0x673A, 0x633B, 0x673A, 0x631B, 0x673A, 0x631A, 0x673A, 
    0x631B, 0x633A, 0x631A, 0x633A, 0x631A, 0x633A, 0x631A, 0x633A, 0x631B, 0x633A, 0x631A, 0x633A, 0x631A, 0x6319, 0x5EF9, 0x633A, 
    0x631A, 0x673A, 0x631A, 0x673A, 0x631A, 0x673A, 0x631A, 0x631A, 0x5F1A, 0x673A, 0x633A, 0x673A, 0x631B, 0x673A, 0x631B, 0x633A, 
    0x635A, 0x633A, 0x6339, 0x675C, 0x6B7B, 0x6B7C, 0x6B7C, 0x6B7C, 0x6F9C, 0x6B7C, 0x6F9C, 0x6B7C, 0x6F9C, 0x6B7D, 0x6F9C, 0x6B7D, 
    0x73BD, 0x5AF8, 0x2D6B, 0x5AD8, 0x6F9D, 0x6B7D, 0x6F9C, 0x6F7D, 0x6F9C, 0x6F7D, 0x6F9C, 0x6B7D, 0x6F9C, 0x6F7D, 0x6F9C, 0x6F7D, 
    0x6F9C, 0x6F7D, 0x6F9C, 0x6B7D, 0x6B7C, 0x675C, 0x633A, 0x5F1A, 0x675A, 0x633B, 0x675B, 0x675B, 0x6B5B, 0x675C, 0x6B5B, 0x673B, 
    0x6739, 0x6319, 0x6718, 0x65AD, 0x62B5, 0x6B7C, 0x739D, 0x673B, 0x6319, 0x6AB6, 0x74C4, 0x78A2, 0x7CC3, 0x7CA2, 0x7CA2, 0x7CA2, 
    0x7CA1, 0x7CA2, 0x7CA1, 0x78A2, 0x78A1, 0x7481, 0x6506, 0x48A4, 0x6C81, 0x6861, 0x6461, 0x6061, 0x6061, 0x5842, 0x5400, 0x66F8, 
    0x6F9D, 0x6F7D, 0x6F9D, 0x6F7D, 0x6F9D, 0x77BF, 0x6739, 0x294B, 0x56D6, 0x73BE, 0x77DE, 0x73BE, 0x77DE, 0x73BE, 0x77BE, 0x73BE, 
    0x77BE, 0x73BE, 0x77BE, 0x73BE, 0x77BE, 0x73BE, 0x77BE, 0x73BE, 0x77BD, 0x77BE, 0x3DEF, 0x633A, 0x73BD, 0x6F9D, 0x6F9D, 0x6F7D, 
    0x6F9C, 0x6F9D, 0x6F9D, 0x6F9D, 0x739C, 0x6AF8, 0x60C5, 0x6440, 0x6482, 0x6484, 0x6800, 0x6A94, 0x7FFF, 0x77BE, 0x6F9D, 0x6F9D, 
    0x6F9C, 0x6F9D, 0x6F9C, 0x6F9D, 0x6F9C, 0x73BE, 0x6A93, 0x5000, 0x6B39, 0x6B9D, 0x6F9C, 0x6F7D, 0x6F9C, 0x6B7D, 0x6F9D, 0x6B7C, 
    0x6B5B, 0x675B, 0x6B7B, 0x6B7C, 0x6F9C, 0x6B7D, 0x6F9C, 0x6F7D, 0x6F9C, 0x6B7C, 0x6F9C, 0x6B7C, 0x6F9C, 0x6B7D, 0x6F9C, 0x6B7D, 
    0x6F9C, 0x6B7D, 0x6F9C, 0x6B7D, 0x6F9C, 0x6B7D, 0x6F9C, 0x6B7D, 0x6F9C, 0x6B7D, 0x6F9C, 0x6B7C, 0x6F9C, 0x6B7C, 0x6F7C, 0x6B7C, 
    0x6F7C, 0x6B7C, 0x6F9C, 0x6B7C, 0x6F7C, 0x6B7C, 0x6F7C, 0x6B7C, 0x6F7C, 0x6B7C, 0x6F7C, 0x6B7C, 0x6B7C, 0x6B7C, 0x6B7C, 0x6B7C, 
    0x6B7B, 0x675C, 0x6B5A, 0x55F0, 0x675A, 0x633B, 0x633A, 0x631A, 0x6339, 0x633A, 0x673A, 0x633A, 0x633A, 0x633A, 0x633A, 0x633A, 
    0x633A, 0x633A, 0x633A, 0x633A, 0x633A, 0x633A, 0x633A, 0x633A, 0x633A, 0x633A, 0x633A, 0x633A, 0x633A, 0x633A, 0x633A, 0x633A, 
    0x633A, 0x633A, 0x633A, 0x631A, 0x633A, 0x633A, 0x633A, 0x5F1A, 0x633A, 0x5F3A, 0x633A, 0x5F1A, 0x633A, 0x5F1A, 0x6319, 0x633A, 
    0x633A, 0x633A, 0x633A, 0x633A, 0x6339, 0x631A, 0x6339, 0x5F1A, 0x633A, 0x633A, 0x635A, 0x633B, 0x675A, 0x633A, 0x673A, 0x633A, 
    0x633B, 0x633A, 0x633A, 0x6B7C, 0x6B5C, 0x6B7C, 0x6B7C, 0x6F7C, 0x6B7C, 0x6F7C, 0x6B7C, 0x6B7C, 0x6B7C, 0x6B7C, 0x6B7D, 0x739D, 
    0x5295, 0x252A, 0x631B, 0x739D, 0x6F7D, 0x6F9C, 0x6F7D, 0x6F9C, 0x6F7D, 0x6F9C, 0x6F7D, 0x6F9C, 0x6F7D, 0x6F9C, 0x6F7D, 0x6F9C, 
    0x6B7D, 0x6F7C, 0x6B7D, 0x6B7C, 0x6B5D, 0x673A, 0x5EF9, 0x633A, 0x633A, 0x675B, 0x673C, 0x675B, 0x675C, 0x675B, 0x675C, 0x6B5B, 
    0x673B, 0x6339, 0x631A, 0x6A10, 0x6B1A, 0x739D, 0x6B5B, 0x6319, 0x66F8, 0x756A, 0x7840, 0x7CC3, 0x7CA2, 0x7CA2, 0x7CA2, 0x7CA2, 
    0x7CA2, 0x7CA1, 0x78A2, 0x78A2, 0x7460, 0x70E6, 0x44C6, 0x6880, 0x6862, 0x6861, 0x6461, 0x6061, 0x5C63, 0x5800, 0x552A, 0x6F5A, 
    0x6F7D, 0x6F9D, 0x6F7D, 0x739D, 0x77BE, 0x56B5, 0x294C, 0x6339, 0x77BF, 0x77BE, 0x73BE, 0x77BE, 0x73BE, 0x77BE, 0x73BE, 0x77BE, 
    0x73BE, 0x77BE, 0x73BE, 0x77BE, 0x73BE, 0x77BE, 0x73BE, 0x77BE, 0x73BE, 0x73BD, 0x4E54, 0x6F9C, 0x6F9D, 0x6F9D, 0x6F9D, 0x6F9D, 
    0x6F7D, 0x6F9D, 0x6F9D, 0x6F9C, 0x6F7D, 0x6F7C, 0x6695, 0x6400, 0x6483, 0x6462, 0x6883, 0x6000, 0x6F18, 0x7FFF, 0x73BE, 0x6F9D, 
    0x6F9D, 0x6F9C, 0x6F9D, 0x6F9C, 0x73BE, 0x7339, 0x5400, 0x62B5, 0x6F7D, 0x6F9C, 0x6F7D, 0x6F9D, 0x6F7D, 0x6F9C, 0x6F7D, 0x6F9D, 
    0x6B7D, 0x6F7C, 0x6B5C, 0x6B7B, 0x6B5C, 0x6F7C, 0x6B7D, 0x6F9C, 0x6F7D, 0x6F9C, 0x6B7C, 0x6F9C, 0x6F7D, 0x6F9C, 0x6F7D, 0x6F9C, 
    0x6F7D, 0x6F7C, 0x6F7D, 0x6F7C, 0x6B7D, 0x6F7C, 0x6B7D, 0x6F7C, 0x6F7D, 0x6F7C, 0x6B7D, 0x6F7C, 0x6B7D, 0x6F7C, 0x6B7C, 0x6F7C, 
    0x6B7D, 0x6F7C, 0x6B7D, 0x6F7C, 0x6B7C, 0x6F7C, 0x6B7C, 0x6F7C, 0x6B7C, 0x6F7C, 0x6B7C, 0x6F7C, 0x6B7C, 0x6F7C, 0x6B7C, 0x6F7C, 
    0x6B7C, 0x675B, 0x675C, 0x6274, 0x5A74, 0x6B7C, 0x631A, 0x6339, 0x633A, 0x673A, 0x633A, 0x633A, 0x633A, 0x633A, 0x633B, 0x633A, 
    0x633A, 0x673A, 0x631A, 0x673A, 0x633A, 0x633A, 0x633A, 0x633A, 0x633B, 0x633A, 0x631A, 0x633A, 0x631A, 0x633A, 0x631A, 0x633A, 
    0x631A, 0x633A, 0x631A, 0x633A, 0x631A, 0x633A, 0x631A, 0x633A, 0x631A, 0x633A, 0x5F3A, 0x633A, 0x631A, 0x633A, 0x5F1A, 0x633A, 
    0x633A, 0x633A, 0x633A, 0x673A, 0x633A, 0x6339, 0x631A, 0x5F19, 0x631A, 0x673A, 0x633B, 0x673A, 0x633B, 0x673A, 0x633B, 0x673A, 
    0x635A, 0x5F3A, 0x675A, 0x677C, 0x6B7B, 0x6B7C, 0x675B, 0x675B, 0x675A, 0x677C, 0x6B7C, 0x675C, 0x6B7B, 0x6B7D, 0x6F9C, 0x52B7, 
    0x4E74, 0x5EF9, 0x6F9C, 0x6B7C, 0x6F9C, 0x6B9D, 0x6F9C, 0x6F9D, 0x6F9C, 0x6B9D, 0x6F9C, 0x6B7D, 0x6F9C, 0x6B7C, 0x6F9C, 0x6B7D, 
    0x6F9C, 0x6B7C, 0x6B9C, 0x675C, 0x5F39, 0x5AF8, 0x6339, 0x5F1A, 0x633A, 0x633B, 0x675B, 0x675B, 0x677B, 0x675B, 0x677B, 0x675B, 
    0x6339, 0x633B, 0x6719, 0x6AD6, 0x73BD, 0x6F9C, 0x6318, 0x6319, 0x6DEE, 0x7400, 0x7CC3, 0x78A2, 0x7CA2, 0x7CA2, 0x7CA1, 0x78A2, 
    0x7CA1, 0x78A2, 0x78A1, 0x7480, 0x74C4, 0x4CE7, 0x6081, 0x6C81, 0x6881, 0x6461, 0x6060, 0x5C61, 0x5C82, 0x5400, 0x5E30, 0x6F7C, 
    0x6F9C, 0x6B7D, 0x73BD, 0x739D, 0x4630, 0x39CF, 0x6F7B, 0x77BE, 0x77BD, 0x73BE, 0x77DD, 0x73BE, 0x77DD, 0x73BE, 0x77DD, 0x73BE, 
    0x77DD, 0x73BE, 0x77DE, 0x73BE, 0x77DE, 0x73BE, 0x77DE, 0x73BE, 0x7BDE, 0x6319, 0x5295, 0x73BE, 0x6F9C, 0x6F9D, 0x6F9C, 0x6F9D, 
    0x6F9C, 0x6F9D, 0x6F9C, 0x6B9D, 0x6F9C, 0x6B7C, 0x6F7B, 0x6211, 0x6400, 0x6483, 0x6062, 0x6420, 0x6082, 0x737B, 0x7BFF, 0x73BE, 
    0x6F9C, 0x6F9D, 0x6F9C, 0x6FBD, 0x77BC, 0x58E5, 0x5DEF, 0x6B7C, 0x6F9C, 0x6B9D, 0x6F9C, 0x6F9D, 0x6F9C, 0x6F9D, 0x6F9C, 0x6F9D, 
    0x6F9C, 0x6B9D, 0x6F9C, 0x6B7C, 0x6B7B, 0x675B, 0x6B7B, 0x6B7C, 0x6F9C, 0x6B7C, 0x6F9C, 0x6B7C, 0x6F9C, 0x6B7C, 0x6F9C, 0x6B7C, 
    0x6F9C, 0x6B7C, 0x6F9C, 0x6B7C, 0x6F9C, 0x6B7C, 0x6F9C, 0x6B7C, 0x6F9C, 0x6B7C, 0x6F9C, 0x6B7C, 0x6F9C, 0x6B7C, 0x6F9C, 0x6B7C, 
    0x6F9C, 0x6B7C, 0x6B9C, 0x6B7C, 0x6B7C, 0x6B7C, 0x6B9C, 0x6B7C, 0x6B7C, 0x6B7C, 0x6B7C, 0x6B7C, 0x6B9B, 0x6B7C, 0x6B7B, 0x6B7C, 
    0x6B7B, 0x6B7C, 0x6B7B, 0x673A, 0x55CE, 0x673A, 0x633A, 0x5F19, 0x6339, 0x633A, 0x6339, 0x633A, 0x633A, 0x633A, 0x635A, 0x633A, 
    0x633A, 0x633A, 0x633A, 0x633A, 0x6339, 0x633A, 0x6339, 0x633A, 0x633A, 0x633A, 0x633A, 0x633A, 0x633A, 0x633A, 0x633A, 0x633A, 
    0x633A, 0x5F1A, 0x6339, 0x633A, 0x633A, 0x633A, 0x633A, 0x5F1A, 0x633A, 0x5F3A, 0x633A, 0x5F3A, 0x633A, 0x633A, 0x6339, 0x5F1A, 
    0x633A, 0x633A, 0x6339, 0x633A, 0x6339, 0x633A, 0x6339, 0x5F1A, 0x633A, 0x633A, 0x635A, 0x633A, 0x635A, 0x633A, 0x675A, 0x633B, 
    0x633B, 0x633A, 0x673B, 0x6B7C, 0x673B, 0x673A, 0x673B, 0x6B5B, 0x6B5C, 0x6B7C, 0x675C, 0x675B, 0x633B, 0x673A, 0x5296, 0x5AD7, 
    0x6B7D, 0x6F7C, 0x6F7D, 0x6F9C, 0x6F7D, 0x6F9D, 0x6F7D, 0x6F9D, 0x6F7D, 0x6F9C, 0x6F7D, 0x6F9C, 0x6F7D, 0x6F7C, 0x6F7D, 0x6F7C, 
    0x6B7D, 0x6F7C, 0x631A, 0x5AF8, 0x5F1A, 0x673A, 0x631B, 0x633A, 0x633B, 0x675B, 0x673B, 0x675B, 0x673B, 0x6B5B, 0x675C, 0x675B, 
    0x673B, 0x6B5C, 0x6AD7, 0x7339, 0x73BE, 0x62F8, 0x62F9, 0x6E32, 0x7400, 0x7CC3, 0x7C82, 0x7CA2, 0x7C82, 0x7CA2, 0x7C82, 0x7CA1, 
    0x7882, 0x7CA2, 0x7482, 0x78A3, 0x5908, 0x5C82, 0x7061, 0x6C81, 0x6861, 0x6461, 0x6041, 0x6061, 0x5863, 0x5400, 0x6696, 0x6F9D, 
    0x6F7D, 0x7BDE, 0x6B5C, 0x358C, 0x4E54, 0x77BD, 0x77BF, 0x77BE, 0x77BE, 0x77BE, 0x77BE, 0x77BE, 0x77BE, 0x77BE, 0x73BE, 0x77BE, 
    0x73BE, 0x77BE, 0x73BF, 0x77BE, 0x77BF, 0x77BE, 0x73BE, 0x77BE, 0x77DF, 0x4E73, 0x633A, 0x73BD, 0x6F7D, 0x6F9D, 0x6F7D, 0x6F9D, 
    0x6F7D, 0x6F9D, 0x6F9E, 0x6F7C, 0x6B5C, 0x6F7C, 0x6B7D, 0x6F3A, 0x618D, 0x6400, 0x6084, 0x6083, 0x6400, 0x618C, 0x7BBE, 0x7BFF, 
    0x739E, 0x739D, 0x6F9E, 0x7BDE, 0x61F0, 0x54A5, 0x6B3A, 0x6F9C, 0x6F7D, 0x6F9D, 0x6F7D, 0x739D, 0x6F7D, 0x739D, 0x6F7D, 0x739D, 
    0x6F7D, 0x6F9D, 0x6F7D, 0x6F9D, 0x6F7D, 0x6B7B, 0x673B, 0x6B5B, 0x6B5C, 0x6F7C, 0x6B7C, 0x6F7C, 0x6F7D, 0x6F7C, 0x6F7D, 0x6F7C, 
    0x6F7D, 0x6F7C, 0x6F7D, 0x6F7C, 0x6F7D, 0x6F7C, 0x6F7D, 0x6F7C, 0x6F7D, 0x6F7C, 0x6F7D, 0x6F7C, 0x6F7D, 0x6F7C, 0x6B7D, 0x6F7C, 
    0x6F7D, 0x6F7C, 0x6B7D, 0x6F7C, 0x6B7D, 0x6F7C, 0x6B7D, 0x6F7C, 0x6B5C, 0x6F7C, 0x6B7D, 0x6F7C, 0x6B5C, 0x6F7C, 0x6B7C, 0x6B7B, 
    0x6B5C, 0x6B7C, 0x6B5C, 0x6B9C, 0x6296, 0x5E73, 0x675C, 0x6319, 0x631A, 0x633A, 0x631A, 0x673A, 0x633B, 0x673A, 0x633B, 0x673A, 
    0x633A, 0x673A, 0x633B, 0x673A, 0x631A, 0x6739, 0x631A, 0x673A, 0x633B, 0x673A, 0x631B, 0x673A, 0x631A, 0x673A, 0x631A, 0x673A, 
    0x631A, 0x633A, 0x631A, 0x633A, 0x631B, 0x673A, 0x631A, 0x633A, 0x631B, 0x633A, 0x631A, 0x633A, 0x631B, 0x633A, 0x631A, 0x631A, 
    0x631A, 0x633A, 0x633B, 0x673A, 0x633A, 0x673A, 0x631A, 0x633A, 0x631A, 0x673A, 0x633B, 0x673A, 0x633B, 0x673A, 0x673B, 0x673B, 
    0x675A, 0x631A, 0x673A, 0x633B, 0x633A, 0x675B, 0x6B7C, 0x6B7C, 0x6B7C, 0x6B7C, 0x6B7B, 0x6B7C, 0x673A, 0x4E75, 0x6319, 0x6B7C, 
    0x6F9C, 0x6B7C, 0x6F9C, 0x6B7D, 0x6F9C, 0x6F7D, 0x6F9C, 0x6F7D, 0x6F9C, 0x6F7D, 0x6F9C, 0x6B7D, 0x6F9C, 0x6B7D, 0x6F9C, 0x6B7C, 
    0x6B5B, 0x5AF9, 0x5AF8, 0x5F1A, 0x675B, 0x633B, 0x633A, 0x633B, 0x675B, 0x633B, 0x675B, 0x673B, 0x675B, 0x675B, 0x675B, 0x675B, 
    0x6B5B, 0x675C, 0x6B18, 0x775B, 0x5E94, 0x5254, 0x6652, 0x6C40, 0x78A1, 0x78A2, 0x7CA2, 0x78A2, 0x7CA1, 0x7CA2, 0x7CA1, 0x7882, 
    0x78A1, 0x7482, 0x7480, 0x5CE7, 0x54A4, 0x7060, 0x6C81, 0x6461, 0x6461, 0x6061, 0x6061, 0x5C62, 0x5820, 0x54E6, 0x6B18, 0x6F9D, 
    0x7BDE, 0x5EF8, 0x296B, 0x5AD8, 0x77DE, 0x73BE, 0x77BE, 0x73BE, 0x77BE, 0x73BE, 0x77BE, 0x73BE, 0x77DE, 0x73BE, 0x77DE, 0x73BE, 
    0x77DE, 0x73BE, 0x77DE, 0x73BE, 0x77BE, 0x73BE, 0x77BE, 0x77BF, 0x739C, 0x4212, 0x73BD, 0x6F9D, 0x6F9C, 0x6F9D, 0x6F9C, 0x6F7D, 
    0x6F9C, 0x6F9D, 0x5F18, 0x5295, 0x5294, 0x5AD7, 0x6B7B, 0x6B5C, 0x6718, 0x5D29, 0x6400, 0x6063, 0x60A3, 0x5C00, 0x6651, 0x7BDF, 
    0x7BDF, 0x6F9E, 0x7BFF, 0x6AD6, 0x4C00, 0x62D7, 0x6F9C, 0x6B7C, 0x6F9C, 0x6F7D, 0x6F9C, 0x6F7D, 0x6F9D, 0x6F9D, 0x6F9D, 0x6F9D, 
    0x6F9C, 0x6F9D, 0x6F9C, 0x6B7D, 0x6F9C, 0x6B7C, 0x6F7C, 0x6B5C, 0x675A, 0x675B, 0x6B7C, 0x6B7C, 0x6F9C, 0x6B7C, 0x6F9C, 0x6B7C, 
    0x6F9C, 0x6B7D, 0x6F9C, 0x6B7C, 0x6F7C, 0x6B7C, 0x6F9C, 0x6B7C, 0x6F9C, 0x6B7D, 0x6F9C, 0x6B7C, 0x6F7C, 0x6B7C, 0x6F9C, 0x6B7D, 
    0x6F9C, 0x6B7C, 0x6F7C, 0x6B7C, 0x6B7C, 0x6B7C, 0x6F7C, 0x6B7C, 0x6B7C, 0x6B7C, 0x6B7C, 0x6B7C, 0x6B7C, 0x6B7C, 0x6B7B, 0x6B7C, 
    0x6F7C, 0x6B7C, 0x6B7B, 0x6B7C, 0x6F7B, 0x59F0, 0x6739, 0x633A, 0x6339, 0x631A, 0x6339, 0x633A, 0x633A, 0x633A, 0x633A, 0x633A, 
    0x633A, 0x633A, 0x673A, 0x633A, 0x6739, 0x633A, 0x6339, 0x633A, 0x633A, 0x633A, 0x633A, 0x633A, 0x633A, 0x631A, 0x673A, 0x631A, 
    0x633A, 0x633A, 0x633A, 0x633A, 0x633A, 0x633A, 0x633A, 0x631A, 0x633A, 0x633A, 0x633A, 0x633A, 0x633A, 0x631A, 0x633A, 0x5F1A, 
    0x6339, 0x633A, 0x673A, 0x633A, 0x673A, 0x633A, 0x633A, 0x5F1A, 0x6339, 0x633B, 0x673A, 0x633B, 0x675A, 0x633B, 0x675A, 0x633B, 
    0x675B, 0x675A, 0x5F1A, 0x6319, 0x673B, 0x6B7C, 0x6B7C, 0x6B7C, 0x6B7C, 0x6F7C, 0x6B7D, 0x675A, 0x633A, 0x6B5B, 0x6B7D, 0x6F9C, 
    0x6B7D, 0x6F9C, 0x6F7D, 0x6F9C, 0x6F7D, 0x6F9C, 0x6F7D, 0x6F9C, 0x6F7D, 0x6F9C, 0x6F7D, 0x6F9C, 0x6F7D, 0x6F9C, 0x6B5C, 0x675A, 
    0x5AF9, 0x5AF8, 0x5EF9, 0x633A, 0x5F1A, 0x6319, 0x633B, 0x673A, 0x633B, 0x675B, 0x675C, 0x6B5B, 0x675C, 0x6B5B, 0x675C, 0x675B, 
    0x673B, 0x675B, 0x66D7, 0x5DEE, 0x4400, 0x4D8C, 0x6484, 0x7880, 0x78A3, 0x7CA1, 0x7CA2, 0x7CA2, 0x7CA2, 0x7CA1, 0x7882, 0x78A1, 
    0x7482, 0x7460, 0x64E7, 0x4CE6, 0x6C40, 0x6C81, 0x6861, 0x6861, 0x6461, 0x6061, 0x5C61, 0x5C83, 0x5400, 0x5DCE, 0x739E, 0x77BD, 
    0x4E73, 0x35AD, 0x673B, 0x77DE, 0x73BE, 0x77BE, 0x73BE, 0x77BE, 0x73BE, 0x77BE, 0x77BE, 0x77BE, 0x73BE, 0x77BE, 0x73BE, 0x77BE, 
    0x73BE, 0x77BE, 0x73BE, 0x77BE, 0x73BE, 0x77BE, 0x73BE, 0x7BFF, 0x5EF8, 0x56B6, 0x73BE, 0x6F9C, 0x6F7D, 0x6F9C, 0x6F7D, 0x739D, 
    0x6F7D, 0x56D6, 0x4E95, 0x673A, 0x631A, 0x5294, 0x5AD8, 0x6B5C, 0x6B5B, 0x66B5, 0x6064, 0x6460, 0x5C63, 0x60A4, 0x5C00, 0x6694, 
    0x7BDF, 0x7FFF, 0x777B, 0x5000, 0x5A53, 0x6F9C, 0x6B7D, 0x6F7C, 0x6B7D, 0x6F9C, 0x6F7D, 0x6F9C, 0x6F7D, 0x6F9D, 0x6F7D, 0x6F9D, 
    0x6F7D, 0x6F9D, 0x6F7D, 0x6F9D, 0x6F7D, 0x6F9C, 0x6B7D, 0x6F9C, 0x6B5C, 0x675A, 0x675B, 0x6B7B, 0x6B7C, 0x6F7C, 0x6B7D, 0x6F7C, 
    0x6B7D, 0x6F7C, 0x6F7D, 0x6F7C, 0x6B7C, 0x6F7C, 0x6F7C, 0x6F7C, 0x6F7D, 0x6F7C, 0x6F7D, 0x6F7C, 0x6B7D, 0x6F7C, 0x6B7D, 0x6F7C, 
    0x6B7D, 0x6F7C, 0x6B7D, 0x6F7C, 0x6B7D, 0x6F7C, 0x6B7C, 0x6F7C, 0x6B7D, 0x6F7C, 0x6B7C, 0x6B7C, 0x6B7C, 0x6B7B, 0x6B7C, 0x6F7C, 
    0x6B7C, 0x6B7B, 0x6B7C, 0x6F7C, 0x6B7D, 0x6AB6, 0x5A32, 0x6B7B, 0x631A, 0x673A, 0x631A, 0x633A, 0x633A, 0x673A, 0x633B, 0x673A, 
    0x633A, 0x673A, 0x633A, 0x6739, 0x631A, 0x673A, 0x633A, 0x673A, 0x633B, 0x633A, 0x633B, 0x633A, 0x631A, 0x673A, 0x631A, 0x633A, 
    0x633B, 0x673A, 0x631A, 0x673A, 0x633A, 0x633A, 0x633A, 0x633A, 0x631B, 0x633A, 0x631A, 0x633A, 0x631A, 0x633A, 0x631A, 0x631A, 
    0x631A, 0x633A, 0x633B, 0x673A, 0x633A, 0x673A, 0x633A, 0x633A, 0x5F1A, 0x633A, 0x633B, 0x673A, 0x633B, 0x675A, 0x673B, 0x675B, 
    0x675B, 0x675B, 0x6319, 0x5AF9, 0x6B7B, 0x6B7C, 0x6B7C, 0x6B7C, 0x6B9C, 0x6B7C, 0x5F18, 0x633A, 0x6F9C, 0x6B7C, 0x6F9C, 0x6B9C, 
    0x6F9C, 0x6B7D, 0x6F9C, 0x6B7C, 0x6F9C, 0x6F7D, 0x6F9C, 0x6F9D, 0x6F9C, 0x6B7D, 0x6F9C, 0x6B7D, 0x6F9C, 0x6B7C, 0x675A, 0x5F3A, 
    0x5B18, 0x5AF9, 0x5F18, 0x5F3A, 0x633A, 0x5F1A, 0x633A, 0x633B, 0x675A, 0x675C, 0x675B, 0x675C, 0x677B, 0x675C, 0x675B, 0x675B, 
    0x675A, 0x675C, 0x62B5, 0x4C00, 0x38A4, 0x4800, 0x6CA2, 0x78A2, 0x7CA1, 0x78A2, 0x7CA1, 0x78A2, 0x7CA1, 0x78A2, 0x78A1, 0x74A2, 
    0x7480, 0x68C6, 0x4928, 0x6440, 0x7081, 0x6861, 0x6881, 0x6061, 0x6061, 0x5C61, 0x5C61, 0x5883, 0x5400, 0x59AD, 0x6F9B, 0x39EF, 
    0x4631, 0x6F9D, 0x77DE, 0x73BE, 0x77DE, 0x73BE, 0x77DE, 0x73BE, 0x77DE, 0x73BE, 0x77DE, 0x73BE, 0x77DE, 0x73BE, 0x77DE, 0x73BE, 
    0x77DE, 0x73BE, 0x77DE, 0x73BE, 0x77DD, 0x73BE, 0x77DE, 0x77DF, 0x4A73, 0x675B, 0x73BD, 0x6B9D, 0x6F9C, 0x6B9D, 0x73BD, 0x675B, 
    0x4E94, 0x5AF8, 0x6B7C, 0x675C, 0x6B7B, 0x633A, 0x5294, 0x5AF8, 0x6B5B, 0x673B, 0x6672, 0x5C00, 0x6082, 0x5862, 0x5C82, 0x5800, 
    0x61CD, 0x6AB5, 0x558A, 0x516C, 0x6B7B, 0x6B7C, 0x6F9C, 0x6B9D, 0x6F9C, 0x6B7D, 0x6F9C, 0x6B9D, 0x6F9C, 0x6F9D, 0x6F9C, 0x6F9D, 
    0x6F9C, 0x6F9D, 0x6F9C, 0x6F9D, 0x6F9C, 0x6B7D, 0x6F9C, 0x6B7C, 0x6F9C, 0x6B7C, 0x675A, 0x675B, 0x6B7B, 0x6B7C, 0x6F7C, 0x6B7C, 
    0x6F9C, 0x6B7C, 0x6F9C, 0x6B7C, 0x6F9C, 0x6B7C, 0x6F9C, 0x6B7C, 0x6F9C, 0x6B7C, 0x6F9C, 0x6B7C, 0x6F9C, 0x6B7C, 0x6F9C, 0x6B7C, 
    0x6F9C, 0x6B7C, 0x6F9C, 0x6B7C, 0x6F9C, 0x6B7C, 0x6B9C, 0x6B7C, 0x6B7C, 0x6B7C, 0x6B9C, 0x6B7C, 0x6B7B, 0x6B5C, 0x6B7C, 0x6B7C, 
    0x6B7B, 0x6B7C, 0x6B7B, 0x6B7C, 0x6B9C, 0x6B5C, 0x5A0F, 0x6319, 0x675A, 0x633A, 0x633A, 0x633A, 0x635A, 0x633A, 0x633A, 0x633A, 
    0x633A, 0x633A, 0x633A, 0x633A, 0x6339, 0x633A, 0x6339, 0x633A, 0x633A, 0x633A, 0x635A, 0x633A, 0x6339, 0x633A, 0x633A, 0x633A, 
    0x633A, 0x633A, 0x6339, 0x631A, 0x6339, 0x633A, 0x633A, 0x633A, 0x633A, 0x633A, 0x633A, 0x633A, 0x633A, 0x5F3A, 0x6339, 0x5F1A, 
    0x633A, 0x633A, 0x673A, 0x633A, 0x6339, 0x633A, 0x6339, 0x5F1A, 0x6339, 0x5F3A, 0x635A, 0x633B, 0x675A, 0x633B, 0x675A, 0x633B, 
    0x675B, 0x6B5B, 0x631A, 0x5F19, 0x675C, 0x6B7C, 0x6B5D, 0x6B7C, 0x673B, 0x673A, 0x673B, 0x6F7C, 0x6F7D, 0x6F7C, 0x6F7D, 0x6F9C, 
    0x6F7D, 0x6F9D, 0x6F7D, 0x6F7C, 0x6F7D, 0x739D, 0x6F7D, 0x6F9D, 0x6F7D, 0x6F9C, 0x6F7D, 0x6F7C, 0x6B7D, 0x6B7B, 0x675C, 0x5EF9, 
    0x56B8, 0x5EF8, 0x633B, 0x673B, 0x673B, 0x673B, 0x673B, 0x673B, 0x673B, 0x6B5B, 0x675C, 0x6B5C, 0x673C, 0x675B, 0x675C, 0x675B, 
    0x673B, 0x6F7D, 0x671B, 0x40E7, 0x2C00, 0x5C84, 0x7483, 0x7CA1, 0x7C82, 0x7CA2, 0x7C82, 0x7CA2, 0x7882, 0x78A2, 0x7482, 0x7480, 
    0x70A5, 0x4D28, 0x5C62, 0x7061, 0x6862, 0x6861, 0x6461, 0x6461, 0x5C61, 0x5C61, 0x5841, 0x5861, 0x5442, 0x4800, 0x350A, 0x5AB6, 
    0x77BE, 0x77BE, 0x73BE, 0x77BE, 0x77BE, 0x77BE, 0x77BF, 0x77BE, 0x77BF, 0x77BE, 0x77BF, 0x77BE, 0x77BF, 0x77BE, 0x77BE, 0x77BE, 
    0x73BF, 0x77BE, 0x73BF, 0x77BE, 0x77BE, 0x77BE, 0x77BF, 0x6F9C, 0x4A34, 0x739D, 0x6F7D, 0x6F7D, 0x6F9E, 0x739D, 0x5AD7, 0x4E73, 
    0x631A, 0x6B7C, 0x6B5C, 0x6B5B, 0x6B5C, 0x6B7C, 0x631A, 0x5274, 0x5EF9, 0x6B5C, 0x671A, 0x65EF, 0x5C00, 0x6083, 0x5842, 0x5C83, 
    0x5800, 0x5400, 0x4800, 0x66F8, 0x6F7E, 0x6F7C, 0x6F7D, 0x739D, 0x6F7D, 0x6F7C, 0x6F7C, 0x6F9C, 0x6F7D, 0x6F9C, 0x6F7D, 0x739D, 
    0x6F7D, 0x739D, 0x6F7D, 0x6F9D, 0x6F7D, 0x6F9D, 0x6F7D, 0x6F9D, 0x6F7D, 0x6F7C, 0x6B7D, 0x6B7C, 0x673B, 0x6B5B, 0x6B5C, 0x6B7C, 
    0x6B5C, 0x6F7C, 0x6B7C, 0x6F7C, 0x6B7C, 0x6F7C, 0x6F7D, 0x6F7C, 0x6F7D, 0x6F7C, 0x6B7D, 0x6F7C, 0x6B7D, 0x6F7C, 0x6B7D, 0x6F7C, 
    0x6F7D, 0x6F7C, 0x6B7D, 0x6F7C, 0x6F7D, 0x6F7C, 0x6B7D, 0x6F7C, 0x6B7D, 0x6F7C, 0x6B7D, 0x6F7C, 0x6B5C, 0x6F7C, 0x6B7C, 0x6F7C, 
    0x6B7D, 0x6F7C, 0x6B7C, 0x6F7C, 0x6B5C, 0x6F9C, 0x66D8, 0x5A52, 0x673B, 0x673A, 0x633B, 0x673A, 0x633A, 0x673A, 0x631B, 0x673A, 
    0x631A, 0x673A, 0x631A, 0x673A, 0x631A, 0x673A, 0x631A, 0x673A, 0x631A, 0x673A, 0x633B, 0x633A, 0x631A, 0x673A, 0x631B, 0x673A, 
    0x633B, 0x673A, 0x631A, 0x673A, 0x631A, 0x673A, 0x633B, 0x673A, 0x633B, 0x673A, 0x631B, 0x633A, 0x631B, 0x673A, 0x631A, 0x633A, 
    0x633B, 0x633A, 0x631B, 0x673B, 0x633B, 0x633A, 0x631A, 0x5EF8, 0x5F1A, 0x633A, 0x633B, 0x673A, 0x633B, 0x673B, 0x673B, 0x673A, 
    0x6B5B, 0x633A, 0x6339, 0x633B, 0x6B7B, 0x675C, 0x6B5B, 0x675B, 0x6B7B, 0x6B7C, 0x6F9C, 0x6B7D, 0x6F9C, 0x6B7D, 0x6F9C, 0x6B7D, 
    0x6F9C, 0x6F7D, 0x6F9D, 0x6F9D, 0x6F9C, 0x6F9D, 0x6F9C, 0x6F7D, 0x6F9C, 0x6F7D, 0x6F9C, 0x6B7C, 0x6B7C, 0x6B7C, 0x633A, 0x56D8, 
    0x5F19, 0x633B, 0x675A, 0x675B, 0x675B, 0x673B, 0x675B, 0x673B, 0x675B, 0x675B, 0x675B, 0x675C, 0x675B, 0x675B, 0x675B, 0x633B, 
    0x6B7C, 0x739E, 0x5AD6, 0x34E7, 0x5040, 0x6CA3, 0x7CA1, 0x78A2, 0x7CA1, 0x78A2, 0x7CA2, 0x7882, 0x78A1, 0x7482, 0x7481, 0x7082, 
    0x5549, 0x50A4, 0x6C60, 0x6862, 0x6881, 0x6461, 0x6461, 0x6061, 0x5C61, 0x5861, 0x5860, 0x5462, 0x5000, 0x4D4A, 0x6719, 0x73BE, 
    0x77DE, 0x73BE, 0x77BE, 0x73BE, 0x77DE, 0x73BE, 0x77DE, 0x73BE, 0x77DE, 0x73BE, 0x77DE, 0x73BE, 0x77BE, 0x73BE, 0x77DE, 0x73BE, 
    0x77DE, 0x73BE, 0x77DE, 0x73BE, 0x77DE, 0x73BE, 0x7BFF, 0x5AF7, 0x5AD7, 0x739E, 0x6F9C, 0x73BE, 0x6B7B, 0x4E95, 0x56D7, 0x673B, 
    0x6B5B, 0x675B, 0x6B7B, 0x6B5C, 0x6B7B, 0x6B7C, 0x6B7C, 0x5AF8, 0x4E73, 0x631A, 0x6B5B, 0x66F9, 0x616B, 0x5800, 0x5C83, 0x5442, 
    0x5483, 0x4C00, 0x516C, 0x739D, 0x739D, 0x6F7D, 0x6F9C, 0x6F9D, 0x6F9D, 0x6B7C, 0x6B7B, 0x6B7C, 0x6F9C, 0x6F7C, 0x6F9C, 0x6F9D, 
    0x6F9C, 0x6F9D, 0x6F9C, 0x6F9D, 0x6F9C, 0x6F9D, 0x6F9D, 0x6F9D, 0x6F9C, 0x6B7D, 0x6F9C, 0x6B7C, 0x6F7C, 0x6B7C, 0x6B7B, 0x675B, 
    0x675A, 0x675B, 0x6B7C, 0x6B7C, 0x6B7C, 0x6B7C, 0x6F7C, 0x6B7C, 0x6F9C, 0x6B7D, 0x6F9C, 0x6B7C, 0x6F7C, 0x6B7D, 0x6F9C, 0x6B7D, 
    0x6F9C, 0x6B7D, 0x6F9C, 0x6B7C, 0x6F7C, 0x6B7C, 0x6F7C, 0x6B7C, 0x6F7C, 0x6B7C, 0x6B7C, 0x675C, 0x6B7B, 0x6B7C, 0x6F7C, 0x6B7C, 
    0x6F7C, 0x6B7C, 0x6F9C, 0x6B7C, 0x6F7B, 0x6B7C, 0x6F7B, 0x5E53, 0x6739, 0x633B, 0x673A, 0x633A, 0x633A, 0x633A, 0x633A, 0x633A, 
    0x633A, 0x633A, 0x633A, 0x633A, 0x633A, 0x633A, 0x633A, 0x633A, 0x673A, 0x631A, 0x633A, 0x633A, 0x633A, 0x633A, 0x673A, 0x633B, 
    0x633A, 0x633A, 0x633A, 0x633A, 0x6339, 0x631A, 0x633A, 0x633A, 0x633A, 0x633A, 0x633A, 0x633A, 0x633A, 0x633A, 0x633A, 0x633A, 
    0x633A, 0x631A, 0x673A, 0x633B, 0x635A, 0x633A, 0x6339, 0x5AF8, 0x5F39, 0x633A, 0x673A, 0x633B, 0x675A, 0x633B, 0x675B, 0x633B, 
    0x5EF9, 0x5EF8, 0x5F1A, 0x675B, 0x633B, 0x673A, 0x6B5C, 0x6F7C, 0x6B7C, 0x6F7C, 0x6F7C, 0x6F9C, 0x6F7D, 0x6F9C, 0x6F7D, 0x6F9C, 
    0x6F7D, 0x6F9D, 0x6F7D, 0x6F9C, 0x6F7D, 0x6F9C, 0x6F7D, 0x6F9D, 0x6F7D, 0x6F9C, 0x6F7D, 0x6F7C, 0x6B5C, 0x675B, 0x56D9, 0x5F19, 
    0x673B, 0x675B, 0x675B, 0x6B5B, 0x675C, 0x6B5B, 0x675B, 0x675B, 0x675C, 0x675B, 0x675C, 0x6B5B, 0x675C, 0x6B5B, 0x673B, 0x6B5C, 
    0x739F, 0x6F7C, 0x5AB7, 0x5231, 0x64C6, 0x78A1, 0x78A2, 0x7CA1, 0x78A2, 0x7CA2, 0x7882, 0x78A1, 0x7482, 0x7482, 0x7061, 0x5D07, 
    0x48A5, 0x6C40, 0x6462, 0x6861, 0x6461, 0x6461, 0x6061, 0x6060, 0x5861, 0x5860, 0x5462, 0x5440, 0x5063, 0x66B6, 0x73BE, 0x77BD, 
    0x73BE, 0x77BE, 0x73BE, 0x77BE, 0x73BE, 0x77BE, 0x73BE, 0x77BE, 0x73BE, 0x77BE, 0x73BE, 0x77BE, 0x77BE, 0x77BE, 0x73BE, 0x77BE, 
    0x77BE, 0x77BE, 0x77BE, 0x77BE, 0x73BE, 0x77BE, 0x77DF, 0x4A52, 0x673B, 0x739D, 0x6F9E, 0x6338, 0x4E75, 0x633A, 0x6B7D, 0x6B5B, 
    0x675B, 0x6B7B, 0x6B5C, 0x6B7C, 0x6B7D, 0x6B7C, 0x6B5C, 0x6B7B, 0x56B7, 0x5294, 0x673B, 0x6B5B, 0x62B7, 0x5CC6, 0x5800, 0x5862, 
    0x5063, 0x4800, 0x492B, 0x7BDE, 0x7BDF, 0x739D, 0x6F7D, 0x6F9D, 0x6F7D, 0x6F9D, 0x6B7D, 0x6B7B, 0x6B7C, 0x6F9C, 0x6F7D, 0x6F9C, 
    0x6F7D, 0x6F9D, 0x6F7D, 0x6F9D, 0x6F7D, 0x6F9D, 0x6F7D, 0x6F9C, 0x6F7D, 0x6F9D, 0x6F7D, 0x6F9C, 0x6B7D, 0x6F9C, 0x6B7D, 0x6B7C, 
    0x673B, 0x673A, 0x673B, 0x6B7B, 0x6B5C, 0x6B7C, 0x6B7C, 0x6F7C, 0x6B7D, 0x6F7C, 0x6B7D, 0x6F7C, 0x6B7D, 0x6F7C, 0x6B7D, 0x6F7C, 
    0x6B7D, 0x6F7C, 0x6B7D, 0x6F7C, 0x6B7D, 0x6F7C, 0x6B7C, 0x6F7C, 0x6B7D, 0x6F7C, 0x6B7C, 0x6B7B, 0x6B7C, 0x6F7C, 0x6B7C, 0x6F7C, 
    0x6B7C, 0x6F7C, 0x6B7C, 0x6F7C, 0x6B7C, 0x6F7C, 0x6B7D, 0x62B5, 0x62F8, 0x673A, 0x633B, 0x673A, 0x633A, 0x673A, 0x633A, 0x673A, 
    0x633A, 0x633A, 0x633A, 0x633A, 0x631A, 0x673A, 0x633A, 0x673A, 0x633A, 0x633A, 0x633A, 0x673A, 0x631A, 0x673A, 0x633B, 0x673A, 
    0x633B, 0x673A, 0x633A, 0x673A, 0x631A, 0x6339, 0x633B, 0x633A, 0x633A, 0x633A, 0x633B, 0x633A, 0x631A, 0x633A, 0x633A, 0x633A, 
    0x631B, 0x633A, 0x633B, 0x673A, 0x633B, 0x633A, 0x631A, 0x6319, 0x631A, 0x633A, 0x633A, 0x675A, 0x673B, 0x675A, 0x673B, 0x675B, 
    0x5B18, 0x5F19, 0x5F18, 0x633A, 0x675A, 0x6B7C, 0x6F7C, 0x6B7C, 0x6F7C, 0x6B7C, 0x6F9C, 0x6B7C, 0x6F9C, 0x6B9D, 0x6F9C, 0x6B9D, 
    0x6F9C, 0x6F9D, 0x6F9C, 0x6F9D, 0x6F9C, 0x6F9D, 0x6F9C, 0x6B7D, 0x6F9C, 0x6B7C, 0x6F9C, 0x6B7C, 0x633A, 0x56F8, 0x5AF8, 0x5F1A, 
    0x675A, 0x635B, 0x675A, 0x675B, 0x675B, 0x675B, 0x675B, 0x675B, 0x675B, 0x675B, 0x677B, 0x675B, 0x675B, 0x675B, 0x675A, 0x6F9D, 
    0x6F9D, 0x5EF9, 0x6318, 0x6695, 0x74A2, 0x78A2, 0x7CA2, 0x78A2, 0x78A1, 0x78A2, 0x78A1, 0x7482, 0x74A2, 0x7060, 0x64E6, 0x44C6, 
    0x6440, 0x6461, 0x6480, 0x6061, 0x6060, 0x5C61, 0x5C60, 0x5861, 0x5860, 0x5461, 0x5481, 0x5000, 0x556A, 0x6B5B, 0x77DE, 0x73BE, 
    0x77DD, 0x73BE, 0x77DE, 0x73BE, 0x77DE, 0x73BE, 0x77DE, 0x73BE, 0x77DE, 0x73BE, 0x77DE, 0x73BE, 0x77DE, 0x73BE, 0x77DE, 0x73BE, 
    0x77DE, 0x73BE, 0x77DE, 0x73BE, 0x73DD, 0x77DF, 0x6B7A, 0x4653, 0x6F9C, 0x6F9D, 0x5AF7, 0x4E96, 0x5F39, 0x675B, 0x6B7B, 0x677C, 
    0x6B7C, 0x677C, 0x6B7B, 0x6B7C, 0x6B7C, 0x677C, 0x6B7C, 0x675C, 0x675B, 0x5295, 0x56B5, 0x673B, 0x675A, 0x5E53, 0x5400, 0x5442, 
    0x5462, 0x4884, 0x3400, 0x5A95, 0x7FFF, 0x77DE, 0x739D, 0x6F9D, 0x6F9C, 0x6F9D, 0x6F9D, 0x6B9D, 0x6B7B, 0x6B7C, 0x6F9C, 0x6B9C, 
    0x6F9C, 0x6F9D, 0x6F9C, 0x6F9D, 0x6F9C, 0x6F9D, 0x6F9C, 0x6B9D, 0x6F9C, 0x6B7D, 0x6F9C, 0x6B7D, 0x6F9C, 0x6B7D, 0x6F9C, 0x6B7D, 
    0x6B7C, 0x675C, 0x675A, 0x633A, 0x6B5B, 0x6B7C, 0x6B7C, 0x6B7C, 0x6F9C, 0x6B7C, 0x6B9C, 0x6B7C, 0x6F9C, 0x6B7C, 0x6F9C, 0x6B7C, 
    0x6F9C, 0x6B7C, 0x6F9C, 0x6B7C, 0x6F9C, 0x6B7C, 0x6B9C, 0x6B7C, 0x6B9C, 0x6B7C, 0x6B7B, 0x677C, 0x6B7C, 0x6B7C, 0x6B7B, 0x6B7C, 
    0x6F9C, 0x6B7C, 0x6B9B, 0x6B7C, 0x6B7B, 0x6B7C, 0x6F9C, 0x62B5, 0x62F7, 0x633A, 0x675A, 0x633A, 0x675A, 0x633A, 0x633A, 0x633A, 
    0x633A, 0x633A, 0x633A, 0x633A, 0x633A, 0x633A, 0x6339, 0x633A, 0x6339, 0x633A, 0x635A, 0x633A, 0x6339, 0x633A, 0x635A, 0x633A, 
    0x633A, 0x633A, 0x633A, 0x633A, 0x633A, 0x633A, 0x633A, 0x633A, 0x633A, 0x633A, 0x633A, 0x633A, 0x6339, 0x5F3A, 0x633A, 0x5F1A, 
    0x633A, 0x5F3A, 0x633A, 0x633B, 0x635A, 0x633B, 0x633A, 0x5F19, 0x6339, 0x633A, 0x633A, 0x633A, 0x675A, 0x633A, 0x675A, 0x633B, 
    0x673B, 0x6319, 0x631A, 0x6F7C, 0x6B7D, 0x6F7C, 0x6B7D, 0x6F7C, 0x6F7D, 0x6F7C, 0x6F7D, 0x6F9C, 0x6F7D, 0x6F9D, 0x6F7D, 0x6F9C, 
    0x6F7D, 0x739D, 0x6F7D, 0x6F9D, 0x6F7D, 0x739D, 0x6F7D, 0x6F9D, 0x6F7D, 0x6F7C, 0x6F7D, 0x6B7C, 0x5EFA, 0x5EF9, 0x5AF9, 0x675B, 
    0x673B, 0x675A, 0x673B, 0x6B5B, 0x675C, 0x6B5B, 0x673C, 0x6B5B, 0x675C, 0x6B5B, 0x675C, 0x6B5B, 0x675C, 0x6B5B, 0x6F5C, 0x739E, 
    0x631A, 0x62F8, 0x66F8, 0x718C, 0x7800, 0x7CC3, 0x78A2, 0x7CA2, 0x7882, 0x78A2, 0x7482, 0x74A2, 0x7061, 0x6CC5, 0x44C7, 0x6040, 
    0x6862, 0x6461, 0x6461, 0x6461, 0x6041, 0x6061, 0x5841, 0x5861, 0x5441, 0x5461, 0x5063, 0x4C00, 0x5A11, 0x77BD, 0x77BE, 0x77BE, 
    0x77BE, 0x77BE, 0x77BE, 0x77BE, 0x77BE, 0x77BE, 0x77BF, 0x77BE, 0x77BF, 0x77BE, 0x73BF, 0x77BE, 0x73BF, 0x77BE, 0x77BF, 0x77BE, 
    0x77BF, 0x77BE, 0x77BF, 0x77BE, 0x73BE, 0x7BFF, 0x56B7, 0x5AD8, 0x739E, 0x6339, 0x56D8, 0x675B, 0x5F1A, 0x675B, 0x6B5C, 0x6B7C, 
    0x675C, 0x6B7C, 0x6B5C, 0x6B7B, 0x6B5C, 0x6B7C, 0x6B7D, 0x6B7C, 0x6B5D, 0x673A, 0x4E54, 0x5ED7, 0x673C, 0x6B3A, 0x5DD0, 0x5400, 
    0x5463, 0x5062, 0x3C43, 0x3400, 0x6AF9, 0x7FFF, 0x77BE, 0x739D, 0x6F9D, 0x739D, 0x6F7D, 0x6F9D, 0x6F7D, 0x6B7B, 0x6B5C, 0x6F9C, 
    0x6F7D, 0x6F9C, 0x6F7D, 0x6F9D, 0x6F7D, 0x6F9D, 0x6F7D, 0x6F9D, 0x6F7D, 0x6F9D, 0x6F7D, 0x6F9D, 0x6F7D, 0x6F9D, 0x6F7D, 0x6F7D, 
    0x6B7D, 0x6B7C, 0x675C, 0x673A, 0x673B, 0x6B5B, 0x6B5C, 0x6F7B, 0x6B5C, 0x6F7C, 0x6B7D, 0x6F7C, 0x6B7D, 0x6F7C, 0x6B7D, 0x6F7C, 
    0x6B7D, 0x6F7C, 0x6B7D, 0x6F7C, 0x6B7D, 0x6F7C, 0x6B7C, 0x6F7C, 0x6B7C, 0x6F7C, 0x6B5C, 0x6F7C, 0x6B7C, 0x6F7C, 0x6B7C, 0x6F7C, 
    0x6B7C, 0x6F7C, 0x6B7C, 0x6F7C, 0x6B7C, 0x6F7C, 0x6F7D, 0x66B5, 0x62F8, 0x673A, 0x631A, 0x673A, 0x631A, 0x673A, 0x631A, 0x673A, 
    0x631A, 0x673A, 0x633B, 0x673A, 0x631A, 0x673A, 0x631A, 0x673A, 0x631B, 0x673A, 0x633B, 0x673A, 0x633A, 0x673A, 0x633B, 0x673A, 
    0x633B, 0x673A, 0x633B, 0x673A, 0x631A, 0x673A, 0x631A, 0x673A, 0x631A, 0x673A, 0x631B, 0x633A, 0x631A, 0x673A, 0x631A, 0x633A, 
    0x631A, 0x6319, 0x631A, 0x673A, 0x633B, 0x673A, 0x633B, 0x6339, 0x631A, 0x633A, 0x633A, 0x673A, 0x673B, 0x673A, 0x673B, 0x673A, 
    0x6319, 0x673B, 0x6F7C, 0x6B7D, 0x6F9C, 0x6B7D, 0x6F9C, 0x6F7D, 0x6F9C, 0x6B7D, 0x6F9C, 0x6F7D, 0x6F9C, 0x6F7D, 0x6F9C, 0x6F7D, 
    0x6F9C, 0x6F7D, 0x6F9C, 0x6F9D, 0x6F9C, 0x6F7D, 0x6F9C, 0x6F7D, 0x6F9C, 0x6F7D, 0x6F9C, 0x677C, 0x633A, 0x5AF9, 0x5AF8, 0x675B, 
    0x675B, 0x675B, 0x6B5B, 0x675C, 0x6B5B, 0x675B, 0x6B5B, 0x675C, 0x675B, 0x675B, 0x6B7B, 0x675C, 0x6B5B, 0x6B5C, 0x73BE, 0x675C, 
    0x62F7, 0x6719, 0x7230, 0x7400, 0x7CC3, 0x78A2, 0x7CA2, 0x78A2, 0x78A1, 0x7482, 0x74A1, 0x7061, 0x70A2, 0x4CE7, 0x5461, 0x6461, 
    0x6061, 0x6061, 0x6060, 0x5C41, 0x5C60, 0x5841, 0x5860, 0x5041, 0x5461, 0x5042, 0x5061, 0x4800, 0x62D6, 0x73BF, 0x77BD, 0x73BE, 
    0x77DE, 0x73BE, 0x77DE, 0x73BE, 0x77DE, 0x73BE, 0x77DE, 0x73BE, 0x77DE, 0x73BE, 0x77DE, 0x73BE, 0x77DE, 0x73BE, 0x77DE, 0x73BE, 
    0x77DE, 0x73BF, 0x77DE, 0x73BE, 0x77DE, 0x77DE, 0x4A73, 0x675C, 0x6F9C, 0x56D7, 0x635A, 0x6B7C, 0x6B7C, 0x675C, 0x6B7B, 0x675C, 
    0x6B7C, 0x6B7C, 0x6B7C, 0x675C, 0x6B7B, 0x6B7C, 0x6B7C, 0x6B7C, 0x6B7C, 0x677C, 0x5F19, 0x4A53, 0x6318, 0x675C, 0x6719, 0x556C, 
    0x5000, 0x5063, 0x4C63, 0x3020, 0x3401, 0x6F5B, 0x7FFF, 0x73BE, 0x6F9D, 0x6F9D, 0x6F9D, 0x6F9D, 0x6F9D, 0x6B7D, 0x6B7B, 0x6B7D, 
    0x6F9C, 0x6F9D, 0x6F9C, 0x6F9D, 0x6F9C, 0x6F9D, 0x6F9D, 0x6F9D, 0x6F9D, 0x6F7D, 0x6F9D, 0x6F7D, 0x6F9C, 0x6B7D, 0x6F9C, 0x6B7D, 
    0x6F9C, 0x6B7C, 0x6B7C, 0x6B5C, 0x6B7B, 0x6B7C, 0x6B7B, 0x6B5C, 0x6B7B, 0x6B5C, 0x6B7C, 0x6B7C, 0x6B7C, 0x6B7C, 0x6F9C, 0x6B7C, 
    0x6F7C, 0x6B7C, 0x6F7C, 0x6B7C, 0x6F7C, 0x6B7C, 0x6F7C, 0x6B7C, 0x6B7C, 0x675C, 0x6B7B, 0x6B7C, 0x6F7C, 0x6B7C, 0x6F7C, 0x6B7C, 
    0x6F7C, 0x6B7C, 0x6F7C, 0x6B7C, 0x6F7C, 0x6B7C, 0x6F9C, 0x62B5, 0x62F7, 0x633A, 0x633A, 0x633A, 0x673A, 0x633A, 0x633A, 0x633A, 
    0x633A, 0x633A, 0x673A, 0x633A, 0x633A, 0x633A, 0x633A, 0x633A, 0x673A, 0x633A, 0x673A, 0x633A, 0x633A, 0x633A, 0x633A, 0x633A, 
    0x633A, 0x633B, 0x673A, 0x633A, 0x673A, 0x633A, 0x633A, 0x633A, 0x633A, 0x633A, 0x633A, 0x633A, 0x633A, 0x633A, 0x633A, 0x631A, 
    0x633A, 0x5F1A, 0x6339, 0x633A, 0x675A, 0x633B, 0x635A, 0x633A, 0x6339, 0x633A, 0x673A, 0x633A, 0x675A, 0x633B, 0x675A, 0x673B, 
    0x673B, 0x6F7C, 0x6B7D, 0x6F7C, 0x6F7D, 0x6F7C, 0x6F7D, 0x6F9C, 0x6F7D, 0x6F9C, 0x6F7D, 0x6F9C, 0x6F7D, 0x6F9C, 0x6F7D, 0x6F9C, 
    0x6F7D, 0x6F9C, 0x6F7D, 0x6F9C, 0x6F7D, 0x6F9C, 0x6F7D, 0x6F9C, 0x6F7D, 0x6F9C, 0x6B7D, 0x6B7C, 0x5F1A, 0x5AF9, 0x5AF9, 0x675B, 
    0x673B, 0x6B5B, 0x675C, 0x6B5B, 0x675B, 0x6B5B, 0x675B, 0x675B, 0x675B, 0x6B5B, 0x675C, 0x6B5B, 0x6B5C, 0x739D, 0x6F7D, 0x6718, 
    0x6319, 0x6E94, 0x7440, 0x7CC3, 0x78A3, 0x7CA2, 0x7882, 0x78A2, 0x7482, 0x74A2, 0x7082, 0x7080, 0x58E7, 0x4CA3, 0x6440, 0x6061, 
    0x6061, 0x6060, 0x5C41, 0x5C60, 0x5841, 0x5440, 0x5041, 0x5040, 0x4C41, 0x5062, 0x4800, 0x4908, 0x6B5B, 0x77DE, 0x73BE, 0x77BE, 
    0x73BE, 0x77BE, 0x73BE, 0x77DE, 0x73BE, 0x77DE, 0x73BE, 0x77DE, 0x73BE, 0x77DE, 0x73BE, 0x77DE, 0x73BE, 0x77DE, 0x73BE, 0x77DE, 
    0x73BF, 0x77DE, 0x73BF, 0x77BE, 0x77DF, 0x6B5A, 0x4A75, 0x739D, 0x673B, 0x5AF8, 0x675C, 0x6B5B, 0x675C, 0x6B7C, 0x6B7D, 0x6B7C, 
    0x6B7D, 0x6B7C, 0x6B7D, 0x6B7C, 0x6B5C, 0x6B7C, 0x6B5C, 0x6B7C, 0x6B7C, 0x6B7C, 0x6B5D, 0x5EF7, 0x4E74, 0x6739, 0x6B5C, 0x66F7, 
    0x4CC7, 0x5000, 0x5463, 0x4884, 0x2800, 0x3CE7, 0x739D, 0x7FFF, 0x739D, 0x739D, 0x6F9D, 0x6F9D, 0x6F9D, 0x6F9D, 0x6B7C, 0x6F7C, 
    0x6F7D, 0x6F9C, 0x6F7D, 0x6F9C, 0x6F9D, 0x6F9D, 0x6F7D, 0x6F9D, 0x6F7D, 0x6F9D, 0x6F7D, 0x6F9D, 0x6F7D, 0x6F9D, 0x6F7D, 0x6F9C, 
    0x6B7D, 0x6F7C, 0x6B7C, 0x6F7C, 0x6B7C, 0x6F7C, 0x6B7C, 0x6B7C, 0x6B5C, 0x6B7B, 0x6B5B, 0x6B7B, 0x6B7C, 0x6F7C, 0x6B7C, 0x6B7C, 
    0x6B7C, 0x6F7C, 0x6B7C, 0x6F7C, 0x6B7C, 0x6F7C, 0x6B7C, 0x6F7C, 0x6B7C, 0x6B7B, 0x6B7C, 0x6F7C, 0x6B7C, 0x6F7C, 0x6B7C, 0x6F7C, 
    0x6B7C, 0x6F7C, 0x6B7C, 0x6F7C, 0x6B7C, 0x6F7C, 0x6F7D, 0x62B5, 0x62D8, 0x673A, 0x633A, 0x673A, 0x633A, 0x673A, 0x633A, 0x673A, 
    0x633A, 0x673A, 0x633A, 0x633A, 0x633A, 0x673A, 0x633A, 0x673A, 0x633A, 0x673A, 0x633B, 0x673A, 0x633A, 0x673A, 0x633B, 0x633A, 
    0x633A, 0x673A, 0x633B, 0x673A, 0x631A, 0x673A, 0x633B, 0x673A, 0x633A, 0x633A, 0x633B, 0x633A, 0x631A, 0x633A, 0x633A, 0x633A, 
    0x631B, 0x633A, 0x631A, 0x633A, 0x633B, 0x675A, 0x633B, 0x673A, 0x631A, 0x633A, 0x633A, 0x673A, 0x673B, 0x675A, 0x673B, 0x633A, 
    0x6B7C, 0x6B7C, 0x6F9C, 0x6B7D, 0x6F9C, 0x6B7C, 0x6F9C, 0x6B7D, 0x6F9C, 0x6B7D, 0x6F9C, 0x6B7C, 0x6F9C, 0x6B7D, 0x6F9C, 0x6F9D, 
    0x6F9C, 0x6F9D, 0x6F9C, 0x6F9D, 0x6F9C, 0x6B9D, 0x6F9C, 0x6B7D, 0x6F9C, 0x6B7D, 0x6B9C, 0x5F3A, 0x5F3A, 0x5B1A, 0x5F19, 0x675B, 
    0x675B, 0x675B, 0x677B, 0x675B, 0x677B, 0x675B, 0x675B, 0x675B, 0x677B, 0x675B, 0x6B7B, 0x675C, 0x6F9C, 0x73BD, 0x6739, 0x6319, 
    0x6AD6, 0x6CE6, 0x78A0, 0x78A3, 0x78A2, 0x78A2, 0x78A1, 0x7482, 0x74A2, 0x7082, 0x7080, 0x60E6, 0x40C4, 0x6040, 0x6081, 0x5C61, 
    0x5C60, 0x5861, 0x5860, 0x5441, 0x5460, 0x4C41, 0x4C40, 0x4841, 0x4840, 0x4863, 0x4000, 0x4DEF, 0x73BD, 0x73BE, 0x77DD, 0x73BE, 
    0x77DE, 0x73BE, 0x77DE, 0x73BE, 0x77DE, 0x73BE, 0x77DE, 0x73BE, 0x77DE, 0x73BE, 0x77DE, 0x73BE, 0x77DE, 0x73BE, 0x77DE, 0x73BE, 
    0x77DE, 0x73BE, 0x77DE, 0x73BE, 0x7BFF, 0x5294, 0x5F18, 0x6F9D, 0x5F18, 0x5F1A, 0x6B7B, 0x675B, 0x6B7B, 0x677C, 0x6B7B, 0x677C, 
    0x6B7C, 0x677C, 0x6B7B, 0x675B, 0x6B7B, 0x6B7C, 0x6B7C, 0x6B7C, 0x6B7C, 0x677C, 0x677B, 0x675C, 0x56B5, 0x5295, 0x673A, 0x6B5B, 
    0x62B4, 0x4C00, 0x5041, 0x5462, 0x40A4, 0x2400, 0x49CE, 0x7BDE, 0x7BFE, 0x6F9D, 0x6FBD, 0x6F9D, 0x6FBC, 0x6F9D, 0x6F9C, 0x677C, 
    0x6F9C, 0x6B9D, 0x6F9C, 0x6B9D, 0x6F9C, 0x6F9D, 0x6F9C, 0x6B9D, 0x6F9C, 0x6B9D, 0x6F9C, 0x6B9D, 0x6F9C, 0x6B9D, 0x6F9C, 0x6B9D, 
    0x6F9C, 0x6B7D, 0x6F9C, 0x6B7D, 0x6F9C, 0x6B7C, 0x6B9C, 0x6B7C, 0x6B7B, 0x6B7C, 0x6B7B, 0x6B7C, 0x6B7B, 0x6B7C, 0x6B7B, 0x6B7C, 
    0x6B7B, 0x6B7C, 0x6B7C, 0x6B7C, 0x6B7C, 0x6B7C, 0x6B7B, 0x6B7C, 0x6B7B, 0x6B7C, 0x6B7B, 0x6B7C, 0x6B7B, 0x6B7C, 0x6B7B, 0x6B7C, 
    0x6F9C, 0x6B7C, 0x6F9C, 0x6B7C, 0x6F9C, 0x6B7C, 0x6F9C, 0x62B6, 0x62F7, 0x633A, 0x675A, 0x633A, 0x6339, 0x633A, 0x633A, 0x633A, 
    0x633A, 0x633A, 0x633A, 0x633A, 0x633A, 0x633A, 0x633A, 0x633A, 0x633A, 0x633A, 0x633A, 0x633A, 0x633A, 0x633A, 0x633A, 0x633A, 
    0x635A, 0x633B, 0x635A, 0x633A, 0x633A, 0x633A, 0x635A, 0x633A, 0x633A, 0x633A, 0x633A, 0x633A, 0x6339, 0x633A, 0x633A, 0x633A, 
    0x633A, 0x633A, 0x6339, 0x633A, 0x635A, 0x633A, 0x675A, 0x633A, 0x6339, 0x631A, 0x6339, 0x633A, 0x635A, 0x633B, 0x633A, 0x5F3A, 
    0x6B7D, 0x6F7C, 0x6F7D, 0x6F7C, 0x6F7D, 0x6F7C, 0x6F7D, 0x6F7C, 0x6F7D, 0x6F9C, 0x6F7D, 0x6F7C, 0x6F7D, 0x6F9C, 0x6F7D, 0x6F9D, 
    0x6F7D, 0x6F9D, 0x6F7D, 0x6F9D, 0x6F7D, 0x6F9D, 0x6F7D, 0x6F7C, 0x6B7D, 0x6F7C, 0x673C, 0x633A, 0x5F1A, 0x5F19, 0x633B, 0x6B5B, 
    0x675C, 0x6B5B, 0x675C, 0x6B5B, 0x675C, 0x6B5B, 0x675C, 0x6B5B, 0x675C, 0x6B5B, 0x673B, 0x6F7C, 0x739E, 0x6B5A, 0x62F9, 0x6AF8, 
    0x6D4B, 0x7860, 0x78A4, 0x7CA2, 0x7882, 0x78A2, 0x7482, 0x7882, 0x7083, 0x7060, 0x64C6, 0x40C6, 0x5C20, 0x6482, 0x5C62, 0x6061, 
    0x5841, 0x5861, 0x5441, 0x5441, 0x4C41, 0x4C40, 0x4821, 0x4441, 0x4022, 0x4463, 0x3400, 0x62D7, 0x77BF, 0x77BE, 0x77BE, 0x77BE, 
    0x77BF, 0x77BE, 0x77BF, 0x77BE, 0x77BF, 0x77BE, 0x77BF, 0x77BE, 0x77BF, 0x77BE, 0x77BF, 0x77BE, 0x77BF, 0x77BE, 0x77BF, 0x77BE, 
    0x77BF, 0x77BE, 0x73BF, 0x77DF, 0x77BE, 0x4A32, 0x6B5C, 0x6B5B, 0x5AD8, 0x675B, 0x6B7D, 0x6B7C, 0x6B5C, 0x6F7C, 0x6B5D, 0x6F7C, 
    0x6B5C, 0x6B5B, 0x6B5C, 0x673A, 0x675C, 0x6F7C, 0x6B5C, 0x6B7C, 0x6B7D, 0x6B7C, 0x6B5C, 0x6B7C, 0x673B, 0x5294, 0x56B6, 0x6B3B, 
    0x6B5B, 0x5E52, 0x4C00, 0x5442, 0x5443, 0x3884, 0x2800, 0x5653, 0x7FFF, 0x7BDE, 0x6F9D, 0x739D, 0x6F9D, 0x739D, 0x6F9D, 0x6B7C, 
    0x6B7C, 0x6F9D, 0x6F7D, 0x6F9D, 0x6F7D, 0x6F9D, 0x6F7D, 0x6F9D, 0x6F7D, 0x6F9D, 0x6F7D, 0x6F9D, 0x6F7D, 0x6F9D, 0x6F7D, 0x6F9C, 
    0x6F7D, 0x6F9C, 0x6F7D, 0x6F7C, 0x6F7D, 0x6F7C, 0x6B7D, 0x6F7C, 0x6B7D, 0x6F7C, 0x6B7D, 0x6F7C, 0x6B5C, 0x6B7B, 0x6B5C, 0x6B7B, 
    0x675B, 0x6B5B, 0x6B5C, 0x6B7B, 0x6B5C, 0x6F7C, 0x6B5C, 0x6B7B, 0x6B5C, 0x6F7C, 0x6B5C, 0x6F7B, 0x6B5C, 0x6F7C, 0x6B7C, 0x6F7C, 
    0x6B7C, 0x6F7C, 0x6B7C, 0x6F7C, 0x6B7C, 0x6F7C, 0x6F7D, 0x62B5, 0x62F8, 0x673A, 0x633B, 0x673A, 0x631A, 0x673A, 0x633A, 0x673A, 
    0x631A, 0x673A, 0x633B, 0x673A, 0x633B, 0x673A, 0x633B, 0x673A, 0x631A, 0x673A, 0x631A, 0x673A, 0x633B, 0x673A, 0x633B, 0x673A, 
    0x633B, 0x673A, 0x633B, 0x673A, 0x633B, 0x673A, 0x633B, 0x673A, 0x633B, 0x673A, 0x631B, 0x633A, 0x631A, 0x633A, 0x631A, 0x673A, 
    0x631B, 0x633A, 0x631A, 0x633A, 0x633B, 0x675B, 0x633B, 0x673A, 0x633A, 0x673A, 0x631A, 0x673A, 0x633B, 0x633A, 0x631B, 0x673B, 
    0x6F9C, 0x6B7D, 0x6F9C, 0x6F7D, 0x6F9C, 0x6F7D, 0x6F9C, 0x6B7D, 0x6F9C, 0x6F7D, 0x6F9C, 0x6B7D, 0x6F9C, 0x6B7D, 0x6F9C, 0x6F7D, 
    0x6F9C, 0x6F7D, 0x6F9C, 0x6B7D, 0x6F9C, 0x6B7D, 0x6F9C, 0x6B7D, 0x6F9C, 0x675C, 0x675B, 0x675C, 0x633A, 0x633B, 0x675B, 0x675B, 
    0x675B, 0x675C, 0x6B7B, 0x675C, 0x6B7B, 0x675C, 0x6B5B, 0x675B, 0x675B, 0x675B, 0x6B7B, 0x6F9D, 0x6B5A, 0x6319, 0x6718, 0x69CF, 
    0x7400, 0x78C4, 0x78A2, 0x78A2, 0x78A1, 0x7482, 0x74A2, 0x7082, 0x7080, 0x68A4, 0x4507, 0x5440, 0x6481, 0x5C62, 0x5C61, 0x5861, 
    0x5861, 0x5441, 0x5460, 0x4C41, 0x4C40, 0x4421, 0x4041, 0x3C21, 0x3C20, 0x2C63, 0x0800, 0x6B5B, 0x7FFF, 0x73BE, 0x77BE, 0x73BE, 
    0x77DE, 0x73BE, 0x77DE, 0x73BE, 0x77DE, 0x73BE, 0x77DE, 0x73BE, 0x77DE, 0x73BF, 0x77DE, 0x73BF, 0x77DE, 0x73BE, 0x77DE, 0x73BE, 
    0x77DE, 0x73BE, 0x77DE, 0x7BDF, 0x6739, 0x4E96, 0x6F9C, 0x5F19, 0x5F19, 0x675C, 0x6B7B, 0x675C, 0x6F7C, 0x6B7C, 0x6B7C, 0x6B7C, 
    0x6F7C, 0x6B5C, 0x6B7C, 0x6B5C, 0x6B7C, 0x6B5C, 0x6B7B, 0x6B7C, 0x6B7C, 0x6B7C, 0x6F7C, 0x6B7C, 0x6B7C, 0x633A, 0x5293, 0x5AD8, 
    0x6B5B, 0x673A, 0x560F, 0x4C00, 0x5462, 0x5022, 0x3883, 0x2C00, 0x62D6, 0x7FFF, 0x77BD, 0x6F9D, 0x6F9D, 0x6F9D, 0x6F9D, 0x6B7C, 
    0x6B7B, 0x6F7D, 0x6F9C, 0x6F9D, 0x6F9C, 0x6F9D, 0x6F9C, 0x6F9D, 0x6F9C, 0x6F9D, 0x6F9C, 0x6F7D, 0x6F9D, 0x6F7D, 0x6F9C, 0x6F7D, 
    0x6F9C, 0x6B7D, 0x6F9C, 0x6B7C, 0x6F9C, 0x6B7C, 0x6F9C, 0x6B7C, 0x6F9C, 0x6B7D, 0x6F7C, 0x6B7C, 0x6F7C, 0x6B7C, 0x6B7B, 0x675B, 
    0x675A, 0x633A, 0x675A, 0x675B, 0x6B7B, 0x675B, 0x6B7B, 0x6B5C, 0x6B7B, 0x6B7C, 0x6F7B, 0x6B7C, 0x6F7C, 0x6B7C, 0x6F7C, 0x6B7C, 
    0x6F7C, 0x6B7C, 0x6F7C, 0x6B7C, 0x6F7B, 0x6B7C, 0x6F9C, 0x62B6, 0x62F8, 0x633B, 0x673A, 0x633A, 0x673A, 0x633A, 0x673A, 0x633A, 
    0x633A, 0x633A, 0x633A, 0x633A, 0x673A, 0x633A, 0x633A, 0x633A, 0x633A, 0x633A, 0x633A, 0x633A, 0x673A, 0x633A, 0x633A, 0x633B, 
    0x673A, 0x633A, 0x633A, 0x633A, 0x673A, 0x633B, 0x673A, 0x633A, 0x633A, 0x633B, 0x633A, 0x5F1A, 0x6339, 0x633A, 0x633A, 0x633A, 
    0x633A, 0x633A, 0x6339, 0x5F1A, 0x675A, 0x633A, 0x673A, 0x633A, 0x673A, 0x631A, 0x633A, 0x5F3A, 0x633A, 0x633B, 0x675A, 0x633B, 
    0x6B7D, 0x6F9C, 0x6F7D, 0x6F9C, 0x6F7D, 0x6F9C, 0x6F7D, 0x6F9C, 0x6B7D, 0x6F9C, 0x6F7D, 0x6F9C, 0x6F7D, 0x6F9C, 0x6F7D, 0x6F9C, 
    0x6F7D, 0x6F9C, 0x6F7D, 0x6F9C, 0x6B7D, 0x6F9C, 0x6B7D, 0x6F9C, 0x6B7C, 0x675B, 0x675C, 0x675B, 0x673B, 0x6B5B, 0x673B, 0x675B, 
    0x675B, 0x6B5B, 0x675C, 0x6B5B, 0x675C, 0x6B5B, 0x675C, 0x675B, 0x673B, 0x6B5B, 0x6F9D, 0x6B3A, 0x62F9, 0x6739, 0x6A53, 0x7400, 
    0x78A4, 0x78A2, 0x78A2, 0x78A2, 0x7882, 0x78A2, 0x7082, 0x7081, 0x6C83, 0x5107, 0x4C62, 0x6461, 0x6062, 0x5C61, 0x5841, 0x5861, 
    0x5441, 0x5441, 0x4C41, 0x4C40, 0x4421, 0x4441, 0x3C21, 0x3841, 0x3085, 0x1863, 0x0000, 0x4631, 0x7BDE, 0x7FFF, 0x7BFF, 0x77DE, 
    0x73BE, 0x77BE, 0x77BE, 0x77DE, 0x77BE, 0x77DE, 0x73BF, 0x77DE, 0x73BE, 0x77DE, 0x73BF, 0x77DE, 0x73BF, 0x77DE, 0x73BF, 0x77DE, 
    0x73BF, 0x77DE, 0x73BF, 0x7BFF, 0x4E75, 0x5F19, 0x6B7C, 0x5AF7, 0x633B, 0x6B5B, 0x6B5B, 0x6F7C, 0x6B7C, 0x6F7C, 0x6B7C, 0x6B7B, 
    0x6B5C, 0x6B7C, 0x6B5C, 0x6B7C, 0x6B5C, 0x6B7C, 0x6B7D, 0x6B7C, 0x6B7C, 0x6B7C, 0x6B5C, 0x6B7C, 0x675C, 0x6B7C, 0x5EF9, 0x5274, 
    0x6319, 0x6B5B, 0x6719, 0x558C, 0x5000, 0x5862, 0x4842, 0x3462, 0x3000, 0x6B39, 0x7FFF, 0x739D, 0x6F9D, 0x6F9D, 0x6F9D, 0x6F9C, 
    0x6B5C, 0x6F7C, 0x6B7D, 0x6F9C, 0x6F7D, 0x6F9D, 0x6F7D, 0x6F9D, 0x6F7D, 0x6F9C, 0x6F7D, 0x6F9D, 0x6F7D, 0x6F9D, 0x6F7D, 0x6F9C, 
    0x6F7D, 0x6F9C, 0x6F7C, 0x6F9C, 0x6F7D, 0x6F9C, 0x6B7D, 0x6F9C, 0x6B7D, 0x6F7C, 0x6B7D, 0x6F7C, 0x6B7D, 0x6F7C, 0x6B7C, 0x6F7C, 
    0x6B7C, 0x6B7C, 0x6B5C, 0x6B7C, 0x6B5C, 0x6B5B, 0x673B, 0x6B5B, 0x6B5C, 0x6B7B, 0x6B5C, 0x6F7C, 0x6B7C, 0x6F7C, 0x6B7C, 0x6F7C, 
    0x6B7C, 0x6F7C, 0x6B7C, 0x6F7C, 0x6B7C, 0x6F7B, 0x6F7D, 0x62B5, 0x62F8, 0x675A, 0x633A, 0x673A, 0x633A, 0x673A, 0x633A, 0x673A, 
    0x633A, 0x673A, 0x633B, 0x673A, 0x633B, 0x673A, 0x633A, 0x673A, 0x633A, 0x673A, 0x633B, 0x673A, 0x633A, 0x673A, 0x633B, 0x673A, 
    0x633B, 0x673A, 0x633B, 0x673A, 0x633B, 0x673A, 0x633A, 0x673A, 0x633B, 0x673A, 0x633A, 0x633A, 0x631A, 0x633A, 0x631A, 0x633A, 
    0x5F1A, 0x6339, 0x5F1A, 0x6339, 0x633B, 0x633A, 0x633B, 0x673A, 0x633A, 0x6339, 0x633B, 0x6319, 0x5F1A, 0x633A, 0x5F19, 0x633A, 
    0x6F9C, 0x6B7D, 0x6F9C, 0x6B7D, 0x6F9C, 0x6B7D, 0x6F9C, 0x6B7D, 0x6F9C, 0x6B7D, 0x6F9C, 0x6B7D, 0x6F9C, 0x6B7D, 0x6F9C, 0x6B7D, 
    0x6F9C, 0x6B7D, 0x6F9C, 0x6B7C, 0x6B9C, 0x6B7C, 0x6B9C, 0x6B7D, 0x6B7B, 0x633B, 0x675B, 0x633B, 0x675A, 0x675B, 0x677B, 0x675B, 
    0x675B, 0x675B, 0x675A, 0x675B, 0x6B7B, 0x675B, 0x675B, 0x675B, 0x675A, 0x6F9D, 0x6B7B, 0x62F9, 0x6739, 0x66B5, 0x70A1, 0x78A2, 
    0x78C2, 0x78A2, 0x78A1, 0x74A2, 0x74A1, 0x7082, 0x70A1, 0x6C61, 0x5907, 0x44A4, 0x6460, 0x6061, 0x5C60, 0x5861, 0x5860, 0x5441, 
    0x5060, 0x4C41, 0x4840, 0x4441, 0x4041, 0x3C21, 0x3841, 0x30A6, 0x41EE, 0x4E74, 0x39CE, 0x0000, 0x0C63, 0x56B5, 0x77BD, 0x7FFF, 
    0x7FFF, 0x77DF, 0x77DE, 0x73BE, 0x77DE, 0x73BE, 0x77DE, 0x73BE, 0x77DE, 0x73BE, 0x77DE, 0x73BE, 0x77DE, 0x73BE, 0x77DE, 0x73BE, 
    0x77DE, 0x73BE, 0x77DE, 0x739C, 0x4652, 0x6B7C, 0x675A, 0x56D8, 0x6B7B, 0x675B, 0x6B7B, 0x677C, 0x6B7B, 0x6B7C, 0x6B7C, 0x6B7C, 
    0x6B7B, 0x6B7C, 0x6B7B, 0x6B7C, 0x6B7B, 0x6B7C, 0x6B7C, 0x675C, 0x6B7B, 0x675C, 0x6B7B, 0x677C, 0x6B7B, 0x675C, 0x6B7C, 0x5AF8, 
    0x5294, 0x633A, 0x6B5B, 0x62F8, 0x5128, 0x5400, 0x5862, 0x4463, 0x3800, 0x3C02, 0x739B, 0x7BFF, 0x739C, 0x6F9D, 0x6F9C, 0x6F9D, 
    0x6B7C, 0x677C, 0x6F9C, 0x6B9D, 0x6F9C, 0x6F9D, 0x6F9C, 0x6B9D, 0x6F9C, 0x6B9D, 0x6F9C, 0x6B9D, 0x6F9C, 0x6B9D, 0x6F9C, 0x6B9D, 
    0x6F9C, 0x6F7D, 0x6F9C, 0x6B7D, 0x6F9C, 0x6B7C, 0x6F9C, 0x6B7C, 0x6F9C, 0x6B7C, 0x6F9C, 0x6B7C, 0x6F9C, 0x6B7C, 0x6F9C, 0x6B7C, 
    0x6B9C, 0x6B7C, 0x6B9C, 0x6B7C, 0x6B9C, 0x6B7C, 0x675A, 0x675B, 0x675A, 0x675B, 0x675A, 0x675B, 0x6B7B, 0x6B7C, 0x6B9B, 0x6B7C, 
    0x6B7B, 0x6B7C, 0x6B7B, 0x6B7C, 0x6F9C, 0x6B7C, 0x6F9C, 0x5EB5, 0x62F7, 0x633A, 0x6339, 0x633A, 0x633A, 0x633A, 0x633A, 0x633A, 
    0x633A, 0x633A, 0x633A, 0x633A, 0x633A, 0x633A, 0x633A, 0x633A, 0x635A, 0x633A, 0x633A, 0x633A, 0x633A, 0x633A, 0x635A, 0x633A, 
    0x635A, 0x633A, 0x675A, 0x633A, 0x635A, 0x633A, 0x673A, 0x633A, 0x633A, 0x633A, 0x633A, 0x633A, 0x6339, 0x5F1A, 0x633A, 0x5F3A, 
    0x5F39, 0x5F1A, 0x6339, 0x5F1A, 0x633A, 0x633A, 0x675A, 0x633A, 0x633A, 0x633A, 0x633A, 0x5F19, 0x5F19, 0x5AF9, 0x673A, 0x675C, 
    0x6F7D, 0x6F7C, 0x6F7D, 0x6F7C, 0x6F7D, 0x6F7C, 0x6F7D, 0x6F7C, 0x6F7D, 0x6F9D, 0x6F7D, 0x6F7C, 0x6F7D, 0x6F9C, 0x6F7D, 0x6F9C, 
    0x6F7D, 0x6F9D, 0x6F7D, 0x6F9C, 0x6F7D, 0x6F7C, 0x6B7D, 0x6F7C, 0x673C, 0x675B, 0x673B, 0x675B, 0x673B, 0x6B5B, 0x675C, 0x6B5B, 
    0x673C, 0x6B5B, 0x673B, 0x6B5B, 0x675C, 0x675B, 0x673C, 0x675B, 0x6F7D, 0x6F7C, 0x62F9, 0x6719, 0x66D8, 0x7108, 0x7860, 0x7CA3, 
    0x7882, 0x78A2, 0x7882, 0x78A2, 0x7482, 0x7082, 0x6C60, 0x60E7, 0x40C7, 0x6040, 0x6042, 0x5C61, 0x5841, 0x5861, 0x5441, 0x5441, 
    0x4C41, 0x4C40, 0x4421, 0x4441, 0x3C22, 0x3821, 0x34C6, 0x3D8C, 0x5AB7, 0x5EF8, 0x5EF9, 0x5AD7, 0x39D0, 0x0000, 0x0000, 0x4E72, 
    0x6F7C, 0x7FFF, 0x7FFF, 0x7BDF, 0x77BF, 0x77BE, 0x77BF, 0x77BE, 0x77BF, 0x77DE, 0x77BF, 0x77BE, 0x77BF, 0x77BE, 0x77BF, 0x77BE, 
    0x77BF, 0x77BE, 0x7BDF, 0x6317, 0x5296, 0x6F9C, 0x5EF9, 0x631A, 0x6B5C, 0x6B5B, 0x6B5C, 0x6F7C, 0x6B7C, 0x6F7C, 0x6B7D, 0x6F7C, 
    0x6B7C, 0x6B7C, 0x6B5C, 0x6F7C, 0x6B7D, 0x6B7C, 0x6B5C, 0x6B7C, 0x6B5C, 0x6F7C, 0x6B5C, 0x6B7C, 0x6B5C, 0x6B5B, 0x6B5C, 0x6B7C, 
    0x5696, 0x56B5, 0x673B, 0x6B5B, 0x5EB6, 0x5482, 0x5800, 0x5841, 0x4864, 0x4800, 0x516D, 0x7FDE, 0x7BDF, 0x739C, 0x6F7D, 0x6F9D, 
    0x6F7D, 0x6B5B, 0x6B7D, 0x6F9D, 0x6F7D, 0x6F9D, 0x6F7D, 0x6F9D, 0x6F7D, 0x6F9D, 0x6F7D, 0x6F9D, 0x6F7D, 0x6F9D, 0x6F7D, 0x6F9D, 
    0x6F7D, 0x739C, 0x6F7D, 0x6F9C, 0x6F7D, 0x6F9C, 0x6F7D, 0x6F9C, 0x6F7D, 0x6F7C, 0x6F7D, 0x6F7C, 0x6F7D, 0x6F7C, 0x6B7D, 0x6F7C, 
    0x6B7D, 0x6F7C, 0x6B7D, 0x6F7C, 0x6B7C, 0x6F7C, 0x6B5C, 0x6B7C, 0x6B5C, 0x6B7C, 0x675C, 0x6B5B, 0x675C, 0x6B7C, 0x6B7C, 0x6F7C, 
    0x6B7D, 0x6F7C, 0x6B7C, 0x6F7C, 0x6B5C, 0x6F7B, 0x6F7D, 0x62B5, 0x62D8, 0x673A, 0x631A, 0x673A, 0x631A, 0x673A, 0x631A, 0x673A, 
    0x633B, 0x673A, 0x633B, 0x673A, 0x633B, 0x673A, 0x633B, 0x673A, 0x633B, 0x673A, 0x633B, 0x673A, 0x633B, 0x673A, 0x633B, 0x673A, 
    0x633B, 0x673A, 0x633B, 0x673A, 0x673B, 0x673A, 0x631A, 0x673A, 0x633B, 0x673A, 0x633A, 0x673A, 0x631A, 0x633A, 0x631A, 0x633A, 
    0x5F1A, 0x6319, 0x631A, 0x6319, 0x631A, 0x673A, 0x633B, 0x673A, 0x633B, 0x673A, 0x631A, 0x5F19, 0x5AF9, 0x675B, 0x6B7D, 0x6F7C, 
    0x6F9C, 0x6B7D, 0x6F9C, 0x6B7D, 0x6F9C, 0x6B7D, 0x6F9C, 0x6B7D, 0x6F9C, 0x6B7D, 0x6F9C, 0x6B7D, 0x6F9C, 0x6B7D, 0x6F9C, 0x6B7D, 
    0x6F9C, 0x6B7D, 0x6F9C, 0x6B7D, 0x6F9C, 0x6B7C, 0x6F9C, 0x6B7C, 0x675A, 0x675C, 0x675A, 0x633B, 0x675A, 0x675B, 0x675B, 0x675B, 
    0x675B, 0x675B, 0x6B5B, 0x675B, 0x675B, 0x675B, 0x675B, 0x6B7C, 0x739C, 0x6319, 0x6319, 0x6319, 0x6DAC, 0x7400, 0x78C3, 0x78A2, 
    0x78A2, 0x7882, 0x78A1, 0x7482, 0x70A2, 0x6C61, 0x64C5, 0x40E7, 0x5C60, 0x6061, 0x5C61, 0x5841, 0x5860, 0x5441, 0x5460, 0x4C41, 
    0x4C40, 0x4441, 0x4440, 0x3C42, 0x3800, 0x34A6, 0x3D8B, 0x5695, 0x5F18, 0x56B7, 0x6319, 0x673B, 0x675A, 0x5AF9, 0x4652, 0x14A7, 
    0x0000, 0x4211, 0x6F7B, 0x7FFF, 0x7FFF, 0x7BDF, 0x77DE, 0x73BE, 0x77DE, 0x77BF, 0x77DE, 0x77BE, 0x77DE, 0x77BE, 0x77DE, 0x77BE, 
    0x77DE, 0x73BF, 0x7BFE, 0x4652, 0x633A, 0x675B, 0x5AF7, 0x675B, 0x6B7B, 0x6B5C, 0x6B7B, 0x6B5C, 0x6B7C, 0x6B5C, 0x6B7C, 0x6B7C, 
    0x6B7C, 0x6B7C, 0x6B7B, 0x675B, 0x6B7C, 0x6B5C, 0x6B5B, 0x6B5C, 0x6B7C, 0x6B7C, 0x6B7B, 0x675C, 0x6B7B, 0x675B, 0x675B, 0x675C, 
    0x675A, 0x4E74, 0x5EF7, 0x673B, 0x6B5A, 0x5A53, 0x5400, 0x5842, 0x5441, 0x4C84, 0x4800, 0x5E74, 0x7FFF, 0x77DE, 0x6F9C, 0x6B9D, 
    0x6F9C, 0x675C, 0x6B7B, 0x6B7C, 0x6F9C, 0x6B7D, 0x6F9C, 0x6F7D, 0x6F9C, 0x6F9D, 0x6F9C, 0x6F7D, 0x6F9C, 0x6F9D, 0x6F9C, 0x6F9D, 
    0x6F9C, 0x6F7D, 0x6F9C, 0x6F7D, 0x6F9C, 0x6B7C, 0x6F9C, 0x6B7D, 0x6F9C, 0x6B7D, 0x6F9C, 0x6B7D, 0x6F9C, 0x6B7C, 0x6F9C, 0x6B7D, 
    0x6F9C, 0x6B7C, 0x6F9C, 0x6B7C, 0x6F7C, 0x6B7C, 0x6F7C, 0x6B7C, 0x6B7C, 0x6B7C, 0x6B7C, 0x6B7C, 0x6B7B, 0x6B7C, 0x6B7C, 0x6B7C, 
    0x6F9C, 0x6B7C, 0x6B7C, 0x6B7C, 0x6B7B, 0x6B5B, 0x6F9C, 0x62B6, 0x62F7, 0x633B, 0x633A, 0x633A, 0x633A, 0x633A, 0x673A, 0x633A, 
    0x673A, 0x633A, 0x633A, 0x633A, 0x633A, 0x633B, 0x673A, 0x633B, 0x673A, 0x633B, 0x675A, 0x633B, 0x673A, 0x633B, 0x673A, 0x633A, 
    0x675A, 0x633B, 0x675A, 0x633B, 0x675A, 0x633A, 0x673A, 0x633A, 0x673A, 0x633A, 0x673A, 0x631A, 0x6339, 0x5F1A, 0x6339, 0x633A, 
    0x633A, 0x5F1A, 0x5F19, 0x5AF9, 0x6339, 0x633A, 0x673A, 0x633A, 0x673A, 0x633A, 0x633A, 0x5F1A, 0x633A, 0x6B7D, 0x6F9C, 0x6B7C, 
    0x6B7D, 0x6F7C, 0x6B7C, 0x6F7C, 0x6B7D, 0x6F9C, 0x6F7D, 0x6F9C, 0x6F7D, 0x6F9C, 0x6F7D, 0x6F9C, 0x6F7D, 0x6F9C, 0x6F7D, 0x6F9C, 
    0x6B7D, 0x6F9C, 0x6B7D, 0x6F7C, 0x6B7D, 0x6F7C, 0x6B7C, 0x6B5B, 0x6B5C, 0x6B7C, 0x6B5C, 0x675A, 0x673B, 0x675B, 0x673B, 0x675B, 
    0x675B, 0x675B, 0x675B, 0x675B, 0x673B, 0x675B, 0x675C, 0x739D, 0x671A, 0x6318, 0x6319, 0x6E10, 0x7400, 0x78C3, 0x78A2, 0x7CA2, 
    0x7882, 0x78A2, 0x7482, 0x7482, 0x6C61, 0x6CA3, 0x48E7, 0x5861, 0x6061, 0x5C61, 0x5C41, 0x5860, 0x5441, 0x5441, 0x4C41, 0x4C40, 
    0x4421, 0x4440, 0x3C22, 0x3800, 0x34A6, 0x3D8C, 0x5695, 0x6318, 0x56D7, 0x5AF7, 0x5EF9, 0x673A, 0x673B, 0x673A, 0x633B, 0x5F19, 
    0x4A75, 0x252A, 0x0000, 0x3DEE, 0x673A, 0x7FFF, 0x7FFF, 0x7BFF, 0x77BF, 0x77BE, 0x77BF, 0x77DE, 0x77BF, 0x77DE, 0x77BF, 0x77DE, 
    0x73BE, 0x7BDF, 0x6F7C, 0x4231, 0x6B5C, 0x6319, 0x5AD8, 0x6B7B, 0x6B5C, 0x6B7C, 0x6B5C, 0x6B7B, 0x6B5C, 0x6B7C, 0x6B5C, 0x6B7C, 
    0x6B5C, 0x6B5B, 0x6B5B, 0x6B5B, 0x6B5C, 0x6B7C, 0x6B5C, 0x6B7C, 0x6B5C, 0x6B7B, 0x6B5C, 0x6B7C, 0x675B, 0x675B, 0x675B, 0x6B5B, 
    0x6B7C, 0x6339, 0x4E74, 0x6318, 0x673B, 0x673A, 0x59F0, 0x5400, 0x5863, 0x5441, 0x5063, 0x4C00, 0x66F8, 0x7FFF, 0x73BE, 0x6F9C, 
    0x6F7D, 0x6F7C, 0x675B, 0x6B7B, 0x6B7D, 0x6F9C, 0x6F7D, 0x6F9C, 0x6F7D, 0x6F9C, 0x6F7D, 0x6F9C, 0x6F7D, 0x6F9D, 0x6F7D, 0x6F9C, 
    0x6F7D, 0x6F9C, 0x6F7D, 0x6F9C, 0x6F7D, 0x6F9C, 0x6F7D, 0x6F9C, 0x6F7D, 0x6F9C, 0x6B7D, 0x6F7C, 0x6B7D, 0x6F7C, 0x6B7D, 0x6F7C, 
    0x6B7D, 0x6F7C, 0x6B7C, 0x6F7C, 0x6B7C, 0x6F7C, 0x6B7C, 0x6F7C, 0x6B7C, 0x6F7C, 0x6B7C, 0x6F7C, 0x6B7D, 0x6F7C, 0x6B7C, 0x6F7C, 
    0x6B7C, 0x6F7C, 0x6B7C, 0x6B7B, 0x6B5C, 0x6F9D, 0x6F7D, 0x6274, 0x62F8, 0x673A, 0x633B, 0x673A, 0x633B, 0x673A, 0x633A, 0x673A, 
    0x633B, 0x633A, 0x633B, 0x673A, 0x633A, 0x673A, 0x633B, 0x673A, 0x633B, 0x673A, 0x633B, 0x673A, 0x633B, 0x673A, 0x633B, 0x673A, 
    0x633B, 0x673A, 0x633B, 0x673A, 0x673B, 0x673A, 0x633B, 0x673A, 0x633A, 0x673A, 0x633A, 0x673A, 0x631A, 0x6339, 0x631A, 0x633A, 
    0x5F1A, 0x5F19, 0x631A, 0x5AF8, 0x5EF9, 0x673A, 0x633B, 0x673A, 0x633A, 0x673A, 0x633B, 0x5F19, 0x675B, 0x6F9D, 0x6F7D, 0x6F7C, 
    0x6F9C, 0x6B7C, 0x6B7C, 0x6B7D, 0x6F9C, 0x6B7C, 0x6F9C, 0x6B7D, 0x6F9C, 0x6B7D, 0x6F9C, 0x6B7D, 0x6F9C, 0x6B7C, 0x6F9C, 0x6B7C, 
    0x6F9C, 0x6B7D, 0x6F9C, 0x6B7D, 0x6F9C, 0x6B7C, 0x6B7B, 0x675B, 0x6B7C, 0x6B7C, 0x6B7B, 0x675B, 0x675A, 0x675B, 0x675A, 0x675B, 
    0x675A, 0x675B, 0x675B, 0x675B, 0x675B, 0x675B, 0x6F9C, 0x673A, 0x6318, 0x6319, 0x6A72, 0x7040, 0x78C3, 0x78A2, 0x78A2, 0x78A2, 
    0x78A1, 0x7482, 0x74A1, 0x6C82, 0x6C82, 0x50C6, 0x5082, 0x6061, 0x5C81, 0x5861, 0x5860, 0x5441, 0x5460, 0x4C41, 0x4C40, 0x4441, 
    0x4040, 0x3C42, 0x3800, 0x3085, 0x3D8C, 0x5294, 0x6318, 0x5AF8, 0x56D6, 0x56D7, 0x5F18, 0x633A, 0x675A, 0x633A, 0x6339, 0x633A, 
    0x675A, 0x635A, 0x56D6, 0x2D8E, 0x0000, 0x2D6B, 0x5F17, 0x77DE, 0x7FFF, 0x7BFF, 0x77DE, 0x73BE, 0x77DE, 0x73BE, 0x77DE, 0x73BE, 
    0x77DE, 0x7BFF, 0x5AF6, 0x4E96, 0x677B, 0x56D7, 0x633A, 0x6B7C, 0x6B7B, 0x675C, 0x6B7B, 0x6B5C, 0x6B7C, 0x675B, 0x677B, 0x675B, 
    0x6B7B, 0x675C, 0x6B7B, 0x675B, 0x6B7B, 0x675C, 0x6B7B, 0x675C, 0x6B7B, 0x675C, 0x6B7B, 0x677C, 0x6B7B, 0x675C, 0x6B7B, 0x675C, 
    0x677B, 0x6B7D, 0x5AF8, 0x4E74, 0x6339, 0x673B, 0x6718, 0x558C, 0x5400, 0x5883, 0x5462, 0x5420, 0x4C00, 0x6F5B, 0x7FFF, 0x6F9D, 
    0x6F9D, 0x6B9D, 0x6F9C, 0x6B7C, 0x6B7B, 0x6B7C, 0x6F9C, 0x6B7C, 0x6F9C, 0x6B7D, 0x6F9C, 0x6B9D, 0x6F9C, 0x6B9D, 0x6F9C, 0x6B9D, 
    0x6F9C, 0x6B9D, 0x6F9C, 0x6B9C, 0x6F9C, 0x6B9C, 0x6F9C, 0x6B7C, 0x6F9C, 0x6B7D, 0x6F9C, 0x6B7C, 0x6F9C, 0x6B7C, 0x6F9C, 0x6B7C, 
    0x6B9C, 0x6B7C, 0x6B9C, 0x6B7C, 0x6F9C, 0x6B7C, 0x6F9C, 0x6B7C, 0x6B7B, 0x6B7C, 0x6B9C, 0x6B7C, 0x6F9C, 0x6B7C, 0x6B9C, 0x6B7C, 
    0x6B7C, 0x6B7C, 0x6B7B, 0x6B7C, 0x73BD, 0x673A, 0x4E73, 0x5253, 0x6739, 0x633A, 0x633A, 0x633A, 0x635A, 0x633A, 0x673A, 0x633A, 
    0x635A, 0x633A, 0x633A, 0x633A, 0x633A, 0x633A, 0x635A, 0x633A, 0x675A, 0x633A, 0x675A, 0x633B, 0x675A, 0x633A, 0x675A, 0x633A, 
    0x635A, 0x633B, 0x675A, 0x633B, 0x675A, 0x633A, 0x675A, 0x633B, 0x633A, 0x633A, 0x635A, 0x633A, 0x6339, 0x633A, 0x6339, 0x5F3A, 
    0x6339, 0x5AF8, 0x5F19, 0x5AF9, 0x5F19, 0x5F1A, 0x6339, 0x633A, 0x635A, 0x633B, 0x635A, 0x5F1A, 0x677B, 0x6B9D, 0x6F9C, 0x6B7D, 
    0x6F7D, 0x6B5C, 0x6B5C, 0x6F7C, 0x6F7D, 0x6F7C, 0x6F7D, 0x6F9D, 0x6F7D, 0x6F9C, 0x6F7D, 0x6F9C, 0x6F7D, 0x6F9C, 0x6F7D, 0x6F9C, 
    0x6F7D, 0x6F9C, 0x6F7D, 0x6F9C, 0x6B7D, 0x6F7C, 0x6B5C, 0x6F7C, 0x6B7D, 0x6B7C, 0x6B5C, 0x6B5B, 0x673B, 0x6B5B, 0x673B, 0x673A, 
    0x673B, 0x675B, 0x673C, 0x6B5B, 0x673C, 0x6F7C, 0x6B5C, 0x62F7, 0x631A, 0x6A94, 0x7460, 0x7CA2, 0x78A3, 0x7CA2, 0x7882, 0x7882, 
    0x7482, 0x7482, 0x7082, 0x7081, 0x5CC6, 0x4C83, 0x6041, 0x6061, 0x5C61, 0x5861, 0x5441, 0x5441, 0x5041, 0x4C41, 0x4421, 0x4441, 
    0x3C22, 0x3800, 0x3444, 0x418C, 0x5274, 0x5EF8, 0x5EF9, 0x6319, 0x5AD9, 0x5AD8, 0x5AF9, 0x6319, 0x631A, 0x633A, 0x631B, 0x633A, 
    0x631A, 0x6B7B, 0x6B7C, 0x6B5B, 0x5AD8, 0x3DF0, 0x0000, 0x18C6, 0x5274, 0x739C, 0x7FFF, 0x7FFF, 0x77BF, 0x77BE, 0x77BF, 0x77BE, 
    0x77BF, 0x7BFF, 0x4612, 0x56B6, 0x5F1A, 0x56D7, 0x6B5C, 0x6B5B, 0x675C, 0x6B7C, 0x6B5C, 0x6B5B, 0x675C, 0x675B, 0x673B, 0x6B5B, 
    0x6B5C, 0x6B5C, 0x6B5C, 0x6B5B, 0x6B5C, 0x6B5B, 0x675C, 0x6B7C, 0x6B5C, 0x6B5B, 0x675C, 0x6B5B, 0x675C, 0x6B5C, 0x673B, 0x675B, 
    0x673B, 0x6B5C, 0x675C, 0x56B6, 0x5275, 0x673A, 0x673B, 0x66F7, 0x5509, 0x5800, 0x5863, 0x5863, 0x5400, 0x514A, 0x7BBE, 0x7FFF, 
    0x6F9E, 0x6F9D, 0x6F7D, 0x6F7C, 0x6F7C, 0x6F9C, 0x6B7D, 0x6F7C, 0x6F7D, 0x6F7C, 0x6F7D, 0x6F9C, 0x6F7D, 0x6F9D, 0x6F7D, 0x6F9C, 
    0x6F7D, 0x6F9C, 0x6F7D, 0x6F9C, 0x6F7D, 0x6F9C, 0x6F7D, 0x6F9C, 0x6B7D, 0x6F7C, 0x6B7D, 0x6F7C, 0x6F7D, 0x6F7C, 0x6B7D, 0x6F7C, 
    0x6B7D, 0x6F7C, 0x6F7D, 0x6F7C, 0x6B7D, 0x6F7C, 0x6B7D, 0x6F7C, 0x6B7C, 0x6F7C, 0x6B7C, 0x6F7C, 0x6B5C, 0x6F7C, 0x6B7C, 0x6F7C, 
    0x6B7C, 0x6F7C, 0x6F9D, 0x6F7B, 0x5A95, 0x5254, 0x671A, 0x6B7B, 0x5F1A, 0x633A, 0x631B, 0x673A, 0x633B, 0x673A, 0x633B, 0x673A, 
    0x633B, 0x673A, 0x633B, 0x673A, 0x633B, 0x673A, 0x633B, 0x673A, 0x633B, 0x673A, 0x633B, 0x673A, 0x673B, 0x673A, 0x673B, 0x673A, 
    0x633B, 0x673B, 0x673B, 0x673A, 0x673B, 0x673A, 0x633B, 0x673A, 0x633A, 0x673A, 0x633B, 0x673A, 0x631A, 0x633A, 0x631A, 0x633A, 
    0x631B, 0x5F19, 0x5AF9, 0x5EF9, 0x5EFA, 0x5AD8, 0x5AF9, 0x673A, 0x633B, 0x673A, 0x633B, 0x633A, 0x675C, 0x6F9D, 0x6F7D, 0x6F9D, 
    0x6B7C, 0x6B7C, 0x6F7C, 0x6B7D, 0x6F9C, 0x6B7D, 0x6F9C, 0x6B7D, 0x6F9C, 0x6B7D, 0x6F9C, 0x6B7D, 0x6F9C, 0x6B7D, 0x6F9C, 0x6B7C, 
    0x6F9C, 0x6B7D, 0x6F9C, 0x6B7D, 0x6F9C, 0x6B7C, 0x6B7B, 0x6B7C, 0x6B7C, 0x6B7C, 0x6B7B, 0x675C, 0x6B7B, 0x675B, 0x675A, 0x673B, 
    0x675B, 0x673B, 0x6B5B, 0x675B, 0x6B5B, 0x6F7D, 0x5EF7, 0x5253, 0x6251, 0x6CC5, 0x78A0, 0x78A3, 0x7CA2, 0x7882, 0x78A2, 0x7482, 
    0x7481, 0x7082, 0x7080, 0x60A5, 0x44A4, 0x6041, 0x6061, 0x5861, 0x5861, 0x5441, 0x5461, 0x4C41, 0x4C40, 0x4441, 0x4441, 0x3C41, 
    0x3820, 0x3022, 0x418B, 0x5295, 0x5EF7, 0x5AF9, 0x5F18, 0x5F19, 0x5F19, 0x5AF8, 0x5EF8, 0x5AF9, 0x6339, 0x633A, 0x675A, 0x631A, 
    0x633A, 0x675B, 0x6B7B, 0x6B7C, 0x6F7B, 0x675B, 0x5F18, 0x4212, 0x0444, 0x0000, 0x4630, 0x6B7B, 0x7FFF, 0x7FFF, 0x7BFF, 0x73BE, 
    0x7BFF, 0x6F9D, 0x35CE, 0x3DF0, 0x52B6, 0x5F1A, 0x6B7B, 0x675B, 0x6B7B, 0x675C, 0x6B7B, 0x6B5C, 0x6B5B, 0x675B, 0x6B7B, 0x675C, 
    0x6B7B, 0x675C, 0x6B5B, 0x675B, 0x6B7B, 0x675C, 0x6B5B, 0x675C, 0x675B, 0x675B, 0x675B, 0x675B, 0x675B, 0x675B, 0x675B, 0x633B, 
    0x675B, 0x675B, 0x675B, 0x633A, 0x5294, 0x56B6, 0x673A, 0x673A, 0x66B5, 0x5463, 0x5820, 0x5862, 0x5883, 0x5400, 0x5E10, 0x7FFF, 
    0x7BFE, 0x6F9D, 0x6F9C, 0x6B7C, 0x6F9C, 0x6B7D, 0x6F9C, 0x6F7D, 0x6F9C, 0x6B7C, 0x6F7C, 0x6B7C, 0x6F9C, 0x6B7D, 0x6F9C, 0x6F7D, 
    0x6F9C, 0x6F7D, 0x6F9C, 0x6F7D, 0x6F9C, 0x6F7D, 0x6F9C, 0x6F7D, 0x6F9C, 0x6B7D, 0x6F9C, 0x6B7D, 0x6F9C, 0x6B7C, 0x6B7C, 0x6B7C, 
    0x6F9C, 0x6B7D, 0x6F9C, 0x6B7C, 0x6F9C, 0x6B7C, 0x6F9C, 0x6B7C, 0x6F9C, 0x6B7C, 0x6B7C, 0x6B7C, 0x6B7B, 0x6B7C, 0x6B7B, 0x6B5C, 
    0x6B7B, 0x6B7B, 0x66D6, 0x4A11, 0x5EF8, 0x6F7D, 0x6F9C, 0x6B7C, 0x675A, 0x631A, 0x673A, 0x633A, 0x633A, 0x633A, 0x633A, 0x633A, 
    0x633A, 0x633A, 0x633A, 0x633A, 0x633A, 0x633A, 0x633A, 0x633A, 0x673A, 0x633A, 0x673A, 0x633B, 0x675A, 0x633B, 0x675A, 0x633B, 
    0x675A, 0x633B, 0x673A, 0x633B, 0x673A, 0x633A, 0x675A, 0x633B, 0x673A, 0x633A, 0x673A, 0x633A, 0x6339, 0x633A, 0x633A, 0x633A, 
    0x633A, 0x5F19, 0x5AF8, 0x5AF9, 0x5F19, 0x52B8, 0x5AF8, 0x5F1A, 0x673A, 0x633B, 0x675A, 0x5F1A, 0x6B7C, 0x6F9D, 0x6F9C, 0x6F7D, 
    0x6B7D, 0x6F7C, 0x6B7D, 0x6F9C, 0x6B7D, 0x6F9C, 0x6B7D, 0x6F9C, 0x6B7D, 0x6F9C, 0x6F7D, 0x6F9C, 0x6F7D, 0x6F9C, 0x6B7D, 0x6F9C, 
    0x6F7D, 0x6F9C, 0x6B7D, 0x6F9C, 0x6B7D, 0x6B7B, 0x6B7C, 0x6F7C, 0x6B5C, 0x6B7C, 0x6B5C, 0x6B7B, 0x675C, 0x6B5B, 0x673B, 0x675B, 
    0x673B, 0x675B, 0x673B, 0x675A, 0x739D, 0x6739, 0x4A33, 0x4DAD, 0x6820, 0x78A0, 0x78A3, 0x7CA2, 0x7882, 0x78A2, 0x7882, 0x7482, 
    0x7082, 0x7081, 0x68A5, 0x44C5, 0x5C41, 0x6061, 0x5C62, 0x5861, 0x5441, 0x5461, 0x5041, 0x4C40, 0x4821, 0x4441, 0x3C22, 0x3821, 
    0x3002, 0x414A, 0x5274, 0x5F18, 0x5AF9, 0x5F18, 0x5EF9, 0x5EF8, 0x5F19, 0x5EF8, 0x5AF8, 0x5AD7, 0x5F1A, 0x633A, 0x633B, 0x6319, 
    0x631A, 0x6B7B, 0x6B5C, 0x6B7B, 0x6B5C, 0x6F7C, 0x6B7C, 0x6B7B, 0x5F1A, 0x4E74, 0x1CE9, 0x0000, 0x39CF, 0x6759, 0x7BFF, 0x7FFF, 
    0x7FFF, 0x5AD7, 0x39D1, 0x3E11, 0x5297, 0x6B5B, 0x673B, 0x6B5B, 0x675C, 0x6B5B, 0x675C, 0x6B5B, 0x675C, 0x6B7C, 0x675C, 0x6B5B, 
    0x675B, 0x6B5B, 0x675C, 0x6B5B, 0x673B, 0x675A, 0x673B, 0x675B, 0x675C, 0x675B, 0x673B, 0x675B, 0x673B, 0x675B, 0x675C, 0x675A, 
    0x633B, 0x675B, 0x675B, 0x6B5B, 0x5F1A, 0x5273, 0x5AD7, 0x673A, 0x673A, 0x6673, 0x5400, 0x5C62, 0x5842, 0x5883, 0x5400, 0x6AB5, 
    0x7FFF, 0x7BDE, 0x6F7D, 0x6F9C, 0x6F7D, 0x6F9C, 0x6F7D, 0x6F9D, 0x6F7D, 0x6F9D, 0x6F7D, 0x6F7C, 0x6B7C, 0x6F7C, 0x6B7C, 0x6F9C, 
    0x6F7D, 0x6F9C, 0x6F7D, 0x6F9C, 0x6F7D, 0x6F9C, 0x6F7D, 0x6F7C, 0x6B7D, 0x6F9C, 0x6B7D, 0x6F9C, 0x6B7D, 0x6F9C, 0x6B7D, 0x6F7C, 
    0x6B7D, 0x6F7C, 0x6B7C, 0x6F7C, 0x6F7C, 0x6F7C, 0x6B7C, 0x6F7C, 0x6B7C, 0x6F7C, 0x6B7C, 0x6F7C, 0x6B7C, 0x6B7B, 0x6B7C, 0x6B7C, 
    0x6718, 0x5DCD, 0x65F0, 0x6F5B, 0x6F7D, 0x6F7B, 0x6B7C, 0x6F7C, 0x6F7D, 0x6B5B, 0x631A, 0x673A, 0x633A, 0x633A, 0x633B, 0x673A, 
    0x633B, 0x633A, 0x633B, 0x633A, 0x631A, 0x673A, 0x633A, 0x673A, 0x633A, 0x673A, 0x633A, 0x673A, 0x633B, 0x675A, 0x633B, 0x673A, 
    0x633B, 0x673A, 0x633B, 0x675A, 0x673B, 0x675A, 0x633B, 0x673A, 0x633B, 0x673A, 0x633A, 0x6339, 0x633A, 0x673A, 0x633A, 0x633A, 
    0x633B, 0x6319, 0x4E97, 0x5AD8, 0x5AD8, 0x56D8, 0x52B7, 0x5AF8, 0x5F1A, 0x675A, 0x673B, 0x633A, 0x6B7C, 0x6F9D, 0x6F9D, 0x6F9D, 
    0x6F9C, 0x6B7C, 0x6F9C, 0x6B7D, 0x6F9C, 0x6B7D, 0x6F9C, 0x6B7D, 0x6F9C, 0x6B7C, 0x6F9C, 0x6B7C, 0x6F9C, 0x6B7C, 0x6F9C, 0x6B7C, 
    0x6F9C, 0x6B7C, 0x6F9C, 0x6B7D, 0x6B7C, 0x675C, 0x6B9C, 0x6B7C, 0x6B7B, 0x6B7C, 0x6B7B, 0x675C, 0x6B7B, 0x675B, 0x675B, 0x633B, 
    0x675A, 0x633B, 0x675A, 0x6F9D, 0x6B5A, 0x4A53, 0x4E53, 0x5D6B, 0x70A1, 0x74A3, 0x78A2, 0x78A2, 0x78A1, 0x7882, 0x78A1, 0x7082, 
    0x6C81, 0x6883, 0x48C5, 0x5462, 0x6061, 0x5861, 0x5861, 0x5461, 0x5460, 0x5041, 0x4C40, 0x4841, 0x4440, 0x3C41, 0x3841, 0x3001, 
    0x4149, 0x5274, 0x6318, 0x5F19, 0x5F18, 0x5F19, 0x5F18, 0x5AF9, 0x5F19, 0x5AF8, 0x5AF7, 0x56D7, 0x5F19, 0x5F1A, 0x6339, 0x5AF9, 
    0x6339, 0x675B, 0x6B7B, 0x677C, 0x6B7B, 0x6B7C, 0x6B7B, 0x6B7C, 0x6F7C, 0x6B7C, 0x635A, 0x4E95, 0x294B, 0x0000, 0x2D8C, 0x5EF7, 
    0x56D6, 0x4654, 0x2D8C, 0x39D0, 0x5AF8, 0x675B, 0x675A, 0x675C, 0x6B7B, 0x675C, 0x6B7C, 0x6B7C, 0x6B7C, 0x675B, 0x675B, 0x675B, 
    0x677B, 0x675B, 0x677B, 0x675B, 0x675A, 0x635B, 0x675B, 0x633B, 0x675A, 0x635B, 0x675B, 0x675B, 0x675B, 0x675B, 0x675B, 0x675B, 
    0x675A, 0x635B, 0x675A, 0x635B, 0x675B, 0x5EF8, 0x4E73, 0x5EF8, 0x673A, 0x673A, 0x6230, 0x5400, 0x5C83, 0x5842, 0x5C62, 0x5C00, 
    0x7339, 0x7FFF, 0x77BD, 0x6B7D, 0x6F9C, 0x6F9D, 0x6F9C, 0x6F9D, 0x6F9C, 0x6F9D, 0x6F9C, 0x6F9D, 0x6F9C, 0x6B7C, 0x6B7C, 0x6B7C, 
    0x6B7B, 0x6B7C, 0x6F9C, 0x6B7C, 0x6F9C, 0x6B7C, 0x6F9C, 0x6B7C, 0x6F9C, 0x6B7D, 0x6F9C, 0x6B7D, 0x6F9C, 0x6B7C, 0x6F9C, 0x6B7C, 
    0x6F9C, 0x6B7C, 0x6F9C, 0x6B7C, 0x6F9C, 0x6B7C, 0x6F9B, 0x6B7C, 0x6F9C, 0x6B7C, 0x6B9C, 0x6B7C, 0x6B7B, 0x6B9D, 0x6B5A, 0x6252, 
    0x65CC, 0x6AB6, 0x6F7B, 0x6B7C, 0x6F7B, 0x6B7C, 0x6F9C, 0x6B7C, 0x6B9C, 0x6B9C, 0x675B, 0x631A, 0x673A, 0x633A, 0x633A, 0x633A, 
    0x635A, 0x633A, 0x633A, 0x633A, 0x633A, 0x633A, 0x635A, 0x633A, 0x633A, 0x633A, 0x675A, 0x633A, 0x675A, 0x633B, 0x675A, 0x633B, 
    0x675A, 0x633B, 0x635A, 0x633B, 0x635A, 0x633A, 0x635A, 0x633B, 0x675A, 0x633A, 0x675A, 0x633A, 0x633A, 0x633A, 0x633A, 0x5F3A, 
    0x633A, 0x5F1A, 0x5AF8, 0x5AF9, 0x5AF8, 0x5B1A, 0x5B18, 0x52D8, 0x56F7, 0x5F1A, 0x675A, 0x633A, 0x6B9C, 0x6F9D, 0x6F9C, 0x6F9D, 
    0x6F7D, 0x6F9C, 0x6F7D, 0x6F9C, 0x6F7D, 0x6F9D, 0x6F7D, 0x6F7C, 0x6F7D, 0x6F9C, 0x6F7D, 0x6F9D, 0x6F7D, 0x6F9C, 0x6F7D, 0x6F9D, 
    0x6F7D, 0x6F7C, 0x6F7D, 0x6F7C, 0x6B5C, 0x6F7C, 0x6B7D, 0x6F7C, 0x6B7D, 0x6B7C, 0x6B5C, 0x6B7C, 0x6B5C, 0x6B5B, 0x6B5C, 0x6F7D, 
    0x673B, 0x673A, 0x6F7D, 0x737C, 0x4E54, 0x4A33, 0x59D0, 0x6C00, 0x74A4, 0x78A2, 0x7882, 0x78A2, 0x7882, 0x7882, 0x7482, 0x7081, 
    0x6C63, 0x54A5, 0x4C63, 0x6461, 0x5C42, 0x5C61, 0x5841, 0x5841, 0x5041, 0x5041, 0x4821, 0x4841, 0x4022, 0x3C42, 0x3401, 0x3D08, 
    0x4E53, 0x6319, 0x5F1A, 0x6319, 0x5EFA, 0x6319, 0x5EF9, 0x5EF8, 0x5EF9, 0x5EF8, 0x5AD8, 0x5AD8, 0x5AD8, 0x633A, 0x631A, 0x5EF9, 
    0x631A, 0x6B5B, 0x6B5C, 0x6B7B, 0x6B5C, 0x6F7C, 0x6B5C, 0x6F7C, 0x6B5C, 0x6F7C, 0x6B7C, 0x6F7C, 0x673B, 0x5AD6, 0x358E, 0x0000, 
    0x0000, 0x1CE8, 0x20E9, 0x2D4B, 0x6F7C, 0x6F9C, 0x673B, 0x6B5B, 0x675C, 0x6B5C, 0x6B5C, 0x6B7C, 0x6B5C, 0x675B, 0x673B, 0x6B5B, 
    0x673C, 0x675B, 0x673B, 0x675B, 0x673B, 0x675B, 0x673C, 0x673A, 0x673B, 0x675B, 0x673B, 0x675B, 0x673B, 0x675B, 0x673B, 0x6B5B, 
    0x673B, 0x673A, 0x673B, 0x675B, 0x673B, 0x675B, 0x5AB7, 0x5294, 0x62F9, 0x6B3A, 0x671A, 0x5DAD, 0x5800, 0x6083, 0x5843, 0x6000, 
    0x64E8, 0x7B9C, 0x7FFF, 0x739D, 0x6F7D, 0x6F9D, 0x6F7D, 0x739D, 0x6F7D, 0x6F9D, 0x6F7D, 0x6F9D, 0x6F7D, 0x6F9D, 0x6F7D, 0x6F7C, 
    0x6F7D, 0x6F7C, 0x6B7D, 0x6F7C, 0x6F7D, 0x6F7C, 0x6B7D, 0x6F7C, 0x6F7D, 0x6F7C, 0x6F7D, 0x6F9C, 0x6F7D, 0x6F7C, 0x6F7D, 0x6F7C, 
    0x6F7C, 0x6F7C, 0x6F7D, 0x6F7C, 0x6F7C, 0x6F7C, 0x6F7D, 0x6F7C, 0x6B7C, 0x6F7C, 0x6B5C, 0x6F9D, 0x6F7C, 0x6AB5, 0x61AE, 0x6A93, 
    0x6F5B, 0x6F9C, 0x6F7C, 0x6F7C, 0x6B7C, 0x6F7C, 0x6F7C, 0x6F7C, 0x6B7C, 0x6F7C, 0x6F7D, 0x6B5B, 0x631A, 0x673A, 0x633B, 0x673A, 
    0x633B, 0x633A, 0x631A, 0x673A, 0x631A, 0x673A, 0x633B, 0x673A, 0x631A, 0x673A, 0x633B, 0x673A, 0x631A, 0x673A, 0x673B, 0x673B, 
    0x673B, 0x673A, 0x633B, 0x673A, 0x633B, 0x673A, 0x633B, 0x673A, 0x633B, 0x673A, 0x633B, 0x673A, 0x631B, 0x673A, 0x633B, 0x673A, 
    0x631A, 0x633A, 0x5F1A, 0x633A, 0x56D9, 0x5F19, 0x5F1A, 0x5F19, 0x56D9, 0x56D7, 0x5EFA, 0x673A, 0x6B7D, 0x739D, 0x6F7D, 0x739D, 
    0x6F9C, 0x6F7D, 0x6F9C, 0x6F7D, 0x6F9C, 0x6F7D, 0x6F9D, 0x6B7D, 0x6F9C, 0x6F7D, 0x6F9C, 0x6B7D, 0x6F9C, 0x6B7D, 0x6F9C, 0x6B7D, 
    0x6F9C, 0x6B7D, 0x6F9C, 0x6B7C, 0x6B7C, 0x6B7C, 0x6B7C, 0x6B7C, 0x6F7C, 0x6B5C, 0x6B7B, 0x675C, 0x6B7B, 0x6B7C, 0x4E93, 0x4231, 
    0x6759, 0x6B5C, 0x73BD, 0x56B6, 0x4631, 0x5AB7, 0x614A, 0x7040, 0x78A2, 0x78A2, 0x78A2, 0x7882, 0x78A1, 0x7482, 0x70A1, 0x6C61, 
    0x5CC5, 0x4484, 0x6061, 0x5C41, 0x5C61, 0x5441, 0x5460, 0x5041, 0x5040, 0x4841, 0x4441, 0x4021, 0x3C41, 0x3401, 0x38E6, 0x4E32, 
    0x6318, 0x5F1A, 0x6319, 0x5F1A, 0x6319, 0x5F1A, 0x5F19, 0x5AF8, 0x5F18, 0x5F1A, 0x5AF8, 0x5AF8, 0x56D7, 0x5B19, 0x6339, 0x5AF9, 
    0x6339, 0x675B, 0x6B7B, 0x6B5C, 0x6B7B, 0x6B7C, 0x6B7B, 0x6B7C, 0x6B7B, 0x6B7C, 0x6B7B, 0x6B7C, 0x6B7C, 0x6B7C, 0x6B5B, 0x56D7, 
    0x3DEF, 0x0C63, 0x0000, 0x0000, 0x4E72, 0x739C, 0x77DE, 0x6F9D, 0x6B7B, 0x673B, 0x675A, 0x675B, 0x6B7B, 0x675C, 0x675B, 0x633B, 
    0x675A, 0x673B, 0x675A, 0x673B, 0x675B, 0x633B, 0x675A, 0x633B, 0x675B, 0x633B, 0x675B, 0x633B, 0x675B, 0x675C, 0x6B5B, 0x675B, 
    0x675B, 0x675B, 0x675B, 0x675B, 0x675A, 0x633B, 0x675A, 0x5295, 0x56B5, 0x631A, 0x675A, 0x62D7, 0x5D49, 0x5C00, 0x6082, 0x5C63, 
    0x6400, 0x69CE, 0x7FFE, 0x7BFF, 0x739C, 0x6F9D, 0x6F9C, 0x6F9D, 0x6F9C, 0x6F9D, 0x6F9C, 0x6F7D, 0x6F9C, 0x6F9D, 0x6F9D, 0x6F9D, 
    0x6F9C, 0x6F7D, 0x6F9C, 0x6B7C, 0x6F7C, 0x6B7C, 0x6F9C, 0x6B7D, 0x6F9C, 0x6B7D, 0x6F9C, 0x6B7D, 0x6F9C, 0x6B7D, 0x6F9C, 0x6B7D, 
    0x6F9C, 0x6B7D, 0x6F9C, 0x6B7C, 0x6F9C, 0x6B7C, 0x6F9C, 0x6B7C, 0x6B7B, 0x6B9D, 0x6FBC, 0x66F7, 0x61CD, 0x6652, 0x6F59, 0x6B7C, 
    0x6F7B, 0x6B7B, 0x6F7B, 0x6B7C, 0x6F9C, 0x6B7C, 0x6F7C, 0x6B7C, 0x6F9C, 0x6B7C, 0x6F7C, 0x6B7D, 0x6B5B, 0x633A, 0x633A, 0x633A, 
    0x633A, 0x633A, 0x633A, 0x633A, 0x633A, 0x633A, 0x633A, 0x633B, 0x633A, 0x633A, 0x675A, 0x633A, 0x673A, 0x633B, 0x673A, 0x633A, 
    0x675A, 0x633B, 0x673A, 0x633B, 0x675A, 0x633B, 0x675A, 0x633A, 0x675A, 0x633B, 0x675A, 0x633B, 0x673A, 0x633A, 0x633A, 0x633A, 
    0x633A, 0x5F1A, 0x5F19, 0x5AF9, 0x56D7, 0x5F1A, 0x633A, 0x5B19, 0x5AF8, 0x5AF9, 0x56D7, 0x5F1A, 0x6F9C, 0x6F9D, 0x739C, 0x6F9D, 
    0x6F7D, 0x6F9C, 0x6F7D, 0x6F9C, 0x6F7D, 0x6F9D, 0x6F7D, 0x6F9C, 0x6F7D, 0x6F9C, 0x6F7D, 0x6F9C, 0x6F7D, 0x6F9C, 0x6F7D, 0x6F9C, 
    0x6B7D, 0x6F9C, 0x6B7D, 0x6B7B, 0x6B7C, 0x6F7C, 0x6B7D, 0x6F7C, 0x6B7D, 0x6B7C, 0x6B5C, 0x6B7C, 0x675C, 0x6B7C, 0x4E75, 0x0400, 
    0x5294, 0x77BD, 0x5EF9, 0x41F1, 0x4E76, 0x62D7, 0x6D29, 0x7860, 0x78A3, 0x78A2, 0x7882, 0x78A1, 0x7082, 0x70A2, 0x6C60, 0x68C6, 
    0x44A5, 0x6040, 0x5C42, 0x5C61, 0x5841, 0x5841, 0x5041, 0x5040, 0x4841, 0x4441, 0x4021, 0x3C42, 0x3401, 0x38A5, 0x4A11, 0x6319, 
    0x631A, 0x6319, 0x5F1A, 0x6339, 0x5EF9, 0x5EF8, 0x5AF8, 0x5AD7, 0x5AF8, 0x5F18, 0x5AF9, 0x5EF8, 0x5AD8, 0x5AF7, 0x5F1A, 0x5EF8, 
    0x5F1A, 0x6B5B, 0x675C, 0x6B7B, 0x6B5C, 0x6B7B, 0x6B5C, 0x6B7B, 0x6B7C, 0x6B7B, 0x6B7C, 0x6F7C, 0x6B7C, 0x6B7C, 0x6B7C, 0x6F7C, 
    0x675B, 0x5EF7, 0x4612, 0x2508, 0x0000, 0x1000, 0x4E53, 0x6F7B, 0x77BE, 0x73BD, 0x675B, 0x673A, 0x633A, 0x675B, 0x675C, 0x6B5B, 
    0x675B, 0x675B, 0x673B, 0x675A, 0x633B, 0x675A, 0x633B, 0x675B, 0x673B, 0x675A, 0x673B, 0x675B, 0x673B, 0x673A, 0x633B, 0x675B, 
    0x675C, 0x6B5B, 0x673B, 0x675B, 0x673B, 0x675B, 0x675C, 0x633A, 0x4E74, 0x5AD7, 0x673B, 0x6B5A, 0x62B6, 0x58E7, 0x5C00, 0x6062, 
    0x6084, 0x6400, 0x6E73, 0x7FFF, 0x7BDF, 0x739C, 0x6F9D, 0x6F9D, 0x6F7D, 0x739D, 0x6F7D, 0x739D, 0x6F7D, 0x6F9D, 0x6F9D, 0x739C, 
    0x6F7D, 0x6F9C, 0x6F7D, 0x6F9C, 0x6B7C, 0x6F7C, 0x6B7C, 0x6F7C, 0x6B7D, 0x6F9C, 0x6F7D, 0x6F9C, 0x6F7D, 0x6F9C, 0x6F7D, 0x6F9C, 
    0x6F7D, 0x6F9C, 0x6F7D, 0x6F9C, 0x6F7D, 0x6F9C, 0x6B7C, 0x6F7C, 0x6F9E, 0x6B59, 0x5DEF, 0x61CD, 0x6F18, 0x6F9C, 0x6B7C, 0x6F7C, 
    0x6F7C, 0x6F7C, 0x6F7C, 0x6F9C, 0x6F7C, 0x6F9C, 0x6F7C, 0x6F7C, 0x6B7D, 0x6F7C, 0x6B7C, 0x6F7C, 0x6B7C, 0x675A, 0x633A, 0x633A, 
    0x633A, 0x633A, 0x633A, 0x673A, 0x633A, 0x633A, 0x633B, 0x633A, 0x633A, 0x673A, 0x633A, 0x673A, 0x633B, 0x673A, 0x633B, 0x673A, 
    0x633B, 0x675A, 0x633B, 0x673A, 0x633B, 0x673A, 0x633B, 0x675A, 0x633B, 0x673A, 0x633B, 0x675A, 0x633B, 0x673A, 0x633A, 0x633A, 
    0x633B, 0x633A, 0x5F1A, 0x5AF8, 0x56D9, 0x633A, 0x5F1A, 0x5F19, 0x5AF9, 0x5F19, 0x5AF9, 0x6319, 0x6B7D, 0x6F9D, 0x6F7D, 0x739D, 
    0x6F9C, 0x6F7D, 0x6F9C, 0x6B7D, 0x6F9C, 0x6B7D, 0x6F9C, 0x6B7D, 0x6F9C, 0x6B7C, 0x6F9C, 0x6B9D, 0x6F9C, 0x6B9D, 0x6F9C, 0x6B7C, 
    0x6F9C, 0x6B7D, 0x6B7C, 0x677C, 0x6F9C, 0x6B7C, 0x6B9C, 0x6B7C, 0x6B7C, 0x6B7C, 0x6B7B, 0x675C, 0x6B7B, 0x675B, 0x6B5B, 0x6319, 
    0x6B7B, 0x6B7C, 0x4231, 0x4A33, 0x5ED7, 0x65F0, 0x7440, 0x74A3, 0x78A2, 0x74A2, 0x74A1, 0x7082, 0x70A1, 0x6860, 0x6CC4, 0x44C6, 
    0x5840, 0x5C61, 0x5861, 0x5441, 0x5460, 0x5041, 0x5040, 0x4841, 0x4440, 0x4041, 0x3C61, 0x3421, 0x38A3, 0x4A10, 0x6318, 0x633A, 
    0x6339, 0x5F1A, 0x6339, 0x5F1A, 0x5F18, 0x5F19, 0x5F19, 0x5AF9, 0x5F19, 0x5B19, 0x5F18, 0x5AF9, 0x5F19, 0x56D7, 0x5AF8, 0x5AF9, 
    0x5F19, 0x675B, 0x6B7B, 0x675B, 0x6B7B, 0x6B7C, 0x6B7B, 0x6B7B, 0x6B7B, 0x6B7C, 0x6B7B, 0x6B7C, 0x6B7C, 0x6B7C, 0x6B7B, 0x6B7C, 
    0x6B7B, 0x6B7C, 0x6B7B, 0x6319, 0x4E73, 0x2108, 0x0000, 0x0000, 0x420F, 0x6339, 0x77DD, 0x73BE, 0x6B9C, 0x633B, 0x675A, 0x633A, 
    0x675B, 0x675B, 0x675B, 0x635B, 0x675A, 0x633A, 0x633A, 0x633B, 0x633A, 0x633B, 0x675A, 0x633B, 0x677B, 0x633A, 0x633A, 0x675B, 
    0x675B, 0x675B, 0x675B, 0x675B, 0x6B7B, 0x675B, 0x675A, 0x675C, 0x6319, 0x4A73, 0x5F18, 0x675B, 0x675A, 0x5E94, 0x5862, 0x5C20, 
    0x6061, 0x6083, 0x6000, 0x7318, 0x7FFF, 0x77DE, 0x6F9C, 0x6F9D, 0x6F9C, 0x6F9D, 0x6F9C, 0x6F9D, 0x6F9C, 0x6F9D, 0x6F9C, 0x6F9D, 
    0x6F9C, 0x6F9D, 0x6F9C, 0x6F9D, 0x6F9C, 0x6B7D, 0x6F9C, 0x6B7C, 0x6F9C, 0x6B7C, 0x6F9C, 0x6B7C, 0x6F9C, 0x6B7C, 0x6F9C, 0x6B7C, 
    0x6F9C, 0x6B7C, 0x6F9C, 0x6B9C, 0x6B9C, 0x6B7C, 0x73BD, 0x6B7C, 0x5E73, 0x5D4A, 0x6A94, 0x6F7B, 0x6F9C, 0x6B7C, 0x6F9C, 0x6B7C, 
    0x6F9C, 0x6B7C, 0x6F9C, 0x6B7C, 0x6F9C, 0x6B7C, 0x6F9C, 0x6B7C, 0x6F9C, 0x6B7C, 0x6F9C, 0x6B7C, 0x6F9C, 0x6B7C, 0x675A, 0x633A, 
    0x635A, 0x633A, 0x633A, 0x633A, 0x6339, 0x633A, 0x633A, 0x633A, 0x635A, 0x633A, 0x633A, 0x633A, 0x635A, 0x633A, 0x673A, 0x633A, 
    0x675A, 0x633A, 0x673A, 0x633A, 0x675A, 0x633A, 0x675A, 0x633B, 0x675A, 0x633B, 0x633A, 0x633A, 0x675A, 0x633B, 0x633A, 0x633A, 
    0x633A, 0x5F1A, 0x5AF8, 0x5B1A, 0x5AF8, 0x5AF9, 0x5F39, 0x5F3A, 0x5F39, 0x5AF9, 0x5F39, 0x5F3A, 0x6B7C, 0x6B9D, 0x6F9C, 0x6F9D, 
    0x6F7D, 0x6F9D, 0x6F7D, 0x6F9D, 0x6F7D, 0x6F9D, 0x6F7D, 0x6F9D, 0x6F7D, 0x6F9C, 0x6F7D, 0x6F9D, 0x6F7D, 0x6F9C, 0x6F7D, 0x6F9C, 
    0x6F7D, 0x6F7C, 0x6B5C, 0x6F7C, 0x6F7D, 0x6F7C, 0x6B7D, 0x6F7C, 0x6B7D, 0x6F7C, 0x6B5C, 0x6B5C, 0x6B5C, 0x6B7C, 0x675C, 0x6F7C, 
    0x737D, 0x4E74, 0x4612, 0x5AB6, 0x6A32, 0x7420, 0x74A3, 0x78A2, 0x7882, 0x78A1, 0x7082, 0x7082, 0x6C61, 0x6CA4, 0x4CC7, 0x5461, 
    0x6041, 0x5C41, 0x5841, 0x5841, 0x5441, 0x5041, 0x4C41, 0x4841, 0x4021, 0x3C42, 0x3801, 0x3862, 0x49F0, 0x6318, 0x631A, 0x633A, 
    0x631B, 0x633A, 0x631A, 0x6319, 0x5EF9, 0x6319, 0x5F1A, 0x631A, 0x631A, 0x633A, 0x5F1A, 0x5AF8, 0x5AF9, 0x5EF8, 0x56B7, 0x56D7, 
    0x5EFA, 0x675A, 0x6B5B, 0x6B7B, 0x6B5C, 0x6F7C, 0x6B5C, 0x6B7B, 0x6B7C, 0x6F7C, 0x6B5C, 0x6F7C, 0x6B7C, 0x6F7C, 0x6B7C, 0x6F7C, 
    0x6B5C, 0x6B7C, 0x6B5C, 0x6B7C, 0x631A, 0x5AD7, 0x5696, 0x398D, 0x0000, 0x0000, 0x2D4B, 0x5ED6, 0x739D, 0x7BDE, 0x6F9D, 0x6B7C, 
    0x673B, 0x673B, 0x673B, 0x675B, 0x675C, 0x673A, 0x631A, 0x673A, 0x631B, 0x673B, 0x633B, 0x673A, 0x633B, 0x673B, 0x673B, 0x6B5B, 
    0x673B, 0x6B5B, 0x675C, 0x6B5B, 0x673B, 0x675B, 0x673B, 0x6B5B, 0x6B5C, 0x5EF7, 0x4E75, 0x673A, 0x6B5C, 0x6B3A, 0x5E32, 0x5800, 
    0x5C42, 0x6062, 0x6441, 0x64C4, 0x777C, 0x7FFF, 0x77BE, 0x739D, 0x6F9D, 0x739D, 0x6F9E, 0x739D, 0x6F7D, 0x739D, 0x6F7D, 0x739D, 
    0x6F7D, 0x6F9D, 0x6F7D, 0x6F9C, 0x6F7D, 0x6F9C, 0x6F7D, 0x6F9C, 0x6F7D, 0x6F7C, 0x6F7D, 0x6F9C, 0x6F7D, 0x6F9C, 0x6F7D, 0x6F9C, 
    0x6F7D, 0x6F9C, 0x6F7D, 0x6F7C, 0x6F9E, 0x739D, 0x5EF8, 0x4A52, 0x5EB7, 0x735A, 0x6F7D, 0x6F7C, 0x6F5C, 0x6F7C, 0x6F7D, 0x6F7C, 
    0x6F7D, 0x6F7C, 0x6F7D, 0x6F7C, 0x6F7C, 0x6F7C, 0x6F7C, 0x6F7C, 0x6F7D, 0x6F7C, 0x6F7D, 0x6F7C, 0x6B7C, 0x6F7C, 0x6B7C, 0x673A, 
    0x633B, 0x673A, 0x633A, 0x673A, 0x633A, 0x673A, 0x633B, 0x673A, 0x631B, 0x673A, 0x633B, 0x673A, 0x633B, 0x673A, 0x673B, 0x673A, 
    0x633B, 0x673A, 0x673B, 0x673A, 0x633B, 0x675B, 0x673B, 0x673A, 0x673B, 0x673A, 0x633B, 0x673A, 0x633B, 0x673A, 0x633B, 0x673A, 
    0x633B, 0x631A, 0x5AD9, 0x5EF9, 0x5EFA, 0x5EF9, 0x5EFA, 0x6319, 0x5F1A, 0x5F19, 0x5F1A, 0x673A, 0x6B7D, 0x6F9D, 0x6F7D, 0x739D, 
    0x6F9C, 0x6F7D, 0x6F9C, 0x6F7D, 0x6F9C, 0x6F7D, 0x6F9C, 0x6F7D, 0x6F9C, 0x6F7D, 0x6F9C, 0x6F7D, 0x6F9C, 0x6B7C, 0x6F9C, 0x6B7D, 
    0x6F9C, 0x6B7C, 0x6B5B, 0x6B7D, 0x6F9C, 0x6B7D, 0x6F9C, 0x6B7D, 0x6F7C, 0x6B7D, 0x6B7C, 0x6B7C, 0x6B7C, 0x6B5C, 0x6B7B, 0x739D, 
    0x5AF6, 0x3DD1, 0x5295, 0x6674, 0x74A0, 0x74A2, 0x78C2, 0x74A2, 0x74A1, 0x7082, 0x70A1, 0x6C82, 0x7082, 0x54C6, 0x4C62, 0x5C41, 
    0x5861, 0x5441, 0x5440, 0x5041, 0x5040, 0x4C41, 0x4840, 0x4041, 0x3C41, 0x3421, 0x3021, 0x49F0, 0x6318, 0x5F1A, 0x6339, 0x631A, 
    0x633A, 0x633A, 0x6339, 0x5F19, 0x6319, 0x5F1A, 0x633A, 0x633A, 0x633A, 0x633A, 0x633A, 0x5F1A, 0x5F19, 0x5AF9, 0x56D7, 0x52B7, 
    0x5F19, 0x673B, 0x6B5B, 0x6B5C, 0x6B7B, 0x6B7C, 0x6B7B, 0x6B7C, 0x6F7C, 0x6B7C, 0x6B7B, 0x6B7C, 0x6F7C, 0x6B7C, 0x6F7C, 0x6B7C, 
    0x6B7C, 0x6B5C, 0x6B7B, 0x675B, 0x633A, 0x56D8, 0x677B, 0x633A, 0x5AD7, 0x4211, 0x1884, 0x0000, 0x24E6, 0x56B5, 0x6F9B, 0x739D, 
    0x73BD, 0x6F9D, 0x6F9C, 0x677C, 0x675B, 0x635B, 0x675B, 0x633B, 0x675B, 0x633B, 0x675A, 0x633B, 0x673A, 0x633B, 0x675A, 0x673B, 
    0x675A, 0x675B, 0x675B, 0x673B, 0x675A, 0x675B, 0x6B5B, 0x675B, 0x6B7B, 0x675B, 0x52B5, 0x56D7, 0x6B7B, 0x6B7C, 0x6739, 0x59EF, 
    0x5800, 0x5C42, 0x6083, 0x6000, 0x65CD, 0x7BDE, 0x7FFF, 0x739D, 0x6F9C, 0x6F9D, 0x739D, 0x6F9D, 0x739D, 0x6F9D, 0x6F9C, 0x6F9D, 
    0x6F9C, 0x6F9D, 0x6F9C, 0x6F9D, 0x6F9C, 0x6F7D, 0x6F9C, 0x6F7D, 0x6F9C, 0x6F7D, 0x6F9C, 0x6B7C, 0x6F9C, 0x6F9D, 0x6F9C, 0x6F7D, 
    0x6F9C, 0x6B7C, 0x6F9D, 0x73BE, 0x6739, 0x4A53, 0x56B6, 0x6B7C, 0x6F9C, 0x6B7C, 0x6F7C, 0x6B7C, 0x6F9C, 0x6B7C, 0x6F9C, 0x6B7C, 
    0x6F9C, 0x6B7C, 0x6F9C, 0x6B7C, 0x6F9C, 0x6B7C, 0x6F9C, 0x6B7C, 0x6F9C, 0x6B7C, 0x6F7C, 0x6B7C, 0x6F9C, 0x6B7C, 0x6F9C, 0x6B5C, 
    0x6339, 0x633A, 0x673A, 0x633A, 0x633A, 0x633A, 0x673A, 0x633A, 0x633A, 0x633A, 0x633A, 0x633A, 0x675A, 0x633B, 0x675A, 0x633B, 
    0x673A, 0x633B, 0x675A, 0x633B, 0x675A, 0x635B, 0x675B, 0x633B, 0x675A, 0x633B, 0x675B, 0x633B, 0x675A, 0x633B, 0x675A, 0x633B, 
    0x675A, 0x5AF9, 0x5AF9, 0x5B1A, 0x5F3A, 0x5F1A, 0x5F39, 0x5F1A, 0x5F19, 0x5AFA, 0x6339, 0x675B, 0x6F7C, 0x6F7D, 0x6F9C, 0x6F9D, 
    0x6F7D, 0x6F9C, 0x6F7D, 0x6F9D, 0x6F7D, 0x6F9C, 0x6F7D, 0x6F9D, 0x6F7D, 0x6F9C, 0x6F7D, 0x6F9C, 0x6B7D, 0x6F9C, 0x6F7D, 0x6F9C, 
    0x6B7D, 0x6B7C, 0x6B5C, 0x6F9C, 0x6B7D, 0x6F7C, 0x6B7D, 0x6F7C, 0x6B7D, 0x6F7C, 0x6B5C, 0x6B7C, 0x6B5C, 0x6B5B, 0x739E, 0x673A, 
    0x3DD0, 0x4E53, 0x6296, 0x7148, 0x7460, 0x78C3, 0x74A2, 0x74A1, 0x7082, 0x70A2, 0x6C82, 0x7081, 0x5CC6, 0x4883, 0x5C40, 0x5C61, 
    0x5441, 0x5441, 0x5041, 0x5040, 0x4841, 0x4840, 0x4021, 0x4041, 0x3821, 0x3483, 0x3509, 0x56B5, 0x633A, 0x633A, 0x631A, 0x633A, 
    0x633A, 0x633A, 0x5EF9, 0x5F19, 0x631A, 0x673A, 0x633A, 0x673A, 0x633B, 0x673A, 0x633B, 0x673A, 0x631A, 0x633A, 0x5AF9, 0x52B6, 
    0x56B8, 0x675A, 0x675B, 0x6B5B, 0x6B5C, 0x6B7B, 0x6B5C, 0x6F7C, 0x6B5C, 0x6F7C, 0x6B7C, 0x6F7C, 0x6B7C, 0x6F7C, 0x6B7C, 0x6F7C, 
    0x6B7C, 0x6B7C, 0x6B5C, 0x6B5B, 0x675B, 0x56D6, 0x633A, 0x675B, 0x675C, 0x675B, 0x5EF9, 0x5253, 0x2D0A, 0x0C00, 0x2C00, 0x4E52, 
    0x62F9, 0x6718, 0x673A, 0x6F7B, 0x739D, 0x73BD, 0x6F9E, 0x6B7C, 0x633B, 0x675B, 0x633B, 0x633A, 0x633B, 0x675A, 0x673B, 0x675B, 
    0x673B, 0x675A, 0x675B, 0x675B, 0x673B, 0x675B, 0x675B, 0x6B5B, 0x673B, 0x6F7C, 0x673B, 0x4E74, 0x675C, 0x6F7C, 0x6B7C, 0x66F8, 
    0x558D, 0x5800, 0x5C43, 0x60A4, 0x6000, 0x6EB4, 0x7FFF, 0x7FFF, 0x73BE, 0x739D, 0x6F9D, 0x739D, 0x6F9D, 0x6F9C, 0x6F9D, 0x6F9C, 
    0x6F9D, 0x6F9D, 0x6F7D, 0x6F9C, 0x6F7D, 0x6F9C, 0x6F7D, 0x6F9C, 0x6F7D, 0x6F9C, 0x6F7D, 0x6F9C, 0x6F7D, 0x6F9C, 0x6F7D, 0x6F7C, 
    0x6F7D, 0x77BE, 0x6B7C, 0x5294, 0x4E75, 0x675B, 0x6F9D, 0x6F9C, 0x6B7C, 0x6F7C, 0x6F7D, 0x6F9C, 0x6F7D, 0x6F7C, 0x6F7D, 0x6F9C, 
    0x6F7D, 0x6F9C, 0x6F7D, 0x6F9C, 0x6F7D, 0x6F7C, 0x6F7D, 0x6F7C, 0x6F7D, 0x6F9C, 0x6B7C, 0x6F9C, 0x6B7C, 0x6F7C, 0x6B7D, 0x6F7C, 
    0x6B5C, 0x673A, 0x633B, 0x673A, 0x633A, 0x673A, 0x633B, 0x633A, 0x633A, 0x673A, 0x633B, 0x673A, 0x633B, 0x673A, 0x633B, 0x673A, 
    0x633B, 0x673A, 0x673B, 0x673A, 0x633B, 0x675A, 0x633B, 0x675B, 0x633B, 0x675B, 0x633B, 0x675B, 0x633B, 0x675B, 0x633B, 0x673B, 
    0x633B, 0x5F1A, 0x5AFA, 0x5AF8, 0x5AFA, 0x633A, 0x5F1A, 0x5F19, 0x5F19, 0x5F19, 0x631A, 0x6B5B, 0x6B5C, 0x6F9C, 0x6F7D, 0x6F9D, 
    0x6F9C, 0x6F7C, 0x6F9C, 0x6F9D, 0x6F9C, 0x6F9D, 0x6F9C, 0x6B9D, 0x6F9C, 0x6B9D, 0x6F9C, 0x6B9D, 0x6F9C, 0x6B7C, 0x6F9C, 0x6B7C, 
    0x6F9C, 0x675B, 0x6B7B, 0x6B7C, 0x6F9C, 0x6B7D, 0x6F9C, 0x6B7C, 0x6B9C, 0x6B7C, 0x6B7C, 0x6B7C, 0x675A, 0x6F9D, 0x6F9C, 0x4232, 
    0x4611, 0x5AB7, 0x6DCE, 0x7400, 0x74C3, 0x74A2, 0x74A1, 0x7082, 0x70A1, 0x6C82, 0x6C80, 0x60C5, 0x44A4, 0x5840, 0x5861, 0x5441, 
    0x5460, 0x5041, 0x5040, 0x4841, 0x4840, 0x4041, 0x3C41, 0x3421, 0x3041, 0x3108, 0x3149, 0x35AD, 0x6318, 0x633A, 0x633A, 0x633A, 
    0x633A, 0x633A, 0x5F19, 0x5F19, 0x633A, 0x633A, 0x675A, 0x633A, 0x675A, 0x633A, 0x675A, 0x633A, 0x675A, 0x633A, 0x633A, 0x5AF8, 
    0x56D7, 0x5AF9, 0x675A, 0x675B, 0x6B7B, 0x6B5B, 0x6B7B, 0x6B7C, 0x6B7B, 0x6B7C, 0x6B7B, 0x6B7C, 0x6B7B, 0x6B7C, 0x6B7B, 0x6B7C, 
    0x6B7C, 0x6B7C, 0x6B7B, 0x675C, 0x6B7B, 0x5AF8, 0x5F39, 0x635B, 0x635A, 0x635B, 0x675B, 0x675B, 0x6339, 0x5295, 0x398C, 0x30C6, 
    0x4E30, 0x62F8, 0x6739, 0x5EF8, 0x5EF7, 0x5EF8, 0x6759, 0x6B7B, 0x739C, 0x73BD, 0x73BD, 0x6F9D, 0x6F9C, 0x6B7C, 0x677B, 0x633B, 
    0x675A, 0x633A, 0x675A, 0x675B, 0x6B7B, 0x675B, 0x675A, 0x675C, 0x739C, 0x6B5B, 0x4E94, 0x5AF8, 0x6B7C, 0x6B7C, 0x6B9C, 0x6B7C, 
    0x62D6, 0x5129, 0x5800, 0x5C63, 0x60A4, 0x5CA4, 0x6F17, 0x7BDD, 0x7FDD, 0x7BFF, 0x77DD, 0x6F9D, 0x6F9C, 0x6F9D, 0x6F9C, 0x6F9D, 
    0x6F9C, 0x6F9D, 0x6F9C, 0x6F9D, 0x6F9C, 0x6F9D, 0x6F9C, 0x6F9D, 0x6F9C, 0x6F9D, 0x6F9C, 0x6F9D, 0x6F9C, 0x6B7C, 0x6F9C, 0x73BE, 
    0x6FBC, 0x56B6, 0x4652, 0x5F19, 0x739C, 0x6B9C, 0x6F9C, 0x6B7C, 0x6F9C, 0x6B7C, 0x6F9C, 0x6B7C, 0x6F7B, 0x6B7C, 0x6F9C, 0x6B7C, 
    0x6F9C, 0x6B7C, 0x6F9C, 0x6B7C, 0x6F9C, 0x6B7C, 0x6F9C, 0x6B7C, 0x6F9C, 0x6B7C, 0x6F9C, 0x6B7C, 0x6F9C, 0x6B7C, 0x6F9C, 0x6B7C, 
    0x6F9C, 0x675B, 0x635A, 0x633A, 0x6339, 0x633A, 0x635A, 0x633A, 0x633A, 0x633A, 0x633A, 0x633A, 0x675A, 0x633A, 0x635A, 0x633A, 
    0x675A, 0x633B, 0x675A, 0x633B, 0x675A, 0x633B, 0x675A, 0x633B, 0x675A, 0x633B, 0x675A, 0x633B, 0x635A, 0x633B, 0x675A, 0x633B, 
    0x635A, 0x5F3A, 0x5F19, 0x56F9, 0x5F19, 0x5F3A, 0x633A, 0x56D8, 0x5F19, 0x5F19, 0x6339, 0x675B, 0x6B9C, 0x6B9D, 0x6F9C, 0x6F9D, 
    0x6F7D, 0x6F9C, 0x6F7D, 0x6F9D, 0x6F7D, 0x6F9D, 0x6F7D, 0x6F7C, 0x6F7D, 0x6F9D, 0x6F7D, 0x6F9D, 0x6F7D, 0x6F7C, 0x6F7D, 0x6F9C, 
    0x6B5C, 0x6B7C, 0x6F7D, 0x6F7C, 0x6B7D, 0x6F7C, 0x6B7D, 0x6F7C, 0x6B7D, 0x6F7C, 0x6B5C, 0x6B7C, 0x6F7C, 0x739D, 0x5295, 0x41F0, 
    0x5AB8, 0x6A53, 0x7000, 0x78C3, 0x7483, 0x78A2, 0x7482, 0x7082, 0x6C82, 0x6C60, 0x68A5, 0x4CC5, 0x5841, 0x5C61, 0x5441, 0x5441, 
    0x5041, 0x5041, 0x4821, 0x4841, 0x4021, 0x4041, 0x3822, 0x3421, 0x30E8, 0x314B, 0x292A, 0x4A32, 0x631A, 0x673A, 0x633B, 0x673A, 
    0x631B, 0x633A, 0x5F1A, 0x673A, 0x633B, 0x673A, 0x673B, 0x673A, 0x673B, 0x673A, 0x673B, 0x673A, 0x673B, 0x673A, 0x633B, 0x6319, 
    0x5F1A, 0x633A, 0x5EF9, 0x673A, 0x6B5C, 0x6B5B, 0x6B5C, 0x6F7C, 0x6B5C, 0x6F7C, 0x6B5C, 0x6F7C, 0x6B5C, 0x6F7C, 0x6B7C, 0x6F7C, 
    0x6B7C, 0x6B7C, 0x6B5C, 0x6B5B, 0x6B5C, 0x673A, 0x5AF8, 0x675B, 0x633B, 0x673B, 0x633B, 0x675B, 0x673B, 0x675B, 0x631B, 0x5AB6, 
    0x45AF, 0x4129, 0x4E11, 0x6719, 0x6F9D, 0x739D, 0x631A, 0x5AD7, 0x5275, 0x56B5, 0x5AB7, 0x6718, 0x6B5B, 0x739D, 0x73BE, 0x77BD, 
    0x6F9D, 0x6F7C, 0x6B5C, 0x6B5B, 0x633B, 0x673B, 0x6F7D, 0x6F7B, 0x56B6, 0x4E75, 0x631A, 0x6F7D, 0x6B7D, 0x6F7C, 0x6B7D, 0x6F9C, 
    0x6B5C, 0x5E94, 0x5465, 0x5C00, 0x5C64, 0x5CC6, 0x5908, 0x618B, 0x618C, 0x6EF6, 0x7FDE, 0x7FFF, 0x739E, 0x739D, 0x6F7D, 0x6F9D, 
    0x6F7D, 0x739D, 0x6F7D, 0x739D, 0x6F7D, 0x6F9D, 0x6F7D, 0x6F9D, 0x6F7D, 0x6F9D, 0x6F7D, 0x6F9C, 0x6F7D, 0x73BD, 0x739D, 0x5F18, 
    0x4653, 0x5AD7, 0x6F7D, 0x739D, 0x6F7D, 0x6F7C, 0x6F7D, 0x6F7C, 0x6F7D, 0x6F7C, 0x6F7D, 0x6F9C, 0x6F7D, 0x6F9C, 0x6F7D, 0x6F7C, 
    0x6F7D, 0x6F7C, 0x6F7D, 0x6F7C, 0x6F7D, 0x6F7C, 0x6F7D, 0x6F7C, 0x6F7D, 0x6F9C, 0x6F7D, 0x6F7C, 0x6F7D, 0x6F7C, 0x6B7D, 0x6F7C, 
    0x6B7D, 0x6F7C, 0x675B, 0x673A, 0x633A, 0x673A, 0x633B, 0x673A, 0x633B, 0x673A, 0x633B, 0x673A, 0x633B, 0x673A, 0x633B, 0x673A, 
    0x633B, 0x673A, 0x633B, 0x673B, 0x673B, 0x675B, 0x673B, 0x675B, 0x673B, 0x675B, 0x673B, 0x673B, 0x633B, 0x675B, 0x633B, 0x633A, 
    0x633B, 0x633A, 0x5F1A, 0x5F19, 0x5B1A, 0x633A, 0x631B, 0x5F1A, 0x5EFA, 0x633A, 0x633A, 0x673A, 0x6B7D, 0x6F9D, 0x6F7D, 0x739D, 
    0x6F9C, 0x6F7D, 0x6F9C, 0x6F7D, 0x6F9C, 0x6F9D, 0x6F9C, 0x6F7D, 0x6F9C, 0x6B7D, 0x6F9C, 0x6B7D, 0x6F9C, 0x6B7C, 0x6B7C, 0x6B7C, 
    0x6B7B, 0x6B7C, 0x6F9C, 0x6B7D, 0x6F7C, 0x6B7C, 0x6F9C, 0x6B7C, 0x6F7C, 0x6B5C, 0x6B7C, 0x6B7C, 0x73BD, 0x5AF8, 0x39CE, 0x5296, 
    0x66B6, 0x6CA3, 0x78A0, 0x74A3, 0x74A1, 0x7482, 0x70A1, 0x6C82, 0x6C60, 0x68A4, 0x5106, 0x5441, 0x5C61, 0x5441, 0x5460, 0x5041, 
    0x5041, 0x4841, 0x4840, 0x4021, 0x3C41, 0x3821, 0x3021, 0x2CC7, 0x316A, 0x292A, 0x4A32, 0x631A, 0x673A, 0x633B, 0x633A, 0x633B, 
    0x633A, 0x633B, 0x6339, 0x633A, 0x675A, 0x633A, 0x675A, 0x633A, 0x675A, 0x633A, 0x675A, 0x673B, 0x675A, 0x633A, 0x675A, 0x5F1A, 
    0x6339, 0x675B, 0x675B, 0x5F1A, 0x675A, 0x6B5B, 0x6B7B, 0x6B7C, 0x6B7B, 0x6B7C, 0x6B7B, 0x6B7C, 0x6B7C, 0x6B7C, 0x6B7C, 0x6B7C, 
    0x6B7C, 0x6B7C, 0x6B7C, 0x675C, 0x6B7B, 0x675B, 0x5EF8, 0x633B, 0x675B, 0x675B, 0x675B, 0x673B, 0x675A, 0x633B, 0x675A, 0x635B, 
    0x635A, 0x5EF8, 0x5231, 0x3CC8, 0x456A, 0x5EB6, 0x73BC, 0x77DF, 0x77DE, 0x6B7C, 0x6339, 0x5AD8, 0x52B5, 0x4E75, 0x5295, 0x56D7, 
    0x6338, 0x6B5B, 0x739C, 0x73BE, 0x77BD, 0x6F9D, 0x5AF6, 0x4A54, 0x5F19, 0x6B7D, 0x6F9C, 0x6B7C, 0x6F7C, 0x6B7D, 0x6F9C, 0x6B7C, 
    0x6F9C, 0x673B, 0x5E31, 0x5400, 0x5C62, 0x58A5, 0x54E6, 0x50C5, 0x50E5, 0x4800, 0x4DAB, 0x6F5A, 0x7FFF, 0x77DF, 0x6F9C, 0x6F7D, 
    0x6F9D, 0x6F7D, 0x6F9C, 0x6F7D, 0x6F9C, 0x6B7D, 0x6F9C, 0x6F9D, 0x6F9C, 0x6B7D, 0x6F9C, 0x6F9E, 0x77BD, 0x6339, 0x4A53, 0x52B6, 
    0x6B7C, 0x6F9D, 0x6F9C, 0x6B7C, 0x6F9C, 0x6B7C, 0x6F9C, 0x6B7D, 0x6F9C, 0x6B7C, 0x6F9C, 0x6B7D, 0x6F9C, 0x6B7D, 0x6F9C, 0x6F7D, 
    0x6F9C, 0x6F7D, 0x6F9C, 0x6B7C, 0x6F9C, 0x6B7C, 0x6F9C, 0x6B7C, 0x6F9C, 0x6B7C, 0x6F9C, 0x6B7C, 0x6F9C, 0x6B7D, 0x6F9C, 0x6B7C, 
    0x6F9C, 0x6B7C, 0x6F7C, 0x675B, 0x633A, 0x633A, 0x673A, 0x633A, 0x633A, 0x633A, 0x633A, 0x633A, 0x673A, 0x633A, 0x673A, 0x633B, 
    0x673A, 0x633B, 0x675A, 0x633B, 0x675A, 0x673B, 0x675B, 0x633B, 0x675A, 0x633B, 0x675A, 0x633B, 0x675B, 0x633B, 0x675A, 0x633B, 
    0x673A, 0x633B, 0x633A, 0x56F9, 0x5F3A, 0x633A, 0x633A, 0x5F1A, 0x5F19, 0x5F1A, 0x675A, 0x633A, 0x6B7C, 0x6B7D, 0x6F9D, 0x6F9D, 
    0x6F7D, 0x6F9C, 0x6F7D, 0x6F9C, 0x6F7D, 0x6F9C, 0x6F7D, 0x6F9C, 0x6F7D, 0x6F9C, 0x6F7D, 0x6F9C, 0x6F7D, 0x6F7C, 0x6B7C, 0x6F7C, 
    0x6B5C, 0x6F7C, 0x6B7D, 0x6F7C, 0x6B7D, 0x6F7C, 0x6B7C, 0x6F7C, 0x6B7D, 0x6B7C, 0x675C, 0x739C, 0x675B, 0x39CF, 0x4E54, 0x62F8, 
    0x6D6B, 0x7840, 0x74A3, 0x78A1, 0x7482, 0x7481, 0x6C82, 0x6C81, 0x6883, 0x54E6, 0x5062, 0x5C60, 0x5441, 0x5441, 0x5041, 0x5041, 
    0x4821, 0x4840, 0x4021, 0x4041, 0x3821, 0x3421, 0x28A6, 0x314A, 0x292A, 0x4A52, 0x631A, 0x673A, 0x633A, 0x673A, 0x633B, 0x673A, 
    0x633B, 0x633A, 0x631A, 0x673A, 0x673A, 0x675A, 0x673B, 0x675A, 0x673B, 0x675A, 0x673B, 0x673A, 0x673B, 0x675A, 0x673B, 0x6319, 
    0x631A, 0x675B, 0x675C, 0x6B5B, 0x5F1A, 0x633A, 0x6B5C, 0x6B7B, 0x6B5C, 0x6F7C, 0x6B7C, 0x6B7C, 0x6B7C, 0x6B7C, 0x6B5C, 0x6B7C, 
    0x6B5C, 0x6B7C, 0x6B7C, 0x6B7C, 0x675C, 0x6B7B, 0x5F19, 0x633A, 0x675B, 0x675B, 0x673B, 0x675B, 0x673B, 0x675B, 0x673B, 0x675A, 
    0x633B, 0x675B, 0x633B, 0x6319, 0x5654, 0x452A, 0x40A6, 0x5652, 0x6B5B, 0x77DE, 0x73BF, 0x739D, 0x6F9E, 0x6F9D, 0x6B5C, 0x633A, 
    0x5AD8, 0x56B6, 0x4E75, 0x4E74, 0x4E74, 0x4E74, 0x56B7, 0x6B7C, 0x6F7D, 0x6F7C, 0x6B7D, 0x6F7C, 0x6B7D, 0x6F7C, 0x6B7D, 0x6F7C, 
    0x6B7C, 0x6B7C, 0x671A, 0x5DF0, 0x5400, 0x5883, 0x4884, 0x48A4, 0x4484, 0x40A4, 0x2C00, 0x2400, 0x5674, 0x7BDE, 0x7BFF, 0x77DE, 
    0x73BE, 0x73BE, 0x739E, 0x73BD, 0x6F9E, 0x73BD, 0x6F9E, 0x739D, 0x6F9D, 0x73BD, 0x73BE, 0x6B7B, 0x4E74, 0x4E94, 0x675B, 0x739D, 
    0x6F7D, 0x6F7C, 0x6B7D, 0x6F7C, 0x6B7D, 0x6F9C, 0x6B7D, 0x6F9C, 0x6F7D, 0x6F9C, 0x6F7D, 0x6F7C, 0x6F7D, 0x6F9C, 0x6F7D, 0x6F7C, 
    0x6F7D, 0x6F9C, 0x6F7D, 0x6F9C, 0x6B7D, 0x6F9C, 0x6F7D, 0x6F7C, 0x6B7D, 0x6F9C, 0x6B7D, 0x6F9C, 0x6F7D, 0x6F9C, 0x6B7D, 0x6F7C, 
    0x6B7D, 0x6F7C, 0x6B7D, 0x6F7C, 0x673B, 0x673A, 0x633A, 0x633A, 0x633B, 0x673A, 0x633A, 0x633A, 0x633A, 0x633A, 0x633A, 0x673A, 
    0x633B, 0x673A, 0x633B, 0x675A, 0x633B, 0x675A, 0x633B, 0x675A, 0x633B, 0x675B, 0x673B, 0x675B, 0x673B, 0x675A, 0x633B, 0x675B, 
    0x633B, 0x673A, 0x5F1A, 0x5F19, 0x633B, 0x673A, 0x633A, 0x5F19, 0x5AFA, 0x6319, 0x631A, 0x675B, 0x6B7D, 0x6F9D, 0x6F7D, 0x6F9D, 
    0x6F9C, 0x6F9D, 0x6F9C, 0x6B9D, 0x6F9C, 0x6B7D, 0x6F9C, 0x6B9D, 0x6F9C, 0x6B9D, 0x6F9C, 0x6B9D, 0x6F9C, 0x6B7D, 0x6F9C, 0x6B7C, 
    0x6B7B, 0x6B7C, 0x6F9C, 0x6B7C, 0x6F9C, 0x6B7C, 0x6F9C, 0x6B7C, 0x6B7C, 0x6B7C, 0x6F9C, 0x6F9C, 0x4E73, 0x4E75, 0x6339, 0x6A11, 
    0x7400, 0x74C3, 0x74A1, 0x7481, 0x74A1, 0x6C82, 0x6881, 0x6882, 0x58E6, 0x4C83, 0x5C60, 0x5461, 0x5460, 0x5041, 0x4C40, 0x4841, 
    0x4440, 0x4041, 0x3C41, 0x3821, 0x3420, 0x28A6, 0x2D49, 0x294A, 0x4632, 0x633A, 0x675A, 0x633A, 0x6739, 0x633A, 0x675A, 0x633B, 
    0x633A, 0x5F1A, 0x6339, 0x633A, 0x675A, 0x633A, 0x675A, 0x673A, 0x675A, 0x633A, 0x675A, 0x673B, 0x675A, 0x633B, 0x675A, 0x5F19, 
    0x633A, 0x633B, 0x675B, 0x675C, 0x6B7B, 0x5AF9, 0x5AF7, 0x6B5C, 0x6B7B, 0x6B7C, 0x6B7B, 0x6B7C, 0x6B7B, 0x6B7C, 0x6B7B, 0x6B7C, 
    0x6B7B, 0x6B7C, 0x6B7B, 0x675B, 0x6B7B, 0x677C, 0x5F18, 0x5F19, 0x675B, 0x635B, 0x675A, 0x675B, 0x675A, 0x635B, 0x675A, 0x633B, 
    0x675A, 0x633B, 0x675A, 0x633B, 0x675A, 0x633A, 0x5AB6, 0x4DCF, 0x40C6, 0x4DEF, 0x6738, 0x6F9D, 0x73BD, 0x6B9D, 0x6F9C, 0x6F9D, 
    0x73BD, 0x6F9D, 0x6F9C, 0x6B5C, 0x633A, 0x675C, 0x6F9D, 0x6B7C, 0x6F9C, 0x6B7C, 0x6F7C, 0x6B7C, 0x6F7C, 0x6B7C, 0x6F9C, 0x6B7C, 
    0x6F9C, 0x6B7C, 0x675A, 0x62F9, 0x59AE, 0x4C00, 0x4483, 0x4062, 0x3C61, 0x3021, 0x2C62, 0x2063, 0x0000, 0x3DCE, 0x6F9B, 0x6F9C, 
    0x6B9B, 0x6B7B, 0x6F9B, 0x6B7B, 0x6F9B, 0x6F9C, 0x6F9B, 0x6F9C, 0x6F9C, 0x675A, 0x52B4, 0x4A74, 0x6339, 0x6F9D, 0x6F9C, 0x6B7D, 
    0x6F9C, 0x6B7D, 0x6F9C, 0x6B7C, 0x6F9C, 0x6B7C, 0x6F9C, 0x6B7D, 0x6F9C, 0x6B7D, 0x6F9C, 0x6B7D, 0x6F9C, 0x6B7D, 0x6F9C, 0x6B7C, 
    0x6F9C, 0x6B7C, 0x6F9C, 0x6B7C, 0x6F9C, 0x6B7C, 0x6F9C, 0x6B7C, 0x6F9C, 0x6B7C, 0x6F9C, 0x6B7C, 0x6F9C, 0x6B7C, 0x6F7C, 0x6B7C, 
    0x6F9C, 0x6B7C, 0x6B9C, 0x6B7D, 0x6B7C, 0x633A, 0x633A, 0x633A, 0x633A, 0x633A, 0x633A, 0x633A, 0x635A, 0x633A, 0x673A, 0x633A, 
    0x675A, 0x633A, 0x675A, 0x633B, 0x675A, 0x633B, 0x675A, 0x633B, 0x675A, 0x633B, 0x675A, 0x635B, 0x675A, 0x633B, 0x675A, 0x633B, 
    0x675A, 0x633B, 0x633A, 0x633B, 0x635A, 0x633A, 0x6339, 0x5F1A, 0x633A, 0x5F19, 0x6339, 0x6B7C, 0x6F9C, 0x6F9D, 0x6F9D, 0x6F9D, 
    0x6F7D, 0x6F7C, 0x6F7D, 0x6F9D, 0x6F7D, 0x6F9D, 0x6F7D, 0x6F9C, 0x6F7D, 0x6F9C, 0x6F7D, 0x6F9C, 0x6F7D, 0x6F7D, 0x6B7D, 0x6B7B, 
    0x6B7C, 0x6F7C, 0x6F7D, 0x6F9C, 0x6B7D, 0x6F7C, 0x6F7D, 0x6F7C, 0x6B7D, 0x739D, 0x77BE, 0x62F8, 0x5295, 0x673B, 0x6696, 0x7480, 
    0x74A3, 0x78A2, 0x7482, 0x7481, 0x7082, 0x6C81, 0x6C62, 0x5CC6, 0x4884, 0x5C40, 0x5841, 0x5441, 0x5041, 0x5041, 0x4821, 0x4841, 
    0x4021, 0x4041, 0x3821, 0x3400, 0x2886, 0x2D08, 0x290A, 0x4611, 0x631A, 0x673A, 0x633B, 0x673A, 0x673B, 0x673A, 0x633B, 0x673A, 
    0x631B, 0x6319, 0x631A, 0x673A, 0x673A, 0x673A, 0x673B, 0x675A, 0x673B, 0x673A, 0x673B, 0x675B, 0x673B, 0x673A, 0x673B, 0x6319, 
    0x631A, 0x673A, 0x673B, 0x6B5B, 0x6B5C, 0x6B7C, 0x5EFA, 0x5EF9, 0x6B5C, 0x6F7C, 0x6B5C, 0x6B7B, 0x6B5C, 0x6B7C, 0x6B5C, 0x6B7C, 
    0x6B5C, 0x6B7C, 0x6B7C, 0x6B5B, 0x675B, 0x6B5B, 0x5AF9, 0x6339, 0x673B, 0x675B, 0x673B, 0x675B, 0x673B, 0x675B, 0x673B, 0x675B, 
    0x673B, 0x675B, 0x673B, 0x673A, 0x673B, 0x673A, 0x633B, 0x633A, 0x5ED9, 0x5232, 0x3CE9, 0x49AD, 0x62D7, 0x739D, 0x73BF, 0x6F9D, 
    0x6B5D, 0x6F7C, 0x6F7D, 0x739D, 0x6F7D, 0x6F9C, 0x6F7D, 0x6F7C, 0x6F7C, 0x6F7C, 0x6F7D, 0x6F7C, 0x6F7C, 0x6F7C, 0x6F7C, 0x6F7C, 
    0x6F7D, 0x6F7C, 0x673B, 0x6319, 0x5E97, 0x4885, 0x3C21, 0x3842, 0x3021, 0x2821, 0x2001, 0x1C63, 0x0C00, 0x28E8, 0x5276, 0x5296, 
    0x4E76, 0x4E95, 0x4E75, 0x4E75, 0x4A75, 0x4A74, 0x4A54, 0x4A54, 0x4A54, 0x4A53, 0x5AD9, 0x739D, 0x6F7D, 0x6F7C, 0x6F7D, 0x6F7C, 
    0x6F7D, 0x6F7C, 0x6F7D, 0x6F7C, 0x6B7D, 0x6F9C, 0x6F7D, 0x6F7C, 0x6F7D, 0x6F9C, 0x6F7D, 0x6F7C, 0x6F7D, 0x6F9C, 0x6F7D, 0x6F9C, 
    0x6F7D, 0x6F7C, 0x6F7D, 0x6F9C, 0x6F7D, 0x6F7C, 0x6B7D, 0x6F9C, 0x6F7D, 0x6F9C, 0x6F7D, 0x6F9C, 0x6F7D, 0x6F7C, 0x6F7D, 0x6F9C, 
    0x6B7D, 0x6F9C, 0x6B7D, 0x6F9C, 0x6F7D, 0x6B7B, 0x631A, 0x633A, 0x631B, 0x673A, 0x633B, 0x673A, 0x633B, 0x673A, 0x633B, 0x673A, 
    0x633B, 0x673A, 0x673B, 0x673B, 0x633B, 0x675B, 0x673B, 0x673B, 0x673B, 0x675B, 0x673B, 0x675B, 0x673B, 0x675B, 0x673B, 0x675B, 
    0x673B, 0x673B, 0x633B, 0x633A, 0x633B, 0x673A, 0x631B, 0x633A, 0x633B, 0x6319, 0x673B, 0x6F9C, 0x6F7D, 0x739D, 0x6F7D, 0x739D, 
    0x6F9C, 0x6B7C, 0x6F9C, 0x6F7D, 0x6F9C, 0x6B7D, 0x6F9C, 0x6F7D, 0x6F9C, 0x6F7D, 0x6F9C, 0x6F7D, 0x6F9C, 0x6B7D, 0x6F7C, 0x6B5C, 
    0x6F9C, 0x6B7D, 0x6F9C, 0x6B7C, 0x6F9C, 0x6B7D, 0x6F9C, 0x6B7D, 0x6F7C, 0x73BE, 0x6B7B, 0x56B7, 0x4E94, 0x62D8, 0x7148, 0x7460, 
    0x74C3, 0x7482, 0x7482, 0x6C82, 0x6C81, 0x6861, 0x60C5, 0x44A4, 0x5C40, 0x5441, 0x5441, 0x5041, 0x4C40, 0x4821, 0x4840, 0x4021, 
    0x3C41, 0x3821, 0x3420, 0x2884, 0x24E6, 0x2509, 0x4633, 0x631A, 0x675A, 0x633A, 0x675A, 0x633A, 0x675A, 0x633B, 0x633A, 0x5F1A, 
    0x633A, 0x5F1A, 0x673A, 0x633A, 0x675A, 0x673B, 0x675A, 0x673B, 0x675A, 0x673B, 0x675A, 0x673B, 0x675A, 0x673B, 0x675A, 0x631A, 
    0x673A, 0x673B, 0x6B5B, 0x675C, 0x6B7B, 0x675C, 0x6B7B, 0x5F1A, 0x5AF7, 0x675B, 0x6B7C, 0x6B5C, 0x6B7B, 0x6B7C, 0x6B7B, 0x6B7C, 
    0x6B7B, 0x6B7C, 0x6B7B, 0x6B5C, 0x6B7B, 0x675B, 0x5AF7, 0x5F19, 0x675A, 0x633B, 0x675A, 0x675B, 0x675B, 0x675B, 0x675A, 0x633B, 
    0x675A, 0x633B, 0x675A, 0x633B, 0x675A, 0x633B, 0x675A, 0x633B, 0x675A, 0x633B, 0x6339, 0x5275, 0x3D6C, 0x414B, 0x5EB5, 0x6F7C, 
    0x73BE, 0x6F9D, 0x6F7C, 0x6B7C, 0x6F9C, 0x6B7D, 0x6F9C, 0x6B7C, 0x6F9C, 0x6B7C, 0x6F9C, 0x6B7C, 0x6F9C, 0x6B7C, 0x6F9C, 0x6B7C, 
    0x6F9C, 0x6B7C, 0x6B5B, 0x5F19, 0x62F8, 0x496C, 0x3800, 0x3043, 0x2C20, 0x2001, 0x1C21, 0x1401, 0x1400, 0x56B6, 0x739C, 0x6B7D, 
    0x6F9C, 0x6B7C, 0x6F7C, 0x6B7C, 0x6F9C, 0x6B7C, 0x6F7C, 0x6B7C, 0x6B7C, 0x6B7D, 0x6F9C, 0x6B7C, 0x6B7C, 0x6B7D, 0x6F9C, 0x6B7D, 
    0x6F9C, 0x6B7D, 0x6F9C, 0x6B7C, 0x6F9C, 0x6B7D, 0x6F9C, 0x6B7D, 0x6F9C, 0x6B7D, 0x6F9C, 0x6B7D, 0x6F9C, 0x6B7D, 0x6F9C, 0x6B7D, 
    0x6F9C, 0x6B7D, 0x6F9C, 0x6B7D, 0x6F9C, 0x6B7D, 0x6F9C, 0x6B7D, 0x6F9C, 0x6B7D, 0x6F9C, 0x6B7D, 0x6F9C, 0x6B7D, 0x6F9C, 0x6B7D, 
    0x6F9C, 0x6B7C, 0x6B9C, 0x6B7C, 0x6B9C, 0x6B7C, 0x675A, 0x633A, 0x633A, 0x633A, 0x633A, 0x633A, 0x675A, 0x633A, 0x633A, 0x633B, 
    0x673A, 0x633B, 0x675A, 0x633B, 0x675A, 0x633B, 0x675A, 0x633B, 0x675B, 0x633B, 0x675B, 0x675B, 0x675B, 0x635B, 0x675B, 0x633B, 
    0x675B, 0x633B, 0x633A, 0x633A, 0x675A, 0x633B, 0x633A, 0x633A, 0x6339, 0x5AF9, 0x6B7C, 0x6B7C, 0x6F9C, 0x6F9D, 0x6F9D, 0x6F9D, 
    0x6F7D, 0x6F9C, 0x6F7D, 0x6F9D, 0x6F7D, 0x6F9C, 0x6F7D, 0x6F9C, 0x6F7D, 0x6F9D, 0x6F7D, 0x6F9C, 0x6F7D, 0x6F9C, 0x6B7D, 0x6B7C, 
    0x6B7D, 0x6F9C, 0x6B7D, 0x6F7C, 0x6B7D, 0x6F7C, 0x6B7D, 0x6F7C, 0x739E, 0x6F7C, 0x5EF8, 0x6319, 0x62F8, 0x698B, 0x7440, 0x74C3, 
    0x7482, 0x7482, 0x7062, 0x6C82, 0x6841, 0x64C4, 0x44A5, 0x5840, 0x5841, 0x5441, 0x5041, 0x4C40, 0x4821, 0x4840, 0x4021, 0x4041, 
    0x3822, 0x3400, 0x2C64, 0x24C5, 0x292B, 0x4A54, 0x5EFA, 0x675A, 0x633A, 0x673A, 0x673B, 0x675A, 0x673B, 0x673A, 0x633B, 0x633A, 
    0x5F1A, 0x6319, 0x633A, 0x673A, 0x673B, 0x675A, 0x673B, 0x675A, 0x673B, 0x675B, 0x673B, 0x675A, 0x673B, 0x675B, 0x673B, 0x6319, 
    0x633B, 0x675B, 0x675B, 0x6B5B, 0x675C, 0x6B7B, 0x675C, 0x6B5B, 0x631A, 0x5F19, 0x633A, 0x6B7C, 0x675C, 0x6B7B, 0x6B5C, 0x6B7B, 
    0x6B5C, 0x6B7B, 0x6B5C, 0x6B7C, 0x6B5C, 0x6B7B, 0x5AD7, 0x5AF7, 0x633B, 0x673A, 0x633B, 0x675A, 0x673B, 0x675A, 0x673B, 0x675A, 
    0x673B, 0x675A, 0x673B, 0x675A, 0x673B, 0x675A, 0x673B, 0x675B, 0x673B, 0x675B, 0x633B, 0x675B, 0x633B, 0x5AD7, 0x45AF, 0x414A, 
    0x5252, 0x6B59, 0x739D, 0x73BD, 0x6F7D, 0x6F7C, 0x6F7D, 0x6F9C, 0x6B7C, 0x6F7C, 0x6F7D, 0x6F7C, 0x6F7C, 0x6F7C, 0x6F7C, 0x6F7C, 
    0x6F7D, 0x6F9C, 0x6B5C, 0x6319, 0x5EF9, 0x4DF0, 0x3000, 0x3062, 0x2001, 0x1C00, 0x1843, 0x0000, 0x4611, 0x6F7C, 0x6F7D, 0x6F7C, 
    0x6B7D, 0x6F9C, 0x6F7D, 0x6F9C, 0x6B7D, 0x6F9C, 0x6F7D, 0x6F9C, 0x6F7D, 0x6F9C, 0x6B7D, 0x6F7C, 0x6B7D, 0x6F7C, 0x6B7C, 0x6F7C, 
    0x6F7D, 0x6F7C, 0x6B7D, 0x6F7C, 0x6B7D, 0x6F7C, 0x6B7D, 0x6F9C, 0x6F7D, 0x6F9C, 0x6B7D, 0x6F9C, 0x6F7D, 0x6F9C, 0x6F7D, 0x6F9C, 
    0x6F7D, 0x6F9C, 0x6F7D, 0x6F9C, 0x6F7D, 0x6F9C, 0x6B7D, 0x6F9C, 0x6B7D, 0x6F9C, 0x6F7D, 0x6F9C, 0x6F7D, 0x6F9C, 0x6B7D, 0x6F9C, 
    0x6B7D, 0x6F7C, 0x6B7C, 0x6F9C, 0x6B7D, 0x6F9C, 0x675B, 0x633A, 0x631A, 0x673A, 0x633A, 0x673A, 0x633B, 0x673A, 0x633B, 0x673A, 
    0x633A, 0x673A, 0x633B, 0x673A, 0x633B, 0x675B, 0x633B, 0x675B, 0x633B, 0x675B, 0x673B, 0x675B, 0x673B, 0x675B, 0x673B, 0x675A, 
    0x633B, 0x675B, 0x633B, 0x675B, 0x633B, 0x673B, 0x633B, 0x633A, 0x5AF9, 0x5F19, 0x6B7C, 0x6F9C, 0x6F7D, 0x6F9D, 0x6F9D, 0x6F9D, 
    0x6F9C, 0x6B7D, 0x6F9C, 0x6B9D, 0x6F9C, 0x6B7C, 0x6F9C, 0x6B9D, 0x6F9C, 0x6B9D, 0x6F9C, 0x6B7D, 0x6F9C, 0x6B7C, 0x6B9C, 0x6B7C, 
    0x6F9C, 0x6B7C, 0x6F9C, 0x6B7C, 0x6F9C, 0x6B7D, 0x6B7C, 0x6F9D, 0x739C, 0x5F19, 0x5F18, 0x6319, 0x69EE, 0x7020, 0x74C4, 0x70A2, 
    0x70A2, 0x6C82, 0x6C81, 0x6861, 0x64A4, 0x44C5, 0x5461, 0x5841, 0x5460, 0x5041, 0x4C40, 0x4841, 0x4440, 0x4041, 0x3C41, 0x3841, 
    0x3420, 0x2C64, 0x24C5, 0x292A, 0x5295, 0x56F8, 0x6339, 0x633A, 0x675A, 0x633A, 0x675A, 0x633B, 0x675A, 0x633A, 0x675A, 0x633A, 
    0x5F39, 0x5F1A, 0x6739, 0x633A, 0x675A, 0x673A, 0x675A, 0x675B, 0x675A, 0x675B, 0x675A, 0x673B, 0x675A, 0x675B, 0x675A, 0x633A, 
    0x675A, 0x675B, 0x6B5B, 0x675B, 0x6B7B, 0x675B, 0x6B7B, 0x675B, 0x6B7B, 0x675B, 0x5AF8, 0x5F1A, 0x6B7B, 0x677C, 0x6B7B, 0x677C, 
    0x6B7B, 0x677C, 0x6B7B, 0x677C, 0x6B7B, 0x677C, 0x6339, 0x5AF8, 0x633A, 0x633A, 0x675A, 0x635B, 0x675A, 0x633B, 0x675A, 0x635B, 
    0x675A, 0x635B, 0x675A, 0x633B, 0x675A, 0x635B, 0x675A, 0x635B, 0x675A, 0x633B, 0x675B, 0x633B, 0x675A, 0x635B, 0x635B, 0x5AF8, 
    0x4E51, 0x394A, 0x49ED, 0x62F7, 0x739C, 0x73BE, 0x6F9D, 0x6B7C, 0x6F7B, 0x6B7C, 0x6F9C, 0x6B7C, 0x6F9C, 0x6B7C, 0x6F9C, 0x6B7C, 
    0x6F9C, 0x6B7C, 0x6B7C, 0x5F19, 0x5F18, 0x5253, 0x2800, 0x2042, 0x1820, 0x1842, 0x0400, 0x2929, 0x6739, 0x6F9D, 0x6F9C, 0x6B7D, 
    0x6F9C, 0x6B7C, 0x6F9C, 0x6B7D, 0x6F9C, 0x6B7D, 0x6F9C, 0x6B7D, 0x6F9C, 0x6B7C, 0x6F9C, 0x6B9C, 0x6F9C, 0x6B7D, 0x6F9C, 0x6B7C, 
    0x6B7C, 0x6B7C, 0x6F9C, 0x6B7D, 0x6F9C, 0x6B7D, 0x6F9C, 0x6B7D, 0x6F9C, 0x6B7D, 0x6F9C, 0x6B7C, 0x6F9C, 0x6B7C, 0x6F9C, 0x6B7C, 
    0x6F9C, 0x6B7D, 0x6F9C, 0x6B7D, 0x6F9C, 0x6B9D, 0x6F9C, 0x6B7D, 0x6F9C, 0x6B7D, 0x6F9C, 0x6B7C, 0x6F9C, 0x6B7C, 0x6F9C, 0x6B7D, 
    0x6F9C, 0x6B7C, 0x6F9C, 0x6B7C, 0x6B9C, 0x6B7C, 0x675B, 0x633A, 0x633A, 0x633A, 0x633A, 0x633A, 0x633A, 0x633A, 0x635A, 0x633A, 
    0x635A, 0x633B, 0x675A, 0x633B, 0x675A, 0x633B, 0x675A, 0x633B, 0x675A, 0x635B, 0x675B, 0x635B, 0x675B, 0x635B, 0x675A, 0x633B, 
    0x675B, 0x633B, 0x675A, 0x635B, 0x675A, 0x633B, 0x675A, 0x5F1A, 0x5F18, 0x635B, 0x6B7B, 0x6B7C, 0x6F9C, 0x6F9D, 0x6F9C, 0x6F9D, 
    0x6F7D, 0x6F9D, 0x6F7D, 0x6F9D, 0x6F7D, 0x6F9D, 0x6F7D, 0x6F9D, 0x6F7D, 0x6F9D, 0x6F7D, 0x6F9C, 0x6F7D, 0x6F9C, 0x6B7D, 0x6F7C, 
    0x6B7D, 0x6F9C, 0x6F7D, 0x6F9C, 0x6F7D, 0x6F7C, 0x6F7D, 0x77BD, 0x631A, 0x6319, 0x62F9, 0x65EF, 0x6C00, 0x74C4, 0x70A3, 0x74A2, 
    0x7082, 0x6C82, 0x6841, 0x6883, 0x44C6, 0x5462, 0x5841, 0x5441, 0x5041, 0x5041, 0x4821, 0x4841, 0x4021, 0x4021, 0x3822, 0x3800, 
    0x2C64, 0x24A5, 0x292A, 0x5296, 0x5EFA, 0x6319, 0x633A, 0x673A, 0x673B, 0x673A, 0x673B, 0x673A, 0x673B, 0x673A, 0x673B, 0x633A, 
    0x631A, 0x6319, 0x631A, 0x673A, 0x673B, 0x673A, 0x673B, 0x675A, 0x673B, 0x6B5B, 0x673B, 0x673A, 0x673B, 0x673A, 0x633B, 0x673A, 
    0x673B, 0x6B5B, 0x675B, 0x6B5B, 0x6B5C, 0x6B5B, 0x6B5C, 0x6B5B, 0x675C, 0x6B5B, 0x675C, 0x5EF8, 0x5F1A, 0x6B7C, 0x6B5C, 0x6B5B, 
    0x6B5C, 0x6B7C, 0x6B5C, 0x6B7B, 0x6B5C, 0x6B5B, 0x673B, 0x5EF8, 0x631A, 0x673A, 0x633B, 0x675B, 0x673B, 0x675A, 0x673B, 0x675B, 
    0x673B, 0x675B, 0x673B, 0x675A, 0x673B, 0x675A, 0x673B, 0x675B, 0x673B, 0x675B, 0x673B, 0x675B, 0x673B, 0x673B, 0x633B, 0x675B, 
    0x675C, 0x633A, 0x5275, 0x416C, 0x412A, 0x5A73, 0x6F5B, 0x77BE, 0x739E, 0x6F7C, 0x6B5C, 0x6F7C, 0x6F7D, 0x6F7C, 0x6F7D, 0x6F7C, 
    0x6F7C, 0x6F7C, 0x6F7D, 0x6739, 0x5AD9, 0x5695, 0x2000, 0x1821, 0x1422, 0x1400, 0x1C86, 0x62F8, 0x6F7D, 0x6F7C, 0x6F7D, 0x6F7C, 
    0x6F7D, 0x6F9C, 0x6F7D, 0x6F9C, 0x6F7D, 0x6F9C, 0x6B7D, 0x6F9C, 0x6F7D, 0x6F9C, 0x6F7D, 0x6F9C, 0x6F7D, 0x6F9D, 0x6F7D, 0x6F9C, 
    0x6F7D, 0x6F7C, 0x6B7D, 0x6F7C, 0x6B7D, 0x6F7C, 0x6B7D, 0x6F9C, 0x6F7D, 0x6F7C, 0x6F7D, 0x6F9C, 0x6F7D, 0x6F9C, 0x6F7D, 0x6F9C, 
    0x6F7D, 0x6F9D, 0x6F7D, 0x6F9C, 0x6F7D, 0x6F7C, 0x6F7D, 0x6F9C, 0x6F7D, 0x6F9C, 0x6F7D, 0x6F9C, 0x6F7D, 0x6F7C, 0x6F7D, 0x6F7C, 
    0x6F7D, 0x6F7C, 0x6B7D, 0x6F9C, 0x6B7D, 0x6F9C, 0x675C, 0x633A, 0x631A, 0x673A, 0x631B, 0x673A, 0x633B, 0x633A, 0x633B, 0x633A, 
    0x633B, 0x673A, 0x633B, 0x673B, 0x633B, 0x675B, 0x673B, 0x675B, 0x673B, 0x675B, 0x673B, 0x675B, 0x673B, 0x675B, 0x673B, 0x675B, 
    0x673B, 0x675B, 0x673B, 0x675B, 0x673B, 0x675B, 0x633B, 0x5F19, 0x631A, 0x6B7C, 0x6B7D, 0x6F7C, 0x6F7D, 0x6F9D, 0x6F7D, 0x6F9D, 
    0x6F9C, 0x6F7D, 0x6F9C, 0x6B7D, 0x6F9C, 0x6F9D, 0x6F9C, 0x6F9D, 0x6F9C, 0x6F9D, 0x6F9C, 0x6F7D, 0x6F9C, 0x6F7D, 0x6B7C, 0x6B7C, 
    0x6F9C, 0x6B7D, 0x6F9C, 0x6B7C, 0x6F9C, 0x6B7D, 0x77BE, 0x673B, 0x6318, 0x6319, 0x6251, 0x6820, 0x74C3, 0x70A3, 0x70A2, 0x6C82, 
    0x6C81, 0x6861, 0x6882, 0x48C5, 0x4C61, 0x5841, 0x5461, 0x4C41, 0x4C40, 0x4841, 0x4840, 0x4021, 0x3C41, 0x3821, 0x3400, 0x2C64, 
    0x20A4, 0x2509, 0x52B6, 0x5AF9, 0x6339, 0x673A, 0x673A, 0x633A, 0x675A, 0x633B, 0x675A, 0x633B, 0x673A, 0x633A, 0x675A, 0x633A, 
    0x6339, 0x5EF9, 0x6339, 0x633A, 0x675A, 0x673A, 0x675A, 0x673B, 0x675A, 0x673B, 0x675A, 0x673B, 0x675A, 0x633A, 0x673A, 0x631A, 
    0x6339, 0x675B, 0x6B5B, 0x675B, 0x6B7B, 0x675C, 0x6B7B, 0x675B, 0x6B7B, 0x675B, 0x6B7B, 0x675B, 0x5AF8, 0x5AF8, 0x675A, 0x675C, 
    0x6B7B, 0x675C, 0x6B7B, 0x675C, 0x6B7B, 0x675C, 0x675A, 0x5AF8, 0x6339, 0x633B, 0x675A, 0x633B, 0x675A, 0x673B, 0x675A, 0x673B, 
    0x675A, 0x673B, 0x675A, 0x673B, 0x675B, 0x673B, 0x675B, 0x633B, 0x675A, 0x633B, 0x675A, 0x633B, 0x675A, 0x633B, 0x675B, 0x633B, 
    0x675A, 0x633B, 0x675B, 0x633B, 0x5AD7, 0x45D0, 0x3CE6, 0x51EF, 0x6B38, 0x73BD, 0x73BD, 0x6F7D, 0x6F7C, 0x6B7C, 0x6F7C, 0x6B7C, 
    0x6B7C, 0x6B7C, 0x6F9C, 0x633A, 0x5AD7, 0x5696, 0x24A5, 0x0800, 0x1862, 0x0C00, 0x1043, 0x633A, 0x77DE, 0x6F9D, 0x6F7C, 0x6F7D, 
    0x6F9C, 0x6F7D, 0x6F9C, 0x6F7D, 0x6F9C, 0x6B7D, 0x6F9C, 0x6B7D, 0x6F9C, 0x6B7C, 0x6F9C, 0x6B7D, 0x6F9C, 0x6B7D, 0x6F9C, 0x6B7D, 
    0x6F9C, 0x6B7C, 0x6F9C, 0x6B7C, 0x6F9C, 0x6B7C, 0x6B7C, 0x6B7C, 0x6F9C, 0x6B7D, 0x6F9C, 0x6B7D, 0x6F9C, 0x6B7D, 0x6F9C, 0x6B7D, 
    0x6F9C, 0x6B7D, 0x6F9C, 0x6B7D, 0x6F9C, 0x6B7D, 0x6F9C, 0x6B7D, 0x6F9C, 0x6B7D, 0x6F9C, 0x6B7D, 0x6F9C, 0x6B7D, 0x6F9C, 0x6B7D, 
    0x6F9C, 0x6B7D, 0x6F9C, 0x6B7D, 0x6F9C, 0x6B7D, 0x6B5B, 0x631A, 0x633A, 0x633A, 0x633A, 0x633B, 0x633A, 0x633A, 0x633A, 0x633A, 
    0x635A, 0x633B, 0x675A, 0x633B, 0x675B, 0x633B, 0x675B, 0x633B, 0x675B, 0x635B, 0x675B, 0x635B, 0x675B, 0x675B, 0x675B, 0x633B, 
    0x675B, 0x635B, 0x675B, 0x633B, 0x675B, 0x633B, 0x675A, 0x5F1A, 0x675B, 0x6B7C, 0x6F9C, 0x6F7D, 0x6F9C, 0x6F7D, 0x6F9D, 0x6F9D, 
    0x6F7D, 0x6F9C, 0x6B7D, 0x6F9C, 0x6F7D, 0x6F9C, 0x6F7D, 0x6F9C, 0x6F9D, 0x6F9D, 0x6F7D, 0x6F9C, 0x6F7D, 0x6F9C, 0x6B7C, 0x6F9C, 
    0x6B7C, 0x6F9C, 0x6B7D, 0x6F7C, 0x6B7D, 0x77BD, 0x6F5C, 0x6319, 0x631A, 0x6273, 0x6840, 0x74A3, 0x70A3, 0x74A2, 0x7082, 0x6C82, 
    0x6862, 0x6861, 0x4CE6, 0x4C82, 0x5841, 0x5461, 0x5041, 0x4C41, 0x4821, 0x4840, 0x4021, 0x4020, 0x3821, 0x3800, 0x2C64, 0x28C5, 
    0x314B, 0x5EF8, 0x5F1A, 0x5AF8, 0x673B, 0x675A, 0x673A, 0x673A, 0x673B, 0x675A, 0x673B, 0x673A, 0x633B, 0x673A, 0x633B, 0x673A, 
    0x631A, 0x6319, 0x6319, 0x673A, 0x673B, 0x675A, 0x673B, 0x675A, 0x673B, 0x675A, 0x673B, 0x675B, 0x673B, 0x673A, 0x673B, 0x6319, 
    0x631A, 0x6B5B, 0x675B, 0x6B5B, 0x675C, 0x6B5B, 0x6B5C, 0x6B7B, 0x675B, 0x6B5B, 0x675B, 0x6B5B, 0x675B, 0x5EF8, 0x56D7, 0x675A, 
    0x675B, 0x6B5B, 0x675C, 0x6B7B, 0x675C, 0x675B, 0x633B, 0x5F18, 0x5F19, 0x675B, 0x633B, 0x675A, 0x673B, 0x675A, 0x673B, 0x675A, 
    0x673B, 0x675B, 0x673B, 0x675A, 0x633B, 0x675A, 0x673B, 0x675B, 0x673B, 0x675B, 0x673B, 0x675A, 0x673B, 0x675A, 0x673B, 0x675B, 
    0x673B, 0x675B, 0x673B, 0x675B, 0x675C, 0x675B, 0x5EF9, 0x5232, 0x3D09, 0x4DAC, 0x5ED6, 0x737B, 0x73BE, 0x73BD, 0x6F9E, 0x73BD, 
    0x73BE, 0x77BE, 0x77BE, 0x6F7C, 0x5EFA, 0x5AD7, 0x2D09, 0x0800, 0x0400, 0x20C5, 0x4632, 0x31AE, 0x4E94, 0x73BD, 0x73BE, 0x6F7C, 
    0x6F7D, 0x6F9C, 0x6F7D, 0x6F9C, 0x6F7D, 0x6F9C, 0x6F7D, 0x6F9C, 0x6F7D, 0x6F9C, 0x6F7D, 0x6F9C, 0x6F7D, 0x6F9C, 0x6F7D, 0x6F9C, 
    0x6B7D, 0x6F9C, 0x6F7D, 0x6F9C, 0x6B7D, 0x6F9C, 0x6B7D, 0x6F7C, 0x6B7C, 0x6F7C, 0x6B7D, 0x6F9C, 0x6B7D, 0x6F9C, 0x6B7D, 0x6F9C, 
    0x6B7D, 0x6F9C, 0x6B7C, 0x6F9C, 0x6F7D, 0x6F9C, 0x6B7D, 0x6F9C, 0x6B7D, 0x6F9C, 0x6F7D, 0x6F9C, 0x6F7D, 0x6F9C, 0x6F7D, 0x6F9C, 
    0x6F7D, 0x6F9C, 0x6B7D, 0x6F9C, 0x6B7D, 0x6F9C, 0x675B, 0x633A, 0x633A, 0x673A, 0x633B, 0x673A, 0x633A, 0x673A, 0x633A, 0x633A, 
    0x633B, 0x673A, 0x633B, 0x675B, 0x673B, 0x675B, 0x673B, 0x675B, 0x673B, 0x675B, 0x673B, 0x675B, 0x675B, 0x675B, 0x673B, 0x675B, 
    0x675B, 0x675B, 0x673B, 0x675B, 0x673B, 0x675B, 0x633B, 0x633A, 0x675C, 0x6F9C, 0x6F7D, 0x6F9D, 0x6B7D, 0x6F9C, 0x6F7D, 0x6F9D, 
    0x6F9C, 0x6B7C, 0x6F9C, 0x6B9D, 0x6F9C, 0x6F9D, 0x6F9C, 0x6F9D, 0x6F9C, 0x6B9D, 0x6F9C, 0x6F9D, 0x6F9C, 0x6B7C, 0x6B7B, 0x6B7C, 
    0x6F9C, 0x6B7C, 0x6B9C, 0x6B7C, 0x73BD, 0x6F9D, 0x6339, 0x633A, 0x5EB5, 0x64A5, 0x74A0, 0x70A3, 0x70A1, 0x6C82, 0x6C81, 0x6861, 
    0x6840, 0x50C6, 0x4CA3, 0x5840, 0x5461, 0x4C41, 0x4C60, 0x4841, 0x4440, 0x4021, 0x4040, 0x3821, 0x3420, 0x2C63, 0x28C5, 0x316C, 
    0x5EF7, 0x675B, 0x6339, 0x5F1A, 0x6759, 0x633A, 0x675A, 0x633A, 0x675A, 0x633B, 0x675A, 0x633A, 0x675A, 0x633A, 0x675A, 0x633A, 
    0x6339, 0x5F19, 0x6319, 0x6319, 0x6759, 0x673A, 0x675A, 0x673A, 0x675A, 0x633B, 0x675A, 0x675B, 0x675A, 0x633A, 0x675A, 0x5AF8, 
    0x5EF8, 0x675B, 0x6B5A, 0x675B, 0x6B5A, 0x675B, 0x6B7B, 0x675B, 0x6B7B, 0x675B, 0x6B7B, 0x675B, 0x6B7B, 0x675B, 0x5F18, 0x5AF8, 
    0x6338, 0x635B, 0x677B, 0x675B, 0x677B, 0x675B, 0x675A, 0x56D7, 0x5F18, 0x635B, 0x675A, 0x633B, 0x675A, 0x675B, 0x675A, 0x673B, 
    0x675A, 0x675B, 0x675A, 0x635B, 0x675A, 0x633B, 0x675A, 0x675B, 0x675A, 0x635B, 0x675A, 0x635B, 0x675A, 0x633B, 0x675A, 0x633B, 
    0x675A, 0x635B, 0x675A, 0x675B, 0x675A, 0x633B, 0x675B, 0x675C, 0x633A, 0x5695, 0x458C, 0x4108, 0x5651, 0x6318, 0x6F7A, 0x6318, 
    0x5ED5, 0x5252, 0x4A30, 0x4A53, 0x56D7, 0x4E95, 0x2507, 0x0000, 0x1884, 0x5295, 0x675A, 0x675B, 0x4A74, 0x35AE, 0x6338, 0x77DE, 
    0x739D, 0x6B7C, 0x6F9C, 0x6B9D, 0x6F9C, 0x6B9D, 0x6F9C, 0x6B7D, 0x6F9C, 0x6B9D, 0x6F9C, 0x6B9D, 0x6F9C, 0x6B7D, 0x6F9C, 0x6B7D, 
    0x6F9C, 0x6B7D, 0x6F9C, 0x6B7C, 0x6F9C, 0x6B7C, 0x6F9C, 0x6B7C, 0x6B7B, 0x6B7C, 0x6B7C, 0x6B7C, 0x6F9C, 0x6B7C, 0x6F9C, 0x6B7C, 
    0x6F9C, 0x6B7D, 0x6F9C, 0x6B7C, 0x6F9C, 0x6B7C, 0x6F9C, 0x6B7C, 0x6F9C, 0x6B9D, 0x6F9C, 0x6B7D, 0x6F9C, 0x6B7D, 0x6F9C, 0x6B7C, 
    0x6F9C, 0x6B7C, 0x6F9C, 0x6B7C, 0x6F9C, 0x6B7C, 0x675B, 0x633A, 0x633A, 0x633A, 0x633A, 0x633A, 0x633A, 0x633A, 0x633A, 0x633A, 
    0x635A, 0x633B, 0x635A, 0x635B, 0x675A, 0x635B, 0x675B, 0x633B, 0x675A, 0x633B, 0x675B, 0x635B, 0x675B, 0x635B, 0x675B, 0x635B, 
    0x675A, 0x635B, 0x675A, 0x635B, 0x675B, 0x635B, 0x675A, 0x5F1A, 0x6B7B, 0x6B9D, 0x6F9C, 0x6B9D, 0x6F9C, 0x6B7C, 0x6F9C, 0x6B9D, 
    0x6B7C, 0x6B5B, 0x6F7D, 0x6F9D, 0x6F7D, 0x6F9D, 0x6F7D, 0x6F9D, 0x6F7D, 0x6F9D, 0x6F7D, 0x6F9C, 0x6F7D, 0x6B7C, 0x6B7C, 0x6F7C, 
    0x6B7C, 0x6F7C, 0x6B7D, 0x6F9C, 0x739E, 0x673A, 0x631A, 0x62F8, 0x612A, 0x7060, 0x70A4, 0x7482, 0x7082, 0x7082, 0x6862, 0x6840, 
    0x54A6, 0x4CA4, 0x5820, 0x5461, 0x5042, 0x4C41, 0x4821, 0x4841, 0x4021, 0x4020, 0x3821, 0x3821, 0x3044, 0x28C6, 0x314C, 0x5ED7, 
    0x673C, 0x633A, 0x5AF9, 0x6F5B, 0x6B3B, 0x6319, 0x673B, 0x673A, 0x673B, 0x673A, 0x673B, 0x673A, 0x673B, 0x673A, 0x673B, 0x673A, 
    0x631A, 0x6339, 0x631A, 0x6319, 0x673A, 0x673A, 0x673B, 0x6B5A, 0x673B, 0x675A, 0x673B, 0x675B, 0x673B, 0x675B, 0x673B, 0x633A, 
    0x5EF9, 0x6B3A, 0x673B, 0x6B5B, 0x6B5B, 0x6B5B, 0x6B5C, 0x6B5B, 0x6B5C, 0x6B5B, 0x675C, 0x6B5B, 0x675C, 0x6B5B, 0x631B, 0x6319, 
    0x5EF9, 0x5EF8, 0x673B, 0x6B5B, 0x675B, 0x675B, 0x675C, 0x5AF7, 0x5AD8, 0x675B, 0x673B, 0x675A, 0x673B, 0x675A, 0x673B, 0x675A, 
    0x673B, 0x675B, 0x673B, 0x675B, 0x673B, 0x675B, 0x673B, 0x675B, 0x673B, 0x675B, 0x673B, 0x675A, 0x673B, 0x673A, 0x673B, 0x675B, 
    0x673B, 0x6B5B, 0x673B, 0x675B, 0x673B, 0x6B5B, 0x673B, 0x675B, 0x673B, 0x675B, 0x633B, 0x5EF8, 0x5212, 0x4D8C, 0x4D6C, 0x4D8D, 
    0x51D0, 0x5611, 0x4E12, 0x356B, 0x1821, 0x1400, 0x0800, 0x0000, 0x4E74, 0x675B, 0x673B, 0x6B5B, 0x6B5C, 0x6319, 0x39D0, 0x4E53, 
    0x739D, 0x77BE, 0x6B7C, 0x6F9C, 0x6F7D, 0x6F9C, 0x6F7D, 0x6F9C, 0x6F7D, 0x6F9C, 0x6F7D, 0x6F9C, 0x6F7D, 0x6F9C, 0x6F7D, 0x6F9D, 
    0x6F7D, 0x6F7C, 0x6F7D, 0x6F7C, 0x6F7D, 0x6F7C, 0x6F7D, 0x6F7C, 0x6B7D, 0x6F7C, 0x6B5C, 0x6F7C, 0x6F7D, 0x6F7C, 0x6F7D, 0x6F9C, 
    0x6F7D, 0x6F9C, 0x6F7D, 0x6F9C, 0x6F7D, 0x6F9C, 0x6F7D, 0x6F9C, 0x6F7D, 0x6F9C, 0x6F7D, 0x6F7C, 0x6F7D, 0x6F9C, 0x6F7D, 0x6F9C, 
    0x6F7D, 0x6F7C, 0x6F7D, 0x6F9C, 0x6F7D, 0x6F9C, 0x6B5C, 0x673A, 0x631B, 0x673A, 0x633B, 0x673A, 0x631B, 0x673A, 0x633B, 0x633A, 
    0x633B, 0x673B, 0x633B, 0x673B, 0x673B, 0x675B, 0x673B, 0x675B, 0x673B, 0x675B, 0x673B, 0x675B, 0x673B, 0x675B, 0x673B, 0x675B, 
    0x673B, 0x675B, 0x673B, 0x675B, 0x673C, 0x675B, 0x673B, 0x633A, 0x675C, 0x6F9D, 0x6F7D, 0x6F7C, 0x6B5C, 0x6F7C, 0x6B7D, 0x6F9C, 
    0x6B7B, 0x6B5C, 0x6B7C, 0x6B7C, 0x6F9C, 0x6F9D, 0x6F9C, 0x6F7D, 0x6F9C, 0x6F9D, 0x6F9C, 0x6B7C, 0x6F7C, 0x6B7C, 0x6F9C, 0x6B7C, 
    0x6B7C, 0x6B7C, 0x6F9C, 0x73BE, 0x6B5A, 0x6319, 0x6319, 0x5DCF, 0x6C00, 0x70A4, 0x70A1, 0x7082, 0x7081, 0x6882, 0x6440, 0x54A5, 
    0x48C5, 0x5820, 0x5461, 0x5041, 0x4C41, 0x4841, 0x4441, 0x4021, 0x3C41, 0x3821, 0x3821, 0x3043, 0x28A5, 0x316C, 0x5AD7, 0x673B, 
    0x6339, 0x52B6, 0x56B5, 0x735B, 0x779B, 0x675A, 0x673A, 0x633A, 0x675A, 0x673B, 0x675A, 0x633B, 0x675A, 0x633B, 0x633A, 0x631A, 
    0x6339, 0x5F19, 0x6339, 0x631A, 0x675A, 0x673A, 0x675A, 0x673B, 0x675A, 0x673B, 0x675A, 0x673B, 0x675A, 0x673B, 0x673A, 0x633B, 
    0x6319, 0x633A, 0x675A, 0x675B, 0x6B5B, 0x675B, 0x6B7B, 0x675C, 0x6B7B, 0x675B, 0x6B5B, 0x675B, 0x6B5B, 0x675B, 0x675B, 0x5F19, 
    0x5F39, 0x5AF8, 0x6318, 0x675B, 0x675B, 0x675B, 0x675A, 0x633A, 0x5AF7, 0x633A, 0x675A, 0x673B, 0x675A, 0x673B, 0x675A, 0x673B, 
    0x675A, 0x673B, 0x675A, 0x673B, 0x675A, 0x673B, 0x675A, 0x673B, 0x675A, 0x633B, 0x675A, 0x673B, 0x675A, 0x633B, 0x675B, 0x673B, 
    0x675B, 0x673B, 0x675B, 0x675B, 0x675B, 0x675B, 0x675B, 0x633B, 0x675A, 0x633B, 0x675A, 0x675B, 0x675B, 0x673B, 0x673A, 0x673B, 
    0x675B, 0x675B, 0x675B, 0x5F3A, 0x5AF8, 0x4633, 0x1CE7, 0x0802, 0x5AF7, 0x633B, 0x675A, 0x673B, 0x675A, 0x675B, 0x6B7B, 0x4E96, 
    0x35CE, 0x6339, 0x77DD, 0x6F9D, 0x6F9C, 0x6F7D, 0x6F9C, 0x6F7D, 0x6F9C, 0x6F7D, 0x6F9C, 0x6B7D, 0x6F9C, 0x6F7D, 0x6F9C, 0x6B7D, 
    0x6F9C, 0x6B7D, 0x6F9C, 0x6B7C, 0x6F9C, 0x6B7D, 0x6F9C, 0x6B7D, 0x6F9C, 0x6B7D, 0x6B7C, 0x6B7C, 0x6F7C, 0x6B7C, 0x6F9C, 0x6B7D, 
    0x6F9C, 0x6B7D, 0x6F9C, 0x6B7D, 0x6F9C, 0x6B7D, 0x6F9C, 0x6B7D, 0x6F9C, 0x6B7D, 0x6F9C, 0x6B7D, 0x6F9C, 0x6B7D, 0x6F9C, 0x6B7D, 
    0x6F9C, 0x6B7D, 0x6F9C, 0x6B7D, 0x6F9C, 0x6B7D, 0x6B7C, 0x633A, 0x633A, 0x633A, 0x633A, 0x633A, 0x633A, 0x633A, 0x635A, 0x633A, 
    0x675A, 0x633B, 0x675B, 0x633B, 0x675B, 0x633B, 0x675B, 0x633B, 0x675B, 0x633B, 0x675B, 0x675B, 0x675A, 0x633B, 0x675B, 0x675B, 
    0x675B, 0x675B, 0x675B, 0x675B, 0x675B, 0x675B, 0x675B, 0x633A, 0x633A, 0x6B7C, 0x6F9C, 0x6B5C, 0x6B7B, 0x6B7D, 0x6F9C, 0x6F7D, 
    0x6B7D, 0x6F9D, 0x6F7D, 0x6F9C, 0x6F7D, 0x6F9C, 0x6F7D, 0x6F9C, 0x6F7D, 0x6F9D, 0x6F7D, 0x6F9C, 0x6F7D, 0x6B7C, 0x6B7D, 0x6B7C, 
    0x6B7D, 0x6F7C, 0x739E, 0x6F9C, 0x62F9, 0x6319, 0x5A53, 0x6860, 0x70A3, 0x74A2, 0x7082, 0x7082, 0x6862, 0x6440, 0x58C5, 0x48E6, 
    0x5820, 0x5861, 0x5041, 0x4C41, 0x4841, 0x4841, 0x4021, 0x3C41, 0x3821, 0x3821, 0x3443, 0x2484, 0x318C, 0x5AF7, 0x633B, 0x673A, 
    0x56B7, 0x5273, 0x6F3A, 0x5610, 0x45CE, 0x6F5A, 0x673B, 0x673A, 0x673B, 0x675A, 0x673B, 0x673A, 0x673B, 0x673A, 0x631A, 0x673A, 
    0x633A, 0x6339, 0x631A, 0x6739, 0x673A, 0x675A, 0x673B, 0x6B5B, 0x673B, 0x675B, 0x673B, 0x675A, 0x633B, 0x675A, 0x633A, 0x675A, 
    0x5EF9, 0x6339, 0x673A, 0x675A, 0x673B, 0x6B5B, 0x675B, 0x6B5B, 0x675C, 0x6B5B, 0x675B, 0x6B5B, 0x675C, 0x6B7B, 0x675C, 0x5F18, 
    0x56D7, 0x5F18, 0x5AD8, 0x6339, 0x675B, 0x675A, 0x633A, 0x675B, 0x5F1A, 0x6319, 0x673B, 0x675A, 0x673B, 0x675B, 0x673B, 0x675A, 
    0x673B, 0x675B, 0x673B, 0x675B, 0x673B, 0x675B, 0x673B, 0x675B, 0x673B, 0x675A, 0x673B, 0x675A, 0x673B, 0x675A, 0x673B, 0x675B, 
    0x673B, 0x675A, 0x673B, 0x675B, 0x675B, 0x675B, 0x675B, 0x675B, 0x675B, 0x675B, 0x673B, 0x675B, 0x673B, 0x675B, 0x673B, 0x675A, 
    0x673B, 0x675A, 0x633B, 0x675A, 0x5F1A, 0x5AF9, 0x35CF, 0x0000, 0x52B7, 0x675B, 0x673B, 0x675B, 0x673B, 0x675A, 0x673B, 0x6B7C, 
    0x5F1A, 0x3E11, 0x4E74, 0x739C, 0x739E, 0x6F7C, 0x6F7D, 0x6F9C, 0x6F7D, 0x6F9C, 0x6F7D, 0x6F9C, 0x6F7D, 0x6F9C, 0x6F7D, 0x6F9C, 
    0x6F7D, 0x6F9C, 0x6F7D, 0x6F9C, 0x6F7D, 0x6F7C, 0x6B7D, 0x6F9C, 0x6B7D, 0x6F7C, 0x6B7D, 0x6F7C, 0x6B7C, 0x6F7C, 0x6B7D, 0x6F9C, 
    0x6B7D, 0x6F9C, 0x6B7D, 0x6F9C, 0x6F7D, 0x6F9C, 0x6F7D, 0x6F9C, 0x6F7D, 0x6F9C, 0x6F7D, 0x6F9C, 0x6F7D, 0x6F9C, 0x6B7D, 0x6F9C, 
    0x6B7D, 0x6F9C, 0x6F7D, 0x6F9C, 0x6B7C, 0x6F9C, 0x6B7C, 0x675A, 0x631B, 0x673A, 0x633B, 0x633A, 0x633B, 0x633A, 0x633A, 0x633A, 
    0x633B, 0x673A, 0x633B, 0x675B, 0x673B, 0x675B, 0x673B, 0x675B, 0x673B, 0x675B, 0x673B, 0x675B, 0x673B, 0x675B, 0x673B, 0x675B, 
    0x673B, 0x675B, 0x673B, 0x675B, 0x673C, 0x675B, 0x673B, 0x673A, 0x5F1A, 0x675B, 0x675C, 0x675B, 0x6B5C, 0x6F9C, 0x6F7D, 0x6F9D, 
    0x6F9C, 0x6F9D, 0x6F9C, 0x6F9D, 0x6F9C, 0x6F9D, 0x6F9C, 0x6F9D, 0x6F9C, 0x6B7D, 0x6F9C, 0x6F9D, 0x6F9C, 0x6B7C, 0x6B9C, 0x6B7C, 
    0x6B9C, 0x6F9D, 0x73BC, 0x6319, 0x6319, 0x5AB6, 0x6506, 0x7080, 0x70A2, 0x7082, 0x7081, 0x6882, 0x6460, 0x5CA4, 0x4926, 0x5441, 
    0x5860, 0x4C41, 0x4C60, 0x4841, 0x4840, 0x4041, 0x3C41, 0x3821, 0x3041, 0x2C63, 0x2484, 0x318C, 0x5AF7, 0x633A, 0x6339, 0x5F1A, 
    0x5AF7, 0x62D7, 0x4DCD, 0x0000, 0x2000, 0x45CF, 0x675A, 0x633B, 0x675A, 0x633B, 0x675A, 0x633A, 0x675A, 0x633A, 0x6339, 0x633A, 
    0x675A, 0x633A, 0x6339, 0x6319, 0x6739, 0x673A, 0x675A, 0x675B, 0x675A, 0x675B, 0x675A, 0x635B, 0x675A, 0x673B, 0x675A, 0x633A, 
    0x6319, 0x633A, 0x673A, 0x633A, 0x675A, 0x675B, 0x6B5B, 0x675B, 0x6B7B, 0x675B, 0x675A, 0x675B, 0x6B7B, 0x675B, 0x675B, 0x675B, 
    0x633A, 0x5AF8, 0x56D7, 0x56D7, 0x675A, 0x635B, 0x675A, 0x635B, 0x635A, 0x5AF8, 0x675A, 0x635B, 0x675A, 0x635B, 0x675A, 0x635B, 
    0x675A, 0x675B, 0x675A, 0x635B, 0x675A, 0x635B, 0x675A, 0x635B, 0x675A, 0x633B, 0x675A, 0x633B, 0x675A, 0x633B, 0x675A, 0x635B, 
    0x675A, 0x633B, 0x675A, 0x675B, 0x675B, 0x675B, 0x675A, 0x675B, 0x675B, 0x675B, 0x675A, 0x675B, 0x675A, 0x675B, 0x675A, 0x673A, 
    0x675A, 0x635B, 0x675A, 0x635A, 0x5F39, 0x56F9, 0x3E11, 0x0000, 0x4E95, 0x675B, 0x675A, 0x633A, 0x675A, 0x635B, 0x675A, 0x633B, 
    0x675B, 0x675C, 0x52B6, 0x39F0, 0x6759, 0x77DE, 0x739C, 0x6B7C, 0x6F9C, 0x6B7D, 0x6F9C, 0x6B9C, 0x6F9C, 0x6B7D, 0x6F9C, 0x6B9D, 
    0x6F9C, 0x6B7D, 0x6F9C, 0x6B7C, 0x6F9C, 0x6B7C, 0x6F9C, 0x6B7C, 0x6F9C, 0x6B7C, 0x6F9C, 0x6B7D, 0x6F9C, 0x6B7C, 0x6B7B, 0x6B7C, 
    0x6B7B, 0x6B7C, 0x6F9C, 0x6B7C, 0x6F9C, 0x6B7C, 0x6F9C, 0x6B7C, 0x6F9C, 0x6B7D, 0x6F9C, 0x6B7D, 0x6F9C, 0x6B7C, 0x6F9C, 0x6B7D, 
    0x6F9C, 0x6B9D, 0x6F9C, 0x6B9C, 0x6B9C, 0x6B7C, 0x6B9B, 0x633A, 0x633A, 0x633B, 0x633A, 0x633A, 0x635A, 0x633A, 0x635A, 0x633A, 
    0x635A, 0x633B, 0x635A, 0x633B, 0x675A, 0x633B, 0x675B, 0x635B, 0x675A, 0x635B, 0x675A, 0x633B, 0x675B, 0x633B, 0x675A, 0x675B, 
    0x675B, 0x675B, 0x675B, 0x675B, 0x675B, 0x675C, 0x675B, 0x633B, 0x675A, 0x677C, 0x6B7B, 0x675B, 0x6B7B, 0x6B7C, 0x6F9C, 0x6B9D, 
    0x6F7D, 0x6F9D, 0x6F7D, 0x739D, 0x6F7D, 0x6F9D, 0x6F7D, 0x6F9D, 0x6F7D, 0x6F9C, 0x6F7D, 0x6F9D, 0x6B7C, 0x6F7C, 0x6B7D, 0x6F7C, 
    0x6B7C, 0x77BD, 0x6B3B, 0x6319, 0x5EF8, 0x61AD, 0x7000, 0x70A3, 0x7082, 0x7082, 0x6862, 0x6461, 0x6083, 0x50E6, 0x5441, 0x5841, 
    0x5042, 0x4C41, 0x4841, 0x4841, 0x4421, 0x4041, 0x3800, 0x3485, 0x356D, 0x2908, 0x316D, 0x5EF8, 0x633B, 0x633A, 0x631A, 0x633A, 
    0x62D8, 0x40E7, 0x0000, 0x24A5, 0x30E8, 0x5695, 0x673B, 0x675B, 0x673B, 0x675A, 0x673B, 0x673A, 0x633B, 0x633A, 0x631A, 0x673A, 
    0x633A, 0x673A, 0x631A, 0x6739, 0x673A, 0x673A, 0x673A, 0x673A, 0x673B, 0x675B, 0x673B, 0x675B, 0x673B, 0x673A, 0x631A, 0x631A, 
    0x631A, 0x673A, 0x673A, 0x673A, 0x673B, 0x6B5B, 0x6B5C, 0x6B5B, 0x6B5C, 0x6B5B, 0x6B5C, 0x6B5B, 0x675C, 0x6B5B, 0x675C, 0x6B5B, 
    0x6B5C, 0x673A, 0x5AD8, 0x56D6, 0x5AD8, 0x673B, 0x675B, 0x675B, 0x633B, 0x5EF8, 0x673B, 0x675B, 0x673B, 0x675B, 0x673B, 0x675B, 
    0x673B, 0x675B, 0x673B, 0x675B, 0x673B, 0x673A, 0x673B, 0x675B, 0x673B, 0x673A, 0x673B, 0x675B, 0x673B, 0x673B, 0x673B, 0x675B, 
    0x673B, 0x675B, 0x673B, 0x675B, 0x673B, 0x675B, 0x673B, 0x6B5B, 0x673B, 0x6B5B, 0x673B, 0x6B5B, 0x673B, 0x675B, 0x673B, 0x673A, 
    0x673B, 0x675B, 0x673B, 0x675B, 0x5F1A, 0x5AF9, 0x4634, 0x0000, 0x4A34, 0x6B5B, 0x673B, 0x675A, 0x673B, 0x673A, 0x673B, 0x675B, 
    0x673B, 0x675B, 0x6B5C, 0x631A, 0x3DF2, 0x5294, 0x739D, 0x77BE, 0x6F7D, 0x6F7C, 0x6F7D, 0x6F9C, 0x6F7D, 0x6F9C, 0x6F7D, 0x6F9C, 
    0x6F7D, 0x6F9C, 0x6F7D, 0x6F7C, 0x6F7D, 0x6F7C, 0x6F7D, 0x6F7C, 0x6F7D, 0x6F9C, 0x6F7D, 0x6F7C, 0x6B7D, 0x6F7C, 0x6B7D, 0x6F7C, 
    0x6B5C, 0x6B7C, 0x6B5C, 0x6F7C, 0x6B7D, 0x6F7C, 0x6F7D, 0x6F7C, 0x6F7D, 0x6F9C, 0x6F7D, 0x6F9C, 0x6F7D, 0x6F9C, 0x6F7D, 0x6F7C, 
    0x6F7D, 0x6F7C, 0x6B7D, 0x6F7C, 0x6B7D, 0x6F9C, 0x6B5C, 0x673A, 0x631A, 0x673A, 0x631B, 0x673A, 0x633B, 0x673A, 0x633B, 0x673A, 
    0x633B, 0x675B, 0x633B, 0x675B, 0x633B, 0x675B, 0x673B, 0x675B, 0x673B, 0x675B, 0x673B, 0x675B, 0x673B, 0x675A, 0x675B, 0x675B, 
    0x673B, 0x675B, 0x673B, 0x675B, 0x673C, 0x675B, 0x673C, 0x673B, 0x673B, 0x6B7B, 0x675C, 0x6B7C, 0x6B5C, 0x6F7C, 0x6B7D, 0x6F9D, 
    0x6F9C, 0x6F7D, 0x6F9C, 0x6F9D, 0x6F9C, 0x6F9D, 0x6F9C, 0x6F9D, 0x6F9C, 0x6F7D, 0x6F9C, 0x6F7D, 0x6B7B, 0x6B7C, 0x6B7C, 0x6B7C, 
    0x73BD, 0x6F7C, 0x6319, 0x5F19, 0x5E31, 0x6800, 0x70A3, 0x6C82, 0x6C82, 0x6882, 0x6481, 0x6062, 0x50E6, 0x5062, 0x5840, 0x5041, 
    0x4C41, 0x4841, 0x4840, 0x4021, 0x4041, 0x3842, 0x3400, 0x2485, 0x39AD, 0x2D6C, 0x5AD7, 0x633B, 0x6339, 0x633A, 0x633A, 0x633A, 
    0x5F18, 0x45AE, 0x2000, 0x2042, 0x5694, 0x675B, 0x675A, 0x673B, 0x675A, 0x673B, 0x675A, 0x633B, 0x673A, 0x631A, 0x6739, 0x633A, 
    0x673A, 0x633A, 0x6339, 0x633A, 0x673A, 0x673A, 0x673A, 0x673A, 0x675A, 0x673B, 0x675A, 0x633B, 0x675A, 0x633A, 0x633A, 0x5F1A, 
    0x5F19, 0x631A, 0x6739, 0x673A, 0x675A, 0x675B, 0x6B5B, 0x675B, 0x6B5B, 0x675B, 0x6B7B, 0x675C, 0x6B7B, 0x675B, 0x6B7B, 0x675B, 
    0x6B7B, 0x675B, 0x6339, 0x56F8, 0x5AF7, 0x56D7, 0x5F18, 0x5F3A, 0x675B, 0x5AF9, 0x673A, 0x673B, 0x675A, 0x673B, 0x675A, 0x673B, 
    0x675A, 0x673B, 0x675A, 0x673B, 0x675A, 0x633B, 0x675A, 0x633B, 0x675A, 0x633B, 0x675A, 0x673B, 0x675A, 0x633B, 0x675B, 0x675B, 
    0x675B, 0x673B, 0x675A, 0x673B, 0x675B, 0x675B, 0x675B, 0x675B, 0x675B, 0x675B, 0x675B, 0x673B, 0x675A, 0x675B, 0x675B, 0x673B, 
    0x675A, 0x673B, 0x675A, 0x675B, 0x633A, 0x56F9, 0x4A74, 0x0000, 0x4211, 0x675B, 0x675A, 0x673B, 0x675A, 0x673B, 0x675A, 0x633B, 
    0x675A, 0x675B, 0x675A, 0x675B, 0x6B7B, 0x4E96, 0x39EF, 0x6339, 0x7BDE, 0x6F9D, 0x6F9C, 0x6F7C, 0x6F9C, 0x6B7C, 0x6F9C, 0x6B7D, 
    0x6F9C, 0x6B7D, 0x6F9C, 0x6B7D, 0x6F9C, 0x6B7D, 0x6F9C, 0x6B7D, 0x6F9C, 0x6B7D, 0x6F9C, 0x6B7D, 0x6F9C, 0x6B7D, 0x6F9C, 0x6B7C, 
    0x6B7C, 0x6B7D, 0x6B7C, 0x6B5C, 0x6B7B, 0x6B7C, 0x6F9C, 0x6B7D, 0x6F9C, 0x6B7D, 0x6F9C, 0x6B7D, 0x6F9C, 0x6B7D, 0x6F9C, 0x6B7D, 
    0x6F9C, 0x6B7D, 0x6F9C, 0x6B7D, 0x6B9C, 0x6B7C, 0x675A, 0x633A, 0x673A, 0x633B, 0x633A, 0x633A, 0x633A, 0x633B, 0x675A, 0x633B, 
    0x633A, 0x633B, 0x675A, 0x633B, 0x675A, 0x633B, 0x675A, 0x633B, 0x675A, 0x675B, 0x675B, 0x673B, 0x675A, 0x675B, 0x675A, 0x675B, 
    0x675A, 0x675B, 0x675B, 0x675B, 0x675B, 0x675B, 0x675B, 0x633B, 0x675B, 0x6B7C, 0x6B7C, 0x6B7C, 0x6B7B, 0x6B7C, 0x6F9C, 0x6F9D, 
    0x6F7D, 0x6F9C, 0x6F7D, 0x6F9D, 0x6F9D, 0x739D, 0x6F9D, 0x6F9C, 0x6F7D, 0x6F9C, 0x6F7D, 0x6F9C, 0x6B7C, 0x6F7C, 0x6B7D, 0x6F9C, 
    0x739D, 0x6319, 0x5F19, 0x5E95, 0x64A5, 0x6C81, 0x6C83, 0x6C82, 0x6882, 0x6481, 0x6041, 0x54E6, 0x4C83, 0x5840, 0x5041, 0x5041, 
    0x4841, 0x4841, 0x4421, 0x4041, 0x3822, 0x3420, 0x2864, 0x20C6, 0x18C7, 0x5294, 0x633B, 0x6339, 0x631A, 0x633A, 0x631A, 0x633A, 
    0x631A, 0x6319, 0x49F0, 0x4E52, 0x673A, 0x673A, 0x633B, 0x675A, 0x673B, 0x675A, 0x673B, 0x673A, 0x633B, 0x673A, 0x633A, 0x673A, 
    0x633A, 0x673A, 0x631A, 0x673A, 0x633A, 0x673A, 0x673B, 0x675A, 0x673B, 0x675B, 0x673B, 0x675B, 0x673B, 0x675A, 0x633B, 0x673A, 
    0x5EF9, 0x5F18, 0x673A, 0x675A, 0x673B, 0x6B5B, 0x675B, 0x6B5B, 0x6B5C, 0x6B5B, 0x6B5C, 0x6B7B, 0x675C, 0x6B7B, 0x675C, 0x6B7B, 
    0x675B, 0x6B5B, 0x675C, 0x633A, 0x56D8, 0x56D6, 0x5AD8, 0x5F18, 0x5F19, 0x5EF8, 0x633A, 0x675B, 0x673B, 0x675A, 0x673B, 0x675A, 
    0x673B, 0x675A, 0x673B, 0x675B, 0x673B, 0x675B, 0x673B, 0x675B, 0x673B, 0x675B, 0x673B, 0x675A, 0x673B, 0x675B, 0x673B, 0x675B, 
    0x673B, 0x675B, 0x673B, 0x675B, 0x673B, 0x675B, 0x673B, 0x675B, 0x675B, 0x675B, 0x673B, 0x675B, 0x673B, 0x675A, 0x673B, 0x673A, 
    0x673B, 0x675A, 0x673B, 0x675A, 0x633A, 0x5AF9, 0x4A76, 0x0000, 0x35AF, 0x675A, 0x633A, 0x673A, 0x633B, 0x675A, 0x673B, 0x673A, 
    0x675B, 0x675B, 0x673B, 0x675A, 0x675B, 0x6F7C, 0x631A, 0x4212, 0x4E74, 0x73BD, 0x77BF, 0x6F9C, 0x6F7D, 0x6F9C, 0x6F7C, 0x6F9C, 
    0x6F7D, 0x6F9C, 0x6F7D, 0x6F9C, 0x6F7D, 0x6F9C, 0x6F7D, 0x6F9C, 0x6F7D, 0x6F9C, 0x6B7D, 0x6F9C, 0x6B7D, 0x6F7C, 0x6B7D, 0x6F7C, 
    0x6B7D, 0x6F9C, 0x6B7D, 0x6F7C, 0x6B5C, 0x6B7B, 0x6B7C, 0x6F7C, 0x6B7D, 0x6F7C, 0x6B7D, 0x6F9C, 0x6B7D, 0x6F9C, 0x6B7D, 0x6F9C, 
    0x6B7D, 0x6F9C, 0x6F7D, 0x6F9C, 0x6B7D, 0x6B9C, 0x675B, 0x6339, 0x631A, 0x673A, 0x633B, 0x673A, 0x633B, 0x673A, 0x633B, 0x675A, 
    0x633B, 0x673A, 0x633B, 0x673A, 0x633B, 0x675B, 0x633B, 0x673A, 0x673B, 0x675B, 0x673B, 0x675B, 0x673B, 0x675B, 0x675B, 0x675B, 
    0x675B, 0x675B, 0x675B, 0x675B, 0x675B, 0x675B, 0x673B, 0x675B, 0x675C, 0x6F9C, 0x6B7D, 0x6F9C, 0x6B7D, 0x6B7B, 0x6B7C, 0x6F9D, 
    0x6F9C, 0x6B9D, 0x6F9C, 0x6F9D, 0x6F9C, 0x6F9D, 0x6F9C, 0x6B9D, 0x6F9C, 0x6F9D, 0x6F9C, 0x6B7C, 0x6B7B, 0x6B7C, 0x6B7C, 0x73BE, 
    0x675A, 0x5EF9, 0x5ED7, 0x5D4A, 0x6840, 0x68A3, 0x6881, 0x6482, 0x6081, 0x6040, 0x58E6, 0x4CA5, 0x5820, 0x5041, 0x5060, 0x4841, 
    0x4841, 0x4041, 0x4040, 0x3841, 0x3820, 0x2C63, 0x24E6, 0x296C, 0x4E93, 0x56D7, 0x6339, 0x631A, 0x6339, 0x633A, 0x6339, 0x633A, 
    0x6339, 0x633A, 0x6339, 0x633A, 0x675A, 0x633A, 0x675A, 0x633B, 0x675A, 0x633B, 0x675A, 0x633B, 0x675A, 0x633A, 0x675A, 0x633A, 
    0x675A, 0x633A, 0x6339, 0x633A, 0x675A, 0x633A, 0x675A, 0x675A, 0x675A, 0x675B, 0x675A, 0x633B, 0x675A, 0x633B, 0x633A, 0x633B, 
    0x633A, 0x5F19, 0x675A, 0x675B, 0x675A, 0x675B, 0x6B5B, 0x675B, 0x6B7B, 0x675B, 0x6B7B, 0x675B, 0x6B7B, 0x675B, 0x6B7B, 0x675B, 
    0x6B7B, 0x675B, 0x6B7B, 0x675B, 0x5F19, 0x52D7, 0x6339, 0x633B, 0x5F18, 0x4E95, 0x6338, 0x635B, 0x675A, 0x633B, 0x675A, 0x633B, 
    0x675A, 0x633B, 0x675A, 0x633B, 0x675A, 0x633B, 0x675A, 0x633B, 0x675A, 0x633B, 0x675A, 0x635B, 0x675A, 0x675B, 0x675A, 0x635B, 
    0x675A, 0x675B, 0x675A, 0x633B, 0x675B, 0x675B, 0x675A, 0x675B, 0x675B, 0x675B, 0x675B, 0x675B, 0x675A, 0x675B, 0x675A, 0x673B, 
    0x675A, 0x633A, 0x675A, 0x675B, 0x633A, 0x56F9, 0x4EB5, 0x0421, 0x2D8B, 0x633A, 0x675A, 0x633A, 0x675A, 0x633A, 0x6739, 0x633A, 
    0x675A, 0x633A, 0x675A, 0x635B, 0x675A, 0x633B, 0x6B7B, 0x677C, 0x52D6, 0x39F1, 0x6338, 0x77DE, 0x73BD, 0x6B7C, 0x6F9C, 0x6B7C, 
    0x6F9C, 0x6B7C, 0x6F9C, 0x6B7C, 0x6F9C, 0x6B7C, 0x6F9C, 0x6B7D, 0x6F9C, 0x6B7C, 0x6F9C, 0x6B7C, 0x6F9C, 0x6B7C, 0x6F9C, 0x6B7D, 
    0x6F9C, 0x6B7C, 0x6F9C, 0x6B7C, 0x6B9C, 0x6B7C, 0x6B7B, 0x6B7C, 0x6B7B, 0x6B7C, 0x6F9C, 0x6B7C, 0x6F9C, 0x6B7D, 0x6F9C, 0x6B7D, 
    0x6F9C, 0x6B7D, 0x6F9C, 0x6B7D, 0x6F9C, 0x6B7D, 0x6B7B, 0x633A, 0x633A, 0x633A, 0x633A, 0x633A, 0x635A, 0x633A, 0x675A, 0x633B, 
    0x635A, 0x633A, 0x635A, 0x633B, 0x675A, 0x633B, 0x675A, 0x633B, 0x675A, 0x635B, 0x675B, 0x675B, 0x675B, 0x675B, 0x675A, 0x675B, 
    0x675A, 0x675B, 0x675B, 0x675B, 0x675B, 0x675B, 0x675B, 0x633B, 0x6B7B, 0x6B7C, 0x6F9C, 0x6B7D, 0x6F9C, 0x6B7C, 0x6B7B, 0x6B7C, 
    0x6F7D, 0x6F7C, 0x6F7D, 0x6F9D, 0x6F7D, 0x6F9D, 0x6F7D, 0x6F9D, 0x6F7D, 0x6F9C, 0x6F7D, 0x6F7C, 0x6B7D, 0x6B7C, 0x739E, 0x6F7B, 
    0x5ED9, 0x5EF8, 0x59CF, 0x6400, 0x68A4, 0x6882, 0x6462, 0x6082, 0x6040, 0x58C5, 0x4CC6, 0x5820, 0x5442, 0x5041, 0x4C41, 0x4841, 
    0x4421, 0x4041, 0x3C22, 0x3C00, 0x3043, 0x2D08, 0x292B, 0x56D7, 0x633A, 0x56B5, 0x631A, 0x673A, 0x633B, 0x673A, 0x631A, 0x673A, 
    0x631A, 0x673A, 0x633B, 0x673A, 0x633B, 0x673A, 0x633B, 0x673A, 0x673B, 0x673B, 0x673B, 0x673A, 0x633B, 0x673A, 0x633B, 0x673A, 
    0x673A, 0x673A, 0x631A, 0x673A, 0x673B, 0x673A, 0x673B, 0x675A, 0x673B, 0x675B, 0x673B, 0x675B, 0x673B, 0x673A, 0x673B, 0x675B, 
    0x633A, 0x6319, 0x673B, 0x6B5A, 0x673B, 0x6B5B, 0x675B, 0x6B5B, 0x6B5C, 0x6B5B, 0x6B5C, 0x6B5B, 0x6B5C, 0x6B5B, 0x6B5C, 0x6B5B, 
    0x6B5C, 0x6B5B, 0x6B5C, 0x6B5B, 0x673B, 0x6319, 0x5AF9, 0x673A, 0x673B, 0x5EF8, 0x4E75, 0x6319, 0x673C, 0x673A, 0x673B, 0x675B, 
    0x673B, 0x675B, 0x673B, 0x675B, 0x673B, 0x673B, 0x673B, 0x675B, 0x673B, 0x673B, 0x673B, 0x675B, 0x673B, 0x675B, 0x673B, 0x675B, 
    0x673B, 0x6B5B, 0x673B, 0x675B, 0x673B, 0x675B, 0x673B, 0x6B5B, 0x673B, 0x675B, 0x673B, 0x675B, 0x673B, 0x675B, 0x673B, 0x673B, 
    0x673B, 0x675B, 0x673B, 0x675B, 0x633B, 0x5AF9, 0x5297, 0x18C7, 0x2109, 0x6319, 0x633B, 0x673A, 0x673B, 0x673A, 0x633A, 0x673A, 
    0x633A, 0x673A, 0x673B, 0x675A, 0x673B, 0x675B, 0x673B, 0x675A, 0x6B5C, 0x673A, 0x4233, 0x4A53, 0x6F7C, 0x77DE, 0x6F7D, 0x6F7C, 
    0x6F7D, 0x6F9C, 0x6F7D, 0x6F9C, 0x6F7D, 0x6F9C, 0x6F7D, 0x6F7C, 0x6F7D, 0x6F7C, 0x6F7D, 0x6F7C, 0x6F7D, 0x6F7C, 0x6F7D, 0x6F7C, 
    0x6F7D, 0x6F7C, 0x6F7D, 0x6F7C, 0x6B7D, 0x6F7C, 0x6B7D, 0x6F7C, 0x6B5C, 0x6F7C, 0x6F7D, 0x6F7C, 0x6F7D, 0x6F7C, 0x6F7D, 0x6F9D, 
    0x6B7D, 0x6F9C, 0x6F7D, 0x6F9C, 0x6F7D, 0x6F9D, 0x6B7D, 0x673A, 0x631B, 0x673A, 0x633B, 0x673A, 0x633B, 0x673A, 0x633B, 0x673B, 
    0x633B, 0x673A, 0x633B, 0x673B, 0x633B, 0x673A, 0x633B, 0x673A, 0x673B, 0x675B, 0x673B, 0x675B, 0x673B, 0x675B, 0x675B, 0x6B5B, 
    0x673B, 0x6B5B, 0x673B, 0x6B5B, 0x673C, 0x6B5B, 0x673C, 0x6B5B, 0x6B7D, 0x6F9C, 0x6F7D, 0x6F9D, 0x6F7D, 0x6F9D, 0x6B7D, 0x6B7C, 
    0x6F9C, 0x6F7D, 0x6F9C, 0x6F9D, 0x6F9C, 0x6F9D, 0x6F9C, 0x6F7D, 0x6F9C, 0x6F7D, 0x6F9C, 0x6B5C, 0x6B7C, 0x6F7D, 0x73BD, 0x5EF9, 
    0x5F18, 0x5A53, 0x6040, 0x64A3, 0x64A2, 0x6082, 0x6082, 0x5C40, 0x58C5, 0x4CE6, 0x5440, 0x5041, 0x5041, 0x4841, 0x4840, 0x4421, 
    0x4040, 0x3841, 0x3820, 0x3063, 0x3128, 0x2D4B, 0x52B5, 0x633A, 0x6339, 0x633A, 0x673A, 0x633A, 0x673A, 0x633A, 0x673A, 0x633A, 
    0x673A, 0x633A, 0x673A, 0x633B, 0x673A, 0x633B, 0x675A, 0x633B, 0x675A, 0x633B, 0x675A, 0x633B, 0x673A, 0x633A, 0x675A, 0x633B, 
    0x675A, 0x633A, 0x633A, 0x633A, 0x675A, 0x673B, 0x675A, 0x673A, 0x675A, 0x675B, 0x675A, 0x675B, 0x675A, 0x675B, 0x675B, 0x675B, 
    0x675A, 0x5EF9, 0x675A, 0x673B, 0x675A, 0x675B, 0x6B5B, 0x675B, 0x6B7B, 0x675B, 0x6B7B, 0x6B5C, 0x6B7B, 0x6B5C, 0x6B7B, 0x675C, 
    0x6B7B, 0x675B, 0x6B7B, 0x675B, 0x6B7B, 0x635B, 0x5F18, 0x5AF9, 0x675A, 0x675B, 0x5AF7, 0x4211, 0x6339, 0x633B, 0x675A, 0x673B, 
    0x675A, 0x673B, 0x675A, 0x673B, 0x675A, 0x673B, 0x675A, 0x633B, 0x675B, 0x673B, 0x675B, 0x673B, 0x675A, 0x673B, 0x675A, 0x673B, 
    0x675B, 0x675B, 0x675B, 0x675B, 0x675B, 0x675B, 0x675B, 0x675B, 0x675B, 0x673B, 0x675B, 0x673B, 0x675B, 0x675B, 0x675B, 0x673B, 
    0x675A, 0x673B, 0x675A, 0x635B, 0x633A, 0x5AF9, 0x56D7, 0x212A, 0x18A5, 0x5EF9, 0x675A, 0x633A, 0x675A, 0x633A, 0x673A, 0x6B7C, 
    0x6B7B, 0x675B, 0x675A, 0x673B, 0x675B, 0x673B, 0x675A, 0x675B, 0x675B, 0x675B, 0x6B7C, 0x56D8, 0x39EF, 0x5AF7, 0x77DE, 0x6F9D, 
    0x6F9C, 0x6F7D, 0x6F9C, 0x6F7D, 0x6F9C, 0x6F7C, 0x6F9C, 0x6B7D, 0x6F9C, 0x6B7D, 0x6F9C, 0x6B7D, 0x6F9C, 0x6B7C, 0x6F9C, 0x6B7C, 
    0x6F9C, 0x6B7D, 0x6F9C, 0x6B7D, 0x6F9C, 0x6B7D, 0x6F9C, 0x6B7D, 0x6F9C, 0x6B7C, 0x6B7C, 0x6B7C, 0x6F9C, 0x6B7D, 0x6F9C, 0x6B7D, 
    0x6F9C, 0x6B7D, 0x6F9C, 0x6B7D, 0x6F9C, 0x6B7D, 0x6B9C, 0x633B, 0x633A, 0x633A, 0x673A, 0x633A, 0x633A, 0x633A, 0x675A, 0x633B, 
    0x675A, 0x633B, 0x635A, 0x633B, 0x635A, 0x633B, 0x675B, 0x633B, 0x675A, 0x633B, 0x675B, 0x633B, 0x675B, 0x675B, 0x675B, 0x675B, 
    0x675B, 0x675B, 0x675B, 0x675B, 0x675B, 0x675B, 0x675B, 0x6B5C, 0x6F9C, 0x6B7D, 0x6F9C, 0x6F7D, 0x6F9C, 0x6F7D, 0x6F9C, 0x6B7C, 
    0x6B7D, 0x6F9C, 0x6F7D, 0x6F9C, 0x6F7D, 0x6F9C, 0x6F7D, 0x6F7C, 0x6B7D, 0x6F9C, 0x6F7D, 0x6B7B, 0x6B5C, 0x77BD, 0x673A, 0x5EF8, 
    0x5EB7, 0x6127, 0x6440, 0x64A3, 0x6062, 0x6082, 0x5C40, 0x5CA4, 0x4CE7, 0x5461, 0x5041, 0x5041, 0x4C41, 0x4C41, 0x4421, 0x4440, 
    0x3C21, 0x3C20, 0x3443, 0x3128, 0x2D4B, 0x52B5, 0x6B5C, 0x6339, 0x631A, 0x6339, 0x631A, 0x673A, 0x633A, 0x673A, 0x633A, 0x673A, 
    0x633B, 0x673A, 0x633B, 0x673A, 0x673B, 0x673A, 0x673B, 0x675B, 0x633B, 0x675B, 0x633B, 0x673A, 0x633B, 0x675A, 0x633B, 0x675A, 
    0x633B, 0x675A, 0x631A, 0x673A, 0x633B, 0x673A, 0x673A, 0x675A, 0x673B, 0x675A, 0x675B, 0x6B5A, 0x673B, 0x6B5B, 0x675B, 0x6B5B, 
    0x675B, 0x6319, 0x631A, 0x6B5B, 0x675B, 0x6B5B, 0x675B, 0x6B5B, 0x675C, 0x6B5B, 0x6B5C, 0x6B5B, 0x6B5C, 0x6B7B, 0x6B5C, 0x6B7B, 
    0x6B5C, 0x6B7B, 0x675C, 0x6B7B, 0x675C, 0x673A, 0x633A, 0x633A, 0x5F19, 0x673A, 0x675B, 0x4652, 0x4632, 0x6B5B, 0x633B, 0x673A, 
    0x673B, 0x675A, 0x673B, 0x675A, 0x673B, 0x675B, 0x673B, 0x675A, 0x673B, 0x675B, 0x673B, 0x675A, 0x673B, 0x675B, 0x673B, 0x675B, 
    0x673B, 0x675A, 0x673B, 0x675B, 0x673B, 0x675B, 0x673B, 0x675B, 0x673C, 0x675B, 0x673B, 0x675B, 0x673B, 0x675B, 0x673B, 0x675A, 
    0x673B, 0x675A, 0x673B, 0x675A, 0x633A, 0x5F19, 0x56D8, 0x2D6B, 0x0000, 0x5EF7, 0x633B, 0x673A, 0x673A, 0x673A, 0x673B, 0x6318, 
    0x6B7C, 0x6F9C, 0x633B, 0x675A, 0x675B, 0x6B5B, 0x675B, 0x6B7B, 0x675B, 0x675A, 0x675B, 0x6F7C, 0x673B, 0x4633, 0x4211, 0x77BD, 
    0x6F9D, 0x6F7C, 0x6F7D, 0x6F9C, 0x6F7D, 0x6F9C, 0x6F7D, 0x6F9C, 0x6F7D, 0x6F9C, 0x6F7D, 0x6F9C, 0x6B7D, 0x6F9C, 0x6F7D, 0x6F9C, 
    0x6F7D, 0x6F9C, 0x6F7D, 0x6F9C, 0x6B7D, 0x6F9C, 0x6B7D, 0x6F9C, 0x6B7D, 0x6F9C, 0x6B7D, 0x6F7C, 0x6B7C, 0x6F9C, 0x6B7D, 0x6F9C, 
    0x6B7D, 0x6F9C, 0x6F7D, 0x6F9C, 0x6B7D, 0x6F9C, 0x6B7D, 0x675B, 0x633A, 0x673A, 0x633B, 0x673A, 0x633A, 0x673A, 0x633B, 0x675A, 
    0x633B, 0x675B, 0x633B, 0x633A, 0x633B, 0x675B, 0x673B, 0x675B, 0x673B, 0x675B, 0x673B, 0x675B, 0x675B, 0x675B, 0x673B, 0x675B, 
    0x675B, 0x675B, 0x673B, 0x675B, 0x675C, 0x675B, 0x6B5C, 0x6F7C, 0x6B7D, 0x6F9C, 0x6F7D, 0x6F9C, 0x6F7D, 0x6F9D, 0x6F7D, 0x6F9C, 
    0x6F9C, 0x6B9D, 0x6F9C, 0x6B9C, 0x6F9C, 0x6B7C, 0x6F9C, 0x6B7C, 0x6F9C, 0x6B9D, 0x6F9C, 0x677C, 0x73BD, 0x6B5B, 0x5AF8, 0x5EF8, 
    0x5DCD, 0x6000, 0x64A3, 0x6062, 0x5C81, 0x5860, 0x5882, 0x4CE6, 0x5481, 0x5041, 0x5061, 0x4841, 0x4840, 0x4441, 0x4440, 0x4041, 
    0x3C20, 0x3443, 0x2CE6, 0x318C, 0x3DEF, 0x4E95, 0x5EF7, 0x633A, 0x6339, 0x633A, 0x6339, 0x633A, 0x633A, 0x633A, 0x675A, 0x633A, 
    0x675A, 0x633A, 0x675A, 0x633B, 0x675A, 0x633B, 0x675A, 0x633B, 0x675A, 0x633B, 0x675A, 0x633A, 0x675A, 0x633A, 0x675A, 0x633A, 
    0x675A, 0x633A, 0x6339, 0x633A, 0x675A, 0x633A, 0x675A, 0x673A, 0x675A, 0x675B, 0x675B, 0x675B, 0x675A, 0x675B, 0x6B7B, 0x675B, 
    0x675B, 0x633A, 0x5F18, 0x675B, 0x675A, 0x675B, 0x6B5B, 0x675B, 0x6B7B, 0x675B, 0x6B7B, 0x675B, 0x6B7B, 0x675B, 0x6B7B, 0x675B, 
    0x6B7B, 0x675B, 0x6B7B, 0x675B, 0x677B, 0x633A, 0x675A, 0x675B, 0x675A, 0x5F19, 0x633A, 0x635B, 0x4A73, 0x4631, 0x675A, 0x633A, 
    0x675A, 0x633B, 0x675A, 0x633B, 0x675A, 0x633B, 0x675A, 0x633B, 0x675A, 0x633B, 0x675A, 0x633B, 0x675A, 0x633B, 0x675A, 0x633B, 
    0x675A, 0x673B, 0x675A, 0x675B, 0x675A, 0x675B, 0x675A, 0x675B, 0x675B, 0x635B, 0x675A, 0x635B, 0x675A, 0x633B, 0x675A, 0x675B, 
    0x675A, 0x633B, 0x675A, 0x633B, 0x635A, 0x5B19, 0x5AF8, 0x35AE, 0x0000, 0x5AF8, 0x675A, 0x633A, 0x633A, 0x633A, 0x5AD6, 0x56D7, 
    0x675B, 0x73DE, 0x73BD, 0x633B, 0x675A, 0x675B, 0x677B, 0x675B, 0x677B, 0x675B, 0x675B, 0x675B, 0x6B7B, 0x6B7C, 0x4A74, 0x4A74, 
    0x77DE, 0x6B7C, 0x6F9C, 0x6B7C, 0x6F9C, 0x6B7C, 0x6F9C, 0x6B7D, 0x6F9C, 0x6B7C, 0x6F9C, 0x6B7D, 0x6F9C, 0x6B7D, 0x6F9C, 0x6B7D, 
    0x6F9C, 0x6B7C, 0x6F9C, 0x6B7D, 0x6F9C, 0x6B7C, 0x6F9C, 0x6B9D, 0x6F9C, 0x6B7D, 0x6F9C, 0x6B7D, 0x6F9C, 0x6B7C, 0x6F9C, 0x6B7C, 
    0x6F9C, 0x6B7D, 0x6F9C, 0x6B7D, 0x6F9C, 0x6B7D, 0x6B9C, 0x675B, 0x633A, 0x633A, 0x635A, 0x633A, 0x635A, 0x633A, 0x675A, 0x633A, 
    0x635A, 0x633B, 0x675A, 0x633B, 0x635A, 0x635B, 0x675A, 0x633B, 0x675A, 0x675B, 0x675B, 0x633B, 0x675B, 0x633B, 0x675B, 0x675B, 
    0x675B, 0x675B, 0x677B, 0x675B, 0x675B, 0x675C, 0x6B7B, 0x6B7C, 0x6F9C, 0x6B9D, 0x6F9C, 0x6F9D, 0x6F9C, 0x6B9D, 0x6F9C, 0x6B7D, 
    0x6F7D, 0x6F9C, 0x6F7D, 0x6F9D, 0x6F7D, 0x6F7C, 0x6F7D, 0x6F7C, 0x6F7D, 0x6F9C, 0x6B7C, 0x6F9D, 0x6B5B, 0x4D8B, 0x5675, 0x5DEF, 
    0x5C00, 0x6083, 0x5C62, 0x5C82, 0x5841, 0x5462, 0x4CC6, 0x5483, 0x5441, 0x5061, 0x4C41, 0x4C41, 0x4821, 0x4840, 0x4021, 0x4020, 
    0x3443, 0x2CE6, 0x2D4B, 0x5AD7, 0x5EF9, 0x318C, 0x4211, 0x673A, 0x631A, 0x673A, 0x633A, 0x673A, 0x633A, 0x673A, 0x673B, 0x673A, 
    0x633B, 0x673A, 0x673B, 0x673B, 0x673B, 0x673A, 0x673B, 0x675B, 0x673B, 0x675B, 0x633B, 0x673A, 0x673B, 0x673A, 0x673B, 0x673A, 
    0x633A, 0x673A, 0x633A, 0x673A, 0x673B, 0x675A, 0x673B, 0x6B5A, 0x673B, 0x6B5B, 0x675B, 0x6B5B, 0x675B, 0x6B5B, 0x673B, 0x6B5B, 
    0x675B, 0x675B, 0x631A, 0x6B5A, 0x673B, 0x6B5B, 0x673B, 0x6B5B, 0x6B5C, 0x6B5B, 0x6B5C, 0x6B7B, 0x6B5C, 0x6B7B, 0x6B5C, 0x6B5B, 
    0x6B5C, 0x6B5B, 0x6B5C, 0x6B5B, 0x675B, 0x673A, 0x675B, 0x6B5B, 0x6B5C, 0x6B5B, 0x5F1A, 0x633A, 0x673B, 0x4E94, 0x4E95, 0x675B, 
    0x673B, 0x673A, 0x673B, 0x673A, 0x633B, 0x673B, 0x673B, 0x673A, 0x673B, 0x673A, 0x673B, 0x675B, 0x673B, 0x675B, 0x673B, 0x675B, 
    0x673B, 0x675B, 0x673B, 0x675B, 0x673B, 0x675B, 0x673B, 0x675B, 0x673B, 0x675B, 0x673B, 0x673B, 0x673B, 0x675B, 0x673B, 0x675B, 
    0x673B, 0x675B, 0x673B, 0x673A, 0x633B, 0x5F19, 0x5AF9, 0x4611, 0x0C00, 0x673A, 0x675C, 0x6319, 0x631A, 0x5EF8, 0x39CF, 0x6319, 
    0x671A, 0x5A30, 0x6F5B, 0x77BE, 0x6B5C, 0x6B5B, 0x675B, 0x6B5B, 0x675C, 0x6B5B, 0x675C, 0x6B5B, 0x675C, 0x6B5B, 0x6B5C, 0x3DF0, 
    0x673A, 0x73BE, 0x6F7C, 0x6F9C, 0x6F7D, 0x6F9C, 0x6F7D, 0x6F9C, 0x6F7D, 0x6F9C, 0x6F7D, 0x6F9D, 0x6F7D, 0x6F9C, 0x6F7D, 0x6F9C, 
    0x6F7D, 0x6F9C, 0x6F7D, 0x6F9C, 0x6F7D, 0x6F9C, 0x6F7D, 0x6F9C, 0x6F7D, 0x6F9C, 0x6F7D, 0x6F9C, 0x6F7D, 0x6F7C, 0x6B7D, 0x6F7C, 
    0x6F7D, 0x6F7C, 0x6F7D, 0x6F9C, 0x6B7D, 0x6F7D, 0x6B7D, 0x6B5B, 0x633B, 0x673A, 0x633B, 0x673A, 0x633B, 0x673A, 0x633B, 0x673A, 
    0x633B, 0x673A, 0x673B, 0x673B, 0x633B, 0x673A, 0x673B, 0x675B, 0x673B, 0x6B5B, 0x673B, 0x675B, 0x673B, 0x673B, 0x673B, 0x675B, 
    0x673B, 0x675B, 0x673B, 0x6B5B, 0x6B5C, 0x6F7C, 0x6B7D, 0x6F7C, 0x6F7D, 0x6F9D, 0x6F7D, 0x6F9D, 0x6F7D, 0x6F9D, 0x6F7D, 0x6F7C, 
    0x6F9C, 0x6B7C, 0x6F9C, 0x6F7D, 0x6F9C, 0x6B7C, 0x6F9C, 0x6B7C, 0x6F7C, 0x6B5B, 0x675A, 0x6B5C, 0x4DEE, 0x4C00, 0x5928, 0x5861, 
    0x5C82, 0x5862, 0x5881, 0x5461, 0x5061, 0x44C6, 0x5083, 0x5041, 0x5061, 0x4C41, 0x4C40, 0x4841, 0x4440, 0x4021, 0x4040, 0x3442, 
    0x2CE6, 0x292A, 0x56B6, 0x673B, 0x675A, 0x56D7, 0x56B5, 0x633A, 0x673A, 0x633A, 0x673A, 0x633A, 0x673A, 0x633A, 0x673A, 0x633B, 
    0x675A, 0x673B, 0x675A, 0x673B, 0x675A, 0x673B, 0x675A, 0x673B, 0x675B, 0x633B, 0x673A, 0x633A, 0x675A, 0x633B, 0x675A, 0x633B, 
    0x675A, 0x633B, 0x673A, 0x633A, 0x673A, 0x673B, 0x675A, 0x673A, 0x675A, 0x675B, 0x675B, 0x675B, 0x6B5B, 0x675B, 0x6B5B, 0x675B, 
    0x6B7B, 0x675B, 0x633A, 0x633A, 0x675B, 0x675B, 0x6B5B, 0x675B, 0x6B7B, 0x675C, 0x6B7B, 0x6B5C, 0x6B7B, 0x6B5C, 0x6B7B, 0x6B5C, 
    0x6B7B, 0x675C, 0x6B7B, 0x675B, 0x675A, 0x633A, 0x6B7B, 0x675B, 0x6B7B, 0x675B, 0x6B7B, 0x5F1A, 0x5F19, 0x675C, 0x56D6, 0x52B6, 
    0x675A, 0x633B, 0x675A, 0x633B, 0x675A, 0x633B, 0x673A, 0x633B, 0x675A, 0x633B, 0x675A, 0x633B, 0x675A, 0x633B, 0x675A, 0x633B, 
    0x675A, 0x673B, 0x675A, 0x673B, 0x675B, 0x673B, 0x675A, 0x673B, 0x675A, 0x633B, 0x675A, 0x633B, 0x675A, 0x633B, 0x675A, 0x673B, 
    0x675A, 0x633B, 0x675A, 0x633B, 0x633A, 0x5B19, 0x5B19, 0x4A54, 0x0000, 0x4A10, 0x739D, 0x675C, 0x6319, 0x633A, 0x5F19, 0x5F19, 
    0x45AD, 0x44A4, 0x4D8C, 0x6318, 0x739C, 0x6B5C, 0x6B5B, 0x675B, 0x6B7B, 0x675B, 0x6B7B, 0x675B, 0x6B7B, 0x675B, 0x6B7B, 0x5F19, 
    0x4210, 0x73BE, 0x6F9C, 0x6F7D, 0x6F9C, 0x6B7D, 0x6F9C, 0x6B7C, 0x6F9C, 0x6B7C, 0x6F9C, 0x6B7D, 0x6F9C, 0x6B7D, 0x6F9C, 0x6B7D, 
    0x6F9C, 0x6F7D, 0x6F9C, 0x6B7D, 0x6F9C, 0x6B7D, 0x6F9C, 0x6F7D, 0x6F9C, 0x6B7D, 0x6F9C, 0x6B7C, 0x6F9C, 0x6B7D, 0x6F9C, 0x6B7D, 
    0x6F9C, 0x6B7D, 0x6F9C, 0x6B7D, 0x6F9C, 0x6B7D, 0x6F9C, 0x675B, 0x673A, 0x633B, 0x633A, 0x633A, 0x633A, 0x633B, 0x675A, 0x633B, 
    0x675A, 0x633B, 0x675A, 0x633B, 0x675B, 0x633B, 0x675B, 0x675B, 0x675B, 0x673B, 0x675A, 0x673B, 0x675B, 0x633B, 0x675A, 0x675B, 
    0x675B, 0x673B, 0x675A, 0x675C, 0x6F7C, 0x6B7C, 0x6F9C, 0x6F7D, 0x6F9C, 0x6B7D, 0x6F9C, 0x6F7D, 0x6F9C, 0x6F7D, 0x6F9C, 0x6F7D, 
    0x6B7C, 0x6F7C, 0x6F7D, 0x6F9C, 0x6F7D, 0x6F9C, 0x6F7D, 0x6F9C, 0x6F7D, 0x6B7B, 0x6F7D, 0x5EF7, 0x3C20, 0x5948, 0x5883, 0x5862, 
    0x5462, 0x5861, 0x5042, 0x4C41, 0x40C5, 0x4CA4, 0x5421, 0x5061, 0x4C41, 0x4C41, 0x4841, 0x4441, 0x4041, 0x4020, 0x3800, 0x2CC6, 
    0x290A, 0x5295, 0x673B, 0x673A, 0x633A, 0x6B5B, 0x5EF9, 0x5AD6, 0x673A, 0x673A, 0x633A, 0x673A, 0x633A, 0x673A, 0x673B, 0x673A, 
    0x673B, 0x673A, 0x673B, 0x675A, 0x673B, 0x675A, 0x673B, 0x675B, 0x673B, 0x673A, 0x633A, 0x675A, 0x633B, 0x675B, 0x673B, 0x675A, 
    0x633A, 0x673A, 0x633A, 0x6339, 0x633A, 0x675A, 0x673B, 0x675A, 0x673B, 0x6B5B, 0x675B, 0x6B5B, 0x675B, 0x6B5B, 0x675C, 0x6B5B, 
    0x6B5C, 0x6B5B, 0x673B, 0x5F19, 0x673B, 0x6B5B, 0x675B, 0x6B5B, 0x6B5C, 0x6B5B, 0x6B5C, 0x6B7B, 0x6B5C, 0x6B7B, 0x6B5C, 0x6B7B, 
    0x6B5C, 0x6B7B, 0x675B, 0x6B5B, 0x673B, 0x675A, 0x675B, 0x6B7B, 0x6B5B, 0x6B7B, 0x6B5B, 0x6B5B, 0x5F1A, 0x5F19, 0x633B, 0x52B6, 
    0x52B7, 0x675A, 0x673B, 0x673A, 0x633B, 0x673A, 0x633B, 0x673A, 0x633B, 0x673A, 0x633B, 0x675B, 0x633B, 0x673A, 0x633B, 0x675A, 
    0x673B, 0x675A, 0x673B, 0x675A, 0x673B, 0x675A, 0x673B, 0x675A, 0x673B, 0x675A, 0x673B, 0x675A, 0x673B, 0x675A, 0x673B, 0x675A, 
    0x633B, 0x675A, 0x633B, 0x673A, 0x633A, 0x5F19, 0x5AF9, 0x56B6, 0x1864, 0x1800, 0x51F1, 0x6F9D, 0x6F7D, 0x6339, 0x631A, 0x633A, 
    0x5274, 0x3400, 0x3064, 0x08A7, 0x5F19, 0x6F7C, 0x675C, 0x6B5B, 0x675B, 0x6B5B, 0x675C, 0x6B5B, 0x6B5C, 0x6B5B, 0x675C, 0x6B7C, 
    0x4633, 0x5AF7, 0x73BE, 0x6F7C, 0x6F7D, 0x6F9C, 0x6F7D, 0x6F9C, 0x6F7D, 0x6F7C, 0x6F7D, 0x6F9C, 0x6B7D, 0x6F9C, 0x6F7D, 0x6F9C, 
    0x6F7D, 0x6F7C, 0x6F7D, 0x6F9C, 0x6F7D, 0x6F9C, 0x6F7D, 0x6F9C, 0x6F7D, 0x6F9C, 0x6F7D, 0x6F9C, 0x6F7D, 0x6F9C, 0x6F7D, 0x6F9C, 
    0x6F7D, 0x6F9C, 0x6F7D, 0x6F7C, 0x6B7D, 0x6F7C, 0x6B7D, 0x6B5B, 0x633B, 0x673A, 0x633A, 0x673A, 0x633A, 0x673A, 0x633B, 0x673A, 
    0x633B, 0x675A, 0x673B, 0x675A, 0x673B, 0x675B, 0x673B, 0x675B, 0x673B, 0x675B, 0x673B, 0x675B, 0x673B, 0x675B, 0x673B, 0x675B, 
    0x673B, 0x675B, 0x6B5C, 0x6F7C, 0x6B7C, 0x6F7C, 0x6F7D, 0x6F9C, 0x6F7D, 0x6F9C, 0x6F7D, 0x6F9C, 0x6F7D, 0x6F9D, 0x6F7D, 0x6F9D, 
    0x6F9C, 0x6B7C, 0x6F9C, 0x6B7C, 0x6F9C, 0x6B7C, 0x6F9C, 0x6B7C, 0x6F9C, 0x6F9D, 0x77DE, 0x6319, 0x4DEF, 0x50E6, 0x5440, 0x5462, 
    0x5461, 0x5041, 0x4841, 0x3C84, 0x48A4, 0x5020, 0x5061, 0x4841, 0x4860, 0x4841, 0x4441, 0x4041, 0x4020, 0x3442, 0x2CE7, 0x292A, 
    0x5294, 0x675B, 0x675A, 0x633A, 0x675A, 0x633B, 0x675A, 0x5AF8, 0x5AD6, 0x633A, 0x673A, 0x633A, 0x675A, 0x633A, 0x675A, 0x633B, 
    0x675A, 0x673B, 0x675A, 0x633A, 0x675A, 0x633B, 0x675A, 0x675B, 0x675A, 0x633A, 0x675A, 0x633A, 0x675A, 0x633A, 0x675A, 0x633A, 
    0x6759, 0x633A, 0x675A, 0x633A, 0x635A, 0x633B, 0x675A, 0x673A, 0x675A, 0x675B, 0x675B, 0x675B, 0x6B7B, 0x675B, 0x6B7B, 0x675B, 
    0x6B7B, 0x675C, 0x6B7B, 0x5F19, 0x635A, 0x675B, 0x6B7B, 0x675B, 0x6B7B, 0x675B, 0x6B7B, 0x675C, 0x6B7B, 0x6B5C, 0x6B7B, 0x675C, 
    0x6B7B, 0x675B, 0x6B7B, 0x675B, 0x675A, 0x675B, 0x6B7B, 0x675B, 0x6B7B, 0x6B5B, 0x6B7B, 0x675B, 0x675A, 0x5F3A, 0x6339, 0x5AF9, 
    0x4A73, 0x5AF8, 0x675A, 0x633A, 0x673A, 0x633B, 0x635A, 0x633A, 0x633A, 0x633B, 0x635A, 0x633B, 0x675A, 0x633B, 0x675A, 0x633A, 
    0x675A, 0x633B, 0x675A, 0x633B, 0x675A, 0x633B, 0x675A, 0x633B, 0x675A, 0x633B, 0x675A, 0x633A, 0x675A, 0x633B, 0x675A, 0x633A, 
    0x675A, 0x633B, 0x675A, 0x633A, 0x633A, 0x5F1A, 0x5B19, 0x56D8, 0x2D49, 0x0000, 0x3400, 0x51CF, 0x6F9C, 0x73BD, 0x675A, 0x633A, 
    0x6339, 0x5274, 0x1C62, 0x4211, 0x675A, 0x675B, 0x675B, 0x675B, 0x6B7B, 0x675B, 0x677B, 0x675C, 0x6B7B, 0x675B, 0x6B7B, 0x675B, 
    0x6339, 0x31AE, 0x6F9C, 0x6F9D, 0x6F9C, 0x6B7C, 0x6F9C, 0x6B7C, 0x6F9C, 0x6B7C, 0x6F9C, 0x6B7C, 0x6F9C, 0x6B7C, 0x6F9C, 0x6B7C, 
    0x6F9C, 0x6B7C, 0x6F9C, 0x6B7C, 0x6F9C, 0x6B7D, 0x6F9C, 0x6B7D, 0x6F9C, 0x6B7D, 0x6F9C, 0x6B9D, 0x6F9C, 0x6B9D, 0x6F9C, 0x6B7C, 
    0x6F9C, 0x6B7D, 0x6F9C, 0x6B7C, 0x6F9C, 0x6B7C, 0x6B9C, 0x675C, 0x675A, 0x633A, 0x635A, 0x633A, 0x633A, 0x633A, 0x633A, 0x633A, 
    0x675A, 0x633A, 0x675A, 0x633A, 0x675A, 0x633B, 0x675A, 0x675B, 0x675A, 0x633B, 0x675A, 0x675B, 0x675B, 0x633B, 0x675B, 0x635B, 
    0x675B, 0x675C, 0x6F9C, 0x6B7C, 0x6F9C, 0x6B7C, 0x6F9C, 0x6B7C, 0x6F9C, 0x6F7D, 0x6F9C, 0x6B7D, 0x6F9C, 0x6B9D, 0x6F9C, 0x6F9D, 
    0x6B7D, 0x6F7C, 0x6F7D, 0x6F7C, 0x6F7D, 0x6F9C, 0x6F7D, 0x6F7C, 0x6F7D, 0x77BE, 0x6F7D, 0x6319, 0x5632, 0x5000, 0x5043, 0x5441, 
    0x4C21, 0x4841, 0x3463, 0x4862, 0x5021, 0x5041, 0x4C41, 0x4C41, 0x4821, 0x4841, 0x4042, 0x4000, 0x3886, 0x2D09, 0x1485, 0x5274, 
    0x6B5B, 0x673A, 0x673B, 0x675A, 0x673B, 0x675B, 0x673B, 0x6B5B, 0x5AD8, 0x5AD7, 0x673B, 0x673A, 0x633B, 0x673A, 0x673B, 0x673A, 
    0x673B, 0x675A, 0x673B, 0x675A, 0x673B, 0x673A, 0x673B, 0x675B, 0x673B, 0x673A, 0x673B, 0x675A, 0x673B, 0x675B, 0x673B, 0x673A, 
    0x673A, 0x673A, 0x673B, 0x673A, 0x633A, 0x673A, 0x673B, 0x673A, 0x673B, 0x6B5A, 0x673B, 0x6B5B, 0x675C, 0x6B5B, 0x6B5C, 0x6B5B, 
    0x6B5C, 0x6B5B, 0x675C, 0x5EF8, 0x631A, 0x6B5B, 0x675C, 0x6B5B, 0x6B5C, 0x6B5B, 0x6B5C, 0x6B5B, 0x6B5C, 0x6B7B, 0x6B5C, 0x6B7C, 
    0x6B5C, 0x6B5B, 0x675C, 0x675A, 0x673B, 0x6B5B, 0x6B5C, 0x6B5B, 0x6B5C, 0x6B5B, 0x6B5C, 0x673A, 0x673B, 0x673A, 0x675C, 0x675B, 
    0x56D9, 0x4653, 0x673B, 0x6B5B, 0x631A, 0x673A, 0x633B, 0x673A, 0x633B, 0x673B, 0x633B, 0x673A, 0x633B, 0x673A, 0x633B, 0x673B, 
    0x673B, 0x675B, 0x673B, 0x673A, 0x673B, 0x675B, 0x673B, 0x675B, 0x633B, 0x673A, 0x673B, 0x673B, 0x673B, 0x673B, 0x673B, 0x673A, 
    0x673B, 0x673A, 0x633B, 0x673A, 0x633B, 0x5F19, 0x5AD9, 0x5EF8, 0x458D, 0x1400, 0x2485, 0x5800, 0x5DAF, 0x737C, 0x77BE, 0x675A, 
    0x631B, 0x633A, 0x5EB6, 0x62F8, 0x673B, 0x675A, 0x673B, 0x675B, 0x6B5C, 0x6B5B, 0x675C, 0x6B5B, 0x6B5C, 0x6B7C, 0x6B5C, 0x6B5B, 
    0x6B5C, 0x4E95, 0x4A54, 0x77DE, 0x6B7D, 0x6F9C, 0x6F7D, 0x6F9C, 0x6F7D, 0x6F9C, 0x6F7D, 0x6F7C, 0x6F7D, 0x6F7C, 0x6F7D, 0x6F7C, 
    0x6F7D, 0x6F7C, 0x6F7D, 0x6F9C, 0x6F7D, 0x6F9C, 0x6F7D, 0x6F9C, 0x6F7D, 0x6F9D, 0x6F7D, 0x6F9C, 0x6F7D, 0x6F9D, 0x6F7D, 0x6F9C, 
    0x6F7D, 0x6F9D, 0x6F7D, 0x6F9D, 0x6B7D, 0x6F9C, 0x6B7D, 0x6B7B, 0x673B, 0x673A, 0x633B, 0x673A, 0x633B, 0x673A, 0x633B, 0x673A, 
    0x633B, 0x673A, 0x673B, 0x673A, 0x673B, 0x675B, 0x673B, 0x675B, 0x673B, 0x675B, 0x673B, 0x675B, 0x673B, 0x673B, 0x673B, 0x6B5B, 
    0x673C, 0x6F7C, 0x6B7C, 0x6F7C, 0x6F7D, 0x6F7C, 0x6F7D, 0x6F7C, 0x6F7D, 0x6F9D, 0x6F7D, 0x6F9D, 0x6F7D, 0x6F9D, 0x6F7D, 0x6F9D, 
    0x6F9C, 0x6F7D, 0x6F9C, 0x6B7D, 0x6F9C, 0x6F7D, 0x6F9C, 0x6B7C, 0x73BD, 0x6F9D, 0x6B5A, 0x62F8, 0x4D28, 0x4800, 0x4C62, 0x4821, 
    0x4441, 0x3042, 0x4062, 0x4C21, 0x4C41, 0x4841, 0x4841, 0x4841, 0x4841, 0x4442, 0x4400, 0x3885, 0x358B, 0x1CE8, 0x0000, 0x2D6B, 
    0x6318, 0x675B, 0x675A, 0x673A, 0x675A, 0x673B, 0x675A, 0x633A, 0x633A, 0x631A, 0x56D6, 0x633A, 0x675A, 0x633A, 0x675A, 0x673B, 
    0x675A, 0x673B, 0x675A, 0x673B, 0x675A, 0x673B, 0x675A, 0x673B, 0x675A, 0x673B, 0x675A, 0x673B, 0x675B, 0x673B, 0x675B, 0x673B, 
    0x675A, 0x673A, 0x675A, 0x673A, 0x673A, 0x633A, 0x675A, 0x673A, 0x675A, 0x673B, 0x675B, 0x675B, 0x6B5B, 0x675C, 0x6B5B, 0x675B, 
    0x6B5B, 0x675B, 0x6B5B, 0x5AF9, 0x6339, 0x675B, 0x6B5B, 0x675B, 0x6B7B, 0x675C, 0x6B7B, 0x675C, 0x6B7B, 0x6B5C, 0x6B7B, 0x675C, 
    0x6B7B, 0x675B, 0x6B5B, 0x633A, 0x675A, 0x6B5C, 0x6B7B, 0x6B5B, 0x6B7B, 0x6B5C, 0x6B7B, 0x675C, 0x6B7B, 0x633A, 0x675A, 0x6B5C, 
    0x6B7B, 0x56D8, 0x4E73, 0x633A, 0x6B7B, 0x633A, 0x673A, 0x633B, 0x633A, 0x633B, 0x673A, 0x633B, 0x673A, 0x633B, 0x673A, 0x633B, 
    0x675A, 0x633B, 0x675A, 0x633A, 0x675A, 0x633B, 0x675A, 0x633B, 0x675A, 0x633B, 0x675A, 0x633B, 0x675A, 0x633B, 0x675A, 0x633B, 
    0x675A, 0x633B, 0x633A, 0x633A, 0x633A, 0x5F19, 0x5AF8, 0x56D8, 0x65CD, 0x5460, 0x0063, 0x5484, 0x6800, 0x5DCE, 0x6F9C, 0x73BE, 
    0x675A, 0x633A, 0x675A, 0x673B, 0x675B, 0x675B, 0x6B5B, 0x675B, 0x6B5B, 0x675B, 0x6B5B, 0x675B, 0x6B7B, 0x6B5C, 0x6B7B, 0x6B5C, 
    0x6B7B, 0x675C, 0x35CF, 0x673A, 0x73BD, 0x6B7C, 0x6F9C, 0x6F7D, 0x6F9C, 0x6B7C, 0x6F9C, 0x6F7C, 0x6F9C, 0x6F7D, 0x6F9C, 0x6B7D, 
    0x6F9C, 0x6F7D, 0x6F9C, 0x6B7D, 0x6F9C, 0x6B7D, 0x6F9C, 0x6B7D, 0x6F9C, 0x6B7D, 0x6F9C, 0x6F7D, 0x6F9C, 0x6B9D, 0x6F9C, 0x6F7D, 
    0x6F9C, 0x6F9D, 0x6F9C, 0x6F7D, 0x6F9C, 0x6B7D, 0x6F9C, 0x675B, 0x675B, 0x633B, 0x675A, 0x633B, 0x633A, 0x633A, 0x633A, 0x633B, 
    0x675A, 0x633B, 0x675A, 0x633B, 0x675A, 0x673B, 0x675B, 0x675B, 0x675B, 0x633B, 0x675B, 0x673B, 0x675B, 0x633B, 0x675B, 0x675B, 
    0x675B, 0x675C, 0x6F7C, 0x6B7C, 0x6F9C, 0x6B7C, 0x6F9C, 0x6B7D, 0x6F9C, 0x6F7D, 0x6F9C, 0x6F7D, 0x6F9C, 0x6F9D, 0x6F9C, 0x6F9D, 
    0x6F7D, 0x6F9C, 0x6B7C, 0x6F9C, 0x6F7D, 0x6F9C, 0x6B7C, 0x739D, 0x739E, 0x6B5B, 0x673A, 0x5610, 0x4400, 0x4863, 0x4421, 0x4421, 
    0x2C42, 0x3C62, 0x4821, 0x4841, 0x4841, 0x4841, 0x4821, 0x4841, 0x4442, 0x4400, 0x3C64, 0x398C, 0x2109, 0x4652, 0x52B7, 0x0000, 
    0x0000, 0x5AD7, 0x6B5C, 0x673A, 0x673B, 0x675B, 0x673B, 0x675A, 0x673B, 0x675A, 0x5AD8, 0x4632, 0x633A, 0x675A, 0x673B, 0x675B, 
    0x673B, 0x673A, 0x673B, 0x675A, 0x673B, 0x675A, 0x673B, 0x675A, 0x673B, 0x675A, 0x673B, 0x675A, 0x673B, 0x675B, 0x673B, 0x675B, 
    0x673B, 0x675A, 0x673A, 0x675A, 0x673B, 0x633A, 0x633A, 0x673A, 0x673A, 0x675B, 0x673B, 0x6B5B, 0x675B, 0x6B5B, 0x675C, 0x675B, 
    0x673B, 0x6B5B, 0x673B, 0x631A, 0x5F1A, 0x675B, 0x675B, 0x6B5B, 0x675C, 0x6B5B, 0x675C, 0x6B7B, 0x6B5C, 0x6B7B, 0x6B5C, 0x6B7B, 
    0x675C, 0x6B5B, 0x673B, 0x6339, 0x675B, 0x6B7B, 0x6B5C, 0x6B7B, 0x6B5C, 0x6B7B, 0x6B5C, 0x6B7B, 0x6B5C, 0x673A, 0x631A, 0x6B7B, 
    0x6B5C, 0x6B7C, 0x5EF9, 0x4232, 0x56B6, 0x6F7B, 0x673B, 0x633A, 0x633B, 0x675A, 0x633B, 0x673A, 0x633B, 0x673A, 0x633B, 0x675A, 
    0x633B, 0x673A, 0x633B, 0x673A, 0x673B, 0x673A, 0x633B, 0x673A, 0x633B, 0x633A, 0x633B, 0x633A, 0x633A, 0x673A, 0x633B, 0x673A, 
    0x633B, 0x673A, 0x633A, 0x673A, 0x633B, 0x6319, 0x5AD8, 0x56D7, 0x5E11, 0x6880, 0x2C84, 0x4442, 0x6884, 0x6800, 0x5DCF, 0x6F9D, 
    0x739E, 0x6B5A, 0x673B, 0x675B, 0x673B, 0x6B5B, 0x675B, 0x6B5B, 0x675B, 0x6B5B, 0x675B, 0x6B5B, 0x675C, 0x6B7B, 0x6B5C, 0x6B7B, 
    0x6B5C, 0x6F7C, 0x5AF9, 0x4210, 0x73BE, 0x6F9C, 0x6F7D, 0x6F9C, 0x6F7D, 0x6F9C, 0x6F7D, 0x6F9C, 0x6F7D, 0x6F7C, 0x6B7C, 0x6F9C, 
    0x6F7D, 0x6F9C, 0x6F7D, 0x6F9C, 0x6F7D, 0x6F9C, 0x6F7D, 0x6F9C, 0x6F7D, 0x6F9C, 0x6F7D, 0x6F9C, 0x6F7D, 0x6F9C, 0x6F7D, 0x6F9C, 
    0x6F7D, 0x6F9C, 0x6F7D, 0x6F9C, 0x6B7D, 0x6F9C, 0x6B7D, 0x6B7B, 0x675B, 0x675B, 0x633B, 0x673A, 0x633B, 0x673A, 0x633A, 0x673A, 
    0x633B, 0x675A, 0x633B, 0x673A, 0x633B, 0x675B, 0x673B, 0x675B, 0x673B, 0x675B, 0x673B, 0x675B, 0x673B, 0x675B, 0x633B, 0x675B, 
    0x673B, 0x6B5B, 0x6B7D, 0x6F7C, 0x6B7C, 0x6F9C, 0x6F7D, 0x6F9C, 0x6F7D, 0x6F9C, 0x6F7D, 0x6F9C, 0x6F7D, 0x6F9D, 0x6F7D, 0x6F9D, 
    0x6F9C, 0x6B7C, 0x6F9C, 0x6B7D, 0x6F9C, 0x6B7C, 0x6F9C, 0x73BE, 0x6B7A, 0x673A, 0x5A93, 0x4000, 0x4862, 0x4021, 0x4020, 0x2842, 
    0x3062, 0x4021, 0x4440, 0x4441, 0x4440, 0x4441, 0x4441, 0x4041, 0x4020, 0x3863, 0x356B, 0x294A, 0x4A52, 0x5F1A, 0x56F8, 0x4E96, 
    0x1D07, 0x0000, 0x56D5, 0x675B, 0x675A, 0x675B, 0x675A, 0x675B, 0x675A, 0x633B, 0x675A, 0x4E95, 0x5F17, 0x633A, 0x675A, 0x633B, 
    0x675A, 0x633B, 0x675A, 0x673B, 0x675A, 0x673B, 0x675A, 0x673B, 0x675A, 0x673B, 0x675A, 0x673B, 0x675A, 0x633A, 0x675A, 0x675B, 
    0x675A, 0x673B, 0x675A, 0x633A, 0x675A, 0x633A, 0x6339, 0x633A, 0x675A, 0x675B, 0x675A, 0x675B, 0x6B7B, 0x675B, 0x677B, 0x675B, 
    0x675B, 0x675B, 0x675A, 0x5F19, 0x5F39, 0x633B, 0x675B, 0x675B, 0x6B7B, 0x675B, 0x6B7B, 0x675C, 0x6B7B, 0x675C, 0x6B7B, 0x675B, 
    0x6B7B, 0x675B, 0x6339, 0x633A, 0x6B7B, 0x675B, 0x6B7B, 0x6B5B, 0x6B7B, 0x6B5C, 0x6B7B, 0x675B, 0x6B7B, 0x675B, 0x6339, 0x675B, 
    0x6B7B, 0x675B, 0x6B7B, 0x675C, 0x4E95, 0x4211, 0x6339, 0x6B7B, 0x633A, 0x633A, 0x675A, 0x633A, 0x633A, 0x633A, 0x675A, 0x633B, 
    0x675A, 0x633A, 0x675A, 0x633A, 0x673A, 0x633A, 0x675A, 0x633A, 0x635A, 0x5F3B, 0x633A, 0x633A, 0x633A, 0x633A, 0x633A, 0x633A, 
    0x633A, 0x633A, 0x633A, 0x633A, 0x633A, 0x5B19, 0x56F7, 0x56D8, 0x5E72, 0x6860, 0x50A4, 0x2463, 0x6481, 0x68A4, 0x6400, 0x5DF0, 
    0x6F9C, 0x6F9D, 0x675A, 0x675B, 0x675A, 0x675B, 0x675A, 0x675B, 0x6B7B, 0x675B, 0x6B7B, 0x675B, 0x6B7B, 0x677C, 0x6B7B, 0x6B7C, 
    0x6B7B, 0x6B5B, 0x6F9C, 0x4253, 0x5AF6, 0x73BE, 0x6F9C, 0x6F9D, 0x6F9C, 0x6B7C, 0x6F9C, 0x6B7C, 0x6F9C, 0x6B7C, 0x6F9C, 0x6B7C, 
    0x6F9C, 0x6B7C, 0x6F9C, 0x6B7D, 0x6F9C, 0x6B7C, 0x6F9C, 0x6B7D, 0x6F9C, 0x6B7D, 0x6F9C, 0x6B7D, 0x6F9C, 0x6B9D, 0x6F9C, 0x6B9D, 
    0x6F9C, 0x6F9D, 0x6F9C, 0x6F9D, 0x6F9C, 0x6B9C, 0x6F9C, 0x6B7D, 0x6B7B, 0x675B, 0x675A, 0x633A, 0x635A, 0x633B, 0x635A, 0x633B, 
    0x675A, 0x633B, 0x675A, 0x633B, 0x675A, 0x633B, 0x675B, 0x675B, 0x675A, 0x635B, 0x675B, 0x633B, 0x675B, 0x633B, 0x635A, 0x675B, 
    0x675B, 0x6B7C, 0x6F9C, 0x6B7C, 0x6F9C, 0x6B7C, 0x6F9C, 0x6B7C, 0x6F9C, 0x6B9D, 0x6F9C, 0x6B7D, 0x6F9C, 0x6F9D, 0x6F9C, 0x6F9D, 
    0x6F7D, 0x6F9C, 0x6F7D, 0x6F9C, 0x6F7D, 0x6F7C, 0x739E, 0x6F7C, 0x671A, 0x5EB5, 0x4421, 0x4400, 0x4042, 0x4020, 0x2C22, 0x2442, 
    0x3C22, 0x4020, 0x4021, 0x4421, 0x4421, 0x4421, 0x4021, 0x4021, 0x3822, 0x3109, 0x2509, 0x4212, 0x631B, 0x56D7, 0x4A75, 0x56B7, 
    0x5296, 0x2D6C, 0x0C64, 0x6319, 0x673B, 0x675A, 0x673B, 0x6B5B, 0x673B, 0x6B5B, 0x673B, 0x673A, 0x56B7, 0x6739, 0x631B, 0x673A, 
    0x673B, 0x673A, 0x673B, 0x6B5A, 0x673B, 0x6B5A, 0x673B, 0x6B5B, 0x673B, 0x675A, 0x673B, 0x6B5B, 0x673B, 0x6B5B, 0x673B, 0x675B, 
    0x673C, 0x675B, 0x673B, 0x673B, 0x673B, 0x673A, 0x631A, 0x673A, 0x673B, 0x6B5B, 0x673B, 0x6B5B, 0x675C, 0x6B5B, 0x673B, 0x6B5B, 
    0x673C, 0x6B5B, 0x631A, 0x5EF9, 0x5EFA, 0x673A, 0x675C, 0x6B5B, 0x673B, 0x6B5B, 0x675C, 0x6B5B, 0x6B5C, 0x6B5B, 0x6B5C, 0x6B5B, 
    0x6B5C, 0x675A, 0x631A, 0x675A, 0x675B, 0x6B7B, 0x6B5C, 0x6B5B, 0x6B5C, 0x6B5B, 0x6B5C, 0x6B5B, 0x673B, 0x6B5B, 0x673B, 0x6B5B, 
    0x6B5C, 0x6B5B, 0x6B5C, 0x6B7B, 0x6B7C, 0x5F19, 0x3E12, 0x56B5, 0x6B5B, 0x675A, 0x633B, 0x673A, 0x633B, 0x673A, 0x633B, 0x673A, 
    0x633B, 0x673A, 0x633B, 0x673A, 0x673B, 0x673A, 0x633B, 0x673A, 0x633B, 0x633A, 0x633B, 0x673A, 0x631B, 0x673A, 0x633B, 0x673A, 
    0x631A, 0x673A, 0x631A, 0x673A, 0x633B, 0x631A, 0x5AD8, 0x5AD7, 0x5A74, 0x64A3, 0x5C63, 0x2485, 0x5442, 0x6C81, 0x68A4, 0x6800, 
    0x61EF, 0x6F9D, 0x739E, 0x6B5A, 0x673B, 0x6B5B, 0x675B, 0x6B5B, 0x675C, 0x6B7C, 0x673B, 0x6B5B, 0x6B5C, 0x6F7C, 0x6B5C, 0x6F7C, 
    0x6B5C, 0x6B7B, 0x6B5C, 0x675B, 0x35AF, 0x737C, 0x739E, 0x6F7C, 0x6F7D, 0x6F9C, 0x6F7D, 0x6F9C, 0x6F7D, 0x6F9C, 0x6F7D, 0x6F7C, 
    0x6F7D, 0x6F7C, 0x6F7D, 0x6F9C, 0x6F7D, 0x6F7C, 0x6F7D, 0x6F9C, 0x6F7D, 0x6F9D, 0x6F7D, 0x6F9D, 0x6F7D, 0x6F9D, 0x6F7D, 0x6F9D, 
    0x6F7D, 0x6F9D, 0x6F7D, 0x6F9D, 0x6F7D, 0x6F9C, 0x6F7D, 0x6F9C, 0x6B7D, 0x6F7C, 0x6B5C, 0x675B, 0x633B, 0x673A, 0x633B, 0x675B, 
    0x633B, 0x673B, 0x633B, 0x673A, 0x633B, 0x675B, 0x673B, 0x675B, 0x673B, 0x675B, 0x673C, 0x675B, 0x673C, 0x675B, 0x673C, 0x675B, 
    0x673C, 0x6F7C, 0x6F7C, 0x6F7C, 0x6F7D, 0x6F7C, 0x6F7D, 0x6F7C, 0x6F7D, 0x6F9D, 0x6F7D, 0x6F9D, 0x6F7D, 0x6F9D, 0x6F7D, 0x6F9D, 
    0x6F9C, 0x6F9D, 0x6F9C, 0x6F9D, 0x6F9C, 0x6F7D, 0x6F7C, 0x6319, 0x62F7, 0x4508, 0x4400, 0x4042, 0x4020, 0x3021, 0x1841, 0x3421, 
    0x3820, 0x3821, 0x3C20, 0x3C21, 0x4041, 0x3C21, 0x4040, 0x3822, 0x2884, 0x1CA5, 0x318D, 0x633B, 0x5B19, 0x4654, 0x4E95, 0x4A75, 
    0x4EB6, 0x4A75, 0x5295, 0x633A, 0x675A, 0x673B, 0x675A, 0x675B, 0x675A, 0x673B, 0x675A, 0x675B, 0x5AF8, 0x5AF8, 0x675A, 0x633B, 
    0x675A, 0x673B, 0x675A, 0x673B, 0x675A, 0x673B, 0x675A, 0x673B, 0x675A, 0x673B, 0x675A, 0x673B, 0x675A, 0x675B, 0x675A, 0x673B, 
    0x675B, 0x673B, 0x675B, 0x673B, 0x675A, 0x673B, 0x633A, 0x633A, 0x675A, 0x673B, 0x675B, 0x675B, 0x6B5B, 0x675B, 0x6B5B, 0x675B, 
    0x6B5B, 0x675B, 0x675A, 0x631A, 0x5F19, 0x633B, 0x675B, 0x675B, 0x675A, 0x675B, 0x6B7B, 0x675B, 0x6B7B, 0x675C, 0x6B7B, 0x675B, 
    0x6B5B, 0x633A, 0x673A, 0x675B, 0x6B7B, 0x6B5B, 0x6B7B, 0x6B5C, 0x6B7B, 0x6B5C, 0x6B7B, 0x675B, 0x6B5B, 0x6B5C, 0x675A, 0x633A, 
    0x6B7B, 0x6B5B, 0x6B7B, 0x6B5B, 0x6B7B, 0x6B7C, 0x6B7B, 0x4E95, 0x4651, 0x6339, 0x6B7B, 0x633A, 0x633A, 0x633A, 0x633A, 0x633A, 
    0x673A, 0x633A, 0x673A, 0x633A, 0x673A, 0x633A, 0x633A, 0x633A, 0x633A, 0x633B, 0x633A, 0x633A, 0x633A, 0x633A, 0x633A, 0x633A, 
    0x633A, 0x633A, 0x6339, 0x633A, 0x633A, 0x633A, 0x5EF8, 0x56B7, 0x5A94, 0x5CC6, 0x6420, 0x44A6, 0x3863, 0x6861, 0x6881, 0x68A4, 
    0x6800, 0x61CE, 0x6F7C, 0x739E, 0x6B5B, 0x675B, 0x6B5B, 0x673B, 0x6B7C, 0x6B7C, 0x6F9C, 0x675B, 0x6B5B, 0x6B5C, 0x6B7B, 0x6B7C, 
    0x6B7B, 0x6B7C, 0x6B7B, 0x6B7C, 0x52B6, 0x4653, 0x77DE, 0x6B7D, 0x6F9C, 0x6B7C, 0x6F9C, 0x6F7D, 0x6F9C, 0x6F7D, 0x6F9C, 0x6F7D, 
    0x6F9C, 0x6B7D, 0x6F9C, 0x6B7D, 0x6F9C, 0x6B7D, 0x6F9C, 0x6F7D, 0x6F9C, 0x6F7D, 0x6F9C, 0x6F9D, 0x6F9C, 0x6F7D, 0x6F9C, 0x6F9D, 
    0x6F9C, 0x6F9D, 0x6F9C, 0x6F9D, 0x6F9C, 0x6F9D, 0x6F9C, 0x6F7D, 0x6F9C, 0x6B7D, 0x6F9C, 0x6B7C, 0x6B7B, 0x675B, 0x675B, 0x633B, 
    0x675A, 0x633B, 0x675A, 0x633B, 0x633A, 0x633A, 0x675B, 0x675B, 0x675B, 0x675B, 0x675B, 0x633B, 0x675B, 0x633B, 0x675B, 0x633B, 
    0x675B, 0x6B7C, 0x6F7C, 0x6B7C, 0x6F7C, 0x6B7D, 0x6F9C, 0x6B7D, 0x6F9C, 0x6B7D, 0x6F9C, 0x6B7D, 0x6F9C, 0x6F7D, 0x6F9C, 0x6F7D, 
    0x6F7D, 0x6F9C, 0x6F7D, 0x6F9C, 0x6F9D, 0x739D, 0x633A, 0x62F7, 0x51F0, 0x4000, 0x4063, 0x4020, 0x3421, 0x1821, 0x2C21, 0x3420, 
    0x3021, 0x3420, 0x3421, 0x3820, 0x3821, 0x3C20, 0x3822, 0x2C41, 0x312A, 0x358C, 0x3E12, 0x5B19, 0x4EB7, 0x52B6, 0x4A76, 0x4E96, 
    0x4234, 0x52B6, 0x673B, 0x675A, 0x673B, 0x675A, 0x673B, 0x6B5B, 0x673B, 0x675A, 0x673B, 0x675A, 0x5F1A, 0x56D7, 0x56B7, 0x5EF8, 
    0x673B, 0x675A, 0x673B, 0x675A, 0x673B, 0x675A, 0x673B, 0x675A, 0x673B, 0x6B5A, 0x673B, 0x675A, 0x673B, 0x675A, 0x673B, 0x675B, 
    0x673B, 0x675B, 0x673B, 0x675A, 0x673B, 0x673A, 0x631A, 0x6339, 0x673B, 0x675A, 0x673B, 0x6B5B, 0x675B, 0x6B5B, 0x675B, 0x6B5B, 
    0x675B, 0x6B5B, 0x675B, 0x675A, 0x5F1A, 0x673A, 0x673B, 0x6B5A, 0x673B, 0x6B5B, 0x675B, 0x6B5B, 0x675C, 0x6B5B, 0x675B, 0x6B5B, 
    0x673B, 0x6319, 0x631A, 0x6B5B, 0x6B5C, 0x6B7B, 0x6B5C, 0x6B5B, 0x6B5C, 0x6B7B, 0x6B5C, 0x6B7B, 0x675B, 0x6B5B, 0x675B, 0x675A, 
    0x675C, 0x6B7B, 0x6B5C, 0x6B7B, 0x6B5B, 0x6B7B, 0x6B5C, 0x6F9C, 0x5F19, 0x4232, 0x56B6, 0x6B5B, 0x633B, 0x633A, 0x633A, 0x673A, 
    0x633A, 0x673A, 0x633A, 0x673A, 0x633A, 0x673A, 0x633A, 0x633A, 0x633B, 0x633A, 0x633A, 0x633A, 0x633A, 0x633A, 0x633A, 0x6339, 
    0x5F1A, 0x633A, 0x633A, 0x673A, 0x633A, 0x633A, 0x5AF9, 0x5AD7, 0x5695, 0x5D28, 0x6000, 0x60C5, 0x2C85, 0x5C62, 0x6861, 0x6C81, 
    0x6CA4, 0x6800, 0x618E, 0x6F7C, 0x73BE, 0x6B5B, 0x673B, 0x6B7C, 0x675C, 0x5AF8, 0x6B7C, 0x77BD, 0x6B5C, 0x6B5B, 0x6B5C, 0x6F7B, 
    0x6B5C, 0x6B7B, 0x6B5C, 0x6F7C, 0x6B7C, 0x35D0, 0x6319, 0x77BE, 0x6B7D, 0x6F9C, 0x6F7D, 0x6F9C, 0x6F7D, 0x6F9C, 0x6F7D, 0x6F9C, 
    0x6F7D, 0x6F9C, 0x6F7D, 0x6F9C, 0x6F7D, 0x6F9C, 0x6F7D, 0x6F9C, 0x6F7D, 0x6F9C, 0x6F7D, 0x6F9C, 0x6F7D, 0x6F9C, 0x6F7D, 0x6F9D, 
    0x6F9D, 0x6F9C, 0x6F7D, 0x6F9C, 0x6F7D, 0x6F9C, 0x6F7D, 0x6F9D, 0x6F7D, 0x6F9C, 0x6F7D, 0x6F9C, 0x6F7D, 0x6F9C, 0x6B7D, 0x6B7C, 
    0x675C, 0x675B, 0x633B, 0x673B, 0x633B, 0x633A, 0x673B, 0x675B, 0x675C, 0x675B, 0x673B, 0x675B, 0x675C, 0x675B, 0x633B, 0x675B, 
    0x675C, 0x6F7C, 0x6B7C, 0x6F7C, 0x6F7D, 0x6F9C, 0x6F7D, 0x6F9C, 0x6F7D, 0x6F9D, 0x6F7D, 0x6F9D, 0x6F7D, 0x6F9D, 0x6F7D, 0x6F9D, 
    0x6F9C, 0x6B9D, 0x6F9C, 0x6F9D, 0x6F9C, 0x6F9D, 0x6339, 0x5AB5, 0x48E5, 0x3C00, 0x4041, 0x3821, 0x1841, 0x2821, 0x2C20, 0x2821, 
    0x2820, 0x2820, 0x3020, 0x3020, 0x3420, 0x3421, 0x2C62, 0x2CE8, 0x4E73, 0x5B19, 0x4653, 0x18C8, 0x2D8D, 0x4675, 0x4EB6, 0x4233, 
    0x4A74, 0x633B, 0x675A, 0x673B, 0x675A, 0x675B, 0x675A, 0x675B, 0x675A, 0x675B, 0x675A, 0x633B, 0x675A, 0x5AF8, 0x56D6, 0x5B19, 
    0x635A, 0x633A, 0x675A, 0x673A, 0x675A, 0x675B, 0x675A, 0x675B, 0x675A, 0x675B, 0x675A, 0x675B, 0x675A, 0x675B, 0x675A, 0x675B, 
    0x675A, 0x675B, 0x675A, 0x675B, 0x675A, 0x633B, 0x673A, 0x633A, 0x675A, 0x633A, 0x675A, 0x675B, 0x6B7B, 0x675B, 0x6B5B, 0x675B, 
    0x6B7B, 0x675B, 0x6B7A, 0x675B, 0x633A, 0x5F1A, 0x675A, 0x633A, 0x675A, 0x675B, 0x6B7B, 0x675B, 0x6B7B, 0x675B, 0x6B7B, 0x675B, 
    0x675B, 0x633A, 0x6339, 0x675B, 0x6B7B, 0x675B, 0x6B7B, 0x6B5B, 0x6B7B, 0x6B5B, 0x6B7B, 0x6B7B, 0x6B7B, 0x675B, 0x6B7B, 0x635B, 
    0x677B, 0x6B5B, 0x6B7B, 0x6B7C, 0x6B7B, 0x6B7C, 0x6B7B, 0x675B, 0x6F9C, 0x677C, 0x52B5, 0x4653, 0x6339, 0x675A, 0x6339, 0x633A, 
    0x675A, 0x633A, 0x633A, 0x633A, 0x633A, 0x633A, 0x633A, 0x633A, 0x635A, 0x633A, 0x633A, 0x633A, 0x633A, 0x633A, 0x6339, 0x5B18, 
    0x6339, 0x5F3A, 0x6339, 0x633A, 0x6339, 0x633A, 0x5F18, 0x56D7, 0x56B5, 0x5D4A, 0x6000, 0x6082, 0x48C5, 0x3C64, 0x6881, 0x6881, 
    0x6C80, 0x68A4, 0x6800, 0x5D6B, 0x6B5A, 0x73BE, 0x6B7B, 0x633A, 0x52D7, 0x56D8, 0x56D7, 0x6B7C, 0x77DE, 0x675B, 0x6B7B, 0x6B7C, 
    0x6B7B, 0x6B7C, 0x6B7B, 0x675B, 0x6F9C, 0x5B19, 0x39CF, 0x73BD, 0x6F9D, 0x6B7C, 0x6F9C, 0x6B9C, 0x6F9C, 0x6B7C, 0x6F9C, 0x6B7C, 
    0x6F9C, 0x6B9D, 0x6F9C, 0x6B7D, 0x6F9C, 0x6B7C, 0x6F9C, 0x6B9D, 0x6F9C, 0x6F9D, 0x6F9C, 0x6F9D, 0x6F9C, 0x6F9D, 0x6F9C, 0x6F9D, 
    0x6F9C, 0x6F9D, 0x6F9C, 0x6F9D, 0x6F9C, 0x6F9D, 0x6F9C, 0x6F9D, 0x6F9C, 0x6B9D, 0x6F9C, 0x6B9D, 0x6F9C, 0x6B9D, 0x6F9C, 0x6B9D, 
    0x6F9C, 0x6B7C, 0x6B7B, 0x635B, 0x633A, 0x5F3A, 0x675A, 0x635B, 0x675B, 0x635B, 0x675B, 0x633B, 0x675B, 0x635B, 0x675B, 0x635B, 
    0x6B7B, 0x6B7C, 0x6F9C, 0x6B7C, 0x6F9C, 0x6B7C, 0x6F9C, 0x6B7C, 0x6F9C, 0x6B9D, 0x6F9C, 0x6B7D, 0x6F9C, 0x6B7D, 0x6F9C, 0x6B9D, 
    0x6F7D, 0x739D, 0x6F7D, 0x6F9D, 0x6F9D, 0x739D, 0x631A, 0x5A73, 0x4000, 0x4041, 0x3822, 0x2021, 0x2422, 0x2C21, 0x2401, 0x2800, 
    0x2401, 0x2820, 0x2801, 0x3020, 0x3021, 0x2C21, 0x2CC6, 0x4E53, 0x631A, 0x633A, 0x5EFA, 0x4E95, 0x210A, 0x252B, 0x35D1, 0x4212, 
    0x631A, 0x6B5B, 0x673B, 0x6B5B, 0x673B, 0x6B5B, 0x673B, 0x6B5B, 0x673B, 0x6B5B, 0x673B, 0x675B, 0x673B, 0x675B, 0x5EF9, 0x5EF9, 
    0x631A, 0x673A, 0x673B, 0x673A, 0x673B, 0x6B5B, 0x673B, 0x6B5A, 0x673B, 0x6B5B, 0x673B, 0x6B5B, 0x673B, 0x6B5B, 0x673B, 0x6B5A, 
    0x673B, 0x6B5B, 0x673B, 0x6B5B, 0x673B, 0x675B, 0x673B, 0x633A, 0x673B, 0x673A, 0x673B, 0x6B5B, 0x675C, 0x6B5B, 0x675B, 0x6B5B, 
    0x6B5C, 0x6B5B, 0x6B5B, 0x6B5B, 0x673B, 0x5F19, 0x633B, 0x6B5B, 0x673B, 0x6B5B, 0x675C, 0x6B5B, 0x6B5C, 0x6B5B, 0x675B, 0x6B5B, 
    0x675C, 0x675B, 0x633B, 0x6B5B, 0x6B5C, 0x6B5B, 0x6B5C, 0x6B5B, 0x6B5C, 0x6B7B, 0x6B5C, 0x6B7B, 0x6B5C, 0x6B5B, 0x6B5C, 0x673B, 
    0x673B, 0x6F7B, 0x6B5C, 0x6F7B, 0x6B5C, 0x6F7B, 0x6B5C, 0x6F7B, 0x6B5C, 0x6F7C, 0x6F7D, 0x6319, 0x4633, 0x5AD6, 0x673B, 0x673A, 
    0x631A, 0x673A, 0x631A, 0x673A, 0x631A, 0x673A, 0x631A, 0x633A, 0x633A, 0x633A, 0x631A, 0x673A, 0x631A, 0x633A, 0x631A, 0x6319, 
    0x631A, 0x6339, 0x631A, 0x673A, 0x633B, 0x673A, 0x5AF9, 0x5AD7, 0x5AB7, 0x5D8C, 0x6000, 0x6461, 0x5CA5, 0x2CA5, 0x5C62, 0x6C81, 
    0x6861, 0x6C80, 0x6C84, 0x6800, 0x58E8, 0x6719, 0x77BF, 0x6B5B, 0x5F1A, 0x6319, 0x5EFA, 0x5ED6, 0x5ED7, 0x7BDE, 0x6B7C, 0x6B5B, 
    0x6B7C, 0x6F7C, 0x6B5C, 0x6F7B, 0x6B5C, 0x6F7C, 0x4234, 0x5AB6, 0x77BF, 0x6F7C, 0x6F7D, 0x6F9C, 0x6F7D, 0x6F9C, 0x6F7D, 0x6F9C, 
    0x6F7D, 0x6F9C, 0x6F7D, 0x6F9C, 0x6F7D, 0x6F9C, 0x6F7D, 0x6F9C, 0x6F7D, 0x6F9D, 0x6F7D, 0x6F9C, 0x6F7D, 0x739D, 0x6F7D, 0x739C, 
    0x6F7D, 0x739D, 0x6F7D, 0x6F9D, 0x6F7D, 0x739D, 0x6F7D, 0x6F9D, 0x6F7D, 0x6F9D, 0x6F7D, 0x6F9D, 0x6F7D, 0x6F9D, 0x6F7D, 0x6F9D, 
    0x6F7D, 0x6F9C, 0x6F7D, 0x6F7C, 0x675C, 0x673A, 0x673B, 0x675B, 0x673C, 0x675B, 0x673C, 0x675B, 0x673C, 0x675B, 0x673C, 0x673B, 
    0x6B5C, 0x6F7C, 0x6F7D, 0x6F7C, 0x6F7D, 0x6F7C, 0x6F7D, 0x6F7C, 0x6F7D, 0x6F7D, 0x6F7D, 0x6F9D, 0x6F7D, 0x6F9D, 0x6F7D, 0x6F9D, 
    0x6F9C, 0x6F9D, 0x6F9D, 0x6F9D, 0x6F9D, 0x6F9D, 0x673A, 0x5674, 0x3C00, 0x3C42, 0x2041, 0x2022, 0x2C21, 0x2001, 0x2020, 0x1C00, 
    0x2020, 0x2400, 0x2820, 0x2821, 0x2421, 0x24A5, 0x4E51, 0x5F19, 0x5F39, 0x5F1A, 0x6339, 0x5F1A, 0x56D7, 0x254B, 0x2D6C, 0x5F1A, 
    0x675B, 0x673B, 0x675A, 0x675B, 0x675B, 0x675B, 0x6B5B, 0x675B, 0x675A, 0x675B, 0x675B, 0x675B, 0x675A, 0x673B, 0x675A, 0x56D8, 
    0x5F19, 0x673B, 0x675A, 0x673A, 0x675A, 0x675B, 0x675A, 0x673B, 0x675A, 0x673B, 0x675A, 0x675B, 0x675A, 0x675B, 0x675A, 0x673B, 
    0x675A, 0x675B, 0x675B, 0x673B, 0x675A, 0x673B, 0x675A, 0x633A, 0x6339, 0x5F19, 0x675A, 0x675B, 0x6B5B, 0x675B, 0x6B5B, 0x675B, 
    0x6B5B, 0x675B, 0x6B7B, 0x675B, 0x675B, 0x631A, 0x6319, 0x673B, 0x675A, 0x675B, 0x6B7B, 0x675B, 0x6B5A, 0x675B, 0x6B5B, 0x675C, 
    0x675B, 0x633B, 0x6339, 0x675B, 0x6B7B, 0x6B5C, 0x6B7B, 0x6B5C, 0x6B7B, 0x6B5B, 0x6B7B, 0x675B, 0x6B7B, 0x675B, 0x6B7B, 0x633B, 
    0x6339, 0x6B5C, 0x6B7B, 0x6B7C, 0x6B7B, 0x6B7C, 0x6B7B, 0x6B7C, 0x6B7B, 0x6B7C, 0x6B7B, 0x6B7C, 0x6B7C, 0x52B7, 0x4A73, 0x5F19, 
    0x675B, 0x5F1A, 0x6339, 0x631A, 0x6339, 0x633A, 0x633A, 0x633A, 0x633A, 0x633A, 0x633A, 0x631A, 0x6339, 0x633A, 0x633A, 0x633A, 
    0x6339, 0x5F1A, 0x633A, 0x633A, 0x675A, 0x633A, 0x6339, 0x56D7, 0x56B6, 0x55AE, 0x6000, 0x5C62, 0x6482, 0x3CC6, 0x4883, 0x6861, 
    0x6881, 0x6861, 0x6C80, 0x6884, 0x6400, 0x54A5, 0x62F8, 0x73BE, 0x6F7B, 0x675B, 0x6718, 0x396D, 0x0000, 0x4E53, 0x77DD, 0x6F9D, 
    0x6B7B, 0x6B7C, 0x6B7B, 0x6B7C, 0x6B7B, 0x6B7C, 0x675A, 0x31AE, 0x6F9B, 0x6F9E, 0x6F9C, 0x6F7D, 0x6F9C, 0x6F7D, 0x6F9C, 0x6F7D, 
    0x6F9C, 0x6F7D, 0x6F9C, 0x6F9D, 0x6F9C, 0x6F7D, 0x6F9C, 0x6F7D, 0x6F9C, 0x6F9D, 0x6F9C, 0x6F9D, 0x6F9C, 0x6F9D, 0x6F9C, 0x6F9D, 
    0x6F9C, 0x6F9D, 0x6F9C, 0x6F7D, 0x6F9C, 0x6F9D, 0x6F9C, 0x6F9D, 0x6F9C, 0x6F9D, 0x6F9C, 0x6F9D, 0x6F9C, 0x6F9D, 0x6F9C, 0x6B7D, 
    0x6F9C, 0x6B9D, 0x6F9C, 0x6B7D, 0x6F9C, 0x6B7C, 0x675B, 0x673B, 0x675B, 0x675C, 0x675B, 0x633B, 0x675B, 0x675B, 0x675B, 0x673B, 
    0x6B7C, 0x6B7C, 0x6F7C, 0x6B7C, 0x6F9C, 0x6B7D, 0x6F9C, 0x6F7C, 0x6F9C, 0x6B7D, 0x6F9C, 0x6B9D, 0x6F9C, 0x6F9D, 0x6F9D, 0x6F9D, 
    0x6F7D, 0x6F9C, 0x6F9D, 0x6F9D, 0x6F9D, 0x739D, 0x673B, 0x5694, 0x3800, 0x2441, 0x1C42, 0x2C21, 0x2001, 0x1C00, 0x1C00, 0x1C00, 
    0x1C00, 0x2000, 0x2022, 0x2021, 0x2021, 0x4A31, 0x631A, 0x633A, 0x5F1A, 0x633A, 0x5F1A, 0x633A, 0x633B, 0x56D6, 0x5296, 0x6B5B, 
    0x673B, 0x675B, 0x673B, 0x6B5B, 0x673B, 0x6B5B, 0x675B, 0x6B5B, 0x673B, 0x6B5B, 0x675B, 0x675B, 0x673B, 0x675A, 0x673B, 0x633A, 
    0x56B7, 0x5AD7, 0x633B, 0x675A, 0x673B, 0x6B5A, 0x675B, 0x6B5A, 0x673B, 0x6B5A, 0x673B, 0x6B5B, 0x673B, 0x6B5A, 0x673B, 0x675A, 
    0x673B, 0x675B, 0x673B, 0x675A, 0x673B, 0x675B, 0x633B, 0x673A, 0x5F19, 0x6319, 0x673B, 0x675A, 0x673B, 0x6B5B, 0x675B, 0x6B5B, 
    0x675B, 0x6B5B, 0x675B, 0x6B5B, 0x675B, 0x633A, 0x5AD8, 0x673A, 0x675B, 0x6B5B, 0x675B, 0x6B5B, 0x675B, 0x6B5B, 0x675B, 0x6B5B, 
    0x6B5C, 0x673A, 0x633A, 0x6B5B, 0x6B5B, 0x6B5B, 0x6B5C, 0x6B7B, 0x6B5B, 0x6B5B, 0x6B5C, 0x6B7B, 0x6B5C, 0x6B7B, 0x6B5C, 0x6B5B, 
    0x5AF9, 0x675B, 0x6B5C, 0x6B7B, 0x6B5C, 0x6B7B, 0x6B5C, 0x6B7B, 0x6B5C, 0x6B7B, 0x6B5C, 0x6B7B, 0x6B7C, 0x6F9C, 0x631A, 0x4652, 
    0x52B6, 0x6B7B, 0x633B, 0x6319, 0x631A, 0x6339, 0x631A, 0x633A, 0x633A, 0x633A, 0x633A, 0x6339, 0x631A, 0x633A, 0x633A, 0x633A, 
    0x631A, 0x6339, 0x631A, 0x6339, 0x633B, 0x6B7B, 0x633B, 0x5AD7, 0x56B6, 0x55EF, 0x5C00, 0x5C82, 0x6040, 0x58E6, 0x3085, 0x6461, 
    0x6861, 0x6861, 0x6861, 0x6C61, 0x6883, 0x6400, 0x5440, 0x5ED7, 0x73BF, 0x6B5A, 0x5610, 0x3928, 0x1C85, 0x0000, 0x3DD0, 0x739C, 
    0x739E, 0x6B5B, 0x6B7C, 0x6F7B, 0x6B7C, 0x6B7B, 0x6B7C, 0x52B6, 0x4633, 0x77DE, 0x6F7D, 0x6F9C, 0x6F7D, 0x6F9C, 0x6F7D, 0x6F9C, 
    0x6F7D, 0x6F9C, 0x6F7D, 0x6F9C, 0x6F7D, 0x6F9C, 0x6F7D, 0x6F9C, 0x6F7D, 0x6F9C, 0x6F7D, 0x6F9C, 0x6F7D, 0x6F9C, 0x6F7D, 0x739C, 
    0x6F7D, 0x6F9C, 0x6F7D, 0x6F9C, 0x6F9D, 0x6F9C, 0x6F7D, 0x6F9C, 0x6F7D, 0x6F9C, 0x6F7D, 0x6F9C, 0x6F7D, 0x6F9D, 0x6F9D, 0x6F9C, 
    0x6F7D, 0x6F9C, 0x6F7D, 0x6F9C, 0x6B7C, 0x6F9C, 0x6B7D, 0x6B7C, 0x673B, 0x675B, 0x673B, 0x675B, 0x673C, 0x6B5B, 0x675C, 0x6B5B, 
    0x6B7C, 0x6F7C, 0x6B7C, 0x6F7C, 0x6F7D, 0x6F7C, 0x6B7C, 0x6F7C, 0x6F7D, 0x6F9C, 0x6F7D, 0x6F9D, 0x6B7D, 0x6F9C, 0x6F7D, 0x6F9C, 
    0x6F9C, 0x6F9D, 0x6F9C, 0x6F9D, 0x6FBC, 0x6F9D, 0x675A, 0x5294, 0x2000, 0x1422, 0x2C41, 0x2000, 0x1820, 0x1400, 0x1820, 0x1400, 
    0x1820, 0x1421, 0x1820, 0x1801, 0x4630, 0x5F19, 0x635A, 0x633A, 0x635A, 0x633A, 0x633A, 0x633A, 0x635A, 0x633A, 0x6318, 0x633A, 
    0x675A, 0x675B, 0x675B, 0x675B, 0x675A, 0x675B, 0x675B, 0x675B, 0x675A, 0x675B, 0x675B, 0x675B, 0x675A, 0x675B, 0x675A, 0x635B, 
    0x5AF8, 0x4E95, 0x6339, 0x675B, 0x675A, 0x675B, 0x675A, 0x675B, 0x675A, 0x675B, 0x675A, 0x675B, 0x675A, 0x675B, 0x675A, 0x673A, 
    0x675A, 0x675B, 0x675A, 0x633B, 0x675A, 0x633B, 0x675A, 0x633A, 0x6339, 0x633A, 0x675A, 0x633B, 0x675B, 0x675B, 0x6B5B, 0x675B, 
    0x6B7B, 0x675B, 0x6B7B, 0x675B, 0x675A, 0x5F1A, 0x5AF7, 0x5F19, 0x675A, 0x675B, 0x6B5B, 0x675B, 0x6B7B, 0x675B, 0x6B5A, 0x675B, 
    0x675A, 0x633A, 0x675A, 0x675B, 0x6B7B, 0x675B, 0x6B7B, 0x675B, 0x6B7B, 0x675B, 0x6B7B, 0x675B, 0x6B7B, 0x675B, 0x6B7B, 0x675C, 
    0x675A, 0x5AF9, 0x675A, 0x6B5C, 0x6B7B, 0x6B7C, 0x6B7B, 0x6B7C, 0x6B7B, 0x6B7C, 0x6B7B, 0x6B7C, 0x6B7B, 0x6B7B, 0x6F9C, 0x6B7C, 
    0x52B5, 0x4632, 0x6339, 0x675B, 0x6339, 0x5F1A, 0x6339, 0x5F3A, 0x6339, 0x5F3A, 0x6339, 0x5F3A, 0x6339, 0x5F3A, 0x633A, 0x5F1A, 
    0x6339, 0x633A, 0x6339, 0x5F19, 0x6339, 0x56D6, 0x6739, 0x5F19, 0x56B5, 0x5211, 0x5C20, 0x5862, 0x5C40, 0x5CA4, 0x3907, 0x5042, 
    0x6860, 0x6461, 0x6861, 0x6861, 0x6881, 0x6483, 0x6040, 0x5000, 0x62F7, 0x6FDF, 0x675A, 0x4E10, 0x416A, 0x20C6, 0x0000, 0x24E8, 
    0x6759, 0x6FBD, 0x6B7B, 0x6B7C, 0x6B7B, 0x6B7C, 0x6B7B, 0x6B7C, 0x39F0, 0x6319, 0x73DE, 0x6B7C, 0x6F9C, 0x6B9D, 0x6F9C, 0x6B9D, 
    0x6F9C, 0x6B7C, 0x6F9C, 0x6B7C, 0x6F9C, 0x6B9D, 0x6F9C, 0x6F9D, 0x6F9C, 0x6F9D, 0x6F9C, 0x6F9D, 0x6F9C, 0x6F9D, 0x6F9C, 0x6F9D, 
    0x6F9C, 0x6F9D, 0x6F9C, 0x6F9D, 0x6F9C, 0x6F9D, 0x6F9C, 0x6F9D, 0x6F9C, 0x6F9D, 0x6F9C, 0x6B9D, 0x6F9C, 0x6B9D, 0x6F9C, 0x6B9D, 
    0x6F9C, 0x6B9D, 0x6F9C, 0x6B9D, 0x6F9C, 0x6B9D, 0x6F9C, 0x6B9D, 0x6B7C, 0x675C, 0x675B, 0x675B, 0x6B7B, 0x6B7C, 0x677B, 0x675B, 
    0x6B7B, 0x6B7C, 0x6F9C, 0x6B7C, 0x6F9C, 0x6B7C, 0x6F9C, 0x6B7C, 0x6B7C, 0x6B7C, 0x6F9C, 0x6B9D, 0x6F9C, 0x6B9D, 0x6F9C, 0x6B7D, 
    0x6F7D, 0x739D, 0x6F7D, 0x739D, 0x6F9D, 0x739D, 0x673B, 0x5294, 0x1800, 0x2C22, 0x2001, 0x1800, 0x1401, 0x1400, 0x1001, 0x1400, 
    0x1022, 0x1021, 0x0800, 0x4A32, 0x673B, 0x675B, 0x633B, 0x673A, 0x673B, 0x673A, 0x673B, 0x675B, 0x673B, 0x675B, 0x673B, 0x6B5A, 
    0x673B, 0x6B5B, 0x673B, 0x6B5B, 0x673B, 0x6B5B, 0x673B, 0x6B5B, 0x673B, 0x6B5B, 0x673B, 0x6B5B, 0x673B, 0x6B5B, 0x673B, 0x675B, 
    0x633B, 0x56D7, 0x5AB7, 0x673A, 0x673B, 0x6B5B, 0x673B, 0x6B5B, 0x673B, 0x6B5A, 0x673B, 0x6B5B, 0x673B, 0x6B5B, 0x673B, 0x675A, 
    0x673B, 0x675B, 0x673B, 0x675B, 0x673B, 0x673B, 0x673B, 0x673A, 0x5EF9, 0x673A, 0x631B, 0x6B5B, 0x673B, 0x6B5B, 0x675B, 0x6B5B, 
    0x6B5B, 0x6B5B, 0x675B, 0x6B5B, 0x673B, 0x6319, 0x56D8, 0x5EF8, 0x633A, 0x6B5A, 0x6B5B, 0x6B5B, 0x6B5B, 0x6B5B, 0x673B, 0x6B5B, 
    0x633B, 0x673A, 0x675B, 0x6B5B, 0x6B5C, 0x6B5B, 0x6B5C, 0x6B5B, 0x6B5C, 0x6B7B, 0x6B5C, 0x6B5B, 0x6B5C, 0x6B5B, 0x6B5C, 0x6B5B, 
    0x673B, 0x633A, 0x633B, 0x6B5B, 0x6B5C, 0x6F7B, 0x6B5C, 0x6F7C, 0x6B5C, 0x6F7C, 0x6B5C, 0x6F7C, 0x6B5C, 0x6B7B, 0x6B5C, 0x6B7C, 
    0x6F7D, 0x6319, 0x4232, 0x56B5, 0x675B, 0x673A, 0x5F1A, 0x6339, 0x631A, 0x633A, 0x631A, 0x633A, 0x631A, 0x673A, 0x631A, 0x673A, 
    0x631A, 0x673A, 0x631A, 0x633A, 0x4212, 0x0000, 0x3D6C, 0x5EF8, 0x56B7, 0x5232, 0x5861, 0x5C61, 0x5C62, 0x6060, 0x4D09, 0x3884, 
    0x6041, 0x6461, 0x6441, 0x6861, 0x6861, 0x6861, 0x6483, 0x6420, 0x5000, 0x62D7, 0x73DF, 0x6B9C, 0x4E32, 0x456B, 0x28E8, 0x0000, 
    0x2400, 0x5AD6, 0x6B7C, 0x6B7C, 0x6B7C, 0x6F7C, 0x6B5C, 0x6F7C, 0x5EFA, 0x39CF, 0x739E, 0x739D, 0x6F7D, 0x6F9C, 0x6F7D, 0x6F9C, 
    0x6F7D, 0x6F9C, 0x6F7D, 0x6F9C, 0x6F7D, 0x6F9C, 0x6F7D, 0x6F9C, 0x6F7D, 0x6F9C, 0x6F7D, 0x6F9C, 0x6F7D, 0x739C, 0x6F7D, 0x6F9C, 
    0x6F7D, 0x739D, 0x6F7D, 0x6F9D, 0x6F7D, 0x6F9D, 0x6F7D, 0x6F9D, 0x6F7D, 0x6F9D, 0x6F7D, 0x6F9D, 0x6F7D, 0x6F9D, 0x6F7D, 0x6F9C, 
    0x6F7D, 0x6F7C, 0x6F7D, 0x6F9D, 0x6F7D, 0x6F9D, 0x6F7D, 0x6F9C, 0x6F7D, 0x6F9D, 0x6B7D, 0x6B7C, 0x6B5C, 0x6F7C, 0x6B5C, 0x6B5B, 
    0x6B7C, 0x6F7C, 0x6B7D, 0x6F7C, 0x6F7D, 0x6F7C, 0x6F7D, 0x6F9C, 0x6F7D, 0x6F7C, 0x6F7D, 0x6F7D, 0x6B7D, 0x6F9D, 0x6F7D, 0x6B7C, 
    0x6F9C, 0x6F9D, 0x6F9C, 0x6F9D, 0x6F9C, 0x6F9D, 0x675B, 0x4E74, 0x2800, 0x2421, 0x1820, 0x0C00, 0x0C00, 0x0801, 0x0C00, 0x0C01, 
    0x1042, 0x0000, 0x4231, 0x633B, 0x675B, 0x673B, 0x675A, 0x673B, 0x675A, 0x673B, 0x675A, 0x675B, 0x675A, 0x675B, 0x675B, 0x673B, 
    0x675B, 0x675B, 0x675B, 0x675B, 0x675B, 0x675B, 0x675B, 0x675B, 0x675A, 0x675B, 0x675B, 0x675B, 0x675B, 0x675B, 0x675A, 0x673B, 
    0x675A, 0x5AF9, 0x56D6, 0x5F19, 0x675A, 0x675B, 0x6B5A, 0x675B, 0x6B5A, 0x675B, 0x6B5A, 0x675B, 0x675B, 0x675B, 0x675A, 0x673B, 
    0x675A, 0x673B, 0x675A, 0x673B, 0x675A, 0x673B, 0x675A, 0x633A, 0x6339, 0x5F19, 0x673A, 0x673B, 0x6B5B, 0x675B, 0x6B5B, 0x675B, 
    0x6B5B, 0x675B, 0x6B5B, 0x675B, 0x6B5A, 0x633A, 0x56D7, 0x56D8, 0x6339, 0x675B, 0x6B5B, 0x675B, 0x6B5B, 0x675B, 0x6B5B, 0x675B, 
    0x6339, 0x633A, 0x6B5B, 0x675B, 0x6B7B, 0x6B5C, 0x6B7B, 0x6B5C, 0x6B7B, 0x6B5C, 0x6B7B, 0x6B5C, 0x6B7B, 0x6B5B, 0x6B7B, 0x675C, 
    0x6B7B, 0x633A, 0x675B, 0x673B, 0x6B7B, 0x6B5C, 0x6B7B, 0x6B5C, 0x6B7B, 0x6B7C, 0x6B7B, 0x6B7C, 0x6B7B, 0x6B5C, 0x6B7B, 0x6B5C, 
    0x6B7B, 0x6B7C, 0x6B7C, 0x4E96, 0x4652, 0x633A, 0x675B, 0x5F1A, 0x6339, 0x631A, 0x6339, 0x633A, 0x633A, 0x633A, 0x633A, 0x633A, 
    0x6339, 0x633A, 0x675A, 0x5F3A, 0x5295, 0x24E8, 0x2D2A, 0x5AD8, 0x5AF7, 0x4E33, 0x58A3, 0x5C41, 0x5C82, 0x5800, 0x5D07, 0x3508, 
    0x5820, 0x6061, 0x6461, 0x6441, 0x6460, 0x6461, 0x6860, 0x6483, 0x5C40, 0x4C00, 0x5ED7, 0x6BDF, 0x6FBD, 0x5695, 0x3929, 0x1800, 
    0x3529, 0x5F19, 0x6B7C, 0x6B7C, 0x6B7B, 0x6B7C, 0x6B7B, 0x6B7C, 0x6F9C, 0x4233, 0x52B5, 0x77BF, 0x6F7C, 0x6F9D, 0x6F9C, 0x6F7D, 
    0x6F9C, 0x6F7D, 0x6F9C, 0x6F7D, 0x6F9C, 0x6F7D, 0x6F9C, 0x6F7D, 0x6F9C, 0x6F9D, 0x6F9C, 0x6F9D, 0x6F9C, 0x6F7C, 0x6F9C, 0x6F9D, 
    0x6F9C, 0x6F9D, 0x6F9C, 0x6F9D, 0x6F9C, 0x6F9D, 0x6F9C, 0x6F7D, 0x6F9C, 0x6F7D, 0x6F9C, 0x6F9D, 0x6F9C, 0x6F9D, 0x6F9D, 0x6F9D, 
    0x6F9C, 0x6F9D, 0x6F9C, 0x6B7D, 0x6F9C, 0x6F7D, 0x6F9C, 0x6B7D, 0x6F9C, 0x6B9D, 0x6F9C, 0x6B7D, 0x6F9C, 0x6B7D, 0x6F7C, 0x673B, 
    0x6B7B, 0x6B7C, 0x6F9C, 0x6B7C, 0x6F7C, 0x6B7C, 0x6F9C, 0x6B7D, 0x6F7C, 0x6B7C, 0x6F9C, 0x6B7D, 0x6F9C, 0x6B7D, 0x6B7C, 0x675C, 
    0x6F7D, 0x739C, 0x6F9D, 0x739C, 0x6F9D, 0x6F9C, 0x675B, 0x5274, 0x2000, 0x1821, 0x0C01, 0x0800, 0x0400, 0x0800, 0x0801, 0x0C62, 
    0x0000, 0x3DF0, 0x633B, 0x675B, 0x673B, 0x6B5A, 0x675B, 0x6B5A, 0x673B, 0x6B5B, 0x673B, 0x675B, 0x673B, 0x6B5B, 0x673B, 0x675B, 
    0x675B, 0x6B5B, 0x673B, 0x675B, 0x675B, 0x675B, 0x675B, 0x6B5B, 0x673B, 0x6B5B, 0x675B, 0x675B, 0x673B, 0x675B, 0x673B, 0x675A, 
    0x633B, 0x633A, 0x5AD8, 0x5EF8, 0x633A, 0x6B5A, 0x673B, 0x6B5A, 0x675B, 0x675A, 0x673B, 0x6B5B, 0x675B, 0x6B5B, 0x673B, 0x675B, 
    0x673B, 0x675B, 0x673B, 0x675A, 0x673B, 0x675A, 0x673B, 0x673A, 0x631A, 0x6319, 0x631A, 0x675A, 0x675B, 0x6B5B, 0x675B, 0x6B5B, 
    0x675B, 0x6B5B, 0x675B, 0x6B5B, 0x675B, 0x675A, 0x5AF8, 0x56B6, 0x5EF9, 0x675A, 0x675B, 0x6B5B, 0x673B, 0x6B5B, 0x675B, 0x675A, 
    0x631A, 0x6B5A, 0x675B, 0x6B5B, 0x6B5C, 0x6B5B, 0x6B5C, 0x6B7B, 0x6B5C, 0x6B7B, 0x6B5C, 0x6B7B, 0x6B5C, 0x6B7B, 0x6B5C, 0x6B7B, 
    0x6B5C, 0x633A, 0x633A, 0x673A, 0x6B5C, 0x6B7B, 0x6B5C, 0x6B7B, 0x6B5C, 0x6B7B, 0x6B5C, 0x6B7B, 0x6B5C, 0x6B7B, 0x6B5C, 0x6B7B, 
    0x6B5C, 0x6B7B, 0x6B5C, 0x6F7C, 0x5F19, 0x4632, 0x56B7, 0x6B5B, 0x631A, 0x6319, 0x631A, 0x633A, 0x633A, 0x633A, 0x633A, 0x673A, 
    0x633A, 0x675A, 0x633A, 0x633A, 0x5F19, 0x5AD7, 0x56B7, 0x6319, 0x5AD8, 0x5253, 0x54C5, 0x5C40, 0x5862, 0x5861, 0x5C63, 0x4D4A, 
    0x4463, 0x6061, 0x5C41, 0x6061, 0x6041, 0x6461, 0x6461, 0x6860, 0x6463, 0x5C40, 0x4800, 0x56B6, 0x6BBF, 0x6FBE, 0x5AB6, 0x396B, 
    0x5EF8, 0x6F9C, 0x675C, 0x6F7C, 0x6B5C, 0x6B7B, 0x6B7C, 0x6B7B, 0x6B7C, 0x675B, 0x318E, 0x6F7B, 0x739E, 0x6B7C, 0x6F7D, 0x6F9C, 
    0x6F7D, 0x6F9C, 0x6F7D, 0x6F9C, 0x6F7D, 0x6F9C, 0x6F7D, 0x6F9C, 0x6F7D, 0x6F9C, 0x6F7D, 0x6F9C, 0x6F9D, 0x6F9C, 0x6F7D, 0x6F9C, 
    0x6F9D, 0x6F9C, 0x6F7D, 0x6F9C, 0x6F9D, 0x6F9C, 0x6F7D, 0x6F9C, 0x6F9D, 0x6F9C, 0x6F7D, 0x6F9C, 0x6F9D, 0x6F9D, 0x6F9D, 0x6F9D, 
    0x6F9D, 0x6F9C, 0x6F7D, 0x6F9D, 0x6F7D, 0x6F9D, 0x6F9D, 0x6F9C, 0x6F7D, 0x6F9D, 0x6F7D, 0x6F9C, 0x6F7D, 0x6F9D, 0x6F7D, 0x6B7C, 
    0x673B, 0x6F7C, 0x6B7D, 0x6F7C, 0x6B7C, 0x6F7C, 0x6B7D, 0x6F7C, 0x6B5C, 0x6F9C, 0x6B7D, 0x6F9D, 0x6B7D, 0x6F7C, 0x6B7D, 0x6B5C, 
    0x6F9C, 0x6F9D, 0x6F9C, 0x6F9D, 0x6F9C, 0x6B9D, 0x675B, 0x4A75, 0x1400, 0x0C22, 0x0420, 0x0400, 0x0400, 0x0001, 0x0842, 0x0000, 
    0x39EF, 0x633B, 0x675B, 0x675B, 0x6B5A, 0x675B, 0x675A, 0x675B, 0x675B, 0x675B, 0x675A, 0x675B, 0x675A, 0x675B, 0x675A, 0x675B, 
    0x675A, 0x675B, 0x675A, 0x675B, 0x675A, 0x675B, 0x675B, 0x675B, 0x675A, 0x675B, 0x675B, 0x675B, 0x675A, 0x675B, 0x675A, 0x675B, 
    0x675A, 0x633B, 0x5F19, 0x5AD7, 0x5F18, 0x633A, 0x675A, 0x675A, 0x675A, 0x675B, 0x675A, 0x675B, 0x675A, 0x673B, 0x675A, 0x675B, 
    0x675A, 0x675B, 0x675A, 0x675B, 0x675A, 0x633A, 0x675A, 0x633A, 0x6339, 0x631A, 0x633A, 0x675B, 0x675A, 0x675B, 0x6B5B, 0x675B, 
    0x6B7B, 0x675B, 0x6B7A, 0x675B, 0x675A, 0x675A, 0x6339, 0x56D7, 0x5AF7, 0x633A, 0x675A, 0x675B, 0x675A, 0x675B, 0x675A, 0x633A, 
    0x6339, 0x675B, 0x6B7B, 0x675B, 0x6B7B, 0x675B, 0x6B7B, 0x675B, 0x6B7B, 0x675C, 0x6B7B, 0x677C, 0x6B7B, 0x6B5C, 0x6B7B, 0x675B, 
    0x6B7B, 0x633B, 0x6339, 0x675B, 0x6B7B, 0x6B7B, 0x6B7B, 0x6B5B, 0x6B7B, 0x6B7C, 0x6B7B, 0x6B7C, 0x6B7B, 0x6B7B, 0x6B7B, 0x6B7C, 
    0x6B7B, 0x6B7C, 0x6B7B, 0x6B7C, 0x6F9C, 0x677C, 0x4EB5, 0x4653, 0x6339, 0x675B, 0x6339, 0x5F3A, 0x6339, 0x633B, 0x635A, 0x5F19, 
    0x633A, 0x633A, 0x6339, 0x633A, 0x633A, 0x5F19, 0x6339, 0x6319, 0x5AF7, 0x4E74, 0x5506, 0x5420, 0x5481, 0x5462, 0x5400, 0x5509, 
    0x3D29, 0x5000, 0x5C61, 0x5C61, 0x6060, 0x6061, 0x6460, 0x6061, 0x6460, 0x5C62, 0x5C60, 0x4C00, 0x5694, 0x6BBE, 0x6FBD, 0x633A, 
    0x6B7B, 0x675B, 0x6B7B, 0x677C, 0x6B7B, 0x6B7C, 0x6B7B, 0x6B7C, 0x6B7B, 0x6B9C, 0x52D6, 0x4211, 0x77DE, 0x6F9D, 0x6F7C, 0x6B7C, 
    0x6F9C, 0x6B7C, 0x6F9C, 0x6B7C, 0x6F9C, 0x6F9D, 0x6F9C, 0x6F9C, 0x6F9C, 0x6F9D, 0x6F9C, 0x6F9D, 0x6F9C, 0x6F9D, 0x6F9C, 0x6F9D, 
    0x6F9C, 0x6B9C, 0x6F9C, 0x6B9D, 0x6F9C, 0x6B9D, 0x6F9C, 0x6F9D, 0x6F9C, 0x6F9D, 0x6F9C, 0x6F9D, 0x6F9C, 0x6F9D, 0x6F9C, 0x6B7D, 
    0x6F9C, 0x6B9D, 0x6F9C, 0x6B9D, 0x6F9C, 0x6B9D, 0x6F9C, 0x6B9D, 0x6F9C, 0x6B9D, 0x6F9D, 0x6B9D, 0x6F9C, 0x6B9D, 0x6F9C, 0x6B9D, 
    0x675B, 0x675B, 0x6F9C, 0x6B7C, 0x6F9C, 0x6B7C, 0x6F9C, 0x6B7C, 0x6B9C, 0x6B7D, 0x6F9C, 0x6F9D, 0x6F9C, 0x6B9D, 0x6F9C, 0x677C, 
    0x6F7D, 0x739C, 0x6F7D, 0x739D, 0x6F9D, 0x739C, 0x675C, 0x4E74, 0x0000, 0x0822, 0x0401, 0x0400, 0x0401, 0x0842, 0x0000, 0x3DF0, 
    0x633B, 0x675B, 0x673B, 0x6B5B, 0x673B, 0x6B5B, 0x673B, 0x6B5B, 0x673B, 0x6B5B, 0x673B, 0x6B5B, 0x673B, 0x6B5B, 0x673B, 0x6B5B, 
    0x673B, 0x6B5B, 0x673B, 0x6B5B, 0x673B, 0x6B5B, 0x673B, 0x6B5B, 0x673B, 0x6B5B, 0x673B, 0x6B5B, 0x673B, 0x6B5B, 0x673B, 0x6B5B, 
    0x673B, 0x673A, 0x631B, 0x5EF8, 0x5AD8, 0x673A, 0x673B, 0x675A, 0x673B, 0x6B5B, 0x673B, 0x6B5B, 0x673B, 0x6B5A, 0x673B, 0x6B5B, 
    0x673B, 0x6B5B, 0x673B, 0x6B5B, 0x673B, 0x675B, 0x673B, 0x673A, 0x631A, 0x6319, 0x631A, 0x675B, 0x673B, 0x6B5B, 0x675B, 0x6B5B, 
    0x675B, 0x6B5B, 0x675B, 0x6B5B, 0x675B, 0x6B5A, 0x673A, 0x6319, 0x5AD8, 0x6339, 0x673B, 0x673A, 0x673B, 0x675B, 0x673B, 0x6319, 
    0x631A, 0x6B5B, 0x6B5C, 0x6B5B, 0x6B5C, 0x6B5B, 0x6B5C, 0x6B7B, 0x6B5C, 0x6B7C, 0x6B5C, 0x6B7B, 0x6B5C, 0x6B5B, 0x6B5C, 0x6B7B, 
    0x6B5C, 0x6B5B, 0x5EFA, 0x675B, 0x6B5C, 0x6B7B, 0x6B5C, 0x6B7B, 0x6B5C, 0x6F7B, 0x6B5C, 0x6F7C, 0x6B5C, 0x6F7B, 0x6B5C, 0x6F7C, 
    0x6B5C, 0x6B7C, 0x6B5C, 0x6F7C, 0x6B5C, 0x6B7C, 0x6F7D, 0x6319, 0x4653, 0x56B6, 0x631A, 0x6B5B, 0x673B, 0x5EF7, 0x5F19, 0x673A, 
    0x673B, 0x673A, 0x631A, 0x673A, 0x633A, 0x673A, 0x673A, 0x631A, 0x5AD8, 0x5695, 0x512A, 0x5800, 0x5463, 0x5441, 0x5041, 0x5420, 
    0x494C, 0x4D6B, 0x5400, 0x5800, 0x5862, 0x6060, 0x6041, 0x6061, 0x6041, 0x6060, 0x6062, 0x6062, 0x5000, 0x5253, 0x6B9E, 0x73BE, 
    0x6B5C, 0x6B5B, 0x675B, 0x6B5B, 0x6B5C, 0x6B7C, 0x6B7C, 0x6F7C, 0x6B5C, 0x6F7B, 0x6B7D, 0x39D0, 0x5EF8, 0x77DE, 0x6B7D, 0x6F7C, 
    0x6F7D, 0x6F9C, 0x6F7D, 0x6F9C, 0x6F7D, 0x6F9C, 0x6F7D, 0x6F9C, 0x6F7D, 0x6F9C, 0x6F7D, 0x739C, 0x6F7D, 0x739C, 0x6F7D, 0x6F9C, 
    0x6F7D, 0x6F9C, 0x6F7D, 0x6F9C, 0x6F7D, 0x6F9C, 0x6F7D, 0x6F9C, 0x6F7D, 0x6F9C, 0x6F7D, 0x6F9C, 0x6F7D, 0x6F9D, 0x6F7D, 0x6F9D, 
    0x6F7D, 0x6F9D, 0x6F7D, 0x6F7C, 0x6F7D, 0x6F9D, 0x6F7D, 0x6F9D, 0x6F7D, 0x6F9D, 0x6F9E, 0x6F9D, 0x6F7D, 0x6F9D, 0x6F7D, 0x739D, 
    0x6B7D, 0x673B, 0x673C, 0x6F7C, 0x6B7D, 0x6F7C, 0x6B7D, 0x6F7C, 0x6B7D, 0x6F9D, 0x6F7D, 0x6F7D, 0x6B7D, 0x6F9D, 0x6F7D, 0x6F7C, 
    0x6F9C, 0x6F9D, 0x6F9C, 0x6F9D, 0x6F9C, 0x6F9D, 0x6B7B, 0x4A54, 0x0000, 0x0422, 0x0420, 0x0001, 0x0862, 0x0000, 0x39F0, 0x6B7C, 
    0x73BD, 0x675B, 0x675A, 0x675B, 0x675B, 0x675B, 0x675A, 0x675B, 0x675B, 0x675B, 0x6B5B, 0x675B, 0x675B, 0x675B, 0x675B, 0x675B, 
    0x675B, 0x675B, 0x675B, 0x675B, 0x675B, 0x675B, 0x675B, 0x675B, 0x675B, 0x675B, 0x675B, 0x675B, 0x675A, 0x675B, 0x675B, 0x675B, 
    0x675A, 0x633B, 0x675A, 0x631A, 0x5AD6, 0x5AF8, 0x673A, 0x633A, 0x675A, 0x675B, 0x675A, 0x673B, 0x675A, 0x673B, 0x675A, 0x673B, 
    0x675A, 0x673B, 0x675A, 0x675B, 0x675A, 0x673B, 0x675A, 0x631A, 0x673A, 0x631A, 0x673A, 0x673B, 0x675B, 0x675B, 0x6B5B, 0x675B, 
    0x6B5A, 0x675B, 0x6B5B, 0x675B, 0x6B5A, 0x675B, 0x675A, 0x633A, 0x5F18, 0x56D8, 0x673A, 0x673B, 0x675A, 0x673B, 0x675A, 0x5F1A, 
    0x673A, 0x675B, 0x6B5A, 0x675B, 0x6B7B, 0x6B5B, 0x6B7B, 0x6B5B, 0x6B7B, 0x6B5C, 0x6B7B, 0x6B5C, 0x6B7B, 0x6B5C, 0x6B7B, 0x675C, 
    0x6B7B, 0x6B5C, 0x6339, 0x633B, 0x6B7B, 0x6B5B, 0x6B7B, 0x6B5C, 0x6B7B, 0x6B5C, 0x6B7B, 0x6B7C, 0x6B7B, 0x6B7C, 0x6B7B, 0x6B5C, 
    0x6B7B, 0x6B7C, 0x6B7B, 0x6B5C, 0x6B7B, 0x6B5C, 0x6B7B, 0x6B7C, 0x6B7B, 0x56B7, 0x4A52, 0x4E95, 0x56D7, 0x35CF, 0x4631, 0x6B7C, 
    0x675A, 0x633B, 0x675A, 0x673B, 0x675A, 0x633A, 0x673A, 0x633A, 0x5F18, 0x5296, 0x4D8C, 0x5000, 0x5062, 0x5041, 0x5041, 0x5040, 
    0x5000, 0x4D6B, 0x51CD, 0x54A5, 0x5800, 0x5862, 0x5C60, 0x5C41, 0x5C60, 0x5C41, 0x6060, 0x5C62, 0x5C83, 0x4C00, 0x4E31, 0x637D, 
    0x73DE, 0x6F9D, 0x6B7B, 0x6B5C, 0x6B7B, 0x675B, 0x6B7B, 0x6B5C, 0x6B7B, 0x6B7C, 0x6F9C, 0x5F1A, 0x31AD, 0x6F9D, 0x739D, 0x6B7C, 
    0x6F9C, 0x6F7D, 0x6F9C, 0x6B7C, 0x6F9C, 0x6F7D, 0x6F9C, 0x6F7D, 0x6F9C, 0x6F7D, 0x6F9C, 0x6F9D, 0x6F9C, 0x6F7D, 0x6F9C, 0x6F9D, 
    0x6F9C, 0x6B7D, 0x6F9C, 0x6F9D, 0x6F9C, 0x6F7D, 0x6F9C, 0x6F7D, 0x6F9C, 0x6B7C, 0x6F9C, 0x6B7D, 0x6F9C, 0x6F9D, 0x6F9C, 0x6F9D, 
    0x6F9C, 0x6F9D, 0x6F9C, 0x6B7D, 0x6F9C, 0x6B9D, 0x6F9C, 0x6B9D, 0x6F9D, 0x6F9D, 0x6B7C, 0x6B7C, 0x6F9D, 0x6F9D, 0x6F9C, 0x6B9D, 
    0x6F9D, 0x6B7D, 0x673B, 0x675C, 0x6B7C, 0x6B7D, 0x6F9C, 0x6B7D, 0x6F9C, 0x6B7D, 0x6F9C, 0x6B7C, 0x6F7C, 0x6F7D, 0x6F9C, 0x6B7D, 
    0x6F9D, 0x739D, 0x6F7D, 0x6F9D, 0x6F9D, 0x6F9D, 0x675C, 0x4A53, 0x0000, 0x0842, 0x0001, 0x0842, 0x0000, 0x318D, 0x4E75, 0x35CE, 
    0x5295, 0x6B7C, 0x673B, 0x6B5A, 0x675B, 0x6B5B, 0x675B, 0x6B5B, 0x675B, 0x6B5B, 0x675B, 0x6B5B, 0x675B, 0x6B5B, 0x675B, 0x6B5B, 
    0x675B, 0x6B5B, 0x675B, 0x6B5B, 0x675B, 0x675B, 0x675B, 0x6B5B, 0x675B, 0x6B5B, 0x675B, 0x6B5B, 0x675B, 0x6B5B, 0x675B, 0x675B, 
    0x673B, 0x675B, 0x673B, 0x673A, 0x631A, 0x5AD7, 0x5EF9, 0x673A, 0x633A, 0x675A, 0x673B, 0x675A, 0x673B, 0x675A, 0x673B, 0x675B, 
    0x673B, 0x675A, 0x673B, 0x675A, 0x673B, 0x675A, 0x673B, 0x673A, 0x633A, 0x673A, 0x631A, 0x675B, 0x673B, 0x6B5B, 0x675B, 0x6B5B, 
    0x675B, 0x6B5B, 0x675B, 0x6B5B, 0x675B, 0x675A, 0x673B, 0x675A, 0x633A, 0x56D7, 0x5AF9, 0x675A, 0x673B, 0x675A, 0x633B, 0x6319, 
    0x673B, 0x6B5B, 0x675B, 0x6B5B, 0x6B5B, 0x6B7B, 0x6B5C, 0x6B7B, 0x6B5C, 0x6B7B, 0x6B5C, 0x6B7B, 0x6B5C, 0x6B7B, 0x6B5C, 0x6B7B, 
    0x6B5C, 0x6B7B, 0x633B, 0x673A, 0x675C, 0x6B7B, 0x6B5C, 0x6B7B, 0x6B5C, 0x6B7B, 0x6B5C, 0x6B7B, 0x6B5C, 0x6F7C, 0x6B5C, 0x6B7B, 
    0x6B5C, 0x6B7C, 0x6B5C, 0x6B7C, 0x6B5C, 0x6B7C, 0x6B5C, 0x6B7B, 0x6B5C, 0x6F7C, 0x675B, 0x5EF8, 0x4233, 0x294A, 0x4633, 0x675A, 
    0x6B7C, 0x673A, 0x633A, 0x6B5A, 0x673B, 0x675A, 0x673A, 0x673A, 0x5AF8, 0x52B6, 0x49AE, 0x4C00, 0x4C63, 0x4C41, 0x4C41, 0x5041, 
    0x4C42, 0x5000, 0x48E8, 0x51EE, 0x554A, 0x5400, 0x5420, 0x5861, 0x5841, 0x5C60, 0x5C41, 0x6060, 0x5C42, 0x5C83, 0x5000, 0x4DCF, 
    0x631A, 0x6F9C, 0x73BE, 0x6B7B, 0x6B5C, 0x6B7B, 0x6B5C, 0x6B7B, 0x6B7C, 0x6B7B, 0x6B7C, 0x6F9C, 0x4655, 0x4E73, 0x77BE, 0x6F9C, 
    0x6F7D, 0x6F9C, 0x6F7D, 0x6F9C, 0x6F7D, 0x6F9C, 0x6F7D, 0x6F9C, 0x6F7D, 0x6F9C, 0x6F7D, 0x6F9C, 0x6F7D, 0x6F9C, 0x6F7D, 0x6F9C, 
    0x6F7D, 0x6F9C, 0x6F7D, 0x6F9C, 0x6F7D, 0x6F9C, 0x6F7D, 0x6F9C, 0x6F7D, 0x6F9C, 0x6F7D, 0x6F9D, 0x6F7D, 0x6F9C, 0x6F7D, 0x6F9C, 
    0x6F7D, 0x6F9C, 0x6F7D, 0x6F9D, 0x6B7D, 0x6F9C, 0x6F7D, 0x6F9C, 0x6F7D, 0x6F9D, 0x6B7C, 0x6F9C, 0x6F9D, 0x6F9D, 0x6F7D, 0x6F9D, 
    0x6F7D, 0x6F9D, 0x675C, 0x675B, 0x6B5C, 0x6B7C, 0x6B7D, 0x6F9C, 0x6B7D, 0x6F7C, 0x675C, 0x6B7C, 0x6F7D, 0x739D, 0x6F7D, 0x6B7C, 
    0x73BC, 0x6F9C, 0x73BC, 0x73BD, 0x77BD, 0x73BD, 0x6B7B, 0x39F0, 0x0000, 0x0443, 0x0841, 0x0000, 0x31CE, 0x56F8, 0x39CF, 0x0000, 
    0x35CE, 0x675B, 0x675A, 0x675B, 0x675A, 0x675B, 0x675A, 0x675B, 0x677B, 0x675B, 0x675A, 0x675B, 0x675B, 0x675B, 0x675B, 0x675B, 
    0x675B, 0x675B, 0x675B, 0x675B, 0x675A, 0x675B, 0x675B, 0x675B, 0x675B, 0x675B, 0x675B, 0x675B, 0x675B, 0x675B, 0x675A, 0x675B, 
    0x675A, 0x633B, 0x675A, 0x633A, 0x635A, 0x631A, 0x56D7, 0x5F19, 0x675A, 0x673A, 0x675A, 0x675B, 0x675A, 0x675B, 0x675A, 0x675B, 
    0x675A, 0x673B, 0x675A, 0x633B, 0x675A, 0x633A, 0x675A, 0x633A, 0x675A, 0x633A, 0x6339, 0x633B, 0x675A, 0x675B, 0x6B5B, 0x675B, 
    0x675B, 0x675B, 0x6B7A, 0x675B, 0x675A, 0x675B, 0x675A, 0x675B, 0x675A, 0x5F19, 0x52B6, 0x5F19, 0x675A, 0x633A, 0x6339, 0x5F19, 
    0x675A, 0x675A, 0x675A, 0x675B, 0x6B7B, 0x6B5B, 0x6B7B, 0x675B, 0x6B7B, 0x675C, 0x6B7B, 0x675B, 0x6B7B, 0x6B5C, 0x6B7B, 0x675B, 
    0x6B7B, 0x675C, 0x675A, 0x5F19, 0x675A, 0x675C, 0x6B7B, 0x6B7C, 0x6B7B, 0x6B7C, 0x6B7B, 0x6B5B, 0x6B7B, 0x6B7C, 0x6B7B, 0x6B7C, 
    0x6B7B, 0x6B7C, 0x6B7B, 0x6B7C, 0x6B7B, 0x6B7C, 0x6B7B, 0x6B7C, 0x6B7B, 0x6B5B, 0x6B7B, 0x6B7C, 0x6B7B, 0x5AF8, 0x56D7, 0x52B7, 
    0x56D6, 0x6319, 0x675A, 0x675B, 0x675A, 0x675B, 0x675A, 0x633A, 0x5AF7, 0x4E96, 0x49EF, 0x4400, 0x4862, 0x4841, 0x4860, 0x4841, 
    0x4C40, 0x4C62, 0x4C00, 0x4800, 0x4DAB, 0x51AD, 0x5083, 0x5000, 0x5881, 0x5841, 0x5C60, 0x5841, 0x5C60, 0x5841, 0x5C82, 0x5400, 
    0x4400, 0x3D4B, 0x6B7B, 0x77DE, 0x6F7B, 0x675B, 0x6B7B, 0x675B, 0x6B9B, 0x6B7C, 0x6B7B, 0x6B7C, 0x6B7B, 0x35D0, 0x6759, 0x6F9E, 
    0x6F9C, 0x6B7C, 0x6F9C, 0x6B7C, 0x6F9C, 0x6B9C, 0x6F9C, 0x6B7D, 0x6F9C, 0x6F9D, 0x6F9C, 0x6F9D, 0x6F9C, 0x6B7C, 0x6F9C, 0x6F9D, 
    0x6F9C, 0x6B9D, 0x6F9C, 0x6F9D, 0x6F9C, 0x6F9D, 0x6F9C, 0x6B9D, 0x6F9C, 0x6F9D, 0x6F9D, 0x6F9D, 0x6F9C, 0x6B9D, 0x6F9C, 0x6B9D, 
    0x6F9C, 0x6B9D, 0x6F9C, 0x6B7D, 0x6F9D, 0x6F9D, 0x6F9C, 0x6B9D, 0x6F9C, 0x6F9D, 0x6F9C, 0x6B7C, 0x6F9C, 0x6B7C, 0x6F9C, 0x6B9D, 
    0x6F9C, 0x6B9D, 0x6F9C, 0x677C, 0x6B7C, 0x6B9D, 0x6F9D, 0x6FBD, 0x6F9C, 0x6F9D, 0x73BD, 0x73BE, 0x77DE, 0x77DE, 0x77DD, 0x6F9D, 
    0x56B7, 0x56B6, 0x5275, 0x5AB5, 0x5AB7, 0x5ED7, 0x5276, 0x294B, 0x0000, 0x0842, 0x0000, 0x39D0, 0x631A, 0x675B, 0x5AD7, 0x4E74, 
    0x5EF9, 0x6B5B, 0x673B, 0x6B5B, 0x675B, 0x6B5B, 0x675B, 0x6B5B, 0x675C, 0x6B5B, 0x675B, 0x6B5B, 0x675B, 0x6B5B, 0x675C, 0x6B5B, 
    0x675C, 0x6B5B, 0x673C, 0x6B5B, 0x673B, 0x6B5B, 0x675B, 0x6B5B, 0x673B, 0x6B5B, 0x673B, 0x6B5B, 0x673B, 0x6B5B, 0x673B, 0x6B5B, 
    0x673B, 0x675A, 0x673B, 0x675A, 0x673B, 0x673B, 0x631A, 0x5AD7, 0x631A, 0x675A, 0x673B, 0x675A, 0x673B, 0x6B5B, 0x673B, 0x6B5B, 
    0x673B, 0x675A, 0x673B, 0x673A, 0x673B, 0x673A, 0x673B, 0x673A, 0x673B, 0x673A, 0x631A, 0x673A, 0x673B, 0x6B5B, 0x6B5C, 0x6B5B, 
    0x675B, 0x6B5B, 0x675B, 0x6B5B, 0x675B, 0x6B5B, 0x675B, 0x6B5B, 0x673B, 0x675A, 0x5AD8, 0x56D7, 0x631A, 0x673A, 0x5EF9, 0x6319, 
    0x673B, 0x673A, 0x673B, 0x6B5B, 0x6B5C, 0x6B7B, 0x6B5C, 0x6B7B, 0x6B5C, 0x6B7B, 0x6B5C, 0x6B7B, 0x6B5C, 0x6B5B, 0x6B5C, 0x6B7C, 
    0x6B5C, 0x6B5B, 0x675C, 0x673A, 0x633B, 0x6B5B, 0x6B5C, 0x6B7B, 0x6B5C, 0x6B7B, 0x6B5C, 0x6B7B, 0x6B5C, 0x6F7C, 0x6B5C, 0x6F7C, 
    0x6B5C, 0x6F7C, 0x6B5C, 0x6F7C, 0x6B5C, 0x6F7C, 0x6B5C, 0x6B7B, 0x6B5C, 0x6F7B, 0x6B5C, 0x6B5B, 0x6B5B, 0x6B7B, 0x673B, 0x5F19, 
    0x5296, 0x4211, 0x56B6, 0x6B5B, 0x673C, 0x6B5B, 0x673B, 0x673A, 0x5AD8, 0x4E95, 0x41AE, 0x3800, 0x4043, 0x4441, 0x4421, 0x4841, 
    0x4821, 0x4C40, 0x4C42, 0x4C20, 0x4800, 0x5128, 0x55CE, 0x5128, 0x5000, 0x5840, 0x5842, 0x5C40, 0x5841, 0x5C40, 0x5841, 0x5C62, 
    0x5484, 0x4400, 0x352C, 0x633B, 0x77DF, 0x739C, 0x675B, 0x6B7B, 0x6B5C, 0x6B7B, 0x6B7C, 0x6F7C, 0x6F7D, 0x5EF8, 0x4613, 0x739D, 
    0x6F7D, 0x6F7C, 0x6F7D, 0x6F9C, 0x6F7D, 0x6F9C, 0x6F7D, 0x6F9C, 0x6F7D, 0x6F9C, 0x6F7D, 0x6F9C, 0x6F7D, 0x6F7C, 0x6F7D, 0x739D, 
    0x6F7D, 0x6F9C, 0x6F7D, 0x6F9C, 0x6F7D, 0x6F9D, 0x6F7D, 0x6F9C, 0x6F7D, 0x6F9D, 0x6F9D, 0x6F9D, 0x6F7D, 0x6F9D, 0x6F7D, 0x6F9D, 
    0x6F7D, 0x6F9D, 0x6F7D, 0x6F9D, 0x56B7, 0x5EF8, 0x6F7D, 0x6F9D, 0x6F7D, 0x6F9D, 0x6F7D, 0x6F9C, 0x6F7C, 0x6F9C, 0x6F7D, 0x6F9D, 
    0x6B7D, 0x6F9C, 0x6F9E, 0x675B, 0x4A54, 0x4210, 0x4A53, 0x5294, 0x52B6, 0x4E74, 0x4211, 0x5294, 0x56B6, 0x5AD6, 0x56B6, 0x4A53, 
    0x6F9D, 0x6F7D, 0x6F7C, 0x6B7C, 0x6B7C, 0x6B7C, 0x633A, 0x39F1, 0x0000, 0x0000, 0x3DF0, 0x633B, 0x6B5B, 0x673B, 0x675A, 0x675B, 
    0x6B5B, 0x675B, 0x6B5A, 0x675B, 0x6B5B, 0x675B, 0x6B5B, 0x675B, 0x6B5B, 0x675B, 0x6B5B, 0x675B, 0x6B5B, 0x675B, 0x6B5B, 0x675B, 
    0x675B, 0x675B, 0x675B, 0x675B, 0x6B5B, 0x675B, 0x6B5B, 0x675B, 0x6B5B, 0x675B, 0x6B5B, 0x675B, 0x675B, 0x675B, 0x675B, 0x675B, 
    0x675A, 0x673B, 0x675A, 0x633B, 0x675A, 0x633B, 0x675B, 0x5F19, 0x5AD7, 0x631A, 0x675A, 0x673B, 0x675A, 0x673B, 0x675B, 0x675B, 
    0x675B, 0x675B, 0x675A, 0x673B, 0x675A, 0x633A, 0x675A, 0x673B, 0x673A, 0x673A, 0x673A, 0x633A, 0x675A, 0x675B, 0x6B5B, 0x675B, 
    0x6B5B, 0x675B, 0x6B5B, 0x675B, 0x6B5A, 0x675B, 0x6B5A, 0x675B, 0x6B5A, 0x675B, 0x6339, 0x56D7, 0x5AD7, 0x5F19, 0x5AF8, 0x5EF9, 
    0x675A, 0x675B, 0x6B7B, 0x6B5B, 0x6B7B, 0x6B5B, 0x6B7B, 0x6B5C, 0x6B7B, 0x6B5C, 0x6B7B, 0x6B5C, 0x6B7B, 0x6B5C, 0x6B7B, 0x6B5C, 
    0x6B7B, 0x675C, 0x6B7C, 0x633B, 0x675A, 0x675B, 0x6B7B, 0x6B5C, 0x6B7B, 0x6B5C, 0x6B7B, 0x6B5C, 0x6B7B, 0x6B7C, 0x6B7B, 0x6B7C, 
    0x6B7B, 0x6B7C, 0x6B7B, 0x6B5C, 0x6B7B, 0x6B5C, 0x6B7B, 0x6B7C, 0x6B7B, 0x6B5C, 0x6B7B, 0x6B5C, 0x6B7B, 0x675B, 0x6B7B, 0x675B, 
    0x5F18, 0x56D7, 0x4A53, 0x5AF9, 0x6B5B, 0x675B, 0x675A, 0x633A, 0x56D7, 0x4A54, 0x2928, 0x1800, 0x2841, 0x3441, 0x4041, 0x4041, 
    0x4840, 0x4841, 0x4C40, 0x4841, 0x4C62, 0x4800, 0x4C83, 0x51AC, 0x518B, 0x5020, 0x5400, 0x5462, 0x5840, 0x5840, 0x5840, 0x5441, 
    0x5461, 0x4C83, 0x4400, 0x30EA, 0x5B19, 0x77DE, 0x73BC, 0x6B5C, 0x6B7B, 0x6B7C, 0x6B7C, 0x6B7C, 0x6F9C, 0x5F19, 0x294A, 0x6B7C, 
    0x6F9C, 0x6F7C, 0x6F9C, 0x6F7C, 0x6F9C, 0x6F7D, 0x6F9C, 0x6F7D, 0x6F9C, 0x6B7D, 0x6F9C, 0x6B7D, 0x6F9C, 0x6F7D, 0x6F9C, 0x6F9D, 
    0x6F9C, 0x6F7D, 0x6F9C, 0x6F9D, 0x6F9C, 0x6F9D, 0x6F9C, 0x6F9D, 0x6F9C, 0x6F7D, 0x6F9C, 0x6B7C, 0x6F9C, 0x6F9D, 0x6F9D, 0x6B7D, 
    0x6F9C, 0x6F9D, 0x6F9C, 0x6F9D, 0x5F19, 0x5EF9, 0x6F9C, 0x6B7D, 0x6F9C, 0x6F7D, 0x6F9C, 0x6F7D, 0x6F9C, 0x6F7D, 0x6F9C, 0x6B9D, 
    0x6F9C, 0x6F9E, 0x5AF7, 0x52B6, 0x6B5B, 0x5F19, 0x6339, 0x633B, 0x6B7B, 0x631A, 0x5EF8, 0x633A, 0x675B, 0x675C, 0x6B5B, 0x5F19, 
    0x6F9D, 0x739D, 0x6F9D, 0x739D, 0x6F9D, 0x6F9C, 0x675C, 0x4212, 0x0000, 0x2DAF, 0x633B, 0x6B5B, 0x675C, 0x6B5B, 0x675B, 0x6B5B, 
    0x675B, 0x6B5B, 0x675B, 0x6B5B, 0x675B, 0x6B5B, 0x675B, 0x675B, 0x675B, 0x6B5B, 0x675C, 0x6B5B, 0x675B, 0x6B5B, 0x675B, 0x6B5B, 
    0x675B, 0x6B5B, 0x675C, 0x6B5B, 0x675C, 0x6B5B, 0x675B, 0x6B5B, 0x675B, 0x6B5B, 0x675B, 0x6B5B, 0x673B, 0x6B5B, 0x673B, 0x675A, 
    0x673B, 0x675A, 0x673B, 0x675A, 0x673B, 0x675A, 0x633B, 0x673A, 0x5F19, 0x5AD7, 0x5F19, 0x675A, 0x673B, 0x675B, 0x673B, 0x6B5B, 
    0x673B, 0x6B5B, 0x673B, 0x675B, 0x673B, 0x673A, 0x633A, 0x675A, 0x673B, 0x675A, 0x673B, 0x673A, 0x673B, 0x6B5B, 0x675B, 0x6B5B, 
    0x675B, 0x6B5B, 0x675B, 0x6B5A, 0x675B, 0x6B5B, 0x675B, 0x6B5A, 0x675B, 0x6B5B, 0x673B, 0x5AD7, 0x52B7, 0x56D7, 0x5AD8, 0x5F19, 
    0x673B, 0x6B5B, 0x6B5B, 0x6B5B, 0x6B5B, 0x6B7B, 0x6B5C, 0x6B7B, 0x6B5C, 0x6B7B, 0x6B5C, 0x6B7B, 0x6B5C, 0x6B7B, 0x6B5C, 0x6B7B, 
    0x6B5C, 0x6B7B, 0x6B5C, 0x6B7B, 0x633B, 0x6B5B, 0x675B, 0x6B7B, 0x6B5C, 0x6B7B, 0x6B5C, 0x6B7C, 0x6B5C, 0x6B7B, 0x6B5C, 0x6B7C, 
    0x6B5C, 0x6B7C, 0x6B5C, 0x6B7C, 0x6B5C, 0x6B7C, 0x6B5C, 0x6B7C, 0x6B5C, 0x6B7B, 0x6B5C, 0x6B7B, 0x6B5C, 0x6B7B, 0x6B5C, 0x6B7B, 
    0x675B, 0x675A, 0x633B, 0x4653, 0x39F0, 0x6B5A, 0x673B, 0x6319, 0x56B7, 0x4211, 0x0000, 0x1042, 0x0801, 0x1421, 0x2822, 0x3C41, 
    0x4441, 0x4841, 0x4841, 0x4C40, 0x4C21, 0x4C62, 0x4C00, 0x4C00, 0x4D2A, 0x55CD, 0x50E7, 0x5000, 0x5441, 0x5440, 0x5421, 0x5840, 
    0x5441, 0x5040, 0x4C64, 0x4400, 0x38C7, 0x5AF9, 0x73BE, 0x77BD, 0x6B5B, 0x6B7B, 0x6B5C, 0x6B7B, 0x6F7D, 0x39CF, 0x4633, 0x739D, 
    0x6F7D, 0x6F9C, 0x6F7D, 0x6F9C, 0x6F7D, 0x6F9C, 0x6F7D, 0x6F9C, 0x6F7D, 0x6F9C, 0x6F7D, 0x6F9C, 0x6F7D, 0x6F9C, 0x6F7D, 0x6F9C, 
    0x6F7D, 0x6F9C, 0x6F7D, 0x6F9C, 0x6F7D, 0x6F9C, 0x6F7D, 0x6F9C, 0x6F7D, 0x6F9C, 0x6F7D, 0x6F9C, 0x6B7D, 0x6F9C, 0x6B7D, 0x6F9C, 
    0x6F7D, 0x6F9D, 0x6F7D, 0x6F9D, 0x6F9D, 0x6F9D, 0x6B7C, 0x6F9C, 0x6F7D, 0x6F9C, 0x6F7D, 0x6F9C, 0x6B7D, 0x6F9C, 0x6F7D, 0x6F7C, 
    0x6F7D, 0x675A, 0x5AD8, 0x6F7C, 0x6F7D, 0x739D, 0x6F7D, 0x6F9C, 0x6F7C, 0x739C, 0x6F9D, 0x739D, 0x6F9D, 0x73BD, 0x739E, 0x6F9D, 
    0x6F9C, 0x6F9D, 0x6F9C, 0x6F9D, 0x6F9C, 0x6B9D, 0x677B, 0x3E12, 0x0000, 0x3A13, 0x6B7C, 0x675B, 0x6B7B, 0x675B, 0x6B7B, 0x675B, 
    0x6B5B, 0x675B, 0x6B7B, 0x675B, 0x6B5B, 0x675B, 0x677B, 0x675B, 0x677B, 0x675B, 0x675B, 0x675B, 0x6B7B, 0x675B, 0x675B, 0x675B, 
    0x677B, 0x675B, 0x675B, 0x675B, 0x677B, 0x675B, 0x675B, 0x675B, 0x675A, 0x675B, 0x675A, 0x675B, 0x675A, 0x675B, 0x675A, 0x675B, 
    0x675A, 0x633B, 0x675A, 0x633A, 0x675A, 0x633B, 0x675A, 0x633B, 0x675A, 0x5F19, 0x5AD6, 0x5F18, 0x675A, 0x675B, 0x675A, 0x675B, 
    0x675B, 0x675B, 0x675B, 0x675B, 0x675A, 0x633A, 0x675A, 0x633A, 0x675A, 0x675B, 0x675A, 0x675B, 0x675A, 0x675B, 0x6B5B, 0x675B, 
    0x6B7B, 0x675B, 0x6B7B, 0x675B, 0x6B7B, 0x675B, 0x6B7B, 0x675B, 0x6B7B, 0x675B, 0x675A, 0x5AF8, 0x56D6, 0x52B6, 0x5AF7, 0x5F3A, 
    0x675A, 0x675B, 0x6B7B, 0x675B, 0x6B7B, 0x6B5B, 0x6B7B, 0x6B5B, 0x6B7B, 0x6B5B, 0x6B7B, 0x6B5C, 0x6B7B, 0x677B, 0x6B7B, 0x677C, 
    0x6B7B, 0x677C, 0x6B7B, 0x677C, 0x675A, 0x633A, 0x675A, 0x675B, 0x6B7B, 0x6B7C, 0x6B7B, 0x6B7C, 0x6B7B, 0x6B7C, 0x6B7B, 0x6B7C, 
    0x6B7B, 0x6B7C, 0x6B7B, 0x6B7C, 0x6B7B, 0x6B7C, 0x6B7B, 0x6B7C, 0x6B7B, 0x6B7C, 0x6B7B, 0x6B7B, 0x6B7B, 0x677B, 0x6B7B, 0x675B, 
    0x6B7B, 0x675B, 0x675B, 0x5AF8, 0x318E, 0x56D6, 0x77DD, 0x5AF8, 0x56D6, 0x296C, 0x0000, 0x0000, 0x0841, 0x0000, 0x0020, 0x1C22, 
    0x3441, 0x4021, 0x4841, 0x4841, 0x4C40, 0x4841, 0x4C41, 0x4842, 0x4800, 0x48A5, 0x51CC, 0x4D6A, 0x5000, 0x5000, 0x5061, 0x5040, 
    0x5040, 0x4C41, 0x4C40, 0x4884, 0x4000, 0x45F1, 0x571B, 0x6B9C, 0x77DD, 0x6B7B, 0x6B7B, 0x6F9D, 0x5AF6, 0x18E9, 0x6F9C, 0x6F9D, 
    0x6F9C, 0x6B7C, 0x6F9C, 0x6B9C, 0x6F9C, 0x6B7C, 0x6F9C, 0x6B9C, 0x6F9C, 0x6B9D, 0x6F9C, 0x6B9D, 0x6F9C, 0x6B9D, 0x6F9C, 0x6B7C, 
    0x6F9C, 0x6B9C, 0x6F9C, 0x6F9D, 0x6F9C, 0x6F9C, 0x6F9C, 0x6F9D, 0x6F9C, 0x6B9C, 0x6F9C, 0x6B7D, 0x6F9C, 0x6B7D, 0x6F9C, 0x6F7D, 
    0x6F9C, 0x6F9D, 0x6F9C, 0x6B9D, 0x6F9C, 0x6B7D, 0x6F9C, 0x6B7C, 0x6F9C, 0x6B7C, 0x6F9C, 0x6F9D, 0x6F9C, 0x6B7C, 0x6F9C, 0x6F9D, 
    0x675A, 0x5295, 0x6F9C, 0x6B9D, 0x6F9C, 0x6B7C, 0x6F9C, 0x6B7C, 0x6F9C, 0x6B7D, 0x6F9C, 0x6F9D, 0x6F9C, 0x6F9D, 0x6F9C, 0x6F9D, 
    0x6F9D, 0x739D, 0x6F7D, 0x739D, 0x6F9D, 0x6F9D, 0x675C, 0x4212, 0x0000, 0x3A13, 0x675C, 0x6B5B, 0x675B, 0x6B5B, 0x675C, 0x6B5B, 
    0x6B5C, 0x6B5B, 0x675C, 0x6B5B, 0x6B5B, 0x6B5B, 0x675C, 0x6B5B, 0x675C, 0x6B5B, 0x675C, 0x6B5B, 0x6B5C, 0x6B5B, 0x6B5C, 0x6B5B, 
    0x675C, 0x6B5B, 0x675C, 0x6B5B, 0x675C, 0x6B5B, 0x675C, 0x6B5B, 0x673B, 0x6B5B, 0x673B, 0x6B5B, 0x673B, 0x6B5B, 0x673B, 0x6B5B, 
    0x673B, 0x675B, 0x673B, 0x673A, 0x673B, 0x675B, 0x673B, 0x673A, 0x673B, 0x673A, 0x5AD8, 0x56B6, 0x5EF8, 0x673A, 0x673B, 0x6B5B, 
    0x673B, 0x6B5B, 0x673B, 0x6B5B, 0x673B, 0x6B5B, 0x673B, 0x675B, 0x673B, 0x6B5B, 0x673B, 0x6B5B, 0x673B, 0x6B5B, 0x675C, 0x6B5B, 
    0x675B, 0x6B5B, 0x6B5C, 0x6B5B, 0x6B5C, 0x6B5B, 0x675B, 0x6B5B, 0x675B, 0x6B5B, 0x675B, 0x5F19, 0x5296, 0x52B6, 0x52B7, 0x6319, 
    0x673B, 0x6B5B, 0x6B5C, 0x6B5B, 0x6B5C, 0x6B7B, 0x6B5C, 0x6B7B, 0x6B5C, 0x6B7B, 0x6B5C, 0x6B7B, 0x6B5C, 0x6B7B, 0x6B5C, 0x6B7B, 
    0x6B5C, 0x6B7B, 0x6B5C, 0x6B7C, 0x675C, 0x673A, 0x673B, 0x673A, 0x6B5C, 0x6B7B, 0x6B5C, 0x6B7C, 0x6B5C, 0x6B7C, 0x6B5C, 0x6F7C, 
    0x6B5C, 0x6B7C, 0x6B5C, 0x6B7C, 0x6B5C, 0x6B7C, 0x6B5C, 0x6F7C, 0x6B5C, 0x6F7B, 0x6B5C, 0x6F7B, 0x6B5C, 0x6B7B, 0x6B5C, 0x6B7B, 
    0x6B5C, 0x6B5B, 0x675C, 0x6B7B, 0x631A, 0x5295, 0x6F7C, 0x6F7C, 0x4A54, 0x0000, 0x0822, 0x318F, 0x18C9, 0x0000, 0x0422, 0x0000, 
    0x1001, 0x3084, 0x4442, 0x4C40, 0x4842, 0x4C41, 0x4C21, 0x5040, 0x4C42, 0x4C00, 0x4800, 0x516B, 0x518C, 0x5083, 0x4C00, 0x5062, 
    0x5021, 0x5041, 0x4C41, 0x4C41, 0x4863, 0x4440, 0x4A13, 0x52DA, 0x675C, 0x7BDD, 0x6F7D, 0x6B5B, 0x1CC7, 0x5EF8, 0x73BF, 0x6F9D, 
    0x6F7D, 0x6F9C, 0x6F7D, 0x6F9C, 0x6F7D, 0x6F9C, 0x6F7D, 0x6F9C, 0x6F7D, 0x6F9C, 0x6F7D, 0x6F9C, 0x6F7D, 0x6F9C, 0x6F7D, 0x6F9C, 
    0x6F7D, 0x6F9C, 0x6F7D, 0x6F7C, 0x6F7D, 0x6F9C, 0x6F7D, 0x739C, 0x6F7D, 0x6F9C, 0x6F7D, 0x6F9D, 0x6F7D, 0x6F9C, 0x6F7D, 0x6F9D, 
    0x6F7D, 0x6F9D, 0x6F7D, 0x6F9D, 0x6F7D, 0x6F9D, 0x6F7D, 0x6F9D, 0x6F7D, 0x6F9C, 0x6F7D, 0x6F9C, 0x6F7D, 0x6F9C, 0x6F7D, 0x6F7C, 
    0x5AB7, 0x6F7C, 0x6F7D, 0x6F7C, 0x6F7D, 0x6F7C, 0x6F7D, 0x6F9C, 0x6F7D, 0x739D, 0x6F7D, 0x6F9D, 0x6F7D, 0x739D, 0x6F9D, 0x739D, 
    0x6F9D, 0x6F9D, 0x6F9D, 0x6F9D, 0x6F9C, 0x6F9D, 0x6B7C, 0x3E12, 0x0000, 0x3613, 0x6B7C, 0x675B, 0x6B7B, 0x675B, 0x6B5B, 0x675B, 
    0x6B7B, 0x675B, 0x6B5B, 0x675B, 0x6B5B, 0x675B, 0x6B7B, 0x675B, 0x6B7B, 0x675B, 0x6B7B, 0x675C, 0x6B7B, 0x675B, 0x6B7B, 0x675C, 
    0x6B5B, 0x675B, 0x6B7B, 0x675C, 0x6B5B, 0x675B, 0x6B5B, 0x675B, 0x675B, 0x675B, 0x675A, 0x675B, 0x675A, 0x675B, 0x675A, 0x673B, 
    0x675A, 0x673B, 0x675A, 0x673B, 0x675A, 0x673B, 0x675A, 0x673B, 0x675A, 0x633A, 0x6318, 0x52B6, 0x56D6, 0x5F19, 0x675A, 0x673B, 
    0x675B, 0x675B, 0x675B, 0x675B, 0x675B, 0x675B, 0x675B, 0x675B, 0x6B5B, 0x675B, 0x675B, 0x675B, 0x675A, 0x675B, 0x6B5B, 0x675B, 
    0x6B7B, 0x675B, 0x6B7B, 0x675B, 0x6B7B, 0x675B, 0x6B7B, 0x675B, 0x6B5B, 0x675B, 0x675B, 0x633A, 0x52B5, 0x4E96, 0x52B6, 0x56D7, 
    0x675B, 0x675B, 0x6B7B, 0x6B5B, 0x6B7B, 0x6B5C, 0x6B7B, 0x6B5C, 0x6B7B, 0x6B5C, 0x6B7B, 0x6B5C, 0x6B7B, 0x675C, 0x6B7B, 0x675C, 
    0x6B7B, 0x675C, 0x6B7B, 0x675C, 0x6B7B, 0x635B, 0x675B, 0x633B, 0x675A, 0x6B5C, 0x6B7B, 0x6B7C, 0x6B7B, 0x6B5C, 0x6B7B, 0x6B5C, 
    0x6B7B, 0x6B5C, 0x6B7B, 0x6B5C, 0x6B7B, 0x6B5C, 0x6B7C, 0x6B5C, 0x6B7B, 0x6B5C, 0x6B7B, 0x6B5C, 0x6B7B, 0x6B5C, 0x6B7B, 0x6B5C, 
    0x6B7B, 0x675B, 0x6B7B, 0x675C, 0x6B7B, 0x673B, 0x5EF8, 0x5F19, 0x254A, 0x0000, 0x3E11, 0x4675, 0x1D08, 0x0000, 0x0000, 0x14A7, 
    0x294A, 0x292A, 0x30E6, 0x4063, 0x4C40, 0x4C41, 0x4C41, 0x4C41, 0x5040, 0x4C41, 0x4C41, 0x4800, 0x4D06, 0x51AD, 0x5148, 0x4C00, 
    0x5040, 0x4C41, 0x5040, 0x4C41, 0x4C61, 0x4C41, 0x4800, 0x4613, 0x52F9, 0x677C, 0x7BDE, 0x3DF0, 0x1CC6, 0x73DE, 0x73DE, 0x6B7D, 
    0x6F9C, 0x6F7D, 0x6F9C, 0x6F9D, 0x6F9C, 0x6F9D, 0x6F9C, 0x6F7D, 0x6F9C, 0x6F7D, 0x6F9C, 0x6F9D, 0x6F9C, 0x6F7D, 0x6F9C, 0x6F7D, 
    0x6F9C, 0x6F7D, 0x6F9C, 0x6F7C, 0x6F9C, 0x6F7D, 0x6F9C, 0x6F7D, 0x6F9C, 0x6F7D, 0x6F9C, 0x6F7D, 0x6F9C, 0x6F7D, 0x6F9C, 0x6B7C, 
    0x6F9C, 0x6F7D, 0x6F9C, 0x6F7D, 0x6F9C, 0x6F9D, 0x6F9C, 0x6F9D, 0x6F9C, 0x6F7D, 0x6F9C, 0x6F9D, 0x6F9C, 0x6F7D, 0x6F9D, 0x4653, 
    0x6339, 0x6F9D, 0x6F9C, 0x6B7C, 0x6F9C, 0x6F7D, 0x6F9C, 0x6F7D, 0x6F9C, 0x6F7D, 0x6F9C, 0x6F9D, 0x6F9C, 0x6F9D, 0x6F9C, 0x6F9D, 
    0x6F9D, 0x739D, 0x6F9D, 0x6F9D, 0x6F7D, 0x6F9C, 0x6B7C, 0x4211, 0x0000, 0x3A13, 0x6B5C, 0x6B5B, 0x675C, 0x6B5B, 0x675B, 0x6B5B, 
    0x675B, 0x6B5B, 0x675B, 0x6B5B, 0x675B, 0x6B5B, 0x675C, 0x6B7B, 0x675C, 0x6B7B, 0x675C, 0x6B7B, 0x675C, 0x6B5B, 0x675C, 0x6B7B, 
    0x675C, 0x6B5B, 0x675C, 0x6B5B, 0x675B, 0x6B5B, 0x675B, 0x6B5B, 0x675B, 0x6B5B, 0x673B, 0x6B5B, 0x675B, 0x6B5A, 0x675B, 0x675B, 
    0x673B, 0x675A, 0x673B, 0x675A, 0x673B, 0x675A, 0x673B, 0x675B, 0x673B, 0x675A, 0x631A, 0x5EF8, 0x5295, 0x5AD7, 0x631A, 0x675A, 
    0x673B, 0x675B, 0x675B, 0x675B, 0x673B, 0x675B, 0x673B, 0x675B, 0x675B, 0x6B5B, 0x675B, 0x6B5A, 0x673B, 0x6B5B, 0x675B, 0x6B5B, 
    0x675B, 0x6B5B, 0x6B5B, 0x6B5B, 0x6B5B, 0x6B7B, 0x675B, 0x6B5B, 0x675B, 0x6B5B, 0x675B, 0x673A, 0x52B7, 0x4E95, 0x52B7, 0x52B6, 
    0x633A, 0x6B5B, 0x6B5B, 0x6B7B, 0x6B5C, 0x6B7B, 0x6B5C, 0x6B7B, 0x6B5C, 0x6B7B, 0x6B5C, 0x6B7B, 0x6B5C, 0x6B7B, 0x675C, 0x6B7B, 
    0x675C, 0x6B7B, 0x6B5C, 0x6B7C, 0x675C, 0x6B7B, 0x633B, 0x6B5B, 0x5F1A, 0x675A, 0x6B5C, 0x6B7B, 0x6B5C, 0x6B7B, 0x6B5C, 0x6B7B, 
    0x6B5C, 0x6B7B, 0x6B5C, 0x6B7C, 0x6B5C, 0x6B7C, 0x6B5C, 0x6B7B, 0x6B5C, 0x6B7B, 0x6B5C, 0x6B7B, 0x6B5C, 0x6B7B, 0x6B5C, 0x6B7B, 
    0x6B5C, 0x6B7B, 0x675C, 0x6B7B, 0x675B, 0x6B7B, 0x6F7D, 0x4631, 0x0000, 0x4211, 0x52B8, 0x4A95, 0x18E9, 0x0000, 0x35B0, 0x4A74, 
    0x5296, 0x5295, 0x39D0, 0x2CE7, 0x3CA5, 0x4C42, 0x4C41, 0x5041, 0x4C41, 0x5041, 0x4C21, 0x5062, 0x4C00, 0x4C41, 0x518C, 0x55AC, 
    0x4C00, 0x5000, 0x4C42, 0x5041, 0x4C41, 0x5062, 0x4C42, 0x4C00, 0x45D1, 0x571B, 0x5F1B, 0x35CF, 0x0C41, 0x4632, 0x73DE, 0x73DE, 
    0x6F7D, 0x6F9C, 0x6F7D, 0x6F9C, 0x6F7D, 0x6F9C, 0x6F7D, 0x6F9C, 0x6F7D, 0x6F9C, 0x6F7D, 0x6F9C, 0x6F7D, 0x6F9C, 0x6F7D, 0x6F9C, 
    0x6F7D, 0x6F9C, 0x6F7D, 0x6F9C, 0x6F7D, 0x6F9C, 0x6F7D, 0x6F9C, 0x6F7D, 0x6F9C, 0x6F7D, 0x6F9C, 0x6F7D, 0x6F9C, 0x6F7D, 0x6F9C, 
    0x6F7D, 0x6F9C, 0x6F7D, 0x6F9C, 0x6F7D, 0x6F9C, 0x6F7D, 0x6F9D, 0x6F7D, 0x6F9C, 0x6F7D, 0x6F9C, 0x6B7D, 0x6F9D, 0x4A74, 0x56D6, 
    0x6F9E, 0x6F9C, 0x6F7D, 0x6F9C, 0x6F7D, 0x6F9C, 0x6F7D, 0x6F9C, 0x6F7D, 0x6F9C, 0x6F7D, 0x6F9C, 0x6F7D, 0x739D, 0x6F9D, 0x739D, 
    0x6F9C, 0x6F9D, 0x6F9C, 0x6F9D, 0x6F9C, 0x6B9D, 0x6B7B, 0x3E12, 0x0000, 0x3A13, 0x6B7B, 0x675B, 0x6B7B, 0x675B, 0x6B5B, 0x675B, 
    0x6B7B, 0x675B, 0x6B7B, 0x675B, 0x6B7B, 0x675B, 0x6B7B, 0x675B, 0x6B7B, 0x675B, 0x6B7B, 0x675B, 0x6B7B, 0x675B, 0x6B7B, 0x675C, 
    0x6B7B, 0x675B, 0x6B7B, 0x675B, 0x6B7B, 0x675B, 0x675B, 0x675B, 0x6B5B, 0x675B, 0x675A, 0x675B, 0x675A, 0x675B, 0x675A, 0x675B, 
    0x675A, 0x675B, 0x675A, 0x673B, 0x675A, 0x673B, 0x675A, 0x673B, 0x675A, 0x633A, 0x675A, 0x633A, 0x5AF7, 0x4E95, 0x5AF7, 0x633A, 
    0x675A, 0x675B, 0x675A, 0x633A, 0x675A, 0x673B, 0x675A, 0x675B, 0x675A, 0x675B, 0x675A, 0x675B, 0x675A, 0x675B, 0x6B7A, 0x675B, 
    0x6B7B, 0x675B, 0x6B7B, 0x675B, 0x6B7B, 0x675B, 0x6B7B, 0x675B, 0x6B5B, 0x675B, 0x675A, 0x633A, 0x5AF7, 0x4E95, 0x52D6, 0x4EB6, 
    0x5F39, 0x675B, 0x6B7B, 0x675C, 0x6B7B, 0x675B, 0x6B7B, 0x6B7C, 0x6B7B, 0x675C, 0x6B7B, 0x6B5C, 0x6B7B, 0x677C, 0x6B7B, 0x677C, 
    0x6B7B, 0x675C, 0x6B7B, 0x675C, 0x6B7B, 0x675C, 0x675A, 0x633A, 0x6339, 0x675B, 0x6B7B, 0x6B5C, 0x6B7B, 0x6B7C, 0x6B7B, 0x677C, 
    0x6B7B, 0x6B7C, 0x6B7B, 0x6B5C, 0x6B7B, 0x6B5C, 0x6B7B, 0x675C, 0x6B7B, 0x6B5C, 0x6B7B, 0x675B, 0x6B7B, 0x675B, 0x6B7B, 0x675B, 
    0x6B7B, 0x675C, 0x6B7B, 0x675B, 0x675B, 0x6B9D, 0x6F9C, 0x1D07, 0x294B, 0x52B7, 0x52D7, 0x4E97, 0x14E7, 0x35D0, 0x5F19, 0x5AF8, 
    0x5F18, 0x5F19, 0x5EF8, 0x4633, 0x2D49, 0x30C6, 0x4483, 0x4C21, 0x4C61, 0x4C41, 0x5040, 0x4C41, 0x4C61, 0x4C20, 0x4C00, 0x4D49, 
    0x51CC, 0x4CE6, 0x4C00, 0x4C42, 0x5041, 0x4C40, 0x5061, 0x5063, 0x5000, 0x41AF, 0x5B1A, 0x5B1A, 0x3E11, 0x0000, 0x39EF, 0x73BE, 
    0x73DE, 0x6B7C, 0x6F9C, 0x6F9C, 0x6F9C, 0x6B9C, 0x6F9C, 0x6B9C, 0x6F9C, 0x6B9C, 0x6F9C, 0x6B7C, 0x6F9C, 0x6B9D, 0x6F9C, 0x6B7C, 
    0x6F9C, 0x6F9C, 0x6F9C, 0x6F7C, 0x6F9C, 0x6F7C, 0x6F9C, 0x6B7C, 0x6F9C, 0x6B7C, 0x6F9C, 0x6B9D, 0x6F9C, 0x6B9D, 0x6F9C, 0x6F9D, 
    0x6F9C, 0x6F9D, 0x6F9C, 0x6B9D, 0x6F9C, 0x6B9D, 0x6F9C, 0x6B7D, 0x6F9C, 0x6B7C, 0x6F9C, 0x6B7C, 0x6F9C, 0x6B7C, 0x5AF7, 0x6F9D, 
    0x6F9C, 0x6F9D, 0x6F9C, 0x6F9D, 0x6F9C, 0x6B7C, 0x6F9C, 0x6B9D, 0x6F9C, 0x6B7C, 0x6F9C, 0x6F9D, 0x6F9C, 0x6F9D, 0x6F9C, 0x6F9D, 
    0x6F7D, 0x739D, 0x6F7D, 0x739D, 0x6F7D, 0x6F9D, 0x6B7D, 0x4212, 0x0000, 0x3E13, 0x6B5C, 0x6B5B, 0x675C, 0x6B5B, 0x675C, 0x6B5B, 
    0x675C, 0x6B5B, 0x675B, 0x6B5B, 0x675C, 0x6B5B, 0x6B5C, 0x6B7C, 0x6B5C, 0x6B5B, 0x6B5C, 0x6B5B, 0x6B5C, 0x6B5B, 0x6B5C, 0x6B5B, 
    0x6B5C, 0x6B5B, 0x6B5C, 0x6B5B, 0x675C, 0x6B5B, 0x675B, 0x6B5B, 0x673B, 0x6B5B, 0x673B, 0x6B5B, 0x673B, 0x6B5B, 0x673B, 0x6B5A, 
    0x673B, 0x6B5B, 0x673B, 0x6B5B, 0x673B, 0x6B5B, 0x673B, 0x675A, 0x673B, 0x675A, 0x673B, 0x673A, 0x631A, 0x5AD7, 0x5296, 0x6319, 
    0x673B, 0x675B, 0x673B, 0x673B, 0x673B, 0x673A, 0x673B, 0x6B5B, 0x673B, 0x6B5B, 0x673B, 0x6B5B, 0x673B, 0x6B5B, 0x6B5B, 0x6B5B, 
    0x6B5C, 0x6B5B, 0x6B5C, 0x6B5B, 0x6B5C, 0x6B5B, 0x6B5C, 0x6B5B, 0x675C, 0x6B5B, 0x673B, 0x673A, 0x5AD8, 0x4E95, 0x4A55, 0x4E95, 
    0x5AF9, 0x6B5B, 0x6B5C, 0x6B7B, 0x6B5C, 0x6B7B, 0x6B5C, 0x6B7C, 0x6B5C, 0x6B7C, 0x6B5C, 0x6B7C, 0x6B5C, 0x6B7B, 0x6B5C, 0x6B7B, 
    0x6B5C, 0x6B7C, 0x6B5C, 0x6B7C, 0x6B5C, 0x6B5C, 0x6B5C, 0x6B5A, 0x6319, 0x673A, 0x675B, 0x6B7B, 0x6B5C, 0x6B5B, 0x6B5C, 0x6B7B, 
    0x6B5C, 0x6B7B, 0x6B5C, 0x6B5C, 0x6B5C, 0x6B7C, 0x6B5C, 0x6B7C, 0x6B5C, 0x6B7B, 0x6B5C, 0x6B5B, 0x6B5C, 0x6B7B, 0x6B5C, 0x6B5B, 
    0x6B5C, 0x6B5B, 0x6B5C, 0x6B5B, 0x675C, 0x73BE, 0x5295, 0x0000, 0x4A55, 0x56D7, 0x4E96, 0x4A95, 0x10A7, 0x4653, 0x631A, 0x5EF8, 
    0x5EF9, 0x6318, 0x5EF9, 0x6319, 0x5296, 0x39CF, 0x2D09, 0x40A5, 0x4C22, 0x5041, 0x4C42, 0x5041, 0x5021, 0x5041, 0x5042, 0x4C00, 
    0x48A5, 0x55CD, 0x514B, 0x5000, 0x5000, 0x5062, 0x5020, 0x5462, 0x5064, 0x4C00, 0x3D4D, 0x5AF9, 0x633C, 0x4A54, 0x0027, 0x39CF, 
    0x73BE, 0x73BE, 0x6F7D, 0x6F9C, 0x6F7D, 0x6F9C, 0x6F7D, 0x6F9C, 0x6F7D, 0x6F9D, 0x6F7D, 0x6F9C, 0x6F7D, 0x6F9C, 0x6F7D, 0x6F9D, 
    0x6F7D, 0x6F9C, 0x6F7D, 0x6F9C, 0x6F7D, 0x739C, 0x6F7D, 0x6F9C, 0x6F7D, 0x6F9C, 0x6F7D, 0x6F9C, 0x6F7D, 0x6F9C, 0x6F7D, 0x6F9D, 
    0x6F7D, 0x6F9D, 0x6F7D, 0x6F9D, 0x6F7D, 0x6F9D, 0x6F7D, 0x6F7C, 0x6F7D, 0x6F9C, 0x6F7D, 0x739D, 0x675C, 0x5AD7, 0x6F7D, 0x6F9C, 
    0x6F7D, 0x6F9C, 0x6F7D, 0x6F9D, 0x6F7D, 0x6F7C, 0x6F7D, 0x6F9C, 0x6F7D, 0x6F7C, 0x6F7D, 0x6F9C, 0x6F7D, 0x739D, 0x6F7D, 0x739D, 
    0x6F9D, 0x6F9D, 0x6F9C, 0x6F9D, 0x6F9C, 0x6F9D, 0x6B7C, 0x3E12, 0x0000, 0x3A13, 0x6B7B, 0x675B, 0x6B7B, 0x675C, 0x6B5B, 0x675B, 
    0x6B5B, 0x675B, 0x6B7B, 0x675C, 0x6B7B, 0x675C, 0x6B7B, 0x675C, 0x675B, 0x675C, 0x6B7B, 0x675B, 0x6B7B, 0x675B, 0x6B5B, 0x675B, 
    0x6B7B, 0x675B, 0x6B7B, 0x675B, 0x6B5B, 0x675B, 0x6B5B, 0x675B, 0x6B5B, 0x675B, 0x6B5A, 0x675B, 0x6B5A, 0x675B, 0x675A, 0x675B, 
    0x675A, 0x675B, 0x675B, 0x675B, 0x675B, 0x675B, 0x675B, 0x675B, 0x675A, 0x673B, 0x675A, 0x633B, 0x675A, 0x5F19, 0x56D6, 0x56D7, 
    0x633A, 0x673B, 0x675A, 0x673B, 0x675A, 0x633B, 0x675A, 0x675B, 0x675B, 0x675B, 0x675A, 0x675B, 0x6B5A, 0x675B, 0x6B7B, 0x675B, 
    0x6B7B, 0x675C, 0x6B5B, 0x675C, 0x6B7B, 0x675C, 0x6B7B, 0x675C, 0x6B5B, 0x675B, 0x6B5A, 0x633A, 0x5F18, 0x4654, 0x4A73, 0x4E95, 
    0x5F18, 0x675B, 0x6B7B, 0x6B5C, 0x6B7B, 0x6B5C, 0x6B7B, 0x6B5C, 0x6B7B, 0x6B5C, 0x6B7B, 0x6B7C, 0x6B7B, 0x6B5C, 0x6B7B, 0x6B5C, 
    0x6B7B, 0x6B5C, 0x6B7B, 0x675C, 0x6B7B, 0x6B5C, 0x6B7B, 0x677C, 0x675A, 0x6319, 0x6739, 0x675B, 0x6B7B, 0x675C, 0x6B7B, 0x6B5C, 
    0x6B7B, 0x6B5C, 0x6B7B, 0x6B5C, 0x6B7B, 0x6B5C, 0x6B7B, 0x675C, 0x6B7B, 0x6B5C, 0x6B7B, 0x6B5C, 0x6B7B, 0x675C, 0x6B7B, 0x6B5C, 
    0x6B7B, 0x675C, 0x6B7B, 0x675B, 0x6F9C, 0x6B5C, 0x14A4, 0x39D0, 0x52B6, 0x52B7, 0x52D7, 0x4A96, 0x0884, 0x4254, 0x6339, 0x5EF8, 
    0x5F18, 0x5F19, 0x6318, 0x5F19, 0x6339, 0x5AF9, 0x4A53, 0x2D4B, 0x38C5, 0x4863, 0x5041, 0x4C42, 0x5041, 0x4C41, 0x5041, 0x4C62, 
    0x5000, 0x4C00, 0x55AB, 0x55CE, 0x5040, 0x5000, 0x5462, 0x5042, 0x5040, 0x5063, 0x4C00, 0x3D0A, 0x52D7, 0x675C, 0x56D7, 0x10CA, 
    0x39CE, 0x73BE, 0x73BD, 0x6B7C, 0x6F9C, 0x6F7C, 0x6F9C, 0x6F7C, 0x6F9C, 0x6F9D, 0x6F9C, 0x6F7D, 0x6F9C, 0x6F7D, 0x6F9C, 0x6B7C, 
    0x6F9C, 0x6F7D, 0x6F9C, 0x6F7C, 0x6F9C, 0x6F7D, 0x6F9C, 0x6F7D, 0x6F9C, 0x6F7D, 0x6F9C, 0x6F7D, 0x6F9C, 0x6F7D, 0x6F9C, 0x6F7D, 
    0x6F9C, 0x6F7D, 0x6F9C, 0x6F7D, 0x6F9C, 0x6B7C, 0x6F9C, 0x6F7D, 0x6F9C, 0x6F7D, 0x6F9C, 0x6B7D, 0x4E74, 0x5F1A, 0x6F9C, 0x6F7C, 
    0x6F9C, 0x6F7D, 0x6F9C, 0x6F7D, 0x6F9C, 0x6F7D, 0x6F9C, 0x6F7D, 0x6F9C, 0x6F7D, 0x6F9C, 0x6F9D, 0x6F9C, 0x6F9D, 0x6F9D, 0x6F9D, 
    0x6F7D, 0x6F9D, 0x6F7D, 0x6F9D, 0x6F9D, 0x6F9D, 0x6B5C, 0x4212, 0x0000, 0x3A13, 0x6B5C, 0x6B5B, 0x675C, 0x675B, 0x675B, 0x6B5B, 
    0x675B, 0x6B5B, 0x675C, 0x6B5B, 0x675C, 0x6B7B, 0x6B5C, 0x6B5B, 0x673B, 0x6B7B, 0x6B5C, 0x6B5B, 0x675C, 0x6B7B, 0x675C, 0x6B5B, 
    0x675B, 0x6B5B, 0x675B, 0x6B5B, 0x675C, 0x6B5B, 0x675B, 0x6B5B, 0x675B, 0x6B5B, 0x673A, 0x6B5A, 0x675B, 0x6B5B, 0x675B, 0x6B5B, 
    0x673B, 0x6B5B, 0x673B, 0x6B5B, 0x673B, 0x675B, 0x675B, 0x675A, 0x673B, 0x675A, 0x673B, 0x675A, 0x673B, 0x673A, 0x5AF9, 0x56B6, 
    0x5AD8, 0x675A, 0x673B, 0x675A, 0x673B, 0x675A, 0x673B, 0x6B5B, 0x675B, 0x6B5A, 0x673B, 0x6B5B, 0x675B, 0x6B5B, 0x675B, 0x6B5B, 
    0x675B, 0x6B5B, 0x6B5C, 0x6B5B, 0x675C, 0x6B5B, 0x6B5C, 0x6B5B, 0x675C, 0x6B5B, 0x673B, 0x675A, 0x5F19, 0x4A74, 0x4A75, 0x56B6, 
    0x5EF9, 0x675B, 0x675C, 0x6B7B, 0x6B5C, 0x6B7B, 0x6B5C, 0x6B7B, 0x6B5C, 0x6B7B, 0x6B5C, 0x6B7B, 0x6B5C, 0x6B7B, 0x6B5C, 0x6B7C, 
    0x6B5C, 0x6B7B, 0x6B5C, 0x6B7B, 0x6B5C, 0x6B7B, 0x6B5C, 0x6B7B, 0x675B, 0x6B5A, 0x633A, 0x6319, 0x633A, 0x6B5B, 0x6B5C, 0x6B7B, 
    0x6B5C, 0x6B7B, 0x6B5C, 0x6B7B, 0x6B5C, 0x6B7B, 0x6B5C, 0x6B7B, 0x6B5C, 0x6B7B, 0x6B5C, 0x6B7B, 0x6B5C, 0x6B7B, 0x6B5C, 0x6B7B, 
    0x675C, 0x6B7B, 0x675B, 0x6B5B, 0x739E, 0x4E73, 0x1066, 0x52B6, 0x4E96, 0x52B6, 0x56D8, 0x52B6, 0x0044, 0x4653, 0x631A, 0x5F18, 
    0x5EF9, 0x6319, 0x5F19, 0x6319, 0x5F19, 0x633A, 0x5F1A, 0x52B6, 0x35AE, 0x3507, 0x4484, 0x5041, 0x4C42, 0x5061, 0x5041, 0x5041, 
    0x5042, 0x5041, 0x4C00, 0x556A, 0x5A31, 0x5528, 0x5000, 0x5041, 0x5041, 0x5041, 0x5043, 0x5000, 0x3C44, 0x4E54, 0x675C, 0x6319, 
    0x254E, 0x4211, 0x77BE, 0x739C, 0x6F7D, 0x6F9C, 0x6F7D, 0x6F9C, 0x6F7D, 0x6F9C, 0x6F7D, 0x6F9C, 0x6F7D, 0x6F9C, 0x6F7D, 0x6F7C, 
    0x6F7D, 0x6F9C, 0x6F7D, 0x6F9C, 0x6F7D, 0x6F9C, 0x6F7D, 0x6F9C, 0x6F7D, 0x6F9C, 0x6F7C, 0x6F9C, 0x6F7D, 0x6F9C, 0x6F7D, 0x6F9C, 
    0x6F7D, 0x6F9C, 0x6F7D, 0x6F9C, 0x6F7D, 0x6F9C, 0x6F7D, 0x6F9C, 0x6F7D, 0x6F7C, 0x6F9E, 0x56B6, 0x5F19, 0x6F9D, 0x6B7C, 0x6F9C, 
    0x6F7D, 0x6F9C, 0x6F7D, 0x6F9C, 0x6F7D, 0x6F9C, 0x6F7D, 0x6F9C, 0x6F7D, 0x6F9C, 0x6F7D, 0x6F7C, 0x6F7D, 0x6F9D, 0x6F9D, 0x6F9C, 
    0x6F9C, 0x6F9D, 0x6F9C, 0x6F9D, 0x6F9C, 0x6B9D, 0x6B7C, 0x3E12, 0x0000, 0x3A13, 0x6B7B, 0x675B, 0x675B, 0x635B, 0x6B7B, 0x675B, 
    0x6B7B, 0x675B, 0x6B7B, 0x675B, 0x6B5B, 0x675B, 0x6B7B, 0x675B, 0x6B7B, 0x675B, 0x6B7B, 0x675B, 0x6B7B, 0x675B, 0x6B7B, 0x675B, 
    0x6B7B, 0x675B, 0x6B7B, 0x675B, 0x6B7B, 0x675B, 0x6B5B, 0x675B, 0x675B, 0x675B, 0x6B5A, 0x675A, 0x675A, 0x675B, 0x675A, 0x675B, 
    0x675A, 0x675B, 0x675A, 0x675B, 0x675A, 0x675B, 0x675B, 0x675B, 0x675A, 0x675B, 0x675A, 0x675B, 0x675A, 0x633A, 0x633A, 0x5AD7, 
    0x56D6, 0x5B18, 0x635A, 0x635B, 0x675A, 0x633A, 0x675A, 0x675B, 0x675A, 0x675B, 0x675A, 0x675B, 0x675A, 0x675B, 0x6B7A, 0x675B, 
    0x6B7B, 0x675C, 0x6B7B, 0x675B, 0x6B7B, 0x675C, 0x6B7B, 0x675B, 0x6B7B, 0x675B, 0x675A, 0x635A, 0x5B18, 0x52B7, 0x4A94, 0x4A75, 
    0x5AF8, 0x633B, 0x6B7B, 0x675B, 0x6B7B, 0x675B, 0x6B7B, 0x675B, 0x6B7B, 0x6B7C, 0x6B7B, 0x6B7C, 0x6B7B, 0x677C, 0x6B7B, 0x6B7C, 
    0x6B7B, 0x677C, 0x6B7B, 0x675B, 0x6B7B, 0x675C, 0x6B7B, 0x675B, 0x6B7A, 0x675A, 0x675A, 0x633A, 0x6759, 0x633A, 0x635A, 0x675B, 
    0x6B7B, 0x675C, 0x6B7B, 0x675C, 0x6B7B, 0x675B, 0x6B7B, 0x675B, 0x6B7B, 0x675B, 0x6B7B, 0x675B, 0x6B7B, 0x675B, 0x6B7B, 0x675B, 
    0x6B7B, 0x675B, 0x675A, 0x6F9D, 0x6B5A, 0x0401, 0x4232, 0x52B7, 0x52B6, 0x56D8, 0x5AF8, 0x52B7, 0x0064, 0x4253, 0x6339, 0x5EF9, 
    0x5F18, 0x5F19, 0x5F18, 0x5F19, 0x6339, 0x5F19, 0x6339, 0x5F1A, 0x56D8, 0x4212, 0x314A, 0x3CC5, 0x4C41, 0x4C41, 0x5061, 0x5041, 
    0x5041, 0x4C41, 0x5062, 0x4C00, 0x5528, 0x556B, 0x4C00, 0x5041, 0x5040, 0x5041, 0x5040, 0x4C42, 0x5020, 0x4000, 0x41CE, 0x633A, 
    0x6B7C, 0x4655, 0x6739, 0x77DF, 0x6F9C, 0x6B9C, 0x6F9C, 0x6B9C, 0x6F9C, 0x6F9D, 0x6F9C, 0x6B9D, 0x6F9C, 0x6B9D, 0x6F9C, 0x6B9D, 
    0x6F9C, 0x6B9C, 0x6F9C, 0x6B9C, 0x6F9C, 0x6B9C, 0x6F9C, 0x6F9D, 0x6F9C, 0x6B7C, 0x6F9C, 0x6F9D, 0x6F9C, 0x6B9D, 0x6F9C, 0x6B7D, 
    0x6F9C, 0x6B9D, 0x6F9C, 0x6B9D, 0x6F9C, 0x6B9D, 0x6F9C, 0x6B9D, 0x6F9C, 0x6F9D, 0x5F39, 0x5AF8, 0x6F9C, 0x6B7C, 0x6F9C, 0x6F9D, 
    0x6F9C, 0x6B7C, 0x6F9C, 0x6B9D, 0x6F9C, 0x6F9D, 0x6F9C, 0x6F9D, 0x6F9C, 0x6B9D, 0x6F9C, 0x6F9D, 0x6F9C, 0x6B7D, 0x6F9C, 0x6F9D, 
    0x6F7D, 0x739D, 0x6F7D, 0x739D, 0x6F7D, 0x6F9D, 0x6B7D, 0x4232, 0x0000, 0x3E33, 0x6B5C, 0x6B5B, 0x675C, 0x6B5B, 0x675B, 0x6B5B, 
    0x6B5C, 0x6B5C, 0x6B5C, 0x6B5B, 0x6B5C, 0x6B5B, 0x675C, 0x6B5B, 0x6B5C, 0x6B5B, 0x675C, 0x6B5B, 0x6B5C, 0x6B5B, 0x6B5C, 0x6B5B, 
    0x6B5C, 0x6B5B, 0x6B5C, 0x6B5B, 0x6B5B, 0x6B5B, 0x675B, 0x6B5B, 0x673B, 0x6B5B, 0x673B, 0x6B5B, 0x673B, 0x6B5B, 0x673B, 0x6B5B, 
    0x673B, 0x6B5B, 0x673B, 0x6B5A, 0x673B, 0x6B5B, 0x673B, 0x6B5B, 0x673B, 0x6B5B, 0x673B, 0x6B5B, 0x673B, 0x673A, 0x633A, 0x6319, 
    0x5AD7, 0x5AD7, 0x631A, 0x675B, 0x673B, 0x673A, 0x673B, 0x6B5B, 0x673B, 0x6B5B, 0x673B, 0x6B5B, 0x675B, 0x6B5B, 0x675B, 0x6B5B, 
    0x6B5C, 0x6B5B, 0x6B5C, 0x6B5B, 0x675C, 0x6B5B, 0x675C, 0x6B5B, 0x675C, 0x6B5B, 0x675B, 0x675A, 0x5AF8, 0x56D7, 0x4E96, 0x4A74, 
    0x56D8, 0x673A, 0x675B, 0x6B7B, 0x6B5C, 0x6B7B, 0x6B5C, 0x6B5B, 0x6B5C, 0x6B7C, 0x6B5C, 0x6B7B, 0x6B5C, 0x6B7C, 0x6B5C, 0x6B7B, 
    0x6B5C, 0x6B7B, 0x6B5C, 0x6B7B, 0x6B5C, 0x6B7C, 0x6B5C, 0x6B7B, 0x6B5C, 0x6B5B, 0x673B, 0x675B, 0x675B, 0x6B5B, 0x673B, 0x6339, 
    0x631A, 0x6B5B, 0x6B5C, 0x6B7C, 0x6B5C, 0x6B7C, 0x6B5C, 0x6B7B, 0x6B5C, 0x6B7B, 0x6B5C, 0x6B5B, 0x6B5C, 0x6B5B, 0x6B5C, 0x6B7B, 
    0x6B5C, 0x6B5B, 0x675C, 0x73BD, 0x3E10, 0x250A, 0x52B7, 0x56B7, 0x56B8, 0x5AF8, 0x5AD8, 0x56B7, 0x0045, 0x4654, 0x631A, 0x62F8, 
    0x5EF9, 0x6319, 0x5EF9, 0x6319, 0x5F1A, 0x6319, 0x5F1A, 0x631A, 0x5F1A, 0x5EF9, 0x4E76, 0x39AE, 0x3508, 0x4883, 0x5021, 0x5441, 
    0x5042, 0x5441, 0x5021, 0x5462, 0x5000, 0x5000, 0x5042, 0x5041, 0x5041, 0x5041, 0x5022, 0x5041, 0x5042, 0x5062, 0x4400, 0x3D0A, 
    0x5AD8, 0x739E, 0x4633, 0x6719, 0x7BDF, 0x6F7C, 0x6F7D, 0x6F9C, 0x6F7D, 0x6F9C, 0x6F7D, 0x6F9C, 0x6F7D, 0x6F9C, 0x6F7D, 0x6F9C, 
    0x6F7D, 0x6F9C, 0x6F7D, 0x6F9C, 0x6F7D, 0x6F9C, 0x6F7D, 0x6F9C, 0x6F7D, 0x6F9C, 0x6F7D, 0x6F9C, 0x6F7D, 0x6F9C, 0x6F7D, 0x6F9D, 
    0x6F7D, 0x6F9D, 0x6F7D, 0x6F9D, 0x6F7D, 0x6F7C, 0x6F7D, 0x6F7C, 0x6F7E, 0x673A, 0x4A54, 0x6F7C, 0x6F7D, 0x6F7C, 0x6F7D, 0x739D, 
    0x6F7D, 0x6F9C, 0x6F7D, 0x6F9C, 0x6F7D, 0x6F9C, 0x6F7D, 0x6F9C, 0x6F7D, 0x6F7C, 0x6F7D, 0x6F7C, 0x6F7D, 0x6F9D, 0x6F7D, 0x6F9D, 
    0x6F9C, 0x6F7D, 0x6F9C, 0x6F9D, 0x6F9C, 0x6B9D, 0x6B7C, 0x3E12, 0x0000, 0x3A14, 0x6B7B, 0x675B, 0x6B5B, 0x675B, 0x6B5B, 0x675B, 
    0x6B7B, 0x675C, 0x6B7B, 0x675B, 0x6B7B, 0x675C, 0x6B7B, 0x675C, 0x6B5B, 0x675B, 0x6B5B, 0x675B, 0x6B5B, 0x675B, 0x6B7B, 0x675B, 
    0x6B7B, 0x675B, 0x6B5B, 0x675B, 0x6B5B, 0x675B, 0x6B5B, 0x675B, 0x6B5A, 0x675B, 0x6B5A, 0x675B, 0x675A, 0x675B, 0x6B5B, 0x675B, 
    0x675A, 0x675B, 0x675B, 0x675B, 0x675B, 0x675B, 0x675A, 0x675B, 0x675A, 0x675B, 0x675B, 0x675B, 0x675A, 0x673B, 0x673A, 0x633A, 
    0x5F18, 0x5AF8, 0x5F18, 0x633A, 0x675A, 0x633B, 0x675A, 0x675B, 0x675B, 0x675B, 0x6B5B, 0x675B, 0x6B5B, 0x675B, 0x6B5B, 0x675B, 
    0x6B7B, 0x675C, 0x6B7B, 0x675C, 0x6B5B, 0x675C, 0x6B7B, 0x675C, 0x6B7B, 0x675B, 0x675A, 0x633A, 0x5F18, 0x4675, 0x4254, 0x4E96, 
    0x56D7, 0x633B, 0x6B7B, 0x675C, 0x6B7B, 0x6B5C, 0x6B7B, 0x6B5C, 0x6B7B, 0x6B5C, 0x6B7B, 0x6B5C, 0x6B7B, 0x6B5C, 0x6B7B, 0x6B5C, 
    0x6B7B, 0x6B5C, 0x6B7B, 0x6B5B, 0x6B7B, 0x6B5C, 0x6B7B, 0x6B5B, 0x6B7B, 0x675B, 0x675B, 0x675B, 0x6B5B, 0x675B, 0x6B7B, 0x675C, 
    0x675A, 0x633A, 0x6339, 0x675B, 0x6B7B, 0x6B5C, 0x6B7B, 0x6B5C, 0x6B7B, 0x675C, 0x6B7B, 0x675C, 0x6B7B, 0x675C, 0x6B7B, 0x675C, 
    0x6B7B, 0x675B, 0x73BD, 0x5F19, 0x0000, 0x4A54, 0x52B6, 0x52B6, 0x5AF8, 0x5AF9, 0x5AF8, 0x52B7, 0x0064, 0x4654, 0x6339, 0x5AF8, 
    0x5F18, 0x5F19, 0x5F18, 0x5F19, 0x6319, 0x5F19, 0x6319, 0x5F1A, 0x5F39, 0x5F1A, 0x5F1A, 0x52B8, 0x4232, 0x314B, 0x44C5, 0x5041, 
    0x5441, 0x5042, 0x5041, 0x4C41, 0x5061, 0x4C42, 0x5040, 0x5041, 0x5041, 0x5041, 0x5041, 0x4C21, 0x5041, 0x4C21, 0x4C62, 0x4400, 
    0x3000, 0x4632, 0x4231, 0x31AF, 0x6F7B, 0x77DE, 0x6F7B, 0x6F7C, 0x6F9C, 0x6F7D, 0x6F9C, 0x6F7D, 0x6F9C, 0x6F7D, 0x6F9C, 0x6F7D, 
    0x6F9C, 0x6F7D, 0x6F9C, 0x6F7D, 0x6F9C, 0x6F7D, 0x6F9C, 0x6F7D, 0x6F9C, 0x6F7D, 0x6F9C, 0x6F7D, 0x6F9C, 0x6F7D, 0x6F9C, 0x6F7D, 
    0x6F9C, 0x6B7D, 0x6F9C, 0x6F7D, 0x6F9C, 0x6F7D, 0x6F7C, 0x6F9D, 0x6F7C, 0x4E75, 0x6B7B, 0x6F7D, 0x6F9C, 0x6F7C, 0x6F9C, 0x6F7D, 
    0x6F9C, 0x6F7D, 0x6F9C, 0x6F7D, 0x6F9C, 0x6F7D, 0x6F9C, 0x6F7C, 0x6F9C, 0x6F7D, 0x6F9C, 0x6F7D, 0x6F9C, 0x6F7D, 0x6F9C, 0x6F9D, 
    0x6F7D, 0x6F9C, 0x6F7D, 0x6F9D, 0x6F7D, 0x6F9C, 0x6B7D, 0x4232, 0x0000, 0x3E33, 0x6B5C, 0x6B5B, 0x675B, 0x6B5B, 0x675B, 0x6B7B, 
    0x675C, 0x6B7B, 0x6B5C, 0x6B7B, 0x675C, 0x6B5B, 0x6B5C, 0x6B5B, 0x675C, 0x6B5B, 0x675B, 0x6B5B, 0x675C, 0x6B5B, 0x675B, 0x6B5B, 
    0x675B, 0x6B5B, 0x675B, 0x6B5B, 0x675B, 0x6B5B, 0x675B, 0x6B5B, 0x675B, 0x6B5B, 0x673B, 0x6B5A, 0x675B, 0x6B5B, 0x675B, 0x6B5B, 
    0x673B, 0x6B5B, 0x675B, 0x6B5B, 0x673B, 0x6B5B, 0x673B, 0x6B5B, 0x675B, 0x675B, 0x675B, 0x675B, 0x675B, 0x675B, 0x673B, 0x673A, 
    0x5EF9, 0x5F18, 0x5F19, 0x6319, 0x631A, 0x673A, 0x673B, 0x675B, 0x675B, 0x6B5B, 0x675B, 0x6B5B, 0x675C, 0x6B5B, 0x675B, 0x6B5B, 
    0x675B, 0x6B5B, 0x675C, 0x6B5B, 0x675C, 0x6B5B, 0x675C, 0x6B5B, 0x675B, 0x675A, 0x633A, 0x673A, 0x5AF9, 0x4654, 0x3E33, 0x4E95, 
    0x52B7, 0x633A, 0x675B, 0x6B5B, 0x6B5C, 0x6B7B, 0x6B5C, 0x6B7B, 0x6B5C, 0x6B7B, 0x6B5C, 0x6B7C, 0x6B5C, 0x6B7C, 0x6B5C, 0x6B7B, 
    0x6B5C, 0x6B7B, 0x6B5C, 0x6B7B, 0x6B5C, 0x6B7B, 0x6B5C, 0x6B7B, 0x6B5C, 0x6B5B, 0x675B, 0x6B5B, 0x675C, 0x6B5B, 0x6B5C, 0x6B7B, 
    0x6B5C, 0x6B5B, 0x673B, 0x5F18, 0x5EF9, 0x673A, 0x673B, 0x6B5B, 0x675B, 0x6B5B, 0x6B5C, 0x6B7B, 0x6B5C, 0x6B7B, 0x675C, 0x6B7B, 
    0x675B, 0x6B7C, 0x739E, 0x318D, 0x316D, 0x56D7, 0x52B7, 0x56D7, 0x5AF8, 0x5AF8, 0x5AD8, 0x56D7, 0x0045, 0x4A74, 0x5F19, 0x5F18, 
    0x5EF9, 0x5F18, 0x5F19, 0x6319, 0x5F19, 0x6319, 0x5F19, 0x6319, 0x5F1A, 0x5F1A, 0x5F1A, 0x5F1A, 0x5AFA, 0x4A75, 0x318D, 0x3CE7, 
    0x4C63, 0x5441, 0x5042, 0x5041, 0x4C41, 0x5041, 0x5041, 0x5041, 0x5041, 0x5041, 0x5041, 0x5041, 0x4C22, 0x5041, 0x4C21, 0x4863, 
    0x4400, 0x3CC5, 0x5295, 0x4E95, 0x4654, 0x77DD, 0x73BE, 0x6F7B, 0x6F7D, 0x6F9C, 0x6F7D, 0x6F9C, 0x6F7D, 0x6F9C, 0x6F7D, 0x6F9C, 
    0x6F7D, 0x6F9C, 0x6F7D, 0x6F9C, 0x6F7D, 0x6F9C, 0x6F7D, 0x6F9C, 0x6F7D, 0x6F9C, 0x6F7D, 0x6F9C, 0x6F7D, 0x6F9C, 0x6F7D, 0x6F9C, 
    0x6F7D, 0x6F9D, 0x6F7D, 0x6F9C, 0x6F7D, 0x6F9D, 0x6F9D, 0x6F7C, 0x56B7, 0x675B, 0x6F9D, 0x6F9C, 0x6F7D, 0x6F9C, 0x6F7D, 0x6F9C, 
    0x6F7D, 0x6F9C, 0x6F7D, 0x6F9C, 0x6F7D, 0x6F9C, 0x6F7D, 0x6F9C, 0x6F7D, 0x6F9D, 0x6F7D, 0x6F9C, 0x6F7D, 0x6F9C, 0x6F9D, 0x739D, 
    0x6F9C, 0x6F9C, 0x6F9C, 0x6F9D, 0x6F9C, 0x6B9D, 0x6B7C, 0x3E32, 0x0000, 0x3A34, 0x6B7B, 0x675B, 0x6B7B, 0x675B, 0x6B7B, 0x675B, 
    0x6B7B, 0x675B, 0x6B7B, 0x675B, 0x6B7B, 0x675B, 0x6B7B, 0x675B, 0x6B7B, 0x675B, 0x6B7B, 0x675B, 0x6B7B, 0x675B, 0x6B7B, 0x675B, 
    0x6B7B, 0x675B, 0x6B7B, 0x675B, 0x675B, 0x675B, 0x6B5B, 0x675B, 0x6B5A, 0x675B, 0x675A, 0x675B, 0x675B, 0x675B, 0x675B, 0x675B, 
    0x675A, 0x675B, 0x675A, 0x675B, 0x675A, 0x675B, 0x675B, 0x675B, 0x675B, 0x675B, 0x675A, 0x675B, 0x675A, 0x675B, 0x675A, 0x633B, 
    0x6319, 0x5B19, 0x5F19, 0x5F19, 0x6339, 0x633A, 0x675A, 0x675B, 0x675A, 0x675B, 0x6B7B, 0x675B, 0x6B5B, 0x675B, 0x675A, 0x675B, 
    0x6B5B, 0x675B, 0x6B7B, 0x675B, 0x6B7B, 0x675B, 0x675B, 0x675B, 0x677B, 0x633A, 0x6759, 0x675B, 0x5F18, 0x4A95, 0x4674, 0x4A75, 
    0x56F7, 0x635B, 0x6B7B, 0x675B, 0x6B7B, 0x675B, 0x6B7B, 0x675C, 0x6B7B, 0x675C, 0x6B7B, 0x677C, 0x6B7B, 0x6B5C, 0x6B7B, 0x677C, 
    0x6B7B, 0x675B, 0x6B7B, 0x6B7C, 0x6B7B, 0x675B, 0x6B7B, 0x675B, 0x6B7B, 0x675B, 0x675A, 0x675B, 0x6B7B, 0x675B, 0x6B7B, 0x675B, 
    0x6B7B, 0x675B, 0x6B7B, 0x675B, 0x675A, 0x675B, 0x675A, 0x5F1A, 0x5F18, 0x5F1A, 0x6339, 0x5F1A, 0x675A, 0x675B, 0x6B7B, 0x675B, 
    0x675A, 0x73BE, 0x5AF7, 0x0000, 0x52B5, 0x52B7, 0x52B6, 0x56D7, 0x5B18, 0x5B19, 0x5B18, 0x52D8, 0x0064, 0x4654, 0x6339, 0x5EF9, 
    0x5F18, 0x5F19, 0x5F18, 0x5F19, 0x5F18, 0x5F19, 0x5F39, 0x5F19, 0x5F19, 0x5F1A, 0x5F39, 0x5F1A, 0x5F39, 0x5F1A, 0x52B7, 0x35D0, 
    0x3528, 0x4484, 0x5041, 0x4C41, 0x4C61, 0x4C41, 0x5040, 0x4C41, 0x5061, 0x4C41, 0x5040, 0x5041, 0x4041, 0x3C42, 0x4C41, 0x4841, 
    0x4862, 0x4000, 0x40E6, 0x5274, 0x5B19, 0x5F19, 0x7BFE, 0x739D, 0x6F9C, 0x6B7C, 0x6F9C, 0x6B7C, 0x6F9C, 0x6B7C, 0x6F9C, 0x6B7D, 
    0x6F9C, 0x6B9C, 0x6F9C, 0x6B7C, 0x6F9C, 0x6B7C, 0x6F9C, 0x6B7C, 0x6F9C, 0x6B7C, 0x6F9C, 0x6B7C, 0x6F9C, 0x6B9D, 0x6F9C, 0x6B7D, 
    0x6F9C, 0x6B7D, 0x6F9C, 0x6B9D, 0x6F9C, 0x6B7C, 0x635A, 0x5F1A, 0x6739, 0x6F9D, 0x6F9C, 0x6B7C, 0x6F9C, 0x6B7C, 0x6F9C, 0x6B7C, 
    0x6F9C, 0x6B9D, 0x6F9C, 0x6B7C, 0x6F9C, 0x6B7D, 0x6F9C, 0x6B7C, 0x6F9C, 0x6B9D, 0x6F9C, 0x6B7C, 0x6F9C, 0x6F9D, 0x6F9C, 0x6F9D, 
    0x6F7D, 0x739D, 0x6F7D, 0x6F9C, 0x6F7D, 0x6F9D, 0x6B7D, 0x4232, 0x0000, 0x3E34, 0x6B5C, 0x6B5B, 0x675B, 0x6B5B, 0x675C, 0x6B5B, 
    0x6B5C, 0x6B5B, 0x6B5C, 0x6B5B, 0x6B5C, 0x6B5B, 0x6B5C, 0x6B5B, 0x6B5C, 0x6B5B, 0x675C, 0x6B5B, 0x6B5C, 0x6B5B, 0x675B, 0x6B5B, 
    0x6B5C, 0x6B5B, 0x675C, 0x6B5B, 0x675B, 0x6B5B, 0x675B, 0x6B5B, 0x675B, 0x6B5B, 0x673B, 0x6B5B, 0x673B, 0x6B5B, 0x673C, 0x6B5B, 
    0x673B, 0x6B5B, 0x673B, 0x6B5B, 0x673B, 0x6B5B, 0x673B, 0x6B5B, 0x673B, 0x6B5B, 0x673B, 0x675B, 0x673B, 0x675B, 0x673B, 0x675B, 
    0x633A, 0x5F19, 0x5EF9, 0x6319, 0x5EF9, 0x6319, 0x673B, 0x675B, 0x673B, 0x6B5B, 0x675C, 0x6B5B, 0x675B, 0x6B5B, 0x675B, 0x6B5B, 
    0x675C, 0x6B5B, 0x6B5C, 0x6B5B, 0x675C, 0x6B5B, 0x675C, 0x6B5B, 0x675B, 0x673A, 0x673A, 0x675A, 0x631A, 0x56B6, 0x4A75, 0x4E95, 
    0x56B7, 0x675B, 0x675C, 0x6B5B, 0x6B5C, 0x6B7B, 0x6B5C, 0x6B7B, 0x6B5C, 0x6B7B, 0x6B5C, 0x6B7C, 0x6B5C, 0x6B7B, 0x6B5C, 0x6B7C, 
    0x6B5C, 0x6B7B, 0x6B5C, 0x6B7B, 0x6B5C, 0x6B7B, 0x6B5C, 0x6B7B, 0x6B5C, 0x6B5B, 0x6B5C, 0x675A, 0x675B, 0x6B5B, 0x6B5C, 0x6B5B, 
    0x6B5C, 0x6B7B, 0x6B5C, 0x6B5B, 0x6B5C, 0x6B7B, 0x6B5C, 0x6B7B, 0x675C, 0x6B5B, 0x673B, 0x675A, 0x673B, 0x673A, 0x673B, 0x6B5B, 
    0x6F7D, 0x73BD, 0x2109, 0x3DF1, 0x631B, 0x56D7, 0x56B7, 0x5AD8, 0x5AD9, 0x6319, 0x5EF9, 0x56D7, 0x0466, 0x4A74, 0x631A, 0x5EF8, 
    0x5EF9, 0x5F19, 0x5EF9, 0x6319, 0x5F19, 0x6319, 0x5F19, 0x6319, 0x5F1A, 0x6339, 0x5F1A, 0x631A, 0x5F1A, 0x6319, 0x5F1A, 0x5AF8, 
    0x4634, 0x356C, 0x38A5, 0x4842, 0x5042, 0x5041, 0x4C42, 0x5041, 0x4C41, 0x5041, 0x5021, 0x5041, 0x4C22, 0x3C41, 0x2C22, 0x4442, 
    0x4C21, 0x4862, 0x4400, 0x3C00, 0x4E32, 0x5EF8, 0x6B5C, 0x7FFF, 0x739D, 0x6F7C, 0x6F7D, 0x6F7C, 0x6F7D, 0x6F7C, 0x6F7D, 0x6F9C, 
    0x6F7D, 0x6F9C, 0x6F7D, 0x6F9C, 0x6F7D, 0x6F9C, 0x6F7D, 0x6F7C, 0x6F7D, 0x6F9C, 0x6F7D, 0x6F9C, 0x6F7D, 0x6F9C, 0x6F7D, 0x6F9D, 
    0x6F7D, 0x6F7C, 0x6F7D, 0x6F9D, 0x6F7D, 0x6F9D, 0x633B, 0x6B7C, 0x6F7D, 0x6F7C, 0x6F7D, 0x6F7C, 0x6F7D, 0x6F9C, 0x6F7D, 0x6F7C, 
    0x6F7D, 0x6F9C, 0x6F7D, 0x6F9C, 0x6F7D, 0x6F9C, 0x6F7D, 0x6F7C, 0x6F7D, 0x6F9C, 0x6F7D, 0x6F9D, 0x6F7D, 0x6F9D, 0x6F7D, 0x739D, 
    0x6F9C, 0x6F9D, 0x6F9C, 0x6F7D, 0x6F9C, 0x6B7D, 0x6B7C, 0x3E12, 0x0000, 0x3E34, 0x6B7B, 0x675B, 0x6B5B, 0x675B, 0x6B5B, 0x675B, 
    0x6B7B, 0x675B, 0x6B7B, 0x675B, 0x6B7B, 0x675C, 0x6B7B, 0x675B, 0x6B7B, 0x675C, 0x6B7B, 0x675B, 0x6B5B, 0x675B, 0x6B5B, 0x675B, 
    0x6B5B, 0x675B, 0x6B5B, 0x675B, 0x6B5B, 0x675B, 0x6B5B, 0x675B, 0x6B5A, 0x675B, 0x6B5B, 0x673B, 0x675A, 0x675B, 0x675B, 0x675B, 
    0x675B, 0x673B, 0x675B, 0x675B, 0x675B, 0x673B, 0x675B, 0x675B, 0x675B, 0x675B, 0x675B, 0x675B, 0x675B, 0x675B, 0x675B, 0x673B, 
    0x673A, 0x5AF9, 0x5AF7, 0x5EF9, 0x5EF8, 0x52B6, 0x6339, 0x633B, 0x675A, 0x673B, 0x675B, 0x675B, 0x6B5B, 0x675B, 0x6B5A, 0x675B, 
    0x6B7B, 0x675B, 0x6B5A, 0x675B, 0x6B7B, 0x675B, 0x6B5A, 0x675B, 0x675A, 0x633A, 0x675A, 0x673B, 0x675A, 0x633A, 0x56D7, 0x4A76, 
    0x52B6, 0x5F1A, 0x675B, 0x675B, 0x6B7B, 0x675C, 0x6B7B, 0x6B5C, 0x6B7B, 0x675C, 0x6B7B, 0x6B5C, 0x6B7B, 0x6B5C, 0x6B7B, 0x6B5C, 
    0x6B7B, 0x6B5C, 0x6B7B, 0x6B5C, 0x6B7B, 0x6B5B, 0x6B7B, 0x6B5C, 0x6B7B, 0x6B5C, 0x6B7B, 0x675B, 0x675A, 0x675B, 0x6B7B, 0x675B, 
    0x6B7B, 0x675C, 0x6B7B, 0x675B, 0x6B7B, 0x675B, 0x6B7B, 0x675B, 0x6B7B, 0x675B, 0x6B7B, 0x675C, 0x6B7B, 0x675C, 0x675B, 0x673B, 
    0x77DE, 0x5295, 0x0000, 0x56B8, 0x4653, 0x4A75, 0x5F19, 0x5AF9, 0x5F19, 0x5B19, 0x5F19, 0x56D8, 0x04A6, 0x4654, 0x5F19, 0x5AF9, 
    0x5F18, 0x5EF9, 0x5F18, 0x5F19, 0x6319, 0x5F19, 0x5F18, 0x5F19, 0x6318, 0x5F19, 0x6319, 0x5F19, 0x5F19, 0x5F19, 0x5F19, 0x5F1A, 
    0x5F19, 0x5296, 0x41F0, 0x3108, 0x4082, 0x4C42, 0x4C61, 0x4C42, 0x5061, 0x4C41, 0x5041, 0x5041, 0x5041, 0x5021, 0x4441, 0x2442, 
    0x3C62, 0x4C41, 0x4862, 0x4421, 0x4000, 0x3D07, 0x41CE, 0x673A, 0x7BFF, 0x739D, 0x6F7B, 0x6F7D, 0x6F9C, 0x6B7D, 0x6F9C, 0x6F7C, 
    0x6F9C, 0x6F7D, 0x6F9C, 0x6F7D, 0x6F9C, 0x6F7D, 0x6F9C, 0x6F7D, 0x6F9C, 0x6F7D, 0x6F9C, 0x6B7C, 0x6F9C, 0x6B7D, 0x6F9C, 0x6F7D, 
    0x6B7C, 0x6B7D, 0x6F9C, 0x6B7D, 0x6F9D, 0x675C, 0x6B7B, 0x6F7D, 0x6F9C, 0x6F7D, 0x6F9C, 0x6F7D, 0x6F9C, 0x6F7D, 0x6F9C, 0x6B7C, 
    0x6F9C, 0x6F7D, 0x6F9C, 0x6B7C, 0x6F9C, 0x6B7C, 0x6F9C, 0x6F7D, 0x6F9C, 0x6F7D, 0x6F9C, 0x6F7D, 0x6F9C, 0x6F9D, 0x6F9C, 0x6F9D, 
    0x6F7D, 0x6F9C, 0x6F7D, 0x6F9C, 0x6F7D, 0x6F9C, 0x6B7C, 0x4231, 0x0000, 0x4234, 0x6B5C, 0x6B5A, 0x675B, 0x6B5B, 0x675B, 0x6B5B, 
    0x675C, 0x6B5B, 0x675C, 0x6B5B, 0x675C, 0x6B5B, 0x6B5C, 0x6B5B, 0x675C, 0x6B5B, 0x675C, 0x6B5B, 0x675C, 0x6B5B, 0x675B, 0x6B5B, 
    0x675C, 0x6B5B, 0x675B, 0x6B5B, 0x675B, 0x675A, 0x673B, 0x6B5B, 0x675B, 0x6B5B, 0x675B, 0x6B5B, 0x675B, 0x6B5B, 0x673B, 0x675B, 
    0x673B, 0x675B, 0x673B, 0x675B, 0x673B, 0x675B, 0x673B, 0x6B5B, 0x673B, 0x675B, 0x675B, 0x675B, 0x675B, 0x675B, 0x675B, 0x675B, 
    0x673B, 0x6339, 0x5AD8, 0x5AD7, 0x5AF9, 0x5AF7, 0x56D8, 0x633A, 0x673B, 0x675B, 0x675B, 0x6B5B, 0x675B, 0x6B5B, 0x675B, 0x6B5B, 
    0x675C, 0x6B5B, 0x675B, 0x6B5B, 0x675C, 0x6B5B, 0x675B, 0x6B5B, 0x675B, 0x675A, 0x673A, 0x675A, 0x673B, 0x675A, 0x5AF9, 0x4E75, 
    0x52B7, 0x5EF9, 0x675B, 0x6B5B, 0x6B5C, 0x6B7B, 0x6B5C, 0x6B7B, 0x6B5C, 0x6B7B, 0x6B5C, 0x6B7B, 0x6B5C, 0x6B7B, 0x6B5C, 0x6B7B, 
    0x6B5C, 0x6B7B, 0x6B5C, 0x6B7B, 0x6B5C, 0x6B7B, 0x6B5C, 0x6B7B, 0x6B5C, 0x6B7B, 0x6B5C, 0x6B5B, 0x675B, 0x673A, 0x675B, 0x6B5B, 
    0x6B5C, 0x6B5B, 0x675C, 0x6B7B, 0x6B5C, 0x6B7B, 0x675C, 0x6B7B, 0x675C, 0x6B7B, 0x675C, 0x6B7B, 0x6B5C, 0x6B5B, 0x675B, 0x739C, 
    0x739E, 0x294A, 0x4212, 0x52B7, 0x35B1, 0x52B7, 0x5EF9, 0x5F19, 0x5F1A, 0x5F19, 0x5EF9, 0x5AF8, 0x0C86, 0x4A74, 0x5F19, 0x5EF8, 
    0x5EF9, 0x5F18, 0x5EF9, 0x5F19, 0x5F19, 0x6319, 0x5F19, 0x6319, 0x5F19, 0x6339, 0x5F19, 0x6319, 0x5F19, 0x6319, 0x5F1A, 0x5F19, 
    0x5EF9, 0x5EF8, 0x56D8, 0x4A53, 0x312A, 0x4083, 0x4884, 0x4C61, 0x4C42, 0x5061, 0x4C42, 0x5041, 0x5041, 0x5041, 0x5041, 0x4C41, 
    0x3042, 0x3442, 0x4842, 0x4841, 0x4443, 0x4400, 0x3800, 0x2CE7, 0x5AD8, 0x7BFF, 0x77BE, 0x6F7C, 0x6F7C, 0x6F7C, 0x6F7D, 0x6F9C, 
    0x6F7D, 0x6F9C, 0x6F7C, 0x6F9C, 0x6F7D, 0x6F9C, 0x6F7D, 0x6F9C, 0x6F7D, 0x6F7C, 0x6F7D, 0x6F9C, 0x6F7D, 0x6F9C, 0x6F7D, 0x6F9C, 
    0x6B7D, 0x6F9C, 0x6F7D, 0x6F9D, 0x5F19, 0x5EF8, 0x6F7D, 0x6F7C, 0x6F7D, 0x6F9C, 0x6F7D, 0x6F9C, 0x6F7D, 0x6F9C, 0x6F7D, 0x6F9C, 
    0x6F7D, 0x6F7C, 0x6B7C, 0x6F9C, 0x6F7D, 0x6F9C, 0x6F7D, 0x6F7C, 0x6F7D, 0x6F9C, 0x6F7D, 0x6F9C, 0x6F7D, 0x6F9C, 0x6F7D, 0x6F9C, 
    0x6F9C, 0x6F9D, 0x6F9C, 0x6B7D, 0x6F9C, 0x6B9D, 0x6B7C, 0x3E11, 0x0000, 0x3E34, 0x6B7B, 0x675B, 0x6B5B, 0x675B, 0x6B7B, 0x675B, 
    0x675B, 0x675B, 0x6B7B, 0x675B, 0x6B7B, 0x675B, 0x6B7B, 0x675B, 0x6B7B, 0x675B, 0x6B7B, 0x675B, 0x6B7B, 0x675B, 0x6B7B, 0x675B, 
    0x6B5B, 0x675B, 0x6B5B, 0x675B, 0x675A, 0x675B, 0x675B, 0x675B, 0x675A, 0x675B, 0x675B, 0x675B, 0x675A, 0x675B, 0x675A, 0x675B, 
    0x675A, 0x675B, 0x675A, 0x675B, 0x675A, 0x675B, 0x675A, 0x675B, 0x675B, 0x675B, 0x675B, 0x675B, 0x675B, 0x675B, 0x675A, 0x635B, 
    0x675A, 0x633A, 0x5F19, 0x5B19, 0x5AF7, 0x5AF9, 0x5AF7, 0x5AF9, 0x675A, 0x675B, 0x675B, 0x675B, 0x6B5B, 0x675B, 0x6B7B, 0x675B, 
    0x6B7B, 0x675B, 0x6B7B, 0x675B, 0x6B7B, 0x675B, 0x6B7B, 0x675B, 0x6B7B, 0x675B, 0x675A, 0x675B, 0x675A, 0x633A, 0x5F18, 0x4E96, 
    0x56D7, 0x56D8, 0x635A, 0x675B, 0x6B7B, 0x675B, 0x6B7B, 0x675C, 0x6B7B, 0x677C, 0x6B7B, 0x677C, 0x6B7B, 0x6B5C, 0x6B7B, 0x6B7C, 
    0x6B7B, 0x6B7C, 0x6B7B, 0x675C, 0x6B7B, 0x6B5C, 0x6B7B, 0x675B, 0x6B7B, 0x675B, 0x6B7B, 0x675B, 0x6B7B, 0x673B, 0x675A, 0x675B, 
    0x6B7B, 0x675B, 0x6B7B, 0x675B, 0x6B7B, 0x675B, 0x6B7B, 0x675B, 0x6B7B, 0x675B, 0x6B7B, 0x675B, 0x6B7B, 0x675B, 0x6F7B, 0x73BD, 
    0x633A, 0x0424, 0x4653, 0x5F3A, 0x56D7, 0x5AF9, 0x5AF8, 0x5B19, 0x5F39, 0x5B19, 0x5F19, 0x56D8, 0x10C7, 0x4674, 0x6339, 0x5AF9, 
    0x5F18, 0x5F19, 0x5F39, 0x5F19, 0x6339, 0x5F19, 0x6339, 0x5F1A, 0x6339, 0x5F1A, 0x6339, 0x5F1A, 0x633A, 0x633B, 0x635A, 0x633A, 
    0x675A, 0x633A, 0x5F19, 0x5AD8, 0x4632, 0x1CA6, 0x2800, 0x38A4, 0x4083, 0x4C41, 0x5061, 0x5041, 0x5061, 0x4C41, 0x5041, 0x4C41, 
    0x5061, 0x3842, 0x2C41, 0x4042, 0x4841, 0x4042, 0x4062, 0x3800, 0x2800, 0x4E73, 0x77DD, 0x7BFF, 0x6F9C, 0x6B7C, 0x6F9C, 0x6B7C, 
    0x6F9C, 0x6B7C, 0x6F9C, 0x6B7C, 0x6F9C, 0x6F7C, 0x6F9C, 0x6B7C, 0x6F9C, 0x6B7D, 0x6F9C, 0x6B7C, 0x6F9C, 0x6F9D, 0x6F9C, 0x6B7D, 
    0x6F9C, 0x6B7D, 0x6F9D, 0x5F19, 0x35CE, 0x675B, 0x6F9C, 0x6B7C, 0x6F9C, 0x6B7C, 0x6F9C, 0x6B7C, 0x6F9C, 0x6B7C, 0x6F9C, 0x6B7C, 
    0x6F9C, 0x6B7C, 0x6F9C, 0x6B7C, 0x6F9C, 0x6B7C, 0x6F9C, 0x6B7C, 0x6F9C, 0x6B7C, 0x6F9C, 0x6F9D, 0x6F9C, 0x6F9D, 0x6F9C, 0x6F9D, 
    0x6F7D, 0x6F9C, 0x6F7D, 0x6F9D, 0x6F7D, 0x6F9D, 0x6B5C, 0x4211, 0x0000, 0x4233, 0x6B5C, 0x6B5B, 0x673B, 0x6B5B, 0x675C, 0x6B5B, 
    0x675C, 0x6B5B, 0x675C, 0x6B5B, 0x675C, 0x6B5B, 0x6B5C, 0x6B5B, 0x6B5C, 0x6B5B, 0x675C, 0x6B5B, 0x675C, 0x6B5B, 0x675C, 0x6B5B, 
    0x675C, 0x6B5B, 0x675C, 0x6B5B, 0x673B, 0x6B5B, 0x673C, 0x6B5B, 0x673B, 0x6B5B, 0x673B, 0x6B5B, 0x673B, 0x6B5B, 0x673B, 0x675B, 
    0x673B, 0x6B5B, 0x673B, 0x6B5B, 0x673B, 0x6B5B, 0x673B, 0x6B5B, 0x673C, 0x6B5B, 0x673B, 0x675B, 0x675C, 0x675B, 0x673B, 0x675B, 
    0x673B, 0x633A, 0x5F1A, 0x633A, 0x5EF9, 0x5EF8, 0x5EFA, 0x5EF8, 0x631B, 0x675B, 0x673B, 0x6B5B, 0x675C, 0x6B5B, 0x6B5C, 0x6B5B, 
    0x6B5C, 0x6B5B, 0x6B5C, 0x6B5B, 0x675B, 0x6B5B, 0x6B5B, 0x6B5B, 0x675B, 0x6B5B, 0x675B, 0x6B5B, 0x673B, 0x675B, 0x5EFA, 0x4E96, 
    0x4E96, 0x52B6, 0x5EF9, 0x6B5B, 0x675C, 0x6B5B, 0x6B5C, 0x6B7B, 0x6B5C, 0x6B7C, 0x6B5C, 0x6B7C, 0x6B5C, 0x6B7B, 0x6B5C, 0x6B7B, 
    0x6B5C, 0x6B7B, 0x6B5C, 0x6B7B, 0x6B5C, 0x6B7B, 0x6B5C, 0x6B7B, 0x6B5C, 0x6B7B, 0x6B5C, 0x6B5B, 0x6B5C, 0x6B5B, 0x673B, 0x6B5B, 
    0x6B5C, 0x6B5B, 0x6B5C, 0x6B5B, 0x6B5C, 0x6B5B, 0x6B5C, 0x6B5B, 0x6B5C, 0x6B5B, 0x6B5C, 0x6B5B, 0x675C, 0x6B7B, 0x6F7C, 0x6F7C, 
    0x4E96, 0x4A74, 0x2109, 0x4632, 0x631A, 0x673B, 0x5F1A, 0x5EF9, 0x5AF9, 0x5F19, 0x5F1A, 0x5AF8, 0x10C8, 0x4E74, 0x5F1A, 0x5EF9, 
    0x5EF9, 0x5F19, 0x5EFA, 0x6319, 0x5F1A, 0x633A, 0x631A, 0x673A, 0x633B, 0x675A, 0x633A, 0x673A, 0x631A, 0x5EF8, 0x56D8, 0x52B6, 
    0x4E75, 0x4A53, 0x39D0, 0x3DF0, 0x4212, 0x4632, 0x318E, 0x294A, 0x292B, 0x40A6, 0x4C00, 0x5041, 0x5042, 0x5041, 0x5041, 0x5041, 
    0x5041, 0x5041, 0x4842, 0x3042, 0x3442, 0x4841, 0x4421, 0x4042, 0x3C42, 0x2C00, 0x396D, 0x6B5A, 0x7FFF, 0x77BD, 0x6B5C, 0x6F7C, 
    0x6F7C, 0x6F7C, 0x6F7D, 0x6F7C, 0x6F7D, 0x6F9C, 0x6F7D, 0x6F7C, 0x6F7D, 0x6F9C, 0x6F7D, 0x6F7C, 0x6F7D, 0x6F7C, 0x6F7D, 0x6F9C, 
    0x6F7D, 0x739D, 0x6B5C, 0x35AE, 0x5F19, 0x739D, 0x6F7D, 0x6F7C, 0x6F7D, 0x6F7C, 0x6F7D, 0x6F7C, 0x6F7D, 0x6F7C, 0x6F7D, 0x6F9C, 
    0x6F7D, 0x6F7C, 0x6F7D, 0x6F7C, 0x6F7D, 0x6F9C, 0x6F7D, 0x6F7C, 0x6F7D, 0x6F9C, 0x6F7D, 0x6F9D, 0x6F7D, 0x6F9D, 0x6F7D, 0x739D, 
    0x6F9C, 0x6F7D, 0x6F9C, 0x6F7D, 0x6F9C, 0x6B7D, 0x6B7C, 0x3E12, 0x0000, 0x3E33, 0x6B7B, 0x673B, 0x675A, 0x675B, 0x6B5B, 0x675B, 
    0x6B5B, 0x675B, 0x675B, 0x675C, 0x6B7B, 0x675C, 0x6B7B, 0x675C, 0x6B5B, 0x675B, 0x6B5B, 0x675B, 0x675B, 0x675B, 0x6B5B, 0x675B, 
    0x675B, 0x675B, 0x6B5B, 0x675B, 0x675B, 0x675B, 0x675B, 0x675B, 0x675B, 0x675B, 0x675B, 0x675B, 0x675B, 0x675B, 0x675B, 0x675B, 
    0x675A, 0x675B, 0x675A, 0x673B, 0x675B, 0x675B, 0x675A, 0x673B, 0x675B, 0x675B, 0x675B, 0x675B, 0x675B, 0x675B, 0x675B, 0x675B, 
    0x675A, 0x5F1A, 0x6319, 0x5F19, 0x6339, 0x5F1A, 0x5F19, 0x5AD9, 0x633A, 0x633B, 0x675A, 0x675B, 0x6B5B, 0x675B, 0x6B5B, 0x675B, 
    0x6B5B, 0x675B, 0x6B7B, 0x675B, 0x6B7B, 0x675B, 0x6B7B, 0x675B, 0x6B5B, 0x675B, 0x6B5B, 0x675B, 0x675A, 0x673B, 0x5F19, 0x4A96, 
    0x4E96, 0x4E96, 0x5AF8, 0x633B, 0x675B, 0x675B, 0x6B7B, 0x675B, 0x6B7B, 0x6B5C, 0x6B7B, 0x675C, 0x6B7B, 0x6B5C, 0x6B7B, 0x6B5C, 
    0x6B7B, 0x6B5C, 0x6B7B, 0x6B5C, 0x6B7B, 0x6B5C, 0x6B7B, 0x6B5C, 0x6B7B, 0x675C, 0x6B7B, 0x675C, 0x6B7B, 0x675B, 0x675A, 0x633A, 
    0x6B5B, 0x675C, 0x6B7B, 0x675C, 0x6B7B, 0x675B, 0x6B7B, 0x675B, 0x6B7B, 0x675C, 0x6B7B, 0x675B, 0x6B7B, 0x6B5B, 0x73BD, 0x5AF9, 
    0x5AF8, 0x6B7C, 0x633A, 0x4633, 0x296B, 0x39F0, 0x56D6, 0x633A, 0x633A, 0x5F1A, 0x5F19, 0x56F9, 0x14E8, 0x4A75, 0x635A, 0x633A, 
    0x675A, 0x673B, 0x675A, 0x5F3A, 0x5F19, 0x5AF8, 0x5AF7, 0x5295, 0x4E94, 0x4232, 0x3E10, 0x4232, 0x4211, 0x35D0, 0x4632, 0x4232, 
    0x4A73, 0x5296, 0x5AF7, 0x5F1A, 0x6339, 0x5F19, 0x5EF8, 0x5296, 0x4211, 0x358D, 0x3D07, 0x4821, 0x5061, 0x4C41, 0x5060, 0x4C41, 
    0x5041, 0x4C41, 0x5041, 0x4C42, 0x3841, 0x2C42, 0x4441, 0x4421, 0x4041, 0x3C64, 0x3400, 0x2800, 0x5AD5, 0x7BDF, 0x7BDE, 0x6B7C, 
    0x6F7C, 0x6B7C, 0x6F7C, 0x6B7C, 0x6F9C, 0x6F7D, 0x6F9C, 0x6F7D, 0x6F9C, 0x6B7C, 0x6F9C, 0x6F7C, 0x6F9C, 0x6B7C, 0x6F9C, 0x6F9D, 
    0x6F9C, 0x6F7D, 0x56D6, 0x5F19, 0x739D, 0x6B7C, 0x6F9C, 0x6F7C, 0x6F9C, 0x6F7D, 0x6F9C, 0x6F7D, 0x6F9C, 0x6F7D, 0x6F9C, 0x6B7D, 
    0x6F9C, 0x6B7C, 0x6F9C, 0x6B7C, 0x6F9C, 0x6F7C, 0x6F9C, 0x6B7D, 0x6F9C, 0x6F7D, 0x6F9C, 0x6F7D, 0x6F9C, 0x6F9D, 0x6F9C, 0x6B7C, 
    0x6F7D, 0x6F9C, 0x6F7D, 0x6F9C, 0x6F7D, 0x6F9C, 0x6B5C, 0x4232, 0x0000, 0x3E33, 0x6B5B, 0x6B5B, 0x675B, 0x6B5B, 0x675B, 0x6B5B, 
    0x675C, 0x6B5B, 0x675C, 0x6B5B, 0x675C, 0x6B5B, 0x675C, 0x6B5B, 0x675C, 0x6B5B, 0x675B, 0x6B5B, 0x675B, 0x6B5B, 0x675B, 0x6B5B, 
    0x675B, 0x6B5B, 0x675B, 0x675B, 0x675B, 0x6B5B, 0x675B, 0x675B, 0x675B, 0x675B, 0x675B, 0x6B5B, 0x673B, 0x675B, 0x673B, 0x675A, 
    0x673B, 0x675A, 0x673B, 0x675B, 0x673B, 0x675A, 0x673B, 0x675B, 0x673B, 0x675B, 0x675B, 0x675B, 0x675B, 0x675B, 0x673B, 0x675B, 
    0x673B, 0x6339, 0x5F19, 0x5F18, 0x5F19, 0x633A, 0x631B, 0x5EF8, 0x5F1A, 0x675A, 0x673B, 0x6B5B, 0x675B, 0x6B5B, 0x675C, 0x6B5B, 
    0x675B, 0x6B5B, 0x6B5B, 0x6B7B, 0x675B, 0x6B5B, 0x675B, 0x6B5B, 0x675B, 0x6B5B, 0x675B, 0x6B5B, 0x675B, 0x675A, 0x56D8, 0x4E96, 
    0x4A76, 0x4E95, 0x56B8, 0x5F18, 0x675B, 0x6B5B, 0x673B, 0x6B5B, 0x6B5C, 0x6B7B, 0x6B5C, 0x6B7B, 0x6B5C, 0x6B7B, 0x6B5C, 0x6B7B, 
    0x6B5C, 0x6B7B, 0x6B5C, 0x6B7B, 0x6B5C, 0x6B7B, 0x6B5C, 0x6B7B, 0x6B5C, 0x6B7B, 0x6B5C, 0x6B7B, 0x675C, 0x6B5B, 0x675B, 0x673A, 
    0x633A, 0x6B5B, 0x675C, 0x6B7B, 0x675C, 0x6B7B, 0x675B, 0x6B7B, 0x675C, 0x6B7B, 0x6B5C, 0x6B5B, 0x6B5B, 0x739C, 0x6B5C, 0x56D7, 
    0x675C, 0x6B7C, 0x6B7C, 0x6F9C, 0x673B, 0x52B5, 0x35AE, 0x318C, 0x4633, 0x5AF7, 0x633B, 0x633A, 0x210B, 0x4633, 0x56B7, 0x4EB4, 
    0x4A74, 0x4652, 0x3DF1, 0x39F0, 0x3DF1, 0x4211, 0x4633, 0x4E74, 0x5296, 0x5AD7, 0x5EF9, 0x6319, 0x5AD8, 0x675A, 0x675B, 0x6B5B, 
    0x675C, 0x6B5B, 0x675C, 0x675A, 0x633B, 0x673A, 0x631A, 0x6319, 0x5AD8, 0x4E74, 0x39CF, 0x3908, 0x4063, 0x4C61, 0x5042, 0x5041, 
    0x5041, 0x5041, 0x4C41, 0x5041, 0x5042, 0x4441, 0x2C42, 0x3C42, 0x4822, 0x4421, 0x4063, 0x3C20, 0x2800, 0x41EF, 0x6F9D, 0x7FFF, 
    0x6F7C, 0x6F7C, 0x6F7D, 0x6F9C, 0x6F7C, 0x6F9C, 0x6F7D, 0x6F9C, 0x6F7C, 0x6F9C, 0x6B7C, 0x6F9C, 0x6F7C, 0x6F9C, 0x6F7C, 0x6F9C, 
    0x6F9D, 0x5EF8, 0x5AF8, 0x739D, 0x6B7C, 0x6F9C, 0x6F7D, 0x6F9C, 0x6F7D, 0x6F7C, 0x6F7D, 0x6F7C, 0x6F7D, 0x6F9C, 0x6F7D, 0x6F7C, 
    0x6B7C, 0x6F7C, 0x6F7D, 0x6F7C, 0x6F7C, 0x6F7C, 0x6F7D, 0x6F7C, 0x6F7D, 0x6F9C, 0x6F7D, 0x6F9C, 0x6F7D, 0x6F9C, 0x6F7D, 0x6F7C, 
    0x6F9C, 0x6B7C, 0x6F9C, 0x6F9D, 0x6F9C, 0x6B9D, 0x6B7B, 0x3E32, 0x0000, 0x3E33, 0x6B7B, 0x675B, 0x675A, 0x675B, 0x675B, 0x675B, 
    0x675B, 0x675B, 0x675A, 0x675B, 0x6B7B, 0x675B, 0x6B7B, 0x675B, 0x6B7B, 0x675B, 0x677B, 0x675B, 0x675B, 0x675B, 0x675B, 0x675B, 
    0x675B, 0x675B, 0x675B, 0x675B, 0x675B, 0x675B, 0x675B, 0x675B, 0x675B, 0x675B, 0x675B, 0x675B, 0x675A, 0x675B, 0x675B, 0x675B, 
    0x675A, 0x675B, 0x675A, 0x675B, 0x675A, 0x633B, 0x675A, 0x635B, 0x675A, 0x675B, 0x675A, 0x675B, 0x675A, 0x675B, 0x675A, 0x635B, 
    0x675A, 0x633B, 0x5F19, 0x5EF9, 0x6339, 0x633A, 0x635A, 0x5F1A, 0x5F19, 0x633B, 0x675A, 0x675B, 0x675B, 0x675C, 0x6B7B, 0x675B, 
    0x6B7B, 0x675B, 0x6B7B, 0x675B, 0x6B7B, 0x675B, 0x6B7B, 0x675B, 0x6B7B, 0x675B, 0x6B7B, 0x675B, 0x675A, 0x675B, 0x5F39, 0x4E96, 
    0x4A54, 0x4E96, 0x56F7, 0x56D7, 0x5F39, 0x675C, 0x6B7B, 0x675B, 0x6B7B, 0x675B, 0x6B7B, 0x675C, 0x6B7B, 0x675C, 0x6B7B, 0x675C, 
    0x6B7B, 0x6B5C, 0x6B7B, 0x675C, 0x6B7B, 0x6B5C, 0x6B7B, 0x675B, 0x6B7B, 0x675B, 0x6B7B, 0x675B, 0x6B7B, 0x675B, 0x6B7B, 0x675B, 
    0x6759, 0x675A, 0x677B, 0x675B, 0x6B7B, 0x675B, 0x6B7B, 0x675C, 0x6B7B, 0x675C, 0x677B, 0x6B7C, 0x6B7A, 0x739D, 0x5AF7, 0x633A, 
    0x6F9C, 0x6B7C, 0x6B7B, 0x6B7C, 0x6B9C, 0x6B7C, 0x6B7B, 0x56F8, 0x3E31, 0x296B, 0x31AC, 0x52D7, 0x3A11, 0x4254, 0x4A74, 0x4A74, 
    0x52B6, 0x56D7, 0x5F18, 0x5F1A, 0x675A, 0x675B, 0x6B7B, 0x675C, 0x6B7B, 0x675B, 0x677B, 0x675B, 0x675B, 0x675B, 0x675A, 0x675B, 
    0x675A, 0x675B, 0x675A, 0x635B, 0x675A, 0x633A, 0x6339, 0x5F19, 0x5F18, 0x5EF8, 0x5294, 0x4211, 0x314A, 0x4084, 0x5062, 0x5041, 
    0x5061, 0x4C41, 0x5061, 0x4C41, 0x5060, 0x5041, 0x4C41, 0x3442, 0x3041, 0x4842, 0x4820, 0x4042, 0x4083, 0x3000, 0x28A7, 0x5F18, 
    0x7FFE, 0x73BD, 0x6B7B, 0x6B7C, 0x6F9C, 0x6B7C, 0x6F9C, 0x6B7C, 0x6F9C, 0x6B7C, 0x6F9C, 0x6F7C, 0x6F9C, 0x6B7C, 0x6F9C, 0x635B, 
    0x675B, 0x675C, 0x6F9C, 0x6B7C, 0x6F9C, 0x6F7C, 0x6F9C, 0x6B7C, 0x6F9C, 0x6B7C, 0x6F9C, 0x6B7C, 0x6F9C, 0x6B7C, 0x6F7C, 0x6B7C, 
    0x6F9C, 0x6B7C, 0x6F9C, 0x6B7C, 0x6F9C, 0x6B7C, 0x6F9C, 0x6B7C, 0x6F9B, 0x6B7C, 0x6F9C, 0x6B7C, 0x6F9C, 0x6F9D, 0x6F9C, 0x6F7D, 
    0x6F7D, 0x6F9C, 0x6F7D, 0x6F9D, 0x6F7D, 0x6F9D, 0x675C, 0x4232, 0x0000, 0x3E33, 0x6B5C, 0x6B5B, 0x673B, 0x6B5B, 0x675C, 0x6B5B, 
    0x675C, 0x6B5B, 0x673B, 0x6B5B, 0x675C, 0x6B5B, 0x675C, 0x6B5B, 0x675C, 0x6B5B, 0x673B, 0x6B5B, 0x675C, 0x6B5B, 0x673C, 0x6B5B, 
    0x673B, 0x6B5B, 0x675C, 0x6B5B, 0x673C, 0x675B, 0x673B, 0x6B5B, 0x673B, 0x6B5B, 0x673C, 0x6B5B, 0x673B, 0x675B, 0x673B, 0x675B, 
    0x673B, 0x675B, 0x673B, 0x675B, 0x673B, 0x675B, 0x673B, 0x675B, 0x673B, 0x675B, 0x673B, 0x675B, 0x673B, 0x675B, 0x673B, 0x675B, 
    0x673B, 0x673B, 0x5F1A, 0x6319, 0x631A, 0x633A, 0x633B, 0x673A, 0x5F1A, 0x633A, 0x673B, 0x6B5B, 0x675C, 0x6B5B, 0x675C, 0x6B5B, 
    0x6B5C, 0x6B5B, 0x6B5B, 0x6B5B, 0x6B5B, 0x6B5B, 0x6B5B, 0x6B5B, 0x6B5C, 0x6B5B, 0x675B, 0x6B5B, 0x675B, 0x6B5B, 0x673B, 0x6319, 
    0x4A55, 0x4E75, 0x56D8, 0x5AF8, 0x5AD8, 0x673A, 0x675C, 0x6B5B, 0x6B5C, 0x6B5B, 0x6B5C, 0x6B5B, 0x6B5C, 0x6B7B, 0x6B5C, 0x6B7B, 
    0x6B5C, 0x6B5B, 0x6B5C, 0x6B5B, 0x6B5C, 0x6B7B, 0x6B5C, 0x6B5B, 0x6B5C, 0x6B7B, 0x6B5C, 0x6B5B, 0x6B5C, 0x6B5B, 0x675C, 0x6B5B, 
    0x673B, 0x6B5B, 0x673B, 0x6B5B, 0x675C, 0x6B5B, 0x6B5C, 0x6B7B, 0x6B5C, 0x6B7B, 0x6B5C, 0x6B5B, 0x6F7D, 0x673A, 0x5AD8, 0x6F7C, 
    0x6B7C, 0x6F7C, 0x6B7C, 0x6F7C, 0x6B5C, 0x6B7C, 0x675B, 0x673A, 0x673B, 0x633A, 0x56B7, 0x3DD0, 0x0844, 0x5AF8, 0x6B5C, 0x6B7B, 
    0x6B5C, 0x6B7B, 0x6B5C, 0x6B5B, 0x673C, 0x6B5B, 0x673B, 0x6B5B, 0x633B, 0x673A, 0x675B, 0x6B5B, 0x675C, 0x6B5B, 0x673B, 0x6B5B, 
    0x675B, 0x6B5B, 0x675B, 0x675B, 0x673B, 0x675A, 0x673B, 0x633A, 0x5F1A, 0x6319, 0x5EF8, 0x5EF8, 0x4A54, 0x398C, 0x3CC7, 0x4C63, 
    0x5042, 0x5461, 0x5042, 0x5061, 0x5041, 0x5041, 0x5041, 0x5441, 0x4042, 0x2C42, 0x4022, 0x4C21, 0x4421, 0x4463, 0x3C00, 0x2800, 
    0x4E53, 0x7BDE, 0x7BDE, 0x6F7C, 0x6B7C, 0x6F7C, 0x6F7C, 0x6F7C, 0x6F7C, 0x6F9C, 0x6F7D, 0x6F9C, 0x6F7D, 0x6F9C, 0x6F7D, 0x6B7C, 
    0x6B5C, 0x6F7D, 0x6F7D, 0x6F7C, 0x6F7D, 0x6F7C, 0x6F7D, 0x6F7C, 0x6F7D, 0x6F7C, 0x6F7D, 0x6F7C, 0x6F7D, 0x6F7C, 0x6F7D, 0x6F7C, 
    0x6F7C, 0x6F7C, 0x6F7D, 0x6F7C, 0x6F7D, 0x6F7C, 0x6F7D, 0x6F7C, 0x6F7C, 0x6F9C, 0x6F7D, 0x6F9C, 0x6F7D, 0x6F9C, 0x6F7D, 0x6F9C, 
    0x6F9C, 0x6F7D, 0x6F9C, 0x6F7D, 0x6F9C, 0x6B7D, 0x677B, 0x3E12, 0x0000, 0x3E13, 0x6B7B, 0x673B, 0x675B, 0x675B, 0x675B, 0x675B, 
    0x675B, 0x675B, 0x6B5B, 0x675B, 0x6B5B, 0x675B, 0x6B7B, 0x675B, 0x6B5B, 0x675B, 0x675B, 0x675B, 0x6B5B, 0x675C, 0x6B5B, 0x675B, 
    0x675B, 0x675B, 0x675B, 0x675B, 0x675B, 0x675B, 0x675B, 0x675B, 0x675B, 0x675B, 0x675B, 0x675B, 0x675B, 0x673B, 0x675B, 0x675B, 
    0x675A, 0x673B, 0x675A, 0x673B, 0x675A, 0x673B, 0x675A, 0x673B, 0x675A, 0x673B, 0x675A, 0x633B, 0x675B, 0x675B, 0x675B, 0x633B, 
    0x675A, 0x633B, 0x6339, 0x5EF8, 0x6339, 0x633A, 0x635A, 0x633B, 0x633A, 0x5F1A, 0x673A, 0x673B, 0x675B, 0x675B, 0x6B5B, 0x675B, 
    0x6B7B, 0x675B, 0x6B7B, 0x675B, 0x6B5B, 0x675B, 0x6B7B, 0x675B, 0x6B7B, 0x675B, 0x6B5B, 0x675B, 0x6B5B, 0x675B, 0x675B, 0x633B, 
    0x56D7, 0x3E13, 0x52B6, 0x5AF9, 0x5AF7, 0x5F19, 0x675A, 0x675C, 0x6B7B, 0x675C, 0x6B7B, 0x675C, 0x6B7B, 0x6B5C, 0x6B7B, 0x675C, 
    0x6B7B, 0x675C, 0x6B7B, 0x6B5C, 0x6B7B, 0x6B5C, 0x6B7B, 0x6B5C, 0x6B7B, 0x6B5C, 0x6B7B, 0x675C, 0x6B7B, 0x675B, 0x6B7B, 0x675B, 
    0x6B5B, 0x675B, 0x6B5B, 0x675B, 0x6B7B, 0x675C, 0x6B7B, 0x675C, 0x6B7B, 0x675C, 0x6B7C, 0x675A, 0x6F9C, 0x52B7, 0x675A, 0x6B7C, 
    0x6F9C, 0x6B7C, 0x6F9C, 0x6B7C, 0x6F7C, 0x6B7C, 0x633A, 0x633B, 0x675A, 0x633B, 0x6B9C, 0x52B6, 0x0000, 0x56D7, 0x675B, 0x673B, 
    0x675A, 0x673B, 0x675B, 0x675B, 0x6B5B, 0x675B, 0x6B5B, 0x675B, 0x675B, 0x675B, 0x6B5B, 0x675B, 0x6B5B, 0x675B, 0x6B5B, 0x675B, 
    0x6B5B, 0x675B, 0x6B5B, 0x675B, 0x675A, 0x673B, 0x675A, 0x633A, 0x6339, 0x5F19, 0x5F18, 0x5F19, 0x5F18, 0x5295, 0x39CE, 0x30C7, 
    0x4483, 0x5062, 0x5461, 0x5042, 0x5061, 0x5041, 0x5061, 0x5041, 0x5441, 0x4842, 0x2C41, 0x3842, 0x4C41, 0x4821, 0x4462, 0x4063, 
    0x3000, 0x396C, 0x6F7B, 0x7BFF, 0x73BC, 0x6B7C, 0x6F7C, 0x6F7C, 0x6F9C, 0x6F7C, 0x6F9C, 0x6F7C, 0x6F9C, 0x6B7C, 0x739D, 0x6F9D, 
    0x6F9C, 0x6F7D, 0x6F9C, 0x6B7C, 0x6F9C, 0x6B7C, 0x6F9C, 0x6F7C, 0x6F9C, 0x6B7C, 0x6F9C, 0x6B7C, 0x6F9C, 0x6B7C, 0x6F9C, 0x6B7C, 
    0x6F9C, 0x6B7C, 0x6F9C, 0x6B7C, 0x6F9C, 0x6F7C, 0x6F9C, 0x6B7C, 0x6F9C, 0x6B7C, 0x6F9C, 0x6F7D, 0x6F9C, 0x6F7D, 0x6F9C, 0x6F7D, 
    0x6F7D, 0x6F9C, 0x6F7D, 0x6F9C, 0x6F7D, 0x6F9C, 0x675C, 0x4231, 0x0000, 0x4232, 0x6B5B, 0x6B5B, 0x673B, 0x6B5B, 0x675B, 0x675B, 
    0x675C, 0x6B5B, 0x675B, 0x6B5B, 0x675C, 0x6B5B, 0x675B, 0x6B5B, 0x675B, 0x6B5B, 0x675B, 0x6B5B, 0x675B, 0x6B5B, 0x675B, 0x6B5B, 
    0x673B, 0x675B, 0x675B, 0x6B5B, 0x675B, 0x675B, 0x675B, 0x675B, 0x675B, 0x675B, 0x675B, 0x675B, 0x673B, 0x675B, 0x673B, 0x675B, 
    0x673B, 0x675A, 0x673B, 0x675A, 0x673B, 0x675A, 0x673B, 0x673A, 0x673B, 0x675A, 0x673B, 0x675A, 0x673B, 0x675B, 0x673B, 0x675A, 
    0x633B, 0x673B, 0x631B, 0x5F18, 0x5F19, 0x673A, 0x633B, 0x675A, 0x633B, 0x673A, 0x631A, 0x673A, 0x673B, 0x6B5B, 0x675B, 0x6B5B, 
    0x675C, 0x6B5B, 0x675B, 0x6B5B, 0x675B, 0x6B5B, 0x675B, 0x6B7B, 0x675B, 0x6B5B, 0x6B5C, 0x6B5B, 0x675B, 0x6B5B, 0x675B, 0x675A, 
    0x633B, 0x52B7, 0x3E14, 0x5F19, 0x5EF9, 0x5AF7, 0x631A, 0x675B, 0x675C, 0x6B5B, 0x675C, 0x6B7B, 0x675C, 0x6B7B, 0x6B5C, 0x6B7B, 
    0x6B5C, 0x6B7B, 0x6B5C, 0x6B7B, 0x6B5C, 0x6B7B, 0x6B5C, 0x6B7B, 0x6B5C, 0x6B7B, 0x6B5C, 0x6B7B, 0x675C, 0x6B7B, 0x675C, 0x6B5B, 
    0x675C, 0x6B5B, 0x675B, 0x6B5B, 0x673B, 0x6B7B, 0x675C, 0x6B7B, 0x675C, 0x6F7C, 0x673A, 0x739C, 0x5F19, 0x5AF8, 0x6B7C, 0x6F7C, 
    0x6B7C, 0x6F9C, 0x6B7D, 0x6F7C, 0x6B7C, 0x675B, 0x633A, 0x6B5B, 0x675B, 0x675A, 0x6B7C, 0x56B6, 0x0000, 0x56D7, 0x675C, 0x675A, 
    0x673B, 0x6B5B, 0x675B, 0x6B5B, 0x675B, 0x6B5B, 0x675B, 0x6B5B, 0x675B, 0x6B5B, 0x675B, 0x6B5B, 0x675B, 0x6B5B, 0x675C, 0x6B5B, 
    0x675B, 0x6B5B, 0x675B, 0x6B5B, 0x673B, 0x675A, 0x633A, 0x673A, 0x5EF9, 0x5EF8, 0x5F19, 0x6339, 0x631A, 0x6319, 0x5AD8, 0x4A53, 
    0x352B, 0x3CC5, 0x4863, 0x5461, 0x5442, 0x5461, 0x5041, 0x5461, 0x5441, 0x5841, 0x5042, 0x3841, 0x2C43, 0x4842, 0x4C21, 0x4841, 
    0x4484, 0x3800, 0x2C44, 0x5EF7, 0x7BDF, 0x7BDE, 0x6B7C, 0x6F7B, 0x6F7C, 0x6F7B, 0x6F7C, 0x6F9C, 0x6F7C, 0x739D, 0x673B, 0x6739, 
    0x6F7D, 0x6F7C, 0x6F7C, 0x6F7C, 0x6F7D, 0x6F9C, 0x6F7D, 0x6F9C, 0x6F7D, 0x6F9C, 0x6F7D, 0x6F7C, 0x6F7D, 0x6F7C, 0x6B7C, 0x6F7C, 
    0x6B7D, 0x6F7C, 0x6F7D, 0x6F7C, 0x6F7C, 0x6F9C, 0x6F7D, 0x6F7C, 0x6F7C, 0x6F7C, 0x6F7D, 0x6F9C, 0x6F7D, 0x6F9C, 0x6F7D, 0x6F9C, 
    0x6F9C, 0x6F9D, 0x6F9C, 0x6F9D, 0x6F9C, 0x6B9D, 0x6B7B, 0x3E12, 0x0000, 0x3E32, 0x6B7A, 0x675B, 0x675B, 0x675B, 0x675B, 0x675B, 
    0x677B, 0x675B, 0x675B, 0x675B, 0x677B, 0x675B, 0x675B, 0x675B, 0x677B, 0x675B, 0x675B, 0x675B, 0x675B, 0x675B, 0x675B, 0x675B, 
    0x675B, 0x675B, 0x675B, 0x675B, 0x675B, 0x675B, 0x675A, 0x675B, 0x675A, 0x675B, 0x675A, 0x635B, 0x675A, 0x635B, 0x675A, 0x633B, 
    0x675A, 0x633B, 0x675A, 0x633B, 0x675A, 0x633B, 0x675A, 0x633B, 0x675A, 0x633A, 0x675A, 0x633A, 0x675A, 0x633B, 0x675A, 0x633B, 
    0x675A, 0x633B, 0x635A, 0x633A, 0x5F19, 0x631A, 0x635A, 0x633B, 0x675A, 0x633B, 0x633A, 0x631A, 0x675A, 0x675B, 0x675B, 0x675B, 
    0x6B7B, 0x675B, 0x6B7B, 0x675B, 0x6B7B, 0x675B, 0x6B7B, 0x675B, 0x6B7B, 0x675B, 0x6B7B, 0x675B, 0x6B7B, 0x675B, 0x677B, 0x675B, 
    0x675A, 0x5F3A, 0x4A96, 0x4EB7, 0x633A, 0x5AF8, 0x5F18, 0x675B, 0x677B, 0x675B, 0x6B7B, 0x675B, 0x6B7B, 0x675C, 0x6B7B, 0x675C, 
    0x6B7B, 0x675C, 0x6B7B, 0x677C, 0x6B7B, 0x675C, 0x6B7B, 0x675C, 0x6B7B, 0x675B, 0x6B7B, 0x675B, 0x6B7B, 0x675B, 0x6B7B, 0x675B, 
    0x6B7B, 0x675B, 0x675A, 0x675B, 0x6B7B, 0x675B, 0x6B7B, 0x675B, 0x6B7B, 0x675B, 0x6B5A, 0x6F7C, 0x56D6, 0x633B, 0x6B9C, 0x6B7C, 
    0x6B9C, 0x6B7C, 0x6F9C, 0x6B7C, 0x6B7B, 0x633A, 0x677B, 0x675B, 0x675A, 0x633A, 0x6B9C, 0x56B7, 0x0000, 0x52D7, 0x677B, 0x675B, 
    0x675B, 0x675B, 0x675A, 0x675B, 0x675B, 0x675B, 0x6B7B, 0x675B, 0x6B7B, 0x675B, 0x6B7B, 0x675B, 0x677B, 0x675B, 0x6B5B, 0x675B, 
    0x6B7B, 0x675B, 0x675B, 0x675B, 0x675A, 0x673B, 0x675A, 0x633A, 0x6339, 0x633A, 0x6339, 0x633A, 0x675A, 0x52B5, 0x4E72, 0x5EF8, 
    0x52B5, 0x39CF, 0x3528, 0x4484, 0x5062, 0x5462, 0x5461, 0x5061, 0x5461, 0x5041, 0x5461, 0x5441, 0x4461, 0x2442, 0x4062, 0x4C41, 
    0x4840, 0x4063, 0x3C00, 0x2800, 0x4A51, 0x6B7B, 0x7BFE, 0x73BD, 0x6F7B, 0x6B7C, 0x6F9B, 0x6B7C, 0x6FBD, 0x5F1A, 0x4A51, 0x6B7C, 
    0x6F9D, 0x6F9D, 0x6F9C, 0x6B7C, 0x6F9B, 0x6B7C, 0x6F9C, 0x6B7C, 0x6F9C, 0x6B7C, 0x6F9C, 0x6B7C, 0x6F9C, 0x6B7C, 0x6F9C, 0x6B7C, 
    0x6F9C, 0x6B7C, 0x6F9C, 0x6B7C, 0x6F9C, 0x6B7C, 0x6F9C, 0x6B7C, 0x6F9C, 0x6B7C, 0x6F9C, 0x6B7D, 0x6F9C, 0x6B7D, 0x6F9C, 0x6F9D, 
    0x6F7D, 0x6F9C, 0x6F7D, 0x6F9D, 0x6F7D, 0x6F9D, 0x675C, 0x4231, 0x0000, 0x4232, 0x6B5B, 0x6B5A, 0x673B, 0x6B5B, 0x675C, 0x6B5B, 
    0x675B, 0x6B5B, 0x673B, 0x6B5B, 0x675B, 0x6B5B, 0x673B, 0x6B5B, 0x673B, 0x6B5B, 0x675B, 0x6B5B, 0x675B, 0x6B5B, 0x673B, 0x6B5B, 
    0x675C, 0x6B5B, 0x673B, 0x675B, 0x673B, 0x675B, 0x673B, 0x675B, 0x673B, 0x675B, 0x673B, 0x675B, 0x673B, 0x675B, 0x673B, 0x675B, 
    0x673B, 0x673B, 0x673B, 0x675A, 0x673B, 0x673B, 0x673B, 0x673A, 0x673B, 0x673A, 0x673B, 0x673B, 0x673B, 0x673B, 0x673B, 0x673A, 
    0x673B, 0x673B, 0x633B, 0x673A, 0x631A, 0x6319, 0x633B, 0x675A, 0x673B, 0x673B, 0x633B, 0x631A, 0x631B, 0x6B5B, 0x675C, 0x6B5B, 
    0x675B, 0x6B5B, 0x673B, 0x6B5B, 0x6B5C, 0x6B5B, 0x675B, 0x6B5B, 0x6B5B, 0x6B5B, 0x6B5C, 0x6B5B, 0x6B5C, 0x6B5B, 0x675C, 0x6B5B, 
    0x675C, 0x675B, 0x5AF9, 0x4655, 0x56D9, 0x633A, 0x5AD8, 0x6319, 0x675C, 0x6B5B, 0x6B5C, 0x6B5B, 0x6B5C, 0x6B5C, 0x6B5C, 0x6B7C, 
    0x6B5C, 0x6B7B, 0x6B5C, 0x6B7B, 0x6B5C, 0x6B5B, 0x6B5C, 0x6B5B, 0x6B5C, 0x6B7B, 0x6B5C, 0x6B5B, 0x6B5C, 0x6B5B, 0x675C, 0x6B5B, 
    0x6B5C, 0x6B5B, 0x675C, 0x6B5B, 0x675C, 0x6B5B, 0x673B, 0x6B7B, 0x6B7C, 0x6739, 0x737D, 0x6319, 0x5AD8, 0x6B7C, 0x6B7D, 0x6F7C, 
    0x6B7D, 0x6F7C, 0x6B7D, 0x6F7C, 0x675B, 0x675B, 0x6B5C, 0x6B7C, 0x675C, 0x6B5B, 0x6B7C, 0x56B6, 0x0400, 0x5AD7, 0x675C, 0x6B5B, 
    0x673B, 0x6B5B, 0x673B, 0x6B5B, 0x675B, 0x6B5B, 0x675C, 0x6B5B, 0x675C, 0x6B5B, 0x675C, 0x6B5B, 0x6B5C, 0x6B5B, 0x675C, 0x6B5B, 
    0x6B5C, 0x6B5B, 0x675C, 0x6B5B, 0x675B, 0x6B5B, 0x673B, 0x673A, 0x631A, 0x673A, 0x631A, 0x673A, 0x631A, 0x4E53, 0x3DAF, 0x6318, 
    0x673A, 0x5AD7, 0x4633, 0x396B, 0x3CA5, 0x5063, 0x5463, 0x5461, 0x5442, 0x5441, 0x5442, 0x5441, 0x5441, 0x5041, 0x3042, 0x3442, 
    0x4C42, 0x4C21, 0x4443, 0x4063, 0x3000, 0x3085, 0x5695, 0x779C, 0x77BE, 0x73BE, 0x6B7D, 0x73BE, 0x675B, 0x398C, 0x6695, 0x6F18, 
    0x6AD8, 0x6AD7, 0x6F3A, 0x739C, 0x6F7D, 0x6F7C, 0x6F7D, 0x6F7C, 0x6F7D, 0x6F7C, 0x6F7D, 0x6F7C, 0x6F7D, 0x6F7C, 0x6F7D, 0x6F7C, 
    0x6F7D, 0x6F7C, 0x6F7D, 0x6F7C, 0x6F7C, 0x6F7C, 0x6F7D, 0x6F7C, 0x6F7D, 0x6F7C, 0x6F7D, 0x6F9C, 0x6F7D, 0x6F9C, 0x6F7D, 0x739C, 
    0x6F9C, 0x6F7D, 0x6F9C, 0x6F9D, 0x6F9C, 0x6B9D, 0x677B, 0x3E12, 0x0000, 0x3E13, 0x6B7B, 0x675B, 0x675A, 0x675B, 0x6B5B, 0x675B, 
    0x675B, 0x675B, 0x675B, 0x675B, 0x675B, 0x675B, 0x6B5B, 0x675B, 0x675B, 0x675B, 0x675B, 0x675B, 0x675B, 0x675B, 0x675B, 0x675B, 
    0x675B, 0x675B, 0x675B, 0x675B, 0x675A, 0x675B, 0x675B, 0x633B, 0x675A, 0x673B, 0x675A, 0x633B, 0x675A, 0x633B, 0x675A, 0x633B, 
    0x675A, 0x673B, 0x675A, 0x633B, 0x675A, 0x673B, 0x675A, 0x633A, 0x675A, 0x633B, 0x675A, 0x633B, 0x675A, 0x633B, 0x675A, 0x673B, 
    0x675A, 0x633B, 0x673A, 0x633A, 0x675A, 0x631A, 0x633A, 0x633B, 0x675A, 0x633B, 0x675A, 0x631A, 0x633A, 0x675B, 0x675B, 0x675B, 
    0x6B7B, 0x675B, 0x6B5B, 0x675B, 0x6B7B, 0x675B, 0x6B5B, 0x675B, 0x6B5B, 0x675B, 0x6B7B, 0x675B, 0x6B5B, 0x675B, 0x6B5B, 0x675C, 
    0x675B, 0x675B, 0x5F19, 0x4E96, 0x4E96, 0x5AF9, 0x5B19, 0x56D7, 0x633A, 0x675C, 0x6B7B, 0x675C, 0x6B7B, 0x675C, 0x6B7B, 0x675C, 
    0x6B7B, 0x675C, 0x6B7B, 0x675C, 0x6B7B, 0x6B5C, 0x6B7B, 0x6B5C, 0x6B7B, 0x6B5C, 0x6B7B, 0x675C, 0x6B7B, 0x675C, 0x6B7B, 0x675B, 
    0x6B7B, 0x675B, 0x6B5B, 0x675B, 0x6B7B, 0x675B, 0x675B, 0x675B, 0x675A, 0x6B5B, 0x6F7C, 0x52B7, 0x675B, 0x6B7C, 0x6F9C, 0x6B7C, 
    0x6F9C, 0x6B7C, 0x6F9C, 0x6B7C, 0x675A, 0x675C, 0x6B7B, 0x6B5C, 0x6B7B, 0x675C, 0x6B7B, 0x5AB6, 0x2000, 0x5AF8, 0x6B7B, 0x673B, 
    0x6B5B, 0x675B, 0x675A, 0x675B, 0x675B, 0x675B, 0x6B5B, 0x675B, 0x6B5B, 0x675B, 0x6B7B, 0x675B, 0x6B7B, 0x675B, 0x6B5B, 0x675B, 
    0x6B7B, 0x675B, 0x6B5B, 0x675B, 0x6B5B, 0x675B, 0x6B5B, 0x673B, 0x675A, 0x633A, 0x675A, 0x673B, 0x5F19, 0x56B7, 0x4E53, 0x5EF8, 
    0x5EB5, 0x5F19, 0x5EF8, 0x4E96, 0x3DCF, 0x34E7, 0x4862, 0x5063, 0x5461, 0x5442, 0x5461, 0x5441, 0x5441, 0x5441, 0x5441, 0x3C42, 
    0x2C62, 0x4442, 0x5041, 0x4441, 0x4483, 0x3C20, 0x3000, 0x38C7, 0x49CE, 0x5AB6, 0x73BE, 0x6B9C, 0x35CF, 0x633B, 0x73BD, 0x6B5B, 
    0x6F39, 0x6B19, 0x6A94, 0x6673, 0x6AF7, 0x6B7B, 0x6F9C, 0x6F9D, 0x6F9C, 0x6B7C, 0x6F7C, 0x6B7C, 0x6F9C, 0x6B7C, 0x6F9C, 0x6B7C, 
    0x6F9C, 0x6B7C, 0x6F9C, 0x6B7C, 0x6F9C, 0x6B7C, 0x6F9C, 0x6B7C, 0x6F9C, 0x6B7C, 0x6F7C, 0x6B7D, 0x6F7C, 0x6B7C, 0x6F9C, 0x6F7D, 
    0x6F7D, 0x739C, 0x6F7D, 0x6F9C, 0x6F7D, 0x6F9D, 0x675C, 0x4232, 0x0000, 0x3E12, 0x6B5B, 0x675A, 0x673B, 0x6B5B, 0x675B, 0x6B5B, 
    0x675B, 0x6B5B, 0x673B, 0x6B5B, 0x675B, 0x675B, 0x675B, 0x6B5B, 0x673B, 0x6B5B, 0x675B, 0x6B5B, 0x675B, 0x675B, 0x673B, 0x675B, 
    0x675B, 0x675B, 0x675B, 0x675B, 0x673B, 0x675B, 0x673B, 0x675B, 0x673B, 0x675A, 0x633B, 0x675A, 0x673B, 0x675B, 0x633B, 0x675A, 
    0x673B, 0x673A, 0x673B, 0x675A, 0x673B, 0x673A, 0x673B, 0x673A, 0x673A, 0x673A, 0x633B, 0x675A, 0x633B, 0x675A, 0x673B, 0x675A, 
    0x633B, 0x673A, 0x633B, 0x673A, 0x673B, 0x673A, 0x631A, 0x673A, 0x633B, 0x673A, 0x633B, 0x6319, 0x631A, 0x675B, 0x675B, 0x675B, 
    0x675B, 0x6B5B, 0x675B, 0x6B5B, 0x675B, 0x6B5B, 0x675B, 0x6B5B, 0x675B, 0x6B7B, 0x675C, 0x6B5B, 0x6B5C, 0x6B5B, 0x675C, 0x6B5B, 
    0x675C, 0x6B5B, 0x673B, 0x5F19, 0x56B8, 0x4E96, 0x5AF9, 0x5AF8, 0x5AD8, 0x675A, 0x675B, 0x6B7B, 0x675C, 0x6B5B, 0x6B5C, 0x6B7B, 
    0x6B5C, 0x6B7B, 0x6B5C, 0x6B7B, 0x6B5C, 0x6B7B, 0x6B5C, 0x6B7B, 0x6B5C, 0x6B7B, 0x6B5C, 0x6B7B, 0x675C, 0x6B7B, 0x6B5C, 0x6B5B, 
    0x675C, 0x6B7B, 0x675C, 0x6B5B, 0x675C, 0x6B5B, 0x675C, 0x6B7B, 0x5F19, 0x739D, 0x5EF8, 0x5F19, 0x6B7C, 0x6F7C, 0x6B7D, 0x6F9C, 
    0x6B7D, 0x6F9C, 0x6B7C, 0x6B5B, 0x675B, 0x6B7C, 0x6B5C, 0x6B7B, 0x6B5C, 0x6B5B, 0x673A, 0x6B17, 0x2800, 0x56B5, 0x77BE, 0x673A, 
    0x675B, 0x6B5B, 0x675B, 0x675B, 0x675B, 0x6B5B, 0x675B, 0x6B5B, 0x675B, 0x6B5B, 0x675C, 0x6B5B, 0x675C, 0x6B5B, 0x675C, 0x6B5B, 
    0x6B5B, 0x6B5B, 0x675B, 0x6B5B, 0x675B, 0x6B5B, 0x675B, 0x6B5B, 0x673B, 0x675A, 0x673B, 0x675A, 0x5EF9, 0x5F18, 0x5AD7, 0x5E74, 
    0x5EB6, 0x6319, 0x5F19, 0x5F19, 0x56D8, 0x4652, 0x352A, 0x4483, 0x5042, 0x5462, 0x5062, 0x5461, 0x5441, 0x5861, 0x5441, 0x5841, 
    0x4842, 0x3062, 0x3C43, 0x5042, 0x4821, 0x4842, 0x4464, 0x4000, 0x3C00, 0x3400, 0x418C, 0x358C, 0x5AF9, 0x73BE, 0x6B7C, 0x6F7C, 
    0x6B7C, 0x6F7C, 0x6F7C, 0x6F39, 0x66B6, 0x6251, 0x66B6, 0x6B39, 0x6B5B, 0x6F9C, 0x6F7D, 0x6F9C, 0x6F7D, 0x6F7C, 0x6B7C, 0x6F7C, 
    0x6B7C, 0x6F9C, 0x6B7C, 0x6F7C, 0x6F7C, 0x6F7C, 0x6B7C, 0x6F7C, 0x6B7D, 0x6F7C, 0x6B7D, 0x6F9C, 0x6B7C, 0x6B7C, 0x6F7D, 0x6F9C, 
    0x6F9C, 0x6F9D, 0x6F9C, 0x6F9D, 0x6F9C, 0x6B9D, 0x677B, 0x3E32, 0x0000, 0x3A13, 0x6B7B, 0x633A, 0x675A, 0x675B, 0x675A, 0x675B, 
    0x675A, 0x675B, 0x675B, 0x675B, 0x675A, 0x675B, 0x675B, 0x675B, 0x675B, 0x675B, 0x675A, 0x675B, 0x675A, 0x675B, 0x675B, 0x635B, 
    0x675A, 0x675B, 0x675A, 0x635B, 0x675A, 0x633B, 0x675A, 0x633B, 0x675A, 0x633B, 0x675A, 0x633B, 0x675A, 0x633B, 0x675A, 0x633B, 
    0x675A, 0x633B, 0x675A, 0x633A, 0x675A, 0x633A, 0x675A, 0x633A, 0x675A, 0x633A, 0x675A, 0x633B, 0x675A, 0x633A, 0x675A, 0x633A, 
    0x675A, 0x633A, 0x675A, 0x633A, 0x675A, 0x633A, 0x6339, 0x5F1A, 0x633A, 0x633A, 0x635A, 0x5F19, 0x6339, 0x675B, 0x675B, 0x675B, 
    0x675B, 0x675B, 0x6B5A, 0x675B, 0x6B5A, 0x675B, 0x6B7B, 0x675B, 0x6B7B, 0x675B, 0x6B7B, 0x675C, 0x6B7B, 0x675B, 0x6B7B, 0x675B, 
    0x6B7B, 0x675C, 0x675B, 0x633A, 0x5AF8, 0x52D7, 0x56F8, 0x5B1A, 0x5AF7, 0x5F19, 0x675A, 0x675B, 0x6B7B, 0x675B, 0x6B7B, 0x675C, 
    0x6B7B, 0x675C, 0x6B7B, 0x675C, 0x6B7B, 0x675B, 0x6B7B, 0x675C, 0x6B7B, 0x675C, 0x6B7B, 0x675C, 0x6B7B, 0x675C, 0x6B7B, 0x675B, 
    0x6B7B, 0x675C, 0x6B7B, 0x675C, 0x6B7B, 0x675B, 0x677B, 0x633A, 0x6B7B, 0x6B7C, 0x56D6, 0x675C, 0x6B7B, 0x6B7C, 0x6B9C, 0x6B7C, 
    0x6B9C, 0x6B7C, 0x6B7B, 0x635B, 0x6B7B, 0x677C, 0x6B7B, 0x6B7C, 0x6B7B, 0x6B5B, 0x779B, 0x5E31, 0x3000, 0x294A, 0x73BC, 0x6F9D, 
    0x675A, 0x675B, 0x675A, 0x675B, 0x675B, 0x675B, 0x677B, 0x675B, 0x6B7B, 0x675B, 0x675A, 0x675B, 0x6B7B, 0x675B, 0x6B7B, 0x675C, 
    0x6B7B, 0x675B, 0x6B7B, 0x675B, 0x6B5B, 0x675B, 0x6B5B, 0x675B, 0x6B5B, 0x675B, 0x675B, 0x675B, 0x675A, 0x5AF8, 0x5EF7, 0x5EB6, 
    0x6318, 0x5F19, 0x5F18, 0x5AF8, 0x5F18, 0x5AF9, 0x5295, 0x39AE, 0x3CC6, 0x4C63, 0x5461, 0x5462, 0x5461, 0x5441, 0x5461, 0x5441, 
    0x5440, 0x4C42, 0x3861, 0x2C42, 0x4842, 0x4C41, 0x4840, 0x4842, 0x4462, 0x44A5, 0x3400, 0x4E31, 0x77FF, 0x6B9D, 0x6B7B, 0x6B7C, 
    0x6F7B, 0x6B7C, 0x6F9C, 0x6B9D, 0x6F9C, 0x6B5B, 0x66F7, 0x66F8, 0x6B17, 0x66D6, 0x6B38, 0x6B3A, 0x6B59, 0x6B7C, 0x6F9C, 0x6B9D, 
    0x6F9C, 0x6B7C, 0x6F9C, 0x6B7C, 0x6F9C, 0x6B7C, 0x6F9C, 0x6B7C, 0x6F9C, 0x6B7C, 0x6F9C, 0x6B7C, 0x6F9C, 0x6B7C, 0x6F9C, 0x6B7C, 
    0x6F7D, 0x6F9C, 0x6F7D, 0x739D, 0x6F7D, 0x6F9D, 0x675C, 0x4232, 0x0000, 0x3E12, 0x6B5B, 0x675A, 0x673B, 0x6B5B, 0x673B, 0x675B, 
    0x673B, 0x6B5B, 0x673B, 0x6B5B, 0x673B, 0x6B5B, 0x673B, 0x6B5B, 0x673B, 0x675B, 0x673B, 0x675B, 0x673B, 0x6B5B, 0x673B, 0x675B, 
    0x673B, 0x675B, 0x673B, 0x675B, 0x673B, 0x675B, 0x673B, 0x675B, 0x673B, 0x673A, 0x673B, 0x673A, 0x673B, 0x673A, 0x673B, 0x673A, 
    0x673B, 0x673A, 0x673B, 0x673A, 0x673B, 0x673A, 0x673B, 0x673A, 0x673B, 0x673A, 0x633B, 0x673A, 0x673B, 0x673A, 0x673B, 0x673A, 
    0x673B, 0x673A, 0x673B, 0x673A, 0x673B, 0x673A, 0x673B, 0x633A, 0x5F1A, 0x673A, 0x633B, 0x6319, 0x631A, 0x675B, 0x673B, 0x675B, 
    0x673B, 0x6B5B, 0x675B, 0x6B5B, 0x675B, 0x6B5B, 0x675B, 0x6B5B, 0x6B5C, 0x6B5B, 0x6B5B, 0x6B5B, 0x6B5C, 0x6B5B, 0x6B5C, 0x6B7B, 
    0x675C, 0x6B7C, 0x675C, 0x675B, 0x5AF9, 0x56B6, 0x5AD9, 0x5AD8, 0x56D8, 0x5AF8, 0x673B, 0x6B5B, 0x675C, 0x6B5B, 0x6B5C, 0x6B5B, 
    0x6B5C, 0x6B5B, 0x6B5C, 0x6B7B, 0x6B5C, 0x6B5B, 0x6B5C, 0x6B7B, 0x6B5C, 0x6B7B, 0x6B5C, 0x6B5B, 0x6B5C, 0x6B7B, 0x6B5C, 0x6B5B, 
    0x6B5C, 0x6B5B, 0x6B5C, 0x6B7B, 0x6B5C, 0x6B5B, 0x6B5C, 0x6739, 0x739E, 0x5AD7, 0x5F1A, 0x6B7C, 0x6B7D, 0x6F7C, 0x6B7D, 0x6F7C, 
    0x6B7D, 0x6B7C, 0x673B, 0x6B5B, 0x6B5C, 0x6F7C, 0x6B5C, 0x6F7C, 0x6B5C, 0x779C, 0x7318, 0x4000, 0x5674, 0x5ED7, 0x3DF0, 0x7BDE, 
    0x6B5C, 0x6B5B, 0x675B, 0x6B5B, 0x673B, 0x6B5B, 0x675C, 0x6B5B, 0x675C, 0x6B5B, 0x675B, 0x6B5B, 0x6B5C, 0x6B5B, 0x6B5C, 0x6B5B, 
    0x6B5C, 0x6B5B, 0x6B5C, 0x6B5B, 0x6B5C, 0x6B5B, 0x6B5C, 0x6B5B, 0x675B, 0x6B5B, 0x675B, 0x6B5B, 0x675C, 0x6319, 0x5275, 0x5AB6, 
    0x5AD8, 0x5EF8, 0x5EF9, 0x5EF8, 0x5EF9, 0x5EF8, 0x5EF9, 0x56D7, 0x3DF1, 0x3908, 0x4864, 0x5441, 0x5442, 0x5861, 0x5441, 0x5461, 
    0x5042, 0x5441, 0x5442, 0x4442, 0x2C42, 0x4042, 0x5022, 0x5021, 0x4C21, 0x4841, 0x4442, 0x44C6, 0x66F9, 0x7BFF, 0x739D, 0x6B5B, 
    0x6F5C, 0x6F7C, 0x6F7C, 0x6F7C, 0x6F7C, 0x6F7C, 0x6F7D, 0x6F7C, 0x6F7C, 0x6F5A, 0x6B3A, 0x6B18, 0x66B6, 0x66D6, 0x5E95, 0x6B18, 
    0x6F5C, 0x6F7C, 0x6B7C, 0x6F7C, 0x6F7C, 0x6F7C, 0x6F7D, 0x6F7C, 0x6F7D, 0x6F7C, 0x6F7D, 0x6F7C, 0x6F7D, 0x6F7C, 0x6F7D, 0x6F9C, 
    0x6F9C, 0x6F7D, 0x6F9C, 0x6F9D, 0x6F9C, 0x6B7D, 0x6B7C, 0x4233, 0x0000, 0x3A13, 0x6B7B, 0x673B, 0x675A, 0x675B, 0x675A, 0x675B, 
    0x675B, 0x675B, 0x675A, 0x675B, 0x675A, 0x673B, 0x675B, 0x673B, 0x675A, 0x675B, 0x675A, 0x675B, 0x675B, 0x675B, 0x675A, 0x633B, 
    0x675A, 0x673B, 0x675A, 0x673B, 0x675A, 0x673B, 0x675A, 0x633B, 0x675A, 0x633B, 0x675A, 0x633B, 0x673A, 0x633B, 0x675A, 0x633B, 
    0x675A, 0x633A, 0x673A, 0x633A, 0x675A, 0x673B, 0x675A, 0x633A, 0x675A, 0x633A, 0x675A, 0x633B, 0x675A, 0x673B, 0x675A, 0x633B, 
    0x675A, 0x633B, 0x675A, 0x633A, 0x675A, 0x673A, 0x675A, 0x633A, 0x6339, 0x5F19, 0x633A, 0x5F1A, 0x6319, 0x633B, 0x675A, 0x675B, 
    0x675B, 0x675B, 0x6B5A, 0x675B, 0x6B5B, 0x675B, 0x6B5B, 0x675B, 0x6B5B, 0x675B, 0x6B5B, 0x675B, 0x6B7B, 0x675C, 0x6B7B, 0x675C, 
    0x6B7B, 0x675C, 0x6B7B, 0x675B, 0x5F19, 0x4A75, 0x5AF8, 0x5B19, 0x52B6, 0x5AF8, 0x675A, 0x675B, 0x6B7B, 0x675C, 0x6B7B, 0x675C, 
    0x6B7B, 0x6B5C, 0x6B7B, 0x6B5C, 0x6B7B, 0x6B5C, 0x6B7B, 0x675C, 0x6B7B, 0x675C, 0x6B7B, 0x6B5C, 0x6B7B, 0x675B, 0x6B7B, 0x675C, 
    0x6B7B, 0x675C, 0x6B7B, 0x675C, 0x6B7B, 0x675C, 0x675A, 0x6F7C, 0x675A, 0x56D8, 0x6B7B, 0x677C, 0x6F9C, 0x6B7C, 0x6F9C, 0x6B7D, 
    0x6B7C, 0x675B, 0x675A, 0x6B7C, 0x6B7B, 0x6B7C, 0x6B7C, 0x6B7C, 0x6F9B, 0x779C, 0x558A, 0x414B, 0x675A, 0x6F7D, 0x4E73, 0x56B5, 
    0x77DE, 0x673B, 0x6B5B, 0x675B, 0x6B7B, 0x675B, 0x6B5B, 0x675B, 0x6B5B, 0x675B, 0x6B7B, 0x675B, 0x6B5B, 0x675B, 0x6B7B, 0x675C, 
    0x6B7B, 0x675B, 0x6B7B, 0x675B, 0x6B7B, 0x675B, 0x6B5B, 0x675B, 0x6B5B, 0x675B, 0x6B5B, 0x675B, 0x6B5B, 0x5F19, 0x4231, 0x52B6, 
    0x5AF7, 0x5AF8, 0x5EF8, 0x5AF8, 0x5EF8, 0x5AF8, 0x5AF8, 0x5AF8, 0x5AF7, 0x4A54, 0x398C, 0x44C6, 0x5482, 0x5441, 0x5461, 0x5041, 
    0x5461, 0x5041, 0x5461, 0x5041, 0x4C61, 0x3042, 0x3462, 0x4C42, 0x5041, 0x4821, 0x4862, 0x4400, 0x3C00, 0x5A95, 0x7BDE, 0x77BE, 
    0x6F7B, 0x6B7C, 0x6F7B, 0x6B7C, 0x6F7B, 0x6F7C, 0x6F7C, 0x6F7C, 0x6F7C, 0x6F7C, 0x6F9C, 0x6B7D, 0x6F9C, 0x6B5B, 0x6B18, 0x66D7, 
    0x66D5, 0x66F8, 0x6F7B, 0x6B7C, 0x6F9C, 0x6B7C, 0x6F9B, 0x6B7C, 0x6F7C, 0x6F7C, 0x6F9C, 0x6B7C, 0x6F9C, 0x6F7D, 0x6F9C, 0x6F7D, 
    0x6F7D, 0x739D, 0x6F7D, 0x6F9C, 0x6F9D, 0x6F9D, 0x675D, 0x4232, 0x0000, 0x3E12, 0x675B, 0x675A, 0x673B, 0x675A, 0x673B, 0x675B, 
    0x673B, 0x675B, 0x673B, 0x675B, 0x673B, 0x675A, 0x673B, 0x675B, 0x673B, 0x675A, 0x673B, 0x675B, 0x673B, 0x675A, 0x673B, 0x675B, 
    0x673B, 0x675A, 0x673B, 0x675B, 0x673B, 0x675A, 0x673B, 0x675A, 0x673B, 0x675A, 0x673B, 0x673A, 0x633B, 0x673A, 0x633B, 0x673A, 
    0x633B, 0x673A, 0x633A, 0x673A, 0x673B, 0x675A, 0x673B, 0x673A, 0x673A, 0x673A, 0x673B, 0x673A, 0x673B, 0x673A, 0x673B, 0x673A, 
    0x673A, 0x675A, 0x673B, 0x675A, 0x673B, 0x675A, 0x673A, 0x675A, 0x633A, 0x633A, 0x5F1A, 0x6319, 0x5EF9, 0x673A, 0x673B, 0x675A, 
    0x673B, 0x6B5A, 0x675B, 0x6B5B, 0x675B, 0x6B5B, 0x675C, 0x6B5B, 0x675C, 0x6B5B, 0x6B5C, 0x6B7B, 0x6B5C, 0x6B7B, 0x6B5C, 0x6B5B, 
    0x675C, 0x6B7B, 0x675C, 0x675B, 0x56D9, 0x5296, 0x5AF8, 0x635A, 0x5F1A, 0x5AF8, 0x5EF9, 0x675B, 0x675B, 0x6B7B, 0x675C, 0x6B7B, 
    0x6B5C, 0x6B7B, 0x6B5C, 0x6B7B, 0x6B5C, 0x6B7B, 0x6B5C, 0x6B7B, 0x6B5C, 0x6B7B, 0x6B5C, 0x6B7B, 0x675C, 0x6B7B, 0x6B5C, 0x6B7B, 
    0x6B5C, 0x6B5B, 0x675C, 0x6B7B, 0x675C, 0x6B7B, 0x673A, 0x739D, 0x56B7, 0x673B, 0x675C, 0x6B7C, 0x6B7D, 0x6F7C, 0x6B7D, 0x6F7C, 
    0x6B5C, 0x673A, 0x675B, 0x6B7C, 0x6B7C, 0x6F7C, 0x6B7C, 0x6F7B, 0x779D, 0x6ED5, 0x3800, 0x5ED6, 0x6B5C, 0x6B5B, 0x6B7C, 0x3DEF, 
    0x6B5B, 0x739D, 0x673B, 0x6B5B, 0x675B, 0x6B5B, 0x675B, 0x6B5B, 0x675C, 0x6B5B, 0x675B, 0x6B5B, 0x675B, 0x6B5B, 0x675B, 0x6B5B, 
    0x6B5C, 0x6B5B, 0x6B5C, 0x6B5B, 0x675C, 0x6B5B, 0x6B5B, 0x6B5B, 0x675C, 0x6B5B, 0x675B, 0x6B5B, 0x675B, 0x6B5B, 0x52B6, 0x5295, 
    0x56D8, 0x5AF7, 0x5AD8, 0x5EF7, 0x5AD8, 0x5AF8, 0x5AF8, 0x5AF7, 0x5AD8, 0x5EF8, 0x5296, 0x45CE, 0x44A5, 0x5061, 0x5462, 0x5461, 
    0x5441, 0x5461, 0x5041, 0x5461, 0x5442, 0x5461, 0x3C42, 0x2C42, 0x4443, 0x5441, 0x4C21, 0x4C62, 0x4863, 0x3C00, 0x4DCF, 0x739C, 
    0x7BDF, 0x739C, 0x6B5C, 0x6F7C, 0x6F7C, 0x6F7C, 0x6F7C, 0x6F7C, 0x6F7C, 0x6F7C, 0x6F7D, 0x6F7C, 0x6F7D, 0x6F7C, 0x6F7D, 0x6F9C, 
    0x6B5C, 0x6B18, 0x66B6, 0x66B5, 0x6B19, 0x6F7C, 0x6B7C, 0x6F7C, 0x6F7C, 0x6F7C, 0x6B7C, 0x6F9C, 0x6F7D, 0x6F9C, 0x6F7D, 0x6F9C, 
    0x6F9C, 0x6F9D, 0x6F9C, 0x6F9D, 0x6F9C, 0x6B7D, 0x6B7C, 0x3E33, 0x0000, 0x3A13, 0x6B7B, 0x673B, 0x675A, 0x675B, 0x675A, 0x633B, 
    0x675A, 0x675B, 0x675A, 0x675B, 0x675A, 0x675B, 0x675A, 0x635B, 0x675A, 0x635B, 0x675A, 0x673B, 0x675A, 0x635B, 0x675A, 0x675B, 
    0x675B, 0x675B, 0x675A, 0x635B, 0x675A, 0x633B, 0x675A, 0x633B, 0x675A, 0x633A, 0x675A, 0x633B, 0x675A, 0x633B, 0x675A, 0x633B, 
    0x675A, 0x633A, 0x675A, 0x633A, 0x675A, 0x633A, 0x675A, 0x633A, 0x675A, 0x633A, 0x675A, 0x633A, 0x675A, 0x673A, 0x675A, 0x633A, 
    0x675A, 0x633A, 0x675A, 0x633A, 0x675A, 0x673B, 0x675A, 0x633A, 0x6759, 0x633A, 0x6339, 0x5F19, 0x5F18, 0x5F19, 0x675A, 0x633B, 
    0x675A, 0x675A, 0x675A, 0x675B, 0x675A, 0x675B, 0x6B7B, 0x675B, 0x6B7B, 0x675C, 0x6B7B, 0x675B, 0x6B7B, 0x675B, 0x6B7B, 0x675C, 
    0x6B7B, 0x675B, 0x6B7B, 0x675B, 0x5AF8, 0x52B7, 0x5AF8, 0x633A, 0x635A, 0x5F3A, 0x56D7, 0x633A, 0x6B7B, 0x675B, 0x6B7B, 0x675C, 
    0x6B7B, 0x677C, 0x6B7B, 0x675B, 0x6B7B, 0x675C, 0x6B7B, 0x675B, 0x6B7B, 0x675B, 0x6B7B, 0x675C, 0x6B7B, 0x675C, 0x6B7B, 0x675C, 
    0x6B7B, 0x675C, 0x6B7B, 0x675B, 0x6B7B, 0x6339, 0x6F9C, 0x5F1A, 0x5AF8, 0x677C, 0x6B7C, 0x6B7C, 0x6F9C, 0x6B7C, 0x6F9C, 0x6B7C, 
    0x677B, 0x675B, 0x6B7B, 0x6B7C, 0x6B7B, 0x6B7C, 0x6B7B, 0x6F9C, 0x779B, 0x4CE6, 0x49CE, 0x673B, 0x6B7A, 0x675B, 0x6B9B, 0x5F19, 
    0x420F, 0x73BE, 0x6B7B, 0x633A, 0x5F18, 0x675B, 0x675A, 0x675B, 0x6B7B, 0x675B, 0x6B7B, 0x675B, 0x6B7B, 0x675B, 0x6B7B, 0x675B, 
    0x6B7B, 0x675B, 0x6B7B, 0x675B, 0x6B7B, 0x675B, 0x6B5B, 0x675B, 0x6B7B, 0x675B, 0x6B7B, 0x675B, 0x675B, 0x675B, 0x673A, 0x4653, 
    0x52B5, 0x56D7, 0x5AF7, 0x56D7, 0x5AF7, 0x56D8, 0x56F7, 0x56F8, 0x56F7, 0x56D7, 0x56D4, 0x4631, 0x3DCE, 0x34E6, 0x44A3, 0x5062, 
    0x5461, 0x5061, 0x5461, 0x5061, 0x5461, 0x5041, 0x5461, 0x4842, 0x2C61, 0x3C42, 0x5441, 0x4C21, 0x4C41, 0x4884, 0x4000, 0x3CC6, 
    0x6718, 0x7BDF, 0x77BD, 0x6B7B, 0x6F9B, 0x6B7C, 0x6F9B, 0x6B7C, 0x6F9C, 0x6B7C, 0x6F9C, 0x6B7C, 0x6F9C, 0x6B7C, 0x6F9C, 0x6B7C, 
    0x6F7B, 0x6B9D, 0x6F9B, 0x6B3A, 0x6AF7, 0x66B5, 0x6B59, 0x6B7D, 0x6F9C, 0x6B7C, 0x6F9B, 0x6B7C, 0x6F9C, 0x6B7C, 0x6F9C, 0x6B7C, 
    0x6F7D, 0x739D, 0x6F9E, 0x739D, 0x6F7D, 0x6F9D, 0x675C, 0x4232, 0x0000, 0x3A12, 0x6B5C, 0x6B5A, 0x673B, 0x675B, 0x673B, 0x675B, 
    0x673B, 0x6B5B, 0x673B, 0x675B, 0x673B, 0x675B, 0x673B, 0x675B, 0x673B, 0x675B, 0x673B, 0x675B, 0x673B, 0x675B, 0x673B, 0x675B, 
    0x673B, 0x675B, 0x673B, 0x675B, 0x673B, 0x675B, 0x673B, 0x673A, 0x673B, 0x673A, 0x673B, 0x673A, 0x633B, 0x673A, 0x673B, 0x673A, 
    0x673B, 0x673A, 0x673B, 0x673A, 0x673B, 0x673A, 0x673B, 0x673A, 0x673B, 0x673A, 0x673B, 0x673A, 0x673B, 0x673A, 0x673B, 0x673A, 
    0x673B, 0x673A, 0x673B, 0x673A, 0x673B, 0x673A, 0x673B, 0x673A, 0x673A, 0x673A, 0x633B, 0x633A, 0x5EF9, 0x6318, 0x631A, 0x675B, 
    0x673B, 0x675A, 0x673B, 0x6B5A, 0x675B, 0x6B5B, 0x673B, 0x6B5B, 0x6B5C, 0x6B5B, 0x6B5C, 0x6B5B, 0x6B5C, 0x6B5B, 0x6B5C, 0x6B7C, 
    0x6B5C, 0x6B5B, 0x675C, 0x6B5C, 0x5EFA, 0x56D7, 0x56D8, 0x675A, 0x673B, 0x6B5B, 0x5F1A, 0x5AF8, 0x675B, 0x6B5B, 0x6B5C, 0x6B5B, 
    0x6B5C, 0x6B7C, 0x6B5C, 0x6B7B, 0x6B5C, 0x6B7C, 0x6B5C, 0x6B7C, 0x6B5C, 0x6B7C, 0x6B5C, 0x6B7C, 0x6B5C, 0x6B7C, 0x6B5C, 0x6B5B, 
    0x6B5C, 0x6B5C, 0x6B5C, 0x6B7B, 0x675B, 0x6B5A, 0x6F7D, 0x56D7, 0x633B, 0x6B7C, 0x6B5D, 0x6F7C, 0x6B7D, 0x6F7C, 0x6B7D, 0x6B7C, 
    0x673B, 0x6B5B, 0x6B7C, 0x6F7C, 0x6B5C, 0x6F7C, 0x6B5C, 0x7BBD, 0x6A73, 0x3C00, 0x5ED7, 0x6B5B, 0x675B, 0x6B7B, 0x6B5C, 0x6F7C, 
    0x4633, 0x5AD6, 0x77BE, 0x673A, 0x673B, 0x6B5B, 0x673B, 0x6B5B, 0x675C, 0x6B5B, 0x6B5C, 0x6B5B, 0x6B5C, 0x6B5B, 0x6B5C, 0x6B5B, 
    0x6B5B, 0x6B5B, 0x6B5C, 0x6B5B, 0x6B5C, 0x6B5B, 0x6B5B, 0x6B5B, 0x6B5C, 0x6B5B, 0x6B5B, 0x6B5B, 0x675B, 0x6B5B, 0x6B5C, 0x56D6, 
    0x39D0, 0x4E74, 0x52B7, 0x5AD7, 0x5AD8, 0x5AD7, 0x56D8, 0x5AD7, 0x52B6, 0x56D6, 0x4210, 0x5295, 0x56B7, 0x4610, 0x312A, 0x40C5, 
    0x4C63, 0x5861, 0x5442, 0x5461, 0x5442, 0x5461, 0x5441, 0x5841, 0x5042, 0x3842, 0x3043, 0x5062, 0x5021, 0x5021, 0x4C64, 0x4800, 
    0x3800, 0x5652, 0x77BE, 0x7BDE, 0x6F7C, 0x6F7B, 0x6F7C, 0x6F7C, 0x6F7C, 0x6F7C, 0x6F7D, 0x6F7C, 0x6B7D, 0x6F7C, 0x6F7D, 0x6F7C, 
    0x6F7D, 0x6F7C, 0x6F7C, 0x6F7C, 0x6F7D, 0x6F3A, 0x6AB7, 0x6AF7, 0x6F7C, 0x6F9C, 0x6B7C, 0x6F7C, 0x6B5C, 0x6F7C, 0x6F7D, 0x6F7C, 
    0x6F9C, 0x6B7C, 0x675B, 0x6B7D, 0x6F9D, 0x6F9D, 0x6B7B, 0x3E12, 0x0000, 0x35F3, 0x6B7B, 0x673A, 0x675A, 0x673B, 0x675A, 0x673B, 
    0x675A, 0x673B, 0x675A, 0x673B, 0x675A, 0x673B, 0x675B, 0x675B, 0x675A, 0x673B, 0x675A, 0x673B, 0x675A, 0x673B, 0x675A, 0x633B, 
    0x675A, 0x673B, 0x675A, 0x673B, 0x675A, 0x673B, 0x675A, 0x633B, 0x675A, 0x633B, 0x675A, 0x633B, 0x675A, 0x633B, 0x675A, 0x633A, 
    0x673A, 0x633A, 0x675A, 0x633A, 0x675A, 0x633A, 0x675A, 0x633A, 0x675A, 0x633B, 0x673A, 0x633B, 0x675A, 0x673A, 0x675A, 0x673A, 
    0x675A, 0x673A, 0x675A, 0x633B, 0x675A, 0x673A, 0x675A, 0x673A, 0x675A, 0x673A, 0x675A, 0x633B, 0x5F3A, 0x5F19, 0x5F18, 0x6319, 
    0x675A, 0x633B, 0x675A, 0x675B, 0x675A, 0x675B, 0x6B5B, 0x675B, 0x6B7B, 0x675B, 0x6B7B, 0x675C, 0x6B7B, 0x6B5C, 0x6B7B, 0x675C, 
    0x6B7B, 0x675C, 0x6B7B, 0x675C, 0x6339, 0x4E96, 0x5AD7, 0x633B, 0x675B, 0x675B, 0x675B, 0x56D7, 0x6339, 0x6B5C, 0x6B7B, 0x6B5C, 
    0x6B7B, 0x6B5C, 0x6B7B, 0x6B5C, 0x6B7B, 0x6B5C, 0x6B7B, 0x6B5C, 0x6B7B, 0x6B5C, 0x6B7B, 0x675C, 0x6B7B, 0x675C, 0x6B7B, 0x675C, 
    0x6B7B, 0x675C, 0x6B7B, 0x6B7C, 0x6739, 0x739D, 0x6319, 0x5AF8, 0x677B, 0x675C, 0x6B7C, 0x6B7C, 0x6F7C, 0x6B7C, 0x6B7C, 0x675B, 
    0x675A, 0x6B7C, 0x6B7C, 0x6B7C, 0x6F7C, 0x6B7C, 0x73BC, 0x735A, 0x4C00, 0x4A11, 0x675B, 0x675B, 0x6B7B, 0x6B7C, 0x6B7B, 0x675C, 
    0x6B5A, 0x318D, 0x739C, 0x6F9D, 0x675A, 0x675B, 0x675A, 0x675B, 0x6B5B, 0x675B, 0x6B5B, 0x675B, 0x6B5B, 0x675B, 0x6B5B, 0x675B, 
    0x6B5B, 0x675B, 0x6B7B, 0x675B, 0x6B7B, 0x675B, 0x6B5B, 0x675B, 0x6B5B, 0x675B, 0x6B5A, 0x675B, 0x6B5A, 0x675B, 0x675A, 0x675B, 
    0x52B5, 0x4211, 0x4232, 0x4654, 0x4E94, 0x4E96, 0x52B5, 0x4A53, 0x4E72, 0x4210, 0x4631, 0x5AD8, 0x633A, 0x5F19, 0x5273, 0x358D, 
    0x3907, 0x4863, 0x5461, 0x5462, 0x5461, 0x5441, 0x5461, 0x5441, 0x5861, 0x5442, 0x4061, 0x2842, 0x4862, 0x5041, 0x5040, 0x4842, 
    0x4863, 0x3C00, 0x416A, 0x6B5B, 0x7FFF, 0x6F9C, 0x6F7B, 0x6B7C, 0x6F7C, 0x6B7C, 0x6F9C, 0x6B7D, 0x6F9C, 0x6B7D, 0x6F9C, 0x6B7D, 
    0x6F7C, 0x6B7C, 0x6F9C, 0x6B7C, 0x6F7C, 0x6B7C, 0x6F7C, 0x6AF8, 0x6694, 0x6718, 0x6B5A, 0x675B, 0x6B5A, 0x6B7C, 0x6F9C, 0x6B7C, 
    0x5F1A, 0x6319, 0x5F1A, 0x56D7, 0x5EF9, 0x6319, 0x56D7, 0x358D, 0x0000, 0x3A12, 0x675C, 0x675A, 0x673B, 0x675B, 0x673B, 0x675B, 
    0x673B, 0x675B, 0x673B, 0x675A, 0x673B, 0x675A, 0x673B, 0x675B, 0x673B, 0x675B, 0x675B, 0x675B, 0x673B, 0x675B, 0x673B, 0x673A, 
    0x673B, 0x675A, 0x673B, 0x675A, 0x673B, 0x675A, 0x673B, 0x673A, 0x633B, 0x675A, 0x633B, 0x675A, 0x633B, 0x673A, 0x633B, 0x673A, 
    0x673B, 0x673A, 0x633B, 0x673A, 0x633B, 0x675A, 0x673B, 0x673A, 0x633B, 0x673A, 0x633B, 0x673A, 0x673B, 0x673A, 0x673B, 0x673A, 
    0x673B, 0x673A, 0x673B, 0x675A, 0x673B, 0x675A, 0x673B, 0x6B5A, 0x673A, 0x6B5A, 0x673B, 0x673A, 0x633B, 0x633A, 0x5F1A, 0x5F18, 
    0x5F19, 0x673A, 0x673B, 0x6B5A, 0x675B, 0x6B5B, 0x673B, 0x6B5B, 0x675B, 0x6B5B, 0x6B5C, 0x6B5B, 0x6B5C, 0x6B7B, 0x6B5C, 0x6B7B, 
    0x6B5C, 0x6B7B, 0x675C, 0x6B7B, 0x633B, 0x52B7, 0x56B8, 0x673A, 0x675B, 0x6B7B, 0x6B5C, 0x633A, 0x56D8, 0x6B5B, 0x6B5C, 0x6B7B, 
    0x6B5C, 0x6B7B, 0x6B5C, 0x6B7B, 0x6B5C, 0x6B7B, 0x6B5C, 0x6B7C, 0x6B5C, 0x6B7C, 0x6B5C, 0x6B7B, 0x6B5C, 0x6B7B, 0x6B5C, 0x6B7C, 
    0x675C, 0x6B7B, 0x6B5C, 0x6B5B, 0x6B5B, 0x6F7C, 0x56B7, 0x675B, 0x675C, 0x6B7B, 0x6B7C, 0x6F7C, 0x6B7C, 0x6B7C, 0x675C, 0x673A, 
    0x6B5C, 0x6F7C, 0x6B7C, 0x6F7C, 0x6B7C, 0x6F7C, 0x77BD, 0x5DEE, 0x3865, 0x6319, 0x6B5C, 0x6B7B, 0x6B7C, 0x6B7B, 0x675B, 0x6B7B, 
    0x6B5C, 0x56B6, 0x4211, 0x7BDE, 0x675C, 0x6B5B, 0x673B, 0x6B5B, 0x675B, 0x6B5B, 0x675B, 0x6B5B, 0x675B, 0x6B5B, 0x675B, 0x6B5B, 
    0x675B, 0x6B5B, 0x6B5B, 0x6B5B, 0x6B5B, 0x6B5B, 0x6B5C, 0x6B5B, 0x675B, 0x6B5B, 0x675B, 0x6B5B, 0x675B, 0x6B5A, 0x673B, 0x6B5B, 
    0x673B, 0x56B5, 0x4A53, 0x4632, 0x41F1, 0x3DCF, 0x35AF, 0x39EE, 0x31AD, 0x318C, 0x52B6, 0x673A, 0x675B, 0x6B5B, 0x673B, 0x5ED7, 
    0x41D0, 0x3529, 0x44A5, 0x5461, 0x5442, 0x5461, 0x5441, 0x5861, 0x5441, 0x5441, 0x5441, 0x4C61, 0x2C42, 0x3C62, 0x5042, 0x5040, 
    0x4C21, 0x4C83, 0x4000, 0x3800, 0x5ED6, 0x7BFE, 0x77BE, 0x6F7B, 0x6F5C, 0x6F7C, 0x6B7D, 0x6F7C, 0x6B7D, 0x6F7C, 0x6B7D, 0x6F7B, 
    0x6B7C, 0x6F7C, 0x6F7C, 0x6F7C, 0x6B7C, 0x6F7C, 0x6B7C, 0x6F9C, 0x6B3B, 0x6AB5, 0x5E53, 0x5A94, 0x5274, 0x5AB5, 0x673A, 0x5AF7, 
    0x6B7C, 0x6B7C, 0x6B7C, 0x675C, 0x6B7C, 0x675B, 0x675A, 0x3E11, 0x0000, 0x31F2, 0x677B, 0x675B, 0x675B, 0x633B, 0x675A, 0x633B, 
    0x675A, 0x675B, 0x675A, 0x675B, 0x675A, 0x633B, 0x675A, 0x635B, 0x675A, 0x675B, 0x675A, 0x675B, 0x675A, 0x675B, 0x675A, 0x675B, 
    0x675A, 0x633B, 0x675A, 0x633B, 0x675A, 0x633B, 0x675A, 0x633A, 0x675A, 0x633A, 0x675A, 0x633B, 0x635A, 0x633A, 0x675A, 0x633B, 
    0x675A, 0x633B, 0x675A, 0x633A, 0x675A, 0x633A, 0x675A, 0x633A, 0x633A, 0x633A, 0x675A, 0x633A, 0x675A, 0x633A, 0x675A, 0x633A, 
    0x675A, 0x633A, 0x675A, 0x633A, 0x675A, 0x633A, 0x675A, 0x673A, 0x675A, 0x673A, 0x675A, 0x633A, 0x675A, 0x633B, 0x633A, 0x5F3A, 
    0x5F19, 0x5F19, 0x6359, 0x675B, 0x675A, 0x675B, 0x675A, 0x675B, 0x675A, 0x675B, 0x6B7B, 0x675B, 0x6B7B, 0x675B, 0x6B7B, 0x675C, 
    0x6B7B, 0x675B, 0x6B7B, 0x675C, 0x677B, 0x56F9, 0x56D6, 0x633A, 0x677B, 0x675B, 0x6B7B, 0x677C, 0x5F19, 0x5AF8, 0x6B7B, 0x675C, 
    0x6B7B, 0x675B, 0x6B7B, 0x6B7C, 0x6B7B, 0x677C, 0x6B7B, 0x677C, 0x6B7B, 0x675C, 0x6B7B, 0x675C, 0x6B7B, 0x675C, 0x6B7B, 0x677C, 
    0x6B7B, 0x675B, 0x6B7B, 0x6339, 0x73BD, 0x5AF8, 0x5F18, 0x675C, 0x6B7B, 0x677C, 0x6B7C, 0x6B7C, 0x6B7B, 0x677C, 0x675A, 0x675B, 
    0x6B7C, 0x6B7C, 0x6B7C, 0x6B7C, 0x6B7B, 0x73BE, 0x6F17, 0x3C00, 0x4E73, 0x675C, 0x6B7B, 0x6B7C, 0x6B7B, 0x675B, 0x6B7B, 0x677B, 
    0x675A, 0x675C, 0x3DEF, 0x6318, 0x77DE, 0x633A, 0x6339, 0x5AD7, 0x6B5A, 0x675B, 0x675A, 0x675B, 0x6B7B, 0x675B, 0x6B7B, 0x675B, 
    0x6B7B, 0x675B, 0x6B7B, 0x675B, 0x6B7A, 0x675B, 0x6B7B, 0x675B, 0x6B7B, 0x675B, 0x6B5A, 0x675B, 0x677B, 0x675B, 0x6B5A, 0x675B, 
    0x675A, 0x673B, 0x6339, 0x631A, 0x6339, 0x5F19, 0x5F18, 0x5AF8, 0x56D6, 0x56D7, 0x5F39, 0x635B, 0x675A, 0x675C, 0x6B7B, 0x6B5B, 
    0x6318, 0x4A53, 0x358B, 0x38E7, 0x4C82, 0x5441, 0x5461, 0x5461, 0x5461, 0x5441, 0x5461, 0x5441, 0x5061, 0x3442, 0x3062, 0x4842, 
    0x5440, 0x4C20, 0x4882, 0x4020, 0x3400, 0x4A10, 0x77BC, 0x7BFE, 0x739B, 0x6B7B, 0x6F7C, 0x6B7C, 0x6B7C, 0x6B7D, 0x6F9C, 0x6B7C, 
    0x6F7C, 0x6B7C, 0x6F9C, 0x6B7C, 0x6F7C, 0x6B7C, 0x6F7C, 0x6B7C, 0x6B7C, 0x6B7C, 0x6F9B, 0x6B7C, 0x6B7B, 0x675B, 0x6B7B, 0x6B7C, 
    0x6B7D, 0x6F7C, 0x6B7D, 0x6F7D, 0x6B7D, 0x6F7D, 0x6B7D, 0x4232, 0x0000, 0x35F2, 0x675C, 0x6B5B, 0x673B, 0x675B, 0x673B, 0x675B, 
    0x673B, 0x675B, 0x673B, 0x6B5B, 0x673B, 0x675B, 0x673B, 0x675B, 0x673B, 0x675B, 0x673B, 0x675B, 0x673B, 0x675B, 0x673B, 0x675B, 
    0x673B, 0x675B, 0x673B, 0x675A, 0x673B, 0x675B, 0x673B, 0x673A, 0x673B, 0x673A, 0x633B, 0x673A, 0x633B, 0x673A, 0x673B, 0x673A, 
    0x673B, 0x673B, 0x673B, 0x673A, 0x673B, 0x673A, 0x633B, 0x673A, 0x673B, 0x673A, 0x673B, 0x673A, 0x673A, 0x673A, 0x673A, 0x673A, 
    0x673B, 0x673A, 0x673B, 0x673A, 0x673B, 0x673A, 0x673B, 0x6B3A, 0x673B, 0x6B3A, 0x673B, 0x673A, 0x673B, 0x673A, 0x633B, 0x633A, 
    0x631B, 0x5F19, 0x5F19, 0x675A, 0x673B, 0x673A, 0x673B, 0x6B5B, 0x675B, 0x6B5B, 0x6B5C, 0x6B5B, 0x6B5C, 0x6B5B, 0x6B5C, 0x6B7B, 
    0x6B5C, 0x6B5B, 0x6B5C, 0x6B7B, 0x675C, 0x56D7, 0x5297, 0x673A, 0x6B5C, 0x6B5B, 0x6B5C, 0x6B7B, 0x6B5C, 0x5EF9, 0x631A, 0x6F7C, 
    0x6B5C, 0x6B7C, 0x6B5C, 0x6B7C, 0x6B5C, 0x6B7C, 0x6B5C, 0x6B7C, 0x6B5C, 0x6B7C, 0x6B5C, 0x6B7C, 0x6B5C, 0x6B7C, 0x6B5C, 0x6B7C, 
    0x6B5C, 0x6B7C, 0x673B, 0x6F7B, 0x6B5C, 0x56D7, 0x673B, 0x6B5B, 0x675C, 0x6B7C, 0x6B5C, 0x6B7C, 0x6B5C, 0x6B5B, 0x633B, 0x6B7C, 
    0x6B7C, 0x6F7C, 0x6B7D, 0x6F7C, 0x6F7D, 0x7BBC, 0x5509, 0x3D08, 0x6319, 0x6B7B, 0x6B5C, 0x6B7B, 0x6B5C, 0x6B5B, 0x6B5B, 0x6B5B, 
    0x675B, 0x6B5B, 0x631A, 0x35AD, 0x77BE, 0x6F7C, 0x631A, 0x5AD6, 0x673A, 0x6B5B, 0x675B, 0x6B5B, 0x673B, 0x6B5B, 0x675B, 0x6B5B, 
    0x6B5C, 0x6B5B, 0x6B5C, 0x6B5B, 0x6B5C, 0x6B5B, 0x6B5C, 0x6B5B, 0x6B5B, 0x6B5B, 0x6B5C, 0x6B5B, 0x675B, 0x6B5B, 0x673B, 0x6B5B, 
    0x673B, 0x6B5B, 0x673B, 0x6B5B, 0x673B, 0x675B, 0x673B, 0x675B, 0x673B, 0x673B, 0x631B, 0x673A, 0x675C, 0x6719, 0x51AF, 0x6294, 
    0x6719, 0x6318, 0x5296, 0x39CF, 0x3109, 0x4CA4, 0x5442, 0x5462, 0x5442, 0x5861, 0x5442, 0x5461, 0x5441, 0x5841, 0x4442, 0x2842, 
    0x4043, 0x5441, 0x4C21, 0x4841, 0x4464, 0x3800, 0x38E8, 0x6B39, 0x7FFF, 0x77BC, 0x6F5C, 0x6F7C, 0x6F7D, 0x6F7C, 0x6F7C, 0x6F7C, 
    0x6F7D, 0x6F7C, 0x6F7D, 0x6F7C, 0x6B7C, 0x6F7C, 0x6B7C, 0x6F7C, 0x6B5C, 0x6F7C, 0x6B7D, 0x6F7C, 0x6F7D, 0x6F7C, 0x6F7D, 0x6F7C, 
    0x6B7C, 0x6B7C, 0x6B7C, 0x6B7D, 0x6F9C, 0x6B7D, 0x6B7C, 0x3E12, 0x0000, 0x35F2, 0x6B5B, 0x673B, 0x675A, 0x673B, 0x675A, 0x673B, 
    0x675A, 0x673B, 0x675B, 0x673B, 0x675A, 0x673B, 0x675A, 0x673B, 0x675A, 0x673B, 0x675A, 0x673B, 0x675A, 0x673B, 0x675A, 0x673B, 
    0x675A, 0x673B, 0x675A, 0x633B, 0x675A, 0x633B, 0x675A, 0x633A, 0x675A, 0x633A, 0x675A, 0x633A, 0x675A, 0x633B, 0x675A, 0x633B, 
    0x675A, 0x633B, 0x675A, 0x633B, 0x675A, 0x633A, 0x673A, 0x633A, 0x673A, 0x633B, 0x675A, 0x633A, 0x673A, 0x633A, 0x6739, 0x673A, 
    0x673A, 0x633A, 0x673A, 0x673B, 0x675A, 0x673B, 0x675A, 0x673B, 0x675A, 0x673A, 0x675A, 0x633A, 0x673A, 0x633A, 0x673A, 0x633B, 
    0x633A, 0x5F3A, 0x5F18, 0x631A, 0x675A, 0x633A, 0x675A, 0x675B, 0x675B, 0x675B, 0x6B7B, 0x675C, 0x6B7B, 0x675B, 0x6B7B, 0x6B5C, 
    0x6B7B, 0x675C, 0x6B7B, 0x675C, 0x675B, 0x52B7, 0x4E95, 0x633A, 0x6B7B, 0x675B, 0x6B7B, 0x6B5C, 0x6B7B, 0x675B, 0x5EF8, 0x633B, 
    0x6B7B, 0x675C, 0x6B7B, 0x6B5C, 0x6B7B, 0x6B5C, 0x6B7C, 0x6B5C, 0x6B7B, 0x6B5C, 0x6B7B, 0x6B5C, 0x6B7B, 0x6B5C, 0x6B7B, 0x6B5C, 
    0x6B7B, 0x6B7C, 0x6739, 0x73BE, 0x5AF7, 0x5F19, 0x6B7B, 0x633B, 0x675B, 0x6B7C, 0x6B7B, 0x6B7C, 0x6B7B, 0x633B, 0x675B, 0x6B7C, 
    0x6B7C, 0x6B7C, 0x6B7C, 0x6B7C, 0x77DD, 0x6A94, 0x4000, 0x4A53, 0x6B7B, 0x675B, 0x6B7B, 0x675B, 0x6B7B, 0x6B5C, 0x6B5B, 0x675B, 
    0x6B5B, 0x673A, 0x6B7B, 0x4A54, 0x5293, 0x7BDF, 0x673A, 0x675B, 0x675A, 0x675B, 0x6B5B, 0x675B, 0x6B5B, 0x675B, 0x6B5B, 0x675B, 
    0x6B5B, 0x675B, 0x6B5B, 0x675B, 0x6B5B, 0x675B, 0x6B5B, 0x675B, 0x6B7B, 0x675B, 0x6B5B, 0x675B, 0x6B5A, 0x675B, 0x6B5A, 0x675B, 
    0x6B5B, 0x675B, 0x6B5B, 0x675B, 0x6B5A, 0x673B, 0x675A, 0x675B, 0x675A, 0x673B, 0x675A, 0x633B, 0x6B5B, 0x41D0, 0x0000, 0x3063, 
    0x5A72, 0x6319, 0x6739, 0x5AF8, 0x4652, 0x314B, 0x40C6, 0x5062, 0x5461, 0x5462, 0x5461, 0x5441, 0x5461, 0x5041, 0x5461, 0x4C42, 
    0x3061, 0x3042, 0x5041, 0x4C21, 0x4440, 0x4084, 0x3C00, 0x3000, 0x5693, 0x77DE, 0x77DD, 0x6B7B, 0x6F9C, 0x6B7C, 0x6F7B, 0x6B7C, 
    0x6F7C, 0x6B7C, 0x6F7B, 0x6B7C, 0x6F7C, 0x6B7C, 0x6F7C, 0x6B7C, 0x6F7C, 0x6B7C, 0x6F7C, 0x6B7C, 0x6F7B, 0x6B7C, 0x6F9C, 0x6B7C, 
    0x6B7D, 0x6F7C, 0x6B7D, 0x6F7C, 0x6B7D, 0x6F7C, 0x675C, 0x4211, 0x0000, 0x35F2, 0x675B, 0x675A, 0x673B, 0x675A, 0x673B, 0x675A, 
    0x673B, 0x675B, 0x673B, 0x675B, 0x673B, 0x675B, 0x673B, 0x675A, 0x673B, 0x675B, 0x673B, 0x673A, 0x673B, 0x675B, 0x673B, 0x675A, 
    0x673B, 0x675A, 0x673B, 0x675A, 0x673B, 0x675A, 0x633B, 0x675A, 0x633B, 0x673A, 0x633B, 0x673A, 0x633B, 0x673A, 0x633B, 0x673A, 
    0x673B, 0x673A, 0x633B, 0x673A, 0x633B, 0x673A, 0x633B, 0x673A, 0x633A, 0x673A, 0x633B, 0x673A, 0x673A, 0x673A, 0x673A, 0x673A, 
    0x633B, 0x673A, 0x673B, 0x673A, 0x673B, 0x675A, 0x673B, 0x675A, 0x673A, 0x673A, 0x673A, 0x673A, 0x633B, 0x673A, 0x633A, 0x673A, 
    0x633A, 0x633A, 0x5F1A, 0x6319, 0x633A, 0x673A, 0x673B, 0x675B, 0x675B, 0x6B5B, 0x6B5C, 0x6B7B, 0x6B5C, 0x6B7B, 0x6B5C, 0x6B7B, 
    0x6B5C, 0x6B7B, 0x6B5C, 0x6B7B, 0x673B, 0x5AF8, 0x52B7, 0x5F19, 0x675C, 0x6B7B, 0x6B5C, 0x6B7B, 0x6B5C, 0x6B7C, 0x675C, 0x5AD7, 
    0x631A, 0x6B7B, 0x6B5C, 0x6B7B, 0x6B5C, 0x6B7C, 0x6B5C, 0x6B7C, 0x6B5C, 0x6B7C, 0x6B5C, 0x6B7C, 0x6B5C, 0x6B7B, 0x6B5C, 0x6B5B, 
    0x6B7C, 0x675A, 0x6F7C, 0x6B5B, 0x56B7, 0x675B, 0x675B, 0x633A, 0x6B5C, 0x6F7C, 0x6B7C, 0x6B7C, 0x675C, 0x673A, 0x6B7C, 0x6F7C, 
    0x6B7C, 0x6F7C, 0x6B7C, 0x73BD, 0x735B, 0x5000, 0x3D09, 0x673A, 0x6B5C, 0x675B, 0x675B, 0x6B5B, 0x6B5C, 0x6B5B, 0x6B5B, 0x6B5B, 
    0x675B, 0x673A, 0x673B, 0x6B5B, 0x318D, 0x739B, 0x739D, 0x633A, 0x673B, 0x6B5B, 0x675C, 0x6B5B, 0x675B, 0x6B5B, 0x675B, 0x6B5B, 
    0x675B, 0x6B5B, 0x675B, 0x6B5B, 0x675B, 0x6B5B, 0x675B, 0x6B5B, 0x675B, 0x6B5B, 0x675B, 0x6B5B, 0x6B5B, 0x6B5B, 0x675B, 0x6B5B, 
    0x675B, 0x6B5B, 0x675B, 0x6B5B, 0x675B, 0x6B5B, 0x675B, 0x6B5B, 0x675B, 0x6B5A, 0x673B, 0x675A, 0x675B, 0x56B5, 0x2064, 0x2CC5, 
    0x5274, 0x6B3A, 0x673B, 0x6B5B, 0x633B, 0x52B5, 0x35AE, 0x3D08, 0x4C84, 0x5461, 0x5462, 0x5461, 0x5442, 0x5461, 0x5041, 0x5441, 
    0x5042, 0x3C42, 0x2443, 0x4442, 0x4C21, 0x4420, 0x3C43, 0x3C62, 0x3000, 0x45AC, 0x6F7C, 0x7BFF, 0x6F7C, 0x6F7B, 0x6B7C, 0x6F7C, 
    0x6B7C, 0x6F7C, 0x6F7C, 0x6F7C, 0x6B7C, 0x6F7C, 0x6B7C, 0x6F7C, 0x6B7C, 0x6F7C, 0x6B7C, 0x6F7C, 0x6B7C, 0x6F7C, 0x6B7C, 0x6F7C, 
    0x6B7C, 0x6B7C, 0x6F9C, 0x6B7C, 0x6B9C, 0x6B7C, 0x6B7B, 0x3A12, 0x0000, 0x31F2, 0x675B, 0x633A, 0x675A, 0x673B, 0x675A, 0x675B, 
    0x675A, 0x675B, 0x675A, 0x633B, 0x675A, 0x673B, 0x675A, 0x633A, 0x675A, 0x635B, 0x675B, 0x633B, 0x675A, 0x635B, 0x675A, 0x633B, 
    0x675A, 0x635B, 0x675A, 0x635B, 0x675A, 0x633A, 0x675A, 0x633A, 0x635A, 0x633B, 0x675A, 0x633A, 0x675A, 0x633A, 0x675A, 0x633A, 
    0x675A, 0x633B, 0x675A, 0x633A, 0x675A, 0x633A, 0x675A, 0x633A, 0x675A, 0x633A, 0x633A, 0x633A, 0x673A, 0x633A, 0x673A, 0x633A, 
    0x675A, 0x633A, 0x675A, 0x633A, 0x6759, 0x633A, 0x675A, 0x633B, 0x675A, 0x633B, 0x675A, 0x633B, 0x675A, 0x633B, 0x673A, 0x633B, 
    0x673A, 0x5F3A, 0x5F39, 0x5AF8, 0x6339, 0x6339, 0x6339, 0x633B, 0x675A, 0x675B, 0x6B7B, 0x675B, 0x6B7B, 0x677C, 0x6B7B, 0x675B, 
    0x6B7B, 0x675B, 0x6B7B, 0x675C, 0x675A, 0x56D7, 0x56F7, 0x56F8, 0x6B7B, 0x677C, 0x6B7B, 0x6B7C, 0x6B7B, 0x677B, 0x6B7B, 0x675B, 
    0x5AF7, 0x633B, 0x6B7B, 0x675B, 0x6B7B, 0x675B, 0x6B7B, 0x677C, 0x6B7B, 0x6B7C, 0x6B7B, 0x6B7C, 0x6B7B, 0x675C, 0x6B7B, 0x675C, 
    0x6B7C, 0x673A, 0x73BD, 0x56B7, 0x5F39, 0x675B, 0x675A, 0x633B, 0x6B7B, 0x6B7C, 0x6B7B, 0x675C, 0x635A, 0x675B, 0x6B7C, 0x6B7C, 
    0x6F9C, 0x6B7C, 0x6F9C, 0x77BD, 0x660F, 0x3C00, 0x3483, 0x5F18, 0x77DD, 0x6F7C, 0x675A, 0x675B, 0x6B7B, 0x675B, 0x6B5B, 0x675B, 
    0x6B7B, 0x675B, 0x675A, 0x6B7C, 0x5AF7, 0x4210, 0x7BFE, 0x633A, 0x675A, 0x675B, 0x675B, 0x675B, 0x675A, 0x675B, 0x6B7B, 0x675B, 
    0x6B7B, 0x675B, 0x6B7B, 0x675B, 0x6B7B, 0x675B, 0x6B7B, 0x675B, 0x6B7B, 0x675B, 0x6B7B, 0x675B, 0x6B5B, 0x675B, 0x6B5A, 0x675B, 
    0x6B5A, 0x675B, 0x6B5A, 0x675B, 0x6B5A, 0x675B, 0x6B7A, 0x675B, 0x6B7A, 0x675B, 0x677A, 0x675B, 0x675A, 0x635B, 0x5AD6, 0x4E74, 
    0x6338, 0x675B, 0x675A, 0x675B, 0x675A, 0x675B, 0x5AF7, 0x4211, 0x3549, 0x40C6, 0x5061, 0x5062, 0x5061, 0x5062, 0x5461, 0x5041, 
    0x5061, 0x5041, 0x4461, 0x2442, 0x3862, 0x4841, 0x4440, 0x3C41, 0x3C83, 0x3000, 0x3063, 0x5EF8, 0x7BFE, 0x6F9D, 0x6B7B, 0x6B7C, 
    0x6F7B, 0x6B7C, 0x6F7B, 0x6B7C, 0x6F7C, 0x6B7C, 0x6F9C, 0x6B7C, 0x6F9C, 0x6B7C, 0x6B7B, 0x6B7C, 0x6F9C, 0x6B7C, 0x6F9C, 0x6B7C, 
    0x6B5C, 0x6F7C, 0x6B7D, 0x6F7C, 0x6B7D, 0x6F7C, 0x6B5C, 0x4212, 0x0000, 0x35F2, 0x673C, 0x673A, 0x673B, 0x675B, 0x673B, 0x675B, 
    0x673B, 0x675B, 0x673B, 0x6B5B, 0x673B, 0x675B, 0x673B, 0x675A, 0x673B, 0x675B, 0x673B, 0x675A, 0x673B, 0x675B, 0x673B, 0x675B, 
    0x673B, 0x675A, 0x673B, 0x675B, 0x673B, 0x673A, 0x673B, 0x673A, 0x673B, 0x673A, 0x633B, 0x673A, 0x673B, 0x673A, 0x633B, 0x673A, 
    0x673B, 0x673A, 0x633B, 0x673A, 0x633B, 0x673A, 0x633A, 0x673A, 0x633B, 0x673A, 0x633B, 0x673A, 0x671A, 0x673A, 0x673A, 0x673A, 
    0x673B, 0x673A, 0x673B, 0x673A, 0x673B, 0x673A, 0x673B, 0x673A, 0x673B, 0x673B, 0x673B, 0x673A, 0x673B, 0x673A, 0x671B, 0x673A, 
    0x673B, 0x673A, 0x631A, 0x5EF8, 0x5AF8, 0x6339, 0x631A, 0x673A, 0x673B, 0x6B5B, 0x6B5C, 0x6B5B, 0x6B5C, 0x6B7B, 0x6B5C, 0x6B7B, 
    0x6B5C, 0x6B7B, 0x6B5C, 0x6B5B, 0x6B5C, 0x5AF8, 0x52B7, 0x5AF8, 0x675C, 0x6B7C, 0x6B5C, 0x6F7C, 0x6B5C, 0x6B7B, 0x6B5C, 0x6F7C, 
    0x631A, 0x5AD7, 0x675C, 0x6B5B, 0x6B5C, 0x6B7B, 0x6B5C, 0x6B7C, 0x6B5C, 0x6B7C, 0x6B5C, 0x6B7C, 0x6B5C, 0x6B7B, 0x675B, 0x6F7C, 
    0x673A, 0x739C, 0x673B, 0x56D6, 0x633B, 0x675B, 0x633B, 0x6B5B, 0x6B5C, 0x6B7C, 0x6B5C, 0x6B5B, 0x633B, 0x6B7B, 0x6B7D, 0x6F7C, 
    0x6F7D, 0x6F7C, 0x73BE, 0x7717, 0x5000, 0x49F0, 0x4A33, 0x35AE, 0x4632, 0x6B5B, 0x77BE, 0x739C, 0x673B, 0x6B5B, 0x675C, 0x6B5B, 
    0x673B, 0x6B5B, 0x673B, 0x6B5B, 0x6F7D, 0x4632, 0x62F8, 0x77BD, 0x673B, 0x6B5B, 0x673C, 0x6B5B, 0x675B, 0x6B5B, 0x675B, 0x6B5B, 
    0x675C, 0x6B5B, 0x6B5C, 0x6B5B, 0x6B5B, 0x6B5B, 0x675C, 0x6B5B, 0x6B5C, 0x6B5B, 0x6B5B, 0x6B5B, 0x6B5C, 0x6B5B, 0x675B, 0x6B5B, 
    0x673B, 0x6B5B, 0x675B, 0x6B5B, 0x6B5B, 0x6B5B, 0x675B, 0x6B5B, 0x675B, 0x6B5B, 0x675B, 0x6B5B, 0x673B, 0x675B, 0x673C, 0x675A, 
    0x673B, 0x6B5B, 0x673B, 0x6B5B, 0x673B, 0x6B5B, 0x675B, 0x673A, 0x4E75, 0x39AD, 0x38E8, 0x4C83, 0x5442, 0x5462, 0x5042, 0x5461, 
    0x5042, 0x5041, 0x5021, 0x4C41, 0x3042, 0x2842, 0x4042, 0x4421, 0x3801, 0x3863, 0x3000, 0x2000, 0x4A32, 0x77BD, 0x77BE, 0x6F7B, 
    0x6B5C, 0x6F7C, 0x6F7C, 0x6F7C, 0x6F5C, 0x6F7C, 0x6B7C, 0x6F7C, 0x6B5C, 0x6F7C, 0x6B5C, 0x6F7C, 0x6B7C, 0x6F7C, 0x6F7D, 0x6F7C, 
    0x6B5B, 0x675B, 0x6B7C, 0x6B7D, 0x6B7C, 0x6B7D, 0x6B7C, 0x3E12, 0x0000, 0x31F2, 0x675B, 0x673A, 0x675A, 0x673B, 0x675A, 0x673B, 
    0x675A, 0x673B, 0x675A, 0x673B, 0x675A, 0x673B, 0x675A, 0x673B, 0x675A, 0x633B, 0x675A, 0x633B, 0x675A, 0x673B, 0x675A, 0x673B, 
    0x675A, 0x673B, 0x675A, 0x673B, 0x675A, 0x633B, 0x675A, 0x633B, 0x675A, 0x633A, 0x673A, 0x633A, 0x675A, 0x633B, 0x673A, 0x633A, 
    0x673A, 0x633A, 0x673A, 0x633A, 0x673A, 0x633A, 0x673A, 0x633A, 0x673A, 0x633A, 0x673A, 0x633A, 0x673A, 0x633A, 0x673A, 0x633A, 
    0x673A, 0x633A, 0x675A, 0x633B, 0x673A, 0x633B, 0x675A, 0x633B, 0x675A, 0x633B, 0x673A, 0x633B, 0x673A, 0x633B, 0x673A, 0x633B, 
    0x673A, 0x633A, 0x6339, 0x5F1A, 0x5AF7, 0x5AF8, 0x6319, 0x5F19, 0x675A, 0x673B, 0x6B5B, 0x675B, 0x6B7B, 0x6B5C, 0x6B7B, 0x6B5C, 
    0x6B7B, 0x6B5C, 0x6B7B, 0x675C, 0x6B7B, 0x5F1A, 0x4E95, 0x56F8, 0x6B7B, 0x6B7C, 0x6B7B, 0x6B7C, 0x6B7B, 0x6B7C, 0x6B7B, 0x6B5C, 
    0x6B7B, 0x5AF9, 0x633A, 0x6B5C, 0x6B7B, 0x6B5C, 0x6B7B, 0x6B5C, 0x6B7B, 0x6B5C, 0x6B7B, 0x6B7C, 0x6B7B, 0x6B5C, 0x6B7C, 0x675C, 
    0x675A, 0x739E, 0x56D7, 0x5F19, 0x675A, 0x5F3A, 0x675B, 0x675C, 0x6B7B, 0x675C, 0x6B7B, 0x633B, 0x675A, 0x6B7C, 0x6F7C, 0x6B7C, 
    0x6F7C, 0x6F9D, 0x7BBC, 0x5928, 0x45CF, 0x5AF9, 0x6319, 0x5F19, 0x4E95, 0x31AF, 0x4651, 0x6B7B, 0x77DE, 0x6F9D, 0x6B5B, 0x675B, 
    0x675A, 0x673B, 0x6B5B, 0x675B, 0x6B7B, 0x673B, 0x3DEF, 0x77BD, 0x6B7B, 0x675B, 0x6B5B, 0x675B, 0x6B5B, 0x675B, 0x6B5B, 0x675B, 
    0x6B5B, 0x675B, 0x6B5B, 0x675B, 0x6B5B, 0x675B, 0x6B7B, 0x675B, 0x6B7B, 0x675B, 0x6B5B, 0x675B, 0x6B5B, 0x675B, 0x6B7B, 0x675B, 
    0x6B5B, 0x675B, 0x6B5B, 0x675B, 0x6B5B, 0x675B, 0x6B5B, 0x675B, 0x6B5B, 0x675B, 0x6B5B, 0x675B, 0x675A, 0x675B, 0x675B, 0x675B, 
    0x6B5B, 0x675B, 0x6B5A, 0x675B, 0x6B5B, 0x675B, 0x6B5A, 0x675B, 0x675B, 0x56D7, 0x4210, 0x354B, 0x44C5, 0x5062, 0x5461, 0x5062, 
    0x5061, 0x5041, 0x5061, 0x4C41, 0x4C41, 0x3842, 0x2041, 0x3422, 0x3C21, 0x3400, 0x3442, 0x3063, 0x1800, 0x292B, 0x6B5A, 0x7BFF, 
    0x739C, 0x6B7C, 0x6F7C, 0x6B7C, 0x6F7C, 0x6B7C, 0x6B7B, 0x6B7C, 0x6B5B, 0x673A, 0x6B7B, 0x6B5C, 0x6B7B, 0x6B7C, 0x6F7C, 0x6B7C, 
    0x675B, 0x675A, 0x6B5C, 0x6F7C, 0x6B7D, 0x6F7C, 0x675C, 0x3E32, 0x0000, 0x35F2, 0x675C, 0x673A, 0x673B, 0x675A, 0x673B, 0x675B, 
    0x673B, 0x675A, 0x673B, 0x675A, 0x673B, 0x675A, 0x673B, 0x675A, 0x673B, 0x675A, 0x673B, 0x675A, 0x673B, 0x675A, 0x673B, 0x675A, 
    0x673B, 0x675A, 0x673B, 0x675A, 0x673B, 0x675A, 0x673B, 0x673A, 0x633B, 0x673A, 0x633B, 0x673A, 0x633B, 0x673A, 0x633B, 0x673A, 
    0x633B, 0x673A, 0x631A, 0x673A, 0x633B, 0x673A, 0x633A, 0x673A, 0x633A, 0x673A, 0x633A, 0x673A, 0x633A, 0x673A, 0x633A, 0x673A, 
    0x633A, 0x673A, 0x633B, 0x673A, 0x633B, 0x673A, 0x673B, 0x675A, 0x673B, 0x673A, 0x633B, 0x673A, 0x633B, 0x673A, 0x673B, 0x673A, 
    0x673B, 0x673A, 0x633A, 0x6339, 0x5F1A, 0x5AF8, 0x5AF8, 0x5F18, 0x633A, 0x675B, 0x673B, 0x6B5B, 0x6B5C, 0x6B7B, 0x6B5C, 0x6B7B, 
    0x6B5C, 0x6B7B, 0x6B5C, 0x6B7B, 0x6B5C, 0x673A, 0x4A75, 0x56D7, 0x675C, 0x6B7B, 0x6B5C, 0x6B7B, 0x6B5C, 0x6B7B, 0x6B5C, 0x6B7B, 
    0x6B5C, 0x675B, 0x5EF9, 0x6B5B, 0x6B5C, 0x6B7B, 0x6B5C, 0x6B7B, 0x6B5C, 0x6B7C, 0x6B5C, 0x6B7B, 0x6B5C, 0x6B5B, 0x6B7D, 0x6339, 
    0x739D, 0x673A, 0x56D7, 0x675B, 0x631B, 0x633A, 0x675C, 0x6B7B, 0x675C, 0x6B5B, 0x675C, 0x6339, 0x675B, 0x6F7C, 0x6B7C, 0x6F7C, 
    0x6B7C, 0x77BD, 0x6E74, 0x44A6, 0x56B8, 0x5F18, 0x5EF9, 0x6318, 0x631A, 0x6319, 0x4654, 0x296C, 0x4A52, 0x6F7A, 0x77DE, 0x73BD, 
    0x673B, 0x6B5B, 0x6B5C, 0x6B7B, 0x6B5C, 0x739D, 0x6319, 0x62F7, 0x739D, 0x675B, 0x675C, 0x6B5B, 0x675B, 0x6B5B, 0x675B, 0x6B5B, 
    0x675C, 0x6B5B, 0x675B, 0x6B5B, 0x675B, 0x6B5B, 0x675B, 0x6B5B, 0x675B, 0x6B5B, 0x675B, 0x6B5B, 0x675B, 0x6B5B, 0x675B, 0x6B5B, 
    0x675B, 0x6B5B, 0x675B, 0x6B5B, 0x675B, 0x6B5B, 0x675B, 0x6B5B, 0x675B, 0x6B5B, 0x675B, 0x6B5B, 0x675B, 0x6B5B, 0x675B, 0x6B5B, 
    0x675B, 0x6B5B, 0x675B, 0x6B5B, 0x675B, 0x6B5B, 0x675B, 0x6B5B, 0x675B, 0x6B5B, 0x5F1A, 0x4E74, 0x358D, 0x3D07, 0x4C84, 0x5461, 
    0x5062, 0x5061, 0x4C41, 0x4C41, 0x4821, 0x4840, 0x3C21, 0x2041, 0x2422, 0x3421, 0x3001, 0x2C20, 0x2864, 0x1C00, 0x0000, 0x52B4, 
    0x77DE, 0x7BDE, 0x6F7C, 0x6F7C, 0x6F7D, 0x6B7C, 0x6B5C, 0x6B7B, 0x673A, 0x6739, 0x6319, 0x6B5B, 0x6B5C, 0x6B7C, 0x6B7C, 0x6B7B, 
    0x675B, 0x675B, 0x6B7B, 0x6B5C, 0x6B7C, 0x6B7C, 0x6B7B, 0x3E12, 0x0000, 0x31F3, 0x675B, 0x633A, 0x675A, 0x633B, 0x675A, 0x673B, 
    0x675A, 0x673B, 0x675A, 0x633A, 0x675A, 0x673A, 0x675A, 0x633A, 0x675A, 0x675A, 0x675A, 0x633B, 0x675A, 0x633A, 0x675A, 0x675B, 
    0x675A, 0x633A, 0x675A, 0x633B, 0x675A, 0x633A, 0x675A, 0x633B, 0x675A, 0x633A, 0x675A, 0x633A, 0x633A, 0x633A, 0x635A, 0x633A, 
    0x675A, 0x633A, 0x6339, 0x633A, 0x673A, 0x633A, 0x6339, 0x633A, 0x673A, 0x633A, 0x673A, 0x633A, 0x673A, 0x633A, 0x6739, 0x633A, 
    0x675A, 0x633A, 0x675A, 0x633A, 0x675A, 0x633B, 0x675A, 0x633B, 0x675A, 0x633A, 0x673A, 0x633B, 0x675A, 0x633B, 0x675A, 0x633B, 
    0x675A, 0x633A, 0x675A, 0x633A, 0x6339, 0x5F3B, 0x5B18, 0x5AF9, 0x5F18, 0x633A, 0x675A, 0x675B, 0x6B7B, 0x675C, 0x6B7B, 0x675C, 
    0x6B7B, 0x6B7C, 0x6B7B, 0x675C, 0x6B7B, 0x633A, 0x52D6, 0x56D7, 0x6B7B, 0x6B7C, 0x6B7B, 0x6B7C, 0x6B7B, 0x6B7C, 0x6B7B, 0x677C, 
    0x6B7B, 0x677C, 0x5F19, 0x5F1A, 0x6B7B, 0x6B7C, 0x6B7B, 0x6B7C, 0x6B7B, 0x6B7C, 0x6B7C, 0x6B7C, 0x6B7B, 0x6B7C, 0x677B, 0x675A, 
    0x739D, 0x52B6, 0x6339, 0x635B, 0x5F39, 0x635B, 0x677B, 0x675B, 0x677B, 0x675B, 0x633A, 0x633A, 0x6B7B, 0x6B7C, 0x6B7B, 0x6B7C, 
    0x6F9C, 0x777B, 0x54A3, 0x4633, 0x5F18, 0x5EF9, 0x5F18, 0x5F19, 0x5F18, 0x5F19, 0x6339, 0x5AF9, 0x4A74, 0x212B, 0x4651, 0x6F7B, 
    0x7BFE, 0x739D, 0x6F7B, 0x6B7C, 0x73BC, 0x6F9C, 0x5EF6, 0x4611, 0x675A, 0x675B, 0x675B, 0x675B, 0x6B5B, 0x675B, 0x6B7B, 0x675B, 
    0x6B7B, 0x675B, 0x677B, 0x675B, 0x6B5B, 0x675B, 0x6B7B, 0x675B, 0x6B7B, 0x675B, 0x6B5A, 0x675B, 0x6B7B, 0x675B, 0x6B7A, 0x675B, 
    0x6B7B, 0x675B, 0x6B5B, 0x675B, 0x6B5A, 0x675B, 0x6B7B, 0x675B, 0x6B7A, 0x675B, 0x6B7B, 0x675B, 0x6B7B, 0x675B, 0x6B7B, 0x675B, 
    0x6B7B, 0x675B, 0x6B7B, 0x675B, 0x6B7B, 0x675B, 0x6B7B, 0x675B, 0x6B7B, 0x675B, 0x6B7B, 0x675B, 0x56D6, 0x3DCF, 0x3528, 0x44C5, 
    0x5061, 0x5041, 0x4C61, 0x4841, 0x4840, 0x4021, 0x4040, 0x3821, 0x2041, 0x1421, 0x2821, 0x2801, 0x2400, 0x1C42, 0x1841, 0x0000, 
    0x2DAC, 0x677B, 0x7BFF, 0x6F9D, 0x6B7C, 0x6B7C, 0x6B7B, 0x6B5B, 0x5A93, 0x5EF8, 0x675B, 0x633A, 0x6B7B, 0x6B7C, 0x6B7B, 0x6B7C, 
    0x673B, 0x6B7B, 0x6B5C, 0x6B5B, 0x6B5C, 0x6F7C, 0x6B5C, 0x4232, 0x0000, 0x3613, 0x673C, 0x673A, 0x673B, 0x675A, 0x673B, 0x673A, 
    0x673B, 0x6B5B, 0x673B, 0x675A, 0x673B, 0x673A, 0x673B, 0x675A, 0x673B, 0x675A, 0x673B, 0x675A, 0x673B, 0x673A, 0x673B, 0x675B, 
    0x673B, 0x675A, 0x673B, 0x673A, 0x673B, 0x673A, 0x673B, 0x673A, 0x633B, 0x673A, 0x633B, 0x673A, 0x631A, 0x673A, 0x633B, 0x673A, 
    0x633B, 0x673A, 0x631A, 0x673A, 0x631A, 0x673A, 0x633B, 0x673A, 0x633B, 0x673A, 0x633B, 0x673A, 0x673A, 0x673A, 0x673A, 0x673A, 
    0x633B, 0x673A, 0x673B, 0x673A, 0x673B, 0x673A, 0x673B, 0x673B, 0x673B, 0x673A, 0x673B, 0x673A, 0x673B, 0x673A, 0x673B, 0x673B, 
    0x673B, 0x675A, 0x673B, 0x673A, 0x633A, 0x675B, 0x631B, 0x5EF9, 0x5F19, 0x6319, 0x673B, 0x6B5B, 0x6B5C, 0x6B7B, 0x6B5C, 0x6B7C, 
    0x6B5C, 0x6B7C, 0x6B5C, 0x6B7C, 0x6B5C, 0x6B5B, 0x5AF8, 0x5F19, 0x675C, 0x6B7C, 0x6B5C, 0x6F7C, 0x6B5C, 0x6B7C, 0x6B5C, 0x6F7C, 
    0x6B5C, 0x6B7B, 0x675C, 0x5EF9, 0x673B, 0x6B7C, 0x6B5C, 0x6B7C, 0x6B5C, 0x6F7C, 0x6B5C, 0x6B7C, 0x6B5C, 0x6F9C, 0x6319, 0x73BD, 
    0x6319, 0x5AD7, 0x673B, 0x673A, 0x631B, 0x675B, 0x673B, 0x6B5B, 0x675C, 0x6B5B, 0x631A, 0x675B, 0x6B5C, 0x6F7C, 0x6B7C, 0x6F7B, 
    0x77BE, 0x6E73, 0x40E9, 0x5AD7, 0x5EF9, 0x62F9, 0x5EF9, 0x6319, 0x5F19, 0x6319, 0x5EF9, 0x6319, 0x631A, 0x5AF8, 0x3E12, 0x294C, 
    0x5295, 0x7BDD, 0x7BDE, 0x737C, 0x6F5B, 0x56B4, 0x5696, 0x673A, 0x631A, 0x673A, 0x675B, 0x6B5B, 0x675B, 0x6B5B, 0x675B, 0x6B5B, 
    0x675B, 0x6B5B, 0x675C, 0x6B5B, 0x675B, 0x6B5B, 0x6B5C, 0x6B5B, 0x6B5B, 0x6B5B, 0x6B5B, 0x6B5B, 0x6B5C, 0x6B5B, 0x6B5B, 0x6B5B, 
    0x675B, 0x6B5B, 0x6B5C, 0x6B5B, 0x675B, 0x6B5B, 0x6B5B, 0x6B5B, 0x675B, 0x6B5B, 0x6B5C, 0x6B5B, 0x6B5C, 0x6B5B, 0x6B5C, 0x6B5B, 
    0x6B5C, 0x6B5B, 0x6B5C, 0x6B5B, 0x6B5B, 0x6B5B, 0x6B5C, 0x6B5B, 0x6B5C, 0x6B5B, 0x6B5B, 0x6B5B, 0x6B5C, 0x6319, 0x4A33, 0x354B, 
    0x3CE8, 0x5084, 0x4C42, 0x4841, 0x4421, 0x4020, 0x3C21, 0x3820, 0x3401, 0x2021, 0x0C01, 0x1C21, 0x1C01, 0x1C00, 0x1401, 0x1883, 
    0x0000, 0x0000, 0x52B6, 0x7BDE, 0x77BE, 0x6B5B, 0x673B, 0x6B5B, 0x5674, 0x2C00, 0x5AB6, 0x675A, 0x673B, 0x6B5B, 0x6B5C, 0x6B7C, 
    0x6B5A, 0x6B5B, 0x6B7B, 0x6B7C, 0x6B7B, 0x6B7C, 0x6B7C, 0x3E33, 0x0000, 0x3614, 0x675B, 0x633A, 0x675A, 0x673B, 0x675A, 0x633B, 
    0x675A, 0x673B, 0x675A, 0x673B, 0x675A, 0x673B, 0x675A, 0x673B, 0x675B, 0x673B, 0x675A, 0x673B, 0x675A, 0x673B, 0x675A, 0x673B, 
    0x675A, 0x673B, 0x675A, 0x633A, 0x675A, 0x633B, 0x675A, 0x633B, 0x675A, 0x633B, 0x675A, 0x633A, 0x673A, 0x633A, 0x673A, 0x633A, 
    0x673A, 0x633A, 0x6339, 0x631A, 0x5F19, 0x633A, 0x633A, 0x633A, 0x673A, 0x633A, 0x673A, 0x633A, 0x673A, 0x633A, 0x673A, 0x633A, 
    0x675A, 0x633B, 0x675A, 0x633B, 0x673A, 0x633A, 0x675A, 0x633B, 0x675A, 0x633B, 0x673A, 0x633B, 0x675A, 0x633B, 0x675A, 0x633B, 
    0x675A, 0x633A, 0x675A, 0x673A, 0x6759, 0x633A, 0x675B, 0x5F1A, 0x5F19, 0x5F1A, 0x6339, 0x673B, 0x6B7B, 0x6B5C, 0x6B7C, 0x6B5C, 
    0x6B7B, 0x6B5C, 0x6B7B, 0x6B5C, 0x6B7B, 0x675B, 0x5F19, 0x5AF8, 0x675B, 0x6B5C, 0x6B7B, 0x6B7C, 0x6B7C, 0x6B7C, 0x6B7B, 0x6B7C, 
    0x6B7B, 0x6B5C, 0x6B7B, 0x633A, 0x5F18, 0x675C, 0x6B7C, 0x6B7C, 0x6B7C, 0x6B7C, 0x6B7C, 0x6B5C, 0x6B7C, 0x635A, 0x675A, 0x6F9D, 
    0x56D6, 0x633B, 0x675A, 0x5F1A, 0x675A, 0x633B, 0x675A, 0x675B, 0x6B7B, 0x633B, 0x675A, 0x675B, 0x6B7B, 0x6B7C, 0x6F7C, 0x6F9D, 
    0x777B, 0x50A5, 0x4A52, 0x5AF8, 0x5F18, 0x5F19, 0x6318, 0x5F19, 0x6319, 0x5F19, 0x6339, 0x5F19, 0x5F18, 0x5F19, 0x6339, 0x56D8, 
    0x3E11, 0x3E10, 0x4E72, 0x56B6, 0x6B5A, 0x5ED7, 0x6F7B, 0x6B7C, 0x6739, 0x6319, 0x675A, 0x675B, 0x6B5B, 0x675B, 0x6B5B, 0x675B, 
    0x6B5B, 0x675B, 0x6B5B, 0x675B, 0x6B7B, 0x675B, 0x6B7B, 0x675B, 0x6B5B, 0x675B, 0x6B7B, 0x675B, 0x6B5B, 0x675B, 0x6B5A, 0x675B, 
    0x6B7B, 0x675B, 0x6B7B, 0x675B, 0x6B7B, 0x675B, 0x6B7B, 0x675B, 0x6B7B, 0x675B, 0x6B7B, 0x675B, 0x6B7B, 0x675B, 0x6B7B, 0x675B, 
    0x6B7B, 0x675B, 0x6B7B, 0x675B, 0x6B7B, 0x6B5B, 0x6B7B, 0x6B5B, 0x6B7B, 0x6B5B, 0x6B7B, 0x675B, 0x6B7B, 0x675B, 0x675A, 0x56B6, 
    0x3DCE, 0x3509, 0x4483, 0x4441, 0x4040, 0x3821, 0x3820, 0x3021, 0x2C20, 0x2801, 0x1C20, 0x0801, 0x0C20, 0x1401, 0x1400, 0x1000, 
    0x1462, 0x0C20, 0x0000, 0x39CF, 0x6F9C, 0x7BDF, 0x6B7B, 0x5F19, 0x5EF6, 0x5253, 0x41CE, 0x631A, 0x675B, 0x675C, 0x6B7C, 0x6B5C, 
    0x675B, 0x6B7B, 0x675C, 0x6B7B, 0x6B5C, 0x6B7C, 0x6B7C, 0x4654, 0x0005, 0x3A34, 0x675C, 0x675A, 0x673B, 0x673A, 0x673B, 0x675A, 
    0x673B, 0x675A, 0x673B, 0x675A, 0x673B, 0x675A, 0x673A, 0x673A, 0x673B, 0x675B, 0x673B, 0x675A, 0x673B, 0x675A, 0x673B, 0x675A, 
    0x673B, 0x675B, 0x673B, 0x673A, 0x673B, 0x675A, 0x633B, 0x675A, 0x633B, 0x673A, 0x633B, 0x673A, 0x633B, 0x673A, 0x633A, 0x673A, 
    0x633A, 0x673A, 0x631A, 0x6319, 0x631A, 0x673A, 0x633A, 0x673A, 0x633B, 0x673A, 0x633B, 0x673A, 0x673A, 0x673A, 0x633A, 0x673A, 
    0x633B, 0x673A, 0x633B, 0x673A, 0x633B, 0x673A, 0x633A, 0x675A, 0x673B, 0x675A, 0x673B, 0x673A, 0x673B, 0x673A, 0x673B, 0x675B, 
    0x673B, 0x675A, 0x673B, 0x675A, 0x673A, 0x6739, 0x633B, 0x633A, 0x5AF9, 0x5F19, 0x631A, 0x675B, 0x6B5C, 0x6B7C, 0x6B5C, 0x6B7B, 
    0x6B5C, 0x6F7C, 0x6B5C, 0x6B7C, 0x6B5C, 0x6B5B, 0x631A, 0x5F18, 0x673B, 0x6B7C, 0x6B5C, 0x6F7C, 0x6B7C, 0x6F7C, 0x6B7C, 0x6B7C, 
    0x6B5C, 0x6B7B, 0x6B5C, 0x6B5B, 0x5F1A, 0x5EF8, 0x6B5C, 0x6F7C, 0x6B7C, 0x6F7C, 0x6B5C, 0x6B7C, 0x6B7D, 0x6318, 0x739E, 0x5F19, 
    0x5EF9, 0x6B5B, 0x633B, 0x675B, 0x675B, 0x675B, 0x675C, 0x6B5B, 0x675B, 0x673A, 0x675B, 0x6B7B, 0x6B7C, 0x6F7C, 0x6B5C, 0x77BD, 
    0x6A73, 0x4109, 0x56B8, 0x6318, 0x5EF9, 0x6318, 0x5F19, 0x6319, 0x5F19, 0x6319, 0x5F19, 0x5F19, 0x5F19, 0x6319, 0x5EF9, 0x6319, 
    0x5F1A, 0x56D7, 0x39F0, 0x294B, 0x4E54, 0x5EB5, 0x6B5B, 0x6F9C, 0x675B, 0x6319, 0x673B, 0x675B, 0x675B, 0x6B5B, 0x675B, 0x6B5B, 
    0x675B, 0x6B5B, 0x675B, 0x6B5B, 0x675C, 0x6B5B, 0x675C, 0x6B5B, 0x675B, 0x6B5B, 0x675B, 0x6B5B, 0x675B, 0x6B5B, 0x675B, 0x6B5B, 
    0x6B5B, 0x6B5B, 0x675B, 0x6B7B, 0x6B5B, 0x6B5B, 0x6B5B, 0x6B7B, 0x6B5B, 0x6B7B, 0x6B5B, 0x6B7B, 0x6B5C, 0x6B7B, 0x6B5C, 0x6B7B, 
    0x6B5C, 0x6B7B, 0x6B5C, 0x6B7B, 0x6B5C, 0x6B7B, 0x6B5C, 0x6B7B, 0x6B5C, 0x6B7B, 0x6B5C, 0x6B7B, 0x6B5C, 0x6B5B, 0x6B5C, 0x6B7B, 
    0x6319, 0x4A52, 0x38E8, 0x4420, 0x3822, 0x3420, 0x2C01, 0x2820, 0x2001, 0x2020, 0x1C01, 0x1800, 0x0800, 0x0820, 0x0C01, 0x1000, 
    0x0C00, 0x0C21, 0x1064, 0x0000, 0x0885, 0x5F18, 0x7BDF, 0x6F9C, 0x5EF9, 0x673A, 0x62F8, 0x6319, 0x673B, 0x6B5B, 0x675C, 0x6B7B, 
    0x6B7B, 0x675B, 0x6B7B, 0x677C, 0x6B7B, 0x6B7C, 0x6B9C, 0x4275, 0x000A, 0x3636, 0x675B, 0x633A, 0x675A, 0x633A, 0x675A, 0x673B, 
    0x675A, 0x633A, 0x675A, 0x633A, 0x675A, 0x633A, 0x675A, 0x633B, 0x675A, 0x673B, 0x675A, 0x633B, 0x675A, 0x633B, 0x675A, 0x633B, 
    0x675A, 0x635B, 0x675A, 0x633A, 0x675A, 0x633B, 0x675A, 0x633A, 0x675A, 0x633A, 0x675A, 0x633A, 0x635A, 0x633A, 0x635A, 0x633A, 
    0x633A, 0x633A, 0x6339, 0x5F19, 0x6339, 0x633A, 0x633A, 0x633A, 0x675A, 0x633A, 0x673A, 0x633A, 0x673A, 0x633A, 0x635A, 0x633A, 
    0x675A, 0x633A, 0x675A, 0x633A, 0x675A, 0x633A, 0x675A, 0x633A, 0x675A, 0x633A, 0x675A, 0x633B, 0x675A, 0x633B, 0x675A, 0x633B, 
    0x675A, 0x673B, 0x675A, 0x633A, 0x675A, 0x673A, 0x675A, 0x633B, 0x5F19, 0x5AF9, 0x6339, 0x635B, 0x6B7B, 0x6B7C, 0x6B7B, 0x6B7C, 
    0x6B7B, 0x6B7C, 0x6B7B, 0x6B7C, 0x6B7B, 0x675B, 0x635A, 0x633A, 0x673A, 0x6B7C, 0x6B7B, 0x6B7C, 0x6B7B, 0x6B7C, 0x6B7C, 0x6B7C, 
    0x6B7B, 0x6B7C, 0x6B7B, 0x675B, 0x675B, 0x5AF8, 0x5F18, 0x6B7C, 0x6B7B, 0x6B7C, 0x6B7C, 0x6B7D, 0x675A, 0x6B7C, 0x6B7B, 0x56D7, 
    0x675A, 0x635B, 0x675A, 0x675C, 0x6B7B, 0x675C, 0x675A, 0x633B, 0x635A, 0x633A, 0x6B7B, 0x677B, 0x6B7B, 0x6B7C, 0x6F9C, 0x777B, 
    0x50C4, 0x4A53, 0x5F19, 0x5F19, 0x5F18, 0x5F19, 0x6339, 0x5F19, 0x6339, 0x5F19, 0x5F19, 0x5F19, 0x5F39, 0x5F19, 0x5F39, 0x5F19, 
    0x5F19, 0x5F1A, 0x633A, 0x5B19, 0x4672, 0x5253, 0x6B5A, 0x6B7C, 0x6B7B, 0x6319, 0x6339, 0x673B, 0x675A, 0x675B, 0x675A, 0x675B, 
    0x6B7B, 0x675B, 0x6B7B, 0x675B, 0x675A, 0x675B, 0x6B7B, 0x675B, 0x6B7B, 0x675B, 0x6B5B, 0x675B, 0x6B7B, 0x675B, 0x6B7A, 0x675B, 
    0x6B7B, 0x675B, 0x6B7A, 0x675B, 0x6B7B, 0x675B, 0x6B7B, 0x675B, 0x6B7B, 0x675B, 0x6B7B, 0x6B7B, 0x6B7B, 0x6B5B, 0x6B7B, 0x6B5B, 
    0x6B7B, 0x6B5B, 0x6B7B, 0x6B5C, 0x6B7B, 0x6B5C, 0x6B7B, 0x6B7C, 0x6B7B, 0x6B7B, 0x6B7B, 0x6B7B, 0x6B7B, 0x675B, 0x6B7B, 0x675B, 
    0x6B7B, 0x675A, 0x4A31, 0x2C00, 0x2C62, 0x2421, 0x2420, 0x1C00, 0x1C20, 0x1800, 0x1820, 0x1401, 0x1420, 0x0C00, 0x0420, 0x0000, 
    0x0820, 0x0400, 0x0400, 0x0C63, 0x0000, 0x0000, 0x4651, 0x77BE, 0x77DD, 0x633A, 0x6339, 0x5AD7, 0x6318, 0x675B, 0x6B7B, 0x677C, 
    0x6B5C, 0x6B5B, 0x675C, 0x6B5B, 0x6B5C, 0x6F9D, 0x671A, 0x412B, 0x2C03, 0x3E15, 0x633C, 0x673A, 0x673B, 0x675A, 0x673B, 0x673A, 
    0x673B, 0x673A, 0x673B, 0x673A, 0x673B, 0x673A, 0x673B, 0x675A, 0x673B, 0x673A, 0x673B, 0x675B, 0x673B, 0x673B, 0x673B, 0x673B, 
    0x673B, 0x675B, 0x673B, 0x673A, 0x673B, 0x675A, 0x673B, 0x673A, 0x673B, 0x673A, 0x633B, 0x673A, 0x633B, 0x673A, 0x633B, 0x673A, 
    0x633A, 0x673A, 0x631A, 0x6319, 0x631A, 0x673A, 0x633B, 0x673A, 0x633B, 0x673A, 0x673B, 0x673A, 0x673B, 0x673A, 0x633B, 0x673A, 
    0x633B, 0x673A, 0x633B, 0x673A, 0x633B, 0x673A, 0x673B, 0x673A, 0x673B, 0x675A, 0x673B, 0x673A, 0x673B, 0x673B, 0x673C, 0x675B, 
    0x673B, 0x675B, 0x673B, 0x675A, 0x673B, 0x6B5A, 0x673A, 0x675B, 0x633B, 0x5F1A, 0x5F1A, 0x673A, 0x675C, 0x6B7C, 0x6B5C, 0x6B7C, 
    0x6B5C, 0x6B7C, 0x6B5C, 0x6F7C, 0x6B5C, 0x6B7C, 0x633B, 0x673A, 0x631A, 0x6B7C, 0x6B5C, 0x6F7C, 0x6B5C, 0x6F7C, 0x6B5C, 0x6F7C, 
    0x6B5C, 0x6B7C, 0x6B5C, 0x6B5B, 0x675C, 0x633A, 0x5EF9, 0x675B, 0x6B5C, 0x6B7C, 0x6B5C, 0x6F7C, 0x633B, 0x73BE, 0x5AD8, 0x6319, 
    0x673B, 0x675B, 0x6B5C, 0x6B7C, 0x6B5C, 0x6B7C, 0x673B, 0x673A, 0x631A, 0x675B, 0x6B5C, 0x6F7C, 0x6B7C, 0x6F7C, 0x779E, 0x6A52, 
    0x410A, 0x5AD8, 0x5EF9, 0x6318, 0x62F9, 0x6319, 0x5F1A, 0x6319, 0x5F1A, 0x6319, 0x5F1A, 0x6319, 0x5F1A, 0x6319, 0x5F19, 0x6319, 
    0x5F1A, 0x6319, 0x5EFA, 0x633A, 0x56D8, 0x45F0, 0x6719, 0x6F7C, 0x6B5C, 0x6319, 0x5AD8, 0x631A, 0x673A, 0x673A, 0x673B, 0x6B5B, 
    0x675B, 0x6B5B, 0x6B5C, 0x6B5B, 0x6B5C, 0x6B5B, 0x6B5C, 0x6B5B, 0x6B5C, 0x6B5B, 0x6B5C, 0x6B5B, 0x6B5C, 0x6B5B, 0x6B5B, 0x6B5B, 
    0x6B5C, 0x6B5B, 0x6B5B, 0x6B7B, 0x6B5C, 0x6F7B, 0x6B5C, 0x6F7B, 0x6B5C, 0x6B7B, 0x6B5C, 0x6F7B, 0x6B5C, 0x6B7B, 0x6B5C, 0x6B7B, 
    0x6B5C, 0x6B7B, 0x6B5C, 0x6F7B, 0x6B5C, 0x6B7B, 0x6B5C, 0x6B7B, 0x6B5C, 0x6B7B, 0x6B5C, 0x6B7B, 0x6B5C, 0x6B7B, 0x6B5C, 0x6B5B, 
    0x6B5B, 0x6B5B, 0x5AD8, 0x1C84, 0x1400, 0x1C21, 0x1801, 0x1C00, 0x1801, 0x1C00, 0x1801, 0x1801, 0x1401, 0x1401, 0x1001, 0x0821, 
    0x0001, 0x0421, 0x0401, 0x0400, 0x0822, 0x1063, 0x0000, 0x294A, 0x6B3A, 0x7BDE, 0x6B5B, 0x5EF7, 0x671A, 0x6B5B, 0x675C, 0x6B7C, 
    0x6B7B, 0x675B, 0x6B7B, 0x6B5C, 0x6F9D, 0x6B3A, 0x4D07, 0x4400, 0x4400, 0x458F, 0x6B7B, 0x675B, 0x6739, 0x673A, 0x675A, 0x633A, 
    0x675A, 0x633A, 0x675A, 0x673B, 0x675A, 0x673A, 0x675A, 0x673B, 0x675A, 0x673B, 0x675A, 0x673B, 0x675A, 0x633B, 0x675B, 0x673B, 
    0x675A, 0x673B, 0x675A, 0x633B, 0x675A, 0x633B, 0x675A, 0x633A, 0x675A, 0x633A, 0x675A, 0x633A, 0x673A, 0x633A, 0x673A, 0x633A, 
    0x673A, 0x633A, 0x633A, 0x633A, 0x633A, 0x633A, 0x673A, 0x633A, 0x673A, 0x633A, 0x673A, 0x633A, 0x673A, 0x633A, 0x675A, 0x633B, 
    0x675A, 0x633A, 0x673A, 0x633A, 0x673A, 0x633A, 0x675A, 0x633A, 0x675A, 0x633B, 0x675A, 0x633A, 0x675A, 0x673B, 0x675B, 0x673B, 
    0x675A, 0x673B, 0x675A, 0x673B, 0x675A, 0x673A, 0x675A, 0x633A, 0x675B, 0x5F1A, 0x5F3A, 0x631A, 0x675B, 0x675C, 0x6B7C, 0x6B7C, 
    0x6B7C, 0x6B7C, 0x6B7C, 0x6B7C, 0x6B7C, 0x6B5C, 0x6B5B, 0x633B, 0x6339, 0x6B5C, 0x6B7B, 0x6B7C, 0x6B7C, 0x6B7C, 0x6B7C, 0x6B7C, 
    0x6B7B, 0x6B7C, 0x6B7B, 0x675C, 0x6B7B, 0x6B5C, 0x675A, 0x631A, 0x6B7B, 0x6B7C, 0x73BD, 0x675B, 0x73BE, 0x633B, 0x56B6, 0x5F1A, 
    0x675B, 0x675C, 0x6B7C, 0x6B7C, 0x6B7B, 0x675C, 0x6B7B, 0x635B, 0x6339, 0x675B, 0x6B7B, 0x6B7C, 0x6F7C, 0x6F9D, 0x775A, 0x4C40, 
    0x4E53, 0x5F19, 0x5F19, 0x5F19, 0x6318, 0x5F19, 0x6339, 0x5F19, 0x5F19, 0x5F19, 0x5F39, 0x5F1A, 0x5F19, 0x5F19, 0x6319, 0x5F19, 
    0x6319, 0x5F19, 0x5F19, 0x5F19, 0x6339, 0x4633, 0x5AB5, 0x6B7C, 0x6B7B, 0x5F19, 0x5F18, 0x5EF9, 0x6319, 0x633A, 0x673A, 0x673B, 
    0x6B5B, 0x675B, 0x6B5B, 0x675B, 0x6B7B, 0x675B, 0x6B7B, 0x675B, 0x6B7B, 0x675C, 0x6B7B, 0x6B5C, 0x6B7B, 0x6B5C, 0x6B7B, 0x6B5B, 
    0x6B7B, 0x6B5B, 0x6B7B, 0x6B5B, 0x6B7B, 0x6B5B, 0x6B7B, 0x6B5C, 0x6B7B, 0x6B5C, 0x6B7B, 0x6B5C, 0x6B7B, 0x6B5C, 0x6B7B, 0x6B5C, 
    0x6B7B, 0x6B7C, 0x6B7B, 0x6B5C, 0x6B7B, 0x6B7C, 0x6B7B, 0x6B5C, 0x6B7B, 0x6B5C, 0x6B7B, 0x6B5C, 0x6B7B, 0x6B5B, 0x6B7B, 0x675B, 
    0x6B5B, 0x675B, 0x675A, 0x35AE, 0x0000, 0x0C43, 0x1420, 0x1401, 0x1421, 0x1421, 0x1421, 0x1422, 0x1441, 0x1022, 0x1000, 0x0800, 
    0x0400, 0x0000, 0x0000, 0x0421, 0x0420, 0x0001, 0x1083, 0x0000, 0x0000, 0x4E74, 0x77BD, 0x739D, 0x675A, 0x673B, 0x677B, 0x675C, 
    0x675B, 0x6B7B, 0x675C, 0x6F9D, 0x6B3A, 0x4CE6, 0x4800, 0x4C83, 0x4842, 0x4800, 0x5632, 0x6F7C, 0x6F7D, 0x673A, 0x633A, 0x675A, 
    0x673B, 0x673A, 0x673B, 0x675A, 0x673B, 0x675A, 0x673B, 0x675A, 0x673B, 0x675A, 0x673B, 0x675A, 0x673B, 0x675B, 0x673B, 0x673A, 
    0x673B, 0x675A, 0x673B, 0x675A, 0x673B, 0x675A, 0x673B, 0x673A, 0x633B, 0x673A, 0x633A, 0x673A, 0x633A, 0x673A, 0x633A, 0x673A, 
    0x633A, 0x673A, 0x633B, 0x633A, 0x631A, 0x673A, 0x633A, 0x673A, 0x633A, 0x673A, 0x633B, 0x673A, 0x673A, 0x673A, 0x633A, 0x673A, 
    0x633B, 0x673A, 0x633B, 0x673A, 0x633B, 0x673A, 0x633B, 0x675A, 0x673B, 0x675A, 0x673A, 0x675A, 0x673A, 0x675B, 0x673B, 0x675B, 
    0x673B, 0x675A, 0x673B, 0x675A, 0x673B, 0x675A, 0x673B, 0x675A, 0x673A, 0x673A, 0x5F1A, 0x633A, 0x673B, 0x6B7B, 0x6B5C, 0x6F7C, 
    0x6B5C, 0x6B7C, 0x6B5C, 0x6F7C, 0x6B5C, 0x6B7C, 0x6B5C, 0x675A, 0x631A, 0x6B7B, 0x6B5C, 0x6F7C, 0x6B7C, 0x6F7C, 0x6B5C, 0x6F7C, 
    0x6B5C, 0x6B7C, 0x6B5C, 0x6B7B, 0x6B5C, 0x6B7B, 0x6B5C, 0x673A, 0x6F7D, 0x739C, 0x56B6, 0x3DF0, 0x5EF9, 0x6319, 0x633B, 0x6B5B, 
    0x6B7C, 0x6B7C, 0x6B7C, 0x6B7C, 0x6B5C, 0x6B7B, 0x675C, 0x633A, 0x5F1A, 0x6B5B, 0x6B5C, 0x6F9C, 0x6B7C, 0x77BD, 0x6210, 0x412A, 
    0x5AD8, 0x6319, 0x5EF9, 0x6319, 0x5F19, 0x6319, 0x5F19, 0x6319, 0x5F1A, 0x6319, 0x5F1A, 0x6319, 0x5F1A, 0x6319, 0x5F1A, 0x6319, 
    0x5F1A, 0x6319, 0x5F19, 0x6319, 0x631A, 0x56D7, 0x41F0, 0x6739, 0x675C, 0x6319, 0x631A, 0x673A, 0x5EF9, 0x5EF8, 0x5F19, 0x673A, 
    0x673B, 0x6B5B, 0x675B, 0x6B7B, 0x675C, 0x6B7B, 0x6B5B, 0x6B7B, 0x6B5C, 0x6B7B, 0x6B5C, 0x6B7B, 0x6B5C, 0x6B7B, 0x6B5C, 0x6B7B, 
    0x6B5C, 0x6B7B, 0x6B5C, 0x6B7B, 0x6B5C, 0x6B7B, 0x6B5C, 0x6B7B, 0x6B5C, 0x6B7B, 0x6B5C, 0x6B7B, 0x6B5C, 0x6B7C, 0x6B5C, 0x6B7B, 
    0x6B5C, 0x6B7B, 0x6B5C, 0x6B7B, 0x6B5C, 0x6B7B, 0x6B5C, 0x6B7B, 0x6B5C, 0x6B7B, 0x6B5C, 0x6B7B, 0x6B5C, 0x6B7B, 0x6B5B, 0x6B7B, 
    0x675B, 0x6B5B, 0x6B5C, 0x56B5, 0x0000, 0x0C42, 0x0C23, 0x1442, 0x1422, 0x1421, 0x1000, 0x0C00, 0x0400, 0x0400, 0x1064, 0x1CE7, 
    0x210A, 0x254A, 0x14C8, 0x0000, 0x0001, 0x0822, 0x0001, 0x0C42, 0x0842, 0x0000, 0x254B, 0x6739, 0x73BE, 0x6B7B, 0x675B, 0x6F7C, 
    0x677A, 0x675B, 0x6F9C, 0x6B19, 0x54E5, 0x4800, 0x4883, 0x4841, 0x4C41, 0x4C42, 0x4400, 0x494A, 0x6739, 0x73BE, 0x6B7B, 0x633A, 
    0x675A, 0x633B, 0x675A, 0x633A, 0x675A, 0x633A, 0x675A, 0x633A, 0x675A, 0x633A, 0x675A, 0x633A, 0x675A, 0x633A, 0x675A, 0x633B, 
    0x675A, 0x633B, 0x675A, 0x633B, 0x675A, 0x633B, 0x675A, 0x633A, 0x675A, 0x633A, 0x6339, 0x633A, 0x635A, 0x633A, 0x6359, 0x633A, 
    0x6359, 0x633A, 0x635A, 0x633A, 0x6339, 0x633A, 0x633A, 0x633A, 0x675A, 0x633A, 0x675A, 0x633A, 0x675A, 0x633A, 0x675A, 0x633B, 
    0x675A, 0x633B, 0x675A, 0x633A, 0x675A, 0x633A, 0x675A, 0x633A, 0x675A, 0x633A, 0x675A, 0x633A, 0x675A, 0x633A, 0x675A, 0x635B, 
    0x675A, 0x673B, 0x675A, 0x635B, 0x675A, 0x673A, 0x675A, 0x673A, 0x6759, 0x633B, 0x633A, 0x5F19, 0x675A, 0x675B, 0x6B7B, 0x6B7C, 
    0x6B7C, 0x6B7C, 0x6B7C, 0x6B7C, 0x6B7C, 0x6B7C, 0x6B7B, 0x633A, 0x6339, 0x6B7C, 0x6B7B, 0x6B7C, 0x6B7C, 0x6B7C, 0x6B7C, 0x6B7C, 
    0x6B7C, 0x6B7C, 0x6B7B, 0x6B7C, 0x6B7B, 0x675C, 0x6B7B, 0x6B7C, 0x6F7A, 0x49EF, 0x4A31, 0x5AF8, 0x5F18, 0x633B, 0x6B7C, 0x6B7C, 
    0x6B9C, 0x6B7C, 0x6F9C, 0x6B7C, 0x6B7C, 0x6B7C, 0x6B7B, 0x5F1A, 0x6339, 0x633B, 0x6B7B, 0x6B7C, 0x6F9C, 0x7339, 0x4C00, 0x4A74, 
    0x6319, 0x5F19, 0x5F19, 0x5F19, 0x6319, 0x5F19, 0x6319, 0x5F19, 0x5F39, 0x5F19, 0x5F39, 0x5F19, 0x5F19, 0x5F19, 0x5F19, 0x5F19, 
    0x5F19, 0x5F19, 0x5F19, 0x5F19, 0x5F19, 0x5F19, 0x4251, 0x4E11, 0x6B5A, 0x5F1A, 0x675A, 0x675A, 0x675A, 0x631A, 0x5F18, 0x5AF9, 
    0x6319, 0x633A, 0x675A, 0x675B, 0x6B7B, 0x677B, 0x6B7B, 0x675C, 0x6B7B, 0x677C, 0x6B7B, 0x677C, 0x6B7B, 0x677C, 0x6B7B, 0x6B7C, 
    0x6B7B, 0x6B7B, 0x6B7B, 0x6B7B, 0x6B7B, 0x6B7C, 0x6B7B, 0x675B, 0x6B7B, 0x6B7C, 0x6B7B, 0x6B7C, 0x6B7B, 0x6B7C, 0x6B7B, 0x6B7C, 
    0x6B7B, 0x6B7C, 0x6B7B, 0x6B7C, 0x6B7B, 0x6B7C, 0x6B7B, 0x6B7C, 0x6B7B, 0x6B7C, 0x6B7B, 0x6B7B, 0x6B7B, 0x675B, 0x6B7B, 0x675B, 
    0x6B7B, 0x675B, 0x6B7B, 0x633A, 0x2D6B, 0x0000, 0x0000, 0x0000, 0x0000, 0x0400, 0x18C6, 0x254B, 0x35CE, 0x4232, 0x4E94, 0x4E95, 
    0x52B6, 0x52D7, 0x4EB5, 0x318E, 0x0023, 0x0000, 0x0841, 0x0001, 0x0020, 0x0C64, 0x0000, 0x0000, 0x52B5, 0x73BE, 0x73BD, 0x675B, 
    0x673B, 0x739D, 0x6AD7, 0x5060, 0x5000, 0x5083, 0x4842, 0x4862, 0x4842, 0x4C41, 0x4C64, 0x4C00, 0x4000, 0x5A73, 0x739D, 0x739D, 
    0x673A, 0x673A, 0x673B, 0x673A, 0x673B, 0x673A, 0x673B, 0x673A, 0x673B, 0x673A, 0x673B, 0x673A, 0x673B, 0x673A, 0x673B, 0x673A, 
    0x673B, 0x673B, 0x673B, 0x673A, 0x673B, 0x673A, 0x673B, 0x673A, 0x633B, 0x673A, 0x631A, 0x673A, 0x633A, 0x673A, 0x633A, 0x673A, 
    0x633B, 0x673A, 0x633B, 0x673A, 0x633B, 0x673A, 0x633B, 0x673A, 0x633B, 0x673A, 0x673B, 0x673A, 0x673B, 0x673A, 0x673B, 0x673A, 
    0x633B, 0x673A, 0x673B, 0x673A, 0x633B, 0x673A, 0x673B, 0x673A, 0x673B, 0x673A, 0x673B, 0x673A, 0x673B, 0x673A, 0x673B, 0x675B, 
    0x673B, 0x6B5B, 0x673B, 0x675B, 0x673B, 0x675A, 0x673B, 0x675A, 0x673A, 0x673A, 0x673B, 0x633A, 0x631B, 0x6B5B, 0x6B5C, 0x6F7C, 
    0x6B5C, 0x6F7C, 0x6B5C, 0x6B7C, 0x6B5D, 0x6F7C, 0x6B5C, 0x673A, 0x5EF9, 0x6F7C, 0x6B5C, 0x6F7C, 0x6B7C, 0x6F7C, 0x6B7C, 0x6F7C, 
    0x6B5C, 0x6F7C, 0x6B5C, 0x6F7C, 0x6B5C, 0x6B5B, 0x6F7D, 0x6F5A, 0x452A, 0x5695, 0x6B7C, 0x6F7C, 0x6B7D, 0x6B7C, 0x6B7C, 0x6F7C, 
    0x6B7D, 0x6F7C, 0x6B7D, 0x6F7C, 0x6F7D, 0x6F7C, 0x6B5C, 0x633A, 0x5AF9, 0x675B, 0x6B5C, 0x6B7B, 0x779D, 0x620F, 0x414D, 0x5EF9, 
    0x5EF9, 0x6319, 0x5EF9, 0x6319, 0x5F1A, 0x6319, 0x5F1A, 0x6319, 0x5F1A, 0x6319, 0x5EFA, 0x6319, 0x5EFA, 0x6319, 0x5EF9, 0x6319, 
    0x5EFA, 0x6319, 0x5F1A, 0x6319, 0x5F19, 0x6319, 0x5AF9, 0x418D, 0x5E96, 0x675B, 0x673B, 0x6B5B, 0x673B, 0x6B5A, 0x673B, 0x6319, 
    0x5ED8, 0x6319, 0x673A, 0x6B5B, 0x675C, 0x6B7B, 0x675C, 0x6B7B, 0x675C, 0x6B7B, 0x6B5C, 0x6B7B, 0x6B5C, 0x6B7B, 0x6B5C, 0x6B7C, 
    0x6B5C, 0x6B7B, 0x6B5C, 0x6B7B, 0x6B5C, 0x6B7B, 0x6B5C, 0x6B7B, 0x6B5C, 0x6F7B, 0x6B5C, 0x6B7B, 0x6B5C, 0x6F7C, 0x6B5C, 0x6F7C, 
    0x6B5C, 0x6B7B, 0x6B5C, 0x6F7C, 0x6B5C, 0x6B7B, 0x6B5C, 0x6F7B, 0x6B5C, 0x6B7B, 0x6B5C, 0x6B5B, 0x6B5C, 0x6B7B, 0x6B5C, 0x6B5B, 
    0x6B5C, 0x6B5B, 0x675C, 0x6B7C, 0x4A54, 0x1064, 0x2D6D, 0x39CF, 0x4633, 0x4E95, 0x56B7, 0x5EF8, 0x5EF9, 0x6319, 0x5EF9, 0x5F19, 
    0x5EF9, 0x6319, 0x633B, 0x6319, 0x4A55, 0x252B, 0x0000, 0x0000, 0x0423, 0x0000, 0x0843, 0x0841, 0x0000, 0x3DF0, 0x6B7C, 0x739D, 
    0x739D, 0x66B6, 0x4C00, 0x4C00, 0x5083, 0x5041, 0x5061, 0x4C42, 0x4483, 0x4442, 0x4C00, 0x4C63, 0x4C62, 0x4400, 0x496B, 0x6B3A, 
    0x77DD, 0x675B, 0x6739, 0x673B, 0x675A, 0x633B, 0x675A, 0x633B, 0x675A, 0x633B, 0x675A, 0x633B, 0x675A, 0x633B, 0x675A, 0x633B, 
    0x675A, 0x633B, 0x675A, 0x633B, 0x675A, 0x673B, 0x673A, 0x633A, 0x673A, 0x633A, 0x673A, 0x633A, 0x6339, 0x633A, 0x6339, 0x633A, 
    0x633A, 0x633A, 0x633A, 0x633A, 0x633A, 0x633A, 0x673A, 0x633B, 0x673A, 0x633A, 0x675A, 0x633B, 0x675A, 0x673B, 0x673A, 0x633A, 
    0x675A, 0x633A, 0x675A, 0x633B, 0x675A, 0x633B, 0x675A, 0x633B, 0x675A, 0x633A, 0x673A, 0x633A, 0x675A, 0x633A, 0x675A, 0x673B, 
    0x675A, 0x673B, 0x675A, 0x673B, 0x675A, 0x673A, 0x675A, 0x673B, 0x675A, 0x673A, 0x675A, 0x633B, 0x633A, 0x633B, 0x6B7B, 0x6B7C, 
    0x6B7C, 0x6B7C, 0x6B7C, 0x6B7C, 0x6B7C, 0x6B7C, 0x6B7C, 0x631A, 0x6319, 0x6B5C, 0x6B7B, 0x6B7C, 0x6B7C, 0x6B7C, 0x6B7C, 0x6B7C, 
    0x6B7C, 0x6B7C, 0x6B7C, 0x6B7C, 0x6B7B, 0x6B5C, 0x739C, 0x51CE, 0x4E10, 0x6B7C, 0x6B7B, 0x6B7C, 0x6B7B, 0x6B7C, 0x6B7C, 0x6B7C, 
    0x6F9C, 0x6B7C, 0x6F9C, 0x6B7D, 0x6F9C, 0x6B7C, 0x6B7B, 0x633A, 0x5F19, 0x675C, 0x6B7B, 0x6F9D, 0x7338, 0x4C00, 0x5295, 0x5F19, 
    0x5F18, 0x5F19, 0x6319, 0x5F19, 0x6339, 0x5F1A, 0x6319, 0x5F19, 0x6319, 0x5F19, 0x6319, 0x5F1A, 0x5F19, 0x5F19, 0x5F19, 0x5F19, 
    0x5F19, 0x5F19, 0x6319, 0x5F19, 0x5F18, 0x5EF9, 0x6339, 0x4E95, 0x496B, 0x673A, 0x675B, 0x673B, 0x6B5A, 0x675B, 0x6B5A, 0x673B, 
    0x6339, 0x5EF8, 0x5F18, 0x631A, 0x675A, 0x675B, 0x6B7B, 0x675C, 0x677B, 0x675C, 0x6B7B, 0x675C, 0x6B7B, 0x675C, 0x6B7B, 0x6B7C, 
    0x6B7B, 0x6B7C, 0x6B7B, 0x6B7C, 0x6B7B, 0x6B7C, 0x6B7B, 0x6B7C, 0x6B7B, 0x6B7C, 0x6B7B, 0x6B7C, 0x6B7B, 0x6B7C, 0x6B7B, 0x6B5C, 
    0x6B7B, 0x6B7C, 0x6B7B, 0x6B5C, 0x6B7B, 0x6B7C, 0x6B7B, 0x6B7C, 0x6B7B, 0x6B5C, 0x6B7B, 0x6B5B, 0x6B7B, 0x6B5C, 0x6B7B, 0x6B5B, 
    0x6B7B, 0x675B, 0x6B7B, 0x6B7C, 0x5F18, 0x294C, 0x56D7, 0x633B, 0x673A, 0x633A, 0x6339, 0x5F19, 0x5F19, 0x5F19, 0x6319, 0x5F1A, 
    0x5F19, 0x5F19, 0x633A, 0x633A, 0x675A, 0x56D8, 0x39F0, 0x0444, 0x0000, 0x0442, 0x0841, 0x0001, 0x0C62, 0x0000, 0x0863, 0x4E74, 
    0x5E94, 0x4400, 0x4841, 0x5082, 0x4C41, 0x5061, 0x5041, 0x5441, 0x4C42, 0x44E7, 0x44C6, 0x4C00, 0x4C21, 0x5084, 0x4800, 0x4000, 
    0x5A74, 0x77BD, 0x6F9D, 0x673A, 0x631A, 0x673A, 0x633A, 0x673A, 0x673A, 0x675A, 0x673B, 0x673A, 0x633B, 0x675A, 0x633B, 0x673A, 
    0x631A, 0x673A, 0x673B, 0x675A, 0x633B, 0x675A, 0x633B, 0x673A, 0x633A, 0x673A, 0x633B, 0x673A, 0x633A, 0x673A, 0x633A, 0x673A, 
    0x633B, 0x633A, 0x633B, 0x673A, 0x633A, 0x673A, 0x633B, 0x673A, 0x633B, 0x673A, 0x673B, 0x675A, 0x633A, 0x673A, 0x633B, 0x675A, 
    0x633B, 0x673A, 0x633B, 0x673A, 0x633B, 0x673A, 0x633B, 0x673A, 0x633B, 0x673A, 0x633A, 0x673A, 0x633B, 0x675A, 0x633A, 0x675B, 
    0x673B, 0x675A, 0x673B, 0x675A, 0x673A, 0x673A, 0x673A, 0x675A, 0x673B, 0x675A, 0x673B, 0x675B, 0x673C, 0x633A, 0x673B, 0x6B7C, 
    0x6B7C, 0x6F7C, 0x6B7C, 0x6F7C, 0x6B7C, 0x6B7C, 0x6B5C, 0x5F19, 0x673B, 0x6B7C, 0x6B5C, 0x6F7C, 0x6B7C, 0x6F7C, 0x6B5C, 0x6B7C, 
    0x6B7C, 0x6F7C, 0x6B7C, 0x6F7C, 0x6B5C, 0x6F9C, 0x6F3A, 0x44C5, 0x6319, 0x6B7C, 0x6B5C, 0x6B7C, 0x6B7C, 0x6B7C, 0x6B7C, 0x6F9C, 
    0x6B7D, 0x6F9C, 0x6B7C, 0x6F9C, 0x6B7D, 0x6F7C, 0x6B5C, 0x673A, 0x633A, 0x6B7B, 0x6B7C, 0x7BBD, 0x61CE, 0x458C, 0x5AF9, 0x6319, 
    0x5F19, 0x6319, 0x5F19, 0x6319, 0x5F19, 0x6319, 0x5F19, 0x6319, 0x5F19, 0x6319, 0x5F19, 0x6319, 0x5F1A, 0x5F19, 0x5F1A, 0x5F19, 
    0x5F19, 0x6319, 0x5F19, 0x6319, 0x5EF9, 0x5F19, 0x5F19, 0x5F18, 0x3D8D, 0x6253, 0x6B7D, 0x6B5B, 0x673B, 0x6B5B, 0x675B, 0x6B5B, 
    0x673B, 0x673A, 0x5EF9, 0x5EF7, 0x5EF8, 0x633A, 0x675C, 0x675B, 0x675C, 0x6B7C, 0x675C, 0x6B7C, 0x6B5C, 0x6B7B, 0x6B5C, 0x6B7C, 
    0x6B5C, 0x6B7B, 0x6B5C, 0x6F7C, 0x6B5C, 0x6B7B, 0x6B7C, 0x6B7B, 0x6B5C, 0x6B7B, 0x6B5C, 0x6B7B, 0x6B5C, 0x6B7B, 0x6B5C, 0x6B7B, 
    0x6B5C, 0x6B7C, 0x6B5C, 0x6B7B, 0x6B7C, 0x6F7B, 0x6B7C, 0x6B7B, 0x6B5C, 0x6B7B, 0x6B5C, 0x6B7B, 0x6B5C, 0x6B7B, 0x6B5C, 0x6B7B, 
    0x6B5B, 0x6B5B, 0x675B, 0x6B7B, 0x6B7C, 0x4632, 0x39D1, 0x673A, 0x633A, 0x6339, 0x631A, 0x6339, 0x5F1A, 0x5F19, 0x5F19, 0x6319, 
    0x5F1A, 0x6319, 0x5F1A, 0x633A, 0x633B, 0x675A, 0x5F1A, 0x4E75, 0x212A, 0x0000, 0x0000, 0x0863, 0x0C65, 0x0C64, 0x0004, 0x0002, 
    0x3000, 0x4442, 0x4862, 0x4C41, 0x4C61, 0x4C41, 0x5061, 0x5041, 0x5040, 0x5042, 0x4CE6, 0x44E7, 0x4862, 0x4C20, 0x4C82, 0x4C62, 
    0x4400, 0x498C, 0x6B59, 0x77BE, 0x6B7B, 0x633A, 0x675A, 0x633A, 0x675A, 0x633B, 0x675A, 0x633A, 0x675A, 0x633B, 0x675A, 0x633A, 
    0x673A, 0x633B, 0x675A, 0x633B, 0x675A, 0x633B, 0x675A, 0x633A, 0x635A, 0x633A, 0x675A, 0x633A, 0x673A, 0x633A, 0x635A, 0x633A, 
    0x675A, 0x633A, 0x673A, 0x633B, 0x635A, 0x633A, 0x635A, 0x633A, 0x675A, 0x633A, 0x675A, 0x633B, 0x675A, 0x633A, 0x675A, 0x633A, 
    0x675A, 0x633A, 0x675A, 0x633A, 0x675A, 0x633B, 0x675A, 0x633A, 0x675A, 0x633B, 0x633A, 0x633A, 0x635A, 0x633A, 0x673A, 0x633B, 
    0x675A, 0x675B, 0x675A, 0x673B, 0x675A, 0x673A, 0x675A, 0x673A, 0x675A, 0x673A, 0x675A, 0x673B, 0x675B, 0x633B, 0x633A, 0x675B, 
    0x6B7B, 0x6B7C, 0x6B7C, 0x6B7C, 0x6B7C, 0x6B7C, 0x6B7B, 0x5F19, 0x675B, 0x6B7C, 0x6B7B, 0x6B7C, 0x6B7C, 0x6B7C, 0x6B7B, 0x6B7C, 
    0x6B7B, 0x6B7C, 0x6B7B, 0x6B7C, 0x6B7B, 0x6F9D, 0x6293, 0x49CF, 0x6B7B, 0x675B, 0x6B7B, 0x677C, 0x6B7B, 0x675C, 0x6B7B, 0x6B7C, 
    0x6F9C, 0x6B7C, 0x6F9C, 0x6B7C, 0x6F9C, 0x6B7C, 0x6B7B, 0x633B, 0x633A, 0x675B, 0x73BD, 0x7318, 0x4C00, 0x4E75, 0x5F19, 0x5F19, 
    0x6339, 0x5F19, 0x6339, 0x5F19, 0x6339, 0x5F19, 0x6339, 0x5F19, 0x6339, 0x5F19, 0x5F18, 0x5F19, 0x5F19, 0x5F19, 0x5F19, 0x5F19, 
    0x5F19, 0x5F19, 0x5F18, 0x5F19, 0x5F39, 0x5F19, 0x5F19, 0x5F19, 0x4A94, 0x40E7, 0x6B3A, 0x677C, 0x6B7B, 0x675B, 0x6B7B, 0x675B, 
    0x6B7B, 0x675B, 0x675A, 0x5F19, 0x5EF7, 0x56D6, 0x5F18, 0x633B, 0x677B, 0x677C, 0x6B7B, 0x675C, 0x6B7B, 0x675C, 0x6B7B, 0x675C, 
    0x6B7C, 0x677C, 0x6B7B, 0x6B7C, 0x6B7B, 0x6B7C, 0x6B7B, 0x6B7C, 0x6B7B, 0x6B7C, 0x6B7B, 0x6B7C, 0x6B7B, 0x6B7C, 0x6B7B, 0x6B7C, 
    0x6B7B, 0x6B7C, 0x6B7B, 0x6B7C, 0x6B7B, 0x6B7C, 0x6B7B, 0x6B7C, 0x6B7B, 0x6B7C, 0x6B7B, 0x6B7C, 0x6B7B, 0x6B7B, 0x6B7B, 0x675B, 
    0x6B7B, 0x675B, 0x6B7B, 0x675B, 0x6B7B, 0x52B6, 0x0005, 0x56D7, 0x6759, 0x633A, 0x635A, 0x633A, 0x6339, 0x5F19, 0x6339, 0x5F19, 
    0x5F19, 0x5F19, 0x6339, 0x5F1A, 0x635A, 0x633A, 0x6339, 0x5F3A, 0x5AF7, 0x3E12, 0x31AE, 0x254C, 0x1D2A, 0x212B, 0x212A, 0x254C, 
    0x2CE8, 0x3883, 0x4821, 0x4C61, 0x4C42, 0x5041, 0x5041, 0x5441, 0x5042, 0x5441, 0x5400, 0x5483, 0x48C7, 0x4CA4, 0x4C00, 0x5041, 
    0x4C84, 0x4C00, 0x4000, 0x5E93, 0x779D, 0x73BD, 0x673A, 0x673A, 0x673B, 0x673A, 0x673B, 0x673A, 0x673B, 0x673A, 0x633B, 0x673A, 
    0x673B, 0x673A, 0x673B, 0x673A, 0x673B, 0x673A, 0x673B, 0x673A, 0x633A, 0x673A, 0x633B, 0x673A, 0x673B, 0x673A, 0x633B, 0x673A, 
    0x633B, 0x673A, 0x633B, 0x673A, 0x633A, 0x673A, 0x633B, 0x673A, 0x633B, 0x673A, 0x673B, 0x673B, 0x673B, 0x673A, 0x673B, 0x673A, 
    0x673B, 0x673A, 0x673B, 0x673A, 0x673B, 0x673A, 0x673B, 0x673A, 0x633B, 0x673A, 0x633B, 0x673A, 0x633A, 0x673A, 0x673B, 0x675A, 
    0x673B, 0x675A, 0x673B, 0x6B5A, 0x673B, 0x6B5A, 0x673B, 0x675A, 0x673B, 0x675A, 0x673B, 0x675A, 0x673B, 0x6B5B, 0x673B, 0x673A, 
    0x6B5C, 0x6F7C, 0x6B5C, 0x6F7C, 0x6B5C, 0x6F7C, 0x675C, 0x631A, 0x6B5C, 0x6B7C, 0x6B5C, 0x6F7C, 0x6B5C, 0x6F7C, 0x6B5C, 0x6F7C, 
    0x6B5C, 0x6F7C, 0x6B5C, 0x6F7C, 0x6B5C, 0x737C, 0x516B, 0x5EB6, 0x6B5C, 0x6B5B, 0x675C, 0x6B5C, 0x6B5C, 0x6B7C, 0x6B5C, 0x6F7C, 
    0x6B7D, 0x6F9C, 0x6B7D, 0x6F7C, 0x6B7D, 0x6F7C, 0x6B5D, 0x6B7C, 0x673B, 0x6F7C, 0x7BBE, 0x61AC, 0x458E, 0x5EF9, 0x5EF9, 0x6319, 
    0x5F1A, 0x6319, 0x631A, 0x6319, 0x5F19, 0x6319, 0x5F1A, 0x6319, 0x5F1A, 0x6319, 0x5F19, 0x6319, 0x5F19, 0x6319, 0x5EF9, 0x6319, 
    0x5EFA, 0x6319, 0x5EF9, 0x6319, 0x5F1A, 0x6319, 0x5F1A, 0x6319, 0x5AF9, 0x3129, 0x6254, 0x6B7C, 0x675B, 0x6B5B, 0x6B5C, 0x6B5B, 
    0x6B5C, 0x6B5B, 0x675C, 0x6B5B, 0x631B, 0x5EF7, 0x56B7, 0x5EF8, 0x673B, 0x6B5B, 0x675C, 0x6B5B, 0x675C, 0x6B7B, 0x6B5C, 0x6B7C, 
    0x6B5C, 0x6B7C, 0x6B5C, 0x6F7C, 0x6B5C, 0x6F7C, 0x6B5C, 0x6F7C, 0x6B5C, 0x6F7B, 0x6B5C, 0x6F7C, 0x6B5C, 0x6B7C, 0x6B5C, 0x6B7C, 
    0x6B5C, 0x6F7C, 0x6B5C, 0x6B7C, 0x6B5C, 0x6F7C, 0x6B5C, 0x6F7C, 0x6B7C, 0x6B7B, 0x6B5C, 0x6F7B, 0x6B5C, 0x6F7B, 0x6B5C, 0x6B7B, 
    0x6B5C, 0x6B5B, 0x6B5C, 0x6B5B, 0x673B, 0x5EF8, 0x39D0, 0x39F1, 0x633A, 0x6339, 0x631A, 0x633A, 0x631A, 0x6319, 0x631A, 0x5EF8, 
    0x5F1A, 0x633A, 0x631A, 0x6319, 0x631A, 0x6319, 0x5EF9, 0x633A, 0x631A, 0x6319, 0x5F1A, 0x5AF8, 0x4213, 0x318E, 0x2D8F, 0x35AF, 
    0x2D08, 0x2D09, 0x38A4, 0x4441, 0x4C41, 0x4C41, 0x5040, 0x5041, 0x5440, 0x5041, 0x5461, 0x5420, 0x5440, 0x4CC6, 0x48E6, 0x4C42, 
    0x5040, 0x4C83, 0x4C82, 0x4400, 0x4D6A, 0x6B3A, 0x77DE, 0x6B5B, 0x6339, 0x633A, 0x673A, 0x633A, 0x675A, 0x633A, 0x675A, 0x633B, 
    0x675A, 0x633B, 0x673A, 0x633A, 0x673A, 0x633B, 0x675A, 0x633A, 0x673A, 0x633A, 0x675A, 0x633A, 0x675A, 0x633A, 0x675A, 0x633A, 
    0x673A, 0x633A, 0x633A, 0x633A, 0x673A, 0x633A, 0x673A, 0x633B, 0x675A, 0x633B, 0x675A, 0x633B, 0x673A, 0x633A, 0x675A, 0x633A, 
    0x675A, 0x633A, 0x675A, 0x633B, 0x673A, 0x633B, 0x675A, 0x633A, 0x675A, 0x633B, 0x673A, 0x633A, 0x6339, 0x633A, 0x675A, 0x633B, 
    0x675A, 0x673A, 0x675A, 0x673B, 0x675A, 0x673B, 0x675A, 0x673B, 0x675A, 0x673B, 0x675A, 0x673B, 0x675A, 0x673B, 0x675B, 0x673B, 
    0x675B, 0x6B7C, 0x6B7C, 0x6B7C, 0x6B7C, 0x6B7C, 0x675B, 0x5F1A, 0x6B5B, 0x6B5C, 0x6B7C, 0x6B7C, 0x6B7C, 0x6B7C, 0x6B7C, 0x6B7C, 
    0x6B7C, 0x6B7C, 0x6B7C, 0x6B5C, 0x6F9C, 0x6B18, 0x4928, 0x673B, 0x6B7B, 0x673B, 0x673A, 0x633B, 0x677B, 0x675C, 0x6B7C, 0x6B7C, 
    0x6F9C, 0x6B7C, 0x6F9C, 0x6B7D, 0x6F9C, 0x6B7D, 0x6B7C, 0x6B5C, 0x6B5A, 0x6F9D, 0x72F6, 0x4800, 0x56B5, 0x5F19, 0x5F19, 0x5F19, 
    0x6319, 0x5F19, 0x5F18, 0x5F19, 0x6319, 0x5F19, 0x6339, 0x5F19, 0x6319, 0x5F19, 0x6319, 0x5F1A, 0x6319, 0x5F19, 0x6319, 0x5F19, 
    0x6319, 0x5F19, 0x5F19, 0x5F19, 0x5F19, 0x5F19, 0x6319, 0x5F19, 0x6339, 0x4253, 0x4907, 0x6B3B, 0x6B7B, 0x675B, 0x6B7B, 0x675B, 
    0x6B7B, 0x675B, 0x6B7B, 0x675C, 0x6B5B, 0x633A, 0x5EF7, 0x56B7, 0x6319, 0x633B, 0x675B, 0x675C, 0x6B7B, 0x6B5C, 0x6B7B, 0x6B7C, 
    0x6B7C, 0x6B7C, 0x6B7C, 0x6B7C, 0x6B7B, 0x6B7C, 0x6B7B, 0x6B7C, 0x6B7B, 0x6B5C, 0x6B7B, 0x6B7C, 0x6B7B, 0x6B5C, 0x6B7C, 0x6B5C, 
    0x6B7B, 0x6B7C, 0x6B7B, 0x6B7C, 0x6B7C, 0x6B7C, 0x6B7B, 0x6B7C, 0x6B7B, 0x6B7C, 0x6B7B, 0x6B7C, 0x6B7B, 0x6B5C, 0x6B7B, 0x6B5B, 
    0x6B7B, 0x675B, 0x6B7B, 0x675B, 0x633A, 0x633B, 0x6739, 0x252B, 0x56F7, 0x675B, 0x6339, 0x631A, 0x6339, 0x5F1A, 0x6339, 0x5F19, 
    0x5F19, 0x5F19, 0x6319, 0x5F19, 0x6319, 0x5F19, 0x5F18, 0x5AF9, 0x6339, 0x5F19, 0x633A, 0x633B, 0x633A, 0x56B7, 0x4233, 0x3E12, 
    0x3DCF, 0x2908, 0x2D0A, 0x34E7, 0x4063, 0x4C40, 0x5041, 0x5441, 0x5441, 0x5440, 0x5441, 0x5841, 0x5441, 0x5820, 0x5085, 0x4CE7, 
    0x4C84, 0x5020, 0x4C42, 0x50A4, 0x4C00, 0x4400, 0x5673, 0x739D, 0x6F9D, 0x673A, 0x631A, 0x673A, 0x633A, 0x673A, 0x633B, 0x673A, 
    0x633A, 0x673A, 0x633B, 0x673A, 0x633B, 0x673A, 0x633B, 0x673A, 0x633A, 0x673A, 0x633A, 0x673A, 0x633A, 0x673A, 0x633A, 0x673A, 
    0x633B, 0x673A, 0x633A, 0x673A, 0x633A, 0x673A, 0x633B, 0x673A, 0x633B, 0x675A, 0x633B, 0x675A, 0x673B, 0x673A, 0x673B, 0x675A, 
    0x633B, 0x675A, 0x633B, 0x673A, 0x673B, 0x673A, 0x633B, 0x673A, 0x673A, 0x673A, 0x633B, 0x673A, 0x633A, 0x673A, 0x633B, 0x675A, 
    0x673B, 0x675A, 0x673B, 0x675A, 0x673B, 0x675A, 0x673B, 0x675B, 0x673B, 0x675A, 0x673B, 0x675A, 0x673B, 0x675A, 0x673B, 0x675B, 
    0x673B, 0x6B5B, 0x6B5C, 0x6B7C, 0x6B5C, 0x6B7C, 0x673B, 0x675B, 0x6B5C, 0x6B7B, 0x6B5C, 0x6B5B, 0x6B7C, 0x6F7C, 0x6B7C, 0x6F7C, 
    0x6B7C, 0x6F7C, 0x6B7C, 0x6B7B, 0x6F7D, 0x6251, 0x4DF0, 0x6F7C, 0x6B5C, 0x6B5B, 0x673B, 0x675B, 0x633B, 0x6B5B, 0x6B7C, 0x6F7C, 
    0x6B7C, 0x6F9C, 0x6B7C, 0x6F7C, 0x6B7D, 0x6F7C, 0x6B7C, 0x6F7C, 0x6B7C, 0x779C, 0x5529, 0x45CE, 0x5EF9, 0x6319, 0x5EF9, 0x6319, 
    0x5F19, 0x6319, 0x5F19, 0x6319, 0x5F19, 0x6319, 0x5F19, 0x6319, 0x5F19, 0x6319, 0x5F1A, 0x6319, 0x5F19, 0x6319, 0x5F19, 0x6319, 
    0x5F19, 0x6319, 0x5F1A, 0x6319, 0x5F19, 0x5F19, 0x5EF9, 0x6319, 0x631A, 0x5AF7, 0x34A6, 0x6694, 0x6B7D, 0x6B5B, 0x675C, 0x6B7B, 
    0x675B, 0x6B7B, 0x675C, 0x6B5B, 0x675C, 0x6B5B, 0x631A, 0x5EF8, 0x5AD8, 0x5F19, 0x673B, 0x675B, 0x675C, 0x6B7B, 0x6B5C, 0x6B7C, 
    0x6B7C, 0x6B7C, 0x6B7C, 0x6F7B, 0x6B5C, 0x6F7B, 0x6B5C, 0x675A, 0x675B, 0x6B7B, 0x6B5C, 0x6B7C, 0x6B5C, 0x6B7B, 0x6B5C, 0x6B7C, 
    0x6B5C, 0x6F7C, 0x6B5C, 0x6B7C, 0x6B7C, 0x6B7C, 0x6B7C, 0x6F7B, 0x6B5C, 0x6F7C, 0x6B5C, 0x6F7B, 0x6B5C, 0x6B7B, 0x6B5C, 0x6B7B, 
    0x6B5B, 0x6B7B, 0x6B5C, 0x675B, 0x633A, 0x673B, 0x675B, 0x4A52, 0x35D2, 0x6B5B, 0x673A, 0x633A, 0x5F1A, 0x6319, 0x5F1A, 0x6319, 
    0x5F19, 0x6319, 0x5F1A, 0x6339, 0x5F1A, 0x6339, 0x56B7, 0x5AD7, 0x633A, 0x633A, 0x633A, 0x673A, 0x631B, 0x6B5B, 0x5A75, 0x4A12, 
    0x5AF7, 0x41F0, 0x2929, 0x292A, 0x3129, 0x3CA5, 0x4C40, 0x4C41, 0x5060, 0x5041, 0x5460, 0x5441, 0x5460, 0x5441, 0x5420, 0x5462, 
    0x4CE6, 0x48C6, 0x5041, 0x4C40, 0x5083, 0x5063, 0x4800, 0x456B, 0x6739, 0x73BE, 0x6B7B, 0x631A, 0x673A, 0x633A, 0x675A, 0x633A, 
    0x675A, 0x633A, 0x675A, 0x633A, 0x675A, 0x633A, 0x675A, 0x633A, 0x675A, 0x633A, 0x673A, 0x633A, 0x6339, 0x633A, 0x675A, 0x633A, 
    0x635A, 0x633A, 0x6339, 0x633A, 0x675A, 0x633A, 0x675A, 0x633A, 0x675A, 0x633B, 0x675A, 0x633B, 0x675A, 0x633A, 0x675A, 0x633A, 
    0x675A, 0x633A, 0x675A, 0x633A, 0x675A, 0x633A, 0x675A, 0x633A, 0x675A, 0x633A, 0x675A, 0x633A, 0x675A, 0x633A, 0x675A, 0x633A, 
    0x675A, 0x673A, 0x675A, 0x675A, 0x675A, 0x635B, 0x675A, 0x675B, 0x675A, 0x675B, 0x675A, 0x675B, 0x675A, 0x675B, 0x675A, 0x633A, 
    0x675A, 0x675B, 0x6B7B, 0x677C, 0x6B7B, 0x675C, 0x675B, 0x635B, 0x677B, 0x675C, 0x6B7B, 0x6B7C, 0x6B7C, 0x6B7C, 0x6B7C, 0x6B7C, 
    0x6B7C, 0x6B7C, 0x6B7C, 0x6B7C, 0x6F7B, 0x4D49, 0x5ED6, 0x6B7C, 0x6B7B, 0x675B, 0x675A, 0x635B, 0x675B, 0x675C, 0x6B7B, 0x6B7C, 
    0x6F9C, 0x6B7C, 0x6B9C, 0x6B7C, 0x6B7C, 0x6B7D, 0x6F9C, 0x6B7C, 0x73BD, 0x6AB5, 0x4000, 0x52B5, 0x5F18, 0x5EF9, 0x5F18, 0x5F19, 
    0x6339, 0x5F19, 0x6339, 0x5F1A, 0x6339, 0x5F19, 0x5F39, 0x5F19, 0x6318, 0x5F19, 0x5F19, 0x5F19, 0x6319, 0x5F19, 0x5F18, 0x5F19, 
    0x5F18, 0x5F19, 0x5F19, 0x5F19, 0x5F19, 0x5F19, 0x5F18, 0x5AF8, 0x5F18, 0x5F19, 0x3E11, 0x514A, 0x6B5A, 0x675C, 0x6B7B, 0x675B, 
    0x6B7B, 0x675B, 0x6B7B, 0x675C, 0x6B7B, 0x675C, 0x675B, 0x5AF9, 0x5AF7, 0x5EF8, 0x6339, 0x675B, 0x677B, 0x675C, 0x6B7B, 0x6B7C, 
    0x6B7B, 0x6B7C, 0x6B7B, 0x6B7C, 0x6B7B, 0x6B7C, 0x6B7B, 0x675B, 0x6B7B, 0x6B7C, 0x6B7B, 0x6B7C, 0x6B7B, 0x6B7C, 0x6B7B, 0x6B7C, 
    0x6B7B, 0x6B7C, 0x6B7C, 0x6B7C, 0x6B7B, 0x6B7C, 0x6B7B, 0x6B7B, 0x6B7B, 0x6B7C, 0x6B7B, 0x6B7C, 0x6B7B, 0x6B7B, 0x6B7B, 0x675B, 
    0x6B7B, 0x675B, 0x675B, 0x5F1A, 0x675A, 0x673B, 0x675B, 0x6318, 0x296B, 0x52B7, 0x6B5A, 0x633A, 0x635A, 0x633A, 0x6339, 0x5F1A, 
    0x6339, 0x5F19, 0x5F19, 0x5F19, 0x6339, 0x5F19, 0x6319, 0x5F19, 0x6319, 0x5F1A, 0x633A, 0x633B, 0x675A, 0x633B, 0x5E72, 0x556D, 
    0x631A, 0x6319, 0x4E54, 0x314B, 0x292A, 0x2D2A, 0x38C7, 0x4C42, 0x5021, 0x5441, 0x5441, 0x5441, 0x5441, 0x5841, 0x5442, 0x5840, 
    0x5420, 0x54A5, 0x48C7, 0x4C84, 0x5020, 0x5461, 0x5084, 0x5000, 0x4000, 0x5E74, 0x739D, 0x739D, 0x631A, 0x673A, 0x673B, 0x673A, 
    0x633B, 0x673A, 0x673B, 0x673A, 0x673B, 0x673A, 0x633B, 0x673A, 0x633B, 0x673A, 0x673B, 0x673A, 0x673B, 0x673A, 0x633B, 0x673A, 
    0x633A, 0x673A, 0x633B, 0x673A, 0x673B, 0x673A, 0x633A, 0x673A, 0x673B, 0x675A, 0x673B, 0x675B, 0x673B, 0x673A, 0x673B, 0x673A, 
    0x673B, 0x673A, 0x673B, 0x673A, 0x673B, 0x673A, 0x673B, 0x673A, 0x673B, 0x673A, 0x673B, 0x673A, 0x633B, 0x673A, 0x673B, 0x673A, 
    0x673B, 0x6B5A, 0x673B, 0x6B5A, 0x673B, 0x6B5B, 0x673B, 0x6B5B, 0x673B, 0x6B5B, 0x673B, 0x675B, 0x673B, 0x675B, 0x673B, 0x6B5B, 
    0x673B, 0x675B, 0x673B, 0x6B5B, 0x6B5C, 0x6B5C, 0x633B, 0x673B, 0x675C, 0x6B7B, 0x6B5C, 0x6B7C, 0x6B5C, 0x6F7C, 0x6B7D, 0x6F7C, 
    0x6B5C, 0x6F7C, 0x6B5C, 0x6F9C, 0x6AF8, 0x4929, 0x6B5B, 0x6F7C, 0x6B5C, 0x6B7C, 0x675C, 0x673B, 0x675C, 0x6B7C, 0x6B5C, 0x6F7C, 
    0x6B7C, 0x6F7C, 0x6B7D, 0x6F7C, 0x6B7D, 0x6F7C, 0x6B7D, 0x6F9C, 0x779C, 0x5928, 0x45CF, 0x5EF8, 0x5EF9, 0x6319, 0x5EF9, 0x6319, 
    0x5F1A, 0x6319, 0x5F1A, 0x6319, 0x5F1A, 0x6319, 0x5F1A, 0x6319, 0x5F1A, 0x6319, 0x5F1A, 0x6319, 0x5F1A, 0x6319, 0x5EF9, 0x6319, 
    0x5EF9, 0x6319, 0x5F1A, 0x6319, 0x5F1A, 0x6319, 0x5EF9, 0x6319, 0x5EF9, 0x6319, 0x56D8, 0x414A, 0x66B6, 0x6B7C, 0x6B5C, 0x6B7B, 
    0x6B5C, 0x6B5B, 0x6B5C, 0x6B5B, 0x6B5C, 0x6B5B, 0x675C, 0x673A, 0x5AD8, 0x5EF8, 0x631A, 0x675B, 0x675C, 0x6B5B, 0x6B5C, 0x6F7B, 
    0x6B5C, 0x6B7C, 0x6B5C, 0x6F7C, 0x6B5C, 0x6F7C, 0x6B5C, 0x6F7C, 0x6B5C, 0x6F7C, 0x6B5C, 0x6F7C, 0x6B5C, 0x6F7C, 0x6B5C, 0x6F7C, 
    0x6B5C, 0x6F7C, 0x6B7C, 0x6F7C, 0x6B5C, 0x6F7C, 0x6B5C, 0x6F7B, 0x6B5C, 0x6F7B, 0x6B5C, 0x6F7C, 0x6B5C, 0x6B7B, 0x6B5C, 0x6F7B, 
    0x6B5C, 0x6B5B, 0x631A, 0x633A, 0x673B, 0x6B5B, 0x673C, 0x6B5B, 0x4A52, 0x318E, 0x633B, 0x673A, 0x631A, 0x633A, 0x631A, 0x633A, 
    0x631A, 0x6319, 0x631A, 0x673A, 0x631A, 0x673A, 0x631A, 0x633A, 0x631A, 0x6319, 0x631A, 0x673A, 0x633B, 0x673B, 0x62D8, 0x61AD, 
    0x6718, 0x633A, 0x6339, 0x56B6, 0x39AE, 0x290A, 0x2929, 0x2CE8, 0x4484, 0x5041, 0x5461, 0x5041, 0x5461, 0x5441, 0x5441, 0x5441, 
    0x5461, 0x5420, 0x5462, 0x48A6, 0x48C6, 0x5084, 0x5440, 0x5063, 0x5462, 0x4C00, 0x516B, 0x6B3A, 0x77DE, 0x6B5B, 0x6339, 0x633A, 
    0x673A, 0x633A, 0x673A, 0x633A, 0x673A, 0x633A, 0x673A, 0x633A, 0x673A, 0x633A, 0x673A, 0x633A, 0x673A, 0x633A, 0x675A, 0x633A, 
    0x673A, 0x633A, 0x673A, 0x633A, 0x675A, 0x633A, 0x675A, 0x633B, 0x675A, 0x633B, 0x675A, 0x633B, 0x673A, 0x633A, 0x675A, 0x633B, 
    0x675A, 0x633B, 0x675A, 0x633B, 0x675A, 0x633B, 0x675A, 0x673B, 0x675A, 0x633A, 0x673A, 0x633B, 0x673A, 0x633B, 0x675A, 0x633B, 
    0x675A, 0x673A, 0x675A, 0x673A, 0x675A, 0x675B, 0x675A, 0x675B, 0x675A, 0x673B, 0x675A, 0x675B, 0x675A, 0x675B, 0x675A, 0x673B, 
    0x675A, 0x633B, 0x675B, 0x675C, 0x6B5B, 0x631A, 0x633A, 0x673B, 0x6B7B, 0x675C, 0x6B7B, 0x6B5C, 0x6B7C, 0x6B7C, 0x6B7C, 0x6B7C, 
    0x6B7C, 0x6B7C, 0x6B7C, 0x6F9D, 0x5E30, 0x4E11, 0x6F9C, 0x6B7C, 0x6B7B, 0x6B7C, 0x6B7B, 0x631A, 0x675B, 0x675C, 0x6B7B, 0x6B7C, 
    0x6F7C, 0x6B7C, 0x6F7C, 0x6B7C, 0x6B7C, 0x6B7C, 0x6B7C, 0x77BD, 0x6EB4, 0x4402, 0x56B5, 0x5F19, 0x5F19, 0x5F19, 0x6319, 0x5F19, 
    0x5F19, 0x5F19, 0x5F19, 0x5F1A, 0x6339, 0x5F19, 0x6339, 0x5F19, 0x6319, 0x5F1A, 0x6319, 0x5F1A, 0x5F19, 0x5F19, 0x6319, 0x5F19, 
    0x6319, 0x5F19, 0x6319, 0x5F19, 0x5F19, 0x5F1A, 0x5F19, 0x5F19, 0x5F18, 0x5AF8, 0x6319, 0x4233, 0x556B, 0x6B3B, 0x6B7B, 0x6B5C, 
    0x6B7B, 0x6B5C, 0x6B7B, 0x6B5C, 0x6B7B, 0x675B, 0x6B7B, 0x675C, 0x6319, 0x52B6, 0x6319, 0x633B, 0x675B, 0x675B, 0x6B7B, 0x6B7C, 
    0x6B7B, 0x6B7C, 0x6B7B, 0x6B5C, 0x6B7B, 0x6B7C, 0x6B7B, 0x6B5C, 0x6B7B, 0x6B7C, 0x6B7B, 0x6B7C, 0x6B7B, 0x6B7C, 0x6B7B, 0x6B7C, 
    0x6B7B, 0x6B7C, 0x6B7C, 0x6B7C, 0x6B7B, 0x6B7C, 0x6B7B, 0x6B7C, 0x6B7B, 0x6B7C, 0x6B7B, 0x6B7C, 0x6B7B, 0x6B5B, 0x6B7B, 0x6B5C, 
    0x6B7B, 0x675B, 0x675A, 0x633B, 0x675B, 0x675B, 0x675B, 0x675C, 0x6318, 0x2109, 0x52B7, 0x675B, 0x6339, 0x5F19, 0x6339, 0x633B, 
    0x633A, 0x5F19, 0x6339, 0x633A, 0x675A, 0x633A, 0x673A, 0x633A, 0x633A, 0x5EF9, 0x6319, 0x5F1A, 0x633A, 0x633A, 0x6339, 0x618D, 
    0x6653, 0x675B, 0x631A, 0x673A, 0x5AF8, 0x4631, 0x2D2B, 0x2D29, 0x2909, 0x38C5, 0x4842, 0x5461, 0x5441, 0x5441, 0x5441, 0x5841, 
    0x5441, 0x5861, 0x5441, 0x5820, 0x4C85, 0x3483, 0x4C42, 0x5841, 0x5442, 0x5884, 0x5400, 0x4C00, 0x5E95, 0x77BD, 0x6F9D, 0x673A, 
    0x631A, 0x673A, 0x633B, 0x673A, 0x633B, 0x673A, 0x633A, 0x673A, 0x633A, 0x673A, 0x633A, 0x673A, 0x633A, 0x673A, 0x633B, 0x673A, 
    0x633A, 0x673A, 0x633A, 0x673A, 0x633A, 0x675A, 0x673B, 0x673A, 0x633B, 0x673A, 0x633B, 0x675A, 0x673B, 0x675A, 0x673B, 0x675A, 
    0x673B, 0x675A, 0x673B, 0x673A, 0x633B, 0x673A, 0x673B, 0x675A, 0x673B, 0x673A, 0x633B, 0x673A, 0x633B, 0x675A, 0x633B, 0x675A, 
    0x633B, 0x675A, 0x673B, 0x6B5A, 0x673B, 0x675A, 0x673B, 0x675A, 0x673B, 0x675B, 0x673B, 0x675A, 0x673B, 0x675A, 0x673B, 0x675B, 
    0x673B, 0x675A, 0x673B, 0x675A, 0x633A, 0x673A, 0x675C, 0x673B, 0x675C, 0x6B7C, 0x6B5C, 0x6B7B, 0x6B5C, 0x6F7C, 0x6B7C, 0x6F7C, 
    0x6B7C, 0x6F7C, 0x6B7C, 0x737B, 0x4D08, 0x5ED7, 0x6B7D, 0x6B7C, 0x6B7C, 0x6B7B, 0x675B, 0x633A, 0x633B, 0x6B5B, 0x6B5C, 0x6F7C, 
    0x6B7C, 0x6F7C, 0x6B7C, 0x6F9C, 0x6B7C, 0x6F7C, 0x6F9D, 0x7B9B, 0x54C7, 0x49EF, 0x5EF8, 0x6319, 0x5F19, 0x6319, 0x5F19, 0x6319, 
    0x5F1A, 0x6319, 0x5F1A, 0x6319, 0x5F19, 0x6319, 0x5F1A, 0x6319, 0x5F1A, 0x6319, 0x5F1A, 0x6319, 0x5F1A, 0x6319, 0x5F19, 0x6319, 
    0x5F1A, 0x6319, 0x5EF9, 0x6319, 0x5F1A, 0x6319, 0x5F1A, 0x6319, 0x5F19, 0x6318, 0x5F19, 0x52D7, 0x3909, 0x6AB5, 0x6B7C, 0x6B5B, 
    0x6B5C, 0x6B7B, 0x6B5C, 0x6B7B, 0x6B5C, 0x6B7B, 0x675C, 0x6B7B, 0x675B, 0x5AF7, 0x5AD8, 0x673A, 0x673B, 0x6B7B, 0x675C, 0x6B7C, 
    0x6B7C, 0x6B7C, 0x6B5C, 0x6B7B, 0x6B5C, 0x6B7B, 0x6B5C, 0x6B7B, 0x6B7C, 0x6F7C, 0x6B7C, 0x6F7C, 0x6B7C, 0x6F7C, 0x6B7C, 0x6F7B, 
    0x6B5C, 0x6F7C, 0x6B7C, 0x6F7C, 0x6B7C, 0x6F7B, 0x6B5C, 0x6F7B, 0x6B5C, 0x6F7B, 0x6B7C, 0x6B7B, 0x6B5C, 0x6B7B, 0x6B5C, 0x6B5B, 
    0x675C, 0x6B5B, 0x631A, 0x675B, 0x675B, 0x675A, 0x673B, 0x675B, 0x675C, 0x4210, 0x3E12, 0x675B, 0x631A, 0x6319, 0x631A, 0x673A, 
    0x631A, 0x6319, 0x631A, 0x673A, 0x633B, 0x673A, 0x633B, 0x633A, 0x631A, 0x6319, 0x5EF9, 0x5EF8, 0x5EF9, 0x6339, 0x633B, 0x6674, 
    0x696B, 0x631A, 0x633A, 0x5F1A, 0x6339, 0x5F1A, 0x4E94, 0x2D6C, 0x2929, 0x2929, 0x34E6, 0x4462, 0x5461, 0x5041, 0x5461, 0x5441, 
    0x5460, 0x5441, 0x5860, 0x5441, 0x5840, 0x4C62, 0x3062, 0x4042, 0x5841, 0x5441, 0x5482, 0x5462, 0x4C00, 0x51AD, 0x6F7A, 0x73BE, 
    0x6B7B, 0x6319, 0x675A, 0x633A, 0x633A, 0x633A, 0x633A, 0x633A, 0x675A, 0x633A, 0x6739, 0x633A, 0x673A, 0x633A, 0x6739, 0x633A, 
    0x675A, 0x633A, 0x675A, 0x633A, 0x675A, 0x633A, 0x675A, 0x633A, 0x675A, 0x633A, 0x675A, 0x633B, 0x675A, 0x633B, 0x675A, 0x633B, 
    0x675A, 0x633B, 0x675A, 0x633B, 0x675A, 0x633B, 0x675A, 0x633A, 0x675A, 0x633B, 0x675A, 0x633B, 0x675A, 0x633B, 0x675A, 0x635B, 
    0x675A, 0x673B, 0x675A, 0x675B, 0x675A, 0x675B, 0x675A, 0x675B, 0x675A, 0x675B, 0x675A, 0x675B, 0x675A, 0x673B, 0x675A, 0x675B, 
    0x675A, 0x675B, 0x675A, 0x631A, 0x6339, 0x675C, 0x677B, 0x5F3A, 0x6B7B, 0x6B5C, 0x6B7B, 0x675C, 0x6B7B, 0x6B7C, 0x6B7B, 0x6B7C, 
    0x6B7C, 0x6B7C, 0x6F9C, 0x66F7, 0x4508, 0x675B, 0x6B7B, 0x675B, 0x675A, 0x635B, 0x635A, 0x5F1A, 0x675A, 0x675B, 0x6B7B, 0x6B7C, 
    0x6B9B, 0x6B7C, 0x6F9C, 0x6B7C, 0x6F9C, 0x6B7C, 0x77DD, 0x6A73, 0x4883, 0x5296, 0x6339, 0x5F19, 0x5F19, 0x5F19, 0x5F39, 0x5F19, 
    0x5F39, 0x5F19, 0x5F39, 0x5F19, 0x5F39, 0x5F19, 0x6339, 0x5F19, 0x5F39, 0x5F1A, 0x6339, 0x5F1A, 0x5F39, 0x5F19, 0x6339, 0x5F19, 
    0x5F19, 0x5F1A, 0x5F19, 0x5F19, 0x5F19, 0x5F1A, 0x5F39, 0x5F19, 0x6338, 0x5F19, 0x6318, 0x5F19, 0x3E31, 0x516C, 0x6B5A, 0x675C, 
    0x6B7B, 0x6B7B, 0x6B7B, 0x677B, 0x6B7B, 0x677B, 0x6B7B, 0x675B, 0x6B7B, 0x633A, 0x56B6, 0x5F1A, 0x675B, 0x675B, 0x6B7B, 0x675C, 
    0x6B7B, 0x677C, 0x6B7B, 0x6B7C, 0x6B7B, 0x6B7C, 0x6B7B, 0x6B7C, 0x6B7B, 0x6B7C, 0x6B7B, 0x6B7C, 0x6B7B, 0x6B7C, 0x6B7B, 0x6B7B, 
    0x6B7B, 0x6B7C, 0x6B7B, 0x6B7C, 0x6B7B, 0x6B7C, 0x6B7B, 0x6B7C, 0x6B7B, 0x6B7C, 0x6B7B, 0x6B7C, 0x6B7B, 0x6B7C, 0x6B7B, 0x675B, 
    0x6B7B, 0x633A, 0x675A, 0x675B, 0x675A, 0x675B, 0x675B, 0x635B, 0x677B, 0x56B6, 0x35CE, 0x5F19, 0x675A, 0x633A, 0x633A, 0x633A, 
    0x635A, 0x633A, 0x633A, 0x633A, 0x633A, 0x633A, 0x633A, 0x633A, 0x6339, 0x5F19, 0x6319, 0x5F19, 0x5F19, 0x5F19, 0x6339, 0x62D8, 
    0x69AF, 0x6A94, 0x633B, 0x633A, 0x631A, 0x633A, 0x631A, 0x56B6, 0x3DD0, 0x2D4B, 0x2D2A, 0x3508, 0x4464, 0x5441, 0x5442, 0x5441, 
    0x5441, 0x5841, 0x5841, 0x5841, 0x5841, 0x5C41, 0x5842, 0x3C62, 0x3443, 0x5442, 0x5842, 0x5841, 0x5884, 0x5400, 0x4C00, 0x62B5, 
    0x77BE, 0x739D, 0x631A, 0x675B, 0x6F9D, 0x77DE, 0x6F7D, 0x675B, 0x631A, 0x673A, 0x633A, 0x673A, 0x633A, 0x673A, 0x673A, 0x673A, 
    0x673B, 0x673A, 0x633B, 0x673A, 0x673B, 0x673A, 0x673B, 0x673A, 0x673B, 0x673A, 0x673B, 0x675B, 0x673B, 0x675A, 0x673B, 0x673A, 
    0x673B, 0x675A, 0x673B, 0x675B, 0x673B, 0x675B, 0x673B, 0x673A, 0x673B, 0x675B, 0x673B, 0x673B, 0x673B, 0x673A, 0x673B, 0x673A, 
    0x673B, 0x6B5A, 0x673B, 0x6B5A, 0x673B, 0x6B5B, 0x673B, 0x6B5B, 0x673B, 0x6B5A, 0x673B, 0x6B5B, 0x673B, 0x675A, 0x673B, 0x675B, 
    0x673B, 0x675B, 0x673B, 0x6319, 0x633B, 0x6B5C, 0x675C, 0x675B, 0x6B5C, 0x6B5B, 0x6B5C, 0x6B5C, 0x6B5C, 0x6F7C, 0x6B5C, 0x6F7C, 
    0x6B5C, 0x6F7C, 0x6F7D, 0x5E0F, 0x5211, 0x6B7C, 0x675C, 0x675B, 0x633B, 0x633A, 0x5EFA, 0x6319, 0x631A, 0x6B5B, 0x675B, 0x6B7B, 
    0x6B5C, 0x6B7B, 0x6B5C, 0x6F7C, 0x6B5C, 0x739C, 0x775B, 0x5464, 0x49F0, 0x5EF8, 0x5F1A, 0x6319, 0x5F19, 0x6319, 0x5F1A, 0x6319, 
    0x631A, 0x6319, 0x5F1A, 0x6319, 0x5F1A, 0x6319, 0x5F1A, 0x6319, 0x5F1A, 0x6319, 0x5F1A, 0x6319, 0x5F1A, 0x631A, 0x5F1A, 0x6319, 
    0x5F1A, 0x631A, 0x5F1A, 0x6319, 0x5F1A, 0x6319, 0x5F1A, 0x6319, 0x631A, 0x6319, 0x5F19, 0x6319, 0x52B7, 0x38C7, 0x6696, 0x6B7C, 
    0x6B5B, 0x6B7B, 0x6B5C, 0x6B7B, 0x6B5C, 0x6B7B, 0x6B5C, 0x6B7B, 0x6B5C, 0x6B5B, 0x5AD8, 0x5EF8, 0x675C, 0x6B5B, 0x6B5C, 0x6B5B, 
    0x6B5C, 0x6B7C, 0x6B7C, 0x6B7C, 0x6B5C, 0x6F7C, 0x6B5C, 0x6F7C, 0x6B7C, 0x6F7C, 0x6B5C, 0x6F7C, 0x6B5C, 0x6F7C, 0x6B5C, 0x6B7B, 
    0x6B5C, 0x6F7C, 0x6B5C, 0x6F7C, 0x6B5C, 0x6F7C, 0x6B5C, 0x6F7C, 0x6B5C, 0x6F7B, 0x6B5C, 0x6B7B, 0x6B5C, 0x6B7B, 0x675C, 0x6B7B, 
    0x675C, 0x633A, 0x633B, 0x673A, 0x673B, 0x6B5B, 0x675C, 0x675B, 0x673C, 0x673A, 0x3DF0, 0x56B6, 0x673B, 0x633A, 0x631A, 0x673A, 
    0x633B, 0x673A, 0x631B, 0x633A, 0x633B, 0x673A, 0x631B, 0x673A, 0x5EFA, 0x5F19, 0x5EF9, 0x631A, 0x631A, 0x5EF8, 0x631A, 0x6B19, 
    0x62D5, 0x658C, 0x673A, 0x633A, 0x6339, 0x631A, 0x6339, 0x633A, 0x5F19, 0x4A54, 0x2D6B, 0x292A, 0x3129, 0x3CA5, 0x5061, 0x5442, 
    0x5461, 0x5441, 0x5861, 0x5441, 0x5860, 0x5441, 0x5861, 0x5842, 0x4C62, 0x2843, 0x4462, 0x5842, 0x5840, 0x5883, 0x5840, 0x5000, 
    0x598C, 0x6F5A, 0x7BDE, 0x77BE, 0x775A, 0x6E94, 0x6E30, 0x6B1A, 0x6F9C, 0x633A, 0x673A, 0x633A, 0x673A, 0x633A, 0x673A, 0x633A, 
    0x673A, 0x633A, 0x675A, 0x633A, 0x675A, 0x633B, 0x675A, 0x633B, 0x675A, 0x633A, 0x675A, 0x673B, 0x675A, 0x673B, 0x675A, 0x633B, 
    0x675A, 0x673B, 0x675A, 0x633B, 0x675A, 0x673B, 0x675A, 0x673B, 0x675A, 0x673B, 0x675A, 0x633B, 0x675A, 0x633B, 0x675A, 0x673B, 
    0x675A, 0x673A, 0x675A, 0x673A, 0x675A, 0x673A, 0x675A, 0x675B, 0x675A, 0x673B, 0x675A, 0x673B, 0x675B, 0x675B, 0x675A, 0x673B, 
    0x675A, 0x673B, 0x675A, 0x633A, 0x6339, 0x675C, 0x675B, 0x673B, 0x6B7B, 0x6B5C, 0x6B7C, 0x6B7C, 0x6B7C, 0x6B7C, 0x6F7C, 0x6B7C, 
    0x6B7C, 0x6B7C, 0x6F7A, 0x4907, 0x5EF7, 0x6B7C, 0x6B7B, 0x675C, 0x6B7B, 0x675C, 0x675B, 0x633B, 0x633A, 0x5F1A, 0x6339, 0x673B, 
    0x6B7B, 0x675B, 0x6B7B, 0x6B5C, 0x6F7B, 0x77BD, 0x6A51, 0x4485, 0x56B5, 0x5F19, 0x5F19, 0x5F19, 0x6319, 0x5F19, 0x6319, 0x5F19, 
    0x6319, 0x5F1A, 0x6339, 0x5F1A, 0x6319, 0x5F1A, 0x6339, 0x5F1A, 0x6319, 0x5F1A, 0x5F19, 0x5F1A, 0x6339, 0x5F1A, 0x6319, 0x5F19, 
    0x6319, 0x5F1A, 0x6319, 0x5F19, 0x6319, 0x5F19, 0x6319, 0x5F19, 0x6339, 0x5F19, 0x6339, 0x5AF8, 0x56D6, 0x35D0, 0x598C, 0x6B3B, 
    0x6B7B, 0x675B, 0x6B7B, 0x6B5B, 0x6B7B, 0x675B, 0x6B7B, 0x675C, 0x6B7B, 0x675B, 0x6339, 0x56B7, 0x6339, 0x675C, 0x6B7B, 0x675C, 
    0x6B7B, 0x6B7C, 0x6B7C, 0x6B7C, 0x6B7C, 0x6B7C, 0x6B7B, 0x6B7C, 0x6F7C, 0x6B7C, 0x6F7C, 0x6B7C, 0x6B7C, 0x6B7C, 0x6B7B, 0x6B5C, 
    0x6B7B, 0x6B7C, 0x6B7B, 0x6B7C, 0x6B7B, 0x6B7C, 0x6B7B, 0x6B5C, 0x6B7B, 0x6B5C, 0x6B7B, 0x6B5B, 0x6B7B, 0x675B, 0x6B5B, 0x675B, 
    0x675B, 0x631A, 0x6B5B, 0x6B5C, 0x6B7B, 0x675B, 0x675B, 0x675B, 0x6B7B, 0x675B, 0x52B5, 0x4654, 0x673A, 0x633A, 0x673A, 0x633A, 
    0x633A, 0x631A, 0x633A, 0x631A, 0x6339, 0x5F1A, 0x5F19, 0x5EF9, 0x5F19, 0x5F1A, 0x5F19, 0x5F1A, 0x633A, 0x633A, 0x633A, 0x631A, 
    0x631A, 0x61EF, 0x6674, 0x673A, 0x631A, 0x673A, 0x633A, 0x633A, 0x631A, 0x633A, 0x5297, 0x35AD, 0x292A, 0x3129, 0x34C7, 0x4C62, 
    0x5442, 0x5461, 0x5441, 0x5861, 0x5841, 0x5861, 0x5842, 0x5861, 0x5C42, 0x5861, 0x3842, 0x3463, 0x5063, 0x5C41, 0x5842, 0x5CA3, 
    0x5800, 0x5C00, 0x6631, 0x6DCD, 0x6C00, 0x7000, 0x7000, 0x6CE6, 0x6EF8, 0x73BD, 0x673B, 0x673A, 0x673B, 0x673A, 0x633A, 0x673A, 
    0x633A, 0x673A, 0x633B, 0x673A, 0x673B, 0x673A, 0x633B, 0x675A, 0x633B, 0x673A, 0x633B, 0x675A, 0x673B, 0x675A, 0x673B, 0x675B, 
    0x673B, 0x675B, 0x673B, 0x675B, 0x673B, 0x675A, 0x673B, 0x675B, 0x673B, 0x675B, 0x673B, 0x675B, 0x673B, 0x675A, 0x673B, 0x675A, 
    0x673B, 0x6B5A, 0x673B, 0x6B5A, 0x673B, 0x675A, 0x673B, 0x675B, 0x673B, 0x675A, 0x673B, 0x675A, 0x673B, 0x675B, 0x673B, 0x675A, 
    0x673B, 0x675A, 0x673B, 0x675A, 0x633A, 0x6B5B, 0x675C, 0x675B, 0x6B5C, 0x6F7C, 0x6B5C, 0x6F7C, 0x6B7C, 0x6F7C, 0x6B7C, 0x6F7C, 
    0x6B5C, 0x6F9C, 0x66B6, 0x4929, 0x675B, 0x6B7C, 0x6B7C, 0x6B7C, 0x6B7C, 0x6B7C, 0x675C, 0x6B7B, 0x675C, 0x633A, 0x5EF9, 0x673A, 
    0x673B, 0x6B5B, 0x675C, 0x6B5B, 0x739D, 0x775A, 0x5400, 0x49EF, 0x5EF8, 0x6319, 0x5F19, 0x6319, 0x5F1A, 0x6319, 0x5F1A, 0x6319, 
    0x5F1A, 0x6339, 0x5F1A, 0x6319, 0x5F1A, 0x6319, 0x5F1A, 0x6319, 0x5F1A, 0x6319, 0x5F1A, 0x6319, 0x5F1A, 0x6319, 0x5F1A, 0x6319, 
    0x5F1A, 0x6319, 0x5F1A, 0x6319, 0x5F1A, 0x6319, 0x631A, 0x6339, 0x5F19, 0x6319, 0x5F19, 0x6319, 0x5AD7, 0x4A74, 0x412A, 0x6AB6, 
    0x677D, 0x6B5B, 0x6B5C, 0x6B7B, 0x6B5C, 0x6B7B, 0x675C, 0x6B7B, 0x675C, 0x675B, 0x633B, 0x5EF8, 0x5AF8, 0x675B, 0x675C, 0x6B5B, 
    0x6B5C, 0x6B7C, 0x6B5C, 0x6B7C, 0x6B7C, 0x6F7C, 0x6B7C, 0x6F7C, 0x6B7C, 0x6F7C, 0x6B7C, 0x6F7C, 0x6B7C, 0x6B7C, 0x6B7C, 0x6B7C, 
    0x6B5C, 0x6B7C, 0x6B7C, 0x6B7C, 0x6B5C, 0x6B7B, 0x6B5C, 0x6B7B, 0x6B5C, 0x6B7B, 0x6B5C, 0x6B5B, 0x675B, 0x6B5B, 0x675B, 0x6B5B, 
    0x631A, 0x675B, 0x675C, 0x6B7B, 0x6B5B, 0x6B7B, 0x6B5C, 0x6B7B, 0x6B5C, 0x6F7C, 0x4E95, 0x358C, 0x62F9, 0x673A, 0x633A, 0x673A, 
    0x633A, 0x633A, 0x631A, 0x633A, 0x5F1A, 0x5EF8, 0x5AD8, 0x5F19, 0x5EF9, 0x6319, 0x5F1A, 0x633A, 0x633A, 0x633A, 0x5F1A, 0x673A, 
    0x633A, 0x5ED7, 0x5DAB, 0x6719, 0x633A, 0x633A, 0x6339, 0x5F3A, 0x6339, 0x5F19, 0x6339, 0x56D8, 0x3E10, 0x292A, 0x2D29, 0x30E8, 
    0x44A3, 0x5041, 0x5461, 0x5461, 0x5861, 0x5461, 0x5861, 0x5861, 0x5861, 0x5841, 0x5C61, 0x4842, 0x2C62, 0x4863, 0x5C61, 0x5841, 
    0x5C82, 0x6061, 0x6400, 0x6800, 0x6CA2, 0x6CA4, 0x70C3, 0x7040, 0x6C00, 0x6A74, 0x73BD, 0x6B7C, 0x6339, 0x633A, 0x675A, 0x633A, 
    0x675A, 0x633A, 0x675A, 0x633B, 0x675A, 0x633B, 0x675A, 0x633A, 0x675A, 0x633A, 0x675A, 0x633B, 0x675A, 0x633A, 0x675A, 0x635B, 
    0x675A, 0x635B, 0x675A, 0x675B, 0x675A, 0x635B, 0x675A, 0x675B, 0x675A, 0x635B, 0x675A, 0x633B, 0x675B, 0x633B, 0x675A, 0x633A, 
    0x675A, 0x673A, 0x675A, 0x673B, 0x675A, 0x673A, 0x675A, 0x673B, 0x675A, 0x675B, 0x675A, 0x673B, 0x675A, 0x675B, 0x675A, 0x675B, 
    0x675A, 0x675B, 0x675A, 0x675B, 0x675A, 0x675B, 0x677B, 0x635B, 0x6B7C, 0x6B7C, 0x6B7C, 0x6B7C, 0x6B7B, 0x6B7C, 0x6B7B, 0x6B7C, 
    0x6B7C, 0x6F9C, 0x55EE, 0x4E32, 0x6F9C, 0x6B7C, 0x6B9C, 0x6B7C, 0x6B9C, 0x6B7C, 0x6B7B, 0x677C, 0x6B7B, 0x675C, 0x675A, 0x5F3A, 
    0x673A, 0x673B, 0x675A, 0x675B, 0x77DD, 0x6631, 0x48A5, 0x5295, 0x5F19, 0x5B19, 0x5F19, 0x5F19, 0x6339, 0x5F1A, 0x6339, 0x5F19, 
    0x6339, 0x5F1A, 0x5F39, 0x5F19, 0x5F39, 0x5F19, 0x6339, 0x5F19, 0x5F39, 0x5F1A, 0x6339, 0x5F1A, 0x5F39, 0x5F19, 0x5F39, 0x5F19, 
    0x5F19, 0x5F1A, 0x5F39, 0x5B1A, 0x5F39, 0x5F19, 0x6339, 0x5F1A, 0x6339, 0x5F19, 0x5F39, 0x5F19, 0x5F18, 0x56D7, 0x3E11, 0x55CE, 
    0x6B5A, 0x675B, 0x6B7A, 0x675B, 0x6B7B, 0x675B, 0x6B7B, 0x675B, 0x6B5B, 0x675B, 0x675A, 0x5F19, 0x5AF7, 0x5F19, 0x675B, 0x675C, 
    0x6B7B, 0x6B7C, 0x6B7C, 0x677C, 0x6B7B, 0x6B7C, 0x6B7B, 0x6B7C, 0x6B7B, 0x6B7C, 0x6B7B, 0x6B7C, 0x6B7B, 0x6B7C, 0x6B7B, 0x6B7C, 
    0x6B7B, 0x6B7C, 0x6B7B, 0x6B7C, 0x6B7B, 0x6B7C, 0x6B7B, 0x675B, 0x6B7B, 0x675B, 0x675A, 0x675B, 0x6B7A, 0x675B, 0x6B7B, 0x633A, 
    0x675A, 0x675B, 0x6B7B, 0x675B, 0x6B7B, 0x675B, 0x6B7B, 0x6B7C, 0x6B7B, 0x6B7C, 0x5AF6, 0x460F, 0x62F7, 0x633A, 0x6339, 0x631A, 
    0x633A, 0x633A, 0x6339, 0x5F19, 0x5F19, 0x5F19, 0x5F18, 0x5F19, 0x5F19, 0x5F19, 0x6339, 0x5F19, 0x5F18, 0x5F19, 0x5F39, 0x633B, 
    0x671B, 0x673A, 0x5DCF, 0x6651, 0x633B, 0x633A, 0x631A, 0x633A, 0x631A, 0x633A, 0x5F1A, 0x5EF8, 0x5EF9, 0x4E74, 0x356D, 0x3129, 
    0x3109, 0x44A5, 0x5042, 0x5861, 0x5442, 0x5861, 0x5842, 0x5C61, 0x5841, 0x5C61, 0x5842, 0x6041, 0x5442, 0x3863, 0x3864, 0x5C63, 
    0x6041, 0x6062, 0x6084, 0x6883, 0x6862, 0x7081, 0x7061, 0x74A2, 0x7483, 0x7000, 0x69AE, 0x737B, 0x739E, 0x6B5A, 0x631A, 0x673A, 
    0x633A, 0x673A, 0x673B, 0x673A, 0x673B, 0x673A, 0x673B, 0x673A, 0x673B, 0x673A, 0x673B, 0x673B, 0x673B, 0x675B, 0x673B, 0x675B, 
    0x673B, 0x675B, 0x673B, 0x675B, 0x673B, 0x675B, 0x673B, 0x675B, 0x673B, 0x675B, 0x673B, 0x675B, 0x673B, 0x675B, 0x673B, 0x673A, 
    0x673B, 0x6B5A, 0x673B, 0x675A, 0x673B, 0x675B, 0x673B, 0x675B, 0x673B, 0x6B5B, 0x673B, 0x675A, 0x673B, 0x6B5B, 0x673B, 0x6B5B, 
    0x673B, 0x6B5B, 0x673B, 0x675B, 0x673B, 0x675B, 0x673C, 0x673B, 0x6B5C, 0x6F7C, 0x6B5C, 0x6F7C, 0x6B7C, 0x6F7C, 0x6B7C, 0x6F7C, 
    0x6F7D, 0x6F5A, 0x48C6, 0x62F8, 0x6F9D, 0x6F7C, 0x6B7D, 0x6F7C, 0x6B7D, 0x6F7C, 0x6B5C, 0x6B7C, 0x6B7C, 0x6B7C, 0x6B5C, 0x675B, 
    0x5F1A, 0x631A, 0x631A, 0x739D, 0x773A, 0x5000, 0x4A11, 0x5EF8, 0x5EF9, 0x6319, 0x5F1A, 0x6319, 0x5F1A, 0x6319, 0x5F1A, 0x6319, 
    0x5F1A, 0x6319, 0x5F1A, 0x6319, 0x631A, 0x6319, 0x5F1A, 0x6319, 0x631A, 0x631A, 0x5F1A, 0x631A, 0x5F1A, 0x631A, 0x5F1A, 0x6319, 
    0x5F1A, 0x6319, 0x5F1A, 0x5F19, 0x5F1A, 0x6319, 0x631A, 0x6339, 0x631A, 0x6319, 0x631A, 0x6319, 0x631A, 0x5695, 0x3E33, 0x412A, 
    0x6AF8, 0x6B7C, 0x6B5B, 0x6B5B, 0x6B5C, 0x6B5B, 0x6B5C, 0x6B5B, 0x6B5C, 0x6B5B, 0x673B, 0x673A, 0x5EF9, 0x5AD6, 0x5AD8, 0x673B, 
    0x675C, 0x6B7C, 0x6B5C, 0x6B7C, 0x6B5C, 0x6B7C, 0x6B5C, 0x6F7C, 0x6B5C, 0x6F7C, 0x6B7C, 0x6F7B, 0x6B5C, 0x6F7C, 0x6B5C, 0x6F7B, 
    0x6B5C, 0x6B7C, 0x6B5C, 0x6B7C, 0x6B5C, 0x6B7B, 0x6B5C, 0x6B5B, 0x675B, 0x6B5B, 0x673B, 0x6B5B, 0x6B5C, 0x6B5B, 0x631B, 0x675B, 
    0x6B5C, 0x6B7B, 0x6B5B, 0x6B7B, 0x6B5C, 0x6B7B, 0x6B5C, 0x6B7C, 0x6B5C, 0x6B7C, 0x675C, 0x5E31, 0x6210, 0x673A, 0x631A, 0x6319, 
    0x631A, 0x673A, 0x5F19, 0x6319, 0x631A, 0x5F19, 0x5EF9, 0x6319, 0x5F1A, 0x633A, 0x631A, 0x5EF9, 0x5EFA, 0x631A, 0x631A, 0x673A, 
    0x673A, 0x673B, 0x62F7, 0x5CE4, 0x6AF8, 0x5F1A, 0x6339, 0x5F1A, 0x6339, 0x5F1A, 0x6319, 0x5EF9, 0x6339, 0x631A, 0x56B6, 0x39AE, 
    0x3149, 0x3129, 0x3CE6, 0x5042, 0x5841, 0x5462, 0x5861, 0x5841, 0x5C61, 0x5841, 0x5C61, 0x5861, 0x5C61, 0x5C42, 0x4862, 0x2C63, 
    0x5463, 0x6042, 0x6061, 0x6061, 0x6481, 0x6861, 0x6C81, 0x6C81, 0x7081, 0x70A4, 0x7400, 0x68A4, 0x6EF6, 0x73BD, 0x6F9C, 0x633A, 
    0x673A, 0x633A, 0x675A, 0x633A, 0x675A, 0x633A, 0x675A, 0x673B, 0x675A, 0x633B, 0x675A, 0x633B, 0x675A, 0x633B, 0x675A, 0x673B, 
    0x675A, 0x675B, 0x675B, 0x675B, 0x675B, 0x675B, 0x675B, 0x673B, 0x675B, 0x675B, 0x675B, 0x673B, 0x675A, 0x673B, 0x675A, 0x673A, 
    0x675A, 0x673A, 0x675A, 0x673B, 0x675A, 0x673B, 0x675A, 0x673B, 0x675A, 0x673B, 0x675A, 0x673B, 0x675A, 0x675B, 0x675A, 0x675B, 
    0x675B, 0x673B, 0x675A, 0x673B, 0x675A, 0x673A, 0x633A, 0x633A, 0x6B7B, 0x6B7C, 0x6F7C, 0x6B7C, 0x6F7C, 0x6B7C, 0x6F7C, 0x6B7C, 
    0x6F9C, 0x62B5, 0x494A, 0x6B7C, 0x6F9C, 0x6B7C, 0x6B9C, 0x6B7C, 0x6F9C, 0x675C, 0x6B7B, 0x675C, 0x6B7B, 0x675B, 0x675B, 0x633B, 
    0x5F19, 0x631A, 0x6B7B, 0x77BD, 0x61CD, 0x40E8, 0x5AD6, 0x5F19, 0x5F18, 0x5F19, 0x6319, 0x5F19, 0x6339, 0x5F1A, 0x6319, 0x5F1A, 
    0x6339, 0x5F19, 0x6339, 0x5F1A, 0x6319, 0x5F1A, 0x6339, 0x5F1A, 0x6339, 0x5F1A, 0x6339, 0x5F1A, 0x6339, 0x5F1A, 0x6339, 0x5F1A, 
    0x5F19, 0x5F1A, 0x6319, 0x5F1A, 0x633A, 0x5F1A, 0x6339, 0x5F1A, 0x6339, 0x5F19, 0x6339, 0x5F19, 0x6339, 0x56B6, 0x4E93, 0x35D1, 
    0x6252, 0x6B5B, 0x675B, 0x675B, 0x6B7B, 0x675B, 0x6B7B, 0x675C, 0x6B7B, 0x675B, 0x6B5B, 0x675B, 0x675A, 0x5F19, 0x5AD7, 0x56B7, 
    0x5F39, 0x675C, 0x6B7B, 0x675C, 0x6B7B, 0x6B7C, 0x6B7B, 0x6B7C, 0x6B7C, 0x6B7C, 0x6F7C, 0x6B7C, 0x6B7C, 0x6B7C, 0x6B7C, 0x6B7C, 
    0x6B7B, 0x6B7C, 0x6B7B, 0x6B7C, 0x6B7B, 0x675B, 0x6B7B, 0x675B, 0x675A, 0x675B, 0x675B, 0x633B, 0x673A, 0x633A, 0x675B, 0x675C, 
    0x6B7B, 0x6B5B, 0x6B7B, 0x6B7C, 0x6B7B, 0x6B7C, 0x6B7B, 0x6B7C, 0x6B7B, 0x6B5C, 0x6B9C, 0x62B6, 0x6127, 0x673A, 0x675A, 0x673B, 
    0x675A, 0x673B, 0x673A, 0x631A, 0x6339, 0x631A, 0x6339, 0x631A, 0x6339, 0x633A, 0x6339, 0x5F19, 0x5F19, 0x633A, 0x675A, 0x675B, 
    0x671A, 0x6B3A, 0x673B, 0x620F, 0x61CF, 0x673A, 0x631A, 0x633A, 0x5F1A, 0x6319, 0x631A, 0x673A, 0x631A, 0x673A, 0x6B5C, 0x5EF8, 
    0x41F0, 0x354A, 0x3109, 0x3CE7, 0x4C63, 0x5841, 0x5442, 0x5861, 0x5842, 0x5C61, 0x5842, 0x5C61, 0x5842, 0x5C61, 0x5C42, 0x5462, 
    0x3043, 0x4863, 0x6063, 0x6461, 0x6061, 0x6861, 0x6861, 0x6C81, 0x7061, 0x7481, 0x74A4, 0x7860, 0x6C00, 0x6E10, 0x737C, 0x73BD, 
    0x673B, 0x673A, 0x673B, 0x673A, 0x673B, 0x675A, 0x673B, 0x673A, 0x673B, 0x675A, 0x673B, 0x675A, 0x673B, 0x675B, 0x673B, 0x675B, 
    0x673B, 0x675B, 0x673B, 0x675B, 0x675B, 0x675B, 0x675B, 0x675A, 0x673B, 0x675B, 0x673B, 0x675B, 0x673B, 0x675B, 0x673B, 0x673A, 
    0x673B, 0x675A, 0x673A, 0x675A, 0x673B, 0x675A, 0x673B, 0x675B, 0x673B, 0x675A, 0x673B, 0x675B, 0x673B, 0x675A, 0x673B, 0x6B5A, 
    0x673B, 0x675A, 0x673B, 0x6B5B, 0x673B, 0x675A, 0x633A, 0x6339, 0x6B5C, 0x6F7C, 0x6B7C, 0x6F7C, 0x6B7C, 0x6F7C, 0x6B7C, 0x6F7B, 
    0x6F7D, 0x55CE, 0x5233, 0x6F9D, 0x6B7C, 0x6F7C, 0x6B7C, 0x6F7C, 0x6B7C, 0x6B7B, 0x6B7C, 0x6B7C, 0x6B5C, 0x6B7B, 0x675B, 0x673A, 
    0x5F1A, 0x673A, 0x73BE, 0x72F6, 0x4400, 0x4E52, 0x5EF9, 0x5F19, 0x5F19, 0x6319, 0x5F1A, 0x6319, 0x5F19, 0x6319, 0x5F1A, 0x6319, 
    0x5F1A, 0x6339, 0x5F1A, 0x6319, 0x5F1A, 0x6319, 0x5F1A, 0x6339, 0x5F1A, 0x6319, 0x5F1A, 0x6319, 0x5F1A, 0x6339, 0x5F1A, 0x6319, 
    0x5F19, 0x6339, 0x5F1A, 0x6319, 0x5F1A, 0x6339, 0x5F1A, 0x6339, 0x5F1A, 0x6339, 0x5F1A, 0x6319, 0x5F1A, 0x6319, 0x5294, 0x4254, 
    0x454C, 0x6F18, 0x633B, 0x675A, 0x673B, 0x6B5B, 0x675B, 0x6B5B, 0x675C, 0x6B5B, 0x675C, 0x6B5B, 0x673B, 0x673A, 0x631A, 0x5AD7, 
    0x52B7, 0x5F19, 0x673B, 0x6B5B, 0x675B, 0x6B7B, 0x6B5C, 0x6B7C, 0x6B7C, 0x6F7C, 0x6B7C, 0x6F7C, 0x6B5C, 0x6F7B, 0x6B5C, 0x6F7B, 
    0x6B5C, 0x6B7B, 0x6B5C, 0x6B7B, 0x675B, 0x6B5B, 0x633B, 0x673A, 0x633B, 0x675A, 0x631A, 0x633A, 0x673C, 0x6B5B, 0x675C, 0x6B7B, 
    0x6B5C, 0x6B7B, 0x6B5C, 0x6B7B, 0x6B5C, 0x6F7B, 0x6B5C, 0x6B7B, 0x6B5C, 0x6B7B, 0x6B5C, 0x6B5A, 0x6128, 0x6ED6, 0x675C, 0x6B5B, 
    0x675C, 0x6B5B, 0x675C, 0x675B, 0x673B, 0x675B, 0x673B, 0x673A, 0x631A, 0x6339, 0x5EF9, 0x6319, 0x5EF9, 0x673A, 0x633B, 0x675A, 
    0x6739, 0x673A, 0x673A, 0x62D8, 0x5D05, 0x5ED7, 0x633A, 0x5F19, 0x6339, 0x631A, 0x6339, 0x631A, 0x6339, 0x673A, 0x6F59, 0x6B7B, 
    0x6338, 0x4A53, 0x398C, 0x3129, 0x3928, 0x48A5, 0x5840, 0x5462, 0x5861, 0x5841, 0x5861, 0x5841, 0x5C61, 0x5861, 0x5C61, 0x5C61, 
    0x5C61, 0x3C62, 0x3883, 0x5484, 0x6461, 0x6061, 0x6481, 0x6861, 0x6C81, 0x6C81, 0x7080, 0x7082, 0x74C3, 0x7000, 0x6D27, 0x6F18, 
    0x77DD, 0x6B7B, 0x6739, 0x633A, 0x675A, 0x633A, 0x675A, 0x633A, 0x675A, 0x673B, 0x675A, 0x633B, 0x675A, 0x675B, 0x675A, 0x635B, 
    0x675A, 0x673B, 0x675A, 0x635B, 0x675A, 0x675B, 0x675A, 0x633B, 0x675A, 0x675B, 0x675A, 0x675B, 0x675A, 0x635B, 0x675A, 0x673B, 
    0x675A, 0x633B, 0x675A, 0x635B, 0x675A, 0x673B, 0x675A, 0x675B, 0x675A, 0x675B, 0x675A, 0x675B, 0x675A, 0x675B, 0x675A, 0x675B, 
    0x675A, 0x675A, 0x675A, 0x675B, 0x675A, 0x673A, 0x6339, 0x5B19, 0x6B7C, 0x6B7C, 0x6B7B, 0x6B7C, 0x6B7B, 0x6B7C, 0x6F7B, 0x6B7C, 
    0x6F59, 0x44E7, 0x6318, 0x6F9D, 0x6F9C, 0x6B7C, 0x6B9B, 0x6B7C, 0x6B9C, 0x6B7C, 0x6F9C, 0x6B7C, 0x6F9C, 0x6B7C, 0x6B7B, 0x675C, 
    0x6B7B, 0x633A, 0x6F5A, 0x5529, 0x454A, 0x5AD7, 0x5F18, 0x5F19, 0x5F39, 0x5F19, 0x5F39, 0x5F19, 0x5F39, 0x5F19, 0x5F39, 0x5F19, 
    0x5F39, 0x5F19, 0x5F39, 0x5F19, 0x6339, 0x5F1A, 0x6339, 0x5F19, 0x6339, 0x5F1A, 0x6339, 0x5F1A, 0x6339, 0x5F19, 0x6339, 0x5F19, 
    0x6339, 0x5F19, 0x5F39, 0x5F1A, 0x5F19, 0x5F19, 0x5F39, 0x5F19, 0x6339, 0x5F19, 0x6339, 0x5F19, 0x5F19, 0x5F19, 0x5AF6, 0x4A74, 
    0x39CF, 0x5E52, 0x6B7B, 0x635A, 0x675A, 0x675B, 0x675A, 0x675B, 0x675A, 0x675B, 0x675A, 0x675B, 0x675A, 0x633A, 0x6339, 0x5EF9, 
    0x5AF7, 0x56D8, 0x5F19, 0x633B, 0x675B, 0x675B, 0x6B7B, 0x6B7B, 0x6B7B, 0x6B7C, 0x6B7C, 0x6B7C, 0x6B7B, 0x6B5B, 0x6B7B, 0x675B, 
    0x6B7B, 0x675B, 0x675A, 0x633A, 0x6339, 0x5B19, 0x6339, 0x5F1A, 0x6339, 0x633B, 0x675A, 0x675B, 0x6B7B, 0x675C, 0x6B7B, 0x6B7C, 
    0x6B7B, 0x6B7C, 0x6B7B, 0x6B7B, 0x6B7B, 0x6B7C, 0x6B7B, 0x6B7C, 0x6B7B, 0x6B7C, 0x6B7B, 0x6B7C, 0x6210, 0x6210, 0x6B7B, 0x675B, 
    0x6B7B, 0x675C, 0x6B7B, 0x675B, 0x6B7B, 0x675B, 0x675A, 0x675B, 0x675A, 0x673A, 0x675A, 0x675B, 0x6B7B, 0x675B, 0x6B7B, 0x675B, 
    0x673A, 0x673A, 0x631A, 0x673A, 0x5DCF, 0x6273, 0x631B, 0x6319, 0x631A, 0x6319, 0x5EF9, 0x631A, 0x6319, 0x6A94, 0x5A95, 0x5EF8, 
    0x673B, 0x6B5A, 0x56B6, 0x3DCF, 0x312B, 0x3529, 0x44C7, 0x5861, 0x5842, 0x5861, 0x5842, 0x5C61, 0x5C42, 0x5C61, 0x5C41, 0x5C61, 
    0x5C42, 0x6061, 0x5042, 0x3463, 0x4864, 0x6462, 0x6041, 0x6461, 0x6862, 0x6C81, 0x7062, 0x7481, 0x7482, 0x78C4, 0x7420, 0x7000, 
    0x6A53, 0x779C, 0x6F9D, 0x6B39, 0x673A, 0x673A, 0x673B, 0x673A, 0x673B, 0x673A, 0x673B, 0x675B, 0x673B, 0x675B, 0x673B, 0x675B, 
    0x673B, 0x675A, 0x673B, 0x675B, 0x673B, 0x675B, 0x673B, 0x6B5B, 0x673B, 0x6B5B, 0x673B, 0x6B5B, 0x673B, 0x675B, 0x673B, 0x675A, 
    0x673B, 0x675A, 0x673B, 0x675A, 0x673B, 0x675B, 0x673B, 0x675B, 0x673B, 0x6B5B, 0x673B, 0x6B5B, 0x673B, 0x6B5B, 0x673B, 0x675B, 
    0x673B, 0x6B5B, 0x673B, 0x6B5A, 0x673A, 0x6B5B, 0x633B, 0x5AF8, 0x673B, 0x6F7C, 0x6B5C, 0x6F7C, 0x6B7C, 0x6F7C, 0x6F5C, 0x739D, 
    0x66B5, 0x454B, 0x6B5C, 0x6F9C, 0x6F7D, 0x6F7C, 0x6F7D, 0x6F9C, 0x6F7D, 0x6F9C, 0x6F7D, 0x6F9C, 0x6F7D, 0x6F7C, 0x6B7C, 0x6B7C, 
    0x6B5C, 0x77BD, 0x6A74, 0x4C00, 0x5253, 0x5F19, 0x5EF9, 0x6319, 0x5F1A, 0x6319, 0x5F1A, 0x6319, 0x5F1A, 0x6319, 0x5F1A, 0x6319, 
    0x5F1A, 0x6319, 0x5F1A, 0x6319, 0x5F1A, 0x6319, 0x5F1A, 0x6319, 0x5F1A, 0x6319, 0x5F1A, 0x6319, 0x631A, 0x6319, 0x5F19, 0x6319, 
    0x5F1A, 0x6319, 0x5F19, 0x6319, 0x5F1A, 0x6319, 0x5F19, 0x6319, 0x5F1A, 0x6319, 0x5F1A, 0x6319, 0x5F1A, 0x6319, 0x6319, 0x5694, 
    0x3E34, 0x4D8C, 0x6F3A, 0x675B, 0x673B, 0x6B5B, 0x675B, 0x6B5B, 0x673B, 0x6B5B, 0x673B, 0x6B5A, 0x673B, 0x6B5A, 0x631A, 0x6319, 
    0x5EF9, 0x5AD7, 0x56D7, 0x5AF8, 0x633B, 0x6B5B, 0x673B, 0x6B5B, 0x6B5C, 0x6B7B, 0x6B5C, 0x6B7B, 0x6B5C, 0x6B5B, 0x6B5C, 0x6B5B, 
    0x673B, 0x673A, 0x631A, 0x6739, 0x631A, 0x633A, 0x633A, 0x675A, 0x675C, 0x6B7B, 0x675C, 0x6B5B, 0x6B5C, 0x6B5B, 0x6B5C, 0x6B5B, 
    0x6B5C, 0x6F7C, 0x6B5C, 0x6F7B, 0x6B5C, 0x6F7C, 0x6B5C, 0x6F7C, 0x6B5C, 0x6F7C, 0x6B5C, 0x6F7C, 0x66D7, 0x6128, 0x6F3B, 0x6B7C, 
    0x6B5C, 0x6F7C, 0x6B5C, 0x6F7C, 0x6B5C, 0x6B5B, 0x6B5C, 0x6B5B, 0x6B5C, 0x6F7C, 0x6B5C, 0x6B7C, 0x6B5C, 0x6B7B, 0x6B5C, 0x6F7C, 
    0x6739, 0x631A, 0x673A, 0x633B, 0x6294, 0x5949, 0x5EF8, 0x5F1A, 0x5F18, 0x5EF9, 0x6319, 0x62F8, 0x6693, 0x5A53, 0x56B6, 0x56D7, 
    0x5AD7, 0x5F18, 0x6B5A, 0x5AF8, 0x41F0, 0x314B, 0x354A, 0x40C7, 0x5482, 0x5462, 0x5861, 0x5861, 0x5C61, 0x5861, 0x5C61, 0x5C61, 
    0x5C61, 0x5C41, 0x6061, 0x5C62, 0x4062, 0x3884, 0x5C83, 0x6461, 0x6461, 0x6862, 0x6C81, 0x6C61, 0x7481, 0x7481, 0x78A3, 0x74A3, 
    0x7000, 0x698C, 0x7359, 0x73BE, 0x6B7B, 0x633A, 0x675A, 0x673B, 0x675A, 0x673B, 0x675A, 0x673B, 0x675A, 0x673B, 0x675A, 0x673B, 
    0x675A, 0x673B, 0x675B, 0x675B, 0x675B, 0x675B, 0x675B, 0x675B, 0x675B, 0x673B, 0x675B, 0x675B, 0x675B, 0x675B, 0x675A, 0x673B, 
    0x675A, 0x673B, 0x675A, 0x673B, 0x675A, 0x673B, 0x675B, 0x675B, 0x675B, 0x675B, 0x675B, 0x675B, 0x675B, 0x673B, 0x675A, 0x675B, 
    0x675B, 0x673B, 0x675A, 0x673B, 0x675A, 0x673B, 0x675A, 0x5F19, 0x6B5B, 0x6B7C, 0x6B7C, 0x6B7C, 0x6F7C, 0x6B7C, 0x6F7C, 0x739C, 
    0x55CD, 0x5253, 0x6F9D, 0x6B7C, 0x6F9C, 0x6B7D, 0x6F9C, 0x6B7D, 0x6F9C, 0x6B7D, 0x6F9C, 0x6B7D, 0x6F9C, 0x6F7D, 0x6F9C, 0x6B7C, 
    0x6F9C, 0x777C, 0x5928, 0x454A, 0x5AD6, 0x5F19, 0x5F19, 0x5F19, 0x6339, 0x5F19, 0x6339, 0x5F1A, 0x6339, 0x5F19, 0x6319, 0x5F19, 
    0x6339, 0x5F1A, 0x6339, 0x5F1A, 0x6339, 0x5F1A, 0x6339, 0x5F1A, 0x6339, 0x5F19, 0x6339, 0x5F1A, 0x6339, 0x5F19, 0x6339, 0x5F1A, 
    0x6319, 0x5F19, 0x6319, 0x5F1A, 0x5F19, 0x5F19, 0x6339, 0x5F19, 0x6339, 0x5F19, 0x6319, 0x5F1A, 0x6339, 0x5F19, 0x6339, 0x5AD7, 
    0x4A73, 0x3DAF, 0x6AB4, 0x6B7C, 0x675A, 0x675B, 0x6B7B, 0x675B, 0x6B7B, 0x675B, 0x6B7B, 0x675B, 0x6B7B, 0x675B, 0x6B5B, 0x675B, 
    0x675A, 0x5F19, 0x56D6, 0x52B7, 0x5AD7, 0x5F19, 0x6339, 0x633A, 0x6B5A, 0x675B, 0x6B7B, 0x675B, 0x6B7B, 0x675B, 0x6B5B, 0x673B, 
    0x675A, 0x633A, 0x673A, 0x673B, 0x6B7B, 0x675B, 0x6B5B, 0x675C, 0x6B7B, 0x675B, 0x6B7B, 0x6B5C, 0x6B7B, 0x6B5C, 0x6B7B, 0x6B5C, 
    0x6B7B, 0x6B5C, 0x6B7B, 0x6B5C, 0x6B7B, 0x6B7C, 0x6F7B, 0x6B7C, 0x6F7B, 0x6B7C, 0x6B7B, 0x6B7C, 0x6B5A, 0x592A, 0x6AD6, 0x6B7C, 
    0x6B7B, 0x6B7C, 0x6B7B, 0x6B7C, 0x6B7B, 0x6B7C, 0x6B7B, 0x6B7C, 0x6B7C, 0x6B7C, 0x6B7B, 0x6B7C, 0x6B7B, 0x6B5C, 0x6B7B, 0x6B7C, 
    0x673B, 0x673A, 0x673B, 0x673A, 0x62F9, 0x5949, 0x5AB7, 0x5F19, 0x5EF9, 0x5EF8, 0x5AD8, 0x4E30, 0x45AD, 0x4E52, 0x5296, 0x56B6, 
    0x56B7, 0x56B6, 0x56D8, 0x673A, 0x631A, 0x4A32, 0x316D, 0x314A, 0x34A5, 0x4C61, 0x5462, 0x5861, 0x5861, 0x5C61, 0x5861, 0x5C61, 
    0x5C41, 0x5C61, 0x5C41, 0x6061, 0x6062, 0x5061, 0x3063, 0x5484, 0x6462, 0x6461, 0x6862, 0x6C81, 0x6C62, 0x7481, 0x7482, 0x78A2, 
    0x78A4, 0x7800, 0x6C20, 0x6EB4, 0x77BD, 0x739C, 0x631A, 0x673A, 0x673B, 0x673A, 0x673B, 0x675A, 0x673B, 0x675A, 0x673B, 0x675A, 
    0x673B, 0x675A, 0x673B, 0x675B, 0x673B, 0x675B, 0x673B, 0x675B, 0x675B, 0x675B, 0x673B, 0x6B5B, 0x673B, 0x675B, 0x673B, 0x675A, 
    0x673B, 0x675A, 0x673B, 0x675A, 0x673B, 0x675B, 0x673B, 0x675B, 0x673B, 0x675B, 0x673B, 0x6B5B, 0x673B, 0x675B, 0x673B, 0x675B, 
    0x673B, 0x675B, 0x673B, 0x675A, 0x673B, 0x675A, 0x673B, 0x6339, 0x675B, 0x6F7C, 0x6B5C, 0x6F7C, 0x6B7C, 0x6F7C, 0x6F7C, 0x6F5A, 
    0x48E7, 0x6319, 0x6F9D, 0x6F9C, 0x6B7D, 0x6F9C, 0x6F7D, 0x6F9C, 0x6F7D, 0x6F9C, 0x6F7D, 0x6F9C, 0x6F7D, 0x6F9C, 0x6B7D, 0x6F7C, 
    0x73BE, 0x6ED6, 0x4400, 0x4E52, 0x5AD8, 0x5F18, 0x5F19, 0x6319, 0x5F19, 0x6319, 0x5F1A, 0x6319, 0x5F1A, 0x6339, 0x5F1A, 0x6319, 
    0x5F1A, 0x6319, 0x5F1A, 0x6339, 0x5F1A, 0x6319, 0x5F1A, 0x6319, 0x5F1A, 0x6339, 0x5F1A, 0x6339, 0x5F1A, 0x6319, 0x5F19, 0x6319, 
    0x5F1A, 0x6319, 0x5F1A, 0x6319, 0x5F1A, 0x6319, 0x5F1A, 0x6319, 0x5F1A, 0x6319, 0x5F1A, 0x6319, 0x5F1A, 0x6319, 0x5F19, 0x6318, 
    0x4E74, 0x3A33, 0x51CE, 0x735A, 0x675B, 0x6B5B, 0x675B, 0x6B5B, 0x675B, 0x6B7B, 0x675B, 0x6B7B, 0x6B5C, 0x6B7B, 0x675B, 0x6B5B, 
    0x675B, 0x6B5A, 0x631A, 0x5EF8, 0x5AD7, 0x5AD7, 0x5EF9, 0x673A, 0x673B, 0x6B5B, 0x675B, 0x6B5B, 0x675B, 0x675B, 0x633A, 0x6319, 
    0x633A, 0x675A, 0x675B, 0x6B7B, 0x675B, 0x6B5B, 0x675C, 0x6B7B, 0x675C, 0x6B7B, 0x6B5C, 0x6B7B, 0x6B5C, 0x6B7B, 0x6B5C, 0x6B7B, 
    0x6B5C, 0x6B7B, 0x6B5C, 0x6F7B, 0x6B5C, 0x6F7C, 0x6B7C, 0x6F7C, 0x6B7C, 0x6F7C, 0x6B5C, 0x6B7B, 0x6B7C, 0x6232, 0x5DCF, 0x6F7C, 
    0x6B5C, 0x6B7B, 0x6B5C, 0x6B7C, 0x6B7C, 0x6F7C, 0x6B5C, 0x6B7B, 0x6B7C, 0x6F7C, 0x6B7C, 0x6F7C, 0x6B7C, 0x6F7C, 0x6B5C, 0x6F7C, 
    0x6B7B, 0x675B, 0x675A, 0x633B, 0x6339, 0x5E10, 0x6B5A, 0x675C, 0x6B7B, 0x675B, 0x675B, 0x56D8, 0x31AD, 0x2D2A, 0x4610, 0x4E73, 
    0x4E94, 0x4E95, 0x52B5, 0x52B6, 0x5AF7, 0x5F19, 0x4A73, 0x2D6C, 0x20E6, 0x34C6, 0x4C82, 0x5461, 0x5861, 0x5861, 0x5861, 0x5861, 
    0x5C61, 0x5861, 0x5C61, 0x5C61, 0x5C61, 0x6062, 0x5861, 0x3862, 0x44A4, 0x6084, 0x6860, 0x6461, 0x6C81, 0x6C81, 0x7481, 0x7481, 
    0x78A1, 0x74A3, 0x78A2, 0x7400, 0x6DCC, 0x737B, 0x77DE, 0x675A, 0x6739, 0x673A, 0x675A, 0x633A, 0x675A, 0x675B, 0x675A, 0x633A, 
    0x675A, 0x633B, 0x675A, 0x675B, 0x675A, 0x675B, 0x675B, 0x675B, 0x675A, 0x675B, 0x675A, 0x675B, 0x675A, 0x675B, 0x675A, 0x633A, 
    0x675A, 0x675A, 0x675A, 0x633A, 0x675A, 0x633A, 0x675A, 0x675B, 0x675A, 0x675B, 0x675A, 0x675B, 0x675A, 0x675B, 0x675B, 0x675B, 
    0x675A, 0x633A, 0x675A, 0x675B, 0x675A, 0x673B, 0x675A, 0x631A, 0x675A, 0x6B7C, 0x6B7B, 0x6B7C, 0x6F7B, 0x6B7C, 0x6F9C, 0x62B5, 
    0x496B, 0x6B7C, 0x6F9C, 0x6B7C, 0x6F9C, 0x6B9C, 0x6F9C, 0x6B9C, 0x6F9C, 0x6B7C, 0x6F9C, 0x6B9C, 0x6F9C, 0x6B7D, 0x6F9C, 0x6B9C, 
    0x77BC, 0x598C, 0x416B, 0x56B6, 0x5AF7, 0x5AF8, 0x5F18, 0x5F19, 0x6319, 0x5F19, 0x6339, 0x5F19, 0x6339, 0x5F19, 0x6339, 0x5F1A, 
    0x6339, 0x5F1A, 0x6339, 0x5F19, 0x5F39, 0x5F19, 0x6339, 0x5F19, 0x5F39, 0x5F1A, 0x6339, 0x5F1A, 0x6339, 0x5F19, 0x6339, 0x5F19, 
    0x5F39, 0x5F19, 0x6339, 0x5F19, 0x5F39, 0x5F1A, 0x5F39, 0x5F19, 0x5F39, 0x5F19, 0x6319, 0x5F19, 0x6339, 0x5F19, 0x5F18, 0x5F19, 
    0x5AD6, 0x4254, 0x3DAE, 0x6AD6, 0x6B7B, 0x675B, 0x6B7A, 0x675B, 0x6B7B, 0x675B, 0x6B7B, 0x6B7B, 0x6B7B, 0x677B, 0x6B7B, 0x675B, 
    0x6B7A, 0x675B, 0x6B7B, 0x675B, 0x6339, 0x5AF8, 0x5AF7, 0x5AF9, 0x633A, 0x633B, 0x675B, 0x675B, 0x675B, 0x633A, 0x6339, 0x675B, 
    0x6B7B, 0x675B, 0x6B7B, 0x675B, 0x6B7B, 0x675B, 0x6B7B, 0x675B, 0x6B7B, 0x677C, 0x6B7B, 0x677C, 0x6B7B, 0x675C, 0x6B7B, 0x6B7C, 
    0x6B7B, 0x6B7C, 0x6B7B, 0x6B7C, 0x6B7B, 0x6B7C, 0x6B7B, 0x6B7C, 0x6B7B, 0x6B7C, 0x6B7B, 0x6B7C, 0x6B7B, 0x6719, 0x5DAC, 0x6B3A, 
    0x6B7C, 0x6B5C, 0x6B7B, 0x6B7C, 0x6B7B, 0x6B7C, 0x6B7B, 0x6B7C, 0x6B7B, 0x6B7C, 0x6B7B, 0x6B7C, 0x6B7C, 0x6B7C, 0x6B7B, 0x6B7C, 
    0x6B5C, 0x6F7C, 0x6B5C, 0x6B5B, 0x631A, 0x6A94, 0x6B5C, 0x6B5C, 0x6B5C, 0x6B7C, 0x6B5D, 0x6F7D, 0x673B, 0x4A53, 0x2509, 0x3D8D, 
    0x4A12, 0x4E73, 0x4A54, 0x420F, 0x1000, 0x4210, 0x5696, 0x292B, 0x2909, 0x354A, 0x38E9, 0x4CA4, 0x5442, 0x5861, 0x5862, 0x5C61, 
    0x5842, 0x5C61, 0x5C41, 0x6061, 0x5C42, 0x6061, 0x6042, 0x6061, 0x4C42, 0x3884, 0x5485, 0x6882, 0x6462, 0x6C81, 0x6C62, 0x7481, 
    0x7482, 0x7881, 0x7882, 0x7CC4, 0x7800, 0x70A4, 0x6EF8, 0x7BDE, 0x6F7D, 0x673A, 0x671A, 0x6B5B, 0x673A, 0x6739, 0x6B5C, 0x675A, 
    0x673A, 0x673A, 0x673B, 0x675B, 0x673B, 0x6B5B, 0x673B, 0x6B5B, 0x673B, 0x6B5B, 0x673B, 0x6B5B, 0x673B, 0x6B5B, 0x673B, 0x675B, 
    0x673B, 0x675B, 0x673B, 0x673A, 0x673B, 0x675A, 0x673B, 0x675B, 0x673B, 0x675B, 0x673B, 0x6B5B, 0x673B, 0x6B5B, 0x673B, 0x6B5B, 
    0x673B, 0x675B, 0x673B, 0x6B5A, 0x673B, 0x6B5A, 0x673B, 0x673A, 0x631A, 0x6B5B, 0x6B5C, 0x6F7C, 0x6F7C, 0x6F7C, 0x737D, 0x55AD, 
    0x5254, 0x739E, 0x6F7D, 0x6F9C, 0x6F7D, 0x6F9C, 0x6F7D, 0x6F9C, 0x6F7D, 0x6F7C, 0x6B7D, 0x6F9C, 0x6F7D, 0x6F7C, 0x6B7D, 0x73BD, 
    0x7339, 0x61EE, 0x5696, 0x5295, 0x56B7, 0x5F18, 0x5EF9, 0x6319, 0x5F1A, 0x6319, 0x631A, 0x6319, 0x631A, 0x6339, 0x631A, 0x6319, 
    0x5F1A, 0x6319, 0x5F1A, 0x6319, 0x5F1A, 0x6319, 0x5F1A, 0x6319, 0x5F1A, 0x6319, 0x5F1A, 0x6339, 0x631A, 0x6319, 0x631A, 0x6319, 
    0x5F1A, 0x6319, 0x631A, 0x6319, 0x631A, 0x6319, 0x5F1A, 0x6319, 0x5F1A, 0x6319, 0x5F1A, 0x6319, 0x5F1A, 0x6319, 0x5F19, 0x6319, 
    0x5F19, 0x4E73, 0x35F2, 0x5E31, 0x6F5C, 0x6B5B, 0x6B5C, 0x6B5B, 0x6B5C, 0x6B5B, 0x6B5C, 0x6B7B, 0x6B5C, 0x6B7B, 0x6B5C, 0x6B7B, 
    0x6B5C, 0x6B5B, 0x675C, 0x6B5B, 0x673B, 0x673A, 0x5EF9, 0x5AD7, 0x5ED8, 0x6319, 0x631A, 0x673B, 0x631A, 0x673A, 0x675B, 0x6B5B, 
    0x6B5C, 0x6B5B, 0x6B5C, 0x6B7B, 0x6B5C, 0x6B7C, 0x6B5C, 0x6B7B, 0x6B5C, 0x6F7B, 0x6B5C, 0x6B7C, 0x6B5C, 0x6B7B, 0x6B5C, 0x6F7C, 
    0x6B5C, 0x6F7C, 0x6B5C, 0x6F7C, 0x6B5C, 0x6F7C, 0x6B5C, 0x6F7C, 0x6B5C, 0x6F7C, 0x6B7C, 0x6F7C, 0x6B5C, 0x6F7C, 0x5D8C, 0x6AB5, 
    0x6B7D, 0x6F7C, 0x6B5C, 0x6F7C, 0x6B5C, 0x6F7C, 0x6B5C, 0x6F7C, 0x6B7C, 0x6F7C, 0x6B7C, 0x6F7C, 0x6F7D, 0x6F7C, 0x6B7C, 0x6F7C, 
    0x6B7C, 0x6B7C, 0x6B7B, 0x6B7C, 0x6B9C, 0x62B6, 0x6B39, 0x6B7D, 0x6B7C, 0x6B7C, 0x6B7C, 0x6B7C, 0x6B7C, 0x6B7C, 0x5AD7, 0x2D4B, 
    0x24E6, 0x3DAE, 0x3DCD, 0x1462, 0x18A6, 0x4633, 0x52B5, 0x56B7, 0x41F1, 0x2D2A, 0x354B, 0x352A, 0x44C6, 0x5062, 0x5861, 0x5862, 
    0x5C61, 0x5861, 0x5C61, 0x5C61, 0x5C61, 0x5C61, 0x6061, 0x5C61, 0x6461, 0x5862, 0x3883, 0x48A5, 0x6483, 0x6861, 0x6881, 0x6C81, 
    0x7481, 0x7481, 0x78A1, 0x7882, 0x78C3, 0x7880, 0x7000, 0x6A32, 0x77BD, 0x73BE, 0x675A, 0x673B, 0x3DEF, 0x0000, 0x4E73, 0x675C, 
    0x675B, 0x633A, 0x675A, 0x675B, 0x675B, 0x675B, 0x675A, 0x675B, 0x675B, 0x675B, 0x675A, 0x675B, 0x675A, 0x675B, 0x675B, 0x675B, 
    0x675A, 0x675B, 0x675B, 0x673B, 0x675A, 0x673B, 0x675A, 0x673B, 0x675A, 0x673B, 0x675A, 0x675B, 0x675B, 0x675B, 0x675B, 0x675B, 
    0x675B, 0x675B, 0x675A, 0x673B, 0x675A, 0x673B, 0x675A, 0x673B, 0x673A, 0x675B, 0x6F7B, 0x6B7C, 0x6F7C, 0x6F7D, 0x6F59, 0x40A5, 
    0x6319, 0x6F9D, 0x6F9C, 0x6B7D, 0x6F9C, 0x6B7D, 0x6F9C, 0x6B7D, 0x6F9C, 0x6B7C, 0x6F7C, 0x6B7D, 0x6F9C, 0x6B7C, 0x6F7C, 0x73BE, 
    0x6631, 0x5632, 0x5AF8, 0x5EF9, 0x5EF8, 0x5F19, 0x6319, 0x5F19, 0x6339, 0x5F1A, 0x6339, 0x5F1A, 0x6339, 0x5F1A, 0x6339, 0x5F1A, 
    0x6339, 0x5F1A, 0x6319, 0x5F1A, 0x6339, 0x5F1A, 0x6319, 0x5F1A, 0x6339, 0x5F1A, 0x6339, 0x5F1A, 0x6339, 0x5F1A, 0x6339, 0x5F19, 
    0x6319, 0x5F19, 0x6319, 0x5F1A, 0x6319, 0x5F1A, 0x6319, 0x5F1A, 0x6319, 0x5F19, 0x6319, 0x5F1A, 0x6339, 0x5F19, 0x6339, 0x5F19, 
    0x6339, 0x56D6, 0x3E31, 0x418E, 0x6F18, 0x677C, 0x6B7B, 0x675B, 0x6B7B, 0x675B, 0x6B7B, 0x6B5C, 0x6B7B, 0x6B5C, 0x6B7B, 0x6B5C, 
    0x6B7B, 0x675C, 0x6B7B, 0x675B, 0x6B5B, 0x675B, 0x675A, 0x5F19, 0x5AF7, 0x5AD7, 0x5F18, 0x5F1A, 0x675A, 0x675B, 0x6B5B, 0x675B, 
    0x6B7B, 0x675C, 0x6B7B, 0x6B5C, 0x6B7B, 0x6B5C, 0x6B7B, 0x6B5C, 0x6B7B, 0x6B5C, 0x6B7B, 0x6B7C, 0x6B7B, 0x6B5C, 0x6B7B, 0x675B, 
    0x6B7B, 0x6B7C, 0x6F7B, 0x6B7C, 0x6B7B, 0x6B7C, 0x6B7B, 0x6B7C, 0x6B7B, 0x6B7C, 0x6F7B, 0x6B7C, 0x6B7B, 0x6B7C, 0x6672, 0x65EF, 
    0x6F7C, 0x6B7C, 0x6B7B, 0x6B7C, 0x6B7B, 0x6B7C, 0x6F7C, 0x6B7C, 0x6F7C, 0x6B7C, 0x6F7C, 0x6B7C, 0x6F7C, 0x6B7C, 0x6F7C, 0x6B7C, 
    0x6B7C, 0x6F7C, 0x6B7C, 0x6F7C, 0x6B7D, 0x62F8, 0x66D7, 0x6F9C, 0x6B7C, 0x6F7C, 0x6B7C, 0x6F7C, 0x6B7C, 0x6B7C, 0x6B7D, 0x673A, 
    0x4211, 0x0C00, 0x0000, 0x1CE6, 0x4E75, 0x5EF8, 0x5EF9, 0x6B5B, 0x631A, 0x4A53, 0x2D4C, 0x354B, 0x312B, 0x3CE7, 0x4C63, 0x5861, 
    0x5862, 0x5C61, 0x5861, 0x5C61, 0x5C41, 0x6061, 0x5C41, 0x6061, 0x5C42, 0x6061, 0x6042, 0x4862, 0x3C84, 0x60A4, 0x6862, 0x6880, 
    0x6C61, 0x7481, 0x7482, 0x78A1, 0x7881, 0x78A2, 0x78C4, 0x7800, 0x6D29, 0x7359, 0x77DF, 0x6B7C, 0x4633, 0x24E7, 0x0000, 0x39CE, 
    0x673A, 0x6B7C, 0x673B, 0x6B5B, 0x675B, 0x675B, 0x673B, 0x675B, 0x675B, 0x675B, 0x673B, 0x6B5B, 0x675B, 0x6B5B, 0x675B, 0x675B, 
    0x673B, 0x675A, 0x673B, 0x675A, 0x673B, 0x675A, 0x673B, 0x675B, 0x673B, 0x675A, 0x673B, 0x675B, 0x675B, 0x675B, 0x673B, 0x675B, 
    0x673B, 0x675B, 0x673B, 0x675A, 0x673B, 0x675A, 0x673B, 0x675A, 0x673B, 0x6B5B, 0x6B5C, 0x6F7C, 0x6B7C, 0x739D, 0x5E74, 0x454B, 
    0x6B7D, 0x6F9C, 0x6B7D, 0x6F9C, 0x6B7D, 0x6F9C, 0x6F7D, 0x6F9C, 0x6B7D, 0x6F9C, 0x6B7D, 0x6F9C, 0x6F7D, 0x6F7C, 0x6F9E, 0x775A, 
    0x4C00, 0x4A32, 0x5F1A, 0x6339, 0x631A, 0x6319, 0x631A, 0x6319, 0x5F19, 0x6339, 0x631A, 0x6319, 0x5F1A, 0x6339, 0x631A, 0x6339, 
    0x5F1A, 0x6319, 0x5F1A, 0x6319, 0x5F1A, 0x6319, 0x5F1A, 0x6339, 0x5F1A, 0x633A, 0x5F1A, 0x6319, 0x5F19, 0x6319, 0x5F1A, 0x6319, 
    0x5F19, 0x6319, 0x5F19, 0x6319, 0x5F1A, 0x5F19, 0x5F1A, 0x6319, 0x5F1A, 0x6319, 0x5F19, 0x6319, 0x5F19, 0x6319, 0x5F19, 0x6319, 
    0x5F19, 0x6319, 0x4A53, 0x358D, 0x5E74, 0x6F9C, 0x675B, 0x6B7B, 0x6B5C, 0x6B7B, 0x6B5C, 0x6B7B, 0x6B5C, 0x6B7B, 0x6B5C, 0x6B7B, 
    0x6B5C, 0x6B7B, 0x6B5C, 0x6B5B, 0x675B, 0x6B7B, 0x675B, 0x675B, 0x631A, 0x6319, 0x5EF9, 0x6319, 0x675B, 0x6B5B, 0x6B5B, 0x6B7B, 
    0x6B5C, 0x6B7B, 0x6B5C, 0x6B7B, 0x6B5C, 0x6B7B, 0x6B5C, 0x6B7B, 0x6B5C, 0x6B7B, 0x6B5C, 0x6B7B, 0x6B5C, 0x6B7C, 0x6B5C, 0x6B7B, 
    0x6B5C, 0x6F7C, 0x6B5C, 0x6F7B, 0x6B5C, 0x6F7B, 0x6B7C, 0x6B7B, 0x6B5C, 0x6F7B, 0x6B7C, 0x6F7C, 0x6B5C, 0x6F7C, 0x6B19, 0x6506, 
    0x6B1A, 0x6F7C, 0x6B5C, 0x6F7C, 0x6B7C, 0x6F7C, 0x6B7C, 0x6F7C, 0x6B7C, 0x6F7C, 0x6B7D, 0x6F7C, 0x6B7C, 0x6F7C, 0x6B7C, 0x6F7C, 
    0x6F7C, 0x6B7C, 0x6B7B, 0x6B7C, 0x6B7C, 0x6B7C, 0x62F7, 0x6B5B, 0x6F9C, 0x6B7C, 0x6B7C, 0x6B7C, 0x6B7C, 0x6B7C, 0x6B7B, 0x6B7C, 
    0x6B7C, 0x56D7, 0x35AD, 0x4A74, 0x675A, 0x633A, 0x675B, 0x675B, 0x6B7B, 0x675B, 0x52B5, 0x318D, 0x314B, 0x314B, 0x3528, 0x44A5, 
    0x5461, 0x5862, 0x5861, 0x5861, 0x5C60, 0x5C61, 0x5C61, 0x5C61, 0x6061, 0x5C61, 0x6061, 0x6062, 0x5461, 0x3483, 0x50A4, 0x6483, 
    0x6880, 0x6C81, 0x7081, 0x7481, 0x78A1, 0x7882, 0x78A2, 0x78C4, 0x7840, 0x7000, 0x7293, 0x73BD, 0x6FBD, 0x4A74, 0x314A, 0x0800, 
    0x1CE5, 0x56D7, 0x6B7B, 0x675B, 0x675A, 0x675B, 0x675A, 0x675B, 0x675A, 0x675B, 0x675A, 0x675B, 0x675A, 0x675B, 0x675A, 0x675B, 
    0x675B, 0x675B, 0x675A, 0x675B, 0x675A, 0x633A, 0x675A, 0x633B, 0x675A, 0x675B, 0x675A, 0x635B, 0x675A, 0x635B, 0x675A, 0x675B, 
    0x675A, 0x675B, 0x675A, 0x675B, 0x675A, 0x675B, 0x675A, 0x675A, 0x675A, 0x675B, 0x6B7B, 0x6B7C, 0x6F7C, 0x6F7C, 0x516A, 0x5253, 
    0x6F9D, 0x6B7C, 0x6F9C, 0x6B7D, 0x6F9C, 0x6B7D, 0x6F9C, 0x6B7D, 0x6F9C, 0x6B7D, 0x6F9C, 0x6B7D, 0x6F9C, 0x6B7D, 0x73BD, 0x6652, 
    0x40C5, 0x52B7, 0x6339, 0x5F19, 0x6339, 0x5F19, 0x6339, 0x5F1A, 0x6339, 0x5F19, 0x6339, 0x5F1A, 0x6339, 0x5F1A, 0x6339, 0x5F19, 
    0x6339, 0x5F1A, 0x6339, 0x5F19, 0x5F39, 0x5F19, 0x6339, 0x5F19, 0x5F39, 0x5F19, 0x5F39, 0x5F1A, 0x6339, 0x5F19, 0x5F19, 0x5F19, 
    0x6339, 0x5F19, 0x6339, 0x5F19, 0x5F39, 0x5F19, 0x5F39, 0x5F19, 0x5F19, 0x5F19, 0x6319, 0x5F19, 0x6339, 0x5F19, 0x6339, 0x5F19, 
    0x5F39, 0x5F1A, 0x5AD6, 0x39D0, 0x51EF, 0x6F5B, 0x677B, 0x675B, 0x6B7B, 0x677C, 0x6B7B, 0x6B7C, 0x6B7B, 0x6B5C, 0x6B7B, 0x6B7C, 
    0x6B7B, 0x675C, 0x6B7B, 0x675B, 0x6B7B, 0x675B, 0x6B7B, 0x675B, 0x675A, 0x675B, 0x675A, 0x635B, 0x677A, 0x675B, 0x6B7B, 0x675B, 
    0x6B7B, 0x6B7B, 0x6B7B, 0x6B7C, 0x6B7B, 0x6B5C, 0x6B7B, 0x6B7C, 0x6B7B, 0x6B7C, 0x6B7B, 0x6B7C, 0x6B7B, 0x6B7C, 0x6B7B, 0x6B7C, 
    0x6B7B, 0x6B7C, 0x6B7B, 0x6B7C, 0x6B7B, 0x6B7C, 0x6B7B, 0x6B7C, 0x6B7B, 0x6B7C, 0x6B7B, 0x6B7C, 0x6B7B, 0x6B7C, 0x6F7B, 0x656B, 
    0x6A93, 0x6B7D, 0x6B7B, 0x6B7C, 0x6B7C, 0x6B7C, 0x6F7C, 0x6B7C, 0x6B7B, 0x6B7C, 0x6B9C, 0x6B7C, 0x6F9C, 0x6B7C, 0x6F7C, 0x6B7C, 
    0x6B7D, 0x6F7C, 0x6F7C, 0x6F7C, 0x6B7C, 0x6F7C, 0x6B3B, 0x6B19, 0x6B7D, 0x6F7C, 0x6B7D, 0x6F7C, 0x6B5C, 0x6F7C, 0x6B5C, 0x6B7C, 
    0x6B5C, 0x6F7C, 0x6B5C, 0x675B, 0x673B, 0x6B5B, 0x6B5C, 0x6B5B, 0x6B5C, 0x6B5B, 0x6B5C, 0x5EF8, 0x3DD0, 0x314B, 0x354C, 0x312A, 
    0x3CC7, 0x5083, 0x5842, 0x5C61, 0x5842, 0x5C61, 0x5C41, 0x5C61, 0x5C41, 0x6061, 0x5C42, 0x6061, 0x6442, 0x6061, 0x3C63, 0x40A4, 
    0x6084, 0x6C81, 0x6C61, 0x7481, 0x7482, 0x7881, 0x7882, 0x7882, 0x78A4, 0x7CA3, 0x7400, 0x71CE, 0x735B, 0x6B7C, 0x4A75, 0x3DAE, 
    0x2CC8, 0x0000, 0x4E74, 0x6B5B, 0x673B, 0x675B, 0x673B, 0x6B5B, 0x673B, 0x6B5B, 0x673B, 0x6B5B, 0x673B, 0x6B5B, 0x673B, 0x6B5B, 
    0x673B, 0x675B, 0x673B, 0x675B, 0x673B, 0x675B, 0x673B, 0x675B, 0x673B, 0x673A, 0x673B, 0x675B, 0x673B, 0x675B, 0x673C, 0x675B, 
    0x673B, 0x675B, 0x673B, 0x6B5B, 0x673B, 0x6B5A, 0x673B, 0x6B5B, 0x673B, 0x673A, 0x6B5C, 0x6F7C, 0x6F9D, 0x6F39, 0x4400, 0x6319, 
    0x6F9D, 0x6F7C, 0x6F7D, 0x6F9C, 0x6F7D, 0x6F7C, 0x6B7D, 0x6F9C, 0x6F7D, 0x6F9C, 0x6F7D, 0x6F7C, 0x6B7D, 0x6F9D, 0x735B, 0x58C5, 
    0x4A12, 0x6319, 0x5F1A, 0x6319, 0x631A, 0x633A, 0x631A, 0x6319, 0x631A, 0x6319, 0x631A, 0x6319, 0x631A, 0x6339, 0x5F1A, 0x6319, 
    0x631A, 0x631A, 0x5F1A, 0x6319, 0x5F1A, 0x6319, 0x5F1A, 0x6319, 0x5F1A, 0x6319, 0x5F1A, 0x6319, 0x631A, 0x6319, 0x5F19, 0x6319, 
    0x5F1A, 0x6319, 0x5F1A, 0x6319, 0x5F1A, 0x6319, 0x5F19, 0x6319, 0x5F1A, 0x6319, 0x631A, 0x6319, 0x5F1A, 0x6319, 0x5F1A, 0x6319, 
    0x5F1A, 0x6319, 0x62F9, 0x4A32, 0x4DF1, 0x6F19, 0x6B7D, 0x6B5B, 0x6B5C, 0x6B7B, 0x6B5C, 0x6F7C, 0x6B5C, 0x6F7B, 0x6B5C, 0x6F7B, 
    0x6B5C, 0x6B7B, 0x6B5C, 0x6B7B, 0x6B5C, 0x6B5B, 0x675B, 0x673A, 0x633B, 0x675A, 0x675B, 0x6B7B, 0x6B5C, 0x6B5B, 0x6B5B, 0x6B7B, 
    0x6B5C, 0x6B7B, 0x6B5C, 0x6F7C, 0x6B5C, 0x6B7B, 0x6B5C, 0x6F7C, 0x6B5C, 0x6F7C, 0x6B5C, 0x6F7B, 0x6B5C, 0x6F7B, 0x6B5C, 0x6F7C, 
    0x6B5C, 0x6F7C, 0x6B5C, 0x6F7C, 0x6B7C, 0x6F7C, 0x6B5C, 0x6F7C, 0x6B5C, 0x6F7C, 0x6B5C, 0x6F7C, 0x6B5C, 0x6F7C, 0x6F7D, 0x6A73, 
    0x656C, 0x6F7C, 0x6B7C, 0x6F7C, 0x6B7C, 0x6F7C, 0x6B7C, 0x6F7C, 0x6B7C, 0x6F7C, 0x6B7D, 0x6F7C, 0x6B7D, 0x6F7C, 0x6B7D, 0x6F7C, 
    0x6F7C, 0x6B7C, 0x6F7C, 0x6B7C, 0x6F9C, 0x6B7C, 0x6B7B, 0x66F9, 0x6F7B, 0x6B7C, 0x6F9C, 0x6B7C, 0x6F7C, 0x6B7C, 0x6F7C, 0x6B7C, 
    0x6B7C, 0x6B7C, 0x6B7C, 0x6B5C, 0x6B7B, 0x675B, 0x6B5B, 0x675B, 0x6B7B, 0x675B, 0x6B7B, 0x6B5C, 0x6339, 0x4633, 0x316C, 0x316C, 
    0x316B, 0x3508, 0x4C83, 0x5861, 0x5861, 0x5861, 0x5C61, 0x5861, 0x5C61, 0x5C61, 0x5C61, 0x5C41, 0x6061, 0x6041, 0x6461, 0x4C41, 
    0x3483, 0x54A5, 0x6C82, 0x6C61, 0x7081, 0x7081, 0x7881, 0x7482, 0x78A1, 0x78A2, 0x78C4, 0x7800, 0x7480, 0x76D6, 0x77BD, 0x5AF9, 
    0x41F0, 0x354C, 0x5AD6, 0x673B, 0x675A, 0x673B, 0x675A, 0x673B, 0x675A, 0x675B, 0x675B, 0x675B, 0x675B, 0x675B, 0x675B, 0x675B, 
    0x675B, 0x675B, 0x675B, 0x673B, 0x675A, 0x633B, 0x675A, 0x673B, 0x675A, 0x673B, 0x675A, 0x673B, 0x675B, 0x673B, 0x675B, 0x675B, 
    0x675B, 0x673B, 0x675A, 0x673B, 0x675A, 0x673B, 0x675A, 0x673B, 0x675A, 0x673A, 0x675A, 0x6B7C, 0x73BD, 0x6253, 0x454B, 0x6B7C, 
    0x6F9C, 0x6B7C, 0x6F9C, 0x6B7D, 0x6F9C, 0x6B7D, 0x6F9C, 0x6B7D, 0x6F9C, 0x6B7C, 0x6B7C, 0x6B7C, 0x6B7C, 0x73BE, 0x6E93, 0x48E7, 
    0x56D7, 0x6319, 0x6319, 0x5F19, 0x6339, 0x5F19, 0x6339, 0x5F19, 0x6339, 0x5F19, 0x6339, 0x5F19, 0x6339, 0x5F1A, 0x6339, 0x5F1A, 
    0x6339, 0x5F1A, 0x6319, 0x5F1A, 0x6339, 0x5F19, 0x6339, 0x5F1A, 0x6319, 0x5F19, 0x6319, 0x5F19, 0x6339, 0x5F1A, 0x6319, 0x5F19, 
    0x6319, 0x5F19, 0x6319, 0x5F19, 0x6319, 0x5F1A, 0x6319, 0x5F19, 0x6319, 0x5F19, 0x6319, 0x5F19, 0x6319, 0x5F1A, 0x6319, 0x5F19, 
    0x6339, 0x5F19, 0x633A, 0x5295, 0x5273, 0x6274, 0x73BD, 0x675C, 0x6B5B, 0x6B5C, 0x6B7B, 0x6B5C, 0x6B7B, 0x6B7C, 0x6B7B, 0x6B5C, 
    0x6B7B, 0x6B5C, 0x6B7B, 0x675B, 0x6B7B, 0x675B, 0x6B7B, 0x6B5C, 0x6B5A, 0x633B, 0x675B, 0x675B, 0x6B7B, 0x675C, 0x6B7B, 0x6B5C, 
    0x6B7B, 0x6B7C, 0x6B7B, 0x6B5C, 0x6B7B, 0x6B5C, 0x6B7B, 0x6B5C, 0x6B7B, 0x6B5C, 0x6B7B, 0x6B5C, 0x6B7B, 0x6B5C, 0x6B7B, 0x6B7C, 
    0x6B7B, 0x6B7C, 0x6B7B, 0x6B7C, 0x6B7B, 0x6B7C, 0x6B7B, 0x6B7C, 0x6F7B, 0x6B7C, 0x6F7B, 0x6B7C, 0x6F7B, 0x6B7C, 0x6F9C, 0x6B19, 
    0x6905, 0x6F19, 0x6B9C, 0x6B7C, 0x6B7C, 0x6B7C, 0x6F7C, 0x6B7C, 0x6F7C, 0x6B7C, 0x6F7C, 0x6B7C, 0x6F9C, 0x6B7C, 0x6F7C, 0x6B7C, 
    0x6B7D, 0x6F7C, 0x6B7C, 0x6F7C, 0x6B7D, 0x6F7C, 0x6B7D, 0x6B18, 0x6F5C, 0x6F7C, 0x6B7D, 0x6F7C, 0x6B7C, 0x6F7C, 0x6B7C, 0x6F7C, 
    0x6B7C, 0x6F7C, 0x6B5C, 0x6B7C, 0x6B7C, 0x6B7B, 0x6B5C, 0x6B7B, 0x6B5C, 0x6B7B, 0x6B5C, 0x6B5B, 0x6B5C, 0x675B, 0x4E75, 0x318D, 
    0x316D, 0x356C, 0x350A, 0x48A5, 0x5462, 0x5861, 0x5462, 0x5C61, 0x5841, 0x5C61, 0x5C41, 0x5C61, 0x5C41, 0x6061, 0x6041, 0x6861, 
    0x5C41, 0x3C83, 0x44A5, 0x64A3, 0x6C61, 0x7081, 0x7082, 0x7881, 0x7482, 0x78A2, 0x7882, 0x78C3, 0x7882, 0x7800, 0x7610, 0x7BBC, 
    0x6B5B, 0x5ED7, 0x673B, 0x675A, 0x673B, 0x675B, 0x673B, 0x675A, 0x673B, 0x675B, 0x675B, 0x675A, 0x675B, 0x6B5B, 0x673B, 0x675B, 
    0x675B, 0x6B5B, 0x673B, 0x675A, 0x673B, 0x675B, 0x673B, 0x675A, 0x673B, 0x675A, 0x673B, 0x675A, 0x673B, 0x675B, 0x673B, 0x675B, 
    0x673B, 0x675B, 0x673B, 0x675A, 0x673B, 0x675A, 0x673B, 0x675A, 0x673B, 0x675A, 0x673B, 0x6B7B, 0x737C, 0x5129, 0x5654, 0x6F9D, 
    0x6B7C, 0x6F7C, 0x6B7C, 0x6F7C, 0x6B7D, 0x6F9C, 0x6B7D, 0x6B7C, 0x6B5C, 0x6B7B, 0x6B5C, 0x6F7C, 0x6F7D, 0x7B9C, 0x5D29, 0x4A10, 
    0x5EF9, 0x6319, 0x5F19, 0x6319, 0x631A, 0x6319, 0x5F1A, 0x6339, 0x631A, 0x6319, 0x631A, 0x6319, 0x5F19, 0x6319, 0x5F1A, 0x6319, 
    0x5F1A, 0x6319, 0x5F1A, 0x6339, 0x5F1A, 0x6319, 0x5F19, 0x6319, 0x5F19, 0x6319, 0x5F19, 0x5F19, 0x5F1A, 0x6339, 0x5F1A, 0x6319, 
    0x5F19, 0x6319, 0x5F19, 0x6319, 0x5F19, 0x6319, 0x5F19, 0x6319, 0x5F19, 0x6319, 0x5F19, 0x6319, 0x5F1A, 0x6319, 0x5F1A, 0x6339, 
    0x631A, 0x5F19, 0x675B, 0x5294, 0x41CF, 0x51EF, 0x5A95, 0x77BD, 0x6B9D, 0x6B5B, 0x6B5B, 0x6F7B, 0x6B5C, 0x6B7B, 0x6B5C, 0x6B7B, 
    0x6B5C, 0x6B7B, 0x6B5C, 0x6B7B, 0x675C, 0x6F7C, 0x6F7C, 0x6719, 0x6F7B, 0x739B, 0x739D, 0x739C, 0x6B7D, 0x6B7C, 0x6B5C, 0x6B7B, 
    0x675C, 0x6B7B, 0x6B5C, 0x6B7B, 0x6B5C, 0x6B7B, 0x6B5C, 0x6B7B, 0x6B5C, 0x6B7B, 0x6B5C, 0x6B7C, 0x6B5C, 0x6B7B, 0x6B5C, 0x6F7C, 
    0x6B5C, 0x6F7B, 0x6B7C, 0x6F7C, 0x6B7C, 0x6F7B, 0x6B7C, 0x6F7C, 0x6B7C, 0x6F7C, 0x6B7C, 0x6F7C, 0x6B7C, 0x6F7B, 0x6B7C, 0x6F7B, 
    0x61AD, 0x6A72, 0x6B7D, 0x6F7C, 0x6B7C, 0x6F7C, 0x6B7C, 0x6F7C, 0x6B7C, 0x6F7C, 0x6B7C, 0x6F7C, 0x6B7D, 0x6F7C, 0x6B7D, 0x6F7C, 
    0x6F9C, 0x6B7C, 0x6F9C, 0x6B7C, 0x6F9C, 0x6B7C, 0x6B9C, 0x66F8, 0x6F5B, 0x6B7C, 0x6F9C, 0x6B7C, 0x6F9C, 0x6B7C, 0x6F9C, 0x6B7C, 
    0x6F9C, 0x6B7C, 0x6B7C, 0x6B7C, 0x6B7B, 0x6B7C, 0x6B7B, 0x6B5C, 0x6B7B, 0x6B7C, 0x6B7B, 0x677C, 0x6B7B, 0x675B, 0x6B7B, 0x52B7, 
    0x35CE, 0x316D, 0x358D, 0x18C6, 0x3882, 0x5462, 0x5861, 0x5462, 0x5861, 0x5861, 0x5861, 0x5861, 0x5C61, 0x5C61, 0x6061, 0x6061, 
    0x6461, 0x6461, 0x4C61, 0x3484, 0x5CA4, 0x6C62, 0x7080, 0x7081, 0x7481, 0x7481, 0x78A1, 0x78A2, 0x78C2, 0x78C4, 0x7800, 0x7527, 
    0x7B58, 0x73BD, 0x6B5A, 0x6339, 0x675A, 0x673B, 0x675A, 0x675B, 0x675A, 0x675B, 0x675A, 0x675B, 0x675A, 0x675B, 0x675B, 0x675B, 
    0x675B, 0x675B, 0x675A, 0x675B, 0x675B, 0x673B, 0x675A, 0x675B, 0x675A, 0x675B, 0x675A, 0x673B, 0x675A, 0x675B, 0x675A, 0x675B, 
    0x675B, 0x675B, 0x675A, 0x635B, 0x675A, 0x675B, 0x675A, 0x675B, 0x675A, 0x673B, 0x675A, 0x6B7C, 0x6B17, 0x4000, 0x6318, 0x6B9D, 
    0x6B7C, 0x6B7C, 0x6B7C, 0x677C, 0x6B7C, 0x675B, 0x677B, 0x675C, 0x6B7C, 0x6B7C, 0x6F9C, 0x6B7C, 0x73DE, 0x6ED7, 0x4C83, 0x52B7, 
    0x6339, 0x5F19, 0x6339, 0x5F19, 0x6339, 0x5F1A, 0x6339, 0x5F1A, 0x6339, 0x5F19, 0x6339, 0x5F19, 0x6339, 0x5F19, 0x6339, 0x5F1A, 
    0x6339, 0x5F19, 0x5F39, 0x5F19, 0x5F19, 0x5F19, 0x5F19, 0x5F19, 0x5F18, 0x5F19, 0x5F19, 0x5F19, 0x5F19, 0x5F1A, 0x6339, 0x5F19, 
    0x5F18, 0x5F19, 0x5F38, 0x5F19, 0x6319, 0x5F19, 0x6318, 0x5F19, 0x6319, 0x5F19, 0x6318, 0x5F19, 0x6339, 0x5F19, 0x6339, 0x5F1A, 
    0x5F39, 0x677C, 0x6338, 0x1484, 0x1465, 0x252B, 0x356D, 0x5253, 0x6F5A, 0x73BD, 0x6F9C, 0x675C, 0x6B7B, 0x6B7C, 0x6B7B, 0x6B7C, 
    0x6B7B, 0x6B5B, 0x6B7B, 0x6B7C, 0x77BD, 0x6F9D, 0x5F18, 0x4A55, 0x4A73, 0x45EF, 0x5E71, 0x62D6, 0x6B38, 0x6F7B, 0x739B, 0x6F7B, 
    0x739C, 0x6B9C, 0x6B7B, 0x6B5B, 0x6B7B, 0x6B7C, 0x6B7B, 0x6B7C, 0x6B7B, 0x6B7C, 0x6B7B, 0x6B7C, 0x6B7B, 0x6B7C, 0x6B7B, 0x6B7C, 
    0x6B7B, 0x6B7C, 0x6B7B, 0x6B7C, 0x6B7B, 0x6B7C, 0x6B7B, 0x6B7C, 0x6F7B, 0x6B7C, 0x6F9B, 0x6B7C, 0x6F9B, 0x6B7C, 0x6F7C, 0x6B9C, 
    0x62D5, 0x5DCD, 0x6F7B, 0x6B7C, 0x6F7C, 0x6B7C, 0x6F7C, 0x6B7C, 0x6F7C, 0x6B7C, 0x6F9C, 0x6B7C, 0x6F9C, 0x6B7D, 0x6F9C, 0x6B7C, 
    0x6F7C, 0x6F7C, 0x6B5C, 0x6F7C, 0x6B7C, 0x6F7C, 0x6F7D, 0x6B3A, 0x6AF9, 0x6F9D, 0x6F7D, 0x6F7C, 0x6F7D, 0x6F9C, 0x6F7D, 0x6F7C, 
    0x6B7D, 0x6F7C, 0x6B7D, 0x6F7C, 0x6B7C, 0x6F7C, 0x6B5C, 0x6F7C, 0x6B5C, 0x6B7C, 0x6B5C, 0x6B7C, 0x6B5C, 0x6B5B, 0x6B5C, 0x6B5B, 
    0x5AF9, 0x41F1, 0x2D4C, 0x1063, 0x2D09, 0x44C6, 0x5462, 0x5861, 0x5842, 0x5861, 0x5841, 0x5C61, 0x5842, 0x5C61, 0x5C42, 0x6061, 
    0x6062, 0x6461, 0x6462, 0x5C61, 0x3863, 0x4CA4, 0x6884, 0x7080, 0x7062, 0x7481, 0x7882, 0x7CA2, 0x7882, 0x7CA2, 0x78C5, 0x7C00, 
    0x7400, 0x76B4, 0x779D, 0x739C, 0x673A, 0x6B3A, 0x673B, 0x6B5A, 0x673B, 0x6B5B, 0x673B, 0x6B5B, 0x675B, 0x6B5B, 0x673B, 0x6B5B, 
    0x673C, 0x6B5B, 0x673B, 0x675B, 0x673B, 0x675A, 0x673B, 0x675B, 0x673B, 0x675B, 0x673B, 0x675B, 0x673B, 0x675B, 0x673B, 0x675B, 
    0x673B, 0x6B5B, 0x673B, 0x675A, 0x673B, 0x673B, 0x673B, 0x6B5A, 0x673B, 0x6B5A, 0x673B, 0x6F7C, 0x5E32, 0x494B, 0x6B5C, 0x6F7C, 
    0x6B5C, 0x6B7C, 0x675C, 0x6B5B, 0x6B5C, 0x6B7C, 0x6B7D, 0x6F7C, 0x6F7D, 0x6F9C, 0x6F7D, 0x6F9C, 0x779D, 0x658B, 0x49CF, 0x6319, 
    0x631A, 0x6319, 0x631A, 0x6319, 0x631A, 0x6339, 0x631A, 0x6319, 0x631A, 0x6319, 0x631A, 0x631A, 0x5F1A, 0x6319, 0x5F1A, 0x6319, 
    0x5F1A, 0x6319, 0x5F1A, 0x6319, 0x5F1A, 0x6319, 0x5EF9, 0x6319, 0x5EF9, 0x6319, 0x5F1A, 0x6319, 0x5EF9, 0x6319, 0x5F1A, 0x6319, 
    0x5F19, 0x6319, 0x5F19, 0x6319, 0x5EF9, 0x6319, 0x631A, 0x6319, 0x631A, 0x6319, 0x5F1A, 0x6319, 0x631A, 0x6319, 0x5F1A, 0x675B, 
    0x6B7D, 0x62F7, 0x1801, 0x318C, 0x4A54, 0x35AD, 0x294B, 0x35AF, 0x3D4D, 0x5E52, 0x6F3A, 0x77BD, 0x6F7D, 0x6B5B, 0x6B5C, 0x6F7B, 
    0x6B5B, 0x6F7B, 0x739E, 0x77BD, 0x673B, 0x4E74, 0x3DD0, 0x316A, 0x39AF, 0x4E53, 0x5274, 0x5694, 0x5654, 0x5A73, 0x5A53, 0x4D8C, 
    0x55CE, 0x6F18, 0x739D, 0x6F9C, 0x6B5C, 0x6B5B, 0x6B5C, 0x6B7C, 0x6B5C, 0x6B7B, 0x6B5C, 0x6B7B, 0x6B5C, 0x6B7C, 0x6B5C, 0x6F7C, 
    0x6B5C, 0x6F7C, 0x6B5C, 0x6F7C, 0x6B7C, 0x6F7C, 0x6B7C, 0x6F7C, 0x6B7C, 0x6F7C, 0x6F7C, 0x6F7C, 0x6F7C, 0x6F7C, 0x6F7C, 0x6F7C, 
    0x6B3B, 0x620E, 0x6F19, 0x6F7C, 0x6B5C, 0x6F7C, 0x6B7D, 0x6F7C, 0x6B7C, 0x6F7C, 0x6F7D, 0x6F7C, 0x6F7D, 0x6F7C, 0x6F7D, 0x6F7C, 
    0x6F7C, 0x6B7C, 0x6F7C, 0x6B7C, 0x6F9C, 0x6B7C, 0x6F9C, 0x6B7C, 0x66D6, 0x6B5B, 0x6F9C, 0x6B7C, 0x6F9C, 0x6B7D, 0x6F9C, 0x6B7C, 
    0x6F9C, 0x6B7D, 0x6F9C, 0x6B7C, 0x6F9C, 0x6B7C, 0x6B7C, 0x6B7C, 0x6B7C, 0x6B7C, 0x6B7B, 0x675C, 0x6B7B, 0x6B5C, 0x6B7B, 0x675B, 
    0x675A, 0x5AF8, 0x1CE7, 0x1CC7, 0x314A, 0x2D2A, 0x3CE7, 0x5063, 0x5861, 0x5462, 0x5861, 0x5461, 0x5861, 0x5861, 0x5C61, 0x5C61, 
    0x6061, 0x5C61, 0x6061, 0x6462, 0x6461, 0x4862, 0x38A4, 0x5CA5, 0x7081, 0x7061, 0x7481, 0x7482, 0x78A1, 0x7882, 0x7CA2, 0x78A4, 
    0x7CA3, 0x7400, 0x71CD, 0x735B, 0x77DE, 0x6B5B, 0x6739, 0x673A, 0x675A, 0x673B, 0x675A, 0x675B, 0x675A, 0x675B, 0x675B, 0x675B, 
    0x675B, 0x675B, 0x675B, 0x675B, 0x675A, 0x673B, 0x675A, 0x673B, 0x675A, 0x673B, 0x675A, 0x673B, 0x675A, 0x675B, 0x675B, 0x675B, 
    0x675A, 0x675B, 0x675B, 0x673B, 0x675A, 0x673B, 0x675A, 0x673B, 0x675A, 0x673B, 0x675A, 0x6B5A, 0x5149, 0x5653, 0x6B7C, 0x675B, 
    0x675B, 0x675B, 0x6B7C, 0x6B7C, 0x6F9C, 0x6F7D, 0x6F9C, 0x6F7D, 0x6F9C, 0x6F7D, 0x6F7C, 0x6FBE, 0x7317, 0x5040, 0x56B5, 0x631A, 
    0x6319, 0x631A, 0x6339, 0x5F1A, 0x6339, 0x631A, 0x6339, 0x5F1A, 0x6339, 0x5F1A, 0x6339, 0x5F1A, 0x6339, 0x5F19, 0x6319, 0x5F1A, 
    0x6319, 0x5F1A, 0x6319, 0x5F19, 0x6319, 0x5F19, 0x5F18, 0x5F19, 0x5F19, 0x5F19, 0x5F19, 0x5F19, 0x5F19, 0x5F19, 0x5F19, 0x5F19, 
    0x6319, 0x5F19, 0x5F18, 0x5F19, 0x6319, 0x5F19, 0x6319, 0x5F19, 0x6319, 0x5F19, 0x6339, 0x5F1A, 0x5F19, 0x633A, 0x6B7B, 0x6719, 
    0x49CD, 0x28E8, 0x5295, 0x673B, 0x6B5B, 0x673B, 0x5AD6, 0x3DF1, 0x2D8D, 0x292C, 0x4108, 0x5E52, 0x777A, 0x73BE, 0x6F7C, 0x6B5C, 
    0x73BC, 0x77BE, 0x6B7A, 0x52B6, 0x4211, 0x316C, 0x41EF, 0x5295, 0x5EF8, 0x5F19, 0x5F19, 0x5F1A, 0x5F19, 0x5F19, 0x5EF8, 0x5AD7, 
    0x5253, 0x452A, 0x59CD, 0x6AF8, 0x739C, 0x6F9D, 0x6B7B, 0x6B5C, 0x6B7B, 0x675C, 0x6B7B, 0x6B7C, 0x6B7B, 0x6B7C, 0x6B7B, 0x6B7C, 
    0x6B7B, 0x6B7C, 0x6B7B, 0x6B7C, 0x6F7C, 0x6B7C, 0x6F7B, 0x6B7C, 0x6F7C, 0x6B7C, 0x6F7C, 0x6B7C, 0x6F7C, 0x6B7C, 0x6F9C, 0x6B7C, 
    0x6F9C, 0x6210, 0x6AB5, 0x6B7D, 0x6F7C, 0x6B7C, 0x6F7C, 0x6B7C, 0x6F9C, 0x6B7C, 0x6F9C, 0x6B7C, 0x6F9C, 0x6B7D, 0x6F9C, 0x6B7D, 
    0x6B7C, 0x6F7C, 0x6B7C, 0x6F7C, 0x6F7C, 0x6F9C, 0x6B7C, 0x6F9C, 0x6B3A, 0x66D7, 0x6B7D, 0x6F7C, 0x6B7D, 0x6F9C, 0x6B7D, 0x6F9C, 
    0x6B7D, 0x6F9C, 0x6B7D, 0x6F7C, 0x6B7C, 0x6F7C, 0x6B7C, 0x6F7C, 0x6B7C, 0x6F7C, 0x6B7C, 0x6B7B, 0x6B5C, 0x6B7B, 0x6B5C, 0x675A, 
    0x5AD8, 0x56B5, 0x14C6, 0x39D0, 0x316D, 0x314A, 0x2D2A, 0x3508, 0x4485, 0x5461, 0x5462, 0x5861, 0x5441, 0x5861, 0x5841, 0x5C61, 
    0x5C61, 0x6061, 0x6062, 0x6061, 0x6062, 0x6861, 0x5841, 0x38A4, 0x4CC6, 0x6CA3, 0x7060, 0x7481, 0x7482, 0x7CA2, 0x7882, 0x7CA2, 
    0x78A3, 0x7CC4, 0x7800, 0x7480, 0x6ED6, 0x77DE, 0x739D, 0x6739, 0x673A, 0x6B5B, 0x673B, 0x6B5A, 0x673B, 0x6B5A, 0x673B, 0x6B5B, 
    0x673B, 0x6B5B, 0x675B, 0x6B5B, 0x675B, 0x675A, 0x673B, 0x675B, 0x673B, 0x675A, 0x673B, 0x675B, 0x673B, 0x675B, 0x673B, 0x675B, 
    0x673B, 0x675B, 0x673B, 0x675A, 0x673B, 0x6B5B, 0x673B, 0x6B5A, 0x673B, 0x6B5A, 0x675B, 0x6AF7, 0x4800, 0x5ED7, 0x673C, 0x6B5B, 
    0x6B5C, 0x6F7C, 0x6B7C, 0x6F9C, 0x6F7D, 0x6F9C, 0x6F7D, 0x6F9C, 0x6F7D, 0x6F9C, 0x6B7D, 0x77BD, 0x61CE, 0x49CE, 0x5EF9, 0x6339, 
    0x631A, 0x6339, 0x631A, 0x6339, 0x631A, 0x6339, 0x5F1A, 0x6339, 0x631A, 0x6339, 0x5F1A, 0x6339, 0x5F1A, 0x6319, 0x5F19, 0x6319, 
    0x5F1A, 0x6319, 0x5F19, 0x6319, 0x5EF9, 0x5F19, 0x5EF9, 0x6319, 0x5EF9, 0x6319, 0x5F19, 0x5F19, 0x5F19, 0x6319, 0x5EF9, 0x5F18, 
    0x5EF9, 0x6319, 0x5F19, 0x6319, 0x5F19, 0x6319, 0x5F1A, 0x6319, 0x5F1A, 0x6319, 0x5EF9, 0x633A, 0x6B5B, 0x6B39, 0x5210, 0x3907, 
    0x4E33, 0x673A, 0x6B5C, 0x6B5B, 0x673B, 0x6B5B, 0x675C, 0x675B, 0x56B6, 0x35AD, 0x1D2A, 0x3109, 0x492A, 0x6AB4, 0x779D, 0x7BFE, 
    0x739C, 0x5AD6, 0x398F, 0x3DCF, 0x4210, 0x5295, 0x5EF8, 0x5F19, 0x5EF9, 0x5F19, 0x5EF9, 0x6319, 0x5EF9, 0x6319, 0x5F19, 0x6319, 
    0x5F1A, 0x5F19, 0x5254, 0x492A, 0x558C, 0x6ED6, 0x737B, 0x73BC, 0x6B7C, 0x6B7B, 0x6B5C, 0x6B7B, 0x6B5C, 0x6B7B, 0x6B5C, 0x6B7C, 
    0x6B7C, 0x6B7B, 0x6B7C, 0x6F7B, 0x6B7C, 0x6F7C, 0x6B5C, 0x6F7C, 0x6B7C, 0x6F7C, 0x6B7C, 0x6F7C, 0x6B7C, 0x6F7C, 0x6B7C, 0x6F7C, 
    0x6F7D, 0x66B5, 0x5DAE, 0x6F7B, 0x6B7C, 0x6F7C, 0x6B7D, 0x6F7C, 0x6B7C, 0x6F7C, 0x6F7D, 0x6F9C, 0x6B7C, 0x6F9C, 0x6F7D, 0x6F9C, 
    0x6F9C, 0x6B7C, 0x6F9C, 0x6B7C, 0x6F9C, 0x6B7C, 0x6F9C, 0x6B7C, 0x6F7B, 0x66F8, 0x6F9C, 0x6B7C, 0x6B7B, 0x6B7C, 0x6F9C, 0x6B7C, 
    0x6F9C, 0x6B7C, 0x6F9C, 0x6B7C, 0x6F9C, 0x6B7C, 0x6F9C, 0x6B7C, 0x6B7C, 0x6B7C, 0x6B9C, 0x6B7C, 0x6B7B, 0x675C, 0x6B7B, 0x675B, 
    0x6339, 0x4EB5, 0x1D08, 0x52D8, 0x4653, 0x316D, 0x354A, 0x2D4B, 0x2D28, 0x40A5, 0x5461, 0x5062, 0x5461, 0x5461, 0x5861, 0x5861, 
    0x5C61, 0x5C61, 0x5C61, 0x5C61, 0x6081, 0x6061, 0x6861, 0x6461, 0x4482, 0x38C5, 0x64E5, 0x7482, 0x7480, 0x7482, 0x78A1, 0x7882, 
    0x7CA1, 0x78A2, 0x7CE3, 0x78A2, 0x7400, 0x69EF, 0x779B, 0x77DE, 0x6B7A, 0x673A, 0x675A, 0x675B, 0x675A, 0x675B, 0x675A, 0x675B, 
    0x675A, 0x675B, 0x675A, 0x675B, 0x675B, 0x675B, 0x675A, 0x675B, 0x675A, 0x675B, 0x675A, 0x635B, 0x675A, 0x675B, 0x675A, 0x675B, 
    0x675A, 0x675B, 0x675A, 0x675B, 0x675A, 0x675B, 0x675A, 0x675A, 0x675A, 0x673A, 0x6B7B, 0x5610, 0x4949, 0x633B, 0x6B7C, 0x6B7C, 
    0x6F9C, 0x6B7C, 0x6F9C, 0x6B9D, 0x6F9C, 0x6B9D, 0x6F9C, 0x6F9D, 0x6F9C, 0x6B7C, 0x73BD, 0x7339, 0x50A2, 0x5295, 0x6339, 0x5F19, 
    0x6339, 0x5F19, 0x6339, 0x5F19, 0x6339, 0x5F1A, 0x6339, 0x5F19, 0x6339, 0x5F1A, 0x6339, 0x5F1A, 0x6339, 0x5F1A, 0x6339, 0x5F19, 
    0x5F39, 0x5F19, 0x5F39, 0x5F19, 0x5F19, 0x5F19, 0x5F18, 0x5F19, 0x5F18, 0x5F19, 0x5F19, 0x5F19, 0x5F19, 0x5F19, 0x5F18, 0x5F19, 
    0x5F18, 0x5F19, 0x5F18, 0x5F19, 0x6339, 0x5F19, 0x6319, 0x5F19, 0x5F18, 0x5F1A, 0x675A, 0x6739, 0x5A51, 0x3D29, 0x4E31, 0x6319, 
    0x6B7B, 0x675B, 0x6B5A, 0x675B, 0x6B7B, 0x675B, 0x675A, 0x675B, 0x6B7B, 0x6339, 0x4E93, 0x318D, 0x1509, 0x3485, 0x5DEE, 0x5ED6, 
    0x4651, 0x358C, 0x41EE, 0x4E94, 0x5AF7, 0x5EF9, 0x5F18, 0x5F19, 0x5F19, 0x5F19, 0x5F19, 0x5F19, 0x5F19, 0x5F19, 0x5F19, 0x5F19, 
    0x5F19, 0x5F1A, 0x633A, 0x5F19, 0x5673, 0x4D2A, 0x5948, 0x6A94, 0x737A, 0x739C, 0x6F9B, 0x6B5B, 0x6B7B, 0x6B7C, 0x6B7B, 0x6B7C, 
    0x6B7B, 0x6B7C, 0x6B7C, 0x6B7C, 0x6B7B, 0x6B7C, 0x6B7B, 0x6B7C, 0x6B7B, 0x6B7C, 0x6F7B, 0x6B7C, 0x6F9B, 0x6B7C, 0x6F9B, 0x6B7C, 
    0x6F9C, 0x6B3A, 0x65CB, 0x6F39, 0x6B9C, 0x6B7C, 0x6F9C, 0x6B7C, 0x6F9C, 0x6B7C, 0x6F9C, 0x6B7C, 0x6F9C, 0x6B7C, 0x6F9C, 0x6B7C, 
    0x6F7D, 0x6F7C, 0x6F7D, 0x6F7C, 0x6F7D, 0x6F7C, 0x6F7D, 0x6F9C, 0x6B5C, 0x6AF8, 0x6F7D, 0x6F7C, 0x6B7D, 0x6F7C, 0x6F7D, 0x6F7C, 
    0x6F7D, 0x6F7C, 0x6F7D, 0x6F7C, 0x6F7D, 0x6F7C, 0x6B7D, 0x6F7C, 0x6B7C, 0x6F7C, 0x6B7D, 0x6F7C, 0x6B5C, 0x6F7C, 0x6B5C, 0x6B5B, 
    0x6B7D, 0x56D6, 0x2D6E, 0x6319, 0x5AF9, 0x52B6, 0x358F, 0x356B, 0x314C, 0x3129, 0x4085, 0x5461, 0x5442, 0x5461, 0x5442, 0x5861, 
    0x5841, 0x5C61, 0x5C42, 0x6061, 0x6062, 0x6461, 0x6462, 0x6861, 0x6862, 0x5C61, 0x34A5, 0x58E6, 0x74A5, 0x7860, 0x7482, 0x78A2, 
    0x7882, 0x7CA2, 0x7CA2, 0x7CA3, 0x7CC5, 0x7800, 0x6CC6, 0x72F7, 0x77BE, 0x739C, 0x673A, 0x6B3A, 0x673B, 0x6B5B, 0x673B, 0x6B5B, 
    0x673B, 0x6B5B, 0x673B, 0x6B5B, 0x673B, 0x6B5B, 0x673B, 0x675B, 0x673B, 0x6B5B, 0x673B, 0x6B5B, 0x673B, 0x6B5B, 0x673B, 0x6B5B, 
    0x673B, 0x6B5B, 0x673B, 0x675A, 0x673B, 0x675B, 0x673B, 0x675A, 0x673B, 0x675B, 0x6B3A, 0x4CA3, 0x5A75, 0x6F9D, 0x6B7C, 0x6F9C, 
    0x6F7D, 0x6F9C, 0x6F7D, 0x6F9D, 0x6F7D, 0x6F9D, 0x6F7D, 0x6F7D, 0x6F7D, 0x6F9C, 0x77BE, 0x65EF, 0x498D, 0x5EF9, 0x631A, 0x6319, 
    0x631A, 0x633A, 0x631A, 0x6319, 0x631A, 0x6339, 0x631A, 0x6339, 0x5F1A, 0x631A, 0x631A, 0x6319, 0x5F1A, 0x6319, 0x631A, 0x6319, 
    0x631A, 0x6319, 0x631A, 0x6319, 0x5F1A, 0x6319, 0x5EF9, 0x6319, 0x5EF9, 0x6319, 0x5F1A, 0x6319, 0x5EF9, 0x6319, 0x5EFA, 0x6319, 
    0x5EF9, 0x6319, 0x5F19, 0x6319, 0x631A, 0x6319, 0x5EF9, 0x6319, 0x673B, 0x6F5A, 0x5E74, 0x4549, 0x4E11, 0x6719, 0x6B5C, 0x6B7B, 
    0x675B, 0x6B5B, 0x6B5C, 0x6B5B, 0x6B5C, 0x6B5B, 0x6B5C, 0x6B5B, 0x675C, 0x6B7B, 0x6B5C, 0x6339, 0x4E73, 0x35AE, 0x496D, 0x3000, 
    0x296C, 0x5AB6, 0x5AD8, 0x5EF8, 0x5EF9, 0x6319, 0x5EF9, 0x6319, 0x5EFA, 0x6319, 0x5F1A, 0x6319, 0x5EFA, 0x6319, 0x5F1A, 0x6319, 
    0x5F1A, 0x6319, 0x5F1A, 0x6319, 0x631A, 0x5F19, 0x5274, 0x518B, 0x54E7, 0x6A0F, 0x72F7, 0x777B, 0x6F7C, 0x6F7B, 0x6B5B, 0x6F5B, 
    0x6B5C, 0x6F7C, 0x6B5C, 0x6F7C, 0x6B5C, 0x6F7C, 0x6B7C, 0x6F7C, 0x6B7C, 0x6F7C, 0x6B7C, 0x6F7C, 0x6F7C, 0x6F7C, 0x6F7C, 0x6F7C, 
    0x6F5C, 0x6F9C, 0x6631, 0x6E94, 0x6F7D, 0x6F7C, 0x6B7C, 0x6F7C, 0x6F7D, 0x6F7C, 0x6F7D, 0x6F7C, 0x6F7D, 0x6F7C, 0x6F7D, 0x6F7D, 
    0x6F7C, 0x6B7C, 0x6F9C, 0x6B7D, 0x6F9C, 0x6B7C, 0x6F9C, 0x6B7C, 0x6F9C, 0x66D8, 0x6F5B, 0x6B7D, 0x6F7C, 0x6B7D, 0x6F9C, 0x6B7D, 
    0x6F9C, 0x6B7D, 0x6F9C, 0x6B7C, 0x6F9C, 0x6B7C, 0x6F9C, 0x6B7C, 0x6F7C, 0x6B7C, 0x6F7C, 0x6B7C, 0x6B7B, 0x6B7C, 0x6B7B, 0x675B, 
    0x6F9C, 0x4633, 0x4653, 0x633A, 0x675A, 0x675C, 0x5AD8, 0x35AF, 0x356B, 0x314C, 0x2D29, 0x40A5, 0x5061, 0x5062, 0x5461, 0x5442, 
    0x5861, 0x5861, 0x5C61, 0x5C61, 0x5C61, 0x6061, 0x6461, 0x6461, 0x6481, 0x6862, 0x6460, 0x4463, 0x44E6, 0x68E7, 0x7880, 0x7481, 
    0x78A2, 0x7882, 0x7CA2, 0x78A2, 0x7CA1, 0x78C4, 0x7C80, 0x7000, 0x6E2F, 0x739C, 0x77DD, 0x675A, 0x673A, 0x675B, 0x675B, 0x675B, 
    0x675B, 0x675B, 0x675B, 0x675B, 0x675B, 0x673B, 0x675A, 0x675B, 0x675B, 0x673B, 0x675A, 0x675B, 0x675B, 0x675B, 0x675A, 0x675B, 
    0x675B, 0x673B, 0x675A, 0x675B, 0x675A, 0x673B, 0x675A, 0x673B, 0x673A, 0x675B, 0x62B5, 0x4400, 0x6B5A, 0x6B7D, 0x6F9C, 0x6B7D, 
    0x6F9C, 0x6F7D, 0x6F9C, 0x6B7D, 0x6F9C, 0x6F7D, 0x6F9C, 0x6F7D, 0x6F9C, 0x73BE, 0x7759, 0x5041, 0x5694, 0x5F1A, 0x6319, 0x5F1A, 
    0x6339, 0x5F1A, 0x6339, 0x5F1A, 0x6339, 0x631A, 0x6339, 0x5F1A, 0x6339, 0x5F1A, 0x6339, 0x5F1A, 0x6339, 0x5F1A, 0x6339, 0x5F19, 
    0x6339, 0x5F19, 0x6319, 0x5F19, 0x6319, 0x5F19, 0x6319, 0x5F19, 0x5F19, 0x5F19, 0x5F19, 0x5F19, 0x5F18, 0x5F19, 0x6319, 0x5F19, 
    0x5F18, 0x5F19, 0x6319, 0x5F1A, 0x6319, 0x5F1A, 0x675A, 0x6B5B, 0x62B4, 0x496A, 0x4DEF, 0x5F19, 0x6B7B, 0x6B5C, 0x6B7B, 0x675B, 
    0x6B7B, 0x675B, 0x6B7B, 0x675B, 0x6B7B, 0x6B5C, 0x6B7B, 0x675B, 0x6B7B, 0x675B, 0x6B7B, 0x675B, 0x6B7A, 0x5EF8, 0x51AE, 0x45AE, 
    0x04C6, 0x4E96, 0x6319, 0x5AD8, 0x5F18, 0x5F19, 0x6319, 0x5F19, 0x5F19, 0x5F19, 0x6319, 0x5F19, 0x5F19, 0x5F1A, 0x6319, 0x5F19, 
    0x6339, 0x5F1A, 0x6339, 0x5F19, 0x6319, 0x5F1A, 0x6339, 0x5AF9, 0x56B5, 0x4DCF, 0x5506, 0x618C, 0x72D5, 0x737B, 0x739C, 0x6F7B, 
    0x6F7B, 0x6B7C, 0x6B7B, 0x6B5C, 0x6B7B, 0x6B7C, 0x6B7B, 0x6B7C, 0x6B7B, 0x6B7C, 0x6F7C, 0x6B7C, 0x6F7C, 0x6B7C, 0x6F7C, 0x6B7C, 
    0x6F7B, 0x6F9D, 0x6AD6, 0x616B, 0x737B, 0x6B7C, 0x6F7C, 0x6B7C, 0x6F9C, 0x6B7C, 0x6F9C, 0x6B7C, 0x6F9C, 0x6B7C, 0x6F9C, 0x6B7D, 
    0x6B7C, 0x6F7C, 0x6B7C, 0x6F9C, 0x6F7D, 0x6F9C, 0x6F7D, 0x6F9C, 0x6F7D, 0x6F5A, 0x66F8, 0x6F9D, 0x6B7C, 0x6F7C, 0x6F7D, 0x6F9C, 
    0x6F7D, 0x6F9C, 0x6F7D, 0x6F7C, 0x6F7D, 0x6F9C, 0x6B7D, 0x6F7C, 0x6B7D, 0x6F7C, 0x6B7C, 0x6F7C, 0x6B5C, 0x6F7C, 0x6B7C, 0x6B7B, 
    0x6B7C, 0x3E10, 0x5AF9, 0x675B, 0x673B, 0x6B7B, 0x6B5C, 0x5AF8, 0x39D0, 0x316C, 0x314C, 0x3129, 0x3CA6, 0x4C61, 0x5042, 0x5461, 
    0x5442, 0x5861, 0x5862, 0x5C61, 0x5C61, 0x6061, 0x6061, 0x6461, 0x6462, 0x6861, 0x6862, 0x6C61, 0x5841, 0x38E6, 0x5D29, 0x74C4, 
    0x7460, 0x78A2, 0x7882, 0x7CA1, 0x7882, 0x7CA1, 0x78A3, 0x7CC4, 0x7400, 0x6D07, 0x6F18, 0x7BDE, 0x6F7C, 0x673A, 0x673B, 0x675B, 
    0x675B, 0x675B, 0x675B, 0x6B5B, 0x673B, 0x675B, 0x673B, 0x6B5B, 0x673B, 0x675B, 0x673B, 0x675B, 0x673B, 0x675B, 0x673B, 0x675B, 
    0x673B, 0x675B, 0x673B, 0x675A, 0x673B, 0x675A, 0x673B, 0x675A, 0x633B, 0x6B7B, 0x51AE, 0x51CE, 0x6F7D, 0x6F9C, 0x6B7C, 0x6F9C, 
    0x6F7D, 0x6F9C, 0x6F7D, 0x6F9D, 0x6F7D, 0x6F9D, 0x6F7D, 0x6F9C, 0x6B7D, 0x7BDE, 0x6611, 0x496B, 0x5AF9, 0x6339, 0x5F1A, 0x6339, 
    0x631A, 0x6339, 0x631A, 0x633A, 0x631A, 0x633A, 0x5F1A, 0x6339, 0x5F1A, 0x6339, 0x5F1A, 0x6339, 0x5F1A, 0x6319, 0x5F1A, 0x6319, 
    0x5F1A, 0x6319, 0x5F1A, 0x6319, 0x5F19, 0x6319, 0x5F1A, 0x6319, 0x5F19, 0x6319, 0x5F1A, 0x6319, 0x5F19, 0x6319, 0x5EF9, 0x5F19, 
    0x5F1A, 0x6319, 0x5EF9, 0x5F19, 0x633B, 0x6F5B, 0x66B6, 0x4D8B, 0x49AE, 0x62F7, 0x6B7C, 0x6B7C, 0x675B, 0x6B5B, 0x6B5C, 0x6B7B, 
    0x6B5C, 0x6B7B, 0x6B5C, 0x6B7B, 0x6B5C, 0x6B7B, 0x6B5B, 0x6B7B, 0x6B5B, 0x6B7B, 0x6B5C, 0x6B5B, 0x675B, 0x6F7B, 0x5DF1, 0x62F8, 
    0x35F0, 0x3E10, 0x5F19, 0x5EF8, 0x5F19, 0x6319, 0x5EF9, 0x6319, 0x5EF9, 0x6319, 0x5F19, 0x6319, 0x5F19, 0x6319, 0x5F1A, 0x6319, 
    0x5F1A, 0x6339, 0x631A, 0x6339, 0x631A, 0x6339, 0x631A, 0x6339, 0x631A, 0x6319, 0x5AD7, 0x5652, 0x552A, 0x5D49, 0x6A73, 0x7739, 
    0x6F7C, 0x6B7B, 0x6B7C, 0x6F7C, 0x6B7C, 0x6F7C, 0x6B5C, 0x6F7B, 0x6B7C, 0x6F7C, 0x6B7C, 0x6F7C, 0x6B7C, 0x6F7C, 0x6B7C, 0x6F7C, 
    0x6F7C, 0x6F7C, 0x6B5B, 0x6169, 0x6EF8, 0x6F9C, 0x6B7C, 0x6F7C, 0x6F7C, 0x6F7C, 0x6F7D, 0x6F7C, 0x6B7C, 0x6F7C, 0x6F7C, 0x6F9C, 
    0x6F9C, 0x6B7C, 0x6F9C, 0x6B7C, 0x6F9C, 0x6B7C, 0x6F9C, 0x6B7C, 0x6F9C, 0x6F9D, 0x6718, 0x6B3A, 0x6F9C, 0x6B7C, 0x6F9C, 0x6B7C, 
    0x6F9C, 0x6B7D, 0x6F9C, 0x6B7C, 0x6F9C, 0x6B7C, 0x6F9C, 0x6B7C, 0x6F9C, 0x6B7C, 0x6F9C, 0x6B7C, 0x6B7B, 0x6B7C, 0x6B7B, 0x6B7C, 
    0x675A, 0x4211, 0x633A, 0x675B, 0x6B7B, 0x675B, 0x6B7B, 0x6B7C, 0x5F39, 0x4213, 0x316C, 0x314B, 0x2D08, 0x30A5, 0x4461, 0x4C61, 
    0x5061, 0x5061, 0x5461, 0x5461, 0x5861, 0x5C61, 0x6061, 0x6061, 0x6481, 0x6461, 0x6481, 0x6861, 0x6C81, 0x6440, 0x40C4, 0x4929, 
    0x7106, 0x7480, 0x74A1, 0x78A2, 0x78A1, 0x7881, 0x7CA1, 0x78A2, 0x78C3, 0x7460, 0x6C00, 0x6A51, 0x77BC, 0x73BD, 0x675A, 0x673A, 
    0x675A, 0x675B, 0x675A, 0x675B, 0x675A, 0x675B, 0x675A, 0x675B, 0x675B, 0x675B, 0x675A, 0x675B, 0x675A, 0x675B, 0x675A, 0x675B, 
    0x675B, 0x675B, 0x675A, 0x675B, 0x675A, 0x675B, 0x675A, 0x675B, 0x675B, 0x6719, 0x4800, 0x5EB6, 0x6F9C, 0x6B7C, 0x6B9C, 0x6B7C, 
    0x6F9C, 0x6B7D, 0x6F9C, 0x6B7D, 0x6F9C, 0x6B7D, 0x6F9C, 0x6B7C, 0x73BD, 0x735A, 0x54A3, 0x5274, 0x6339, 0x5F19, 0x6339, 0x5F1A, 
    0x6339, 0x5F1A, 0x6339, 0x5F1A, 0x633A, 0x5F1A, 0x6339, 0x5F1A, 0x6339, 0x5F1A, 0x6339, 0x5F19, 0x6339, 0x5F19, 0x6339, 0x5F19, 
    0x6339, 0x5F19, 0x6339, 0x5F19, 0x5F19, 0x5F19, 0x5F19, 0x5F19, 0x5F19, 0x5F19, 0x5F39, 0x5F19, 0x5F19, 0x5F19, 0x5F19, 0x5F1A, 
    0x5F19, 0x5F19, 0x635A, 0x6B5B, 0x66D6, 0x4D8C, 0x49AC, 0x5AD7, 0x6B7B, 0x6B7C, 0x6B7B, 0x675B, 0x6B7B, 0x675B, 0x6B7B, 0x675B, 
    0x6B7B, 0x675B, 0x6B7B, 0x675B, 0x6B7B, 0x675B, 0x6B7B, 0x675B, 0x6B7B, 0x6B5B, 0x6B7B, 0x675B, 0x6F9C, 0x66B6, 0x6293, 0x675B, 
    0x4E95, 0x2DAE, 0x6318, 0x5EF9, 0x5F18, 0x5F19, 0x5F19, 0x5F19, 0x5F18, 0x5F19, 0x5F19, 0x5F19, 0x5F18, 0x5F19, 0x6339, 0x5F19, 
    0x6339, 0x5F1A, 0x6339, 0x5F19, 0x6339, 0x633A, 0x6339, 0x633A, 0x6339, 0x5F19, 0x6339, 0x5F3A, 0x5F18, 0x5674, 0x518B, 0x594A, 
    0x6F5A, 0x6F9D, 0x6F7B, 0x6B7C, 0x6B7B, 0x6B7C, 0x6B7B, 0x6B7C, 0x6B7C, 0x6B7C, 0x6F7B, 0x6B7C, 0x6F9C, 0x6B7C, 0x6F9C, 0x6B7C, 
    0x6F9B, 0x6B7C, 0x6F9C, 0x6231, 0x6A72, 0x6B7C, 0x6F7C, 0x6B7C, 0x6F9C, 0x6B7C, 0x6F9C, 0x6B7C, 0x6F9C, 0x6B7C, 0x6F9C, 0x6B7C, 
    0x6F7D, 0x6F7C, 0x6F7D, 0x6F7C, 0x6F7D, 0x6F7C, 0x6F7D, 0x6F7C, 0x6F7D, 0x6F9D, 0x6F5C, 0x6AF8, 0x6F7D, 0x6F7C, 0x6F7D, 0x6F9C, 
    0x6F7D, 0x6F9C, 0x6F7D, 0x6F7C, 0x6F7D, 0x6F7C, 0x6F7D, 0x6F7C, 0x6F7D, 0x6F7C, 0x6B7C, 0x6F7C, 0x6F7D, 0x6F7C, 0x6B5C, 0x6F7C, 
    0x5EF9, 0x4632, 0x6B5C, 0x6B5B, 0x6B5C, 0x6B7B, 0x6B5C, 0x6F7C, 0x6B7C, 0x673B, 0x4634, 0x356D, 0x2D2B, 0x1884, 0x2C22, 0x4062, 
    0x4862, 0x5061, 0x5062, 0x5861, 0x5841, 0x5C61, 0x5C41, 0x6061, 0x6062, 0x6461, 0x6462, 0x6861, 0x6862, 0x7082, 0x6C41, 0x5441, 
    0x38E8, 0x6928, 0x74A3, 0x7480, 0x7482, 0x7881, 0x7882, 0x78A1, 0x7882, 0x78A3, 0x74A4, 0x7000, 0x6129, 0x6F18, 0x77BE, 0x6F7C, 
    0x673B, 0x6B5B, 0x673B, 0x6B5B, 0x673B, 0x6B5B, 0x673B, 0x6B5B, 0x673B, 0x6B5B, 0x673B, 0x675B, 0x673B, 0x6B5B, 0x673B, 0x675B, 
    0x673B, 0x6B5B, 0x673B, 0x675B, 0x673B, 0x675B, 0x673B, 0x675B, 0x675C, 0x62B5, 0x4465, 0x6B5B, 0x6F7D, 0x6F7C, 0x6B7C, 0x6F7C, 
    0x6F7D, 0x6F7C, 0x6F7D, 0x6F7C, 0x6F7D, 0x6F9C, 0x6F7D, 0x6F7C, 0x77BE, 0x6A52, 0x4D2B, 0x5EF8, 0x631A, 0x6319, 0x631A, 0x631A, 
    0x631A, 0x633A, 0x631A, 0x633A, 0x631A, 0x631A, 0x631A, 0x633A, 0x631A, 0x6319, 0x631A, 0x6319, 0x6319, 0x6319, 0x631A, 0x6319, 
    0x631A, 0x6319, 0x5F1A, 0x6319, 0x5F1A, 0x6319, 0x5F1A, 0x6319, 0x5F1A, 0x6319, 0x5EFA, 0x6319, 0x5F1A, 0x6319, 0x5F1A, 0x5F19, 
    0x633B, 0x6F5B, 0x66D7, 0x51AD, 0x458D, 0x5EB6, 0x6B5C, 0x6F7C, 0x6B5C, 0x6B5B, 0x6B5C, 0x6B5B, 0x6B5C, 0x6B7B, 0x6B5C, 0x6B7B, 
    0x6B5C, 0x6B5B, 0x6B5C, 0x6B7B, 0x6B5C, 0x6B5B, 0x6B5C, 0x6B5B, 0x6B5C, 0x6B7B, 0x6B5C, 0x6F7C, 0x6F3A, 0x6211, 0x6719, 0x6B5A, 
    0x5AD8, 0x31AE, 0x5EF9, 0x6319, 0x5EF9, 0x6319, 0x5EF9, 0x6319, 0x5EF9, 0x6319, 0x5F1A, 0x6319, 0x5F19, 0x6319, 0x5F19, 0x6319, 
    0x631A, 0x633A, 0x631A, 0x6319, 0x631A, 0x633A, 0x631A, 0x633A, 0x631A, 0x631A, 0x631A, 0x6319, 0x631A, 0x633A, 0x5F1A, 0x5AB6, 
    0x4A53, 0x5EF7, 0x6F7C, 0x739D, 0x6B5C, 0x6B7C, 0x6B5C, 0x6F7C, 0x6B5C, 0x6F7C, 0x6B7C, 0x6F7C, 0x6B7C, 0x6F7C, 0x6F7C, 0x6F7C, 
    0x6F7C, 0x6F7C, 0x6F7D, 0x6B18, 0x65EF, 0x735B, 0x6B7D, 0x6F7C, 0x6F7D, 0x6F7C, 0x6F7D, 0x6F7C, 0x6F7D, 0x6F7C, 0x6F7D, 0x6F7C, 
    0x6F9C, 0x6F7C, 0x6F9C, 0x6B7D, 0x6F9C, 0x6F7D, 0x6F9C, 0x6F7D, 0x6F9C, 0x6F7D, 0x6F9C, 0x6719, 0x6F7B, 0x6F7D, 0x6F9C, 0x6B7D, 
    0x6F9C, 0x6F7D, 0x6F9C, 0x6B7C, 0x6F9C, 0x6B7D, 0x6F9C, 0x6B7D, 0x6F9C, 0x6B7C, 0x6F9C, 0x6B7C, 0x6F9C, 0x6B7C, 0x6B7B, 0x6B7C, 
    0x56D6, 0x4E75, 0x6F7C, 0x6B5B, 0x6B7B, 0x675C, 0x6B7B, 0x675B, 0x6B7B, 0x6B7C, 0x675A, 0x4212, 0x1CE8, 0x3021, 0x5840, 0x4042, 
    0x3862, 0x4862, 0x5061, 0x5062, 0x5461, 0x5461, 0x5C61, 0x5C61, 0x6061, 0x6061, 0x6461, 0x6461, 0x6881, 0x6861, 0x6C81, 0x7062, 
    0x6020, 0x38C6, 0x5528, 0x70C5, 0x7480, 0x7082, 0x74A1, 0x7482, 0x74A1, 0x7482, 0x74A1, 0x70A4, 0x6800, 0x5800, 0x5E72, 0x739D, 
    0x77BD, 0x675B, 0x675A, 0x673B, 0x675A, 0x673B, 0x675A, 0x675B, 0x675B, 0x675B, 0x675A, 0x673B, 0x675A, 0x673B, 0x675A, 0x673B, 
    0x675B, 0x675B, 0x675A, 0x673B, 0x675A, 0x673B, 0x675A, 0x675B, 0x6B5A, 0x51AD, 0x51EF, 0x6F7D, 0x6F7C, 0x6B7C, 0x6F7B, 0x6B7C, 
    0x6F9C, 0x6B7D, 0x6F7C, 0x6B7C, 0x6F7C, 0x6B7C, 0x6F7C, 0x6F9D, 0x779B, 0x58E7, 0x5253, 0x5F1A, 0x6319, 0x631A, 0x6339, 0x631A, 
    0x6339, 0x631A, 0x6339, 0x5F1A, 0x633A, 0x5F1A, 0x6339, 0x5F1A, 0x6339, 0x5F1A, 0x6339, 0x5F19, 0x6339, 0x5F1A, 0x6339, 0x5F19, 
    0x6339, 0x5F1A, 0x6339, 0x5F1A, 0x6319, 0x5F19, 0x6319, 0x5F19, 0x6319, 0x5F19, 0x6319, 0x5F1A, 0x6319, 0x5F19, 0x635A, 0x6B7C, 
    0x6B38, 0x51CE, 0x49AC, 0x5AB6, 0x6B7B, 0x6B7C, 0x6B7B, 0x675B, 0x6B7B, 0x6B5C, 0x6B7B, 0x6B5C, 0x6B7B, 0x6B5C, 0x6B7B, 0x675C, 
    0x6B7B, 0x6B5C, 0x6B7B, 0x6B5C, 0x6B7B, 0x6B5B, 0x6B7B, 0x6B5C, 0x6B7B, 0x6B5C, 0x6B7B, 0x6F7C, 0x6251, 0x62D7, 0x675A, 0x673A, 
    0x5F18, 0x31AF, 0x6318, 0x5F19, 0x6319, 0x5F1A, 0x6319, 0x5F1A, 0x6319, 0x5F19, 0x6319, 0x5F19, 0x6319, 0x5F19, 0x6339, 0x5F1A, 
    0x6339, 0x5F1A, 0x6339, 0x631A, 0x6339, 0x631A, 0x6339, 0x631A, 0x6339, 0x631A, 0x6339, 0x5F1A, 0x6339, 0x5F19, 0x6319, 0x5F1A, 
    0x5F19, 0x52B6, 0x4E94, 0x5EF8, 0x6F9B, 0x6F9D, 0x6B7B, 0x6B5C, 0x6F7C, 0x6B7C, 0x6F7B, 0x6B7C, 0x6F7C, 0x6B7C, 0x6F7B, 0x6B7C, 
    0x6F7C, 0x6B7C, 0x6F7C, 0x6B5B, 0x61EE, 0x6AD7, 0x6F9C, 0x6B7C, 0x6F9C, 0x6F7C, 0x6F9C, 0x6B7C, 0x6F9C, 0x6B7C, 0x6F9C, 0x6B7D, 
    0x6F7D, 0x6F7C, 0x6F7D, 0x6F9C, 0x6F7D, 0x6F9C, 0x6F7D, 0x6F9C, 0x6F7D, 0x6F9C, 0x6F7D, 0x6F3A, 0x6B1A, 0x6F9D, 0x6F7D, 0x6F9C, 
    0x6F7D, 0x6F9C, 0x6F7D, 0x6F7C, 0x6B7C, 0x6F7C, 0x6F7D, 0x6F9C, 0x6F7D, 0x6F7C, 0x6B7C, 0x6F7C, 0x6B7C, 0x6F7C, 0x6B7C, 0x739D, 
    0x4E95, 0x5AF6, 0x6B7C, 0x6B7B, 0x675B, 0x6B5B, 0x673B, 0x673A, 0x675C, 0x6B7B, 0x6B7C, 0x5F19, 0x14E9, 0x34C5, 0x58C6, 0x5C00, 
    0x4442, 0x3462, 0x4863, 0x5062, 0x5042, 0x5461, 0x5841, 0x5C61, 0x5C61, 0x6061, 0x6061, 0x6461, 0x6461, 0x6861, 0x6862, 0x6C61, 
    0x6C62, 0x6840, 0x4463, 0x4507, 0x64E7, 0x7081, 0x7081, 0x70A2, 0x7082, 0x7481, 0x7082, 0x6C81, 0x6483, 0x5C83, 0x3C00, 0x3929, 
    0x6319, 0x7BDE, 0x6F9D, 0x673A, 0x673B, 0x675A, 0x673B, 0x6B5B, 0x673B, 0x675B, 0x673B, 0x675B, 0x673B, 0x675B, 0x673B, 0x675B, 
    0x673B, 0x675B, 0x673B, 0x675A, 0x673B, 0x675A, 0x673B, 0x675B, 0x62F7, 0x4440, 0x5EB7, 0x6F9D, 0x6B7C, 0x6F7C, 0x6B7C, 0x6B7C, 
    0x6B7D, 0x6F7C, 0x6B7C, 0x6F7C, 0x6F7C, 0x6F9C, 0x6B7C, 0x77DD, 0x6A95, 0x4D29, 0x5AD8, 0x6339, 0x5F1A, 0x6319, 0x631A, 0x6339, 
    0x631A, 0x633A, 0x631A, 0x6339, 0x631A, 0x633A, 0x631A, 0x6339, 0x631A, 0x6339, 0x631A, 0x6339, 0x631A, 0x6339, 0x5F19, 0x6339, 
    0x631A, 0x6319, 0x5F1A, 0x6319, 0x5F19, 0x6319, 0x5F1A, 0x6319, 0x5F1A, 0x6319, 0x5F1A, 0x6319, 0x5F3A, 0x6B7B, 0x6B3A, 0x5A30, 
    0x494A, 0x5EB5, 0x6B5B, 0x6F7C, 0x6B5C, 0x6B5B, 0x6B5C, 0x6B7B, 0x6B5C, 0x6B5B, 0x6B5C, 0x6B7B, 0x6B5C, 0x6B7B, 0x6B5C, 0x6B7B, 
    0x6B5C, 0x6B7B, 0x6B5C, 0x6B7B, 0x6B5C, 0x6B5B, 0x6B5C, 0x6B7B, 0x6B5C, 0x6B7B, 0x6F7D, 0x6AF7, 0x5E33, 0x6B5A, 0x673A, 0x6B5A, 
    0x631A, 0x31AD, 0x5EF8, 0x6319, 0x5F1A, 0x6319, 0x5F1A, 0x6319, 0x5F1A, 0x6319, 0x5F19, 0x6319, 0x6319, 0x6318, 0x5F19, 0x6339, 
    0x631A, 0x6319, 0x631A, 0x6339, 0x631A, 0x6339, 0x631A, 0x6339, 0x631A, 0x6339, 0x631A, 0x6339, 0x631A, 0x6339, 0x5F1A, 0x6319, 
    0x5F1A, 0x633A, 0x5F1A, 0x56B6, 0x4E75, 0x6318, 0x6F7C, 0x739D, 0x6B5C, 0x6B7B, 0x6B7C, 0x6F7C, 0x6B7C, 0x6F7C, 0x6B7C, 0x6F7C, 
    0x6B7C, 0x6F7C, 0x6B7C, 0x6F9C, 0x6274, 0x6231, 0x6F7C, 0x6F7C, 0x6B7D, 0x6F7C, 0x6B7C, 0x6F7C, 0x6B7C, 0x6F7C, 0x6B7D, 0x6F9C, 
    0x6F9C, 0x6B7C, 0x6F9C, 0x6B7C, 0x6F9C, 0x6B7C, 0x6F9C, 0x6B7C, 0x6F9C, 0x6B9D, 0x6F9C, 0x6B7C, 0x6B18, 0x6B7C, 0x6F9C, 0x6B7D, 
    0x6F9C, 0x6B7C, 0x6F9C, 0x6B7C, 0x6F9C, 0x6B7C, 0x6F9C, 0x6B7C, 0x6F9C, 0x6B7C, 0x6F9C, 0x6B7C, 0x6F9C, 0x6B7C, 0x6F9C, 0x6B7C, 
    0x4A72, 0x5F19, 0x6B7B, 0x675B, 0x6B7B, 0x675B, 0x6B7B, 0x677C, 0x6B7B, 0x677C, 0x675B, 0x675C, 0x5AF8, 0x1D2A, 0x3928, 0x58E7, 
    0x5C00, 0x4462, 0x3462, 0x4462, 0x5061, 0x5061, 0x5461, 0x5461, 0x5C61, 0x5C61, 0x6060, 0x6061, 0x6481, 0x6461, 0x6881, 0x6861, 
    0x6881, 0x6862, 0x6881, 0x5440, 0x34C5, 0x50E7, 0x6CA3, 0x6C81, 0x6CA1, 0x6C82, 0x6C81, 0x6461, 0x6060, 0x4C41, 0x3883, 0x2400, 
    0x0C00, 0x4631, 0x73BC, 0x73BE, 0x6B5A, 0x633A, 0x675A, 0x675B, 0x675A, 0x675B, 0x675A, 0x675B, 0x675A, 0x675B, 0x675A, 0x633B, 
    0x675A, 0x675B, 0x675A, 0x675B, 0x675A, 0x675B, 0x675A, 0x675B, 0x5E72, 0x40C7, 0x6B5B, 0x6B7C, 0x6B7B, 0x677C, 0x6B7B, 0x675C, 
    0x677B, 0x675C, 0x6B7B, 0x6B7C, 0x6F9C, 0x6F7C, 0x6F9C, 0x779C, 0x5969, 0x4E53, 0x5F19, 0x5F19, 0x6339, 0x5F1A, 0x6339, 0x631A, 
    0x6339, 0x633A, 0x6339, 0x5F19, 0x6339, 0x5F3A, 0x6339, 0x5F19, 0x6339, 0x631A, 0x6339, 0x5F19, 0x6339, 0x5F19, 0x6339, 0x5F19, 
    0x6339, 0x5F19, 0x6339, 0x5F19, 0x6339, 0x5F1A, 0x5F39, 0x5F19, 0x6339, 0x5F19, 0x5F39, 0x675B, 0x6B5A, 0x5A52, 0x4969, 0x5653, 
    0x6B5A, 0x6B7C, 0x6B7B, 0x6B5B, 0x6B7B, 0x6B5B, 0x6B7B, 0x675B, 0x6B7B, 0x675B, 0x6B7B, 0x675B, 0x6B7B, 0x6B7C, 0x6B7B, 0x675C, 
    0x6B7B, 0x675B, 0x675B, 0x675C, 0x6B7B, 0x675B, 0x6B7B, 0x6B5C, 0x6B7B, 0x6B7B, 0x6F7A, 0x5A11, 0x6738, 0x675A, 0x675A, 0x675B, 
    0x6739, 0x318D, 0x5AF7, 0x5F19, 0x6319, 0x5F1A, 0x6339, 0x5F1A, 0x5F39, 0x5F19, 0x6319, 0x5F19, 0x6319, 0x5F19, 0x6339, 0x5F19, 
    0x6339, 0x5F1A, 0x6339, 0x5F19, 0x6339, 0x5F1A, 0x6339, 0x633A, 0x6339, 0x631A, 0x6339, 0x5F1A, 0x6339, 0x5F1A, 0x6339, 0x5F1A, 
    0x6339, 0x5F19, 0x6339, 0x633A, 0x5F19, 0x52B6, 0x4E94, 0x5F19, 0x6F9C, 0x6F9D, 0x6B7B, 0x6B7C, 0x6F7B, 0x6B7C, 0x6F7B, 0x6B7C, 
    0x6F7B, 0x6B7C, 0x6F7B, 0x6B7C, 0x6739, 0x62B5, 0x6F7B, 0x6B7C, 0x6F9C, 0x6B7C, 0x6F9C, 0x6B7C, 0x6F9C, 0x6B7C, 0x6F9C, 0x6B7D, 
    0x6F7D, 0x6F7C, 0x6F7D, 0x6F9C, 0x6F7D, 0x6F9D, 0x6F7D, 0x6F9C, 0x6F7D, 0x6F9D, 0x6F7D, 0x6F7C, 0x66F9, 0x6F7B, 0x6B7D, 0x6F7C, 
    0x6F7D, 0x6F7C, 0x6F7D, 0x6F7C, 0x6F7D, 0x6F7C, 0x6F7D, 0x6F7C, 0x6F7D, 0x6F7C, 0x6F7D, 0x6F7C, 0x6B7C, 0x6F7C, 0x6F7D, 0x6F7C, 
    0x4211, 0x673A, 0x6B5C, 0x6B5B, 0x6B5C, 0x6B7B, 0x6B5C, 0x6B7C, 0x6B5C, 0x6B5B, 0x6B5C, 0x6B5B, 0x675C, 0x5AF9, 0x296D, 0x3528, 
    0x5909, 0x6000, 0x4C42, 0x3862, 0x4463, 0x5062, 0x5442, 0x5861, 0x5842, 0x5C61, 0x5C41, 0x6061, 0x6062, 0x6461, 0x6462, 0x6861, 
    0x6462, 0x6861, 0x6462, 0x6861, 0x5C40, 0x3883, 0x3CA6, 0x60A4, 0x6862, 0x6882, 0x6462, 0x6461, 0x5863, 0x4441, 0x3401, 0x2C62, 
    0x2443, 0x0000, 0x20A7, 0x6318, 0x77BE, 0x739C, 0x673A, 0x6B5A, 0x673B, 0x6B5B, 0x673B, 0x6B5B, 0x673B, 0x675B, 0x673B, 0x675B, 
    0x673B, 0x675B, 0x673B, 0x675B, 0x673B, 0x675A, 0x673B, 0x6B5A, 0x55AE, 0x51F0, 0x6F7D, 0x6F7C, 0x6B5C, 0x6B7C, 0x6B7C, 0x6F7C, 
    0x6B5C, 0x675B, 0x673C, 0x6B5B, 0x675C, 0x6B5B, 0x739E, 0x72D6, 0x4D0A, 0x5AD8, 0x631A, 0x6319, 0x631A, 0x6319, 0x631A, 0x633A, 
    0x631A, 0x6339, 0x631A, 0x6339, 0x631A, 0x633A, 0x631A, 0x6339, 0x631A, 0x6339, 0x631A, 0x6339, 0x631A, 0x6339, 0x6319, 0x6319, 
    0x631A, 0x6319, 0x5F1A, 0x6319, 0x631A, 0x631A, 0x5F1A, 0x6319, 0x5F1A, 0x6B5B, 0x6B5B, 0x5E73, 0x494A, 0x5631, 0x671A, 0x6F7B, 
    0x6B5C, 0x6B5B, 0x6B5C, 0x6B5B, 0x6B5C, 0x6B5B, 0x6B5C, 0x6B5B, 0x6B5C, 0x6B5B, 0x6B5C, 0x6B5B, 0x6B5C, 0x6B7B, 0x6B5C, 0x6B5B, 
    0x6B5C, 0x6B5B, 0x6B5C, 0x6B5B, 0x6B5C, 0x6B7C, 0x6B5C, 0x6F5C, 0x6B5C, 0x739C, 0x6275, 0x62B5, 0x675B, 0x6B5A, 0x673B, 0x6B5A, 
    0x673B, 0x39CF, 0x5AD7, 0x673A, 0x631A, 0x6319, 0x631A, 0x6319, 0x6319, 0x6319, 0x631A, 0x6319, 0x631A, 0x6319, 0x6319, 0x6319, 
    0x631A, 0x6339, 0x631A, 0x6319, 0x631A, 0x6319, 0x631A, 0x633A, 0x631A, 0x633A, 0x631A, 0x633A, 0x631A, 0x633A, 0x631A, 0x633A, 
    0x631A, 0x6319, 0x5F1A, 0x6319, 0x631A, 0x673A, 0x5EFA, 0x5296, 0x4E75, 0x6739, 0x6F9D, 0x6F9C, 0x6B5C, 0x6F7C, 0x6F7C, 0x6F7C, 
    0x6B7C, 0x6F7C, 0x6F5C, 0x737C, 0x62F9, 0x6AD5, 0x6F5C, 0x6F7C, 0x6F7C, 0x6F7C, 0x6F7C, 0x6F7C, 0x6B7D, 0x6F7C, 0x6F7D, 0x6F7C, 
    0x6F9C, 0x6B7C, 0x6F9C, 0x6F7D, 0x6F9C, 0x6F7D, 0x6F9C, 0x6F7D, 0x6F9C, 0x6B7D, 0x6F9C, 0x6B9D, 0x6719, 0x6B5B, 0x6F9C, 0x6B7D, 
    0x6F9C, 0x6F7D, 0x6F9C, 0x6F7D, 0x6F9C, 0x6B7C, 0x6F9C, 0x6B7C, 0x6F9C, 0x6B7C, 0x6F9C, 0x6B7C, 0x6F7C, 0x6B7C, 0x6F9C, 0x6319, 
    0x4631, 0x673A, 0x6B7B, 0x675B, 0x6B5B, 0x675B, 0x675B, 0x675C, 0x6B5B, 0x675B, 0x6B7B, 0x675B, 0x675B, 0x675C, 0x5F1A, 0x35D0, 
    0x3128, 0x552A, 0x6020, 0x5042, 0x3C62, 0x4062, 0x5061, 0x5442, 0x5861, 0x5861, 0x5C61, 0x5C61, 0x6061, 0x6061, 0x6461, 0x6062, 
    0x6481, 0x6062, 0x6081, 0x5C62, 0x6061, 0x5C41, 0x4441, 0x2463, 0x5083, 0x6062, 0x6082, 0x5C83, 0x5400, 0x3C00, 0x3400, 0x3000, 
    0x2C41, 0x2864, 0x1800, 0x0000, 0x4630, 0x6F9C, 0x77DE, 0x675B, 0x675A, 0x675B, 0x675B, 0x673B, 0x675B, 0x673B, 0x675B, 0x673B, 
    0x675A, 0x673B, 0x675A, 0x675B, 0x675A, 0x673B, 0x675B, 0x6719, 0x4D28, 0x5ED7, 0x6F9C, 0x6B7C, 0x6F7C, 0x6B7C, 0x6B9C, 0x6B7C, 
    0x6B7C, 0x677C, 0x675B, 0x675C, 0x6B5B, 0x675B, 0x779B, 0x5D6B, 0x4E32, 0x5F19, 0x6319, 0x631A, 0x6339, 0x631A, 0x6339, 0x631A, 
    0x6339, 0x631A, 0x6339, 0x631A, 0x6339, 0x631A, 0x6339, 0x631A, 0x6339, 0x631A, 0x6339, 0x631A, 0x6339, 0x5F19, 0x6339, 0x5F19, 
    0x6339, 0x5F1A, 0x6319, 0x5F1A, 0x6319, 0x5AF9, 0x5F19, 0x675B, 0x6F7B, 0x62D6, 0x4D8C, 0x4DF0, 0x6718, 0x6B7C, 0x6B7B, 0x6B5B, 
    0x6B7B, 0x6B5C, 0x6B7B, 0x675B, 0x6B7B, 0x6B5B, 0x6B7B, 0x675B, 0x6B7B, 0x675C, 0x6B7B, 0x675C, 0x6B7B, 0x675C, 0x6B7B, 0x6B5C, 
    0x6B7B, 0x675B, 0x6B7B, 0x6B5C, 0x6B7B, 0x6B5C, 0x6B7B, 0x6B5C, 0x6B7C, 0x6B19, 0x5A10, 0x673A, 0x675A, 0x675B, 0x675A, 0x675A, 
    0x6B7B, 0x4233, 0x5AD6, 0x633A, 0x6339, 0x5F1A, 0x6339, 0x5F19, 0x6319, 0x5F19, 0x6319, 0x5F19, 0x6319, 0x5F19, 0x6339, 0x5F19, 
    0x6319, 0x5F1A, 0x6339, 0x631A, 0x633A, 0x631A, 0x6339, 0x631A, 0x6339, 0x5F1A, 0x6339, 0x5F1A, 0x6339, 0x5F1A, 0x6339, 0x631A, 
    0x6339, 0x631A, 0x6339, 0x5F1A, 0x6339, 0x5F1A, 0x633A, 0x633B, 0x5F19, 0x4E96, 0x52B5, 0x675B, 0x73BD, 0x6F7D, 0x6F7B, 0x6B7C, 
    0x6F7C, 0x6B7C, 0x6F7B, 0x6B7C, 0x6B39, 0x6AB5, 0x6F7C, 0x6B7C, 0x6F7C, 0x6B7C, 0x6F7C, 0x6B7C, 0x6F7C, 0x6B7C, 0x6F9C, 0x6B7D, 
    0x6F7C, 0x6F9C, 0x6F7D, 0x6F9C, 0x6F7D, 0x6F9C, 0x6F7D, 0x6F9C, 0x6F7D, 0x6F9C, 0x6F7D, 0x6F9C, 0x671A, 0x6F5B, 0x6B7D, 0x6F9C, 
    0x6F7D, 0x6F7C, 0x6B7C, 0x6F7C, 0x6F7D, 0x6F9C, 0x6B7D, 0x6F9C, 0x6F7D, 0x6F7C, 0x6B7D, 0x6F7C, 0x6B7C, 0x6F7C, 0x6B7C, 0x5AD6, 
    0x5F19, 0x6739, 0x673A, 0x6F7C, 0x6B7C, 0x6B7B, 0x675C, 0x6B5B, 0x675C, 0x6B5B, 0x675B, 0x6B5B, 0x675B, 0x675B, 0x675C, 0x633B, 
    0x4232, 0x2D28, 0x554A, 0x6062, 0x5441, 0x4062, 0x4042, 0x5062, 0x5462, 0x5861, 0x5842, 0x5C61, 0x5C61, 0x6061, 0x6062, 0x6061, 
    0x6062, 0x6061, 0x5C62, 0x5C61, 0x5841, 0x5861, 0x5841, 0x4841, 0x2C43, 0x5862, 0x5C62, 0x5800, 0x59F0, 0x5673, 0x416D, 0x3463, 
    0x2C00, 0x2C21, 0x2843, 0x2463, 0x0000, 0x1CC5, 0x5EF7, 0x7BDE, 0x6F7C, 0x673A, 0x673B, 0x6B5B, 0x673B, 0x675B, 0x673B, 0x675B, 
    0x673B, 0x675B, 0x673B, 0x675B, 0x673B, 0x675A, 0x675B, 0x62B5, 0x48E9, 0x6B5B, 0x6F7D, 0x6F7C, 0x6B7C, 0x6F7C, 0x6B7C, 0x6B7C, 
    0x6B7C, 0x6B7C, 0x673B, 0x6B7B, 0x6B5C, 0x739C, 0x72B6, 0x4D08, 0x5AD8, 0x6339, 0x5F1A, 0x6339, 0x631A, 0x6339, 0x631A, 0x6339, 
    0x631A, 0x6339, 0x631A, 0x6339, 0x631A, 0x633A, 0x631A, 0x6339, 0x631A, 0x6339, 0x631A, 0x6339, 0x631A, 0x6339, 0x631A, 0x6339, 
    0x631A, 0x6339, 0x5F1A, 0x633A, 0x5AF9, 0x6339, 0x6F7C, 0x66F6, 0x4D8D, 0x51EE, 0x62F8, 0x6F7B, 0x6B5C, 0x6B5B, 0x6B5B, 0x6B7B, 
    0x6B5B, 0x6B7B, 0x6B5C, 0x6B7B, 0x6B5C, 0x6B7B, 0x675C, 0x6B7B, 0x6B5C, 0x6B7B, 0x6B5C, 0x6B7B, 0x6B5C, 0x6B7B, 0x6B5C, 0x6B7B, 
    0x6B5C, 0x6B7B, 0x6B5B, 0x6B7B, 0x6B5C, 0x6B7C, 0x6B5C, 0x6B7B, 0x6F7C, 0x5E10, 0x5ED7, 0x675B, 0x673B, 0x6B5A, 0x675B, 0x6B5A, 
    0x6B7C, 0x5AF7, 0x5295, 0x6F7B, 0x5F1A, 0x633A, 0x5F1A, 0x6339, 0x5F1A, 0x6339, 0x5F19, 0x6319, 0x631A, 0x6319, 0x6319, 0x6319, 
    0x6319, 0x6339, 0x631A, 0x6339, 0x631A, 0x6339, 0x631A, 0x633A, 0x631A, 0x633A, 0x631A, 0x6319, 0x5F1A, 0x6319, 0x5F1A, 0x6339, 
    0x631A, 0x633A, 0x631A, 0x6339, 0x631A, 0x633A, 0x631A, 0x633A, 0x633B, 0x673A, 0x5AF9, 0x5295, 0x56B7, 0x6B5B, 0x6F9D, 0x739C, 
    0x6F7C, 0x739C, 0x6F7C, 0x6F9C, 0x6F7C, 0x6F18, 0x6B7C, 0x6F7C, 0x6B7C, 0x6F7C, 0x6B7C, 0x6F7C, 0x6B7C, 0x6F7C, 0x6B7D, 0x6F7C, 
    0x6F9C, 0x6B7C, 0x6F9C, 0x6B7C, 0x6F9C, 0x6F7D, 0x6F9C, 0x6B7D, 0x6F9C, 0x6F9D, 0x6F9C, 0x6B9D, 0x6B5A, 0x6719, 0x6F9C, 0x6B7C, 
    0x6F9C, 0x6B7C, 0x6F9C, 0x6B7C, 0x6F9C, 0x6B7C, 0x6F9C, 0x6B7C, 0x6F9C, 0x6B7C, 0x6F9C, 0x6B7C, 0x6B9C, 0x6B7D, 0x6759, 0x675B, 
    0x73BE, 0x6B7D, 0x5F18, 0x52B6, 0x52B5, 0x5EF9, 0x6B7B, 0x675B, 0x677B, 0x675B, 0x675B, 0x675B, 0x677B, 0x675B, 0x675A, 0x635B, 
    0x675B, 0x4A75, 0x2507, 0x514A, 0x60A4, 0x5440, 0x4061, 0x3C42, 0x5061, 0x5062, 0x5861, 0x5861, 0x5C61, 0x5C61, 0x5C61, 0x5C61, 
    0x6081, 0x5C61, 0x5C81, 0x5861, 0x5860, 0x5441, 0x5040, 0x5041, 0x4062, 0x4863, 0x5000, 0x6273, 0x6F9C, 0x6B7C, 0x6739, 0x4E53, 
    0x3929, 0x2400, 0x2800, 0x2442, 0x2483, 0x1800, 0x0000, 0x4210, 0x73BC, 0x73BE, 0x675A, 0x673B, 0x675B, 0x675B, 0x675A, 0x675B, 
    0x675A, 0x675B, 0x675A, 0x675B, 0x675A, 0x675B, 0x6B5A, 0x51AD, 0x5210, 0x6B7D, 0x6F9B, 0x6B7C, 0x6F9B, 0x6B7C, 0x6F9B, 0x6B7C, 
    0x6F9C, 0x6B7C, 0x675B, 0x675B, 0x6F9B, 0x737B, 0x5D48, 0x4A11, 0x6339, 0x5F19, 0x6339, 0x5F1A, 0x6339, 0x633A, 0x6339, 0x631A, 
    0x6339, 0x633A, 0x6339, 0x6339, 0x6339, 0x633A, 0x6339, 0x633A, 0x6339, 0x633A, 0x6339, 0x5F3A, 0x6339, 0x5F3A, 0x6339, 0x5F3A, 
    0x6339, 0x5F1A, 0x6339, 0x5F3B, 0x6B7B, 0x66F8, 0x51CE, 0x49AD, 0x62F6, 0x6B7B, 0x6B7B, 0x675B, 0x6B7B, 0x6B5B, 0x6B7B, 0x675B, 
    0x6B7B, 0x675B, 0x6B7B, 0x675C, 0x6B7B, 0x675B, 0x6B7B, 0x675B, 0x6B7B, 0x675B, 0x6B7B, 0x675C, 0x6B7B, 0x675C, 0x6B7B, 0x675B, 
    0x6B7B, 0x6B5C, 0x6B7B, 0x6B7C, 0x6B7B, 0x6B5C, 0x6B7B, 0x6B9C, 0x66F6, 0x5652, 0x675A, 0x633A, 0x675A, 0x675B, 0x6B5A, 0x675B, 
    0x6F9B, 0x5F19, 0x3E11, 0x675A, 0x675A, 0x5F1A, 0x6339, 0x5F19, 0x6339, 0x5F19, 0x6339, 0x6319, 0x6339, 0x5F1A, 0x6339, 0x5F19, 
    0x6339, 0x631A, 0x6339, 0x5F1A, 0x6339, 0x633A, 0x6339, 0x631A, 0x6339, 0x633A, 0x6339, 0x5F1A, 0x6339, 0x5F19, 0x6339, 0x5F1A, 
    0x6339, 0x5F3A, 0x6339, 0x5F3A, 0x6339, 0x633A, 0x6339, 0x5F3A, 0x633A, 0x5F3A, 0x633A, 0x633A, 0x5AF8, 0x4E76, 0x52B6, 0x633A, 
    0x5F18, 0x4653, 0x5294, 0x5F19, 0x6B7B, 0x66D8, 0x6F9B, 0x6B7C, 0x6F9C, 0x6B7C, 0x6F9C, 0x6B7C, 0x6B7C, 0x6B7C, 0x6F9C, 0x6B7C, 
    0x6F7D, 0x6F7C, 0x6F7D, 0x6F7C, 0x6F7D, 0x6F9C, 0x6F7D, 0x6F9C, 0x6F7D, 0x6F9C, 0x6F7D, 0x6F9D, 0x6B7C, 0x66D7, 0x6F7C, 0x6F7C, 
    0x6B7D, 0x6F7C, 0x6F7D, 0x6F7C, 0x6F7D, 0x6F7C, 0x6F7C, 0x6F7C, 0x6F7D, 0x6F7C, 0x6F7D, 0x6F7C, 0x6B7D, 0x739D, 0x6B5C, 0x5EF8, 
    0x5EF9, 0x6B5B, 0x6F9E, 0x5AD7, 0x35AF, 0x5AD7, 0x6B5C, 0x6B5B, 0x675C, 0x6B5B, 0x675C, 0x6B5B, 0x675C, 0x6B5B, 0x673B, 0x675B, 
    0x673C, 0x675C, 0x5296, 0x2929, 0x4D29, 0x60C6, 0x5020, 0x2C62, 0x3864, 0x5062, 0x5462, 0x5861, 0x5842, 0x5C61, 0x5C62, 0x5C61, 
    0x5C62, 0x6061, 0x5C61, 0x5C61, 0x5441, 0x5441, 0x4C21, 0x4C41, 0x4463, 0x3C00, 0x558D, 0x737C, 0x6F7D, 0x6F9D, 0x6F7D, 0x6F7C, 
    0x62F9, 0x4A11, 0x2CA6, 0x2400, 0x2822, 0x2842, 0x2064, 0x0000, 0x1CC6, 0x6318, 0x77BE, 0x6F7C, 0x673B, 0x6B5B, 0x673B, 0x6B5B, 
    0x673B, 0x675B, 0x673B, 0x6B5B, 0x673B, 0x6B5B, 0x6AF9, 0x4CA3, 0x5ED8, 0x6F9D, 0x6B7C, 0x6F7C, 0x6F7C, 0x6F7C, 0x6F7C, 0x6F9C, 
    0x6B7C, 0x6B7C, 0x6B5D, 0x6F7C, 0x739D, 0x6EB4, 0x4865, 0x5AD7, 0x631A, 0x6719, 0x631A, 0x6339, 0x631A, 0x6319, 0x631A, 0x6719, 
    0x631A, 0x6339, 0x631A, 0x6719, 0x631A, 0x6339, 0x631A, 0x633A, 0x631A, 0x6319, 0x631A, 0x633A, 0x631A, 0x6339, 0x631A, 0x633A, 
    0x631A, 0x633A, 0x675C, 0x6B39, 0x5A11, 0x4D8C, 0x5EB6, 0x6F7B, 0x6B7C, 0x6B7B, 0x6B5B, 0x6B7B, 0x6B5C, 0x6B7B, 0x6B5C, 0x6B7B, 
    0x6B5C, 0x6B7B, 0x6B5C, 0x6B5B, 0x6B5C, 0x6B5B, 0x6B5C, 0x6B5B, 0x6B5C, 0x6B5B, 0x6B5C, 0x6B7B, 0x6B5C, 0x6B5B, 0x6B5C, 0x6B5B, 
    0x6B5C, 0x6F7C, 0x6B5C, 0x6B7B, 0x6B5C, 0x6B5B, 0x6B5C, 0x6F5B, 0x59F0, 0x6319, 0x633B, 0x673A, 0x673B, 0x6B5B, 0x6B5B, 0x6F7C, 
    0x6B5C, 0x5AD8, 0x4A76, 0x5295, 0x6B5B, 0x6319, 0x631A, 0x6339, 0x631A, 0x6319, 0x631A, 0x631A, 0x631A, 0x631A, 0x631A, 0x6319, 
    0x631A, 0x633A, 0x631A, 0x633A, 0x631A, 0x6319, 0x631A, 0x6339, 0x631A, 0x633A, 0x631A, 0x6319, 0x631A, 0x6319, 0x631A, 0x6339, 
    0x631A, 0x6339, 0x5F1A, 0x633A, 0x631A, 0x6319, 0x631A, 0x633A, 0x631A, 0x633A, 0x631A, 0x633A, 0x633B, 0x673A, 0x5EF9, 0x56B7, 
    0x4A55, 0x4633, 0x4E76, 0x41F1, 0x4633, 0x5EB6, 0x6B5B, 0x6F7C, 0x6F7C, 0x6F7C, 0x6B7D, 0x6F7C, 0x6B7D, 0x6F7C, 0x6B7D, 0x6F7C, 
    0x6F9C, 0x6B7C, 0x6F9C, 0x6F7D, 0x6F9C, 0x6F7D, 0x6F9C, 0x6F7D, 0x6F9C, 0x6B7D, 0x6F9C, 0x6B7C, 0x6F9C, 0x6719, 0x6B3A, 0x6B7D, 
    0x6F7C, 0x6B7C, 0x6F7C, 0x6B7C, 0x6F7C, 0x6B7C, 0x6F9C, 0x6B7C, 0x6F9C, 0x6B7C, 0x6F7C, 0x6B7C, 0x73BD, 0x673A, 0x35CE, 0x2D6E, 
    0x31AE, 0x252B, 0x5294, 0x6F9E, 0x675B, 0x673B, 0x6B5B, 0x675B, 0x6B5B, 0x675B, 0x675B, 0x675B, 0x675B, 0x673B, 0x675A, 0x675B, 
    0x675B, 0x633B, 0x675B, 0x56D8, 0x296A, 0x4529, 0x5129, 0x2084, 0x2D08, 0x38C6, 0x4C62, 0x5462, 0x5861, 0x5861, 0x5C61, 0x5861, 
    0x5C61, 0x5861, 0x5861, 0x5441, 0x5461, 0x4C41, 0x4841, 0x4421, 0x4063, 0x3000, 0x55EF, 0x6F7D, 0x6F9C, 0x6B7D, 0x6F9C, 0x6F9D, 
    0x6F9D, 0x6B7C, 0x5ED7, 0x398D, 0x2000, 0x2800, 0x2C42, 0x2463, 0x1400, 0x0000, 0x4630, 0x739C, 0x77BD, 0x675B, 0x675A, 0x675B, 
    0x675A, 0x673B, 0x675A, 0x673B, 0x675A, 0x675C, 0x66B4, 0x4909, 0x6B7B, 0x6B7C, 0x6F7C, 0x6B7C, 0x6B7C, 0x6B7C, 0x6F9C, 0x6B7C, 
    0x6B7C, 0x677C, 0x6B7C, 0x6F7C, 0x779B, 0x58E7, 0x4DF0, 0x631A, 0x6339, 0x6319, 0x6339, 0x631A, 0x6339, 0x631A, 0x6339, 0x6319, 
    0x6339, 0x631A, 0x6339, 0x631A, 0x6339, 0x631A, 0x6339, 0x631A, 0x633A, 0x631A, 0x6339, 0x631A, 0x6339, 0x5F1A, 0x633A, 0x633B, 
    0x6B7B, 0x6B3A, 0x6272, 0x4D8C, 0x5A94, 0x6B5B, 0x6F7B, 0x6B5B, 0x6B7B, 0x6B5B, 0x6B7B, 0x6B5C, 0x6B7B, 0x6B5C, 0x6B7B, 0x6B5B, 
    0x6B7B, 0x675B, 0x6B7B, 0x6B5B, 0x6B5B, 0x675B, 0x6B7B, 0x6B5C, 0x6B7B, 0x675C, 0x6B7B, 0x6B5C, 0x6B7B, 0x675C, 0x6B7B, 0x6B5C, 
    0x6B5B, 0x6B5B, 0x6B7B, 0x6B5C, 0x6B7B, 0x675B, 0x6F9C, 0x5E74, 0x5A94, 0x633B, 0x633A, 0x633A, 0x675A, 0x675B, 0x739C, 0x675A, 
    0x4E73, 0x3E32, 0x56F8, 0x4233, 0x5F18, 0x675B, 0x6319, 0x631A, 0x6339, 0x5F19, 0x6339, 0x631A, 0x6339, 0x631A, 0x6339, 0x631A, 
    0x6339, 0x631A, 0x6339, 0x631A, 0x6339, 0x631A, 0x633A, 0x631A, 0x633A, 0x5F1A, 0x6339, 0x5F1A, 0x6339, 0x5F1A, 0x6339, 0x5F1A, 
    0x6339, 0x5F1A, 0x6339, 0x5F1A, 0x6339, 0x5F1A, 0x6339, 0x633A, 0x633A, 0x633A, 0x633A, 0x633A, 0x633A, 0x5F3A, 0x633A, 0x633A, 
    0x673A, 0x633B, 0x6339, 0x5EFA, 0x39F0, 0x3DEF, 0x6B5B, 0x6B7C, 0x6B7B, 0x6B7C, 0x6F7C, 0x6B7C, 0x6F7C, 0x6B7C, 0x6F7C, 0x6B7D, 
    0x6B7C, 0x6F7C, 0x6F7C, 0x6F9C, 0x6F7D, 0x6F7C, 0x6F7D, 0x6F7C, 0x6F7D, 0x6F9C, 0x6F7D, 0x6F9C, 0x6B7D, 0x6B5A, 0x66F8, 0x6F7C, 
    0x6B7C, 0x6F7C, 0x6B7C, 0x6F7C, 0x6B7C, 0x6F7C, 0x6B7C, 0x6F9C, 0x6B7C, 0x6F7C, 0x6B7D, 0x77BE, 0x5AD7, 0x252A, 0x56B8, 0x6F9D, 
    0x6F7D, 0x673B, 0x4212, 0x4E74, 0x6F9D, 0x675A, 0x675B, 0x6B5B, 0x673B, 0x6B5B, 0x675B, 0x6B5B, 0x675B, 0x6B5B, 0x675B, 0x675B, 
    0x675B, 0x675B, 0x633B, 0x675B, 0x5AD9, 0x316C, 0x0800, 0x2508, 0x314C, 0x312A, 0x38C7, 0x4C63, 0x5442, 0x5861, 0x5862, 0x5C61, 
    0x5862, 0x5861, 0x5442, 0x5461, 0x5041, 0x4C40, 0x4421, 0x4021, 0x3C43, 0x2C00, 0x498D, 0x739C, 0x6F7D, 0x6F9D, 0x6F7D, 0x6F9D, 
    0x6F7D, 0x6F9D, 0x6F9E, 0x6B5B, 0x4E54, 0x28A5, 0x2000, 0x2C42, 0x2843, 0x2063, 0x0000, 0x24E6, 0x62F8, 0x7BDD, 0x6F7C, 0x673A, 
    0x673B, 0x6B5B, 0x673B, 0x6B5A, 0x673B, 0x6F7B, 0x59EF, 0x5631, 0x6B7D, 0x6F7C, 0x6B7D, 0x6F9C, 0x6B7C, 0x6B7C, 0x6B7C, 0x6B7C, 
    0x6B5C, 0x6B7C, 0x6B7C, 0x73BD, 0x6E95, 0x4884, 0x5AD7, 0x6739, 0x6319, 0x6339, 0x631A, 0x6339, 0x631A, 0x6339, 0x631A, 0x6339, 
    0x631A, 0x6339, 0x631A, 0x6339, 0x631A, 0x6339, 0x631A, 0x633A, 0x631A, 0x633A, 0x631A, 0x633A, 0x5F1A, 0x633A, 0x675C, 0x6F5A, 
    0x6295, 0x518C, 0x5653, 0x6B5A, 0x6B7C, 0x6B7B, 0x6B5B, 0x6B7B, 0x6B5B, 0x6B7B, 0x6B5C, 0x6B7B, 0x6B5C, 0x6B7B, 0x6B5C, 0x6B7B, 
    0x6B5C, 0x6B7B, 0x6B5C, 0x6B7B, 0x6B5C, 0x6B7B, 0x6B5C, 0x6B5B, 0x6B5B, 0x6B7B, 0x6B5C, 0x6B7B, 0x6B5C, 0x6B7B, 0x6B5C, 0x6B7B, 
    0x6B5C, 0x6B7B, 0x6B5C, 0x6B7B, 0x6B5C, 0x6B7C, 0x6B19, 0x5A10, 0x631A, 0x633A, 0x631A, 0x673A, 0x675B, 0x739C, 0x6318, 0x2D6A, 
    0x316D, 0x210A, 0x39F2, 0x4653, 0x4633, 0x6B5A, 0x633A, 0x6319, 0x6319, 0x6339, 0x631A, 0x6319, 0x631A, 0x6339, 0x631A, 0x6339, 
    0x631A, 0x6319, 0x6319, 0x6339, 0x5F1A, 0x633A, 0x631A, 0x6339, 0x631A, 0x633A, 0x631A, 0x631A, 0x631A, 0x6339, 0x631A, 0x6339, 
    0x631A, 0x6319, 0x631A, 0x6339, 0x631A, 0x633A, 0x631A, 0x633A, 0x631A, 0x633A, 0x633B, 0x633A, 0x633B, 0x633A, 0x631A, 0x6339, 
    0x631A, 0x673A, 0x633A, 0x673A, 0x5AF9, 0x294D, 0x5AB7, 0x739D, 0x6B7C, 0x6B7B, 0x6B7C, 0x6F7C, 0x6B7C, 0x6F7C, 0x6B7D, 0x6F7C, 
    0x6F7C, 0x6B7C, 0x6F9C, 0x6B7C, 0x6F9C, 0x6B7C, 0x6F9C, 0x6B7C, 0x6F9C, 0x6B7C, 0x6F9C, 0x6B7C, 0x6F9C, 0x6B7C, 0x6718, 0x6B5A, 
    0x6B9C, 0x6B7C, 0x6F9C, 0x675C, 0x6B7B, 0x6B7C, 0x6F9C, 0x6B7C, 0x6B7C, 0x6B7C, 0x77DE, 0x5295, 0x1D2A, 0x633B, 0x77DE, 0x73BE, 
    0x77DD, 0x73BE, 0x73BE, 0x4653, 0x56B5, 0x6FBE, 0x675A, 0x675B, 0x677B, 0x675B, 0x675A, 0x675B, 0x675A, 0x675B, 0x675B, 0x675B, 
    0x675B, 0x635B, 0x675B, 0x633B, 0x675B, 0x5AD8, 0x3DEE, 0x3DF0, 0x35AD, 0x316C, 0x314A, 0x34E7, 0x4C83, 0x5462, 0x5861, 0x5462, 
    0x5861, 0x5462, 0x5461, 0x5041, 0x4C60, 0x4441, 0x4040, 0x3821, 0x3862, 0x2400, 0x3908, 0x6B5C, 0x6F9C, 0x6B7D, 0x6F9C, 0x6B9D, 
    0x6F9C, 0x6F9D, 0x6F9C, 0x6F9D, 0x6F9D, 0x5F19, 0x39AD, 0x1C00, 0x2C00, 0x2842, 0x2483, 0x1000, 0x0000, 0x4210, 0x6F9B, 0x73BD, 
    0x6B5A, 0x673B, 0x6B5B, 0x675B, 0x675B, 0x6F5A, 0x5927, 0x62F8, 0x6F9C, 0x6B7C, 0x6F9C, 0x6F9D, 0x6F9C, 0x6B7D, 0x6F9C, 0x6B7C, 
    0x6F9C, 0x6B7C, 0x6F9C, 0x779C, 0x5D48, 0x4A11, 0x6339, 0x6319, 0x6339, 0x5F1A, 0x6339, 0x5F1A, 0x6339, 0x633A, 0x6339, 0x633A, 
    0x6339, 0x631A, 0x6339, 0x631A, 0x6339, 0x5F1A, 0x6339, 0x633A, 0x633A, 0x633A, 0x6339, 0x5F19, 0x675A, 0x6B5B, 0x66D5, 0x4DAD, 
    0x5231, 0x673A, 0x6F9C, 0x6B7C, 0x6B7B, 0x6B5B, 0x6B7B, 0x6B5B, 0x6B7B, 0x6B7B, 0x6B7B, 0x675C, 0x6B7B, 0x675B, 0x6B7B, 0x675B, 
    0x6B7B, 0x677B, 0x6B7B, 0x675B, 0x6B7B, 0x675B, 0x6B7B, 0x675B, 0x6B7B, 0x675B, 0x6B7B, 0x675C, 0x6B7B, 0x675C, 0x6B7B, 0x6B7C, 
    0x6B7B, 0x6B7C, 0x6B7B, 0x6B5B, 0x6B7B, 0x6F9C, 0x5E51, 0x5AB6, 0x6339, 0x6319, 0x6339, 0x635B, 0x739C, 0x56B5, 0x294A, 0x4654, 
    0x56D6, 0x52B6, 0x4231, 0x2D6D, 0x35F0, 0x52D6, 0x6B7B, 0x5F19, 0x6339, 0x633A, 0x6339, 0x5F19, 0x6339, 0x5F19, 0x6339, 0x5F19, 
    0x6339, 0x5F1A, 0x6339, 0x5F19, 0x6339, 0x5F1A, 0x6339, 0x5F1A, 0x6339, 0x5F3A, 0x6339, 0x5F1A, 0x6339, 0x5F1A, 0x6339, 0x5F1A, 
    0x6339, 0x5F1A, 0x6339, 0x5F3A, 0x6339, 0x633A, 0x6339, 0x633A, 0x6339, 0x633A, 0x635A, 0x633A, 0x633A, 0x5F3A, 0x6339, 0x633A, 
    0x6339, 0x633A, 0x673A, 0x633A, 0x633A, 0x4233, 0x3DF0, 0x675B, 0x6B7B, 0x6B7C, 0x6B7B, 0x6B7C, 0x6B7C, 0x6B7C, 0x6B9C, 0x6B7C, 
    0x6B5C, 0x6F7C, 0x6F7D, 0x6F7C, 0x6F7D, 0x6F7C, 0x6F7D, 0x6F7C, 0x6F7D, 0x6F7C, 0x6F7D, 0x6F7C, 0x6F7D, 0x6F7C, 0x6B5B, 0x6B19, 
    0x6B7C, 0x6F7C, 0x6B7D, 0x6B7B, 0x6B5C, 0x6F7C, 0x6F7D, 0x6F7C, 0x6F7D, 0x77BE, 0x4A53, 0x294C, 0x6B7C, 0x77DE, 0x73BE, 0x77BE, 
    0x73BE, 0x77BE, 0x77BF, 0x739D, 0x3DF1, 0x6318, 0x6F9E, 0x673A, 0x673B, 0x675B, 0x673B, 0x6B5B, 0x673B, 0x6B5B, 0x673B, 0x675B, 
    0x673B, 0x675B, 0x673B, 0x673A, 0x633B, 0x673A, 0x631A, 0x631A, 0x4A55, 0x314B, 0x356C, 0x314A, 0x38E8, 0x5083, 0x5842, 0x5862, 
    0x5442, 0x5862, 0x5442, 0x5041, 0x4C41, 0x4840, 0x3C21, 0x3C21, 0x3422, 0x2800, 0x2801, 0x6B3A, 0x6F9E, 0x6F9D, 0x6F7D, 0x6F9D, 
    0x6F7D, 0x6F9D, 0x6F7D, 0x6F9D, 0x6F7D, 0x739D, 0x6B5C, 0x5294, 0x28C7, 0x2800, 0x2C22, 0x2C63, 0x2064, 0x0000, 0x1C64, 0x5ED6, 
    0x739D, 0x6F7C, 0x673B, 0x6B3A, 0x6B5C, 0x72F6, 0x5D6C, 0x6F7B, 0x6F7D, 0x6F9D, 0x6F7D, 0x739C, 0x6F7D, 0x6F9D, 0x6F7D, 0x6F7C, 
    0x6B7C, 0x6F7B, 0x77BE, 0x72D6, 0x4C23, 0x5AD7, 0x671A, 0x6719, 0x631A, 0x673A, 0x631A, 0x633A, 0x631A, 0x633A, 0x631A, 0x6319, 
    0x631A, 0x633A, 0x631A, 0x6339, 0x631A, 0x633A, 0x631A, 0x633A, 0x631A, 0x631A, 0x673B, 0x6F7B, 0x6AF7, 0x55AD, 0x51F0, 0x6718, 
    0x6F7C, 0x6F7C, 0x6B5C, 0x6F7B, 0x6B5C, 0x6B7B, 0x6B5C, 0x6B7B, 0x6B5C, 0x6B7B, 0x6B5C, 0x6B7B, 0x6B5C, 0x6B7B, 0x6B5C, 0x6B7B, 
    0x6B5C, 0x6B7B, 0x6B5C, 0x6B7B, 0x6B5C, 0x6B5B, 0x6B5C, 0x6B5B, 0x6B5C, 0x6B7B, 0x6B5C, 0x6B7C, 0x6B5C, 0x6B7B, 0x6B5C, 0x6B7C, 
    0x6B5C, 0x6B5B, 0x6B5C, 0x6B5B, 0x6F7D, 0x6B18, 0x5A11, 0x673A, 0x631A, 0x673A, 0x673B, 0x739C, 0x4E53, 0x318D, 0x631B, 0x739D, 
    0x6F9E, 0x73BD, 0x6F9D, 0x6319, 0x39CF, 0x39D0, 0x631A, 0x675A, 0x631A, 0x673A, 0x631A, 0x633A, 0x631A, 0x6339, 0x631A, 0x6339, 
    0x631A, 0x633A, 0x631A, 0x6319, 0x631A, 0x633A, 0x631A, 0x633A, 0x631A, 0x633A, 0x631A, 0x631A, 0x631A, 0x633A, 0x631A, 0x633A, 
    0x631A, 0x633A, 0x631A, 0x633A, 0x631A, 0x633A, 0x631A, 0x633A, 0x631A, 0x633A, 0x633B, 0x673A, 0x631A, 0x633A, 0x631A, 0x673A, 
    0x631A, 0x673A, 0x633A, 0x673A, 0x633A, 0x5EF8, 0x294D, 0x5ED8, 0x673B, 0x6B5A, 0x6B7C, 0x6F7C, 0x6B5C, 0x6F7C, 0x6B7D, 0x6F7C, 
    0x6B7B, 0x6B7C, 0x6F9C, 0x6B7C, 0x6F9C, 0x6B7C, 0x6F7C, 0x6B7C, 0x6F9C, 0x6B7C, 0x6F9C, 0x6B7D, 0x6F9C, 0x6B7C, 0x6F7C, 0x6B7C, 
    0x6F7B, 0x6B7C, 0x6F7C, 0x6B7C, 0x6F9C, 0x6B7C, 0x6B7B, 0x6F9D, 0x73BD, 0x3DF0, 0x35AE, 0x6F9D, 0x77DE, 0x73BE, 0x77DE, 0x73BE, 
    0x77DE, 0x73BE, 0x77BE, 0x73BE, 0x6B7B, 0x39CF, 0x6B5A, 0x6B7C, 0x675A, 0x675B, 0x675A, 0x675B, 0x675A, 0x673B, 0x675A, 0x633B, 
    0x673A, 0x633B, 0x673A, 0x633B, 0x673A, 0x633A, 0x633A, 0x675B, 0x633A, 0x4A54, 0x316B, 0x316C, 0x314A, 0x34E8, 0x4C83, 0x5442, 
    0x5862, 0x5442, 0x5461, 0x4C41, 0x4C40, 0x4021, 0x3C20, 0x3421, 0x3021, 0x2443, 0x1800, 0x5EF8, 0x6FBD, 0x6B7D, 0x6F9D, 0x6F9D, 
    0x6F9D, 0x6F9D, 0x6F9D, 0x6F7D, 0x6F9C, 0x6F7D, 0x6F9D, 0x6F9E, 0x6318, 0x398D, 0x2400, 0x2800, 0x3042, 0x2C64, 0x2400, 0x0000, 
    0x41EE, 0x6B7B, 0x77BD, 0x6B7C, 0x73BD, 0x65EF, 0x6293, 0x6F9D, 0x6F9C, 0x6F9D, 0x6F9C, 0x6F7D, 0x6F9C, 0x6F9D, 0x6F9C, 0x6B7C, 
    0x6F7C, 0x6F9D, 0x7BBC, 0x594A, 0x4DEF, 0x5F1A, 0x6339, 0x631A, 0x6339, 0x631A, 0x6339, 0x631A, 0x6339, 0x631A, 0x6339, 0x631A, 
    0x6339, 0x5F1A, 0x6339, 0x631A, 0x633A, 0x631A, 0x6319, 0x5F19, 0x675A, 0x6B7C, 0x6B18, 0x5610, 0x51EE, 0x62F8, 0x6F7B, 0x6B7C, 
    0x6B7B, 0x6B5C, 0x6B7B, 0x6B5C, 0x6B7B, 0x6B5C, 0x6B7B, 0x6B5C, 0x6B7B, 0x675B, 0x6B7B, 0x6B5C, 0x6B7B, 0x6B5C, 0x6B7B, 0x6B5C, 
    0x6B7B, 0x6B5C, 0x6B7B, 0x6B5C, 0x6B7B, 0x675B, 0x6B7B, 0x675B, 0x6B7B, 0x675C, 0x6B7B, 0x6B5C, 0x6B7B, 0x6B5C, 0x6B7B, 0x6B5C, 
    0x6B5B, 0x675B, 0x6B7B, 0x675C, 0x739B, 0x59F0, 0x62D7, 0x633A, 0x6739, 0x675B, 0x6F7B, 0x4211, 0x39EF, 0x6B7C, 0x77BE, 0x73BE, 
    0x73BD, 0x73BE, 0x73BD, 0x73BE, 0x6739, 0x2D6C, 0x4A73, 0x6B5C, 0x6339, 0x631A, 0x6339, 0x633A, 0x6339, 0x631A, 0x6339, 0x631A, 
    0x6339, 0x5F19, 0x6319, 0x631A, 0x6339, 0x5F1A, 0x633A, 0x5F1A, 0x633A, 0x5F1A, 0x6339, 0x5F1A, 0x633A, 0x5F1A, 0x6339, 0x631A, 
    0x6339, 0x631A, 0x6339, 0x631A, 0x6339, 0x633A, 0x633A, 0x633A, 0x6339, 0x633A, 0x633A, 0x633A, 0x633A, 0x633A, 0x633A, 0x633A, 
    0x6339, 0x633A, 0x673A, 0x633A, 0x6339, 0x633A, 0x4A74, 0x39AF, 0x675A, 0x5F19, 0x675A, 0x6B5C, 0x6F7C, 0x6B7C, 0x6B7C, 0x6B7C, 
    0x6B5C, 0x6F7C, 0x6B7C, 0x6F7C, 0x6B7C, 0x6F7C, 0x6B7C, 0x6F7C, 0x6B7D, 0x6F7C, 0x6B7C, 0x6F7C, 0x6B7C, 0x6F7B, 0x6B7C, 0x6F7C, 
    0x6B7C, 0x6B7B, 0x6B7C, 0x6F7C, 0x6F7C, 0x6F7B, 0x6F9D, 0x739C, 0x2D6D, 0x3DF0, 0x6F9E, 0x77DE, 0x73BE, 0x77BE, 0x73BE, 0x77BE, 
    0x73BE, 0x77BE, 0x73BE, 0x77BE, 0x77BF, 0x673A, 0x3DD0, 0x6F7B, 0x675B, 0x673A, 0x673B, 0x675B, 0x673B, 0x675B, 0x633B, 0x673A, 
    0x631A, 0x633A, 0x633B, 0x675A, 0x633B, 0x673A, 0x673B, 0x675A, 0x675B, 0x673B, 0x4E75, 0x318C, 0x316C, 0x314A, 0x34E8, 0x48A4, 
    0x5063, 0x5462, 0x5042, 0x5041, 0x4821, 0x4040, 0x3821, 0x3420, 0x2C01, 0x2463, 0x0800, 0x5AB6, 0x6F9E, 0x6F9C, 0x6B7D, 0x6F9D, 
    0x6F7D, 0x6F9D, 0x6F9D, 0x6F9D, 0x6F7D, 0x6F9D, 0x6F7D, 0x6F9D, 0x6B7D, 0x6B5B, 0x5695, 0x3529, 0x2800, 0x3400, 0x3443, 0x3483, 
    0x2000, 0x30A5, 0x62F8, 0x779C, 0x6ED6, 0x6928, 0x6F5A, 0x6F9D, 0x6F7D, 0x6F9C, 0x6F9D, 0x6F9D, 0x6F9D, 0x739D, 0x6F7D, 0x6F9C, 
    0x6F7D, 0x77DE, 0x6ED6, 0x4C00, 0x5AB7, 0x673A, 0x631A, 0x633A, 0x631A, 0x6339, 0x631A, 0x633A, 0x631A, 0x6339, 0x631A, 0x6339, 
    0x631A, 0x6339, 0x631A, 0x633A, 0x631A, 0x6319, 0x633A, 0x6F7B, 0x6F3A, 0x5A31, 0x4DAE, 0x62D6, 0x6B7C, 0x6F7C, 0x6B5C, 0x6B7B, 
    0x6B5C, 0x6B7B, 0x6B5C, 0x6F7B, 0x6B5C, 0x6B7B, 0x6B5C, 0x6B7B, 0x6B5C, 0x6B7B, 0x6B5C, 0x6B7B, 0x6B5C, 0x6B7B, 0x6B5C, 0x6B7B, 
    0x6B5C, 0x6B7B, 0x6B5C, 0x6B7B, 0x6B5C, 0x6B7B, 0x6B5C, 0x6B7B, 0x6B5C, 0x6B7B, 0x6B5C, 0x6B7B, 0x6B5C, 0x6B7B, 0x6B5C, 0x6B7B, 
    0x6B5C, 0x6B7B, 0x675C, 0x6F9D, 0x6295, 0x5A32, 0x673A, 0x6719, 0x6B5B, 0x6F7B, 0x39CF, 0x4631, 0x6F7D, 0x77BE, 0x739E, 0x73BD, 
    0x73BE, 0x73BE, 0x739E, 0x73BD, 0x73BE, 0x56B6, 0x212B, 0x5AF8, 0x6B5C, 0x6319, 0x633A, 0x633A, 0x631A, 0x6339, 0x631A, 0x6339, 
    0x631A, 0x6339, 0x631A, 0x6339, 0x631A, 0x633A, 0x631A, 0x633A, 0x631A, 0x633A, 0x631A, 0x633A, 0x5F1A, 0x6319, 0x5F1A, 0x633A, 
    0x631A, 0x633A, 0x631A, 0x6339, 0x631A, 0x633A, 0x633A, 0x633A, 0x633A, 0x633A, 0x633A, 0x673A, 0x633A, 0x633A, 0x631A, 0x6339, 
    0x633A, 0x673A, 0x633A, 0x673A, 0x633A, 0x673A, 0x5F1A, 0x35AE, 0x5295, 0x675A, 0x633A, 0x673A, 0x673B, 0x6B7C, 0x6B7D, 0x6B7C, 
    0x675A, 0x675C, 0x6B7C, 0x6B7C, 0x6B7B, 0x6B7C, 0x6B7C, 0x6B7C, 0x6F7C, 0x6B7C, 0x6F7C, 0x6B7C, 0x6F7B, 0x6B7C, 0x6B7B, 0x6B7C, 
    0x6B7B, 0x6B7C, 0x6F9C, 0x6B7C, 0x6B7B, 0x73BE, 0x6B7B, 0x2109, 0x4652, 0x73BE, 0x77DD, 0x73BE, 0x77DD, 0x73BE, 0x77DD, 0x73BE, 
    0x73DD, 0x73BE, 0x73DD, 0x73BE, 0x73DD, 0x73DF, 0x5F18, 0x4210, 0x6F9C, 0x635B, 0x675A, 0x633A, 0x675A, 0x633B, 0x635A, 0x5F1A, 
    0x6339, 0x633A, 0x633A, 0x633A, 0x633A, 0x633A, 0x675A, 0x633B, 0x675A, 0x635B, 0x635B, 0x5296, 0x358D, 0x316C, 0x316A, 0x2D09, 
    0x40C5, 0x4C63, 0x5061, 0x4841, 0x4441, 0x3C21, 0x3820, 0x3021, 0x2C20, 0x2463, 0x0000, 0x4E53, 0x6FBD, 0x6B7D, 0x6F9C, 0x6B9D, 
    0x6F9C, 0x6B9D, 0x6F9D, 0x6F9D, 0x6F9D, 0x6F9D, 0x6F9C, 0x675C, 0x6F9C, 0x73BE, 0x73BD, 0x673A, 0x4E31, 0x2C64, 0x3000, 0x3821, 
    0x3C83, 0x3400, 0x3800, 0x58E6, 0x6400, 0x58E7, 0x77BC, 0x73DE, 0x6F9C, 0x6F9D, 0x6F9C, 0x6F9D, 0x6F9C, 0x6F9D, 0x6F9C, 0x6F9D, 
    0x6FBD, 0x77BD, 0x61AC, 0x4DCF, 0x6339, 0x633A, 0x6339, 0x633A, 0x633A, 0x5F1A, 0x6339, 0x5F1A, 0x6339, 0x5F1A, 0x6339, 0x5F1A, 
    0x633A, 0x633A, 0x6339, 0x5F19, 0x6339, 0x6B7C, 0x6F5A, 0x5A52, 0x498B, 0x5A95, 0x6B7B, 0x6B7C, 0x6B7B, 0x6B7B, 0x6B7B, 0x6B5C, 
    0x6B7B, 0x6B5C, 0x6B7B, 0x6B5C, 0x6B7B, 0x6B7C, 0x6B7B, 0x677C, 0x6B7B, 0x677C, 0x6B7B, 0x677C, 0x6B7B, 0x6B7C, 0x6B7B, 0x6B7C, 
    0x6B7B, 0x675B, 0x6B7B, 0x6B7C, 0x6B7B, 0x675B, 0x6B7B, 0x675B, 0x6B7B, 0x675B, 0x6B7B, 0x675C, 0x6B7B, 0x675C, 0x6B7B, 0x675C, 
    0x6B7B, 0x675B, 0x6F9C, 0x66F8, 0x51AD, 0x6319, 0x6739, 0x6B5B, 0x6B5A, 0x318D, 0x4A73, 0x6F9D, 0x73BD, 0x73BE, 0x73BD, 0x73BE, 
    0x73BD, 0x73BE, 0x73BD, 0x73BE, 0x73DD, 0x6F9D, 0x39EF, 0x35D0, 0x677B, 0x633A, 0x6339, 0x633A, 0x6339, 0x633A, 0x6339, 0x633A, 
    0x6339, 0x633A, 0x6339, 0x631A, 0x6339, 0x633A, 0x633A, 0x5F1A, 0x6339, 0x5F1A, 0x6339, 0x5F1A, 0x6339, 0x5F1A, 0x6339, 0x5F1A, 
    0x6339, 0x5F1A, 0x633A, 0x5F1A, 0x6339, 0x633A, 0x633A, 0x633A, 0x633A, 0x633A, 0x633A, 0x633A, 0x633A, 0x633A, 0x6339, 0x633A, 
    0x633A, 0x633A, 0x633A, 0x633A, 0x633A, 0x633A, 0x635A, 0x52B7, 0x35AD, 0x633A, 0x675A, 0x633A, 0x6339, 0x633A, 0x675B, 0x6B7C, 
    0x631A, 0x673A, 0x673B, 0x6F7C, 0x6B5C, 0x6B7C, 0x6B5C, 0x6F7C, 0x6B7C, 0x6F7C, 0x6B5C, 0x6F7C, 0x6B5C, 0x6F7C, 0x6B5C, 0x6B5B, 
    0x6B5B, 0x6F7C, 0x6B5C, 0x6F7B, 0x73BE, 0x6B5A, 0x1486, 0x4E94, 0x77BF, 0x77BE, 0x73BE, 0x77BE, 0x73BE, 0x77BE, 0x73BE, 0x77BE, 
    0x73BE, 0x77BE, 0x73BE, 0x77BE, 0x73BE, 0x77BE, 0x77BF, 0x5295, 0x4E74, 0x739D, 0x673B, 0x673A, 0x633B, 0x675B, 0x633B, 0x633A, 
    0x5F1A, 0x633A, 0x631A, 0x631A, 0x631A, 0x673A, 0x673B, 0x675A, 0x673B, 0x673A, 0x633B, 0x673B, 0x56B7, 0x39AE, 0x314B, 0x314B, 
    0x2D2A, 0x3CC6, 0x4843, 0x4C41, 0x4421, 0x3C21, 0x3401, 0x3020, 0x2801, 0x2463, 0x0000, 0x4610, 0x6F9D, 0x6F7D, 0x6F7D, 0x6F9D, 
    0x6F7D, 0x6F9D, 0x6F9D, 0x6F9D, 0x6F7D, 0x6F9D, 0x675C, 0x6F7C, 0x739E, 0x73BD, 0x739E, 0x77BE, 0x739D, 0x62F7, 0x418D, 0x3400, 
    0x3800, 0x4863, 0x5084, 0x6062, 0x5CA5, 0x5400, 0x6694, 0x7FFF, 0x739E, 0x739D, 0x6F9D, 0x739D, 0x6F9D, 0x739D, 0x6F7D, 0x739D, 
    0x73BE, 0x7B5A, 0x5884, 0x5AB5, 0x633B, 0x673A, 0x631A, 0x633A, 0x631A, 0x633A, 0x631A, 0x631A, 0x631A, 0x633A, 0x631A, 0x633A, 
    0x631A, 0x6319, 0x631A, 0x6B7B, 0x6F5B, 0x5E94, 0x496D, 0x5A73, 0x6B3B, 0x6F9C, 0x6B5C, 0x6F7B, 0x6B5C, 0x6F7C, 0x6B5C, 0x6F7C, 
    0x6B5C, 0x6F7C, 0x6B5C, 0x6B7C, 0x6B5C, 0x6B7B, 0x6B5C, 0x6B7B, 0x6B5C, 0x6B7B, 0x6B5C, 0x6B7B, 0x6B5C, 0x6B7B, 0x6B5C, 0x6B7B, 
    0x6B5C, 0x6B7B, 0x6B5C, 0x6B7B, 0x6B5C, 0x6B7B, 0x6B5C, 0x6B7B, 0x6B5C, 0x6B7B, 0x6B5C, 0x6B7B, 0x6B5C, 0x6B7C, 0x6B5C, 0x6F7C, 
    0x6B5C, 0x6F9C, 0x6AF8, 0x514A, 0x62D7, 0x6739, 0x6B3B, 0x6B3A, 0x2D6C, 0x4E74, 0x739E, 0x77BE, 0x739E, 0x77BE, 0x73BE, 0x77BE, 
    0x73BE, 0x77BE, 0x73BE, 0x77BE, 0x739E, 0x77DE, 0x5F19, 0x2109, 0x5296, 0x6F7C, 0x6319, 0x6339, 0x631A, 0x633A, 0x631A, 0x673A, 
    0x631A, 0x633A, 0x631A, 0x633A, 0x631A, 0x633A, 0x631A, 0x633A, 0x631A, 0x633A, 0x5F1A, 0x631A, 0x5F1A, 0x6319, 0x631A, 0x631A, 
    0x5F1A, 0x633A, 0x631A, 0x6319, 0x631A, 0x673A, 0x631A, 0x673A, 0x631B, 0x673A, 0x631A, 0x673A, 0x631A, 0x673A, 0x631A, 0x673A, 
    0x631A, 0x673A, 0x631A, 0x673A, 0x633B, 0x673A, 0x631A, 0x673A, 0x3E12, 0x4E53, 0x675C, 0x673A, 0x631A, 0x6319, 0x631A, 0x673A, 
    0x6339, 0x633A, 0x633A, 0x633B, 0x6B7B, 0x6B7D, 0x6B7C, 0x6B7C, 0x6F7C, 0x6B7C, 0x6F7C, 0x6B7C, 0x6F7C, 0x6B5C, 0x6B7B, 0x6719, 
    0x6B18, 0x6B7C, 0x6B7B, 0x73BE, 0x6318, 0x1086, 0x56D6, 0x77BE, 0x77DE, 0x73BE, 0x77DE, 0x73BE, 0x77DE, 0x73BE, 0x77DE, 0x73BE, 
    0x77DE, 0x73BE, 0x77DE, 0x73BE, 0x77DE, 0x73BE, 0x77DE, 0x73BE, 0x4232, 0x5AD7, 0x739D, 0x633B, 0x675A, 0x633B, 0x6339, 0x5F1A, 
    0x6339, 0x5F1A, 0x633A, 0x631A, 0x633A, 0x633A, 0x673A, 0x633A, 0x675A, 0x633B, 0x675A, 0x633B, 0x675B, 0x56D8, 0x39AE, 0x314B, 
    0x316B, 0x2D2A, 0x34A5, 0x4042, 0x4441, 0x3821, 0x3420, 0x2C01, 0x2820, 0x2043, 0x0000, 0x358D, 0x6F9C, 0x6B7D, 0x6F9C, 0x6B9D, 
    0x6F9C, 0x6B9D, 0x6F9D, 0x6F9D, 0x6F9D, 0x675C, 0x6F7C, 0x739E, 0x73BD, 0x73BE, 0x73BD, 0x739E, 0x73BD, 0x73BE, 0x6F7B, 0x5A95, 
    0x456B, 0x4000, 0x5462, 0x6084, 0x5462, 0x5884, 0x5400, 0x6B18, 0x7FFF, 0x73BD, 0x739C, 0x6F9D, 0x739D, 0x6F9D, 0x739D, 0x6F9D, 
    0x77DE, 0x7294, 0x5929, 0x5EF9, 0x633A, 0x5F1A, 0x6339, 0x633A, 0x633A, 0x5F1A, 0x633A, 0x631A, 0x633A, 0x633A, 0x633A, 0x5F1A, 
    0x6339, 0x675C, 0x6B7B, 0x5AB5, 0x49CD, 0x5653, 0x6B5A, 0x6F7C, 0x6B7B, 0x6B7C, 0x6B7B, 0x6B7C, 0x6F7C, 0x6B5C, 0x6B7B, 0x6B7C, 
    0x6B7B, 0x6B7C, 0x6B7B, 0x6B7C, 0x6B7B, 0x6B7C, 0x6B7B, 0x6B5C, 0x6B7B, 0x675C, 0x6B7B, 0x6B5C, 0x6B7B, 0x6B5C, 0x6B7B, 0x6B7C, 
    0x6B7B, 0x6B5C, 0x6B7B, 0x6B5C, 0x6B7B, 0x6B5C, 0x6B7B, 0x675C, 0x6B7B, 0x6B5C, 0x6B7B, 0x6B5C, 0x6B7B, 0x6B5C, 0x6B7B, 0x6B5C, 
    0x6F9C, 0x6AF8, 0x5106, 0x5A95, 0x6739, 0x6B5B, 0x6739, 0x2D6C, 0x56B5, 0x73BE, 0x73BD, 0x73BE, 0x73BD, 0x73BE, 0x73BD, 0x73BE, 
    0x73BD, 0x73BE, 0x73BD, 0x73BE, 0x73BD, 0x73BE, 0x73BD, 0x4653, 0x294B, 0x633A, 0x675A, 0x5F1A, 0x6339, 0x633A, 0x6339, 0x633A, 
    0x6339, 0x633A, 0x6339, 0x631A, 0x6339, 0x5F1A, 0x6339, 0x5F1A, 0x5F39, 0x5F1A, 0x6339, 0x5F1A, 0x6339, 0x5F1A, 0x6339, 0x5F19, 
    0x6339, 0x5F1A, 0x6339, 0x5F1A, 0x633A, 0x631A, 0x633A, 0x633A, 0x633A, 0x633A, 0x633A, 0x633A, 0x633A, 0x633A, 0x673A, 0x633A, 
    0x673A, 0x633A, 0x673A, 0x633A, 0x633A, 0x633A, 0x633A, 0x633A, 0x5F19, 0x2D8E, 0x5EF8, 0x673B, 0x633A, 0x631A, 0x633A, 0x633A, 
    0x631A, 0x6339, 0x631A, 0x633A, 0x631A, 0x675B, 0x6B5C, 0x6F7C, 0x6B7C, 0x6F7C, 0x6B7D, 0x6F7C, 0x6B7C, 0x6F7B, 0x6B5B, 0x6B5A, 
    0x6B1A, 0x6F7B, 0x739D, 0x56D5, 0x10A6, 0x6319, 0x77DF, 0x77BE, 0x73BE, 0x77BE, 0x73BE, 0x77BE, 0x73BE, 0x77BE, 0x73BE, 0x77BE, 
    0x73BE, 0x77BE, 0x73BE, 0x77DE, 0x73BE, 0x77BE, 0x73BE, 0x77DE, 0x6F7D, 0x3DEF, 0x6719, 0x6F9C, 0x633B, 0x673A, 0x631A, 0x633A, 
    0x631A, 0x6339, 0x631A, 0x633A, 0x631A, 0x673A, 0x633A, 0x673A, 0x673B, 0x675A, 0x673B, 0x675A, 0x633B, 0x675B, 0x5AD9, 0x3DD0, 
    0x2D4B, 0x314B, 0x2D4B, 0x2CC6, 0x3822, 0x3C21, 0x3001, 0x2C20, 0x2801, 0x2442, 0x0800, 0x2929, 0x6B5C, 0x6F9C, 0x6F7D, 0x6F9C, 
    0x6F7D, 0x6F9D, 0x6F7D, 0x6F9D, 0x675C, 0x6F7C, 0x739E, 0x73BD, 0x739E, 0x73BD, 0x73BE, 0x73BE, 0x739E, 0x73BD, 0x73BE, 0x73BD, 
    0x6739, 0x5631, 0x4843, 0x5C00, 0x5063, 0x5462, 0x4C42, 0x5000, 0x775A, 0x7FFF, 0x77BE, 0x739D, 0x6F9D, 0x6F9D, 0x6F7D, 0x739D, 
    0x77BE, 0x6DAC, 0x5D8D, 0x6739, 0x631A, 0x633A, 0x631A, 0x633A, 0x631A, 0x633A, 0x5F1A, 0x633A, 0x633A, 0x6339, 0x631A, 0x675B, 
    0x6B7C, 0x5EF7, 0x45F0, 0x5673, 0x673A, 0x6F9C, 0x6B7C, 0x6B7B, 0x6B7C, 0x6F7B, 0x6B7C, 0x6F7C, 0x6B5C, 0x6B7B, 0x6B5C, 0x6F7B, 
    0x6B5C, 0x6B7C, 0x6B7C, 0x6B7B, 0x6B7C, 0x6B7B, 0x6B5C, 0x6B7B, 0x6B5C, 0x6B7B, 0x6B5C, 0x6B7B, 0x6B5C, 0x6B7B, 0x6B5C, 0x6B7B, 
    0x6B5C, 0x6B7B, 0x6B5C, 0x6B7B, 0x6B5C, 0x6B7B, 0x6B5C, 0x6B7B, 0x6B5C, 0x6B7B, 0x6B5C, 0x6B7B, 0x6B5C, 0x6B7B, 0x675C, 0x6F9C, 
    0x6F19, 0x5507, 0x5A53, 0x6719, 0x6B5B, 0x6739, 0x2D6B, 0x5AD6, 0x73BE, 0x77BD, 0x73BE, 0x77BE, 0x73BE, 0x77BE, 0x73BE, 0x77BE, 
    0x73BE, 0x77BD, 0x73BE, 0x77BD, 0x73BE, 0x73BD, 0x73BE, 0x6B7B, 0x294B, 0x4633, 0x6B7C, 0x6339, 0x631A, 0x6339, 0x633A, 0x633A, 
    0x633A, 0x6339, 0x631A, 0x633A, 0x631A, 0x6339, 0x5F1A, 0x6339, 0x5F1A, 0x6339, 0x5F1A, 0x633A, 0x631A, 0x6319, 0x5F1A, 0x6319, 
    0x631A, 0x6339, 0x5F1A, 0x6339, 0x5F1A, 0x633A, 0x633A, 0x633A, 0x633A, 0x633A, 0x633A, 0x673A, 0x633A, 0x673A, 0x631A, 0x673A, 
    0x633A, 0x673A, 0x633B, 0x673A, 0x631A, 0x633A, 0x633A, 0x633A, 0x633B, 0x4A74, 0x3DD0, 0x675A, 0x633A, 0x633A, 0x631A, 0x673A, 
    0x6339, 0x633A, 0x6339, 0x633A, 0x6339, 0x631A, 0x6339, 0x675B, 0x6F9C, 0x6B7C, 0x6B7C, 0x6B7C, 0x6B7C, 0x6B7C, 0x6B5A, 0x6B5B, 
    0x6F7B, 0x6F9C, 0x4A52, 0x14C7, 0x675A, 0x77DF, 0x73DD, 0x73BE, 0x77DD, 0x73BE, 0x77DD, 0x73BE, 0x77DE, 0x73BE, 0x77DE, 0x73BE, 
    0x77DE, 0x73BE, 0x77DE, 0x73BE, 0x77DE, 0x73BE, 0x77DE, 0x73BE, 0x77DE, 0x675B, 0x35AD, 0x6B5B, 0x6B7C, 0x633B, 0x675A, 0x633A, 
    0x633A, 0x633A, 0x633A, 0x633A, 0x633A, 0x631A, 0x6339, 0x633A, 0x675A, 0x633A, 0x675A, 0x675B, 0x675B, 0x633B, 0x675B, 0x56F9, 
    0x39D0, 0x2D6C, 0x35CE, 0x212A, 0x1C41, 0x3442, 0x3020, 0x2821, 0x2820, 0x2021, 0x1000, 0x1043, 0x675A, 0x6F9D, 0x6F9C, 0x6B7C, 
    0x6F9C, 0x6B9D, 0x6F9C, 0x675B, 0x6B7B, 0x6FBD, 0x73BD, 0x73BE, 0x73BD, 0x73BE, 0x73BD, 0x73BE, 0x73BD, 0x73BE, 0x73BD, 0x73BD, 
    0x73BD, 0x6F7C, 0x62D6, 0x514A, 0x5000, 0x5063, 0x4C83, 0x5420, 0x64E6, 0x735A, 0x7FFF, 0x7BDE, 0x77DD, 0x73BD, 0x73BD, 0x77DF, 
    0x777A, 0x6000, 0x54C5, 0x6719, 0x675B, 0x633A, 0x675A, 0x633A, 0x633A, 0x633A, 0x633A, 0x5F1A, 0x633A, 0x675C, 0x6F7C, 0x5F19, 
    0x4630, 0x4612, 0x6B5A, 0x6B9D, 0x6B7B, 0x6B5B, 0x6B7B, 0x6B7C, 0x6B7B, 0x6B7C, 0x6B7B, 0x6B7C, 0x6B7B, 0x6B7C, 0x6B7B, 0x6B7C, 
    0x6B7B, 0x6B7C, 0x6B7B, 0x6B7C, 0x6B7B, 0x6B7C, 0x6B7B, 0x677C, 0x6B7B, 0x677C, 0x6B7B, 0x677C, 0x6B7B, 0x6B7C, 0x6B7B, 0x677C, 
    0x6B7B, 0x6B7C, 0x6B7B, 0x6B7C, 0x6B7B, 0x6B7C, 0x6B7B, 0x6B7B, 0x6B7B, 0x6B7C, 0x6B7B, 0x677B, 0x6B7B, 0x675B, 0x6B9C, 0x6F5A, 
    0x5948, 0x5A53, 0x6318, 0x6B7B, 0x5F17, 0x2D6C, 0x5AF7, 0x73BE, 0x73BD, 0x73BE, 0x73BD, 0x73BE, 0x73DD, 0x73BE, 0x73DD, 0x73BE, 
    0x73DD, 0x73BE, 0x73DD, 0x73BE, 0x73DD, 0x73BE, 0x73BD, 0x73BE, 0x5AF7, 0x18C8, 0x5AF8, 0x6B7C, 0x6339, 0x5F3A, 0x6339, 0x633A, 
    0x6339, 0x633A, 0x6339, 0x5F3A, 0x6339, 0x5F1A, 0x6339, 0x5F1A, 0x5F39, 0x5F19, 0x6339, 0x5F1A, 0x6339, 0x5F1A, 0x6339, 0x5F1A, 
    0x6339, 0x5F1A, 0x6339, 0x5F19, 0x6339, 0x5F1A, 0x6339, 0x633A, 0x633A, 0x633A, 0x6339, 0x633A, 0x6339, 0x633A, 0x6339, 0x633A, 
    0x635A, 0x633A, 0x673A, 0x633A, 0x633A, 0x633A, 0x633A, 0x633A, 0x673A, 0x5F1A, 0x35CE, 0x52B6, 0x675A, 0x5F19, 0x6339, 0x5F3A, 
    0x631A, 0x673A, 0x631A, 0x6739, 0x631A, 0x673A, 0x631A, 0x631A, 0x673B, 0x6F7C, 0x6F7D, 0x6F7C, 0x6B5C, 0x6F7B, 0x6B5B, 0x6F7B, 
    0x6F7C, 0x3DEF, 0x294C, 0x6B5B, 0x77BF, 0x77BE, 0x73BE, 0x77BE, 0x73BE, 0x77BE, 0x73BE, 0x77BE, 0x73BE, 0x77BE, 0x73BE, 0x77BE, 
    0x73BE, 0x77BE, 0x73BE, 0x77BE, 0x73BE, 0x77BE, 0x73BE, 0x77BE, 0x73BE, 0x77DE, 0x5EF9, 0x3DCE, 0x739D, 0x6B5B, 0x673B, 0x673B, 
    0x633B, 0x673A, 0x633B, 0x673A, 0x673B, 0x675A, 0x673B, 0x675A, 0x673B, 0x673A, 0x673B, 0x675B, 0x673B, 0x673B, 0x633B, 0x675B, 
    0x5AFA, 0x4632, 0x39AF, 0x292A, 0x1CC7, 0x2C85, 0x3000, 0x2C20, 0x2401, 0x2021, 0x1422, 0x0000, 0x62F9, 0x739D, 0x6B7D, 0x6F9C, 
    0x6F7D, 0x6F9D, 0x6B5C, 0x6B7C, 0x739E, 0x73BE, 0x739E, 0x77BE, 0x739E, 0x77BE, 0x73BE, 0x77BE, 0x73BE, 0x77BE, 0x73BE, 0x73BD, 
    0x739E, 0x77BD, 0x739E, 0x6F3A, 0x594B, 0x5800, 0x5064, 0x5CA4, 0x6441, 0x60C5, 0x7319, 0x7FFF, 0x7FFF, 0x7FFF, 0x7FDF, 0x7FFF, 
    0x6E73, 0x5C00, 0x4400, 0x49AD, 0x6F5B, 0x6F7C, 0x633B, 0x673A, 0x633B, 0x633A, 0x62FA, 0x6B5B, 0x6F7D, 0x5EF8, 0x39D0, 0x0004, 
    0x3DB0, 0x77BD, 0x6B7C, 0x6B5B, 0x6B5C, 0x6F7C, 0x6B5C, 0x6F7C, 0x6B5C, 0x6F7C, 0x6B5C, 0x6F7C, 0x6B5C, 0x6F7C, 0x6B5C, 0x6F7C, 
    0x6B5C, 0x6F7C, 0x6B5C, 0x6B7C, 0x6B5C, 0x6B7C, 0x6B5C, 0x6B7C, 0x6B5C, 0x6B7C, 0x6B5C, 0x6B7C, 0x6B5C, 0x6B7B, 0x6B5C, 0x6B7C, 
    0x6B5C, 0x6B7B, 0x6B5C, 0x6F7B, 0x6B5C, 0x6F7B, 0x6B5C, 0x6F7B, 0x6B5C, 0x6B7B, 0x6B5C, 0x6F7C, 0x6B5C, 0x6B7C, 0x735B, 0x5D6A, 
    0x5A12, 0x66F8, 0x6B5B, 0x62F8, 0x316C, 0x62F8, 0x77BF, 0x77BE, 0x739E, 0x77BE, 0x73BE, 0x77BE, 0x73BE, 0x77BE, 0x73BE, 0x77BE, 
    0x73BE, 0x77BE, 0x73BE, 0x77BE, 0x73BE, 0x77BE, 0x73BE, 0x77BD, 0x739E, 0x4211, 0x318F, 0x6B5B, 0x673B, 0x6339, 0x631A, 0x6339, 
    0x631A, 0x673A, 0x631A, 0x6339, 0x631A, 0x633A, 0x631A, 0x6319, 0x631A, 0x6319, 0x631A, 0x6319, 0x631A, 0x633A, 0x631A, 0x631A, 
    0x5F1A, 0x6319, 0x631A, 0x631A, 0x631A, 0x6339, 0x631A, 0x633A, 0x633B, 0x633A, 0x631A, 0x673A, 0x633B, 0x673A, 0x633A, 0x673A, 
    0x633B, 0x673A, 0x633A, 0x673A, 0x633B, 0x673A, 0x631A, 0x673A, 0x631A, 0x673A, 0x52B7, 0x318D, 0x6319, 0x673A, 0x631A, 0x633A, 
    0x633A, 0x633A, 0x6339, 0x631A, 0x6339, 0x631A, 0x6339, 0x631A, 0x6339, 0x633A, 0x6B7C, 0x6F7D, 0x6F7B, 0x6B5B, 0x6F9C, 0x6B7C, 
    0x35AE, 0x35AF, 0x6F9C, 0x77DF, 0x77DD, 0x73BE, 0x77DE, 0x73BE, 0x77DE, 0x73BE, 0x77DE, 0x73BE, 0x77DE, 0x73BE, 0x77DE, 0x73BE, 
    0x77DE, 0x73BE, 0x77DE, 0x73BE, 0x77DE, 0x73BE, 0x77DE, 0x73BE, 0x77DE, 0x73BE, 0x77DE, 0x5296, 0x4631, 0x73BE, 0x675B, 0x673B, 
    0x675B, 0x633B, 0x633A, 0x633A, 0x6B5B, 0x675B, 0x675A, 0x673B, 0x675B, 0x673B, 0x675A, 0x633B, 0x675B, 0x633B, 0x675A, 0x633B, 
    0x675B, 0x5AF9, 0x3DF0, 0x1CA6, 0x318D, 0x2108, 0x2020, 0x2821, 0x2420, 0x1C01, 0x1863, 0x0000, 0x5AD6, 0x6F9D, 0x6F9C, 0x6B7D, 
    0x6F9C, 0x6B7C, 0x6B7B, 0x6F9E, 0x73BD, 0x73BE, 0x73BD, 0x73BE, 0x73BE, 0x73BE, 0x73BE, 0x73BE, 0x73BE, 0x73BE, 0x73BD, 0x73BE, 
    0x73BD, 0x6FBD, 0x73BD, 0x77DE, 0x6251, 0x4800, 0x4C00, 0x5400, 0x64C4, 0x6083, 0x6000, 0x6A73, 0x7BDD, 0x7FFF, 0x7FFF, 0x7339, 
    0x5CA5, 0x4C21, 0x3884, 0x2000, 0x3507, 0x5AB6, 0x6F7B, 0x6F9D, 0x73BD, 0x6F9D, 0x675A, 0x56B7, 0x4211, 0x3E11, 0x56D6, 0x52B6, 
    0x316B, 0x5EF6, 0x77BC, 0x6B7D, 0x6B7B, 0x6B5C, 0x6F7B, 0x6B7C, 0x6B7B, 0x6B7C, 0x6B7C, 0x6B7C, 0x6B7C, 0x6B5C, 0x6B7B, 0x6B7C, 
    0x6F7B, 0x6B7C, 0x6B7B, 0x6B7C, 0x6B7B, 0x6B7C, 0x6B7B, 0x6B7C, 0x6B7C, 0x6B7C, 0x6B7B, 0x6B5C, 0x6B7B, 0x6B5C, 0x6B7B, 0x6B5C, 
    0x6B7B, 0x6B5C, 0x6B7B, 0x6B5C, 0x6B7B, 0x6B5C, 0x6B7B, 0x6B5C, 0x6B7B, 0x6B5C, 0x6B7B, 0x6B5C, 0x6B7C, 0x6F7B, 0x5DAC, 0x55CF, 
    0x62F8, 0x6B5B, 0x5EF7, 0x316D, 0x6318, 0x77BF, 0x73BE, 0x73BE, 0x77BE, 0x73BE, 0x77BD, 0x73BE, 0x77BE, 0x73BE, 0x77BD, 0x73BE, 
    0x77BD, 0x73BE, 0x77BD, 0x73BE, 0x77BD, 0x73BE, 0x77BD, 0x73BE, 0x77DE, 0x675B, 0x1CE7, 0x4A95, 0x6B9C, 0x6319, 0x6339, 0x633A, 
    0x6339, 0x631A, 0x6339, 0x631A, 0x6339, 0x631A, 0x6339, 0x5F1A, 0x6339, 0x5F1A, 0x6339, 0x5F1A, 0x6339, 0x5F1A, 0x6339, 0x5F19, 
    0x6319, 0x5F1A, 0x6339, 0x5F1A, 0x6339, 0x5F3A, 0x6339, 0x633A, 0x633A, 0x633A, 0x633A, 0x633A, 0x673A, 0x633A, 0x633A, 0x633A, 
    0x673A, 0x633A, 0x673A, 0x633A, 0x673A, 0x633A, 0x633A, 0x633A, 0x633A, 0x633A, 0x633A, 0x3E12, 0x4631, 0x673B, 0x633A, 0x633B, 
    0x631A, 0x673A, 0x633A, 0x633A, 0x631A, 0x673A, 0x631A, 0x673A, 0x631A, 0x673A, 0x633B, 0x6B5B, 0x6B7D, 0x739D, 0x6B5B, 0x2D6B, 
    0x4211, 0x739D, 0x77BE, 0x77BE, 0x73BE, 0x77DE, 0x73BE, 0x77DE, 0x73BE, 0x77DE, 0x73BE, 0x77DE, 0x73BE, 0x77BE, 0x73BE, 0x77BE, 
    0x73BE, 0x77BE, 0x73BE, 0x77BE, 0x73BE, 0x77BE, 0x73BE, 0x77BE, 0x73BE, 0x77BE, 0x73BF, 0x77BE, 0x4633, 0x56B4, 0x77BE, 0x675A, 
    0x675C, 0x675A, 0x673B, 0x675A, 0x673B, 0x675A, 0x673B, 0x673B, 0x673C, 0x675B, 0x673B, 0x675B, 0x673B, 0x675B, 0x673C, 0x675B, 
    0x633B, 0x675B, 0x5AF9, 0x4633, 0x39D0, 0x2D4B, 0x18A7, 0x1821, 0x2001, 0x1C20, 0x1863, 0x0000, 0x4E74, 0x739D, 0x6B7D, 0x6F9D, 
    0x6B7C, 0x6B7B, 0x6F9D, 0x73BE, 0x73BE, 0x73BE, 0x73BE, 0x77BE, 0x73BE, 0x77BE, 0x73BE, 0x77BE, 0x73BE, 0x73BE, 0x73BE, 0x73BE, 
    0x73BE, 0x73BD, 0x73BE, 0x77BD, 0x4D8C, 0x498C, 0x5612, 0x5507, 0x5800, 0x6084, 0x60A5, 0x5C00, 0x616B, 0x6EB5, 0x65F0, 0x6000, 
    0x4C22, 0x3C22, 0x3400, 0x30E6, 0x312A, 0x2D2A, 0x4211, 0x5294, 0x5295, 0x4A52, 0x3E11, 0x4E94, 0x631A, 0x6B5B, 0x6B5B, 0x6F7C, 
    0x633A, 0x4A53, 0x4A11, 0x6B17, 0x737C, 0x6F9D, 0x6B7C, 0x6B7B, 0x6B5C, 0x6B7C, 0x6B5C, 0x6B7C, 0x6B7C, 0x6B7B, 0x6B5C, 0x6F7C, 
    0x6B5C, 0x6F7C, 0x6B7C, 0x6B7B, 0x6B5C, 0x6B7B, 0x6B5C, 0x6B7B, 0x6B5C, 0x6B7B, 0x6B5C, 0x6B7B, 0x6B5C, 0x6B7B, 0x6B5C, 0x6B7B, 
    0x6B5C, 0x6B7B, 0x6B5C, 0x6B7B, 0x6B5C, 0x6F7B, 0x6B5C, 0x6B7B, 0x6B5C, 0x6B7C, 0x6B7C, 0x6B7B, 0x6F7C, 0x620F, 0x556D, 0x62D7, 
    0x6B3A, 0x5AD6, 0x35AD, 0x6739, 0x77BF, 0x73BE, 0x73BE, 0x77BE, 0x73BE, 0x77BE, 0x73BE, 0x77BE, 0x73BE, 0x77BE, 0x73BE, 0x77BE, 
    0x73BE, 0x77BE, 0x73BE, 0x77BE, 0x73BE, 0x77BD, 0x73BE, 0x77BE, 0x73BE, 0x77DE, 0x5296, 0x18E8, 0x5F1A, 0x6B7B, 0x631A, 0x673A, 
    0x631A, 0x6339, 0x631A, 0x6339, 0x631A, 0x6339, 0x631A, 0x6339, 0x631A, 0x6319, 0x631A, 0x6339, 0x5F1A, 0x6339, 0x631A, 0x6319, 
    0x631A, 0x6319, 0x5F1A, 0x6339, 0x631A, 0x633A, 0x631A, 0x633A, 0x633A, 0x633A, 0x633A, 0x673A, 0x633A, 0x673A, 0x633A, 0x673A, 
    0x633A, 0x673A, 0x633A, 0x673A, 0x633B, 0x673A, 0x633A, 0x673A, 0x633A, 0x633A, 0x633A, 0x5AF8, 0x2D6D, 0x5AD7, 0x633B, 0x675A, 
    0x6339, 0x633A, 0x6339, 0x633A, 0x6339, 0x633A, 0x6339, 0x633A, 0x633A, 0x633A, 0x633A, 0x5F3A, 0x6F9C, 0x675B, 0x2108, 0x4653, 
    0x73BD, 0x73BE, 0x77DD, 0x73BE, 0x77DE, 0x73BE, 0x77DE, 0x73BE, 0x77DE, 0x73BE, 0x77DE, 0x73BE, 0x77DE, 0x73BE, 0x77DE, 0x73BE, 
    0x77DE, 0x73BE, 0x77DE, 0x73BE, 0x77DE, 0x73BE, 0x77DE, 0x73BE, 0x77DE, 0x73BE, 0x77DD, 0x73BE, 0x73BD, 0x3E11, 0x5EF6, 0x73BE, 
    0x675A, 0x675B, 0x675A, 0x633A, 0x675A, 0x673B, 0x675A, 0x675B, 0x677B, 0x635C, 0x675B, 0x675B, 0x677B, 0x675C, 0x675B, 0x633B, 
    0x635B, 0x633B, 0x675B, 0x675C, 0x56D7, 0x2D6E, 0x2529, 0x10A6, 0x0C21, 0x1401, 0x1462, 0x0000, 0x4210, 0x6F9D, 0x6B9C, 0x6B7C, 
    0x6B7B, 0x6F9D, 0x73BD, 0x73BE, 0x73BE, 0x73BE, 0x73BE, 0x73BE, 0x73BE, 0x73BE, 0x73DD, 0x73BE, 0x73DD, 0x73BE, 0x73BD, 0x73BE, 
    0x73BD, 0x6FBE, 0x77FE, 0x6F5B, 0x3C84, 0x5695, 0x6739, 0x62F9, 0x5E10, 0x5400, 0x5841, 0x5884, 0x5800, 0x5800, 0x5C00, 0x5442, 
    0x3800, 0x3040, 0x456A, 0x5274, 0x5F18, 0x633A, 0x5F18, 0x4E95, 0x4E95, 0x5AD8, 0x675B, 0x6B9C, 0x6F9C, 0x675B, 0x6B5A, 0x6B7B, 
    0x6F9C, 0x6B9D, 0x6339, 0x4A53, 0x520F, 0x66D6, 0x739B, 0x6F9D, 0x6B9C, 0x677C, 0x6B7B, 0x6B5C, 0x6B7B, 0x6B7C, 0x6B7B, 0x6B7C, 
    0x6B7B, 0x6B7C, 0x6B7B, 0x6B7C, 0x6B7B, 0x6B7C, 0x6B7B, 0x6B7C, 0x6B7B, 0x6B7C, 0x6B7B, 0x675B, 0x6B7B, 0x6B7C, 0x6B7B, 0x6B7C, 
    0x6B7B, 0x6B7C, 0x6B7B, 0x6B7C, 0x6B7B, 0x6B7C, 0x6B7B, 0x6B7C, 0x6B7B, 0x6B7C, 0x6B7B, 0x6F9D, 0x6672, 0x512A, 0x62D7, 0x673A, 
    0x56B4, 0x35CE, 0x675A, 0x73BE, 0x73BD, 0x73BE, 0x73DD, 0x73BE, 0x73DD, 0x73BE, 0x73DD, 0x73BE, 0x77DD, 0x73BE, 0x77DD, 0x73BE, 
    0x73DD, 0x73BE, 0x73DD, 0x73BE, 0x73DD, 0x73BE, 0x73BD, 0x73BE, 0x73BD, 0x73BE, 0x6FBD, 0x2D8D, 0x3A10, 0x6B7C, 0x675A, 0x633A, 
    0x6339, 0x6339, 0x6339, 0x5F3A, 0x6339, 0x631A, 0x6339, 0x631A, 0x6339, 0x5F1A, 0x6339, 0x5F19, 0x6339, 0x5F1A, 0x6339, 0x5F1A, 
    0x6339, 0x5F1A, 0x6339, 0x5F19, 0x6339, 0x633A, 0x6339, 0x633A, 0x633A, 0x633A, 0x633A, 0x633A, 0x633A, 0x633A, 0x633A, 0x633B, 
    0x635A, 0x633A, 0x6339, 0x633A, 0x6339, 0x633A, 0x633A, 0x633A, 0x633A, 0x633A, 0x6339, 0x633A, 0x4674, 0x318D, 0x633A, 0x633B, 
    0x631A, 0x673A, 0x631B, 0x673A, 0x631B, 0x673A, 0x633A, 0x673A, 0x631B, 0x673A, 0x631B, 0x6F7C, 0x673A, 0x1CC7, 0x5296, 0x77BE, 
    0x77BE, 0x77BE, 0x77BF, 0x77BE, 0x77BE, 0x77BE, 0x77BF, 0x77BE, 0x77BF, 0x77BE, 0x77BF, 0x77BE, 0x77BE, 0x77BE, 0x77BE, 0x77BE, 
    0x77BE, 0x77BE, 0x77BE, 0x77BE, 0x77BE, 0x77BE, 0x77BE, 0x77BE, 0x77BE, 0x77BE, 0x77BE, 0x77BE, 0x77BF, 0x6F9C, 0x35AF, 0x6739, 
    0x739D, 0x673A, 0x673C, 0x675B, 0x673B, 0x675B, 0x673B, 0x675B, 0x673C, 0x675B, 0x675C, 0x6B5B, 0x673C, 0x675B, 0x675C, 0x675B, 
    0x633B, 0x673B, 0x673C, 0x739D, 0x739E, 0x56D8, 0x254D, 0x1CE8, 0x0C65, 0x0800, 0x0C43, 0x0000, 0x318D, 0x6F9D, 0x6B7C, 0x6B5B, 
    0x739D, 0x77BE, 0x739E, 0x77BE, 0x739E, 0x77BE, 0x73BE, 0x77BE, 0x73BE, 0x77BE, 0x73BE, 0x77BE, 0x73BE, 0x77BE, 0x73BE, 0x77BE, 
    0x73BE, 0x73BE, 0x7BDF, 0x5EB4, 0x3D0B, 0x5EF8, 0x631A, 0x6F7C, 0x6B5B, 0x6273, 0x5464, 0x5421, 0x5064, 0x58C6, 0x5885, 0x5529, 
    0x55F0, 0x5E95, 0x671A, 0x6F7C, 0x6B7D, 0x6F7C, 0x6F7D, 0x739D, 0x6F7D, 0x739D, 0x6F7D, 0x6F7C, 0x6B5C, 0x6F7C, 0x6B5B, 0x6B5B, 
    0x6B5C, 0x6F7C, 0x6F7D, 0x6F9D, 0x631A, 0x5653, 0x55CF, 0x6A94, 0x6F5B, 0x739D, 0x6B7D, 0x6B7C, 0x6B5C, 0x6F7C, 0x6B5C, 0x6F7C, 
    0x6B5C, 0x6F7C, 0x6B5C, 0x6F7C, 0x6B5C, 0x6F7C, 0x6B5C, 0x6F7C, 0x6B5C, 0x6F7C, 0x6B5C, 0x6B7B, 0x6B5C, 0x6B7C, 0x6B5C, 0x6B7C, 
    0x6B5C, 0x6F7C, 0x6B5C, 0x6F7C, 0x6B5C, 0x6F7C, 0x6B5C, 0x6F7C, 0x6B5C, 0x6F7B, 0x6F9D, 0x6AB5, 0x58C8, 0x5EB6, 0x673A, 0x5273, 
    0x39AE, 0x6B5B, 0x77BF, 0x77BE, 0x73BE, 0x77BE, 0x73BE, 0x77BE, 0x73BE, 0x77BE, 0x73BE, 0x77BD, 0x73BE, 0x77BE, 0x73BE, 0x77BE, 
    0x73BE, 0x77BE, 0x73BE, 0x77BE, 0x73BE, 0x77BE, 0x73BE, 0x77BE, 0x73BE, 0x77BD, 0x77BF, 0x6319, 0x0825, 0x5AD8, 0x6B7D, 0x6339, 
    0x631A, 0x6339, 0x631A, 0x633A, 0x631A, 0x633A, 0x631A, 0x633A, 0x631A, 0x633A, 0x631A, 0x6339, 0x631A, 0x6339, 0x631A, 0x6319, 
    0x631A, 0x633A, 0x631A, 0x631A, 0x631A, 0x6339, 0x631A, 0x673A, 0x631A, 0x633A, 0x631B, 0x673A, 0x631B, 0x673A, 0x633B, 0x673A, 
    0x633B, 0x673A, 0x633A, 0x673A, 0x631A, 0x673A, 0x633B, 0x673A, 0x631A, 0x673A, 0x633A, 0x673A, 0x5EFA, 0x318E, 0x4A33, 0x6B5C, 
    0x6339, 0x633A, 0x633A, 0x633B, 0x673A, 0x633A, 0x675A, 0x633B, 0x633A, 0x633B, 0x6F7C, 0x633A, 0x2529, 0x56B7, 0x77DE, 0x73BE, 
    0x77BE, 0x73BE, 0x77DE, 0x73BE, 0x77DE, 0x73BE, 0x77DE, 0x73BE, 0x77DE, 0x73BE, 0x77DE, 0x73BE, 0x77DE, 0x73BE, 0x77DE, 0x73BE, 
    0x77DE, 0x73BE, 0x77DE, 0x73BE, 0x77DE, 0x73BE, 0x77DE, 0x73BE, 0x77DE, 0x73BE, 0x77DE, 0x73BE, 0x77DE, 0x77DF, 0x6B7B, 0x35CF, 
    0x6B7B, 0x6B7D, 0x675A, 0x675B, 0x675A, 0x673B, 0x675A, 0x673B, 0x675A, 0x675B, 0x675B, 0x675C, 0x675B, 0x675B, 0x675B, 0x635C, 
    0x675B, 0x675C, 0x6B7B, 0x5294, 0x5EB5, 0x6F7C, 0x52B7, 0x1D0C, 0x14A6, 0x0443, 0x0842, 0x0000, 0x2549, 0x6B7C, 0x6B5B, 0x6F9D, 
    0x73BE, 0x73BE, 0x73BE, 0x73BE, 0x73BE, 0x73BE, 0x77BE, 0x73BE, 0x77BE, 0x73BE, 0x77BE, 0x73BE, 0x77BE, 0x73BE, 0x73BE, 0x73BE, 
    0x73BD, 0x73BE, 0x77DE, 0x45AD, 0x49F0, 0x5EF9, 0x6B5B, 0x6B7C, 0x6B7B, 0x6F7C, 0x6631, 0x4C00, 0x5083, 0x5000, 0x61CD, 0x6B19, 
    0x6B5A, 0x6B7C, 0x6F9C, 0x6B7D, 0x6F9C, 0x6B7C, 0x6F7C, 0x6B7C, 0x6F9C, 0x6B7C, 0x6F7C, 0x6B7C, 0x6F9C, 0x6B7C, 0x6B7B, 0x675B, 
    0x6B7B, 0x6B7C, 0x6F7C, 0x6B7C, 0x6F9C, 0x6B7D, 0x675A, 0x5A74, 0x59AD, 0x6252, 0x6F59, 0x6F9D, 0x6F9C, 0x6B5C, 0x6B7B, 0x6B5C, 
    0x6F7B, 0x6B7C, 0x6B7C, 0x6B7C, 0x6B7B, 0x6B7C, 0x6B7B, 0x6B7C, 0x6B7B, 0x6B5C, 0x6B7B, 0x6B5C, 0x6B7B, 0x6B7C, 0x6B7B, 0x6B7C, 
    0x6B7B, 0x6B7C, 0x6B7B, 0x6B7C, 0x6B7B, 0x6B7C, 0x6B7B, 0x6B7C, 0x6B7B, 0x6B9D, 0x7318, 0x54A5, 0x5E95, 0x673B, 0x4E73, 0x3DF1, 
    0x6B7B, 0x77BF, 0x73BE, 0x73BE, 0x77BE, 0x73BE, 0x77BD, 0x73BE, 0x77BE, 0x73BE, 0x77DD, 0x73BE, 0x77BD, 0x73BE, 0x77BE, 0x73BE, 
    0x77BD, 0x73BE, 0x77BD, 0x73BE, 0x77BD, 0x73BE, 0x77BD, 0x73BE, 0x77BD, 0x73BE, 0x77BD, 0x73BE, 0x4652, 0x212C, 0x677B, 0x675B, 
    0x6339, 0x631A, 0x6339, 0x631A, 0x6339, 0x631A, 0x6339, 0x631A, 0x6339, 0x631A, 0x6339, 0x631A, 0x6339, 0x631A, 0x6339, 0x631A, 
    0x6339, 0x631A, 0x633A, 0x633A, 0x6339, 0x631A, 0x6339, 0x631A, 0x6339, 0x633A, 0x633A, 0x633A, 0x633A, 0x633A, 0x633A, 0x633A, 
    0x633A, 0x633A, 0x633A, 0x633A, 0x633A, 0x633A, 0x633A, 0x633A, 0x673A, 0x633A, 0x633A, 0x633A, 0x675A, 0x4EB7, 0x2109, 0x5AF9, 
    0x631A, 0x673A, 0x633B, 0x673A, 0x633B, 0x673A, 0x633B, 0x673A, 0x633B, 0x6F7C, 0x5EF9, 0x294B, 0x5AD8, 0x77DE, 0x77BE, 0x77BE, 
    0x73BE, 0x77BE, 0x73BE, 0x77BE, 0x73BE, 0x77BE, 0x73BE, 0x77BE, 0x77BE, 0x77BE, 0x77BE, 0x77DE, 0x73BE, 0x77DE, 0x73BE, 0x77DE, 
    0x73BE, 0x77DE, 0x73BE, 0x77BE, 0x73BE, 0x77DE, 0x77BE, 0x77DE, 0x77BE, 0x77DE, 0x77BE, 0x77DE, 0x73BE, 0x77BE, 0x77BF, 0x633A, 
    0x3DF0, 0x739C, 0x6B5C, 0x6739, 0x673A, 0x675A, 0x673C, 0x675A, 0x673B, 0x675A, 0x675B, 0x675B, 0x675C, 0x675B, 0x675C, 0x675B, 
    0x673B, 0x6B5B, 0x5EF9, 0x0000, 0x0000, 0x5AB4, 0x675C, 0x4E97, 0x14CA, 0x0C64, 0x0422, 0x0000, 0x0C43, 0x6319, 0x6F7D, 0x73BD, 
    0x73BE, 0x73BE, 0x73BE, 0x77BE, 0x73BE, 0x77BE, 0x73BE, 0x77BE, 0x73BE, 0x77BE, 0x73BE, 0x77BE, 0x73BE, 0x77BE, 0x73BE, 0x77BE, 
    0x73BE, 0x77DE, 0x6F7B, 0x34A5, 0x5254, 0x6319, 0x6F7D, 0x6F9C, 0x6B5C, 0x739D, 0x6AD7, 0x5020, 0x5063, 0x5000, 0x6674, 0x739C, 
    0x6B7C, 0x6F7C, 0x6B7D, 0x6F9C, 0x6F7D, 0x6F9C, 0x6B7D, 0x6F9C, 0x6B7D, 0x6F7C, 0x6B7C, 0x6F7C, 0x6B7D, 0x6F7C, 0x6B7C, 0x6B5B, 
    0x675B, 0x6F7C, 0x6B7C, 0x6F7C, 0x6B7D, 0x6F7C, 0x6F7D, 0x6F9D, 0x673B, 0x6295, 0x5D8D, 0x620F, 0x6B18, 0x739C, 0x6F9D, 0x6F7C, 
    0x6B5C, 0x6F7B, 0x6B7C, 0x6B7C, 0x6B7C, 0x6B7C, 0x6B5C, 0x6F7C, 0x6B5C, 0x6B7B, 0x6B5C, 0x6B7B, 0x6B5C, 0x6B7B, 0x6B5C, 0x6B7C, 
    0x6B5C, 0x6B7B, 0x6B5C, 0x6B7B, 0x6B7C, 0x6F7B, 0x6B7C, 0x6B7B, 0x6B7D, 0x735A, 0x5CE7, 0x5632, 0x673B, 0x4A52, 0x4632, 0x6F9C, 
    0x77BE, 0x77BE, 0x73BE, 0x77BE, 0x73BE, 0x77BD, 0x73BE, 0x77BE, 0x73BE, 0x77BE, 0x73BE, 0x77BE, 0x73BE, 0x77BE, 0x73BE, 0x77BE, 
    0x73BE, 0x77BE, 0x73BE, 0x77BE, 0x73BE, 0x77BD, 0x73BE, 0x77BD, 0x73BE, 0x77BD, 0x73BE, 0x77BE, 0x6B5C, 0x2108, 0x4675, 0x6F9D, 
    0x631A, 0x6739, 0x631A, 0x6339, 0x631A, 0x6339, 0x631A, 0x6339, 0x631A, 0x633A, 0x631A, 0x6339, 0x631A, 0x6339, 0x631A, 0x633A, 
    0x631A, 0x6319, 0x631A, 0x633A, 0x631A, 0x6339, 0x631A, 0x633A, 0x631A, 0x633A, 0x633A, 0x633A, 0x631A, 0x633A, 0x633A, 0x673A, 
    0x633A, 0x633A, 0x633A, 0x633A, 0x633A, 0x673A, 0x633A, 0x673A, 0x633B, 0x673A, 0x633A, 0x673A, 0x633A, 0x6339, 0x39F1, 0x35AE, 
    0x5B17, 0x633B, 0x633A, 0x633A, 0x633A, 0x633A, 0x633A, 0x633B, 0x6F9C, 0x5F19, 0x39EF, 0x56D7, 0x77DE, 0x73BE, 0x77DD, 0x73BE, 
    0x77DE, 0x73BE, 0x77DE, 0x73BE, 0x77DE, 0x73BE, 0x77DE, 0x73BE, 0x77DE, 0x73BE, 0x77DE, 0x73BE, 0x77DE, 0x73BE, 0x77DE, 0x73BE, 
    0x77DE, 0x73BE, 0x77DE, 0x73BE, 0x77DE, 0x73BE, 0x77DE, 0x73BE, 0x77DE, 0x73BE, 0x77DE, 0x73BE, 0x77DE, 0x73BE, 0x77DD, 0x77DF, 
    0x5B18, 0x3E10, 0x73BD, 0x675B, 0x675A, 0x675B, 0x675A, 0x675B, 0x675A, 0x675B, 0x675A, 0x675B, 0x675B, 0x675C, 0x675B, 0x633B, 
    0x675A, 0x675B, 0x6318, 0x35AD, 0x356A, 0x56B6, 0x677B, 0x675C, 0x4696, 0x0025, 0x0841, 0x0C64, 0x0000, 0x4A74, 0x77DE, 0x6F9D, 
    0x73BE, 0x73BE, 0x73BE, 0x73BE, 0x73BD, 0x73BE, 0x73DD, 0x73BE, 0x73DE, 0x73BE, 0x73DE, 0x73BE, 0x73DE, 0x73BE, 0x73DE, 0x73BE, 
    0x73BD, 0x77DF, 0x5ED5, 0x30C8, 0x5AD6, 0x675B, 0x73BD, 0x6B7C, 0x6B7B, 0x6F9D, 0x6F38, 0x54E6, 0x5061, 0x4C00, 0x6273, 0x6F7C, 
    0x6F9C, 0x6B7C, 0x6F9C, 0x6B7C, 0x6F9C, 0x6B7D, 0x6F9C, 0x6B7C, 0x6F9C, 0x6B7C, 0x6F9C, 0x6B7C, 0x6F9C, 0x6B7C, 0x6B9C, 0x6B7C, 
    0x675A, 0x6B5C, 0x6F9C, 0x6B7C, 0x6F9C, 0x6B7C, 0x6F9C, 0x6B7C, 0x6F9C, 0x6B9D, 0x6B7B, 0x66B7, 0x5DAD, 0x59CE, 0x6AF6, 0x737B, 
    0x6F9C, 0x677C, 0x6B7A, 0x6B7C, 0x6B7B, 0x6B7C, 0x6B7B, 0x6B7C, 0x6B7B, 0x6B7C, 0x6B7B, 0x6B7C, 0x6B7B, 0x6B7C, 0x6B7B, 0x6B7C, 
    0x6B7B, 0x677C, 0x6B7B, 0x6B7C, 0x6B7B, 0x6B7C, 0x6B7B, 0x6B7C, 0x6F9B, 0x5D6A, 0x51EF, 0x633A, 0x4631, 0x4232, 0x6F9C, 0x77BE, 
    0x73BD, 0x73BE, 0x73BE, 0x73BE, 0x77BE, 0x73BE, 0x77DD, 0x73BE, 0x77DD, 0x73BE, 0x77DD, 0x73BE, 0x77DD, 0x73BE, 0x77DD, 0x73BE, 
    0x77DD, 0x73BE, 0x77DD, 0x73BE, 0x77DD, 0x73BE, 0x73DD, 0x73BE, 0x73DD, 0x73BE, 0x73BD, 0x73BE, 0x77DE, 0x56D7, 0x1087, 0x633B, 
    0x6B7B, 0x5F19, 0x6339, 0x633A, 0x6339, 0x5F1A, 0x6339, 0x633A, 0x6339, 0x633A, 0x6339, 0x633A, 0x6339, 0x5F1A, 0x6339, 0x631A, 
    0x6339, 0x5F19, 0x6339, 0x633A, 0x6339, 0x633A, 0x633A, 0x633A, 0x633A, 0x631A, 0x633A, 0x5F19, 0x6339, 0x633A, 0x633A, 0x633A, 
    0x6339, 0x633A, 0x6339, 0x5F1A, 0x633A, 0x633A, 0x633A, 0x633A, 0x675A, 0x633A, 0x635A, 0x633A, 0x633A, 0x633A, 0x5AF8, 0x2D6E, 
    0x4233, 0x675B, 0x631A, 0x633A, 0x633B, 0x673A, 0x673B, 0x6F9D, 0x5AF9, 0x4A95, 0x4E96, 0x739C, 0x77BF, 0x77BE, 0x77BF, 0x77BE, 
    0x77BF, 0x77BE, 0x77BF, 0x77BE, 0x77BE, 0x77BE, 0x77BF, 0x77BE, 0x77BF, 0x77BE, 0x77BF, 0x77BE, 0x77BF, 0x77BE, 0x77BF, 0x77BE, 
    0x77BF, 0x77BE, 0x77BF, 0x77BE, 0x77BF, 0x77BE, 0x77BF, 0x77BE, 0x77BE, 0x77BE, 0x77BF, 0x77DE, 0x77BE, 0x77BE, 0x77BE, 0x77BE, 
    0x77BF, 0x56B6, 0x4A32, 0x77BD, 0x673B, 0x675A, 0x673B, 0x675A, 0x673B, 0x675B, 0x673B, 0x675B, 0x673B, 0x675B, 0x673B, 0x673B, 
    0x673B, 0x6B5B, 0x673B, 0x6339, 0x62F9, 0x675B, 0x675C, 0x6B7B, 0x675D, 0x4234, 0x0001, 0x0C63, 0x0000, 0x252A, 0x739E, 0x77BE, 
    0x739E, 0x77BE, 0x73BE, 0x77BE, 0x73BE, 0x77BE, 0x73BE, 0x77BE, 0x73BF, 0x77BE, 0x73BE, 0x77BE, 0x73BE, 0x77BE, 0x73BE, 0x77BE, 
    0x739E, 0x7BDE, 0x49CF, 0x41AE, 0x62F9, 0x739D, 0x6F9D, 0x6F7C, 0x6F7C, 0x739D, 0x733A, 0x5D29, 0x5001, 0x5000, 0x6233, 0x739C, 
    0x6F7D, 0x6F7C, 0x6F7D, 0x6F9C, 0x6F7D, 0x6F7C, 0x6F7D, 0x6F7C, 0x6F7D, 0x6F9C, 0x6F7D, 0x6F7C, 0x6F7D, 0x6F7C, 0x6B7D, 0x6F7C, 
    0x675C, 0x6B5B, 0x6B5D, 0x6F7C, 0x6F7D, 0x6F7C, 0x6F7D, 0x6F9C, 0x6F7D, 0x6F7C, 0x6F7D, 0x6F9D, 0x6B5D, 0x6AD7, 0x5DD0, 0x61AC, 
    0x6A94, 0x735A, 0x6F7C, 0x6B7C, 0x6B5C, 0x6F7C, 0x6B5C, 0x6B7C, 0x6B5C, 0x6F7C, 0x6B5C, 0x6B7C, 0x6B5C, 0x6B7C, 0x6B5C, 0x6B7C, 
    0x6B5C, 0x6B7C, 0x6B5C, 0x6B7C, 0x6B5C, 0x6F7C, 0x6B5C, 0x739C, 0x65EF, 0x556C, 0x6319, 0x4611, 0x4A54, 0x739D, 0x77BE, 0x77BE, 
    0x77BE, 0x77BE, 0x77BE, 0x77BE, 0x77BE, 0x77BE, 0x73BE, 0x77BE, 0x77BE, 0x77BE, 0x77BE, 0x77BE, 0x77BE, 0x77BE, 0x73BE, 0x77BE, 
    0x73BE, 0x77BE, 0x73BE, 0x77BE, 0x73BE, 0x77BE, 0x73BE, 0x77BE, 0x73BE, 0x77BE, 0x73BE, 0x77BE, 0x73BE, 0x739D, 0x35AE, 0x39F1, 
    0x6B7D, 0x673A, 0x631A, 0x673A, 0x631A, 0x633A, 0x631A, 0x633A, 0x631A, 0x633A, 0x631A, 0x673A, 0x631A, 0x6339, 0x631A, 0x633A, 
    0x631A, 0x633A, 0x631A, 0x6319, 0x631A, 0x673A, 0x631A, 0x673A, 0x631A, 0x673A, 0x631A, 0x673A, 0x631A, 0x673A, 0x631B, 0x673A, 
    0x631A, 0x633A, 0x5F1A, 0x631A, 0x631A, 0x673A, 0x631A, 0x673A, 0x633B, 0x673A, 0x633B, 0x673A, 0x633B, 0x673A, 0x631A, 0x4E75, 
    0x4A75, 0x4A53, 0x6B7B, 0x631A, 0x633A, 0x633B, 0x6F9C, 0x4E95, 0x1D09, 0x254B, 0x4631, 0x73BE, 0x77DE, 0x73BE, 0x77BE, 0x73BE, 
    0x77DE, 0x73BE, 0x77DE, 0x73BE, 0x77DE, 0x73BE, 0x77DE, 0x73BE, 0x77DE, 0x73BE, 0x77DE, 0x73BE, 0x77DE, 0x73BE, 0x77DE, 0x73BE, 
    0x77DE, 0x73BE, 0x77DE, 0x73BE, 0x77DE, 0x73BE, 0x77DE, 0x73BE, 0x77DE, 0x73BE, 0x77DE, 0x73BE, 0x77DE, 0x73BE, 0x77DE, 0x73BE, 
    0x77DE, 0x73BF, 0x4E94, 0x5295, 0x73BD, 0x633A, 0x675A, 0x633A, 0x675A, 0x633B, 0x675A, 0x633A, 0x633A, 0x633B, 0x673A, 0x633B, 
    0x675B, 0x675B, 0x677B, 0x675C, 0x6B7C, 0x675C, 0x677B, 0x675C, 0x6B7B, 0x635C, 0x3E13, 0x0447, 0x0864, 0x0045, 0x6F9C, 0x77DF, 
    0x73BE, 0x73BE, 0x77BE, 0x73BE, 0x77BE, 0x73BE, 0x77BE, 0x73BE, 0x77BE, 0x73BE, 0x77BE, 0x73BE, 0x77BE, 0x73BE, 0x73BE, 0x73BE, 
    0x77DE, 0x739C, 0x3507, 0x4E53, 0x675A, 0x6B7D, 0x6F9C, 0x6B7C, 0x6F9C, 0x6F9D, 0x737B, 0x596B, 0x5000, 0x5000, 0x5E31, 0x739D, 
    0x6F9C, 0x6B7C, 0x6F9C, 0x6B7D, 0x6F9C, 0x6F7D, 0x6F9C, 0x6B7D, 0x6F9C, 0x6B7C, 0x6F9C, 0x6B7C, 0x6F7C, 0x6B7C, 0x6F9C, 0x6B7C, 
    0x6B7B, 0x673B, 0x6B7C, 0x6B7D, 0x6F9C, 0x6B7D, 0x6F9C, 0x6B7D, 0x6F9C, 0x6F7D, 0x6F7C, 0x6B7C, 0x6F9C, 0x6B9D, 0x6F9C, 0x6719, 
    0x6231, 0x5D8C, 0x6A72, 0x6F3A, 0x739C, 0x6B7C, 0x6B7B, 0x6B5C, 0x6B7B, 0x6B7C, 0x6B7B, 0x6B7C, 0x6B7B, 0x6B7C, 0x6B7B, 0x6B5C, 
    0x6B7C, 0x6B7C, 0x6B7C, 0x6B7C, 0x6B7C, 0x6B5C, 0x6FBD, 0x6A94, 0x5908, 0x5EF8, 0x3DEF, 0x4E75, 0x73BD, 0x77BE, 0x77BE, 0x73BE, 
    0x77BE, 0x73BE, 0x77BE, 0x73BE, 0x77BE, 0x73BE, 0x77DD, 0x73BE, 0x77BD, 0x73BE, 0x77BD, 0x73BE, 0x77BD, 0x73BE, 0x77BE, 0x73BE, 
    0x77BE, 0x73BE, 0x77BD, 0x73BE, 0x77BD, 0x73BE, 0x77BD, 0x73BE, 0x77BD, 0x73BE, 0x77BD, 0x73BE, 0x73BD, 0x77BE, 0x6339, 0x0845, 
    0x56F7, 0x6B7C, 0x6339, 0x631A, 0x6339, 0x631A, 0x6339, 0x631A, 0x6339, 0x631A, 0x6339, 0x631A, 0x6339, 0x631A, 0x6339, 0x633A, 
    0x633A, 0x633A, 0x6339, 0x6319, 0x6339, 0x633A, 0x633A, 0x633A, 0x6339, 0x633A, 0x633A, 0x631A, 0x6339, 0x633A, 0x633A, 0x631A, 
    0x633A, 0x633A, 0x5F19, 0x5F1A, 0x633A, 0x631A, 0x633A, 0x633A, 0x633A, 0x633A, 0x633A, 0x633A, 0x633A, 0x633A, 0x633A, 0x5AF9, 
    0x633B, 0x4232, 0x4E74, 0x673B, 0x673B, 0x6F9C, 0x4653, 0x35CE, 0x5AD8, 0x4632, 0x18A6, 0x77BD, 0x77BF, 0x77BE, 0x73BF, 0x77BE, 
    0x73BF, 0x77BE, 0x73BE, 0x77DE, 0x73BE, 0x77DE, 0x73BE, 0x77BE, 0x77BE, 0x77BE, 0x77BE, 0x77BE, 0x77BE, 0x77BE, 0x77BE, 0x77DE, 
    0x77BE, 0x77DE, 0x73BE, 0x77DE, 0x77BF, 0x77DE, 0x77BE, 0x77DE, 0x77BE, 0x77DE, 0x77BE, 0x77DE, 0x73BE, 0x77DE, 0x73BE, 0x77DE, 
    0x73BE, 0x77DE, 0x73BE, 0x4653, 0x5AD7, 0x73BD, 0x633A, 0x673A, 0x633A, 0x633A, 0x5F1A, 0x5F19, 0x5AF9, 0x5F19, 0x631A, 0x675A, 
    0x675B, 0x675B, 0x675C, 0x6B7C, 0x6B7C, 0x6B7C, 0x6B7C, 0x6B7C, 0x6B5C, 0x6B7C, 0x633C, 0x3A13, 0x0888, 0x0000, 0x675B, 0x7BDF, 
    0x73BE, 0x77BE, 0x73BE, 0x77BE, 0x73BE, 0x77BE, 0x73BE, 0x77BE, 0x73BF, 0x77BE, 0x73BE, 0x77BE, 0x73BE, 0x77BE, 0x73BE, 0x73BE, 
    0x77DF, 0x6717, 0x30A7, 0x5AD6, 0x675B, 0x6F9C, 0x6F7D, 0x6F9C, 0x6F9D, 0x739D, 0x737C, 0x61CD, 0x5000, 0x5000, 0x59CF, 0x779C, 
    0x6F7D, 0x6F9C, 0x6F7D, 0x6F9C, 0x6F7D, 0x6F9C, 0x6F7D, 0x6F9C, 0x6F7D, 0x6F9C, 0x6F7D, 0x6F7C, 0x6B7C, 0x6F9C, 0x6B7C, 0x6F9C, 
    0x6B7C, 0x673A, 0x6B5B, 0x6F9C, 0x6B7D, 0x6F9C, 0x6F7D, 0x6F9C, 0x6F7D, 0x6F9C, 0x6F7D, 0x6F9D, 0x6F7D, 0x6F9C, 0x6B7C, 0x6F9D, 
    0x6B7D, 0x6B3A, 0x6653, 0x658B, 0x6631, 0x6F38, 0x6F7C, 0x6F7C, 0x675C, 0x6B7B, 0x6B5C, 0x6B7B, 0x6B5C, 0x6B7B, 0x6B5C, 0x6B7C, 
    0x6B7C, 0x6B7C, 0x6B7C, 0x6F7C, 0x6B5C, 0x6F9D, 0x6F18, 0x5D07, 0x5EB7, 0x3DF0, 0x52B6, 0x77BD, 0x77BE, 0x77BD, 0x73BE, 0x77BE, 
    0x77BE, 0x77BE, 0x77BE, 0x77BE, 0x73BE, 0x77BD, 0x73BE, 0x77BD, 0x73BE, 0x77BE, 0x73BE, 0x77BE, 0x73BE, 0x77BE, 0x73BE, 0x77BE, 
    0x73BE, 0x77BE, 0x73BE, 0x77BE, 0x73BE, 0x77BE, 0x73BE, 0x77BE, 0x73BE, 0x77BE, 0x73BE, 0x77BE, 0x73BE, 0x77BD, 0x73BE, 0x4A73, 
    0x1D0B, 0x6B5C, 0x675B, 0x6339, 0x631A, 0x6739, 0x631A, 0x6339, 0x631A, 0x6339, 0x631A, 0x6339, 0x631A, 0x6739, 0x631A, 0x633A, 
    0x631A, 0x6339, 0x631A, 0x6339, 0x631A, 0x673A, 0x631A, 0x633A, 0x631A, 0x633A, 0x631A, 0x6339, 0x631A, 0x633A, 0x633A, 0x633A, 
    0x631A, 0x633A, 0x5F1A, 0x633A, 0x631B, 0x633A, 0x631A, 0x673A, 0x633A, 0x673A, 0x633A, 0x673A, 0x633A, 0x673A, 0x633A, 0x633A, 
    0x675A, 0x5F1A, 0x3E12, 0x4233, 0x5AF8, 0x3E10, 0x3E0F, 0x675B, 0x6B9C, 0x677C, 0x4231, 0x4A52, 0x7FFF, 0x73BE, 0x77DE, 0x73BE, 
    0x77DE, 0x73BE, 0x77DE, 0x73BE, 0x77DE, 0x73BE, 0x77DE, 0x73BE, 0x77DE, 0x73BE, 0x77DE, 0x73BE, 0x77DE, 0x73BE, 0x77DE, 0x73BE, 
    0x77DE, 0x73BE, 0x77DE, 0x73BE, 0x77DE, 0x73BE, 0x77DE, 0x73BE, 0x77DE, 0x73BE, 0x77DE, 0x73BE, 0x77DE, 0x73BE, 0x77DE, 0x73BE, 
    0x77DE, 0x73BE, 0x77DE, 0x6F9D, 0x3E10, 0x6319, 0x73BC, 0x5F19, 0x5F18, 0x5AF9, 0x5F19, 0x5B19, 0x5F39, 0x5B19, 0x6339, 0x633A, 
    0x675A, 0x677C, 0x6B7B, 0x6B7C, 0x6B7B, 0x6B7C, 0x6B7B, 0x6B7C, 0x6B7B, 0x675C, 0x6B7C, 0x52FA, 0x194C, 0x0000, 0x5F39, 0x77DF, 
    0x73BD, 0x73BE, 0x73BE, 0x73BE, 0x77BE, 0x73BE, 0x73DD, 0x73BE, 0x73DD, 0x73BE, 0x77DD, 0x73BE, 0x77DD, 0x73BE, 0x73DD, 0x73BE, 
    0x7BFE, 0x4A31, 0x3D8C, 0x6319, 0x6F9C, 0x6F9D, 0x6F9C, 0x6F9D, 0x6FBC, 0x6F9D, 0x739C, 0x6210, 0x5000, 0x5000, 0x59AD, 0x739C, 
    0x6F9C, 0x6B7D, 0x6F9C, 0x6B7D, 0x6F9C, 0x6B7D, 0x6F9C, 0x6B7D, 0x6F9C, 0x6B9D, 0x6F9C, 0x6B7D, 0x6F9C, 0x6B7C, 0x6F9C, 0x6B7C, 
    0x6B9C, 0x675B, 0x675A, 0x6B7C, 0x6F9C, 0x6B9D, 0x6F9C, 0x6B7D, 0x6F9C, 0x6F9D, 0x6F9C, 0x6F9D, 0x6F9C, 0x6B7D, 0x6F9C, 0x6B7C, 
    0x6F9C, 0x6B7C, 0x6B9C, 0x6B5B, 0x66B4, 0x5DAC, 0x660E, 0x6EF7, 0x6F9B, 0x6B7C, 0x6B7B, 0x6B5C, 0x6B7B, 0x6B7C, 0x6B7B, 0x6B7C, 
    0x6B7B, 0x6B7C, 0x6B7C, 0x6B7C, 0x6B9C, 0x6F7B, 0x616A, 0x5A74, 0x39EF, 0x56B7, 0x77DE, 0x73BE, 0x77BD, 0x73BE, 0x77BD, 0x73BE, 
    0x77BD, 0x73BE, 0x77BD, 0x73BE, 0x77DD, 0x73BE, 0x77DD, 0x73BE, 0x77DD, 0x73BE, 0x77DD, 0x73BE, 0x77DD, 0x73BE, 0x77DD, 0x73BE, 
    0x77DD, 0x73BE, 0x77DD, 0x73BE, 0x77DD, 0x73BE, 0x77DD, 0x73BE, 0x77DD, 0x73BE, 0x73DD, 0x73BE, 0x73BD, 0x73BE, 0x77DD, 0x6B7C, 
    0x2529, 0x4655, 0x6F9C, 0x633A, 0x6339, 0x633A, 0x6339, 0x633A, 0x6339, 0x631A, 0x6339, 0x633A, 0x6339, 0x633A, 0x6339, 0x633A, 
    0x633A, 0x633A, 0x633A, 0x631A, 0x6339, 0x633A, 0x6339, 0x633A, 0x6339, 0x633A, 0x6339, 0x6319, 0x6339, 0x633A, 0x633A, 0x5F1A, 
    0x6339, 0x633A, 0x6339, 0x633A, 0x633A, 0x633A, 0x6339, 0x633A, 0x675A, 0x633A, 0x635A, 0x633A, 0x633A, 0x633A, 0x6339, 0x5F3A, 
    0x631A, 0x673A, 0x5F1A, 0x52B6, 0x3DF2, 0x4211, 0x5AD8, 0x6B5B, 0x6B5C, 0x6F7C, 0x675C, 0x318D, 0x5AD6, 0x7FFF, 0x73BF, 0x77BE, 
    0x77BF, 0x77BE, 0x77BF, 0x77DE, 0x77BE, 0x77BE, 0x77BE, 0x77BE, 0x77BF, 0x77BE, 0x77BF, 0x77BE, 0x77BF, 0x77BE, 0x77BF, 0x77DE, 
    0x77BF, 0x77DE, 0x77BF, 0x77BE, 0x77BF, 0x77BE, 0x77BF, 0x77DE, 0x77BF, 0x77BE, 0x77BE, 0x77DE, 0x77BF, 0x77BE, 0x77BF, 0x77DE, 
    0x77BF, 0x77BE, 0x77BE, 0x77DE, 0x6B5C, 0x39CF, 0x6B5B, 0x6B7C, 0x5AD9, 0x5AF8, 0x5AF9, 0x5AF8, 0x5AD9, 0x5F19, 0x633B, 0x6B5B, 
    0x675C, 0x6B7C, 0x6B5C, 0x6F7C, 0x6B7D, 0x6F7C, 0x6B7D, 0x6F7C, 0x6B7C, 0x6B7C, 0x6B5C, 0x5B1A, 0x29B2, 0x0000, 0x4E96, 0x7FFF, 
    0x77DF, 0x7BDF, 0x77BF, 0x77BE, 0x77BF, 0x77BE, 0x73BE, 0x77BE, 0x77BE, 0x77BE, 0x73BE, 0x77BE, 0x739E, 0x77BD, 0x739E, 0x77BE, 
    0x739D, 0x392A, 0x4E33, 0x6F7B, 0x6F9D, 0x739D, 0x6F7D, 0x739D, 0x6F9D, 0x739D, 0x739D, 0x6652, 0x5000, 0x5400, 0x554C, 0x739C, 
    0x6F9D, 0x6F7C, 0x6F7D, 0x6F9C, 0x6F7D, 0x6F9C, 0x6F7D, 0x6F9C, 0x6F7D, 0x6F9D, 0x6F7D, 0x6F9C, 0x6F7D, 0x6F7C, 0x6F7D, 0x6F9C, 
    0x6B7D, 0x6B5C, 0x673B, 0x6B5B, 0x6B7D, 0x6F9C, 0x6F7D, 0x6F9D, 0x6F7D, 0x6F9D, 0x6F7D, 0x6F9C, 0x6F7D, 0x6F9C, 0x6F7D, 0x6F9D, 
    0x6F7D, 0x6F7C, 0x6B7C, 0x6F7C, 0x6B7D, 0x6F5B, 0x66B6, 0x61CD, 0x61AD, 0x6ED6, 0x6F7B, 0x6F9C, 0x6B5C, 0x6B5B, 0x6B5C, 0x6F7C, 
    0x6B5C, 0x6F7C, 0x6B5C, 0x6F7C, 0x739D, 0x6A10, 0x59F1, 0x35AE, 0x52B7, 0x77BE, 0x77BE, 0x77BE, 0x77BE, 0x77BE, 0x77BE, 0x77BE, 
    0x77BE, 0x77BE, 0x77BE, 0x77BE, 0x77BE, 0x77BE, 0x73BE, 0x77BE, 0x77BE, 0x77BE, 0x77BE, 0x77BE, 0x77BE, 0x77BE, 0x77BE, 0x77BE, 
    0x73BE, 0x77BE, 0x73BE, 0x77BE, 0x73BE, 0x77BE, 0x73BE, 0x77BE, 0x73BE, 0x77BE, 0x73BE, 0x77BE, 0x73BE, 0x77BE, 0x739E, 0x77DE, 
    0x5AF8, 0x0486, 0x633B, 0x6F7C, 0x631A, 0x673A, 0x631A, 0x633A, 0x631A, 0x633A, 0x631A, 0x633A, 0x631A, 0x673A, 0x631A, 0x633A, 
    0x631B, 0x673A, 0x631B, 0x673A, 0x631A, 0x673A, 0x631A, 0x673A, 0x631A, 0x673A, 0x631A, 0x6339, 0x631A, 0x633A, 0x631A, 0x6339, 
    0x631A, 0x633A, 0x631A, 0x633A, 0x631A, 0x633A, 0x633B, 0x673A, 0x631A, 0x673A, 0x633B, 0x673A, 0x633B, 0x673A, 0x631A, 0x633A, 
    0x633A, 0x631A, 0x633A, 0x633A, 0x6339, 0x633A, 0x5EF7, 0x5AF8, 0x6B7B, 0x6B7C, 0x6F9C, 0x633B, 0x252A, 0x6318, 0x7FFF, 0x73BE, 
    0x77DE, 0x77BE, 0x77DE, 0x73BE, 0x77DE, 0x73BE, 0x77DE, 0x73BE, 0x77DE, 0x73BE, 0x77DE, 0x77BE, 0x77DE, 0x77BE, 0x77DE, 0x77BE, 
    0x77DE, 0x77BE, 0x77DE, 0x77BE, 0x77DE, 0x77BE, 0x77DE, 0x77BE, 0x77DE, 0x73BE, 0x77DE, 0x73BE, 0x77DE, 0x73BE, 0x77DE, 0x73BE, 
    0x77DE, 0x73BE, 0x77DE, 0x73BE, 0x77DE, 0x633A, 0x39EF, 0x6F7C, 0x675A, 0x56D8, 0x5AF7, 0x56D8, 0x5AD7, 0x5F1A, 0x6B7B, 0x675C, 
    0x6B7B, 0x6B7C, 0x6B7C, 0x6B7C, 0x6F7C, 0x6B7C, 0x6F7C, 0x6B7C, 0x6B7C, 0x6B7C, 0x6B7B, 0x5F1B, 0x3213, 0x0000, 0x35F0, 0x77DF, 
    0x7FFF, 0x7FFF, 0x7FFF, 0x7FFF, 0x7FFF, 0x7FFF, 0x7FFF, 0x7FFF, 0x7FFF, 0x7FFF, 0x7FFF, 0x7FFF, 0x7FFF, 0x7FFF, 0x7FFF, 0x7FFF, 
    0x6317, 0x2CE9, 0x5EF7, 0x6F9D, 0x6F9C, 0x6F7D, 0x739C, 0x6F9D, 0x739D, 0x6F9D, 0x73BD, 0x6695, 0x5400, 0x5400, 0x5928, 0x737C, 
    0x73BD, 0x6F7C, 0x6F9C, 0x6F7D, 0x6F9C, 0x6F7D, 0x6F9C, 0x6B7D, 0x6F9C, 0x6F7D, 0x6F9C, 0x6B7D, 0x6F9C, 0x6B7D, 0x6F9C, 0x6B7D, 
    0x6F9C, 0x6B7C, 0x675B, 0x673B, 0x6B5B, 0x6F7D, 0x6F9C, 0x6F7D, 0x6F9C, 0x6F7D, 0x6F9D, 0x6F9D, 0x6F9C, 0x6F7D, 0x6F9C, 0x6F7D, 
    0x6F9C, 0x6F7D, 0x6F9C, 0x6F7C, 0x6F7C, 0x6B7D, 0x6F9C, 0x6B7C, 0x6AF7, 0x61CE, 0x61AB, 0x66D6, 0x739B, 0x6F9D, 0x6F7B, 0x6B5B, 
    0x6F7B, 0x6B7C, 0x6F7B, 0x73BE, 0x6E93, 0x61CF, 0x316C, 0x4654, 0x77BE, 0x73BE, 0x77BD, 0x73BE, 0x77BE, 0x73BE, 0x77BE, 0x73BE, 
    0x77BE, 0x73BE, 0x77BE, 0x73BE, 0x77BD, 0x73BE, 0x77DD, 0x73BE, 0x77BE, 0x73BE, 0x77BD, 0x73BE, 0x77DD, 0x73BE, 0x77BD, 0x73BE, 
    0x77BE, 0x73BE, 0x77BE, 0x73BE, 0x77BE, 0x73BE, 0x77BE, 0x73BE, 0x77BD, 0x73BE, 0x77BD, 0x73BE, 0x77BD, 0x73BE, 0x77BD, 0x73BE, 
    0x77BD, 0x3E10, 0x35F1, 0x6B7D, 0x675A, 0x633A, 0x633A, 0x633A, 0x633A, 0x633A, 0x633A, 0x633A, 0x6339, 0x633A, 0x6339, 0x633A, 
    0x633A, 0x633A, 0x633A, 0x633A, 0x6339, 0x633A, 0x6339, 0x633A, 0x633A, 0x631A, 0x633A, 0x631A, 0x6339, 0x631A, 0x6339, 0x5F1A, 
    0x6339, 0x633A, 0x633A, 0x631A, 0x6339, 0x633A, 0x633A, 0x633A, 0x673A, 0x633B, 0x673A, 0x633A, 0x633A, 0x633B, 0x673A, 0x633A, 
    0x633A, 0x673A, 0x631B, 0x631A, 0x5F1A, 0x633A, 0x631A, 0x5AF7, 0x631A, 0x6B7C, 0x6B7C, 0x6F9D, 0x5F1A, 0x2109, 0x673A, 0x7FFF, 
    0x73BE, 0x77BE, 0x77BE, 0x77DE, 0x77BE, 0x77DE, 0x77BF, 0x77DE, 0x77BF, 0x77DE, 0x77BF, 0x77DE, 0x77BE, 0x77DE, 0x77BE, 0x77DE, 
    0x77BE, 0x77DE, 0x77BF, 0x77DE, 0x77BE, 0x77DE, 0x77BE, 0x77DE, 0x77BE, 0x77DE, 0x77BE, 0x77DE, 0x77BE, 0x77DE, 0x77BE, 0x77DE, 
    0x77BE, 0x77DE, 0x73BE, 0x77DE, 0x73BE, 0x7BDE, 0x5EF9, 0x4210, 0x6F7C, 0x6339, 0x5AF9, 0x5EF8, 0x5F19, 0x6B5B, 0x675C, 0x6B7B, 
    0x6B5C, 0x6B7C, 0x6B7C, 0x6F7C, 0x6B7D, 0x6F7C, 0x6B7C, 0x6B7C, 0x6B7C, 0x6B7C, 0x675C, 0x633B, 0x3615, 0x0000, 0x04A9, 0x4675, 
    0x5AD8, 0x5EF8, 0x6319, 0x6B3A, 0x6B5B, 0x6F7B, 0x6B5B, 0x4632, 0x4211, 0x4A52, 0x4E74, 0x56B5, 0x5AD7, 0x6317, 0x6719, 0x6738, 
    0x2D4B, 0x398E, 0x673A, 0x6F9C, 0x6F7D, 0x739D, 0x6F9D, 0x73BD, 0x6F9D, 0x739D, 0x739E, 0x6ED6, 0x4CA6, 0x50E7, 0x50C7, 0x737B, 
    0x739E, 0x6F9C, 0x6F7D, 0x6F9C, 0x6F7D, 0x6F9C, 0x6F7D, 0x6F9C, 0x6F7D, 0x6F9C, 0x6F7D, 0x6F9C, 0x6F7D, 0x6F9C, 0x6B7D, 0x6F9C, 
    0x6F7D, 0x6F7C, 0x675C, 0x675B, 0x633A, 0x6B5B, 0x6F7D, 0x6F9C, 0x6F7D, 0x6F9D, 0x6F7D, 0x6F9D, 0x6F7D, 0x6F9C, 0x6F7D, 0x6F9C, 
    0x6F7D, 0x6F9C, 0x6F7D, 0x6F7C, 0x6F7D, 0x6F9C, 0x6B7D, 0x6F9C, 0x6F7D, 0x6F7C, 0x6AF8, 0x620F, 0x59AC, 0x6AD5, 0x737C, 0x77BD, 
    0x6F9D, 0x6F7C, 0x73BD, 0x72D5, 0x654C, 0x5253, 0x212C, 0x6B7C, 0x77BE, 0x77BD, 0x73BE, 0x77BE, 0x73BE, 0x77BE, 0x73BE, 0x77BE, 
    0x73BE, 0x77BE, 0x77BE, 0x77BE, 0x73BE, 0x77BE, 0x73BE, 0x77BE, 0x73BE, 0x77BE, 0x73BE, 0x77BE, 0x73BE, 0x77BE, 0x73BE, 0x77BE, 
    0x73BE, 0x77BE, 0x73BE, 0x77BE, 0x73BE, 0x77BE, 0x73BE, 0x77BE, 0x73BE, 0x77BE, 0x73BE, 0x77BE, 0x73BE, 0x77BE, 0x73BE, 0x73BD, 
    0x73BE, 0x6B7B, 0x14A7, 0x56D8, 0x6B7D, 0x6339, 0x633A, 0x633A, 0x631A, 0x633A, 0x631A, 0x673A, 0x631A, 0x6339, 0x631A, 0x673A, 
    0x633A, 0x673A, 0x633B, 0x673A, 0x631A, 0x673A, 0x631A, 0x633A, 0x633A, 0x633A, 0x631A, 0x6339, 0x631A, 0x6319, 0x631A, 0x6339, 
    0x5F1A, 0x633A, 0x631A, 0x673A, 0x631A, 0x6339, 0x631A, 0x673A, 0x633A, 0x673A, 0x633A, 0x673A, 0x633B, 0x673A, 0x633A, 0x673A, 
    0x633A, 0x633A, 0x633A, 0x633A, 0x6339, 0x5F19, 0x633A, 0x5F19, 0x5AF7, 0x675B, 0x6F9C, 0x6B7C, 0x6F9D, 0x5F19, 0x2529, 0x6B7B, 
    0x7BFF, 0x73BE, 0x77DD, 0x73BE, 0x77DE, 0x73BE, 0x77DE, 0x73BE, 0x77DE, 0x73BE, 0x77DE, 0x73BE, 0x77DE, 0x73BE, 0x77DE, 0x73BE, 
    0x77DE, 0x73BE, 0x77DE, 0x73BE, 0x77DE, 0x73BE, 0x77DE, 0x73BE, 0x77DE, 0x73BE, 0x77DE, 0x73BE, 0x77DE, 0x73BE, 0x77DE, 0x73BE, 
    0x77DE, 0x73BE, 0x77DE, 0x73BE, 0x77DE, 0x73BE, 0x77DE, 0x52B6, 0x4651, 0x739D, 0x675A, 0x633A, 0x6B7B, 0x675C, 0x6B7B, 0x675C, 
    0x6B7B, 0x6B7C, 0x6B7C, 0x6B7C, 0x6B9C, 0x6B7C, 0x6B7C, 0x6B7C, 0x6B7C, 0x675C, 0x6B7B, 0x5F3B, 0x3A55, 0x0000, 0x31EF, 0x677C, 
    0x6B7B, 0x673B, 0x633A, 0x5F19, 0x5F18, 0x5AF8, 0x5AF7, 0x56B7, 0x5295, 0x4A74, 0x4652, 0x4211, 0x3E10, 0x39D0, 0x35CF, 0x318E, 
    0x254B, 0x4632, 0x6F9C, 0x6F9D, 0x6FBC, 0x6F9D, 0x73BD, 0x6F9D, 0x73BD, 0x6F9D, 0x73BD, 0x6AF8, 0x3129, 0x2D8C, 0x3129, 0x6B7B, 
    0x77DE, 0x6B7C, 0x6F9C, 0x6F7C, 0x6F9C, 0x6B9D, 0x6F9C, 0x6B9D, 0x6F9C, 0x6B7D, 0x6F9C, 0x6B9D, 0x6F9C, 0x6B7D, 0x6F9C, 0x6B9D, 
    0x6F9C, 0x6B9D, 0x6B7C, 0x675B, 0x633A, 0x633B, 0x6B9C, 0x6B7C, 0x6F9C, 0x6F9D, 0x6F9C, 0x6F9D, 0x6F9C, 0x6F9D, 0x6F9C, 0x6F9D, 
    0x6F9C, 0x6B7C, 0x6F9C, 0x6B7C, 0x6F9C, 0x6B7C, 0x6F9C, 0x6B7C, 0x6F9C, 0x6B7C, 0x6F9C, 0x6B7C, 0x6B18, 0x5E11, 0x5D8B, 0x6AB4, 
    0x777B, 0x77BD, 0x7316, 0x6CE8, 0x5E32, 0x4233, 0x39CF, 0x6F9D, 0x77DD, 0x73BE, 0x77DD, 0x73BE, 0x77DD, 0x73BE, 0x77DE, 0x73BE, 
    0x77DE, 0x73BE, 0x77DD, 0x73BE, 0x77DD, 0x73BE, 0x77DD, 0x73BE, 0x77DD, 0x73BE, 0x77DD, 0x73BE, 0x77DD, 0x73BE, 0x77DD, 0x73BE, 
    0x77DD, 0x73BE, 0x77DD, 0x73BE, 0x73DD, 0x73BE, 0x73DD, 0x73BE, 0x73DD, 0x73BE, 0x73BD, 0x73BE, 0x73BD, 0x73BE, 0x73BD, 0x73BE, 
    0x73BD, 0x73BE, 0x52B4, 0x10EB, 0x677C, 0x675B, 0x6339, 0x633A, 0x633A, 0x633A, 0x633A, 0x633A, 0x6339, 0x633A, 0x6339, 0x633A, 
    0x633A, 0x633A, 0x633A, 0x633A, 0x633A, 0x633A, 0x6339, 0x631A, 0x6339, 0x631A, 0x6339, 0x6319, 0x6339, 0x5F19, 0x6339, 0x5F1A, 
    0x6339, 0x633A, 0x6339, 0x633A, 0x6339, 0x633A, 0x6339, 0x633A, 0x633A, 0x633A, 0x6739, 0x633A, 0x635A, 0x633A, 0x675A, 0x633A, 
    0x631B, 0x673A, 0x633B, 0x673A, 0x631A, 0x5EF9, 0x631A, 0x631A, 0x5EF9, 0x673A, 0x6B7D, 0x6F9C, 0x6F7D, 0x739D, 0x5AF8, 0x2D4B, 
    0x739D, 0x7BDF, 0x77BE, 0x77BE, 0x77BE, 0x77DE, 0x77BF, 0x77DE, 0x77BF, 0x77DE, 0x77BF, 0x77DE, 0x77BF, 0x77DE, 0x77BF, 0x77DE, 
    0x77BF, 0x77DE, 0x77BF, 0x77DE, 0x77BF, 0x77DE, 0x77BF, 0x77DE, 0x77BF, 0x77DE, 0x77BF, 0x77DE, 0x77BF, 0x77DE, 0x77BF, 0x77DE, 
    0x77BF, 0x77DE, 0x77BF, 0x77DE, 0x77BF, 0x77BE, 0x77BF, 0x77BE, 0x4A54, 0x5294, 0x77BE, 0x6B5B, 0x675C, 0x6B7C, 0x6B5C, 0x6B5B, 
    0x6B5C, 0x6B7C, 0x6B5D, 0x6F7C, 0x6B7D, 0x6F7C, 0x6B7D, 0x6F7C, 0x6B7D, 0x6B7C, 0x675C, 0x5F3A, 0x3E36, 0x0000, 0x4A75, 0x77DE, 
    0x739E, 0x77BE, 0x739E, 0x77BE, 0x73BE, 0x77BE, 0x739E, 0x77BE, 0x739E, 0x73BD, 0x739D, 0x739D, 0x739D, 0x739C, 0x6F7C, 0x6F7C, 
    0x5EF9, 0x5AD6, 0x739E, 0x739D, 0x6F9E, 0x73BD, 0x739E, 0x739D, 0x739E, 0x73BD, 0x739E, 0x6F39, 0x4400, 0x4400, 0x3400, 0x66F7, 
    0x7FFF, 0x77DE, 0x6F7D, 0x6F7C, 0x6F7D, 0x6F9D, 0x6F7D, 0x6F9D, 0x6F7D, 0x6F9C, 0x6F7D, 0x6F9D, 0x6F7D, 0x6F7C, 0x6F7D, 0x6F9D, 
    0x6F7D, 0x6F9D, 0x6F7D, 0x6B7C, 0x631B, 0x673A, 0x6B5C, 0x6F7C, 0x6F7D, 0x6F9D, 0x6F7D, 0x6F9D, 0x6F7D, 0x6F9D, 0x6F7D, 0x6F9D, 
    0x6F7D, 0x6F7C, 0x6F7D, 0x6F7C, 0x6F7D, 0x6F9C, 0x6F7D, 0x6F9C, 0x6F7D, 0x6F7C, 0x6F7C, 0x6F7C, 0x6B7D, 0x6F9C, 0x6B19, 0x6A11, 
    0x68E8, 0x718C, 0x70E8, 0x6DCF, 0x5A97, 0x4653, 0x318F, 0x6F7B, 0x77BE, 0x77BD, 0x77BE, 0x77BE, 0x73BE, 0x77BE, 0x77BE, 0x77BE, 
    0x77BE, 0x77BE, 0x73BE, 0x77BE, 0x73BE, 0x77BE, 0x73BE, 0x77BE, 0x77BE, 0x77BE, 0x73BE, 0x77BE, 0x73BE, 0x77BE, 0x73BE, 0x77BE, 
    0x77BE, 0x77BE, 0x73BE, 0x77BE, 0x73BE, 0x77BE, 0x73BE, 0x77BE, 0x73BE, 0x77BE, 0x73BE, 0x77BE, 0x73BE, 0x77BE, 0x73BE, 0x77BE, 
    0x739E, 0x77BE, 0x6F9D, 0x2D4A, 0x4235, 0x6F9D, 0x633A, 0x633A, 0x633A, 0x633A, 0x631A, 0x673A, 0x631A, 0x673A, 0x631A, 0x673A, 
    0x631B, 0x673A, 0x633A, 0x673A, 0x631B, 0x673A, 0x631A, 0x6339, 0x631A, 0x6339, 0x631A, 0x6339, 0x631A, 0x6319, 0x631A, 0x6339, 
    0x631A, 0x6319, 0x631A, 0x633A, 0x631A, 0x633A, 0x631A, 0x673A, 0x631A, 0x673A, 0x633A, 0x673A, 0x633B, 0x673A, 0x633B, 0x673A, 
    0x633A, 0x633A, 0x673A, 0x633A, 0x6319, 0x5AF8, 0x5EF8, 0x633A, 0x6319, 0x633A, 0x6B7C, 0x6B7D, 0x6F9C, 0x6B7D, 0x73BD, 0x56D7, 
    0x31AC, 0x73BD, 0x7BDE, 0x73BE, 0x77DE, 0x73BE, 0x77DE, 0x73BF, 0x77DE, 0x77BE, 0x77DE, 0x77BE, 0x77DE, 0x77BE, 0x77DE, 0x77BE, 
    0x77DE, 0x73BE, 0x77DE, 0x73BE, 0x77DE, 0x73BE, 0x77DE, 0x73BE, 0x77DE, 0x73BE, 0x77DE, 0x73BE, 0x77DE, 0x73BE, 0x77DE, 0x73BE, 
    0x77DE, 0x73BE, 0x77DE, 0x73BE, 0x77DE, 0x73BE, 0x77DE, 0x77BE, 0x73BD, 0x4232, 0x5AF6, 0x73BE, 0x675B, 0x675C, 0x6B7B, 0x6B5C, 
    0x6B7B, 0x6B7C, 0x6B7C, 0x6B7C, 0x6B7C, 0x6B7C, 0x6B7C, 0x6B7C, 0x6B7C, 0x675C, 0x6B7B, 0x5B1A, 0x3E56, 0x0000, 0x4EB5, 0x73BE, 
    0x73BD, 0x739E, 0x73BD, 0x73BE, 0x73BD, 0x73BE, 0x73BD, 0x73BE, 0x73BD, 0x73BE, 0x73BE, 0x73BE, 0x73BE, 0x73BE, 0x73BD, 0x73BE, 
    0x6B5A, 0x4E74, 0x73BE, 0x6F9E, 0x73BD, 0x6F9E, 0x73BD, 0x6F9D, 0x73BD, 0x739D, 0x73BE, 0x6F5A, 0x58C5, 0x5821, 0x5400, 0x4D2A, 
    0x737B, 0x7FFF, 0x7BFE, 0x6F7C, 0x6F9C, 0x6F9D, 0x6F9C, 0x6F9D, 0x6F9C, 0x6F7D, 0x6F9C, 0x6B7D, 0x6F9C, 0x6B7D, 0x6F9C, 0x6F9D, 
    0x6F9C, 0x6F9D, 0x6F9C, 0x6B7D, 0x6B7C, 0x633B, 0x673A, 0x6B5C, 0x6F7C, 0x6B7D, 0x6F9C, 0x6F7D, 0x6F9C, 0x6F7D, 0x6F9C, 0x6F7D, 
    0x6F9C, 0x6F7D, 0x6F9C, 0x6F7C, 0x6F7C, 0x6F7D, 0x6F9C, 0x6F7D, 0x6F9C, 0x6F7D, 0x6F9C, 0x6B7C, 0x6F9C, 0x6B7C, 0x6F9C, 0x6F9D, 
    0x7338, 0x6D8C, 0x68C6, 0x59F2, 0x4611, 0x2D6C, 0x294B, 0x5294, 0x7FFF, 0x73BE, 0x73BD, 0x73BE, 0x77DE, 0x73BE, 0x77BE, 0x73BE, 
    0x77BE, 0x73BE, 0x77BE, 0x73BE, 0x77DE, 0x73BE, 0x77BE, 0x73BE, 0x77BE, 0x73BE, 0x77BD, 0x73BE, 0x77BE, 0x73BE, 0x77BD, 0x73BE, 
    0x77BD, 0x73BE, 0x77BD, 0x73BE, 0x77BD, 0x73BE, 0x77BE, 0x73BE, 0x77BD, 0x73BE, 0x77BD, 0x73BE, 0x77BD, 0x73BE, 0x73BE, 0x73BE, 
    0x73BD, 0x73BE, 0x77DE, 0x5F18, 0x0003, 0x5F3B, 0x6F7C, 0x633A, 0x633A, 0x633A, 0x633A, 0x633A, 0x633A, 0x633A, 0x673A, 0x633A, 
    0x633A, 0x633A, 0x633A, 0x633A, 0x633A, 0x633A, 0x633A, 0x633A, 0x633A, 0x631A, 0x633A, 0x5F1A, 0x6339, 0x5F1A, 0x6339, 0x5F19, 
    0x6339, 0x5F19, 0x6339, 0x631A, 0x6339, 0x631A, 0x6339, 0x631A, 0x6739, 0x633A, 0x6739, 0x633A, 0x673A, 0x633A, 0x633A, 0x633A, 
    0x633B, 0x673A, 0x633B, 0x673A, 0x633B, 0x633A, 0x5EF9, 0x5EF8, 0x56B7, 0x6339, 0x6B7C, 0x6F9C, 0x6F7D, 0x6F9C, 0x6F7D, 0x739D, 
    0x5296, 0x3DEF, 0x77BE, 0x7BDE, 0x77BE, 0x77DE, 0x77BE, 0x77DE, 0x77BF, 0x77DE, 0x77BF, 0x77DE, 0x77BF, 0x77DE, 0x77BF, 0x77DE, 
    0x77BF, 0x77DE, 0x77BE, 0x77DE, 0x77BF, 0x77DE, 0x77BF, 0x77DE, 0x77BF, 0x77DE, 0x77BF, 0x77DE, 0x77BF, 0x77DE, 0x77BE, 0x77DE, 
    0x77BE, 0x77DE, 0x77BE, 0x77DE, 0x77BE, 0x77DE, 0x77BE, 0x77BE, 0x77BF, 0x6F9D, 0x39D0, 0x6318, 0x73BE, 0x6B5B, 0x6B5C, 0x6B5B, 
    0x6B5C, 0x6B7C, 0x6B5C, 0x6B7C, 0x6B7C, 0x6B7C, 0x6B5C, 0x6B7C, 0x6B7C, 0x6B7C, 0x675C, 0x5F1A, 0x3E57, 0x0000, 0x4A75, 0x77DE, 
    0x6F9E, 0x73BD, 0x739E, 0x73BD, 0x739E, 0x73BE, 0x739E, 0x73BD, 0x739E, 0x73BE, 0x739E, 0x73BD, 0x739E, 0x73BD, 0x6F9E, 0x77DE, 
    0x5EF8, 0x4A54, 0x6B7D, 0x73BE, 0x6F9E, 0x73BD, 0x739E, 0x73BD, 0x6F9E, 0x73BD, 0x73BE, 0x737B, 0x5109, 0x5800, 0x5464, 0x4400, 
    0x412B, 0x66B5, 0x7BBD, 0x77BD, 0x6F7D, 0x6F9D, 0x6F9D, 0x6F9D, 0x6F7D, 0x6F9C, 0x6F7D, 0x6F9C, 0x6B7D, 0x6F9C, 0x6F7D, 0x6F9D, 
    0x6F9D, 0x6F9C, 0x6F9D, 0x6F9C, 0x6B7D, 0x6B7C, 0x631A, 0x673A, 0x6B7C, 0x6F7C, 0x6F7D, 0x6F9C, 0x6F7D, 0x6F9C, 0x6F7D, 0x6F9C, 
    0x6F7D, 0x6F9C, 0x6F7D, 0x6F7C, 0x6F7C, 0x6F9C, 0x6F7D, 0x6F9C, 0x6F7D, 0x6F9C, 0x6F7D, 0x6F9C, 0x6F7D, 0x6F9C, 0x6F7C, 0x6F9C, 
    0x737C, 0x6128, 0x4D0A, 0x3D6E, 0x290C, 0x2D4B, 0x250A, 0x0000, 0x5AD6, 0x7FFF, 0x7BDF, 0x77DE, 0x73BE, 0x73BD, 0x73BE, 0x77BD, 
    0x73BE, 0x77BE, 0x73BE, 0x77DE, 0x73BE, 0x77BE, 0x73BE, 0x77BE, 0x73BE, 0x77BE, 0x73BE, 0x77BE, 0x73BE, 0x77BE, 0x73BE, 0x77BE, 
    0x73BE, 0x77BE, 0x73BE, 0x77BE, 0x73BE, 0x77BE, 0x73BE, 0x77BE, 0x73BE, 0x77BE, 0x73BE, 0x77BD, 0x73BE, 0x77BD, 0x73BE, 0x77BD, 
    0x73BE, 0x77BD, 0x73BE, 0x77BE, 0x3DF0, 0x31B0, 0x6B7D, 0x675A, 0x633A, 0x633A, 0x631A, 0x673A, 0x633A, 0x673A, 0x633A, 0x673A, 
    0x633B, 0x633A, 0x633A, 0x633A, 0x633A, 0x633A, 0x631A, 0x633A, 0x631A, 0x633A, 0x631A, 0x6339, 0x631A, 0x6339, 0x5F19, 0x6319, 
    0x5F1A, 0x6319, 0x631A, 0x633A, 0x631A, 0x6339, 0x631A, 0x6339, 0x633A, 0x673A, 0x633A, 0x673A, 0x633B, 0x673A, 0x633A, 0x673A, 
    0x633A, 0x633A, 0x633A, 0x633A, 0x635A, 0x633A, 0x675A, 0x5F19, 0x5AF7, 0x633A, 0x6B7C, 0x6B7D, 0x6F9C, 0x6F9D, 0x6F9C, 0x6B7C, 
    0x73BD, 0x4654, 0x4631, 0x7BDF, 0x77DE, 0x73BE, 0x77DE, 0x73BE, 0x77DE, 0x73BE, 0x77DE, 0x73BE, 0x77DE, 0x73BE, 0x77DE, 0x73BE, 
    0x77DE, 0x73DE, 0x77DE, 0x73BE, 0x77DE, 0x73BE, 0x77DE, 0x73BE, 0x77DE, 0x73BE, 0x77DE, 0x73BE, 0x77DE, 0x73BE, 0x77DE, 0x73BE, 
    0x77DE, 0x73BE, 0x77DE, 0x73BE, 0x77DE, 0x73BE, 0x77DE, 0x73BE, 0x77DE, 0x77DF, 0x6B7B, 0x31AD, 0x6B5A, 0x6F9D, 0x6B7B, 0x6B5C, 
    0x6B7B, 0x6B7C, 0x6B7C, 0x6B7C, 0x6B7C, 0x6B7C, 0x6B7C, 0x6B7C, 0x6B7C, 0x6B7C, 0x6B7B, 0x5B1A, 0x3E76, 0x0000, 0x4673, 0x73BE, 
    0x73BD, 0x6FBD, 0x73BD, 0x6FBE, 0x73BD, 0x6FBE, 0x73BD, 0x6FBE, 0x73BD, 0x73BE, 0x73BD, 0x6FBD, 0x73BD, 0x6F9D, 0x73BD, 0x73BE, 
    0x4E51, 0x4675, 0x635A, 0x6F9D, 0x73BD, 0x6F9E, 0x73BD, 0x6F9D, 0x73BD, 0x6F9D, 0x73BD, 0x6F7C, 0x558B, 0x5000, 0x5483, 0x4042, 
    0x3907, 0x490A, 0x6F17, 0x77DE, 0x6F9C, 0x6F9D, 0x6F9C, 0x6F9D, 0x6F9C, 0x6B9D, 0x6F9C, 0x6B7C, 0x6F9C, 0x6B9D, 0x6F9C, 0x6B9D, 
    0x6F9C, 0x6B9D, 0x6F9C, 0x6B7C, 0x6F9C, 0x6B7C, 0x675B, 0x5F19, 0x675B, 0x6B7C, 0x6F9C, 0x6B9D, 0x6F9C, 0x6F7D, 0x6F9C, 0x6F9D, 
    0x6F9C, 0x6F7D, 0x6F9C, 0x6B7C, 0x6F9C, 0x6B7D, 0x6F9C, 0x6F7D, 0x6F9C, 0x6B7C, 0x6F9C, 0x6B9C, 0x6F9C, 0x6B7C, 0x6F9B, 0x73BD, 
    0x6A30, 0x552A, 0x5EF8, 0x5AF8, 0x5AF8, 0x56D7, 0x5295, 0x4212, 0x1CE8, 0x4210, 0x6759, 0x77DE, 0x7FFF, 0x7BFF, 0x7BFE, 0x73BE, 
    0x73BD, 0x73BE, 0x73DD, 0x73BE, 0x73DD, 0x73BE, 0x73DD, 0x73BE, 0x77BD, 0x73BE, 0x77BD, 0x73BE, 0x77BD, 0x73BE, 0x77BD, 0x73BE, 
    0x77DD, 0x73BE, 0x73DD, 0x73BE, 0x73DD, 0x73BE, 0x73DD, 0x73BE, 0x73DD, 0x73BE, 0x73BD, 0x73BE, 0x73BD, 0x73BE, 0x73BD, 0x73BE, 
    0x73BD, 0x73BE, 0x73BD, 0x73BE, 0x6B7A, 0x0002, 0x52D7, 0x6B7C, 0x6339, 0x633A, 0x633A, 0x633A, 0x633A, 0x633A, 0x635A, 0x633A, 
    0x673A, 0x633A, 0x633A, 0x633A, 0x633A, 0x633A, 0x633A, 0x633A, 0x6339, 0x5F3A, 0x6339, 0x5F1A, 0x6339, 0x5F19, 0x6339, 0x5F1A, 
    0x6339, 0x5F19, 0x6339, 0x5F1A, 0x6339, 0x5F19, 0x6339, 0x633A, 0x633A, 0x633A, 0x673A, 0x633A, 0x635A, 0x633A, 0x675A, 0x633A, 
    0x631A, 0x673A, 0x633B, 0x673A, 0x633B, 0x673A, 0x673B, 0x673A, 0x631A, 0x673A, 0x6B5C, 0x6F9D, 0x6F7D, 0x6F9D, 0x6F7D, 0x6F9D, 
    0x6F7D, 0x739D, 0x3DF2, 0x56B5, 0x7BDF, 0x77BE, 0x77BF, 0x77DE, 0x77BF, 0x77DE, 0x77BF, 0x77DE, 0x77BF, 0x77DE, 0x77BF, 0x77DE, 
    0x77BF, 0x77DE, 0x77BF, 0x77DE, 0x77BF, 0x77DE, 0x77BF, 0x77BE, 0x77BF, 0x77BE, 0x77BF, 0x77DE, 0x77BF, 0x77DE, 0x77BF, 0x77DE, 
    0x77BF, 0x77DE, 0x77BF, 0x77DE, 0x77BF, 0x77DE, 0x77BF, 0x77BE, 0x77BF, 0x77BE, 0x77BF, 0x6339, 0x35AE, 0x6F7C, 0x6F7D, 0x6B5B, 
    0x6B5C, 0x6B7C, 0x6B5C, 0x6F7C, 0x6B7D, 0x6B7C, 0x6B5C, 0x6F7C, 0x6B7D, 0x6F7C, 0x6B5C, 0x5F1A, 0x3E57, 0x0003, 0x4232, 0x77BE, 
    0x6F9E, 0x73BD, 0x739E, 0x73BD, 0x739E, 0x73BD, 0x739E, 0x73BE, 0x739E, 0x73BE, 0x739E, 0x739D, 0x739E, 0x73BD, 0x73BF, 0x6F7B, 
    0x418D, 0x5AF8, 0x631B, 0x739D, 0x6F9E, 0x73BD, 0x739E, 0x73BD, 0x739E, 0x73BD, 0x739E, 0x739D, 0x55AE, 0x4400, 0x4064, 0x3463, 
    0x1C85, 0x2CC7, 0x6F5B, 0x77BD, 0x6F7D, 0x739D, 0x6F9D, 0x739D, 0x6F7D, 0x6F9D, 0x6F7D, 0x6F7C, 0x6B7D, 0x6F7C, 0x6B7D, 0x6F7C, 
    0x6F7D, 0x6F9C, 0x6F7D, 0x6F9C, 0x6B7C, 0x6F7C, 0x6B5C, 0x633A, 0x5F1A, 0x6B5B, 0x6B7D, 0x6F9C, 0x6F7D, 0x6F9D, 0x6F7D, 0x6F9C, 
    0x6F7D, 0x6F7C, 0x6F7D, 0x6F9C, 0x6F7D, 0x6F9C, 0x6F7D, 0x6F7C, 0x6F7D, 0x6F9C, 0x6F7D, 0x6F9C, 0x6F7D, 0x6F7C, 0x73BD, 0x7318, 
    0x5400, 0x66F7, 0x6B7D, 0x6F7C, 0x6F7D, 0x6F7C, 0x6B5C, 0x673A, 0x5EF9, 0x4A53, 0x294C, 0x2D6B, 0x4A53, 0x6B39, 0x77BE, 0x7FFF, 
    0x7FFF, 0x7FFF, 0x77DF, 0x77DE, 0x73BE, 0x77BE, 0x73BE, 0x77BE, 0x73BE, 0x77BE, 0x73BE, 0x77BE, 0x73BE, 0x77BE, 0x73BE, 0x77BE, 
    0x73BE, 0x77BE, 0x73BE, 0x77BE, 0x73BE, 0x77BE, 0x73BE, 0x77BE, 0x73BE, 0x77BE, 0x73BE, 0x77BE, 0x73BE, 0x77BE, 0x73BE, 0x77BE, 
    0x73BE, 0x77BE, 0x739E, 0x77BE, 0x77BF, 0x4E73, 0x1CEA, 0x6B5C, 0x673B, 0x673A, 0x631B, 0x673A, 0x633A, 0x673A, 0x633B, 0x673A, 
    0x631B, 0x673A, 0x633B, 0x633A, 0x633B, 0x673A, 0x631B, 0x673A, 0x631A, 0x633A, 0x631A, 0x631A, 0x631A, 0x6319, 0x5F1A, 0x631A, 
    0x5F1A, 0x6319, 0x631A, 0x6339, 0x631A, 0x6339, 0x631A, 0x6339, 0x631A, 0x673A, 0x633B, 0x673A, 0x633B, 0x673A, 0x633B, 0x673A, 
    0x633A, 0x633A, 0x675A, 0x633B, 0x673A, 0x633A, 0x673A, 0x631A, 0x633A, 0x631A, 0x673A, 0x6F7D, 0x6F9C, 0x6F7D, 0x6F9C, 0x6F9D, 
    0x6F9C, 0x6F9D, 0x6F9C, 0x318E, 0x5EF7, 0x7BFF, 0x77BE, 0x77BE, 0x77DE, 0x77BE, 0x77DE, 0x73BE, 0x77DE, 0x73BE, 0x77DE, 0x73BE, 
    0x77DE, 0x77BF, 0x77DE, 0x77BE, 0x77DE, 0x77BE, 0x77DE, 0x77BE, 0x77DE, 0x77BE, 0x77DE, 0x77BE, 0x77DE, 0x77BE, 0x77DE, 0x77BE, 
    0x77DE, 0x77BE, 0x77DE, 0x73BE, 0x77DE, 0x73BE, 0x77DE, 0x73BE, 0x77DE, 0x73BE, 0x77DE, 0x77BF, 0x5AF7, 0x39F0, 0x73BD, 0x6B7C, 
    0x6B7B, 0x6B5C, 0x6B7B, 0x6B5C, 0x6B7C, 0x6B7C, 0x6B7C, 0x6B7C, 0x6B7C, 0x6B5C, 0x6B7B, 0x5F1A, 0x4276, 0x0006, 0x3E10, 0x73BE, 
    0x6FBD, 0x6FBE, 0x73BD, 0x6F9E, 0x73BD, 0x6FBE, 0x73BD, 0x6FBE, 0x73BD, 0x6F9E, 0x73BD, 0x6F9E, 0x73BD, 0x6F9E, 0x77DE, 0x5EB5, 
    0x4A11, 0x635B, 0x675B, 0x6F9E, 0x73BD, 0x6F9E, 0x73BD, 0x6F9E, 0x73BD, 0x739E, 0x73BD, 0x739D, 0x55EF, 0x3C00, 0x4483, 0x3443, 
    0x0400, 0x314C, 0x739C, 0x73BD, 0x6F7C, 0x6F9D, 0x6F9D, 0x6F9D, 0x6F9D, 0x6F9D, 0x6F9C, 0x6B7D, 0x6B7C, 0x675B, 0x6B7B, 0x6B7C, 
    0x6B7C, 0x6B7C, 0x6F9C, 0x6B7C, 0x6F9C, 0x6B7C, 0x6B7B, 0x635B, 0x5F19, 0x5F19, 0x6B5B, 0x6B7C, 0x6F9C, 0x6B7D, 0x6F9C, 0x6F7D, 
    0x6F9C, 0x6B7C, 0x6F9C, 0x6F7D, 0x6F9C, 0x6F7C, 0x6F9C, 0x6F7C, 0x6F9C, 0x6F7D, 0x6F9C, 0x6F7D, 0x6F9C, 0x6F9D, 0x779B, 0x58C6, 
    0x5E52, 0x6B7C, 0x6F7B, 0x6B7C, 0x6F9C, 0x6B7D, 0x6F9C, 0x6B7C, 0x6F9C, 0x6B7C, 0x675A, 0x56B7, 0x3DEF, 0x18A7, 0x1CC6, 0x3DF0, 
    0x5EF7, 0x6F7B, 0x77BD, 0x7BDF, 0x7FFF, 0x7FFF, 0x7FFF, 0x7BDF, 0x77DE, 0x73BE, 0x73BD, 0x73BE, 0x77BD, 0x73BE, 0x77BD, 0x73BE, 
    0x77BD, 0x73BE, 0x77BD, 0x73BE, 0x77BD, 0x73BE, 0x77BE, 0x73BE, 0x77BD, 0x73BE, 0x77BD, 0x73BE, 0x77BD, 0x73BE, 0x77BD, 0x73BE, 
    0x73BD, 0x73BE, 0x73BD, 0x73BE, 0x77DE, 0x6F9C, 0x2107, 0x4E76, 0x6F9C, 0x633A, 0x633A, 0x633A, 0x633A, 0x633B, 0x633A, 0x633B, 
    0x673A, 0x633B, 0x673A, 0x633A, 0x673A, 0x633A, 0x673A, 0x633A, 0x6339, 0x631A, 0x633A, 0x5F1A, 0x6319, 0x5F1A, 0x6339, 0x631A, 
    0x6339, 0x5F1A, 0x6339, 0x631A, 0x6339, 0x631A, 0x6319, 0x631A, 0x6339, 0x633A, 0x673A, 0x633A, 0x635A, 0x633B, 0x633A, 0x633A, 
    0x633A, 0x673A, 0x633B, 0x673A, 0x633B, 0x673A, 0x633B, 0x633A, 0x673B, 0x6B5B, 0x633A, 0x6B5B, 0x6B7D, 0x6F9C, 0x6F7D, 0x6F9C, 
    0x6F7D, 0x6F9C, 0x6F9D, 0x6B5B, 0x292C, 0x6B5A, 0x7BDF, 0x77BE, 0x77BE, 0x77DE, 0x77BF, 0x77DE, 0x77BF, 0x77DE, 0x77BF, 0x77DE, 
    0x77BF, 0x77DE, 0x77BF, 0x77DE, 0x77BF, 0x77DE, 0x77BF, 0x77DE, 0x77BF, 0x77DE, 0x77BF, 0x77DE, 0x77BF, 0x77DE, 0x77BF, 0x77DE, 
    0x77BF, 0x77DE, 0x77BF, 0x77DE, 0x77BE, 0x77DE, 0x77BE, 0x77DE, 0x77BE, 0x77DE, 0x77BE, 0x77BE, 0x77BF, 0x52B5, 0x4653, 0x77BE, 
    0x6B5C, 0x6B7B, 0x6B5C, 0x6B7B, 0x6B7C, 0x6B7C, 0x6B7C, 0x6B7C, 0x6B7C, 0x6B7C, 0x675C, 0x5F1A, 0x4256, 0x0007, 0x35CF, 0x73BD, 
    0x6F9E, 0x73BD, 0x6F9E, 0x73BD, 0x6F9E, 0x73BD, 0x6F9E, 0x73BE, 0x739E, 0x73BD, 0x6F9E, 0x73BD, 0x6F9E, 0x73BE, 0x73BE, 0x4DEF, 
    0x56B7, 0x675B, 0x6B7D, 0x73BD, 0x6F9E, 0x73BD, 0x6F9E, 0x73BD, 0x739E, 0x73BD, 0x739E, 0x77BD, 0x5DEF, 0x4C00, 0x4C64, 0x4000, 
    0x49F0, 0x6739, 0x6F7C, 0x6F7C, 0x6B5C, 0x6F7C, 0x6B7C, 0x6F9C, 0x6F9D, 0x6F9D, 0x6F7D, 0x6F9C, 0x6B5C, 0x675B, 0x6B7D, 0x6F9C, 
    0x6F7D, 0x6F9C, 0x6B5C, 0x6B7B, 0x675C, 0x6B7C, 0x6B5B, 0x673A, 0x5F1A, 0x6319, 0x631A, 0x6B7B, 0x6B7D, 0x6F7C, 0x6F7D, 0x6F9C, 
    0x6F7D, 0x6F9C, 0x6F7D, 0x6F9C, 0x6F7D, 0x6F9C, 0x6F7D, 0x6F9C, 0x6F7D, 0x6F9C, 0x6F7D, 0x6F9C, 0x6B7C, 0x77BD, 0x61EF, 0x558C, 
    0x6B5B, 0x6F7C, 0x6B7C, 0x6F9C, 0x6B7D, 0x6F9C, 0x6B7D, 0x6F9C, 0x6B7D, 0x6F9C, 0x6B7D, 0x6F9C, 0x6B7C, 0x6339, 0x4E74, 0x318C, 
    0x0000, 0x0000, 0x252A, 0x3DEF, 0x4632, 0x5AD5, 0x673A, 0x739C, 0x7BDE, 0x7FFF, 0x7FFF, 0x7FFF, 0x7BDF, 0x77DE, 0x73BE, 0x77BD, 
    0x73BE, 0x77BD, 0x73BE, 0x77BE, 0x73BE, 0x77BE, 0x73BE, 0x77BE, 0x73BE, 0x77BE, 0x73BE, 0x77BE, 0x73BE, 0x77BE, 0x73BE, 0x77BE, 
    0x73BE, 0x77BE, 0x73BE, 0x77BE, 0x73BE, 0x77DE, 0x5AD7, 0x1486, 0x673B, 0x675A, 0x633A, 0x673A, 0x633B, 0x673A, 0x631B, 0x673A, 
    0x633B, 0x673A, 0x633B, 0x673A, 0x633A, 0x673A, 0x633A, 0x633A, 0x633B, 0x633A, 0x631A, 0x633A, 0x5F1A, 0x6339, 0x5F1A, 0x6339, 
    0x631A, 0x6319, 0x631A, 0x6339, 0x631A, 0x6319, 0x631A, 0x6339, 0x631A, 0x673A, 0x633B, 0x673A, 0x633B, 0x673A, 0x633A, 0x633A, 
    0x633A, 0x633A, 0x675A, 0x633B, 0x675A, 0x633A, 0x633A, 0x5F3A, 0x677B, 0x6B7C, 0x6B7B, 0x633A, 0x6B7B, 0x6B9D, 0x6F9C, 0x6F9D, 
    0x6F9C, 0x6F9D, 0x6F9C, 0x6F9D, 0x6339, 0x294B, 0x739B, 0x7BDF, 0x77DD, 0x77BE, 0x77DE, 0x73BE, 0x77DE, 0x73BE, 0x77DE, 0x73BE, 
    0x77DE, 0x73DE, 0x77DE, 0x73BE, 0x77DE, 0x73BE, 0x77DE, 0x73BE, 0x77DE, 0x73BE, 0x77DE, 0x73BE, 0x77DE, 0x73BE, 0x77DE, 0x73BE, 
    0x77DE, 0x73BE, 0x77DE, 0x73BE, 0x77DE, 0x73BE, 0x77DE, 0x73BE, 0x77DE, 0x73BE, 0x77DE, 0x73BE, 0x77DE, 0x73BE, 0x4231, 0x52B6, 
    0x73DE, 0x675C, 0x6B7B, 0x675C, 0x6B7B, 0x677C, 0x6B7B, 0x6B7C, 0x6B7B, 0x6B7C, 0x6B7C, 0x5F1A, 0x4676, 0x0068, 0x2D8C, 0x6F9D, 
    0x73BD, 0x6FBE, 0x73BD, 0x6F9E, 0x73BD, 0x6F9D, 0x73BD, 0x739D, 0x73BD, 0x6F9D, 0x73BD, 0x6F9E, 0x73BD, 0x73BE, 0x6F7B, 0x3D8C, 
    0x5F19, 0x6B7C, 0x6FBD, 0x6F9D, 0x73BD, 0x6F9D, 0x73BD, 0x6F9D, 0x73BD, 0x6F9D, 0x6F9C, 0x677C, 0x5A0F, 0x4C00, 0x4C00, 0x6274, 
    0x739C, 0x6F9D, 0x6F9C, 0x6B7C, 0x6B7B, 0x675B, 0x675A, 0x5F1A, 0x675A, 0x6B7C, 0x6F9C, 0x6B9D, 0x675B, 0x675B, 0x6F9C, 0x6F9D, 
    0x6F9C, 0x6F9D, 0x6F9D, 0x6B7D, 0x6B7B, 0x635B, 0x635A, 0x635B, 0x635A, 0x633B, 0x675B, 0x675B, 0x6B7B, 0x6B7C, 0x6F9C, 0x6B7D, 
    0x6F9C, 0x6B9D, 0x6F9C, 0x6F7D, 0x6F9C, 0x6F7D, 0x6F9C, 0x6B7C, 0x6F9C, 0x6B7C, 0x6F9C, 0x6B7C, 0x73BC, 0x6AB5, 0x4C00, 0x6719, 
    0x6F9C, 0x6B7C, 0x6F9B, 0x6B7C, 0x6F9C, 0x6B7C, 0x6F9C, 0x6B7C, 0x6F9C, 0x6B7C, 0x6B9C, 0x6B7C, 0x6B9C, 0x6B7C, 0x6F9B, 0x675B, 
    0x5294, 0x0C64, 0x4E94, 0x56D7, 0x4E74, 0x3DF2, 0x35AE, 0x2D6D, 0x39CE, 0x4632, 0x5AD5, 0x6759, 0x73BC, 0x7BDE, 0x7FFF, 0x7FFF, 
    0x7FFF, 0x7BDF, 0x77DE, 0x73BE, 0x73BD, 0x73BE, 0x73BD, 0x73BE, 0x77DD, 0x73BE, 0x73DD, 0x73BE, 0x73BD, 0x73BE, 0x73BD, 0x73BE, 
    0x73BD, 0x73BE, 0x73BD, 0x73BE, 0x73DD, 0x73BE, 0x73BD, 0x2D8C, 0x4A74, 0x675B, 0x6339, 0x633A, 0x635A, 0x633A, 0x633A, 0x633A, 
    0x633A, 0x633A, 0x633A, 0x633A, 0x633A, 0x633A, 0x633A, 0x633A, 0x633A, 0x5F3A, 0x633A, 0x5F3A, 0x6339, 0x5F19, 0x6339, 0x5F1A, 
    0x5F39, 0x5F19, 0x6339, 0x5F19, 0x6339, 0x5F19, 0x6339, 0x5F19, 0x6339, 0x633A, 0x633A, 0x633A, 0x673A, 0x633A, 0x6339, 0x633A, 
    0x631B, 0x673A, 0x673B, 0x673B, 0x673B, 0x673A, 0x673B, 0x673A, 0x6B5C, 0x6F7C, 0x6B7D, 0x6B5B, 0x631A, 0x6F7C, 0x6F7D, 0x6F9D, 
    0x6F7D, 0x739D, 0x6F7D, 0x739D, 0x739E, 0x5AD7, 0x2D6C, 0x77BD, 0x7BDF, 0x77BE, 0x77BF, 0x77DE, 0x77BF, 0x77DE, 0x77BF, 0x77DE, 
    0x77BF, 0x77DE, 0x77BF, 0x77DE, 0x77BF, 0x77DE, 0x77BF, 0x77DE, 0x77BF, 0x77DE, 0x77BF, 0x77DE, 0x77BF, 0x77DE, 0x77BF, 0x77DE, 
    0x77BF, 0x77DE, 0x77BF, 0x77DE, 0x77BF, 0x77DE, 0x77BF, 0x77DE, 0x77BF, 0x77DE, 0x77BF, 0x77DE, 0x77BE, 0x7BDE, 0x6B5B, 0x252A, 
    0x5F1A, 0x73BE, 0x673B, 0x6B5B, 0x675C, 0x6B5B, 0x675C, 0x6B7C, 0x6B5C, 0x6F7C, 0x6B5D, 0x631A, 0x4256, 0x0089, 0x254B, 0x6F9D, 
    0x739E, 0x73BD, 0x739E, 0x73BD, 0x739E, 0x739D, 0x739E, 0x779D, 0x739E, 0x73BD, 0x739E, 0x739D, 0x739E, 0x77DF, 0x62D7, 0x3DCF, 
    0x633B, 0x739D, 0x6F9E, 0x739D, 0x739E, 0x739D, 0x6F9E, 0x739D, 0x6B5D, 0x6B5C, 0x675C, 0x739D, 0x6695, 0x5400, 0x5000, 0x6AB6, 
    0x77BF, 0x6F9C, 0x6F7D, 0x6F9C, 0x6F7D, 0x6F7C, 0x6B5C, 0x673A, 0x5F1A, 0x6319, 0x673B, 0x6B7C, 0x633B, 0x6B7C, 0x6F7D, 0x6F9D, 
    0x6F9D, 0x6F9D, 0x6F7D, 0x739D, 0x6F7D, 0x6F9D, 0x6B5C, 0x6B5B, 0x673B, 0x673A, 0x633B, 0x673B, 0x673B, 0x6B5B, 0x6B7C, 0x6F7C, 
    0x6B7D, 0x6F7C, 0x6F7D, 0x6F7C, 0x6F7D, 0x6F9C, 0x6F7D, 0x6F9C, 0x6F7D, 0x6F9C, 0x6F7D, 0x6F9C, 0x733A, 0x5000, 0x5E75, 0x6F7C, 
    0x6F7C, 0x6F7C, 0x6F7C, 0x6F7C, 0x6F7D, 0x6F7C, 0x6F7C, 0x6F7C, 0x6F7C, 0x6F7C, 0x6F7C, 0x6F7C, 0x6B7C, 0x6F7C, 0x6B7C, 0x6F7C, 
    0x6B3A, 0x5231, 0x5F1A, 0x6319, 0x631A, 0x633A, 0x631A, 0x5EF9, 0x56B8, 0x5275, 0x4212, 0x39AF, 0x316E, 0x39AE, 0x4632, 0x5AB5, 
    0x6719, 0x739C, 0x7BBE, 0x7FFF, 0x7FFF, 0x7FFF, 0x7BDF, 0x7BDE, 0x77BE, 0x77BE, 0x739E, 0x77BD, 0x73BE, 0x77BE, 0x73BE, 0x77BE, 
    0x73BE, 0x77BE, 0x73BE, 0x77BE, 0x73BE, 0x77BD, 0x7BDF, 0x56B5, 0x292C, 0x675B, 0x633A, 0x673A, 0x633B, 0x673A, 0x633B, 0x673A, 
    0x633B, 0x673A, 0x633B, 0x673A, 0x633A, 0x673A, 0x633B, 0x673A, 0x633B, 0x633A, 0x631B, 0x633A, 0x631A, 0x6339, 0x631A, 0x631A, 
    0x5F1A, 0x6319, 0x631A, 0x6319, 0x631A, 0x6319, 0x631A, 0x6319, 0x631A, 0x673A, 0x633B, 0x673A, 0x631B, 0x673A, 0x631A, 0x673A, 
    0x633A, 0x633A, 0x673A, 0x633A, 0x675A, 0x633B, 0x675A, 0x633B, 0x6B7B, 0x6B7C, 0x6F9C, 0x6B7D, 0x675A, 0x633A, 0x6F9C, 0x6F7D, 
    0x6F9C, 0x6F9D, 0x6F9C, 0x6F9D, 0x6F9C, 0x739E, 0x5295, 0x39CE, 0x7BDE, 0x77BE, 0x77DE, 0x77BE, 0x77DE, 0x77BE, 0x77DE, 0x77BE, 
    0x77DE, 0x77BE, 0x77DE, 0x77BE, 0x77DE, 0x77BE, 0x77DE, 0x77BE, 0x77DE, 0x77BE, 0x77DE, 0x77BE, 0x77DE, 0x77BE, 0x77DE, 0x77BE, 
    0x77DE, 0x77BE, 0x77DE, 0x77BE, 0x77DE, 0x73BE, 0x77DE, 0x73BE, 0x77DE, 0x77BE, 0x77DE, 0x73BE, 0x77DE, 0x77BE, 0x77BD, 0x3DF0, 
    0x212A, 0x675B, 0x73BD, 0x675C, 0x6B7B, 0x675C, 0x6B5B, 0x6B5C, 0x6B7C, 0x6B7C, 0x6B7B, 0x5F1A, 0x4276, 0x1CC8, 0x3928, 0x6F9D, 
    0x73BD, 0x6F9E, 0x73BD, 0x6F9E, 0x73BD, 0x6F9D, 0x73BD, 0x739D, 0x73BD, 0x6F9D, 0x73BD, 0x6F9D, 0x73BD, 0x73BE, 0x5231, 0x4232, 
    0x6F9C, 0x6F9E, 0x73BD, 0x6F9D, 0x6F9D, 0x6F9D, 0x6F9C, 0x675C, 0x6B7C, 0x6B7D, 0x73BD, 0x73BE, 0x6EF6, 0x5400, 0x5800, 0x6232, 
    0x77DE, 0x6F9D, 0x6F9C, 0x6F7C, 0x6F9C, 0x6F9D, 0x6F9C, 0x6F7D, 0x6F7C, 0x633B, 0x5F18, 0x5EF9, 0x675A, 0x6B7C, 0x6F9C, 0x6F9D, 
    0x6F9C, 0x6F9D, 0x6F9C, 0x6F9D, 0x6F9D, 0x6F9D, 0x6F9D, 0x6B7D, 0x6B7C, 0x675B, 0x633A, 0x5F1A, 0x633A, 0x633B, 0x675A, 0x675C, 
    0x6B7C, 0x6B7C, 0x6F9C, 0x6B7D, 0x6F9C, 0x6F7D, 0x6F9C, 0x6F7D, 0x6F9C, 0x6F7C, 0x6F9C, 0x739D, 0x5DAC, 0x518D, 0x6F7B, 0x6B7C, 
    0x6F9C, 0x6B7C, 0x6F9C, 0x6F7C, 0x6F9C, 0x6B7C, 0x6F9C, 0x6B7C, 0x6F9C, 0x6B7C, 0x6F7C, 0x6B7C, 0x6F9C, 0x6B7C, 0x6F7C, 0x6B7C, 
    0x6F7B, 0x6274, 0x6339, 0x633A, 0x5F39, 0x5F19, 0x6339, 0x633A, 0x633A, 0x633A, 0x675A, 0x633A, 0x5F19, 0x56D8, 0x4E95, 0x4212, 
    0x39CF, 0x316D, 0x39AE, 0x4211, 0x56B4, 0x6319, 0x739B, 0x77DE, 0x7FFF, 0x7FFF, 0x7FFF, 0x7BDF, 0x77DE, 0x73BE, 0x73BD, 0x73BE, 
    0x73BD, 0x73BE, 0x77BD, 0x73BE, 0x73BD, 0x77DF, 0x77DE, 0x31AD, 0x3DF0, 0x673B, 0x673A, 0x633A, 0x673A, 0x633A, 0x673A, 0x633A, 
    0x675A, 0x633A, 0x673A, 0x633A, 0x675A, 0x633A, 0x673A, 0x633A, 0x633A, 0x633B, 0x633A, 0x631A, 0x633A, 0x631A, 0x6339, 0x631A, 
    0x6319, 0x5F19, 0x6339, 0x5F1A, 0x6339, 0x5F19, 0x6319, 0x631A, 0x6339, 0x633A, 0x633A, 0x633A, 0x673A, 0x633A, 0x6339, 0x633A, 
    0x633A, 0x673A, 0x633B, 0x673A, 0x633B, 0x675A, 0x633B, 0x675A, 0x6B7C, 0x6F9C, 0x6B7D, 0x6F9C, 0x6B7D, 0x675A, 0x673B, 0x6F9C, 
    0x6F7D, 0x739D, 0x6F9D, 0x739D, 0x6F9D, 0x739D, 0x739D, 0x4652, 0x4632, 0x7FFF, 0x77BE, 0x77BE, 0x77BF, 0x77DE, 0x77BF, 0x77DE, 
    0x77BF, 0x77DE, 0x77BF, 0x77DE, 0x77BF, 0x77DE, 0x77BF, 0x77DE, 0x77BF, 0x77DE, 0x77BF, 0x77DE, 0x77BF, 0x77DE, 0x77BF, 0x77DE, 
    0x77BF, 0x77DE, 0x77BF, 0x77DE, 0x77BE, 0x77DE, 0x77BE, 0x77DE, 0x77BE, 0x77DE, 0x77BE, 0x77DE, 0x73BE, 0x77DE, 0x73BE, 0x3E10, 
    0x296D, 0x2D8C, 0x56D7, 0x5EF9, 0x5EF8, 0x5EF7, 0x5AB7, 0x5ED6, 0x5EF9, 0x673A, 0x6F7D, 0x673B, 0x4E97, 0x4129, 0x4CA5, 0x6F7C, 
    0x6FBE, 0x739D, 0x739E, 0x739D, 0x739D, 0x739D, 0x739D, 0x739D, 0x739D, 0x73BD, 0x6F9E, 0x739D, 0x6F9E, 0x779C, 0x3D4B, 0x56D6, 
    0x739E, 0x739D, 0x6F9D, 0x6F9D, 0x6B7D, 0x6B7C, 0x6B5C, 0x6F9D, 0x6F9E, 0x73BD, 0x739E, 0x77BE, 0x6EF8, 0x5800, 0x5800, 0x61CE, 
    0x779E, 0x73BD, 0x6F7D, 0x6F9C, 0x6F7D, 0x6F9C, 0x6F9D, 0x6F9C, 0x6F7D, 0x6F9C, 0x633A, 0x631A, 0x673B, 0x6B7B, 0x6B7D, 0x6F9C, 
    0x6F9D, 0x6F9C, 0x6F9D, 0x739D, 0x6F9D, 0x739D, 0x6F7D, 0x6F9C, 0x6F7C, 0x6F7C, 0x673B, 0x673B, 0x633B, 0x675B, 0x675C, 0x6B5B, 
    0x675B, 0x6B5B, 0x6B5C, 0x6F7C, 0x6B7C, 0x6F7C, 0x6B7D, 0x6F9C, 0x6F7D, 0x6F7C, 0x73BE, 0x6ED5, 0x4800, 0x6719, 0x6F7D, 0x6F7C, 
    0x6F7D, 0x6F9C, 0x6F7D, 0x6F7C, 0x6F7D, 0x6F9C, 0x6F7D, 0x6F7C, 0x6F7C, 0x6F7C, 0x6F7C, 0x6F7C, 0x6B7C, 0x6F7C, 0x6B7C, 0x6F7C, 
    0x6B7D, 0x6AF7, 0x5674, 0x6B9C, 0x5F19, 0x6339, 0x5F1A, 0x633A, 0x633A, 0x6339, 0x5F1A, 0x633A, 0x633A, 0x673A, 0x633B, 0x675A, 
    0x633B, 0x6319, 0x5AF8, 0x52B5, 0x4633, 0x35AE, 0x2D4C, 0x35AD, 0x4211, 0x56B4, 0x6739, 0x739C, 0x7BDE, 0x7FFF, 0x7FFF, 0x7FFF, 
    0x7BDF, 0x7BDE, 0x73BE, 0x77BE, 0x7BDF, 0x7BDE, 0x3DF0, 0x10A6, 0x5AF9, 0x673A, 0x633A, 0x673A, 0x633A, 0x673A, 0x633A, 0x673A, 
    0x633A, 0x673A, 0x633A, 0x6739, 0x633A, 0x673A, 0x633B, 0x633A, 0x5F1A, 0x633A, 0x633B, 0x633A, 0x631A, 0x633A, 0x631A, 0x633A, 
    0x631A, 0x6319, 0x631A, 0x6339, 0x631A, 0x6319, 0x5F19, 0x6339, 0x631A, 0x6339, 0x633A, 0x673A, 0x633A, 0x633A, 0x631A, 0x633A, 
    0x633A, 0x633A, 0x675A, 0x633B, 0x675A, 0x5F1A, 0x6339, 0x675B, 0x6F9C, 0x6B7D, 0x6F9C, 0x6B9D, 0x6F9C, 0x6B7D, 0x675A, 0x6B5C, 
    0x6F9C, 0x6F9D, 0x6F9C, 0x6F9D, 0x73BC, 0x6F9D, 0x73BC, 0x6F9D, 0x39EF, 0x5294, 0x7FFF, 0x73BE, 0x77DE, 0x77BE, 0x77DE, 0x73BE, 
    0x77DE, 0x73BE, 0x77DE, 0x77BE, 0x77DE, 0x73BE, 0x77DE, 0x73BE, 0x77DE, 0x73BE, 0x77DE, 0x73BE, 0x77DE, 0x73BE, 0x77DE, 0x73BE, 
    0x77DE, 0x73BE, 0x77DE, 0x73BE, 0x77DE, 0x73BE, 0x77DE, 0x73BE, 0x77DD, 0x73BE, 0x77DE, 0x73BE, 0x77DE, 0x7BFF, 0x6338, 0x31D0, 
    0x3E32, 0x298D, 0x0085, 0x1885, 0x4E52, 0x5274, 0x4E72, 0x4E73, 0x5294, 0x5295, 0x56B5, 0x4A75, 0x45CE, 0x4C00, 0x5420, 0x6B5B, 
    0x73DE, 0x6F9D, 0x73BD, 0x6F9D, 0x73BD, 0x6F9D, 0x73BD, 0x6F9D, 0x73BC, 0x6F9D, 0x6FBD, 0x6B9D, 0x73DE, 0x6B39, 0x3129, 0x5F1A, 
    0x6F9C, 0x6B7C, 0x6B7C, 0x675C, 0x6B7B, 0x6B7D, 0x6FBD, 0x6F9E, 0x73BD, 0x6FBD, 0x73BD, 0x73BE, 0x7339, 0x5442, 0x5C00, 0x5D6B, 
    0x779C, 0x73BE, 0x6F9C, 0x6B7C, 0x6F9C, 0x6F9D, 0x6F9C, 0x6B9C, 0x6F9C, 0x6F9D, 0x6F9C, 0x675B, 0x675A, 0x633B, 0x6B7B, 0x6B7C, 
    0x6F9C, 0x6B9D, 0x6F9C, 0x6F9D, 0x6FBC, 0x6F9D, 0x6F9C, 0x6F9D, 0x6F9C, 0x6B7C, 0x6F9C, 0x675C, 0x675B, 0x5F3B, 0x6B7C, 0x6B7C, 
    0x6B7C, 0x675C, 0x6B7B, 0x675B, 0x6B7B, 0x6B7C, 0x6B7B, 0x6B7C, 0x6F7B, 0x6F9D, 0x7359, 0x4C00, 0x5E94, 0x6F7D, 0x6F9C, 0x6B7C, 
    0x6F9C, 0x6B7C, 0x6F9C, 0x6B7C, 0x6F9C, 0x6B7C, 0x6F9C, 0x6B7C, 0x6F9C, 0x6B7C, 0x6F9C, 0x6B7C, 0x6F9C, 0x6B7C, 0x6F9B, 0x6B7C, 
    0x6B7B, 0x6B7C, 0x6250, 0x5ED7, 0x6B7C, 0x5F19, 0x6339, 0x5F3A, 0x6339, 0x5F39, 0x6339, 0x5F3A, 0x6339, 0x5F3A, 0x6339, 0x5F3A, 
    0x6339, 0x633A, 0x635A, 0x633B, 0x675A, 0x633A, 0x6319, 0x56D7, 0x4E94, 0x4212, 0x31AD, 0x294B, 0x318C, 0x4211, 0x56B5, 0x6339, 
    0x739C, 0x77DE, 0x7FFF, 0x7FFF, 0x77BD, 0x35AD, 0x0845, 0x56D7, 0x633A, 0x5F1A, 0x6339, 0x633A, 0x6339, 0x633A, 0x675A, 0x633A, 
    0x635A, 0x633A, 0x675A, 0x633A, 0x675A, 0x633A, 0x635A, 0x633A, 0x633A, 0x5F3A, 0x6339, 0x633A, 0x6339, 0x633A, 0x6339, 0x5F1A, 
    0x6339, 0x5EF9, 0x6339, 0x631A, 0x6339, 0x5F19, 0x6339, 0x5F19, 0x6339, 0x631A, 0x6339, 0x633A, 0x6339, 0x633A, 0x6339, 0x633A, 
    0x631B, 0x673A, 0x673B, 0x673A, 0x633B, 0x6319, 0x631A, 0x6F7C, 0x6F7D, 0x6F7D, 0x6F7D, 0x6F9D, 0x6F7D, 0x6F7D, 0x6B5D, 0x6B5B, 
    0x6F7D, 0x739D, 0x6F7D, 0x739D, 0x6F9D, 0x739D, 0x6F9D, 0x739D, 0x6B7C, 0x318D, 0x5AD7, 0x7FFF, 0x77BE, 0x77BE, 0x77BF, 0x77DE, 
    0x77BF, 0x77DE, 0x77BF, 0x77DE, 0x77BF, 0x77DE, 0x77BF, 0x77DE, 0x77BF, 0x77BE, 0x77BF, 0x77BE, 0x77BE, 0x77BE, 0x73BE, 0x77BE, 
    0x73BE, 0x77BE, 0x77BF, 0x77DE, 0x77BF, 0x7BDF, 0x7BDF, 0x7FFF, 0x7BDF, 0x7FFF, 0x7FFF, 0x7FFF, 0x7BDF, 0x6B5A, 0x2D8E, 0x2D8D, 
    0x2D8E, 0x4653, 0x35AF, 0x2D6D, 0x4612, 0x4DCF, 0x496D, 0x454A, 0x492A, 0x40E7, 0x24C8, 0x2DAF, 0x3D2B, 0x5840, 0x5400, 0x6B3A, 
    0x73BF, 0x739D, 0x6F9E, 0x739D, 0x6F9E, 0x739D, 0x6F9E, 0x739D, 0x6F9E, 0x6F9D, 0x6F7D, 0x6F9D, 0x77BF, 0x5E73, 0x41F2, 0x675A, 
    0x673B, 0x6B5B, 0x6B5C, 0x6B7C, 0x6F9E, 0x739D, 0x739E, 0x73BE, 0x739E, 0x73BE, 0x739E, 0x77BE, 0x735B, 0x5CE6, 0x5C00, 0x6108, 
    0x735C, 0x77BE, 0x6F7D, 0x6F9C, 0x6F7D, 0x739D, 0x6F7D, 0x739C, 0x6F7D, 0x739D, 0x6F7D, 0x6B7C, 0x675C, 0x6F7C, 0x6B5C, 0x6B7B, 
    0x6B5C, 0x6F7C, 0x6F7D, 0x739D, 0x6F9D, 0x739D, 0x6F9D, 0x739D, 0x6F7D, 0x739C, 0x6F7D, 0x6F7C, 0x675C, 0x633B, 0x631B, 0x6B7C, 
    0x6B7D, 0x6F7C, 0x6F7D, 0x6F7B, 0x6B5C, 0x6F7B, 0x6B5C, 0x6F5B, 0x6B5C, 0x779C, 0x5929, 0x55CE, 0x6F5C, 0x6F9C, 0x6F7C, 0x6F7C, 
    0x6F7D, 0x6F7C, 0x6F7D, 0x6F7C, 0x6F7D, 0x6F7C, 0x6F7D, 0x6F7C, 0x6F7C, 0x6F7C, 0x6F7C, 0x6F7C, 0x6F7D, 0x6F7C, 0x6B7C, 0x6F7C, 
    0x6B7C, 0x6B7C, 0x6F3A, 0x5DCE, 0x673B, 0x675B, 0x631A, 0x6339, 0x631A, 0x6339, 0x631A, 0x6739, 0x631A, 0x633A, 0x631A, 0x6339, 
    0x631A, 0x633A, 0x631A, 0x633A, 0x631A, 0x673A, 0x633B, 0x673A, 0x673B, 0x673B, 0x631B, 0x6319, 0x56B8, 0x5275, 0x4212, 0x318D, 
    0x252C, 0x318D, 0x4632, 0x5294, 0x1CE8, 0x2109, 0x5AD9, 0x673A, 0x631A, 0x673A, 0x631A, 0x673A, 0x631A, 0x673A, 0x633B, 0x673A, 
    0x633A, 0x673A, 0x673A, 0x673A, 0x633A, 0x673A, 0x633A, 0x673A, 0x631A, 0x633A, 0x631A, 0x673A, 0x631A, 0x6319, 0x631A, 0x6319, 
    0x631A, 0x6319, 0x5F1A, 0x633A, 0x631A, 0x6319, 0x5F1A, 0x6319, 0x631A, 0x633A, 0x631A, 0x633A, 0x631B, 0x673A, 0x631A, 0x633A, 
    0x633A, 0x633B, 0x675A, 0x633B, 0x675A, 0x5F1A, 0x675A, 0x6B7C, 0x6F9C, 0x6F7C, 0x6F9C, 0x6F7D, 0x6F9C, 0x6B7C, 0x6F9C, 0x675C, 
    0x6F7C, 0x6F7D, 0x6F9C, 0x6F9D, 0x6F9C, 0x6F9D, 0x73BD, 0x6F9D, 0x73BD, 0x675B, 0x296B, 0x6318, 0x7FFF, 0x73BE, 0x77DE, 0x73BE, 
    0x77DE, 0x73BE, 0x77DE, 0x73BE, 0x77DE, 0x73BE, 0x77DE, 0x77BF, 0x77DE, 0x77DF, 0x7BDE, 0x7BDF, 0x7BFF, 0x7BFF, 0x7FFF, 0x7FFF, 
    0x7FFF, 0x7FFF, 0x7FFF, 0x7BDF, 0x7BDE, 0x73BD, 0x739B, 0x6B5B, 0x6738, 0x5EF7, 0x56B5, 0x4A53, 0x3DEF, 0x1D09, 0x296C, 0x35CF, 
    0x4652, 0x4E95, 0x5AD7, 0x5F1A, 0x6339, 0x456C, 0x4800, 0x4D8D, 0x4D8D, 0x418D, 0x4211, 0x4234, 0x458C, 0x5840, 0x5800, 0x6719, 
    0x73DE, 0x6F9D, 0x6F9D, 0x6F9D, 0x6F9D, 0x6F9D, 0x6F9D, 0x6F9D, 0x6F9D, 0x6F9D, 0x6F9D, 0x6F9E, 0x77BD, 0x45AE, 0x5AF8, 0x6B7C, 
    0x6B7B, 0x675C, 0x6F9C, 0x6F9E, 0x73BD, 0x6F9E, 0x73BD, 0x73BE, 0x73BD, 0x739E, 0x73BD, 0x73BE, 0x777B, 0x5D4A, 0x5C00, 0x5CA4, 
    0x733A, 0x77BE, 0x739C, 0x6F7D, 0x6F9C, 0x6F7D, 0x6F9C, 0x6F9D, 0x6F9C, 0x6F9D, 0x6F9C, 0x6F9D, 0x6B9C, 0x675C, 0x6F9C, 0x6F9D, 
    0x6B7B, 0x6B5C, 0x6F9C, 0x6F9D, 0x739D, 0x6F9D, 0x739D, 0x6F9D, 0x6F9C, 0x6F9D, 0x6F9C, 0x6F7D, 0x6F9C, 0x6B7C, 0x675B, 0x633B, 
    0x6B7B, 0x6B7C, 0x6F9C, 0x6B7C, 0x6F7C, 0x6B7C, 0x6F7C, 0x6B7C, 0x73BD, 0x6631, 0x4C00, 0x671A, 0x6F9C, 0x6B7C, 0x6F9C, 0x6F7C, 
    0x6F9C, 0x6B7C, 0x6F9C, 0x6B7C, 0x6F9C, 0x6B7C, 0x6F9C, 0x6B7C, 0x6F9C, 0x6B7C, 0x6F9C, 0x6B7C, 0x6F7C, 0x6B7C, 0x6F7C, 0x6B7C, 
    0x6F7C, 0x6B7C, 0x6B9C, 0x6AF8, 0x5E10, 0x6B7C, 0x633A, 0x631A, 0x6339, 0x631A, 0x6339, 0x631A, 0x6339, 0x633A, 0x6339, 0x6319, 
    0x6339, 0x631A, 0x633A, 0x631A, 0x633A, 0x631A, 0x633A, 0x633A, 0x633A, 0x631A, 0x633A, 0x633A, 0x675A, 0x633B, 0x675A, 0x633A, 
    0x5F18, 0x56B7, 0x4E74, 0x3DF2, 0x4231, 0x5AF8, 0x673A, 0x631A, 0x673A, 0x633A, 0x673A, 0x633A, 0x6739, 0x633A, 0x673A, 0x633A, 
    0x675A, 0x633A, 0x673A, 0x633A, 0x673A, 0x633A, 0x673A, 0x633A, 0x633A, 0x633A, 0x633A, 0x633A, 0x6339, 0x631A, 0x6339, 0x631A, 
    0x6339, 0x5F1A, 0x6339, 0x5F1A, 0x6339, 0x5F19, 0x6319, 0x5F19, 0x6339, 0x631A, 0x6339, 0x633A, 0x633A, 0x631A, 0x6339, 0x633A, 
    0x631A, 0x673A, 0x633B, 0x675A, 0x633A, 0x6319, 0x673B, 0x6F7C, 0x6F7C, 0x6F9C, 0x6F7D, 0x739C, 0x6F7D, 0x6F9C, 0x6F7D, 0x6F7C, 
    0x675C, 0x6F7C, 0x6F9D, 0x6F9D, 0x6F9D, 0x739D, 0x6F9D, 0x739D, 0x6F9D, 0x73BD, 0x673A, 0x2D6B, 0x673A, 0x7FFF, 0x7BDF, 0x7BFF, 
    0x7BDF, 0x7FFF, 0x7BFF, 0x7FFF, 0x7FFF, 0x7FFF, 0x7FFF, 0x7FFF, 0x7BDF, 0x7BDE, 0x77BE, 0x739C, 0x6F7B, 0x6B59, 0x5EF8, 0x5ED6, 
    0x5295, 0x4E72, 0x4211, 0x3DEF, 0x35AE, 0x39CE, 0x35AF, 0x39CF, 0x39F1, 0x4232, 0x4654, 0x5295, 0x56B7, 0x5F19, 0x631A, 0x675B, 
    0x6B5C, 0x6B7C, 0x6B7D, 0x6F7C, 0x6B7D, 0x6739, 0x45AD, 0x45F0, 0x4E98, 0x52B8, 0x4E97, 0x4E97, 0x49AF, 0x6020, 0x5800, 0x66F7, 
    0x73BF, 0x6F9D, 0x6F9D, 0x739D, 0x6F9D, 0x6F9D, 0x6F7D, 0x6F9D, 0x6B7D, 0x6F9D, 0x6F9D, 0x77DE, 0x6F3A, 0x41AE, 0x673B, 0x6F9C, 
    0x6F9D, 0x6F9C, 0x6F7D, 0x73BD, 0x739E, 0x73BD, 0x739E, 0x73BD, 0x739E, 0x73BD, 0x739E, 0x73BD, 0x737D, 0x61AC, 0x5800, 0x6000, 
    0x6EF9, 0x77DE, 0x6F7D, 0x6F9C, 0x6F7D, 0x6F9C, 0x6F7D, 0x6F9D, 0x6F9D, 0x739D, 0x6F7D, 0x6F9D, 0x6F7D, 0x6F7C, 0x675C, 0x6F9C, 
    0x6F7D, 0x6B7B, 0x6F7C, 0x6F9D, 0x6F9D, 0x739D, 0x6F9D, 0x739D, 0x6F9D, 0x6F9D, 0x6F9D, 0x6F9C, 0x6F9D, 0x6F9C, 0x6F7D, 0x6B7C, 
    0x673B, 0x675B, 0x675C, 0x6F7C, 0x6B7C, 0x6F9C, 0x6F7D, 0x73BD, 0x6EF8, 0x5000, 0x6295, 0x6F9C, 0x6F7C, 0x6F9C, 0x6F7C, 0x6F9C, 
    0x6F7C, 0x6F9C, 0x6F7C, 0x6F9C, 0x6F7D, 0x6F7C, 0x6B7C, 0x6F7C, 0x6B7C, 0x6F7C, 0x6B7C, 0x6F7C, 0x6B7C, 0x6F7C, 0x6B7C, 0x6F7C, 
    0x6B7C, 0x6F7C, 0x6B7C, 0x6F9C, 0x6674, 0x6294, 0x6B7D, 0x6319, 0x631A, 0x6339, 0x631A, 0x6339, 0x631A, 0x6339, 0x631A, 0x6339, 
    0x631A, 0x6339, 0x631A, 0x633A, 0x631A, 0x633A, 0x631A, 0x633A, 0x631A, 0x633A, 0x631A, 0x633A, 0x631A, 0x633A, 0x633A, 0x673A, 
    0x633A, 0x675A, 0x673B, 0x673A, 0x633A, 0x6739, 0x631A, 0x6339, 0x631A, 0x673A, 0x631A, 0x673A, 0x633A, 0x673A, 0x633A, 0x673A, 
    0x633A, 0x673A, 0x633B, 0x673A, 0x633A, 0x673A, 0x631A, 0x673A, 0x633A, 0x673A, 0x631A, 0x633A, 0x631A, 0x633A, 0x631A, 0x6339, 
    0x631A, 0x633A, 0x631A, 0x6319, 0x631A, 0x6339, 0x5F1A, 0x6319, 0x5F1A, 0x6339, 0x631A, 0x633A, 0x631A, 0x6339, 0x631A, 0x673A, 
    0x6339, 0x633A, 0x635A, 0x633A, 0x5F18, 0x5F19, 0x6B7B, 0x6B7C, 0x6F9C, 0x6F9C, 0x6F9C, 0x6F9D, 0x6F9C, 0x6F9D, 0x6F9C, 0x6F9D, 
    0x6B7B, 0x675B, 0x6F9C, 0x6F9D, 0x6F9C, 0x6F9D, 0x6FBC, 0x6F9D, 0x73BD, 0x6F9D, 0x73BD, 0x5F19, 0x296A, 0x5AF6, 0x6F9B, 0x6B7B, 
    0x6F7B, 0x675A, 0x6738, 0x5AF7, 0x56D5, 0x4E74, 0x4A51, 0x4211, 0x3DEE, 0x39CF, 0x35CE, 0x31AE, 0x35AD, 0x35CF, 0x3E10, 0x4232, 
    0x4A73, 0x4E95, 0x56D6, 0x5AF8, 0x6339, 0x633B, 0x6B7B, 0x6B7C, 0x6F9C, 0x6F9D, 0x6F9D, 0x6F9D, 0x6F9D, 0x6F9D, 0x6F9C, 0x6B7D, 
    0x6F9C, 0x6B7D, 0x6F9C, 0x6B7C, 0x6F9C, 0x6B9D, 0x6339, 0x416A, 0x4A10, 0x52B8, 0x4EB7, 0x4EB8, 0x59CE, 0x6020, 0x5800, 0x66D6, 
    0x73DE, 0x6F9D, 0x6F9D, 0x6B9D, 0x6F9C, 0x6B7D, 0x6B9C, 0x6B7C, 0x6F9C, 0x6F9D, 0x73BD, 0x77DF, 0x5EB4, 0x4A53, 0x6B9C, 0x6F9D, 
    0x6FBC, 0x6F9D, 0x6F9C, 0x6F9D, 0x73BD, 0x73BD, 0x73BD, 0x73BD, 0x73BD, 0x73BE, 0x73BD, 0x6FBD, 0x77BD, 0x6210, 0x5800, 0x5C00, 
    0x6EF6, 0x77BE, 0x739C, 0x6F7C, 0x6F9C, 0x6F9D, 0x6F9C, 0x6F9D, 0x6F9C, 0x6F9D, 0x6F9C, 0x6F9D, 0x6F9C, 0x6F9D, 0x6B7C, 0x677C, 
    0x6F9D, 0x6B7C, 0x6B7B, 0x6F9D, 0x6F9D, 0x6F9D, 0x6F9D, 0x6F9D, 0x6F9C, 0x6F9D, 0x6F9D, 0x6F9D, 0x6F9C, 0x6F9D, 0x6F9C, 0x6F9D, 
    0x6F9C, 0x677C, 0x677B, 0x675B, 0x6F7B, 0x6F7C, 0x6F9C, 0x737C, 0x58E5, 0x55CF, 0x6B7B, 0x6B7C, 0x6F9C, 0x6B7C, 0x6F9C, 0x6B7C, 
    0x6F9C, 0x6B7C, 0x6F9C, 0x6B7C, 0x6F9C, 0x6B7C, 0x6F9C, 0x6B7C, 0x6F9C, 0x6B7C, 0x6F9C, 0x6B7C, 0x6F9C, 0x6B7C, 0x6F9C, 0x6B7C, 
    0x6F9B, 0x6B7C, 0x6F9B, 0x6B7C, 0x6F7B, 0x5E10, 0x6B17, 0x675B, 0x6339, 0x633A, 0x6339, 0x633A, 0x6339, 0x6319, 0x6339, 0x633A, 
    0x6339, 0x631A, 0x6339, 0x631A, 0x633A, 0x631A, 0x6339, 0x633A, 0x6339, 0x633A, 0x6339, 0x633A, 0x633A, 0x633A, 0x6339, 0x633A, 
    0x633A, 0x633A, 0x6339, 0x5F19, 0x6339, 0x633A, 0x6339, 0x633A, 0x6339, 0x6319, 0x6339, 0x6319, 0x6339, 0x633A, 0x6739, 0x633A, 
    0x6759, 0x633A, 0x675A, 0x633A, 0x673A, 0x633A, 0x6339, 0x633A, 0x633A, 0x633A, 0x6339, 0x633A, 0x633A, 0x633A, 0x6339, 0x5F19, 
    0x6339, 0x5F1A, 0x6339, 0x5F19, 0x6339, 0x5F1A, 0x6339, 0x5F1A, 0x6339, 0x5F1A, 0x6339, 0x5F3A, 0x6339, 0x5F1A, 0x6339, 0x633A, 
    0x5AF8, 0x6319, 0x633B, 0x6319, 0x631A, 0x673A, 0x6B5C, 0x6F7C, 0x6F7D, 0x6F9C, 0x6F7D, 0x739C, 0x6F7D, 0x739C, 0x6F7D, 0x739D, 
    0x6F7D, 0x6B7C, 0x6B5C, 0x6F9C, 0x6F7D, 0x739D, 0x6F9D, 0x739D, 0x6F9D, 0x739D, 0x6F9D, 0x6F9C, 0x5AF9, 0x3DEF, 0x318D, 0x358D, 
    0x358E, 0x39AE, 0x39D0, 0x3DF0, 0x4212, 0x4E74, 0x4E75, 0x56B6, 0x5AD8, 0x6319, 0x633B, 0x6B5B, 0x6B5C, 0x6F7C, 0x6F7D, 0x739D, 
    0x739E, 0x739D, 0x739E, 0x739D, 0x739E, 0x739D, 0x6F9D, 0x739D, 0x6F7D, 0x739D, 0x6F7D, 0x739D, 0x6F7D, 0x6F7C, 0x6F7D, 0x6F9C, 
    0x6F7D, 0x6F9C, 0x6F7D, 0x6F9D, 0x6F7D, 0x6F9D, 0x6F7E, 0x6319, 0x4DF0, 0x5296, 0x5697, 0x61CE, 0x6063, 0x64A4, 0x5C00, 0x66B5, 
    0x73BF, 0x6F9D, 0x6F9D, 0x6F9D, 0x6B7D, 0x6F7C, 0x6F7D, 0x739D, 0x739E, 0x73BD, 0x739E, 0x7BDE, 0x4DF0, 0x5AD6, 0x6F7D, 0x73BD, 
    0x6F9D, 0x6F9D, 0x6F9E, 0x73BD, 0x739E, 0x73BD, 0x739E, 0x73BD, 0x739E, 0x77BE, 0x739E, 0x73BD, 0x77BE, 0x6A73, 0x5800, 0x6000, 
    0x6A95, 0x7BDE, 0x739E, 0x6F9C, 0x6F7D, 0x739D, 0x6F7D, 0x739D, 0x6F7D, 0x739D, 0x6F7D, 0x739D, 0x6F7D, 0x739D, 0x6F7D, 0x6B7C, 
    0x6F7D, 0x6F9C, 0x6B5C, 0x739D, 0x6F9D, 0x6F9D, 0x6F7D, 0x739D, 0x6F7D, 0x739D, 0x6F9E, 0x739D, 0x6F9D, 0x739D, 0x6F9E, 0x739D, 
    0x6F9D, 0x6F9D, 0x6F7D, 0x6F7C, 0x6B5C, 0x739C, 0x77BE, 0x6631, 0x50A6, 0x6B3A, 0x6B7D, 0x6F7C, 0x6F7D, 0x6F7C, 0x6F7D, 0x6F7C, 
    0x6F7D, 0x6F9C, 0x6F7D, 0x6F7C, 0x6F7D, 0x6F7C, 0x6B7C, 0x6F7C, 0x6B7C, 0x6F7C, 0x6B7C, 0x6F7C, 0x6F7C, 0x6F7C, 0x6B7C, 0x6F7C, 
    0x6B7C, 0x6F7C, 0x6B7C, 0x6F7C, 0x6B7C, 0x6F39, 0x5DCF, 0x6F5A, 0x633B, 0x6319, 0x631A, 0x6739, 0x631A, 0x6739, 0x6319, 0x6339, 
    0x631A, 0x6339, 0x631A, 0x633A, 0x631A, 0x6339, 0x631A, 0x673A, 0x631A, 0x633A, 0x631A, 0x673A, 0x631A, 0x633A, 0x631A, 0x673A, 
    0x631A, 0x673A, 0x631A, 0x6319, 0x631A, 0x673A, 0x631A, 0x673A, 0x631A, 0x6739, 0x631A, 0x6739, 0x631A, 0x673A, 0x633A, 0x673A, 
    0x633A, 0x673A, 0x673B, 0x673A, 0x631B, 0x673A, 0x633B, 0x673A, 0x633A, 0x673A, 0x631A, 0x673A, 0x631A, 0x671A, 0x631A, 0x6319, 
    0x631A, 0x633A, 0x631A, 0x631A, 0x631A, 0x6319, 0x5EFA, 0x6319, 0x5EF9, 0x6319, 0x631A, 0x633A, 0x631A, 0x631A, 0x631A, 0x633A, 
    0x5F18, 0x5AF8, 0x5EF8, 0x56D8, 0x633A, 0x675B, 0x6F7C, 0x6B7C, 0x6F9C, 0x6F7D, 0x6F9C, 0x6F9D, 0x739D, 0x6F9D, 0x6F9C, 0x6F9D, 
    0x6F9C, 0x6F9D, 0x6B7B, 0x675B, 0x6F9C, 0x6F9D, 0x6F9D, 0x6F9D, 0x739D, 0x6F9D, 0x6F9C, 0x6B7C, 0x6B7C, 0x6B5C, 0x675B, 0x675B, 
    0x6B5B, 0x675C, 0x6B7C, 0x6B7D, 0x6F9C, 0x6F9D, 0x6B7B, 0x675B, 0x6F9D, 0x6F9E, 0x739D, 0x6F9D, 0x739D, 0x6F9D, 0x6F9C, 0x6F9D, 
    0x6F9C, 0x6F9D, 0x6F9C, 0x6F9D, 0x6F9C, 0x6F7D, 0x6F9C, 0x6F9D, 0x739D, 0x6F9D, 0x6F9C, 0x6F9D, 0x6F9C, 0x6F9D, 0x6F9C, 0x6B7C, 
    0x6F9C, 0x6F7D, 0x6F9C, 0x6F9D, 0x6F9C, 0x6F9D, 0x6F9C, 0x6F9D, 0x5EF8, 0x4A12, 0x5E10, 0x6400, 0x6482, 0x64A4, 0x6000, 0x6294, 
    0x73DE, 0x6F9D, 0x6F9D, 0x6F9D, 0x6F9D, 0x6F9D, 0x73BD, 0x739E, 0x73BD, 0x73BE, 0x77DE, 0x737B, 0x49AD, 0x631A, 0x73BD, 0x739E, 
    0x6FBD, 0x6F9E, 0x73BD, 0x739E, 0x73BD, 0x73BE, 0x73BD, 0x73BE, 0x73BD, 0x73BE, 0x73BD, 0x739E, 0x77DE, 0x6AB5, 0x5C00, 0x5C00, 
    0x6652, 0x77BF, 0x77BD, 0x6F7C, 0x6F9C, 0x6F9D, 0x6F9C, 0x6F9D, 0x6F9C, 0x6F9D, 0x6F9C, 0x6F9D, 0x6F9D, 0x6F9D, 0x6F9D, 0x6B7C, 
    0x6B7B, 0x6B7D, 0x6B7B, 0x6B7C, 0x6F9C, 0x6F9D, 0x739D, 0x6F9D, 0x73BD, 0x6F9E, 0x73BD, 0x6F9D, 0x739D, 0x6F9D, 0x6FBD, 0x6F9D, 
    0x739D, 0x6F9D, 0x6F9D, 0x6F7D, 0x6F7C, 0x73BD, 0x7339, 0x5000, 0x66D7, 0x6B7D, 0x6F9C, 0x6F7C, 0x6F9C, 0x6F7C, 0x6F9C, 0x6F7C, 
    0x6F9C, 0x6F7C, 0x6F9C, 0x6B7C, 0x6F9C, 0x6B7C, 0x6F9C, 0x6B7C, 0x6F9C, 0x6B7C, 0x6F9C, 0x6B7C, 0x6F9C, 0x6B7C, 0x6F9C, 0x6B7C, 
    0x6F9C, 0x6B7C, 0x6F7B, 0x6B7C, 0x6B7B, 0x6F7C, 0x66F6, 0x5E31, 0x6F7B, 0x631A, 0x6339, 0x631A, 0x6339, 0x6319, 0x6339, 0x6319, 
    0x6339, 0x631A, 0x6339, 0x631A, 0x6339, 0x631A, 0x6339, 0x631A, 0x633A, 0x633A, 0x633A, 0x633A, 0x6339, 0x633A, 0x633A, 0x633A, 
    0x6339, 0x633A, 0x6339, 0x633A, 0x6339, 0x633A, 0x6339, 0x633A, 0x6739, 0x633A, 0x6739, 0x633A, 0x6739, 0x633A, 0x6739, 0x633A, 
    0x6739, 0x633A, 0x673A, 0x633A, 0x673A, 0x633B, 0x673A, 0x633A, 0x633A, 0x633A, 0x633A, 0x633A, 0x633A, 0x631A, 0x633A, 0x631A, 
    0x6339, 0x631A, 0x633A, 0x631A, 0x6339, 0x5F1A, 0x6319, 0x5EF9, 0x5EF8, 0x5F19, 0x6319, 0x5F19, 0x6319, 0x5F1A, 0x6339, 0x631A, 
    0x6319, 0x5F18, 0x56B7, 0x56D7, 0x633B, 0x6B7B, 0x6B7C, 0x6F7C, 0x6F7D, 0x6F9C, 0x6F7D, 0x739D, 0x6F7D, 0x6F9C, 0x6F9D, 0x739D, 
    0x6F9D, 0x6F9C, 0x6F7D, 0x6B5B, 0x6B5C, 0x739D, 0x6F9D, 0x739D, 0x6F9D, 0x739D, 0x6F9D, 0x6F7C, 0x6B7C, 0x6F7C, 0x6F7D, 0x6F9C, 
    0x6F7D, 0x6F9C, 0x6F7D, 0x6F9C, 0x6F7D, 0x6F9C, 0x6B7D, 0x675A, 0x675C, 0x6F9D, 0x6F7D, 0x739D, 0x6F7D, 0x739D, 0x6F7D, 0x6F7C, 
    0x6F7D, 0x739D, 0x6F9D, 0x739D, 0x6F9D, 0x739D, 0x6F7D, 0x739D, 0x6F9D, 0x739D, 0x6F7D, 0x6F9D, 0x6F7D, 0x6F9D, 0x6F7D, 0x6F7C, 
    0x6F7D, 0x6F9C, 0x6F7D, 0x6F9C, 0x6F7D, 0x6F9C, 0x6F7D, 0x739D, 0x675C, 0x5274, 0x5D8D, 0x6840, 0x6484, 0x64A4, 0x6000, 0x6673, 
    0x73BE, 0x73BD, 0x6F9E, 0x73BD, 0x6F9E, 0x73BD, 0x739E, 0x73BD, 0x73BE, 0x77BD, 0x77DF, 0x66F7, 0x49F0, 0x6B7C, 0x73BE, 0x73BD, 
    0x6F9E, 0x73BE, 0x6F9E, 0x73BE, 0x73BE, 0x73BD, 0x73BE, 0x73BD, 0x73BE, 0x73BD, 0x73BE, 0x73BD, 0x77BE, 0x72F7, 0x5800, 0x5C00, 
    0x61F0, 0x7BBE, 0x77BE, 0x6F9C, 0x6F7D, 0x739C, 0x6F7D, 0x6F9C, 0x6F7D, 0x6F9C, 0x6F7D, 0x6F9D, 0x6F7D, 0x6F9D, 0x6F7D, 0x6F9C, 
    0x6B5C, 0x6B7C, 0x6B7C, 0x6B7B, 0x6F7D, 0x6F9D, 0x6F9D, 0x739D, 0x6F9D, 0x739D, 0x6F9E, 0x739D, 0x6F9E, 0x739D, 0x6F9E, 0x73BD, 
    0x6F9E, 0x739D, 0x6F9D, 0x6F9C, 0x6F7D, 0x7BBC, 0x5D4A, 0x5E52, 0x6B7D, 0x6F9C, 0x6F7D, 0x6F9C, 0x6F7D, 0x6F9C, 0x6F7D, 0x6F9C, 
    0x6F7D, 0x6F9C, 0x6F7D, 0x6F9C, 0x6F7D, 0x6F9C, 0x6B7C, 0x6F7C, 0x6B7C, 0x6F7C, 0x6B5C, 0x6F7C, 0x6B7C, 0x6F7C, 0x6B7C, 0x6F7C, 
    0x6B7C, 0x6F7C, 0x6B7C, 0x6F7B, 0x6B7C, 0x6F7B, 0x6F7C, 0x6273, 0x66B6, 0x6B7B, 0x6319, 0x6739, 0x631A, 0x6739, 0x631A, 0x6339, 
    0x631A, 0x6339, 0x631A, 0x6339, 0x631A, 0x633A, 0x631A, 0x633A, 0x631A, 0x633A, 0x631A, 0x633A, 0x631A, 0x673A, 0x631A, 0x673A, 
    0x633A, 0x673A, 0x631A, 0x633A, 0x631A, 0x6739, 0x631A, 0x6739, 0x633A, 0x6739, 0x631A, 0x6739, 0x631A, 0x673A, 0x633A, 0x6739, 
    0x633A, 0x673A, 0x633A, 0x673A, 0x633A, 0x673A, 0x633A, 0x673A, 0x633A, 0x673A, 0x631A, 0x633A, 0x631A, 0x633A, 0x631A, 0x633A, 
    0x631A, 0x633A, 0x631A, 0x6319, 0x5F1A, 0x6339, 0x5F19, 0x5F18, 0x5AF8, 0x5F18, 0x5F19, 0x6319, 0x5F1A, 0x6339, 0x5F1A, 0x6339, 
    0x6359, 0x5F19, 0x56D6, 0x52D7, 0x675A, 0x6B7C, 0x6B7B, 0x6B7C, 0x6F9C, 0x6F9D, 0x6F9C, 0x6F9D, 0x6F9C, 0x6F9D, 0x6F9C, 0x6F9D, 
    0x6F9C, 0x6F9D, 0x6F9C, 0x6B9D, 0x675B, 0x6B7C, 0x6F9C, 0x6F9D, 0x73BC, 0x6F9D, 0x6F9C, 0x6B7C, 0x6F9C, 0x6B7C, 0x6B7B, 0x675C, 
    0x6F9C, 0x6B7C, 0x6F9C, 0x6B7C, 0x6F9C, 0x6F9D, 0x6F9C, 0x6B7C, 0x675A, 0x6B7C, 0x6F9C, 0x6F9D, 0x6F9D, 0x6F9D, 0x73BD, 0x6F9D, 
    0x6F9C, 0x6F9D, 0x6FBC, 0x6F9D, 0x6F9C, 0x6F9D, 0x6F9C, 0x6F9D, 0x6F9D, 0x6F9D, 0x6F9C, 0x6F9D, 0x6F9C, 0x6F9D, 0x6F9C, 0x6B7C, 
    0x6F9C, 0x6F7D, 0x6F9C, 0x6B7D, 0x6F9C, 0x6F9D, 0x6F9C, 0x6F9D, 0x6B7C, 0x5696, 0x6549, 0x6440, 0x64A3, 0x64A4, 0x6000, 0x6232, 
    0x73BD, 0x6FBE, 0x73BD, 0x6FBE, 0x73BD, 0x6FBD, 0x73BD, 0x73BE, 0x77BD, 0x73BE, 0x7BFE, 0x5231, 0x5694, 0x6F9D, 0x73BD, 0x6FBE, 
    0x73BD, 0x6F9E, 0x73BE, 0x73BE, 0x73BD, 0x73BE, 0x73BD, 0x73BE, 0x73BD, 0x73BE, 0x73BD, 0x73BD, 0x77DE, 0x7319, 0x5800, 0x5C00, 
    0x61AD, 0x739D, 0x77DE, 0x6F9C, 0x6F9C, 0x6F9D, 0x6F9C, 0x6F9D, 0x6F9C, 0x6F9D, 0x6F9C, 0x6F9D, 0x6F9C, 0x6F9D, 0x6F9C, 0x6F9D, 
    0x6B7C, 0x6B7C, 0x6B9C, 0x6B7C, 0x6F9C, 0x6F9D, 0x6F9C, 0x6F9D, 0x6F9C, 0x6F9D, 0x6FBD, 0x6F9D, 0x6FBD, 0x6F9D, 0x6FBD, 0x6F9D, 
    0x6FBD, 0x6F9D, 0x73BD, 0x6F9D, 0x77BD, 0x6673, 0x48E7, 0x673B, 0x6F9C, 0x6F9C, 0x6F9C, 0x6F9C, 0x6F9C, 0x6B7C, 0x6F9C, 0x6B7C, 
    0x6F9C, 0x6B7C, 0x6F9C, 0x6B7C, 0x6F9C, 0x6B7C, 0x6F9C, 0x6B7C, 0x6F9C, 0x6B7C, 0x6B7B, 0x6B7C, 0x6F9C, 0x6B7C, 0x6B9C, 0x6B7C, 
    0x6F9B, 0x6B7C, 0x6F9B, 0x6B7C, 0x6F9B, 0x6B7C, 0x6F9B, 0x6B5B, 0x6230, 0x6B3A, 0x675A, 0x6339, 0x6339, 0x6339, 0x6339, 0x6339, 
    0x6339, 0x633A, 0x6339, 0x633A, 0x6339, 0x633A, 0x6339, 0x631A, 0x6339, 0x633A, 0x6339, 0x633A, 0x633A, 0x633A, 0x6339, 0x633A, 
    0x6339, 0x633A, 0x6339, 0x633A, 0x6739, 0x633A, 0x6339, 0x633A, 0x6739, 0x633A, 0x6339, 0x6339, 0x6339, 0x633A, 0x6359, 0x633A, 
    0x675A, 0x633A, 0x675A, 0x633A, 0x675A, 0x633A, 0x675A, 0x633A, 0x675A, 0x633A, 0x633A, 0x633A, 0x6339, 0x633A, 0x633A, 0x633A, 
    0x6339, 0x633A, 0x6339, 0x5F1A, 0x6339, 0x5F1A, 0x6339, 0x5F1A, 0x5F18, 0x5AF9, 0x5F18, 0x5F19, 0x6339, 0x5F19, 0x5F19, 0x5F1A, 
};
