// autogenerated, edit with care!
#include <defs.h>

static const unsigned short __not_in_flash() env_blendtab[] = {
    0x0000, 0x0000, 0x0000, 0x0000, 0x0000, 0x0000, 0x0000, 0x0000, 0x0000, 0x0000, 0x0000, 0x0000, 0x0000, 0x0000, 0x0000, 0x0000, 
    0x0000, 0x0000, 0x0000, 0x0000, 0x0000, 0x0000, 0x0000, 0x0000, 0x0000, 0x0000, 0x0000, 0x0000, 0x0000, 0x0000, 0x0000, 0x0000, 
    0x0000, 0x0000, 0x0000, 0x0000, 0x0000, 0x0000, 0x0000, 0x0000, 0x0000, 0x0000, 0x0000, 0x0000, 0x0000, 0x0000, 0x0000, 0x0000, 
    0x0000, 0x0000, 0x0000, 0x0000, 0x0000, 0x0000, 0x0000, 0x0000, 0x0000, 0x0000, 0x0000, 0x0000, 0x0000, 0x0000, 0x0000, 0x0000, 
    0x0000, 0x0000, 0x0000, 0x0000, 0x0000, 0x0000, 0x0000, 0x0000, 0x0000, 0x0000, 0x0000, 0x0000, 0x0000, 0x0000, 0x0000, 0x0000, 
    0x0000, 0x0000, 0x0000, 0x0000, 0x0000, 0x0000, 0x0000, 0x0000, 0x0000, 0x0000, 0x0000, 0x0000, 0x0000, 0x0000, 0x0000, 0x0000, 
    0x0000, 0x0000, 0x0000, 0x0000, 0x0000, 0x0000, 0x0000, 0x0000, 0x0000, 0x0000, 0x0000, 0x0000, 0x0000, 0x0000, 0x0000, 0x0000, 
    0x0000, 0x0000, 0x0000, 0x0000, 0x0000, 0x0000, 0x0000, 0x0000, 0x0000, 0x0000, 0x0000, 0x0000, 0x0000, 0x0000, 0x0000, 0x0000, 
    0x0000, 0x0000, 0x0000, 0x0000, 0x0000, 0x0000, 0x0000, 0x0000, 0x0000, 0x0000, 0x0000, 0x0000, 0x0000, 0x0000, 0x0000, 0x0000, 
    0x0000, 0x0000, 0x0000, 0x0000, 0x0000, 0x0000, 0x0000, 0x0000, 0x0000, 0x0000, 0x0000, 0x0000, 0x0000, 0x0000, 0x0000, 0x0000, 
    0x0000, 0x0000, 0x0000, 0x0000, 0x0000, 0x0000, 0x0000, 0x0000, 0x0000, 0x0000, 0x0000, 0x0000, 0x0000, 0x0000, 0x0000, 0x0000, 
    0x0000, 0x0000, 0x0000, 0x0000, 0x0000, 0x0000, 0x0000, 0x0000, 0x0000, 0x0000, 0x0000, 0x0000, 0x0000, 0x0000, 0x0000, 0x0000, 
    0x0000, 0x0000, 0x0000, 0x0000, 0x0000, 0x0000, 0x0000, 0x0000, 0x0000, 0x0000, 0x0000, 0x0000, 0x0000, 0x0000, 0x0000, 0x0000, 
    0x0000, 0x0000, 0x0000, 0x0000, 0x0000, 0x0000, 0x0000, 0x0000, 0x0000, 0x0000, 0x0000, 0x0000, 0x0000, 0x0000, 0x0000, 0x0000, 
    0x0000, 0x0000, 0x0000, 0x0000, 0x0000, 0x0000, 0x0000, 0x0000, 0x0000, 0x0000, 0x0000, 0x0000, 0x0000, 0x0000, 0x0000, 0x0000, 
    0x0000, 0x0000, 0x0000, 0x0000, 0x0000, 0x0000, 0x0000, 0x0000, 0x0000, 0x0000, 0x0000, 0x0000, 0x0000, 0x0000, 0x0000, 0x0000, 
    0x0000, 0x0000, 0x0000, 0x0000, 0x0000, 0x0000, 0x0000, 0x0000, 0x0000, 0x0000, 0x0000, 0x0000, 0x0000, 0x0000, 0x0000, 0x0000, 
    0x0000, 0x0000, 0x0000, 0x0000, 0x0000, 0x0000, 0x0000, 0x0000, 0x0000, 0x0000, 0x0000, 0x0000, 0x0000, 0x0000, 0x0000, 0x0000, 
    0x0000, 0x0000, 0x0000, 0x0000, 0x0000, 0x0000, 0x0000, 0x0000, 0x0000, 0x0000, 0x0000, 0x0000, 0x0000, 0x0000, 0x0000, 0x0000, 
    0x0000, 0x0000, 0x0000, 0x0000, 0x0000, 0x0000, 0x0000, 0x0000, 0x0000, 0x0000, 0x0000, 0x0000, 0x0000, 0x0000, 0x0000, 0x0000, 
    0x0000, 0x0000, 0x0000, 0x0000, 0x0000, 0x0000, 0x0000, 0x0000, 0x0000, 0x0000, 0x0000, 0x0000, 0x0000, 0x0000, 0x0000, 0x0000, 
    0x0000, 0x0000, 0x0000, 0x0000, 0x0000, 0x0000, 0x0000, 0x0000, 0x0000, 0x0000, 0x0000, 0x0000, 0x0000, 0x0000, 0x0000, 0x0000, 
    0x0000, 0x0000, 0x0000, 0x0000, 0x0000, 0x0000, 0x0000, 0x0000, 0x0000, 0x0000, 0x0000, 0x0000, 0x0000, 0x0000, 0x0000, 0x0000, 
    0x0000, 0x0000, 0x0000, 0x0000, 0x0000, 0x0000, 0x0000, 0x0000, 0x0000, 0x0000, 0x0000, 0x0000, 0x0000, 0x0000, 0x0000, 0x0000, 
    0x0000, 0x0000, 0x0000, 0x0000, 0x0000, 0x0000, 0x0000, 0x0000, 0x0000, 0x0000, 0x0000, 0x0000, 0x0000, 0x0000, 0x0000, 0x0000, 
    0x0000, 0x0000, 0x0000, 0x0000, 0x0000, 0x0000, 0x0000, 0x0000, 0x0000, 0x0000, 0x0000, 0x0000, 0x0000, 0x0000, 0x0000, 0x0000, 
    0x0000, 0x0000, 0x0000, 0x0000, 0x0000, 0x0000, 0x0000, 0x0000, 0x0000, 0x0000, 0x0000, 0x0000, 0x0000, 0x0000, 0x0000, 0x0000, 
    0x0000, 0x0000, 0x0000, 0x0000, 0x0000, 0x0000, 0x0000, 0x0000, 0x0000, 0x0000, 0x0000, 0x0000, 0x0000, 0x0000, 0x0000, 0x0000, 
    0x0000, 0x0000, 0x0000, 0x0000, 0x0000, 0x0000, 0x0000, 0x0000, 0x0000, 0x0000, 0x0000, 0x0000, 0x0000, 0x0000, 0x0000, 0x0000, 
    0x0000, 0x0000, 0x0000, 0x0000, 0x0000, 0x0000, 0x0000, 0x0000, 0x0000, 0x0000, 0x0000, 0x0000, 0x0000, 0x0000, 0x0000, 0x0000, 
    0x0000, 0x0000, 0x0000, 0x0000, 0x0000, 0x0000, 0x0000, 0x0000, 0x0000, 0x0000, 0x0000, 0x0000, 0x0000, 0x0000, 0x0000, 0x0000, 
    0x0000, 0x0000, 0x0000, 0x0000, 0x0000, 0x0000, 0x0000, 0x0000, 0x0000, 0x0000, 0x0000, 0x0000, 0x0000, 0x0000, 0x0000, 0x0000, 
    0x0000, 0x0000, 0x0000, 0x0000, 0x0000, 0x0000, 0x0000, 0x0000, 0x0000, 0x0000, 0x0000, 0x0000, 0x0000, 0x0000, 0x0000, 0x0000, 
    0x0000, 0x0000, 0x0000, 0x0000, 0x0000, 0x0000, 0x0000, 0x0000, 0x0000, 0x0000, 0x0000, 0x0000, 0x0000, 0x0000, 0x0000, 0x0000, 
    0x0000, 0x0000, 0x0000, 0x0000, 0x0000, 0x0000, 0x0000, 0x0000, 0x0000, 0x0000, 0x0000, 0x0000, 0x0000, 0x0000, 0x0000, 0x0000, 
    0x0000, 0x0000, 0x0000, 0x0000, 0x0000, 0x0000, 0x0000, 0x0000, 0x0000, 0x0000, 0x0000, 0x0000, 0x0000, 0x0000, 0x0000, 0x0000, 
    0x0000, 0x0000, 0x0000, 0x0000, 0x0000, 0x0000, 0x0000, 0x0000, 0x0000, 0x0000, 0x0000, 0x0000, 0x0000, 0x0000, 0x0000, 0x0000, 
    0x0000, 0x0000, 0x0000, 0x0000, 0x0000, 0x0000, 0x0000, 0x0000, 0x0000, 0x0000, 0x0000, 0x0000, 0x0000, 0x0000, 0x0000, 0x0000, 
    0x0000, 0x0000, 0x0000, 0x0400, 0x0400, 0x0400, 0x0400, 0x0400, 0x0400, 0x0400, 0x0400, 0x0400, 0x0400, 0x0400, 0x0400, 0x0400, 
    0x0400, 0x0400, 0x0400, 0x0400, 0x0400, 0x0400, 0x0400, 0x0400, 0x0400, 0x0400, 0x0400, 0x0400, 0x0400, 0x0400, 0x0400, 0x0400, 
    0x0400, 0x0400, 0x0400, 0x0400, 0x0400, 0x0400, 0x0400, 0x0400, 0x0400, 0x0400, 0x0400, 0x0400, 0x0400, 0x0400, 0x0020, 0x0020, 
    0x0020, 0x0020, 0x0420, 0x0420, 0x0420, 0x0420, 0x0420, 0x0420, 0x0420, 0x0420, 0x0420, 0x0420, 0x0420, 0x0420, 0x0420, 0x0420, 
    0x0420, 0x0420, 0x0420, 0x0420, 0x0420, 0x0420, 0x0420, 0x0420, 0x0420, 0x0420, 0x0420, 0x0001, 0x0001, 0x0001, 0x0001, 0x0001, 
    0x0001, 0x0401, 0x0021, 0x0021, 0x0021, 0x0021, 0x0021, 0x0021, 0x0021, 0x0021, 0x0021, 0x0021, 0x0021, 0x0021, 0x0021, 0x0021, 
    0x0021, 0x0021, 0x0021, 0x0021, 0x0021, 0x0021, 0x0021, 0x0021, 0x0021, 0x0021, 0x0021, 0x0021, 0x0021, 0x0021, 0x0021, 0x0021, 
    0x0021, 0x0021, 0x0021, 0x0021, 0x0021, 0x0021, 0x0021, 0x0021, 0x0021, 0x0021, 0x0021, 0x0021, 0x0021, 0x0021, 0x0021, 0x0021, 
    0x0021, 0x0021, 0x0421, 0x0421, 0x0421, 0x0421, 0x0421, 0x0421, 0x0421, 0x0421, 0x0421, 0x0421, 0x0421, 0x0421, 0x0421, 0x0421, 
    0x0421, 0x0421, 0x0421, 0x0421, 0x0421, 0x0421, 0x0421, 0x0421, 0x0421, 0x0421, 0x0421, 0x0421, 0x0421, 0x0421, 0x0421, 0x0421, 
    0x0000, 0x0000, 0x0000, 0x0000, 0x0000, 0x0000, 0x0000, 0x0000, 0x0000, 0x0000, 0x0000, 0x0000, 0x0000, 0x0000, 0x0000, 0x0000, 
    0x0000, 0x0000, 0x0000, 0x0000, 0x0000, 0x0000, 0x0000, 0x0000, 0x0000, 0x0000, 0x0000, 0x0000, 0x0000, 0x0000, 0x0000, 0x0000, 
    0x0000, 0x0000, 0x0400, 0x0400, 0x0400, 0x0400, 0x0400, 0x0000, 0x0000, 0x0000, 0x0400, 0x0000, 0x0400, 0x0000, 0x0400, 0x0400, 
    0x0400, 0x0400, 0x0400, 0x0000, 0x0000, 0x0400, 0x0000, 0x0400, 0x0400, 0x0400, 0x0400, 0x0400, 0x0400, 0x0400, 0x0000, 0x0000, 
    0x0000, 0x0000, 0x0000, 0x0001, 0x0000, 0x0000, 0x0000, 0x0000, 0x0000, 0x0021, 0x0021, 0x0001, 0x0021, 0x0021, 0x0021, 0x0021, 
    0x0021, 0x0021, 0x0000, 0x0000, 0x0000, 0x0000, 0x0001, 0x0001, 0x0400, 0x0400, 0x0400, 0x0400, 0x0421, 0x0420, 0x0421, 0x0021, 
    0x0421, 0x0021, 0x0421, 0x0400, 0x0800, 0x0400, 0x0400, 0x0800, 0x0820, 0x0400, 0x0400, 0x0400, 0x0400, 0x0420, 0x0800, 0x0420, 
    0x0820, 0x0800, 0x0820, 0x0820, 0x0820, 0x0820, 0x0820, 0x0820, 0x0820, 0x0420, 0x0420, 0x0420, 0x0420, 0x0420, 0x0420, 0x0420, 
    0x0420, 0x0420, 0x0421, 0x0420, 0x0421, 0x0421, 0x0421, 0x0421, 0x0421, 0x0421, 0x0421, 0x0421, 0x0421, 0x0821, 0x0021, 0x0021, 
    0x0421, 0x0421, 0x0820, 0x0820, 0x0840, 0x0820, 0x0820, 0x0840, 0x0840, 0x0840, 0x0840, 0x0421, 0x0421, 0x0821, 0x0421, 0x0421, 
    0x0820, 0x0820, 0x0840, 0x0821, 0x0821, 0x0841, 0x0841, 0x0840, 0x0840, 0x0841, 0x0841, 0x0021, 0x0021, 0x0021, 0x0021, 0x0021, 
    0x0421, 0x0421, 0x0021, 0x0021, 0x0021, 0x0021, 0x0021, 0x0041, 0x0022, 0x0021, 0x0021, 0x0021, 0x0042, 0x0022, 0x0022, 0x0042, 
    0x0022, 0x0021, 0x0421, 0x0421, 0x0021, 0x0421, 0x0022, 0x0442, 0x0042, 0x0042, 0x0022, 0x0042, 0x0042, 0x0042, 0x0042, 0x0042, 
    0x0442, 0x0042, 0x0042, 0x0042, 0x0042, 0x0042, 0x0042, 0x0042, 0x0042, 0x0042, 0x0042, 0x0042, 0x0042, 0x0042, 0x0042, 0x0042, 
    0x0042, 0x0442, 0x0421, 0x0421, 0x0821, 0x0821, 0x0821, 0x0421, 0x0421, 0x0422, 0x0842, 0x0821, 0x0841, 0x0821, 0x0841, 0x0842, 
    0x0841, 0x0842, 0x0841, 0x0841, 0x0842, 0x0842, 0x0842, 0x0442, 0x0842, 0x0442, 0x0842, 0x0842, 0x0842, 0x0842, 0x0842, 0x0842, 
    0x0000, 0x0000, 0x0000, 0x0000, 0x0000, 0x0000, 0x0000, 0x0000, 0x0000, 0x0000, 0x0000, 0x0000, 0x0000, 0x0000, 0x0000, 0x0000, 
    0x0000, 0x0000, 0x0000, 0x0000, 0x0000, 0x0000, 0x0000, 0x0000, 0x0000, 0x0000, 0x0000, 0x0000, 0x0000, 0x0000, 0x0000, 0x0400, 
    0x0400, 0x0400, 0x0400, 0x0400, 0x0400, 0x0400, 0x0400, 0x0400, 0x0400, 0x0400, 0x0400, 0x0400, 0x0400, 0x0400, 0x0400, 0x0400, 
    0x0400, 0x0400, 0x0400, 0x0020, 0x0020, 0x0420, 0x0420, 0x0420, 0x0420, 0x0420, 0x0420, 0x0420, 0x0420, 0x0420, 0x0001, 0x0001, 
    0x0001, 0x0001, 0x0001, 0x0001, 0x0401, 0x0021, 0x0021, 0x0021, 0x0021, 0x0021, 0x0021, 0x0021, 0x0021, 0x0021, 0x0021, 0x0021, 
    0x0021, 0x0021, 0x0421, 0x0421, 0x0421, 0x0421, 0x0421, 0x0421, 0x0421, 0x0421, 0x0421, 0x0421, 0x0421, 0x0421, 0x0421, 0x0421, 
    0x0421, 0x0421, 0x0421, 0x0800, 0x0800, 0x0800, 0x0820, 0x0820, 0x0820, 0x0820, 0x0820, 0x0820, 0x0820, 0x0820, 0x0820, 0x0820, 
    0x0820, 0x0C20, 0x0C20, 0x0C20, 0x0C20, 0x0C20, 0x0C20, 0x0C20, 0x0C20, 0x0821, 0x0821, 0x0821, 0x0821, 0x0821, 0x0821, 0x0821, 
    0x0821, 0x0821, 0x0821, 0x0821, 0x0821, 0x0821, 0x0821, 0x0821, 0x0821, 0x0821, 0x0821, 0x0821, 0x0821, 0x0C21, 0x0041, 0x0041, 
    0x0441, 0x0441, 0x0C40, 0x0C40, 0x0C40, 0x0C40, 0x0C40, 0x0C40, 0x0C60, 0x0C60, 0x0C60, 0x0841, 0x0841, 0x0841, 0x0841, 0x0841, 
    0x0C41, 0x0C41, 0x0C41, 0x0C41, 0x0C41, 0x0C41, 0x0C41, 0x0C61, 0x0C61, 0x0C61, 0x0C61, 0x0022, 0x0022, 0x0022, 0x0022, 0x0422, 
    0x0422, 0x0822, 0x0042, 0x0042, 0x0042, 0x0042, 0x0042, 0x0042, 0x0042, 0x0042, 0x0042, 0x0042, 0x0042, 0x0042, 0x0042, 0x0042, 
    0x0042, 0x0442, 0x0442, 0x0442, 0x0442, 0x0442, 0x0442, 0x0442, 0x0062, 0x0062, 0x0043, 0x0043, 0x0043, 0x0043, 0x0043, 0x0443, 
    0x0443, 0x0063, 0x0063, 0x0063, 0x0063, 0x0063, 0x0063, 0x0063, 0x0063, 0x0063, 0x0063, 0x0063, 0x0063, 0x0063, 0x0063, 0x0063, 
    0x0463, 0x0463, 0x0842, 0x0842, 0x0842, 0x0842, 0x0842, 0x0842, 0x0842, 0x0842, 0x0842, 0x0C42, 0x0C42, 0x0C42, 0x0C42, 0x0C42, 
    0x0C42, 0x0C42, 0x0C62, 0x0C62, 0x0C62, 0x0C62, 0x0C62, 0x0843, 0x0843, 0x0863, 0x0863, 0x0C63, 0x0C63, 0x0C63, 0x0C63, 0x0C63, 
    0x0000, 0x0000, 0x0000, 0x0000, 0x0000, 0x0000, 0x0000, 0x0000, 0x0000, 0x0000, 0x0400, 0x0000, 0x0000, 0x0000, 0x0000, 0x0400, 
    0x0000, 0x0400, 0x0000, 0x0000, 0x0400, 0x0000, 0x0000, 0x0000, 0x0000, 0x0000, 0x0400, 0x0000, 0x0000, 0x0001, 0x0021, 0x0400, 
    0x0400, 0x0400, 0x0400, 0x0800, 0x0400, 0x0800, 0x0820, 0x0400, 0x0400, 0x0400, 0x0400, 0x0400, 0x0400, 0x0420, 0x0420, 0x0800, 
    0x0820, 0x0820, 0x0420, 0x0021, 0x0421, 0x0820, 0x0420, 0x0421, 0x0821, 0x0820, 0x0820, 0x0821, 0x0821, 0x0821, 0x0021, 0x0021, 
    0x0001, 0x0021, 0x0021, 0x0021, 0x0421, 0x0021, 0x0021, 0x0021, 0x0421, 0x0021, 0x0041, 0x0022, 0x0021, 0x0022, 0x0042, 0x0022, 
    0x0042, 0x0042, 0x0421, 0x0421, 0x0421, 0x0421, 0x0421, 0x0421, 0x0821, 0x0421, 0x0821, 0x0821, 0x0421, 0x0821, 0x0821, 0x0421, 
    0x0821, 0x0442, 0x0842, 0x0820, 0x0C20, 0x0820, 0x0820, 0x0C20, 0x0C40, 0x0820, 0x0820, 0x0821, 0x0821, 0x0821, 0x0C20, 0x0821, 
    0x0C20, 0x1020, 0x1020, 0x1040, 0x1040, 0x1020, 0x1020, 0x1040, 0x1040, 0x0821, 0x0821, 0x0821, 0x0C21, 0x0841, 0x0821, 0x0821, 
    0x0821, 0x0841, 0x0C41, 0x0C41, 0x0C41, 0x0841, 0x0841, 0x0842, 0x0841, 0x0842, 0x0842, 0x0C42, 0x0C41, 0x0C41, 0x0042, 0x0042, 
    0x0442, 0x0842, 0x1040, 0x1040, 0x1060, 0x1040, 0x1040, 0x1060, 0x1080, 0x1080, 0x1080, 0x0842, 0x0C42, 0x0C42, 0x0C42, 0x0C42, 
    0x1041, 0x1041, 0x1061, 0x1042, 0x1042, 0x1062, 0x1062, 0x1081, 0x1081, 0x1082, 0x1082, 0x0022, 0x0042, 0x0042, 0x0042, 0x0442, 
    0x0842, 0x0842, 0x0042, 0x0042, 0x0042, 0x0042, 0x0063, 0x0062, 0x0043, 0x0043, 0x0043, 0x0043, 0x0063, 0x0063, 0x0063, 0x0063, 
    0x0063, 0x0442, 0x0842, 0x0463, 0x0443, 0x0843, 0x0463, 0x0863, 0x0063, 0x0063, 0x0063, 0x0064, 0x0063, 0x0063, 0x0063, 0x0463, 
    0x0863, 0x0084, 0x0064, 0x0064, 0x0064, 0x0084, 0x0084, 0x0084, 0x0084, 0x0084, 0x0084, 0x0084, 0x0084, 0x0084, 0x0084, 0x0084, 
    0x0464, 0x0864, 0x0842, 0x0C42, 0x0C42, 0x0C42, 0x0C62, 0x0863, 0x0C63, 0x0863, 0x0C63, 0x0C62, 0x1062, 0x0C62, 0x1062, 0x1063, 
    0x1063, 0x1063, 0x1082, 0x1082, 0x1063, 0x1083, 0x1083, 0x0863, 0x0C63, 0x0864, 0x0C63, 0x1084, 0x1083, 0x1083, 0x1084, 0x1084, 
    0x0000, 0x0000, 0x0000, 0x0000, 0x0000, 0x0000, 0x0000, 0x0000, 0x0000, 0x0000, 0x0400, 0x0000, 0x0400, 0x0000, 0x0000, 0x0400, 
    0x0000, 0x0400, 0x0000, 0x0000, 0x0400, 0x0000, 0x0001, 0x0000, 0x0420, 0x0000, 0x0400, 0x0001, 0x0401, 0x0021, 0x0421, 0x0400, 
    0x0420, 0x0400, 0x0800, 0x0800, 0x0800, 0x0820, 0x0820, 0x0400, 0x0401, 0x0400, 0x0800, 0x0420, 0x0820, 0x0421, 0x0821, 0x0820, 
    0x0820, 0x0820, 0x0821, 0x0021, 0x0421, 0x0820, 0x0421, 0x0821, 0x0821, 0x0820, 0x0820, 0x0821, 0x0821, 0x0821, 0x0021, 0x0021, 
    0x0421, 0x0021, 0x0421, 0x0422, 0x0421, 0x0021, 0x0021, 0x0421, 0x0421, 0x0042, 0x0442, 0x0022, 0x0042, 0x0442, 0x0042, 0x0042, 
    0x0042, 0x0442, 0x0421, 0x0421, 0x0421, 0x0421, 0x0422, 0x0422, 0x0821, 0x0821, 0x0821, 0x0821, 0x0842, 0x0841, 0x0842, 0x0442, 
    0x0842, 0x0442, 0x0842, 0x0C20, 0x1020, 0x0C20, 0x0C20, 0x1020, 0x1040, 0x0C20, 0x0C20, 0x0C21, 0x0C21, 0x0C41, 0x1020, 0x0C41, 
    0x1041, 0x1020, 0x1440, 0x1040, 0x1440, 0x1040, 0x1440, 0x1040, 0x1440, 0x0C41, 0x0C41, 0x0C41, 0x0C41, 0x0C41, 0x0C41, 0x0C41, 
    0x0C41, 0x0C41, 0x0C42, 0x0C41, 0x0C42, 0x0C42, 0x0C42, 0x0C42, 0x0C42, 0x0C42, 0x0C42, 0x0C42, 0x0C42, 0x1042, 0x0062, 0x0062, 
    0x0862, 0x0862, 0x1460, 0x1460, 0x1480, 0x1060, 0x1460, 0x1480, 0x1480, 0x1481, 0x14A1, 0x0C62, 0x0C62, 0x1062, 0x0C62, 0x0C62, 
    0x1461, 0x1461, 0x1481, 0x1062, 0x1462, 0x1482, 0x1482, 0x1481, 0x14A1, 0x14A2, 0x14A2, 0x0043, 0x0043, 0x0043, 0x0443, 0x0443, 
    0x0843, 0x0C43, 0x0063, 0x0063, 0x0063, 0x0063, 0x0063, 0x0083, 0x0064, 0x0063, 0x0063, 0x0063, 0x0084, 0x0064, 0x0064, 0x0084, 
    0x0064, 0x0463, 0x0863, 0x0863, 0x0463, 0x0863, 0x0464, 0x0884, 0x0084, 0x0084, 0x0064, 0x0084, 0x0084, 0x0084, 0x0084, 0x0484, 
    0x0884, 0x0084, 0x0084, 0x0085, 0x0085, 0x00A5, 0x0085, 0x00A5, 0x0085, 0x00A5, 0x00A5, 0x00A5, 0x00A5, 0x00A5, 0x00A5, 0x00A5, 
    0x0484, 0x0884, 0x0C63, 0x0C63, 0x1063, 0x1063, 0x1063, 0x0C63, 0x0C63, 0x0C64, 0x1084, 0x1063, 0x1083, 0x1063, 0x1483, 0x1084, 
    0x1483, 0x1484, 0x1483, 0x14A3, 0x1484, 0x1484, 0x14A4, 0x0C84, 0x1084, 0x0C84, 0x1084, 0x1484, 0x1484, 0x14A4, 0x14A4, 0x14A5, 
    0x0000, 0x0000, 0x0000, 0x0000, 0x0000, 0x0000, 0x0000, 0x0000, 0x0000, 0x0000, 0x0400, 0x0400, 0x0400, 0x0000, 0x0000, 0x0400, 
    0x0400, 0x0400, 0x0000, 0x0000, 0x0400, 0x0000, 0x0021, 0x0001, 0x0421, 0x0021, 0x0420, 0x0421, 0x0421, 0x0421, 0x0421, 0x0400, 
    0x0820, 0x0420, 0x0820, 0x0C20, 0x0820, 0x0820, 0x0C20, 0x0400, 0x0821, 0x0420, 0x0820, 0x0421, 0x0821, 0x0421, 0x0821, 0x0821, 
    0x0820, 0x0C21, 0x0821, 0x0021, 0x0421, 0x0C20, 0x0821, 0x0821, 0x0841, 0x0821, 0x0C21, 0x0821, 0x0C21, 0x0C41, 0x0021, 0x0021, 
    0x0422, 0x0421, 0x0421, 0x0422, 0x0421, 0x0042, 0x0022, 0x0422, 0x0421, 0x0042, 0x0442, 0x0042, 0x0042, 0x0442, 0x0043, 0x0043, 
    0x0043, 0x0443, 0x0842, 0x0421, 0x0821, 0x0422, 0x0442, 0x0842, 0x0C42, 0x0841, 0x0841, 0x0C41, 0x0842, 0x0C42, 0x0C42, 0x0842, 
    0x0842, 0x0843, 0x0C42, 0x0C20, 0x1020, 0x0C20, 0x0C20, 0x1040, 0x1440, 0x1041, 0x0C21, 0x0C21, 0x0C41, 0x1041, 0x1041, 0x0C41, 
    0x1041, 0x1440, 0x1840, 0x1440, 0x1860, 0x1440, 0x1840, 0x1441, 0x1860, 0x0C42, 0x0C41, 0x1041, 0x1041, 0x1062, 0x0C41, 0x1041, 
    0x0C42, 0x1042, 0x1062, 0x1042, 0x1062, 0x1042, 0x0C42, 0x0C62, 0x1062, 0x0C63, 0x1063, 0x1063, 0x1062, 0x1462, 0x0063, 0x0463, 
    0x0863, 0x0C63, 0x1860, 0x1860, 0x1880, 0x1461, 0x1861, 0x1881, 0x18A0, 0x18A1, 0x18C1, 0x1062, 0x1063, 0x1063, 0x1062, 0x1063, 
    0x1462, 0x1862, 0x1882, 0x1463, 0x1882, 0x1483, 0x1883, 0x18A2, 0x18C2, 0x18A3, 0x18C3, 0x0043, 0x0063, 0x0063, 0x0463, 0x0863, 
    0x0863, 0x0C63, 0x0064, 0x0064, 0x0064, 0x0464, 0x0084, 0x0484, 0x0084, 0x0084, 0x0084, 0x0084, 0x0084, 0x0085, 0x0085, 0x00A5, 
    0x0484, 0x0864, 0x0C64, 0x0884, 0x0884, 0x0C84, 0x0885, 0x0884, 0x00A5, 0x00A5, 0x0085, 0x0085, 0x00A5, 0x00A5, 0x04A5, 0x0885, 
    0x08A5, 0x00A5, 0x00A5, 0x00A5, 0x00A5, 0x00A6, 0x04A5, 0x00C6, 0x00A6, 0x00A6, 0x00A6, 0x00C6, 0x00C6, 0x00C6, 0x00C6, 0x00C6, 
    0x08A5, 0x0CA5, 0x0C63, 0x1063, 0x1083, 0x1083, 0x1484, 0x1084, 0x1084, 0x0C84, 0x1084, 0x1483, 0x1484, 0x1484, 0x18A4, 0x1484, 
    0x14A4, 0x18A4, 0x18A3, 0x18C3, 0x18A4, 0x18A5, 0x18C4, 0x0CA5, 0x1485, 0x0CA5, 0x10A5, 0x14A5, 0x18A5, 0x18A5, 0x18C5, 0x18C6, 
    0x0000, 0x0000, 0x0000, 0x0000, 0x0000, 0x0000, 0x0000, 0x0000, 0x0400, 0x0400, 0x0400, 0x0400, 0x0400, 0x0020, 0x0020, 0x0420, 
    0x0420, 0x0420, 0x0001, 0x0001, 0x0401, 0x0401, 0x0021, 0x0021, 0x0421, 0x0421, 0x0421, 0x0421, 0x0421, 0x0421, 0x0421, 0x0800, 
    0x0820, 0x0820, 0x0820, 0x0C20, 0x0C20, 0x0C20, 0x0C20, 0x0801, 0x0821, 0x0821, 0x0821, 0x0821, 0x0821, 0x0821, 0x0821, 0x0C21, 
    0x0C21, 0x0C21, 0x0C21, 0x0041, 0x0441, 0x0C40, 0x0841, 0x0841, 0x0C41, 0x0C41, 0x0C41, 0x0C41, 0x0C41, 0x0C41, 0x0022, 0x0022, 
    0x0422, 0x0422, 0x0422, 0x0423, 0x0822, 0x0042, 0x0042, 0x0442, 0x0442, 0x0062, 0x0462, 0x0043, 0x0043, 0x0443, 0x0063, 0x0063, 
    0x0063, 0x0463, 0x0842, 0x0842, 0x0842, 0x0842, 0x0842, 0x0842, 0x0C42, 0x0C42, 0x0C42, 0x0C42, 0x0862, 0x0C62, 0x0C62, 0x0843, 
    0x0C43, 0x0863, 0x0C63, 0x1020, 0x1420, 0x1021, 0x1040, 0x1440, 0x1460, 0x1041, 0x1041, 0x1041, 0x1041, 0x1041, 0x1441, 0x1061, 
    0x1461, 0x1840, 0x1C40, 0x1860, 0x1C60, 0x1841, 0x1C41, 0x1861, 0x1C61, 0x1042, 0x1042, 0x1042, 0x1442, 0x1062, 0x1062, 0x1062, 
    0x1062, 0x1062, 0x1062, 0x1462, 0x1462, 0x1063, 0x1063, 0x1063, 0x1063, 0x1063, 0x1063, 0x1463, 0x1463, 0x1862, 0x0083, 0x0483, 
    0x0883, 0x0C83, 0x1880, 0x1C80, 0x1CA0, 0x1881, 0x1C81, 0x1CA1, 0x1CC0, 0x1CC1, 0x1CE1, 0x1083, 0x1083, 0x1483, 0x1483, 0x1483, 
    0x1882, 0x1C82, 0x1CA2, 0x1883, 0x1C83, 0x18A3, 0x1CA3, 0x1CC2, 0x1CE2, 0x1CC3, 0x1CE3, 0x0044, 0x0064, 0x0064, 0x0464, 0x0864, 
    0x0C64, 0x1064, 0x0084, 0x0084, 0x0084, 0x0484, 0x00A4, 0x04A4, 0x0085, 0x0085, 0x0085, 0x0485, 0x00A5, 0x00A5, 0x00A5, 0x00A5, 
    0x04A5, 0x0884, 0x0C84, 0x0CA4, 0x0885, 0x0C85, 0x08A5, 0x0CA5, 0x00C5, 0x04C5, 0x0086, 0x00A6, 0x00A6, 0x00A6, 0x04A6, 0x08A6, 
    0x0CA6, 0x00C6, 0x00C6, 0x00C6, 0x00C6, 0x00C6, 0x04C6, 0x00E6, 0x00C7, 0x00C7, 0x04C7, 0x00E7, 0x00E7, 0x00E7, 0x00E7, 0x04E7, 
    0x08C6, 0x0CC6, 0x1084, 0x1084, 0x1484, 0x1484, 0x14A4, 0x1085, 0x1485, 0x10A5, 0x14A5, 0x1884, 0x18A4, 0x18A4, 0x1CA4, 0x18A5, 
    0x18A5, 0x1CA5, 0x1CC4, 0x1CE4, 0x18C5, 0x1CC5, 0x1CE5, 0x10A6, 0x14A6, 0x10C6, 0x14C6, 0x18C6, 0x1CC6, 0x1CC6, 0x1CE6, 0x1CE7, 
    0x0000, 0x0000, 0x0000, 0x0000, 0x0000, 0x0000, 0x0000, 0x0000, 0x0400, 0x0400, 0x0400, 0x0400, 0x0400, 0x0020, 0x0020, 0x0420, 
    0x0420, 0x0420, 0x0001, 0x0001, 0x0401, 0x0401, 0x0021, 0x0021, 0x0421, 0x0421, 0x0421, 0x0421, 0x0421, 0x0421, 0x0421, 0x0800, 
    0x0820, 0x0820, 0x0C20, 0x0C20, 0x0C20, 0x0C20, 0x1020, 0x0801, 0x0821, 0x0821, 0x0C21, 0x0821, 0x0C21, 0x0821, 0x0C21, 0x0C21, 
    0x0C21, 0x1021, 0x0C41, 0x0042, 0x0442, 0x1040, 0x0841, 0x0C41, 0x0C41, 0x0C41, 0x1041, 0x0C41, 0x1041, 0x1041, 0x0022, 0x0022, 
    0x0422, 0x0422, 0x0422, 0x0443, 0x0842, 0x0042, 0x0042, 0x0442, 0x0442, 0x0063, 0x0463, 0x0043, 0x0063, 0x0463, 0x0063, 0x0064, 
    0x0064, 0x0464, 0x0842, 0x0842, 0x0842, 0x0842, 0x0843, 0x0843, 0x1042, 0x0C42, 0x0C42, 0x1042, 0x0C63, 0x0C62, 0x1063, 0x0863, 
    0x0C63, 0x0863, 0x0C63, 0x1020, 0x1840, 0x1041, 0x1440, 0x1840, 0x1860, 0x1441, 0x1041, 0x1041, 0x1041, 0x1461, 0x1841, 0x1461, 
    0x1861, 0x1C40, 0x2060, 0x1C60, 0x2080, 0x1C61, 0x2061, 0x1C61, 0x2061, 0x1062, 0x1062, 0x1462, 0x1462, 0x1482, 0x1062, 0x1462, 
    0x1062, 0x1462, 0x1483, 0x1462, 0x1483, 0x1463, 0x1063, 0x1083, 0x1483, 0x1084, 0x1484, 0x1484, 0x1483, 0x1883, 0x0084, 0x0484, 
    0x0C84, 0x1084, 0x1C80, 0x20A0, 0x20C0, 0x1C81, 0x2081, 0x20C1, 0x20E0, 0x20E1, 0x2101, 0x1483, 0x1484, 0x1884, 0x1483, 0x1484, 
    0x1CA2, 0x20A2, 0x20C2, 0x1CA4, 0x20A3, 0x1CC4, 0x20C4, 0x20E2, 0x2102, 0x20E3, 0x2104, 0x0064, 0x0064, 0x0084, 0x0484, 0x0884, 
    0x0C84, 0x1084, 0x00A5, 0x0085, 0x0085, 0x0485, 0x00A5, 0x04C5, 0x00A6, 0x00A5, 0x00A5, 0x04A5, 0x00C6, 0x00A6, 0x00A6, 0x00C6, 
    0x04A6, 0x0885, 0x0C85, 0x0CA5, 0x08A5, 0x0CA5, 0x08A6, 0x0CC6, 0x00C6, 0x04C6, 0x00A6, 0x00C7, 0x00C7, 0x00C7, 0x04C7, 0x08C6, 
    0x0CC7, 0x00E7, 0x00E7, 0x00E7, 0x00E7, 0x00E7, 0x04E7, 0x0107, 0x00E8, 0x00E8, 0x04E8, 0x0108, 0x0108, 0x0108, 0x0108, 0x0508, 
    0x08E7, 0x0CE7, 0x1485, 0x1484, 0x18A4, 0x18A4, 0x18A5, 0x14A5, 0x14A5, 0x14A6, 0x18C6, 0x1CA4, 0x1CC5, 0x1CA5, 0x20C5, 0x1CC6, 
    0x1CC5, 0x20C6, 0x20E5, 0x2104, 0x1CC6, 0x20E6, 0x2106, 0x14C7, 0x18C6, 0x10C7, 0x18E7, 0x1CE7, 0x20E7, 0x20E7, 0x2107, 0x2108, 
    0x0000, 0x0000, 0x0000, 0x0000, 0x0000, 0x0000, 0x0000, 0x0000, 0x0400, 0x0400, 0x0800, 0x0400, 0x0400, 0x0020, 0x0020, 0x0820, 
    0x0420, 0x0820, 0x0001, 0x0001, 0x0801, 0x0401, 0x0021, 0x0021, 0x0421, 0x0421, 0x0821, 0x0421, 0x0421, 0x0422, 0x0442, 0x0800, 
    0x0C20, 0x0820, 0x0C20, 0x1020, 0x0C20, 0x1020, 0x1040, 0x0801, 0x0821, 0x0821, 0x0C21, 0x0821, 0x0C21, 0x0841, 0x0C41, 0x1021, 
    0x1041, 0x1041, 0x0C41, 0x0042, 0x0842, 0x1040, 0x0C41, 0x0C42, 0x1062, 0x1041, 0x1041, 0x1042, 0x1042, 0x1062, 0x0042, 0x0042, 
    0x0422, 0x0442, 0x0442, 0x0443, 0x0842, 0x0043, 0x0043, 0x0443, 0x0842, 0x0063, 0x0483, 0x0064, 0x0063, 0x0464, 0x0084, 0x0064, 
    0x0084, 0x0484, 0x0C62, 0x0842, 0x0C42, 0x0843, 0x0863, 0x0C63, 0x1063, 0x0C42, 0x1062, 0x1062, 0x0C63, 0x1063, 0x1063, 0x0C63, 
    0x1063, 0x0C84, 0x1084, 0x1440, 0x1840, 0x1441, 0x1440, 0x1840, 0x1C80, 0x1441, 0x1441, 0x1442, 0x1462, 0x1462, 0x1861, 0x1462, 
    0x1C61, 0x2060, 0x2460, 0x2080, 0x2480, 0x2061, 0x2461, 0x2081, 0x2481, 0x1463, 0x1462, 0x1462, 0x1862, 0x1483, 0x1462, 0x1462, 
    0x1463, 0x1483, 0x1883, 0x1883, 0x1883, 0x1483, 0x1483, 0x1484, 0x1483, 0x1484, 0x1484, 0x1884, 0x1883, 0x1C83, 0x00A4, 0x04A4, 
    0x0CA4, 0x10A4, 0x20A0, 0x24A0, 0x24C0, 0x20A1, 0x24A1, 0x24C1, 0x2500, 0x2501, 0x2521, 0x14A4, 0x18A4, 0x1CA4, 0x18A4, 0x18A4, 
    0x20A3, 0x24A3, 0x24C3, 0x20A4, 0x24A4, 0x20C4, 0x24C4, 0x2503, 0x2523, 0x2504, 0x2524, 0x0065, 0x0085, 0x0085, 0x0485, 0x0885, 
    0x1085, 0x1485, 0x00A5, 0x00A5, 0x00A5, 0x04A5, 0x00C6, 0x04C5, 0x00A6, 0x00A6, 0x00A6, 0x04A6, 0x00C6, 0x00C7, 0x00C7, 0x00E7, 
    0x04C7, 0x0CA5, 0x10A5, 0x0CC6, 0x0CA6, 0x10A6, 0x08C7, 0x10C6, 0x00E7, 0x04E7, 0x00C7, 0x00E8, 0x00E7, 0x00E7, 0x04E7, 0x08C7, 
    0x10E7, 0x0108, 0x00E8, 0x00E8, 0x00E8, 0x0108, 0x0508, 0x0128, 0x0109, 0x0109, 0x0509, 0x0129, 0x0129, 0x0129, 0x0129, 0x0529, 
    0x0CE8, 0x10E8, 0x14A5, 0x18A5, 0x18A5, 0x18A5, 0x1CC5, 0x14C6, 0x18C6, 0x14C6, 0x18C6, 0x1CC5, 0x20C5, 0x1CC5, 0x24E5, 0x20E6, 
    0x20E6, 0x24E6, 0x2505, 0x2525, 0x20E7, 0x2507, 0x2526, 0x14E7, 0x1CE7, 0x14E8, 0x1CE7, 0x2108, 0x2507, 0x2507, 0x2528, 0x2529, 
    0x0000, 0x0000, 0x0000, 0x0000, 0x0000, 0x0000, 0x0000, 0x0000, 0x0400, 0x0400, 0x0800, 0x0400, 0x0820, 0x0021, 0x0421, 0x0820, 
    0x0420, 0x0820, 0x0001, 0x0001, 0x0821, 0x0421, 0x0022, 0x0421, 0x0841, 0x0421, 0x0821, 0x0422, 0x0822, 0x0442, 0x0842, 0x0C00, 
    0x0C20, 0x0C20, 0x0C20, 0x1020, 0x1020, 0x1041, 0x1440, 0x0821, 0x0C22, 0x0C21, 0x0C21, 0x0C41, 0x0C41, 0x0842, 0x0C42, 0x1041, 
    0x1041, 0x1041, 0x1042, 0x0062, 0x0842, 0x1440, 0x0C42, 0x0C42, 0x1062, 0x1041, 0x1441, 0x1042, 0x1462, 0x1462, 0x0043, 0x0042, 
    0x0443, 0x0442, 0x0842, 0x0844, 0x0842, 0x0063, 0x0063, 0x0463, 0x0843, 0x0083, 0x0483, 0x0064, 0x0064, 0x0464, 0x0084, 0x0085, 
    0x0085, 0x0484, 0x0C63, 0x0843, 0x0C62, 0x0863, 0x0C63, 0x0C63, 0x1063, 0x1062, 0x1063, 0x1462, 0x0C83, 0x1083, 0x1483, 0x0C64, 
    0x1064, 0x0C84, 0x1084, 0x1440, 0x1C40, 0x1441, 0x1840, 0x1C60, 0x2081, 0x1861, 0x1461, 0x1462, 0x1462, 0x1862, 0x1C61, 0x1882, 
    0x1C81, 0x2060, 0x2460, 0x2480, 0x2880, 0x2061, 0x2461, 0x2081, 0x2881, 0x1463, 0x1462, 0x1862, 0x1C62, 0x1883, 0x1483, 0x1883, 
    0x1483, 0x1883, 0x1883, 0x1C83, 0x1CA3, 0x1884, 0x1484, 0x1484, 0x18A4, 0x14A4, 0x18A5, 0x1CA4, 0x1CA4, 0x20A3, 0x00A5, 0x04A5, 
    0x0CA5, 0x14A5, 0x24A0, 0x28C0, 0x28E0, 0x24A1, 0x28A1, 0x28E1, 0x2900, 0x2901, 0x2921, 0x18A4, 0x18A5, 0x1CC5, 0x1CA4, 0x1CA5, 
    0x24C3, 0x28C3, 0x28E3, 0x20C4, 0x28C4, 0x24E4, 0x28E4, 0x2923, 0x2943, 0x2924, 0x2944, 0x0065, 0x0085, 0x00A5, 0x0485, 0x0C85, 
    0x10A5, 0x18A5, 0x00C6, 0x00A6, 0x00A6, 0x04A6, 0x00E6, 0x04E6, 0x00C7, 0x00C7, 0x00C7, 0x04C7, 0x00E7, 0x00E7, 0x00E7, 0x00E8, 
    0x04E7, 0x0CA6, 0x10C6, 0x10E6, 0x0CC7, 0x10C7, 0x0CE7, 0x10E7, 0x0108, 0x0508, 0x00C8, 0x00E8, 0x00E8, 0x00E8, 0x04E8, 0x0CE8, 
    0x10E8, 0x0109, 0x0108, 0x0109, 0x0109, 0x0129, 0x0529, 0x0129, 0x012A, 0x012A, 0x0529, 0x014A, 0x014A, 0x014A, 0x014A, 0x054A, 
    0x0D09, 0x1108, 0x18C6, 0x18A5, 0x1CC5, 0x1CC5, 0x1CE6, 0x18C7, 0x1CC7, 0x18E7, 0x1CE7, 0x20C5, 0x24E6, 0x20E6, 0x28E6, 0x20E7, 
    0x24E7, 0x2507, 0x2906, 0x2946, 0x2507, 0x2907, 0x2947, 0x18E8, 0x20E8, 0x1908, 0x1D08, 0x2508, 0x2928, 0x2928, 0x2949, 0x294A, 
    0x0000, 0x0000, 0x0000, 0x0000, 0x0000, 0x0000, 0x0000, 0x0000, 0x0400, 0x0400, 0x0800, 0x0420, 0x0820, 0x0021, 0x0421, 0x0820, 
    0x0421, 0x0820, 0x0001, 0x0421, 0x0821, 0x0421, 0x0022, 0x0421, 0x0841, 0x0421, 0x0821, 0x0422, 0x0822, 0x0442, 0x0842, 0x0C20, 
    0x0C40, 0x0C21, 0x1021, 0x1420, 0x1021, 0x1041, 0x1441, 0x0C21, 0x0C22, 0x0C21, 0x1021, 0x0C41, 0x1041, 0x0C42, 0x1042, 0x1041, 
    0x1041, 0x1441, 0x1042, 0x0062, 0x0862, 0x1460, 0x0C62, 0x1062, 0x1462, 0x1061, 0x1461, 0x1062, 0x1462, 0x1462, 0x0043, 0x0043, 
    0x0843, 0x0443, 0x0843, 0x0844, 0x0C43, 0x0063, 0x0063, 0x0863, 0x0863, 0x0084, 0x0884, 0x0065, 0x0084, 0x0884, 0x00A5, 0x0085, 
    0x0085, 0x0885, 0x0C63, 0x0C63, 0x0C63, 0x0C63, 0x0C64, 0x0C64, 0x1463, 0x1063, 0x1063, 0x1463, 0x1084, 0x1483, 0x1484, 0x0C84, 
    0x1084, 0x0C85, 0x14A5, 0x1840, 0x2041, 0x1841, 0x1861, 0x2061, 0x2081, 0x1861, 0x1861, 0x1862, 0x1862, 0x1882, 0x2061, 0x1882, 
    0x2082, 0x2460, 0x2880, 0x2480, 0x2CA0, 0x2481, 0x2881, 0x2481, 0x2CA1, 0x1883, 0x1883, 0x1883, 0x1C83, 0x18A3, 0x1883, 0x1C83, 
    0x1883, 0x1C83, 0x1CA4, 0x1CA3, 0x1CA4, 0x1CA4, 0x18A4, 0x18A4, 0x1CA4, 0x18A5, 0x1CA5, 0x1CA5, 0x1CA4, 0x24A4, 0x00C5, 0x04C5, 
    0x10C5, 0x14C5, 0x28C0, 0x2CC0, 0x2D00, 0x24C1, 0x2CC1, 0x2D01, 0x2D20, 0x2D22, 0x2D42, 0x1CC5, 0x1CC5, 0x20C5, 0x1CC4, 0x1CC5, 
    0x28C3, 0x2CC3, 0x2D03, 0x24C5, 0x28E4, 0x2905, 0x2D05, 0x2D23, 0x2D43, 0x2D45, 0x2D65, 0x0086, 0x00A6, 0x00A6, 0x08A6, 0x0CA6, 
    0x14A6, 0x18A6, 0x00C6, 0x00C7, 0x00C7, 0x04C6, 0x00E7, 0x0506, 0x00C8, 0x00E7, 0x00E7, 0x04E7, 0x0108, 0x00E8, 0x00E8, 0x0108, 
    0x04E8, 0x0CC6, 0x14C7, 0x10E7, 0x0CE7, 0x14C7, 0x0CE8, 0x1508, 0x0128, 0x0528, 0x00E9, 0x0109, 0x0109, 0x0109, 0x0509, 0x0D09, 
    0x1509, 0x0129, 0x0129, 0x012A, 0x012A, 0x014A, 0x052A, 0x014A, 0x012A, 0x014A, 0x054A, 0x016B, 0x014B, 0x016B, 0x016B, 0x056B, 
    0x0D29, 0x1529, 0x18C6, 0x1CC6, 0x20C6, 0x20C6, 0x20E7, 0x18E7, 0x1CE7, 0x18E8, 0x2108, 0x24E6, 0x2506, 0x24E7, 0x2D07, 0x2508, 
    0x2907, 0x2908, 0x2D26, 0x2D66, 0x2928, 0x2D28, 0x2D68, 0x1909, 0x2109, 0x1929, 0x2129, 0x2929, 0x2D29, 0x2D49, 0x2D69, 0x2D6B, 
    0x0000, 0x0000, 0x0000, 0x0400, 0x0000, 0x0000, 0x0000, 0x0401, 0x0400, 0x0400, 0x0820, 0x0420, 0x0821, 0x0021, 0x0421, 0x0820, 
    0x0421, 0x0821, 0x0001, 0x0421, 0x0821, 0x0421, 0x0042, 0x0421, 0x0842, 0x0421, 0x0821, 0x0442, 0x0842, 0x0842, 0x0842, 0x0C20, 
    0x1040, 0x0C21, 0x1021, 0x1440, 0x1441, 0x1441, 0x1441, 0x0C21, 0x0C42, 0x0C21, 0x1041, 0x0C41, 0x1041, 0x0C42, 0x1042, 0x1441, 
    0x1441, 0x1441, 0x1442, 0x0062, 0x0862, 0x1461, 0x0C62, 0x1062, 0x1482, 0x1462, 0x1862, 0x1462, 0x1862, 0x1882, 0x0043, 0x0043, 
    0x0843, 0x0843, 0x0843, 0x0845, 0x0C43, 0x0064, 0x0064, 0x0864, 0x0863, 0x00A4, 0x08A4, 0x0085, 0x0085, 0x0885, 0x00A5, 0x00A6, 
    0x00A6, 0x08A5, 0x1083, 0x0C63, 0x1063, 0x0C64, 0x0C84, 0x1084, 0x1483, 0x1463, 0x1483, 0x1883, 0x10A4, 0x14A4, 0x18A4, 0x1085, 
    0x1485, 0x0CA5, 0x14A5, 0x1C40, 0x2041, 0x1841, 0x1C61, 0x2061, 0x24A1, 0x1C61, 0x1862, 0x1862, 0x1882, 0x1C82, 0x2081, 0x1CA2, 
    0x24A2, 0x2881, 0x2C81, 0x28A1, 0x30A1, 0x2881, 0x2C81, 0x28A1, 0x30A1, 0x1883, 0x1883, 0x1C83, 0x2083, 0x1CA4, 0x1CA3, 0x1CA3, 
    0x1CA4, 0x1CA4, 0x1CA4, 0x20A4, 0x20A4, 0x1CA5, 0x18A5, 0x1CA5, 0x1CC5, 0x1CC5, 0x1CC5, 0x20C5, 0x20C5, 0x28C4, 0x00C6, 0x04C6, 
    0x10C6, 0x18C6, 0x2CC0, 0x30E1, 0x3100, 0x28E1, 0x30E1, 0x3121, 0x3140, 0x3142, 0x3162, 0x1CC5, 0x1CC6, 0x24E5, 0x20C5, 0x20C6, 
    0x2CE4, 0x30E3, 0x3104, 0x28E5, 0x2CE5, 0x2905, 0x3125, 0x3143, 0x3164, 0x3145, 0x3185, 0x0086, 0x00A7, 0x00A6, 0x08A7, 0x0CA6, 
    0x14C6, 0x1CC6, 0x00E7, 0x00C7, 0x00C7, 0x04E7, 0x0107, 0x0907, 0x00E8, 0x00E8, 0x00E8, 0x04E8, 0x0108, 0x0109, 0x0109, 0x0129, 
    0x0509, 0x0CC7, 0x14E7, 0x1507, 0x0CE8, 0x14E8, 0x0D09, 0x1509, 0x0149, 0x0549, 0x00EA, 0x012A, 0x012A, 0x012A, 0x052A, 0x0D2A, 
    0x152A, 0x014A, 0x014A, 0x014B, 0x014B, 0x014B, 0x054A, 0x016B, 0x014B, 0x016B, 0x054B, 0x018C, 0x016C, 0x018C, 0x018C, 0x058C, 
    0x114A, 0x154A, 0x1CE7, 0x1CC6, 0x20E7, 0x20E6, 0x2507, 0x1CE8, 0x20E8, 0x1D08, 0x2508, 0x28E7, 0x2907, 0x2907, 0x3127, 0x2928, 
    0x2D28, 0x2D28, 0x3147, 0x3187, 0x2D49, 0x3149, 0x3188, 0x1D2A, 0x252A, 0x1D4A, 0x254A, 0x294A, 0x314A, 0x2D4A, 0x318A, 0x318C, 
    0x0000, 0x0000, 0x0000, 0x0400, 0x0000, 0x0000, 0x0001, 0x0421, 0x0400, 0x0400, 0x0820, 0x0821, 0x0821, 0x0021, 0x0421, 0x0C20, 
    0x0821, 0x0821, 0x0001, 0x0421, 0x0821, 0x0421, 0x0042, 0x0422, 0x0842, 0x0442, 0x0841, 0x0842, 0x0842, 0x0842, 0x0843, 0x0C20, 
    0x1040, 0x0C41, 0x1041, 0x1840, 0x1441, 0x1441, 0x1841, 0x0C21, 0x1042, 0x0C41, 0x1041, 0x0C42, 0x1042, 0x0C42, 0x1062, 0x1442, 
    0x1441, 0x1862, 0x1462, 0x0063, 0x0863, 0x1861, 0x1062, 0x1062, 0x1483, 0x1462, 0x1862, 0x1462, 0x1862, 0x1882, 0x0043, 0x0443, 
    0x0844, 0x0843, 0x0843, 0x0865, 0x0C63, 0x0084, 0x0464, 0x0864, 0x0C63, 0x00A4, 0x08A4, 0x0085, 0x0485, 0x0885, 0x00A6, 0x00A6, 
    0x04A6, 0x08A6, 0x1084, 0x0C63, 0x1063, 0x0C64, 0x0C84, 0x1084, 0x1884, 0x1483, 0x1483, 0x1883, 0x10A4, 0x18A4, 0x18A4, 0x1085, 
    0x1485, 0x10A6, 0x18A5, 0x1C40, 0x2461, 0x1C61, 0x1C61, 0x2481, 0x28A1, 0x2082, 0x1C62, 0x1C62, 0x1C83, 0x2083, 0x2482, 0x1CA3, 
    0x24A2, 0x2C81, 0x3081, 0x2CA1, 0x34C1, 0x2C81, 0x3081, 0x2CA2, 0x34C1, 0x1C84, 0x1C83, 0x2083, 0x2483, 0x20C4, 0x1CA3, 0x20A3, 
    0x1CA4, 0x20A4, 0x20C4, 0x24A4, 0x24C4, 0x20A5, 0x1CA5, 0x1CC5, 0x20C5, 0x1CC6, 0x20C6, 0x24C6, 0x24C5, 0x28C4, 0x00E6, 0x08E6, 
    0x10E6, 0x18E6, 0x30E1, 0x34E1, 0x3520, 0x2CE2, 0x34E2, 0x3522, 0x3560, 0x3562, 0x3582, 0x20E5, 0x20E6, 0x24E6, 0x24E5, 0x24E6, 
    0x2CE4, 0x34E4, 0x3524, 0x2CE6, 0x3105, 0x2D26, 0x3526, 0x3564, 0x3584, 0x3566, 0x35A6, 0x0087, 0x00C7, 0x04C7, 0x08C7, 0x10C7, 
    0x14C7, 0x1CC7, 0x00E8, 0x00E8, 0x00E8, 0x08E8, 0x0128, 0x0928, 0x0109, 0x0109, 0x0509, 0x0509, 0x0129, 0x012A, 0x012A, 0x054A, 
    0x0929, 0x10E8, 0x18E8, 0x1528, 0x1109, 0x1909, 0x112A, 0x1529, 0x014A, 0x054A, 0x010A, 0x012B, 0x014A, 0x054B, 0x094B, 0x112A, 
    0x154A, 0x016B, 0x054B, 0x016B, 0x056B, 0x056C, 0x096B, 0x018C, 0x016C, 0x056C, 0x056C, 0x018D, 0x058C, 0x01AD, 0x01AD, 0x05AD, 
    0x116B, 0x196B, 0x1CE7, 0x20E7, 0x2507, 0x2507, 0x2928, 0x2109, 0x2509, 0x1D29, 0x2529, 0x2907, 0x2D28, 0x2D28, 0x3548, 0x2D29, 
    0x2D49, 0x3149, 0x3567, 0x35A7, 0x3149, 0x356A, 0x35A9, 0x1D4A, 0x292A, 0x1D4B, 0x254B, 0x2D6B, 0x356B, 0x316B, 0x35AB, 0x35AD, 
    0x0000, 0x0400, 0x0000, 0x0400, 0x0000, 0x0000, 0x0001, 0x0421, 0x0800, 0x0820, 0x0C20, 0x0821, 0x0821, 0x0041, 0x0421, 0x0C40, 
    0x0821, 0x0C21, 0x0022, 0x0422, 0x0C22, 0x0422, 0x0042, 0x0422, 0x0842, 0x0842, 0x0C42, 0x0842, 0x0842, 0x0843, 0x0863, 0x1020, 
    0x1041, 0x1041, 0x1441, 0x1840, 0x1441, 0x1841, 0x1861, 0x0C21, 0x1042, 0x1042, 0x1441, 0x1042, 0x1442, 0x1062, 0x1462, 0x1842, 
    0x1862, 0x1862, 0x1462, 0x0083, 0x0C63, 0x1861, 0x1062, 0x1463, 0x1883, 0x1862, 0x1C62, 0x1863, 0x1C83, 0x1C83, 0x0064, 0x0463, 
    0x0844, 0x0863, 0x0863, 0x0865, 0x1063, 0x0084, 0x0484, 0x0884, 0x0C64, 0x00A5, 0x08C5, 0x0086, 0x04A5, 0x08A6, 0x00C6, 0x00A7, 
    0x04C7, 0x08C6, 0x1084, 0x1084, 0x1084, 0x1084, 0x1085, 0x1085, 0x1884, 0x1483, 0x1884, 0x1C83, 0x14A5, 0x18A4, 0x1CA5, 0x10A5, 
    0x18A5, 0x10C6, 0x18C6, 0x2061, 0x2861, 0x1C62, 0x2061, 0x2881, 0x2CC1, 0x2082, 0x1C82, 0x1C83, 0x1C83, 0x20A3, 0x2882, 0x20A3, 
    0x28A2, 0x3081, 0x34A1, 0x30C1, 0x38C1, 0x30A2, 0x34A1, 0x30C2, 0x38C1, 0x1CA4, 0x1CA3, 0x20A4, 0x24A3, 0x20C4, 0x20A4, 0x20A4, 
    0x20A4, 0x20C4, 0x24C5, 0x24C4, 0x24C5, 0x20C5, 0x1CC5, 0x20C6, 0x20C5, 0x20E6, 0x20E6, 0x24E6, 0x24E5, 0x2CE5, 0x00E7, 0x08E7, 
    0x14E7, 0x18E7, 0x34E1, 0x3901, 0x3941, 0x3102, 0x3902, 0x3942, 0x3980, 0x3982, 0x39A2, 0x20E6, 0x24E6, 0x2906, 0x24E6, 0x2507, 
    0x3104, 0x3904, 0x3944, 0x3106, 0x3506, 0x3146, 0x3946, 0x3984, 0x39A4, 0x3986, 0x39A6, 0x00A7, 0x00C8, 0x04C8, 0x08C8, 0x10C7, 
    0x18E7, 0x20E7, 0x0108, 0x00E8, 0x04E8, 0x0908, 0x0529, 0x0948, 0x010A, 0x0109, 0x0509, 0x0909, 0x014A, 0x012A, 0x052A, 0x054B, 
    0x092A, 0x10E8, 0x1908, 0x1529, 0x1109, 0x1909, 0x112A, 0x194A, 0x016B, 0x056B, 0x012B, 0x014C, 0x014B, 0x054B, 0x094B, 0x114B, 
    0x194B, 0x018C, 0x056C, 0x016C, 0x056C, 0x058C, 0x098C, 0x01AC, 0x018D, 0x058D, 0x098D, 0x01AE, 0x05AD, 0x01CE, 0x01CE, 0x05CD, 
    0x116C, 0x196C, 0x2108, 0x24E7, 0x2908, 0x2907, 0x2928, 0x2129, 0x2529, 0x212A, 0x294A, 0x2D28, 0x3148, 0x2D28, 0x3548, 0x314A, 
    0x3149, 0x354A, 0x3988, 0x39C8, 0x316A, 0x398A, 0x39CA, 0x214B, 0x2D4B, 0x216C, 0x296B, 0x318C, 0x398B, 0x358B, 0x39CC, 0x39CE, 
    0x0000, 0x0400, 0x0020, 0x0420, 0x0001, 0x0401, 0x0021, 0x0421, 0x0800, 0x0820, 0x0C20, 0x0821, 0x0C21, 0x0041, 0x0441, 0x0C40, 
    0x0841, 0x0C41, 0x0022, 0x0422, 0x0C22, 0x0822, 0x0443, 0x0442, 0x0862, 0x0842, 0x0C42, 0x0843, 0x0C43, 0x0863, 0x0C63, 0x1020, 
    0x1441, 0x1041, 0x1441, 0x1840, 0x1841, 0x1861, 0x1C61, 0x1022, 0x1043, 0x1042, 0x1442, 0x1062, 0x1462, 0x1063, 0x1463, 0x1842, 
    0x1862, 0x1C62, 0x1863, 0x0083, 0x0C83, 0x1C81, 0x1083, 0x1483, 0x18A3, 0x1882, 0x1C82, 0x1883, 0x1C83, 0x1CA3, 0x0064, 0x0464, 
    0x0864, 0x0864, 0x0C64, 0x0C66, 0x1064, 0x0085, 0x0485, 0x0885, 0x0C84, 0x04C5, 0x08C5, 0x00A6, 0x04A6, 0x08A6, 0x04C7, 0x00C7, 
    0x04C7, 0x08C7, 0x14A4, 0x1084, 0x1484, 0x1085, 0x10A5, 0x14A5, 0x1CA4, 0x1884, 0x18A4, 0x1CA4, 0x14C5, 0x1CC5, 0x1CC5, 0x10A6, 
    0x18A6, 0x10C7, 0x18C6, 0x2061, 0x2861, 0x2062, 0x2481, 0x2C81, 0x2CC1, 0x2482, 0x2082, 0x2083, 0x20A3, 0x24A3, 0x2CA2, 0x20C3, 
    0x2CC2, 0x34A1, 0x38A1, 0x34C1, 0x3CE1, 0x30A2, 0x38A2, 0x34C2, 0x38C2, 0x20A4, 0x20A4, 0x24A4, 0x28A4, 0x24E5, 0x20C4, 0x24C4, 
    0x20C5, 0x24C5, 0x24E5, 0x28C5, 0x28E5, 0x24C6, 0x20C6, 0x20E6, 0x24E6, 0x20E7, 0x24E7, 0x28E7, 0x28E6, 0x30E5, 0x0507, 0x0907, 
    0x1507, 0x1D07, 0x3501, 0x3D21, 0x3D61, 0x3502, 0x3D02, 0x3D62, 0x3D80, 0x3D82, 0x3DC2, 0x2506, 0x2507, 0x2D07, 0x2906, 0x2907, 
    0x3525, 0x3D24, 0x3D44, 0x3127, 0x3926, 0x3547, 0x3D67, 0x3DA4, 0x3DC5, 0x3DA6, 0x3DC7, 0x00A8, 0x00E8, 0x04E8, 0x08E8, 0x10E8, 
    0x18E8, 0x20E8, 0x0109, 0x0109, 0x0509, 0x0909, 0x0549, 0x0949, 0x012A, 0x012A, 0x052A, 0x092A, 0x014B, 0x014B, 0x054B, 0x056B, 
    0x094B, 0x1109, 0x1D09, 0x1949, 0x112A, 0x192A, 0x114B, 0x194B, 0x018B, 0x098B, 0x012C, 0x056C, 0x016C, 0x056C, 0x096C, 0x116C, 
    0x196C, 0x01AD, 0x058C, 0x018D, 0x058D, 0x05AD, 0x09AD, 0x05CD, 0x01AE, 0x05AE, 0x09AE, 0x01CF, 0x05CE, 0x01EF, 0x05EF, 0x09EE, 
    0x158D, 0x1D8D, 0x2109, 0x2508, 0x2D28, 0x2928, 0x2D49, 0x252A, 0x292A, 0x214A, 0x2D4B, 0x3128, 0x3549, 0x3149, 0x3969, 0x356A, 
    0x356A, 0x396A, 0x3DA8, 0x3DE8, 0x358B, 0x3D8B, 0x3DEB, 0x256C, 0x2D6C, 0x218C, 0x2D8C, 0x35AD, 0x3DAC, 0x39AC, 0x3DCD, 0x3DEE, 
    0x0000, 0x0400, 0x0020, 0x0420, 0x0001, 0x0401, 0x0021, 0x0421, 0x0800, 0x0820, 0x0C20, 0x0821, 0x0C21, 0x0041, 0x0441, 0x0C40, 
    0x0841, 0x0C41, 0x0022, 0x0422, 0x0C22, 0x0822, 0x0443, 0x0442, 0x0C62, 0x0842, 0x0C42, 0x0843, 0x0C43, 0x0863, 0x0C63, 0x1020, 
    0x1441, 0x1041, 0x1441, 0x1C40, 0x1841, 0x1861, 0x1C61, 0x1022, 0x1043, 0x1042, 0x1442, 0x1062, 0x1462, 0x1063, 0x1463, 0x1C62, 
    0x1862, 0x1C62, 0x1863, 0x0083, 0x0C83, 0x1C81, 0x1483, 0x1483, 0x1CA3, 0x1882, 0x1C82, 0x1883, 0x1C83, 0x20A3, 0x0064, 0x0464, 
    0x0864, 0x0864, 0x0C64, 0x0C66, 0x1064, 0x0085, 0x0485, 0x0C85, 0x0C84, 0x04C5, 0x08C5, 0x00A7, 0x04A6, 0x08A6, 0x04E7, 0x00C7, 
    0x04C7, 0x0CC7, 0x14A5, 0x1084, 0x1484, 0x1085, 0x10A5, 0x14A5, 0x1CA5, 0x1884, 0x18A4, 0x20A4, 0x14C5, 0x1CC5, 0x20C5, 0x14A6, 
    0x18A6, 0x14C7, 0x1CE7, 0x2461, 0x2C61, 0x2462, 0x2481, 0x2C81, 0x30C1, 0x24A2, 0x2082, 0x2083, 0x20A3, 0x24A3, 0x2CA2, 0x24C3, 
    0x30C2, 0x34A1, 0x3CA1, 0x38E1, 0x40E1, 0x34A2, 0x3CA2, 0x34C2, 0x3CE2, 0x24A5, 0x24A4, 0x24A4, 0x28A4, 0x24E5, 0x24C4, 0x24C4, 
    0x24C5, 0x28C5, 0x28E5, 0x2CE5, 0x28E5, 0x24E6, 0x20E6, 0x24E6, 0x28E6, 0x24E7, 0x2507, 0x2D07, 0x2906, 0x3505, 0x0508, 0x0908, 
    0x1508, 0x1D08, 0x3901, 0x4121, 0x4161, 0x3922, 0x4122, 0x4162, 0x41A0, 0x41A2, 0x41E2, 0x2507, 0x2907, 0x3127, 0x2D06, 0x2D27, 
    0x3925, 0x4125, 0x4165, 0x3527, 0x3D47, 0x3967, 0x3D67, 0x41C5, 0x41E5, 0x41C7, 0x41E7, 0x00A8, 0x00E9, 0x04E9, 0x08E9, 0x10E8, 
    0x1D09, 0x2508, 0x0129, 0x012A, 0x050A, 0x0929, 0x056A, 0x0969, 0x012B, 0x014B, 0x054B, 0x092B, 0x016B, 0x016C, 0x056C, 0x058C, 
    0x096B, 0x1529, 0x1D29, 0x194A, 0x154B, 0x1D2B, 0x156C, 0x1D6B, 0x01AC, 0x09AC, 0x014D, 0x058D, 0x018D, 0x058D, 0x098D, 0x156D, 
    0x1D8D, 0x01AE, 0x05AD, 0x01AE, 0x05AE, 0x05CE, 0x09AE, 0x05EE, 0x01CF, 0x05CF, 0x09CF, 0x01F0, 0x05EF, 0x0210, 0x0610, 0x09EF, 
    0x15AD, 0x1DAD, 0x2529, 0x2928, 0x2D29, 0x2D29, 0x316A, 0x254B, 0x294A, 0x256B, 0x2D6B, 0x3549, 0x3969, 0x356A, 0x3D8A, 0x358B, 
    0x398B, 0x3D8B, 0x41A9, 0x4209, 0x39AC, 0x41AC, 0x420B, 0x258D, 0x318D, 0x25AD, 0x2DAD, 0x39AD, 0x3DCD, 0x3DCD, 0x41ED, 0x420F, 
    0x0000, 0x0400, 0x0020, 0x0420, 0x0001, 0x0401, 0x0021, 0x0421, 0x0800, 0x0820, 0x0C20, 0x0821, 0x0C21, 0x0041, 0x0441, 0x0C40, 
    0x0841, 0x0C41, 0x0022, 0x0422, 0x0C22, 0x0822, 0x0443, 0x0442, 0x0C62, 0x0842, 0x0C42, 0x0843, 0x0C43, 0x0863, 0x0C63, 0x1020, 
    0x1461, 0x1041, 0x1841, 0x1C40, 0x1C41, 0x1C61, 0x2061, 0x1022, 0x1443, 0x1042, 0x1842, 0x1462, 0x1862, 0x1063, 0x1863, 0x1C62, 
    0x1C62, 0x2062, 0x1C83, 0x0084, 0x0C84, 0x2081, 0x1483, 0x1883, 0x1CA3, 0x1C82, 0x2082, 0x1C83, 0x20A3, 0x20A3, 0x0065, 0x0464, 
    0x0C65, 0x0864, 0x0C64, 0x0C86, 0x1084, 0x00A5, 0x0485, 0x0CA5, 0x0C84, 0x04C6, 0x0CE6, 0x00A7, 0x04C7, 0x0CC7, 0x04E7, 0x00E8, 
    0x04E8, 0x0CE8, 0x14A5, 0x1084, 0x14A4, 0x10A5, 0x14A6, 0x14A6, 0x20A5, 0x1CA4, 0x1CA4, 0x20A4, 0x18C6, 0x1CC5, 0x20E6, 0x14C7, 
    0x1CC7, 0x14E7, 0x1CE7, 0x2461, 0x3081, 0x2482, 0x2881, 0x30A1, 0x34E1, 0x28A2, 0x2482, 0x24A3, 0x24A3, 0x28C3, 0x30A2, 0x28C3, 
    0x30E3, 0x38A1, 0x40C1, 0x38E1, 0x4501, 0x38C2, 0x40C2, 0x38E2, 0x40E2, 0x24C5, 0x24C4, 0x28C4, 0x2CC4, 0x2905, 0x24C4, 0x28E5, 
    0x24E5, 0x28E5, 0x2906, 0x2CE5, 0x2D06, 0x28E7, 0x24E7, 0x2507, 0x2907, 0x2508, 0x2908, 0x2D08, 0x2D07, 0x3506, 0x0528, 0x0928, 
    0x1928, 0x2128, 0x3D21, 0x4541, 0x4581, 0x3922, 0x4522, 0x4582, 0x45C1, 0x45C3, 0x4603, 0x2927, 0x2928, 0x3128, 0x2D27, 0x2D28, 
    0x3D45, 0x4545, 0x4585, 0x3948, 0x4147, 0x3D88, 0x4188, 0x45C5, 0x4605, 0x45E7, 0x4608, 0x00C9, 0x00E9, 0x0509, 0x0D09, 0x1509, 
    0x1D09, 0x2509, 0x054A, 0x012A, 0x052A, 0x092A, 0x056A, 0x098A, 0x014C, 0x014B, 0x054B, 0x094B, 0x018C, 0x016D, 0x056D, 0x058D, 
    0x096C, 0x152A, 0x1D2A, 0x196A, 0x154B, 0x1D4B, 0x156C, 0x1D8C, 0x01AD, 0x09AD, 0x014D, 0x058E, 0x01AE, 0x05AE, 0x09AE, 0x158D, 
    0x1D8E, 0x01CE, 0x05CE, 0x01CF, 0x05CF, 0x05EF, 0x09CF, 0x060F, 0x01D0, 0x05F0, 0x09F0, 0x0211, 0x0610, 0x0231, 0x0631, 0x0A10, 
    0x15CE, 0x1DCE, 0x292A, 0x2929, 0x3149, 0x3149, 0x356A, 0x294B, 0x2D4B, 0x296C, 0x318C, 0x3949, 0x398A, 0x396A, 0x41AA, 0x398C, 
    0x3DAB, 0x41AC, 0x45CA, 0x4629, 0x3DAC, 0x45CC, 0x462C, 0x29AE, 0x358D, 0x25AE, 0x31CE, 0x3DCE, 0x41CE, 0x41EE, 0x460E, 0x4630, 
    0x0000, 0x0400, 0x0020, 0x0420, 0x0001, 0x0401, 0x0021, 0x0421, 0x0800, 0x0820, 0x0C20, 0x0821, 0x0C21, 0x0041, 0x0441, 0x1040, 
    0x0841, 0x0C41, 0x0022, 0x0422, 0x0C22, 0x0822, 0x0463, 0x0442, 0x0C62, 0x0842, 0x0C42, 0x0843, 0x0C63, 0x0C64, 0x0C64, 0x1421, 
    0x1861, 0x1441, 0x1841, 0x2040, 0x1C41, 0x1C61, 0x2081, 0x1022, 0x1443, 0x1442, 0x1842, 0x1462, 0x1862, 0x1463, 0x1883, 0x1C62, 
    0x1C62, 0x2082, 0x1C83, 0x00A4, 0x0C84, 0x2081, 0x1483, 0x18A3, 0x1CC4, 0x1C82, 0x20A2, 0x1CA3, 0x20A3, 0x24C4, 0x0065, 0x0465, 
    0x0C65, 0x0864, 0x0C85, 0x0C87, 0x1485, 0x00A6, 0x04A6, 0x0CA6, 0x1085, 0x04E6, 0x0CE6, 0x00C8, 0x04C7, 0x0CC7, 0x0508, 0x00E8, 
    0x04E8, 0x0CE8, 0x18A5, 0x14A5, 0x18A5, 0x14A6, 0x14C6, 0x18C6, 0x20C5, 0x1CA5, 0x1CC5, 0x20C5, 0x18E6, 0x20E6, 0x20E6, 0x14C7, 
    0x1CC7, 0x14E8, 0x2108, 0x2881, 0x3081, 0x2882, 0x28A1, 0x34A1, 0x38E1, 0x28A2, 0x24A2, 0x24A3, 0x28C4, 0x2CC4, 0x34C2, 0x28E4, 
    0x34E3, 0x3CC1, 0x44C1, 0x3CE1, 0x4901, 0x3CC2, 0x44C2, 0x3CE2, 0x4502, 0x28C5, 0x28C5, 0x28C5, 0x30C4, 0x2906, 0x28E5, 0x2CE5, 
    0x28E6, 0x2CE6, 0x2D06, 0x3106, 0x3106, 0x2CE7, 0x28E7, 0x2907, 0x2D07, 0x2908, 0x2D28, 0x3128, 0x3107, 0x3926, 0x0529, 0x0929, 
    0x1929, 0x2129, 0x4121, 0x4941, 0x49A1, 0x3D42, 0x4942, 0x49A2, 0x49E1, 0x49E3, 0x4A23, 0x2D28, 0x2D28, 0x3548, 0x3127, 0x3148, 
    0x4146, 0x4545, 0x4985, 0x3D48, 0x4567, 0x3D88, 0x45A8, 0x49E5, 0x4A26, 0x49E8, 0x4A28, 0x00C9, 0x010A, 0x050A, 0x0D0A, 0x150A, 
    0x210A, 0x2929, 0x054A, 0x014B, 0x054B, 0x094A, 0x058B, 0x0D8A, 0x014C, 0x016C, 0x056C, 0x096C, 0x018D, 0x018D, 0x058D, 0x05AD, 
    0x098D, 0x154A, 0x214B, 0x1D8B, 0x156C, 0x214C, 0x158D, 0x218D, 0x01CD, 0x09CE, 0x016E, 0x05AF, 0x01AE, 0x05AE, 0x09AF, 0x15AE, 
    0x1DAE, 0x01EF, 0x05CF, 0x01D0, 0x05F0, 0x0610, 0x09F0, 0x0630, 0x05F1, 0x0611, 0x09F1, 0x0232, 0x0631, 0x0252, 0x0652, 0x0A31, 
    0x15EF, 0x21EF, 0x294A, 0x2D49, 0x354A, 0x316A, 0x358B, 0x296C, 0x316C, 0x298C, 0x358D, 0x396A, 0x3D8A, 0x3D8B, 0x45AB, 0x3DAC, 
    0x41AC, 0x45AC, 0x49EA, 0x4A2A, 0x41CD, 0x45ED, 0x4A2D, 0x29AE, 0x39AE, 0x29CF, 0x35CE, 0x41EF, 0x45EF, 0x460F, 0x4A2F, 0x4A51, 
    0x0000, 0x0400, 0x0020, 0x0420, 0x0001, 0x0401, 0x0021, 0x0421, 0x0800, 0x0820, 0x1020, 0x0821, 0x0C21, 0x0041, 0x0441, 0x1040, 
    0x0841, 0x1041, 0x0022, 0x0422, 0x1022, 0x0822, 0x0463, 0x0442, 0x0C63, 0x0843, 0x1042, 0x0863, 0x0C63, 0x0C64, 0x0C84, 0x1421, 
    0x1861, 0x1441, 0x1861, 0x2060, 0x1C61, 0x2061, 0x2481, 0x1422, 0x1463, 0x1462, 0x1862, 0x1462, 0x1862, 0x1483, 0x1883, 0x2063, 
    0x2082, 0x2482, 0x1C83, 0x00A4, 0x10A4, 0x24A1, 0x18A3, 0x18A4, 0x20C4, 0x20A3, 0x24A3, 0x20A4, 0x24A4, 0x24C4, 0x0085, 0x0485, 
    0x0C65, 0x0C85, 0x0C85, 0x0C87, 0x1485, 0x04A6, 0x04A6, 0x0CA6, 0x10A5, 0x04E7, 0x0D07, 0x00C8, 0x04C7, 0x0CC8, 0x0508, 0x00E9, 
    0x0509, 0x0D09, 0x18C5, 0x14A5, 0x18A5, 0x14A6, 0x14C6, 0x18C6, 0x20C6, 0x1CA5, 0x20C5, 0x24C5, 0x1CE7, 0x20E6, 0x24E6, 0x18C7, 
    0x20E7, 0x1908, 0x2108, 0x2881, 0x3481, 0x2882, 0x2CA1, 0x34A1, 0x3901, 0x2CA3, 0x28A3, 0x28A4, 0x28C4, 0x2CC4, 0x34C3, 0x2CE4, 
    0x38E3, 0x40C1, 0x48C1, 0x4101, 0x4901, 0x40C2, 0x48C2, 0x4102, 0x4902, 0x28C6, 0x28C5, 0x2CE5, 0x30E5, 0x2D06, 0x28E5, 0x2CE5, 
    0x28E6, 0x2D06, 0x3126, 0x3106, 0x3126, 0x2D07, 0x2907, 0x2928, 0x2D27, 0x2929, 0x2D29, 0x3528, 0x3127, 0x3D27, 0x0549, 0x0949, 
    0x1D49, 0x2549, 0x4541, 0x4D61, 0x4DA1, 0x4142, 0x4D42, 0x4DA2, 0x4E01, 0x4E03, 0x4E43, 0x2D48, 0x3149, 0x3969, 0x3548, 0x3549, 
    0x4566, 0x4966, 0x4DA6, 0x4168, 0x4968, 0x41A8, 0x49A8, 0x4E06, 0x4E46, 0x4E08, 0x4E48, 0x00EA, 0x010A, 0x052A, 0x0D0A, 0x150A, 
    0x212A, 0x292A, 0x056B, 0x014B, 0x054B, 0x0D4B, 0x05AC, 0x0DAB, 0x016D, 0x016D, 0x056D, 0x096D, 0x01AD, 0x01AE, 0x05AE, 0x05CE, 
    0x09AE, 0x194B, 0x214B, 0x1D8C, 0x196D, 0x216C, 0x15AE, 0x21AD, 0x05EE, 0x09EE, 0x018F, 0x05D0, 0x01CF, 0x05CF, 0x09CF, 0x15AF, 
    0x21CF, 0x0210, 0x05F0, 0x01F0, 0x05F0, 0x0611, 0x0A10, 0x0651, 0x0612, 0x0632, 0x0A12, 0x0253, 0x0652, 0x0273, 0x0673, 0x0A52, 
    0x19F0, 0x21F0, 0x2D6B, 0x314A, 0x356A, 0x356A, 0x39AB, 0x2D8C, 0x318C, 0x2DAD, 0x35AD, 0x3D8A, 0x41AB, 0x3DAB, 0x49CB, 0x41CD, 
    0x45CD, 0x49CD, 0x4E0B, 0x4E4B, 0x45EE, 0x4A0E, 0x4E4D, 0x2DCF, 0x39CF, 0x29F0, 0x39EF, 0x4210, 0x4A0F, 0x4A0F, 0x4E50, 0x4E72, 
    0x0000, 0x0400, 0x0020, 0x0420, 0x0001, 0x0401, 0x0021, 0x0421, 0x0800, 0x0820, 0x1020, 0x0C21, 0x1021, 0x0041, 0x0441, 0x1040, 
    0x0C41, 0x1041, 0x0022, 0x0422, 0x1022, 0x0822, 0x0464, 0x0443, 0x0C83, 0x0863, 0x1062, 0x0C64, 0x1064, 0x0C84, 0x1084, 0x1421, 
    0x1861, 0x1461, 0x1C61, 0x2460, 0x2061, 0x2081, 0x2481, 0x1422, 0x1864, 0x1462, 0x1C62, 0x1483, 0x1C83, 0x1484, 0x1C84, 0x2063, 
    0x2082, 0x2483, 0x2084, 0x00A4, 0x10A4, 0x24A1, 0x18A4, 0x1CA4, 0x20C4, 0x20A3, 0x24A3, 0x20A4, 0x24A4, 0x28C4, 0x0085, 0x0485, 
    0x0C86, 0x0C85, 0x1085, 0x1088, 0x1485, 0x04C6, 0x04A6, 0x0CA6, 0x10A5, 0x0507, 0x0D07, 0x00C8, 0x04E8, 0x0CE8, 0x0509, 0x0109, 
    0x0509, 0x0D09, 0x18C6, 0x14A5, 0x18A5, 0x14A6, 0x14C7, 0x18C7, 0x24C6, 0x20C5, 0x20C5, 0x24C5, 0x1D07, 0x2506, 0x2507, 0x18E8, 
    0x20E8, 0x1909, 0x2508, 0x2C81, 0x3881, 0x2C82, 0x2CA1, 0x38C1, 0x3D01, 0x30C3, 0x28A3, 0x28A4, 0x2CC4, 0x30E4, 0x38C3, 0x2D04, 
    0x3903, 0x44C1, 0x4CE1, 0x4501, 0x4D21, 0x40E2, 0x48E2, 0x4503, 0x4D22, 0x2CE6, 0x2CE5, 0x30E5, 0x34E5, 0x3126, 0x2D05, 0x3105, 
    0x2D06, 0x3106, 0x3127, 0x3506, 0x3527, 0x3108, 0x2D08, 0x2D28, 0x3128, 0x2D29, 0x3149, 0x3549, 0x3528, 0x4147, 0x054A, 0x0D4A, 
    0x1D4A, 0x254A, 0x4941, 0x5161, 0x51C1, 0x4563, 0x5163, 0x51C3, 0x5201, 0x5203, 0x5243, 0x3148, 0x3149, 0x3969, 0x3548, 0x3569, 
    0x4566, 0x4D66, 0x51C6, 0x4169, 0x4D88, 0x45C9, 0x4DC9, 0x5226, 0x5266, 0x5229, 0x5269, 0x00EA, 0x012B, 0x052B, 0x0D2B, 0x192B, 
    0x212B, 0x2D4A, 0x056C, 0x016C, 0x056C, 0x0D6C, 0x05AC, 0x0DCC, 0x018E, 0x018D, 0x058D, 0x098D, 0x01CE, 0x01AF, 0x05AF, 0x05EF, 
    0x0DAE, 0x196C, 0x256C, 0x21AC, 0x198D, 0x258D, 0x19AF, 0x21CE, 0x060F, 0x0A0F, 0x0190, 0x05D0, 0x01F0, 0x05F0, 0x0DF0, 0x19D0, 
    0x21F0, 0x0231, 0x0610, 0x0211, 0x0611, 0x0632, 0x0E31, 0x0652, 0x0633, 0x0633, 0x0A33, 0x0274, 0x0673, 0x0294, 0x0694, 0x0A73, 
    0x1A11, 0x2611, 0x2D6B, 0x316A, 0x398B, 0x398B, 0x3DAC, 0x318D, 0x358D, 0x2DAE, 0x39CE, 0x418B, 0x45CC, 0x41AC, 0x4DEC, 0x45CE, 
    0x45ED, 0x4DEE, 0x522B, 0x526B, 0x4A0E, 0x4E0F, 0x526E, 0x2DF0, 0x3DD0, 0x2E10, 0x3A10, 0x4631, 0x4E30, 0x4E30, 0x5271, 0x5293, 
    0x0000, 0x0400, 0x0020, 0x0420, 0x0001, 0x0401, 0x0021, 0x0421, 0x0C00, 0x0C20, 0x1020, 0x0C21, 0x1041, 0x0062, 0x0842, 0x1060, 
    0x0C41, 0x1041, 0x0023, 0x0423, 0x1043, 0x0843, 0x0464, 0x0843, 0x1083, 0x0C63, 0x1063, 0x0C64, 0x1064, 0x0C84, 0x1084, 0x1821, 
    0x1C61, 0x1861, 0x1C61, 0x2460, 0x2061, 0x2082, 0x2881, 0x1442, 0x1864, 0x1863, 0x1C62, 0x1883, 0x1C83, 0x1484, 0x1C84, 0x2483, 
    0x2083, 0x2483, 0x2084, 0x04C4, 0x10A4, 0x28A1, 0x18A4, 0x1CA4, 0x24E4, 0x24A3, 0x28A3, 0x24A4, 0x28C4, 0x28E4, 0x0086, 0x0485, 
    0x0C86, 0x0C85, 0x1085, 0x1088, 0x1485, 0x04C6, 0x04C7, 0x0CC7, 0x10A6, 0x0507, 0x0D07, 0x00E9, 0x04E8, 0x0CE9, 0x0529, 0x010A, 
    0x050A, 0x0D09, 0x1CC6, 0x14A6, 0x1CC5, 0x14C7, 0x18E7, 0x1CE7, 0x24E6, 0x20C5, 0x20E6, 0x28E5, 0x1D07, 0x2506, 0x2907, 0x18E8, 
    0x20E8, 0x1909, 0x2529, 0x2C81, 0x3881, 0x2C83, 0x30A1, 0x3CC1, 0x4102, 0x30C3, 0x2CC3, 0x2CC4, 0x2CE4, 0x30E4, 0x3CE3, 0x3104, 
    0x3D03, 0x44E1, 0x4CE1, 0x4921, 0x5121, 0x44E3, 0x4CE2, 0x4503, 0x5122, 0x2CE6, 0x2CE5, 0x30E5, 0x38E5, 0x3126, 0x2D06, 0x3106, 
    0x2D07, 0x3127, 0x3527, 0x3926, 0x3947, 0x3128, 0x2D28, 0x2D28, 0x3548, 0x2D49, 0x314A, 0x3949, 0x3948, 0x4547, 0x056A, 0x0D6A, 
    0x1D6A, 0x296A, 0x4D61, 0x5581, 0x55E1, 0x4963, 0x5563, 0x55E3, 0x5621, 0x5623, 0x5663, 0x3169, 0x356A, 0x3D8A, 0x3969, 0x396A, 
    0x4987, 0x5186, 0x55C6, 0x4589, 0x5189, 0x49C9, 0x51E9, 0x5646, 0x5687, 0x5649, 0x5689, 0x00EB, 0x052B, 0x054B, 0x0D2B, 0x192B, 
    0x254B, 0x314B, 0x058C, 0x016D, 0x056D, 0x0D6C, 0x05CD, 0x0DCC, 0x058F, 0x01AE, 0x05AE, 0x0D8E, 0x01CF, 0x01CF, 0x05CF, 0x05F0, 
    0x0DCF, 0x196C, 0x258C, 0x21CD, 0x19AE, 0x258E, 0x19CF, 0x25CF, 0x0630, 0x0A30, 0x01B1, 0x05F1, 0x01F1, 0x05F1, 0x0DF1, 0x19F1, 
    0x25F1, 0x0232, 0x0631, 0x0232, 0x0632, 0x0652, 0x0E52, 0x0672, 0x0654, 0x0654, 0x0E53, 0x0294, 0x0694, 0x02B5, 0x06B5, 0x0A94, 
    0x1A32, 0x2631, 0x318C, 0x356B, 0x3D8B, 0x398B, 0x3DCC, 0x31AE, 0x39AE, 0x31CF, 0x3DCF, 0x45AB, 0x49CC, 0x45CD, 0x51ED, 0x45EE, 
    0x49EE, 0x4E0E, 0x562C, 0x568C, 0x4A2F, 0x522F, 0x568F, 0x31F1, 0x41F1, 0x3231, 0x3E31, 0x4A31, 0x5251, 0x5251, 0x5692, 0x56B4, 
    0x0000, 0x0400, 0x0020, 0x0420, 0x0001, 0x0401, 0x0021, 0x0421, 0x0C00, 0x0C20, 0x1020, 0x0C21, 0x1041, 0x0062, 0x0842, 0x1060, 
    0x0C41, 0x1061, 0x0023, 0x0843, 0x1043, 0x0C43, 0x0464, 0x0843, 0x1083, 0x0C63, 0x1063, 0x0C64, 0x1064, 0x0C84, 0x1084, 0x1841, 
    0x1C81, 0x1861, 0x1C62, 0x2460, 0x2061, 0x2482, 0x2881, 0x1442, 0x1864, 0x1863, 0x1C63, 0x1883, 0x1C83, 0x1884, 0x1C84, 0x2483, 
    0x2483, 0x28A3, 0x24A4, 0x04C5, 0x10C5, 0x28A1, 0x1CA4, 0x1CC4, 0x24E4, 0x24A3, 0x28C3, 0x24C4, 0x28C4, 0x28E4, 0x0086, 0x0486, 
    0x0C86, 0x0C86, 0x1086, 0x10A8, 0x18A6, 0x04C7, 0x04C7, 0x10C7, 0x14C6, 0x0508, 0x1128, 0x00E9, 0x04E9, 0x10E9, 0x052A, 0x012A, 
    0x052A, 0x112A, 0x1CE6, 0x18C6, 0x1CC6, 0x18C7, 0x18E7, 0x1CE7, 0x28E7, 0x24C6, 0x24E6, 0x28E6, 0x2108, 0x2907, 0x2907, 0x1CE9, 
    0x2508, 0x1D2A, 0x2529, 0x3081, 0x3CA1, 0x30A3, 0x34C1, 0x3CC1, 0x4122, 0x34C3, 0x2CC3, 0x2CC4, 0x30E4, 0x34E5, 0x3CE3, 0x3105, 
    0x4123, 0x48E1, 0x50E1, 0x4D21, 0x5541, 0x48E3, 0x50E2, 0x4923, 0x5523, 0x30E7, 0x30E6, 0x3506, 0x3905, 0x3547, 0x3106, 0x3526, 
    0x3127, 0x3527, 0x3547, 0x3927, 0x3947, 0x3529, 0x3129, 0x3149, 0x3549, 0x314A, 0x356A, 0x3D6A, 0x3949, 0x4568, 0x056A, 0x0D6B, 
    0x216B, 0x296B, 0x4D61, 0x59A1, 0x59E1, 0x4D83, 0x5983, 0x5A03, 0x5A41, 0x5A43, 0x5A84, 0x3569, 0x356A, 0x418A, 0x3D69, 0x3D8A, 
    0x4DA7, 0x55A6, 0x59E7, 0x49AA, 0x55A9, 0x4DEA, 0x55EA, 0x5A67, 0x5A87, 0x5A69, 0x5AAA, 0x010B, 0x054C, 0x054C, 0x0D4C, 0x194C, 
    0x254C, 0x316C, 0x058D, 0x018D, 0x058D, 0x0D8D, 0x05EE, 0x0DED, 0x05AF, 0x01AF, 0x05AF, 0x0DAF, 0x01EF, 0x01F0, 0x05F0, 0x0610, 
    0x0DF0, 0x1D8D, 0x298D, 0x21CE, 0x19AF, 0x25AE, 0x19F0, 0x25F0, 0x0630, 0x0A30, 0x01D1, 0x0612, 0x0212, 0x0612, 0x0E12, 0x1A11, 
    0x2612, 0x0252, 0x0632, 0x0253, 0x0653, 0x0673, 0x0E53, 0x0693, 0x0675, 0x0674, 0x0E74, 0x02B5, 0x0695, 0x02D6, 0x06D6, 0x0AB5, 
    0x1E52, 0x2A52, 0x318C, 0x358B, 0x3DAC, 0x3DAC, 0x41ED, 0x35AE, 0x39CE, 0x31EF, 0x3DEF, 0x45AC, 0x4DED, 0x49ED, 0x560D, 0x4A0F, 
    0x4E0F, 0x520F, 0x5A4C, 0x5AAC, 0x4E30, 0x5650, 0x5AAF, 0x3211, 0x4211, 0x3232, 0x4232, 0x4E52, 0x5672, 0x5672, 0x5AB2, 0x5AD5, 
    0x0000, 0x0400, 0x0020, 0x0420, 0x0001, 0x0401, 0x0021, 0x0421, 0x0C00, 0x0C20, 0x1020, 0x0C41, 0x1041, 0x0062, 0x0862, 0x1460, 
    0x0C62, 0x1061, 0x0023, 0x0843, 0x1043, 0x0C43, 0x0464, 0x0863, 0x1083, 0x0C63, 0x1063, 0x0C64, 0x1064, 0x0C85, 0x1085, 0x1841, 
    0x1C81, 0x1862, 0x2062, 0x2860, 0x2462, 0x2482, 0x2CA2, 0x1843, 0x1864, 0x1863, 0x2063, 0x1883, 0x2083, 0x1884, 0x20A4, 0x2483, 
    0x2483, 0x28A3, 0x24A4, 0x04C5, 0x10C5, 0x2CC1, 0x1CC4, 0x20C4, 0x28E5, 0x24C3, 0x2CC3, 0x24C4, 0x2CC4, 0x2CE5, 0x0086, 0x0486, 
    0x1087, 0x0C86, 0x10A6, 0x10A9, 0x18A6, 0x04C7, 0x04C7, 0x10C7, 0x14C6, 0x0528, 0x1128, 0x00EA, 0x0509, 0x1109, 0x054A, 0x012B, 
    0x052B, 0x112A, 0x1CE7, 0x18C6, 0x1CC6, 0x18C7, 0x18E8, 0x1CE8, 0x28E7, 0x24C6, 0x24E6, 0x2CE6, 0x2128, 0x2927, 0x2D28, 0x1D09, 
    0x2509, 0x1D2A, 0x294A, 0x34A1, 0x40A2, 0x30A3, 0x34C2, 0x40E2, 0x4522, 0x34E3, 0x30C3, 0x30C4, 0x30E5, 0x3505, 0x40E3, 0x3525, 
    0x4124, 0x4CE1, 0x5501, 0x4D21, 0x5941, 0x4D03, 0x5503, 0x4D23, 0x5943, 0x3107, 0x3106, 0x3506, 0x3D06, 0x3547, 0x3526, 0x3926, 
    0x3127, 0x3927, 0x3948, 0x3D47, 0x3D68, 0x3949, 0x3149, 0x3549, 0x3969, 0x356A, 0x396A, 0x3D6A, 0x3D69, 0x4968, 0x058B, 0x0D8B, 
    0x218B, 0x2D8B, 0x5181, 0x5DA1, 0x5E01, 0x4DA3, 0x5DA3, 0x5E03, 0x5E61, 0x5E64, 0x5EA4, 0x398A, 0x398B, 0x45AA, 0x3D89, 0x3D8B, 
    0x51A7, 0x59A7, 0x5A07, 0x4DAA, 0x55C9, 0x520A, 0x5A0A, 0x5E67, 0x5EA7, 0x5E8A, 0x5ECA, 0x010C, 0x054D, 0x056C, 0x114C, 0x194C, 
    0x296C, 0x356C, 0x05AD, 0x018E, 0x058E, 0x0DAD, 0x05EE, 0x0E0D, 0x05B0, 0x01CF, 0x05CF, 0x0DCF, 0x0210, 0x01F1, 0x05F1, 0x0631, 
    0x0DF0, 0x1D8D, 0x29AE, 0x25EE, 0x1DCF, 0x29AF, 0x1DF1, 0x2A10, 0x0651, 0x0E51, 0x01D2, 0x0613, 0x0232, 0x0632, 0x0E33, 0x1E12, 
    0x2A32, 0x0273, 0x0653, 0x0254, 0x0674, 0x0694, 0x0E74, 0x06B4, 0x0675, 0x0695, 0x0E95, 0x06D6, 0x06B6, 0x02F7, 0x06F7, 0x0ED6, 
    0x1E73, 0x2A73, 0x35AD, 0x398C, 0x41AC, 0x41AC, 0x45EE, 0x35CF, 0x3DCF, 0x35F0, 0x4210, 0x49CC, 0x4E0D, 0x4DEE, 0x5A2E, 0x4E30, 
    0x522F, 0x5630, 0x5E6D, 0x5ECD, 0x5251, 0x5A71, 0x5ED0, 0x3632, 0x4612, 0x3653, 0x4252, 0x5273, 0x5A73, 0x5A93, 0x5ED3, 0x5EF6, 
    0x0000, 0x0400, 0x0020, 0x0420, 0x0001, 0x0401, 0x0021, 0x0421, 0x0C00, 0x0C20, 0x1440, 0x0C41, 0x1041, 0x0062, 0x0862, 0x1460, 
    0x0C62, 0x1462, 0x0023, 0x0843, 0x1443, 0x0C43, 0x0484, 0x0863, 0x1083, 0x0C63, 0x1463, 0x0C64, 0x1084, 0x1085, 0x10A5, 0x1841, 
    0x2081, 0x1862, 0x2062, 0x2860, 0x2462, 0x2882, 0x2CA2, 0x1843, 0x1C64, 0x1863, 0x2063, 0x1C83, 0x2083, 0x18A4, 0x20A4, 0x2883, 
    0x28A3, 0x2CA3, 0x24A4, 0x04C5, 0x14C5, 0x2CC2, 0x1CC4, 0x20C5, 0x2905, 0x28C3, 0x2CC3, 0x28C5, 0x2CE5, 0x2D05, 0x00A7, 0x04A6, 
    0x1087, 0x0CA6, 0x10A6, 0x10A9, 0x18A6, 0x04E7, 0x04C8, 0x10E8, 0x14C6, 0x0528, 0x1148, 0x010A, 0x0509, 0x110A, 0x054B, 0x012B, 
    0x054B, 0x114B, 0x20E7, 0x18C6, 0x20E6, 0x18E8, 0x1D08, 0x2108, 0x2D07, 0x24E6, 0x2906, 0x2D06, 0x2128, 0x2D27, 0x2D28, 0x1D09, 
    0x2909, 0x1D4B, 0x294A, 0x34A1, 0x40A2, 0x34A3, 0x38C2, 0x44E2, 0x4942, 0x38E3, 0x30C3, 0x30E5, 0x3505, 0x3905, 0x4503, 0x3525, 
    0x4524, 0x5102, 0x5902, 0x5142, 0x5D62, 0x5103, 0x5903, 0x5143, 0x5D43, 0x3507, 0x3506, 0x3906, 0x4106, 0x3967, 0x3526, 0x3927, 
    0x3528, 0x3948, 0x3D68, 0x4147, 0x4168, 0x3949, 0x3549, 0x356A, 0x3969, 0x356B, 0x398B, 0x418B, 0x4169, 0x4D88, 0x058B, 0x0D8C, 
    0x218C, 0x2D8C, 0x5581, 0x61C1, 0x6221, 0x51A3, 0x61A3, 0x6223, 0x6281, 0x6284, 0x62C4, 0x398A, 0x3D8B, 0x45AB, 0x418A, 0x41AB, 
    0x55C8, 0x5DC7, 0x5E07, 0x51CB, 0x59CA, 0x520B, 0x5E2B, 0x6287, 0x62C8, 0x628A, 0x62EB, 0x010C, 0x056D, 0x056D, 0x116D, 0x1D6D, 
    0x296D, 0x358D, 0x05AE, 0x01AE, 0x05AE, 0x0DAE, 0x060F, 0x120E, 0x05D1, 0x01D0, 0x05D0, 0x0DD0, 0x0211, 0x0212, 0x0612, 0x0632, 
    0x0E11, 0x1DAE, 0x2DAE, 0x260F, 0x1DD0, 0x29D0, 0x1E11, 0x2A11, 0x0672, 0x0E72, 0x01F3, 0x0634, 0x0253, 0x0653, 0x0E53, 0x1E33, 
    0x2A33, 0x0294, 0x0674, 0x0275, 0x0675, 0x06B5, 0x0E95, 0x06D5, 0x0696, 0x06B6, 0x0E96, 0x06F7, 0x06D7, 0x0318, 0x0718, 0x0EF7, 
    0x1E74, 0x2A74, 0x35AE, 0x3DAC, 0x45CD, 0x41CD, 0x4A0E, 0x39F0, 0x41F0, 0x3611, 0x4611, 0x4DED, 0x520E, 0x4E0E, 0x5E4E, 0x5230, 
    0x5650, 0x5A50, 0x628D, 0x62ED, 0x5671, 0x5E91, 0x62F1, 0x3A53, 0x4A33, 0x3674, 0x4673, 0x5694, 0x5E93, 0x5EB3, 0x62F4, 0x6317, 
    0x0000, 0x0400, 0x0020, 0x0820, 0x0001, 0x0401, 0x0021, 0x0822, 0x0C00, 0x0C20, 0x1440, 0x0C41, 0x1442, 0x0062, 0x0862, 0x1461, 
    0x0C62, 0x1462, 0x0023, 0x0843, 0x1443, 0x0C43, 0x0485, 0x0863, 0x1084, 0x0C63, 0x1463, 0x0C85, 0x1485, 0x1085, 0x14A5, 0x1C41, 
    0x2081, 0x1C62, 0x2062, 0x2C80, 0x2882, 0x28A2, 0x2CA2, 0x1843, 0x1C85, 0x1C63, 0x2083, 0x1CA3, 0x20A3, 0x1CA5, 0x20A5, 0x2883, 
    0x28A3, 0x2CA3, 0x28A4, 0x04E5, 0x14C5, 0x2CC2, 0x1CC5, 0x20C5, 0x2905, 0x28C4, 0x30C4, 0x28C5, 0x30E5, 0x3105, 0x00A7, 0x04A6, 
    0x10A7, 0x10A6, 0x14A6, 0x10AA, 0x1CA6, 0x04E8, 0x04E8, 0x10E8, 0x14C7, 0x0549, 0x1149, 0x050B, 0x050A, 0x110A, 0x056B, 0x014C, 
    0x054C, 0x114B, 0x2107, 0x1CE7, 0x20E7, 0x1CE8, 0x1D08, 0x2108, 0x2D07, 0x28E6, 0x2907, 0x3106, 0x2549, 0x2D48, 0x3148, 0x210A, 
    0x292A, 0x1D4B, 0x2D4B, 0x38A1, 0x44A2, 0x34A3, 0x38C2, 0x44E2, 0x4D42, 0x38E3, 0x34E4, 0x34E5, 0x3505, 0x3D05, 0x4503, 0x3945, 
    0x4944, 0x5502, 0x5D22, 0x5542, 0x6162, 0x5103, 0x5D03, 0x5543, 0x6163, 0x3507, 0x3506, 0x3D27, 0x4126, 0x3968, 0x3947, 0x3D47, 
    0x3948, 0x3D48, 0x3D68, 0x4148, 0x4168, 0x3D4A, 0x354A, 0x396A, 0x3D8A, 0x398B, 0x3D8B, 0x458B, 0x418A, 0x5189, 0x05AC, 0x0DAC, 
    0x25AC, 0x31AC, 0x59A1, 0x65C2, 0x6621, 0x55C3, 0x65C3, 0x6643, 0x6681, 0x66A4, 0x66E4, 0x3DAB, 0x3DAC, 0x49CB, 0x45AA, 0x45AC, 
    0x59C8, 0x61C7, 0x6228, 0x51CB, 0x5DEA, 0x562B, 0x624B, 0x66A7, 0x66E8, 0x62AB, 0x670B, 0x012D, 0x056E, 0x056D, 0x116E, 0x1D6D, 
    0x2D8D, 0x398D, 0x05CE, 0x01AF, 0x05AF, 0x0DCF, 0x060F, 0x122F, 0x05D1, 0x01F1, 0x05F1, 0x0DF1, 0x0631, 0x0232, 0x0632, 0x0653, 
    0x0E32, 0x1DAF, 0x2DCF, 0x2A0F, 0x1DF1, 0x2DF0, 0x1E32, 0x2E32, 0x0693, 0x0E93, 0x01F4, 0x0655, 0x0254, 0x0654, 0x0E54, 0x1E54, 
    0x2A54, 0x02B5, 0x0694, 0x0296, 0x0696, 0x06B6, 0x0EB5, 0x06F6, 0x06B7, 0x06D7, 0x0EB7, 0x0718, 0x06F8, 0x0339, 0x0739, 0x0F18, 
    0x2295, 0x2E95, 0x39CE, 0x3DAD, 0x45EE, 0x45ED, 0x4A0F, 0x3DF0, 0x41F0, 0x3A11, 0x4A31, 0x51EE, 0x562E, 0x522F, 0x624F, 0x5651, 
    0x5A51, 0x5E51, 0x66AE, 0x670E, 0x5A92, 0x6292, 0x6711, 0x3A54, 0x4E54, 0x3A95, 0x4A94, 0x56B5, 0x62B4, 0x5EB4, 0x6715, 0x6738, 
    0x0000, 0x0400, 0x0020, 0x0820, 0x0001, 0x0401, 0x0022, 0x0842, 0x0C00, 0x0C20, 0x1440, 0x0C42, 0x1442, 0x0062, 0x0862, 0x1461, 
    0x1062, 0x1462, 0x0023, 0x0843, 0x1443, 0x0C43, 0x0485, 0x0863, 0x10A4, 0x0C64, 0x1483, 0x0C85, 0x1485, 0x10A5, 0x14A5, 0x1C41, 
    0x2081, 0x1C62, 0x2482, 0x2C80, 0x2882, 0x28A2, 0x30A2, 0x1843, 0x1C85, 0x1C83, 0x2483, 0x1CA4, 0x24A3, 0x1CA5, 0x24A5, 0x2C84, 
    0x28A3, 0x30A3, 0x28C5, 0x04E6, 0x14E6, 0x30C2, 0x20C5, 0x24E5, 0x2D05, 0x2CC4, 0x30E4, 0x2CE5, 0x30E5, 0x3105, 0x00A7, 0x08A7, 
    0x10A7, 0x10A7, 0x14A7, 0x14CA, 0x1CC7, 0x04E8, 0x08E8, 0x10E8, 0x14E7, 0x0549, 0x1149, 0x050B, 0x092A, 0x112B, 0x056B, 0x014C, 
    0x094C, 0x114C, 0x2108, 0x1CE7, 0x20E7, 0x1CE8, 0x1D09, 0x2109, 0x3108, 0x28E7, 0x2907, 0x3107, 0x2549, 0x2D48, 0x3149, 0x212A, 
    0x292A, 0x214B, 0x2D6B, 0x38A1, 0x48C2, 0x38C3, 0x3CE2, 0x48E2, 0x4D42, 0x3D04, 0x38E4, 0x38E5, 0x3905, 0x3D25, 0x4904, 0x3D45, 
    0x4D44, 0x5502, 0x6122, 0x5962, 0x6582, 0x5523, 0x6123, 0x5944, 0x6563, 0x3928, 0x3927, 0x3D27, 0x4526, 0x3D88, 0x3947, 0x3D47, 
    0x3948, 0x3D68, 0x4189, 0x4568, 0x4589, 0x3D6A, 0x396A, 0x398A, 0x418A, 0x398C, 0x3D8C, 0x458C, 0x458A, 0x5189, 0x05AC, 0x0DAC, 
    0x25AC, 0x31AC, 0x5DA2, 0x69E2, 0x6A41, 0x59C3, 0x69C4, 0x6A44, 0x6AA1, 0x6AA4, 0x6B04, 0x3DAB, 0x41CC, 0x4DCC, 0x45CB, 0x45CC, 
    0x5DE8, 0x65E8, 0x6648, 0x55EC, 0x61EB, 0x5A4C, 0x664C, 0x6AC8, 0x6B08, 0x66CB, 0x6B2C, 0x012D, 0x056E, 0x098E, 0x118E, 0x1D8E, 
    0x2D8E, 0x398E, 0x05EF, 0x01D0, 0x05D0, 0x11CF, 0x0630, 0x124F, 0x05F2, 0x0211, 0x0A11, 0x0DF1, 0x0652, 0x0233, 0x0633, 0x0A73, 
    0x0E32, 0x21CF, 0x2DCF, 0x2A30, 0x2211, 0x2DF1, 0x2233, 0x2E52, 0x0693, 0x0E93, 0x0214, 0x0675, 0x0275, 0x0A75, 0x1275, 0x2254, 
    0x2E75, 0x02B6, 0x0AB5, 0x02B6, 0x0AB6, 0x0AD7, 0x0ED6, 0x0717, 0x06D8, 0x0AF8, 0x0ED8, 0x0719, 0x0B18, 0x035A, 0x075A, 0x0F39, 
    0x22B6, 0x2EB6, 0x3DCF, 0x41CD, 0x49EE, 0x49EE, 0x4E2F, 0x3E11, 0x4611, 0x3E32, 0x4A52, 0x560E, 0x5A4F, 0x5630, 0x6670, 0x5A72, 
    0x5E71, 0x6272, 0x6ACF, 0x6B2E, 0x5E93, 0x66B3, 0x6B32, 0x3E75, 0x4E74, 0x3A95, 0x4AB5, 0x5AD5, 0x66D5, 0x62D5, 0x6B36, 0x6B59, 
    0x0000, 0x0400, 0x0020, 0x0820, 0x0001, 0x0401, 0x0022, 0x0842, 0x0C00, 0x0C20, 0x1440, 0x1042, 0x1442, 0x0062, 0x0862, 0x1861, 
    0x1062, 0x1462, 0x0023, 0x0843, 0x1443, 0x0C43, 0x0485, 0x0864, 0x14A4, 0x0C84, 0x1483, 0x1085, 0x1485, 0x10A5, 0x14A6, 0x1C41, 
    0x2481, 0x1C82, 0x2482, 0x3080, 0x2882, 0x2CA2, 0x30A2, 0x1C43, 0x2085, 0x1C83, 0x2483, 0x1CA4, 0x24A4, 0x1CA5, 0x24C5, 0x2CA4, 
    0x2CA3, 0x30C4, 0x2CC5, 0x04E6, 0x14E6, 0x30E2, 0x20E5, 0x24E5, 0x2D06, 0x2CE4, 0x34E4, 0x2CE5, 0x34E5, 0x3505, 0x00A7, 0x08A7, 
    0x10A8, 0x10A7, 0x14A7, 0x14CA, 0x1CC7, 0x0508, 0x08E9, 0x14E9, 0x18E7, 0x0549, 0x1169, 0x052B, 0x092B, 0x112B, 0x056C, 0x016D, 
    0x096D, 0x156C, 0x2508, 0x1CE7, 0x24E7, 0x1CE9, 0x1D29, 0x2529, 0x3128, 0x2D07, 0x2D27, 0x3527, 0x2549, 0x3148, 0x3549, 0x212B, 
    0x2D2A, 0x216C, 0x316B, 0x3CA1, 0x48C2, 0x38C3, 0x3CE2, 0x4D02, 0x5162, 0x4104, 0x38E4, 0x38E5, 0x3926, 0x4126, 0x4D24, 0x3D46, 
    0x4D64, 0x5922, 0x6522, 0x5D62, 0x6982, 0x5923, 0x6523, 0x5964, 0x6983, 0x3928, 0x3927, 0x4127, 0x4927, 0x4188, 0x3D47, 0x4167, 
    0x3D69, 0x4169, 0x4189, 0x4968, 0x4989, 0x416B, 0x396B, 0x3D8B, 0x41AB, 0x3DAC, 0x41AC, 0x49AC, 0x49AB, 0x55A9, 0x05CD, 0x11CD, 
    0x25CD, 0x35CD, 0x61C2, 0x6DE2, 0x6E61, 0x5DE4, 0x6DE4, 0x6E64, 0x6EC1, 0x6EC4, 0x6F24, 0x41CB, 0x41CD, 0x4DEC, 0x49CB, 0x49CD, 
    0x5DE9, 0x69E8, 0x6A48, 0x59EC, 0x660B, 0x5E4C, 0x6A6C, 0x6EE8, 0x6F28, 0x6AEC, 0x6F4C, 0x012E, 0x058F, 0x098E, 0x118F, 0x218E, 
    0x2DAE, 0x3DAE, 0x05F0, 0x01D0, 0x05D0, 0x11F0, 0x0651, 0x1250, 0x0613, 0x0212, 0x0A12, 0x0E12, 0x0653, 0x0254, 0x0654, 0x0A94, 
    0x1253, 0x21D0, 0x31F0, 0x2A51, 0x2212, 0x3212, 0x2254, 0x2E53, 0x06B4, 0x0EB4, 0x0235, 0x0676, 0x0295, 0x0A96, 0x1296, 0x2275, 
    0x2E95, 0x02D7, 0x0AB6, 0x02D7, 0x0AD7, 0x0AF8, 0x12D7, 0x0738, 0x06F9, 0x0AF9, 0x0EF9, 0x073A, 0x0B39, 0x037B, 0x077B, 0x0F5A, 
    0x22D6, 0x32D6, 0x3DEF, 0x41CE, 0x4E0F, 0x4A0E, 0x5250, 0x4212, 0x4A32, 0x3E53, 0x4E53, 0x560F, 0x5E50, 0x5A50, 0x6A90, 0x5A73, 
    0x5E92, 0x6692, 0x6ECF, 0x6F4F, 0x62B3, 0x6AD4, 0x6F53, 0x3E95, 0x5275, 0x3EB6, 0x4EB6, 0x5ED6, 0x6AF6, 0x66F6, 0x6F56, 0x6F7A, 
    0x0000, 0x0800, 0x0020, 0x0820, 0x0001, 0x0401, 0x0022, 0x0842, 0x1000, 0x1040, 0x1440, 0x1042, 0x1442, 0x0082, 0x0862, 0x1861, 
    0x1062, 0x1862, 0x0044, 0x0843, 0x1443, 0x0C43, 0x0485, 0x0864, 0x14A4, 0x1084, 0x1884, 0x1085, 0x1485, 0x10A6, 0x14A6, 0x1C41, 
    0x24A2, 0x1C82, 0x2482, 0x3081, 0x2C82, 0x2CA2, 0x34C2, 0x1C43, 0x2085, 0x1C83, 0x2483, 0x20A4, 0x24A4, 0x1CC5, 0x24C5, 0x30A4, 
    0x2CC4, 0x34C4, 0x2CC5, 0x04E6, 0x14E6, 0x34E2, 0x20E5, 0x24E6, 0x3126, 0x2CE4, 0x34E4, 0x2CE5, 0x3505, 0x3526, 0x00C8, 0x08C7, 
    0x10A8, 0x10A7, 0x14C7, 0x14CB, 0x1CC7, 0x0509, 0x08E9, 0x1509, 0x18E7, 0x056A, 0x156A, 0x052C, 0x092B, 0x152B, 0x058C, 0x016D, 
    0x096D, 0x156D, 0x2528, 0x1CE8, 0x2507, 0x1D09, 0x2129, 0x2529, 0x3128, 0x2D07, 0x2D27, 0x3527, 0x296A, 0x3169, 0x3569, 0x212B, 
    0x2D4B, 0x216C, 0x318C, 0x3CC2, 0x4CC2, 0x3CC4, 0x40E2, 0x5102, 0x5562, 0x4104, 0x3D04, 0x3D05, 0x3D26, 0x4126, 0x4D24, 0x4166, 
    0x5164, 0x5D22, 0x6942, 0x6182, 0x6D82, 0x5D23, 0x6923, 0x5D64, 0x6D83, 0x3D28, 0x3D27, 0x4147, 0x4947, 0x41A9, 0x3D68, 0x4168, 
    0x3D69, 0x4569, 0x45A9, 0x4989, 0x49A9, 0x418B, 0x3D8B, 0x3DAB, 0x45AB, 0x3DAD, 0x41AD, 0x4DAC, 0x49AB, 0x59AA, 0x05CD, 0x11CD, 
    0x29CD, 0x35CD, 0x65C2, 0x7202, 0x7282, 0x61E4, 0x6DE4, 0x7284, 0x72E1, 0x72E4, 0x7345, 0x41CC, 0x45ED, 0x520D, 0x4DEB, 0x4DED, 
    0x6209, 0x6E08, 0x6E68, 0x5E0C, 0x6A2C, 0x626D, 0x6E8D, 0x7308, 0x7349, 0x6F0C, 0x734C, 0x014E, 0x058F, 0x09AF, 0x11AF, 0x21AF, 
    0x31AF, 0x3DAF, 0x0610, 0x01F1, 0x09F1, 0x11F0, 0x0A51, 0x1270, 0x0613, 0x0233, 0x0A33, 0x1213, 0x0674, 0x0274, 0x0A74, 0x0A95, 
    0x1274, 0x21F0, 0x31F0, 0x2E51, 0x2233, 0x3212, 0x2274, 0x3274, 0x06D5, 0x0ED5, 0x0236, 0x0697, 0x02B6, 0x0AB6, 0x12B6, 0x2296, 
    0x3296, 0x02F7, 0x0AD7, 0x02D8, 0x0AD8, 0x0B19, 0x12F8, 0x0759, 0x071A, 0x0B1A, 0x131A, 0x075B, 0x0B5A, 0x039C, 0x079C, 0x0F7A, 
    0x26F7, 0x32F7, 0x4210, 0x45EE, 0x520F, 0x4E0F, 0x5251, 0x4232, 0x4A32, 0x4253, 0x5273, 0x5A2F, 0x6270, 0x5A71, 0x6A91, 0x5E93, 
    0x6293, 0x6AB3, 0x6EF0, 0x736F, 0x62D4, 0x6EF4, 0x7373, 0x4296, 0x5696, 0x3ED7, 0x52D6, 0x62F7, 0x6F16, 0x6B16, 0x7377, 0x739B, 
    0x0000, 0x0800, 0x0020, 0x0820, 0x0001, 0x0401, 0x0022, 0x0842, 0x1000, 0x1040, 0x1840, 0x1042, 0x1442, 0x0082, 0x0862, 0x1881, 
    0x1062, 0x1862, 0x0044, 0x0844, 0x1844, 0x0C44, 0x0485, 0x0864, 0x14A4, 0x1084, 0x1884, 0x1085, 0x1485, 0x10A6, 0x14C6, 0x2041, 
    0x24A2, 0x2082, 0x2882, 0x3081, 0x2C82, 0x30A2, 0x34C2, 0x1C43, 0x2085, 0x2084, 0x2883, 0x20A4, 0x28A4, 0x20C5, 0x28C5, 0x30A4, 
    0x30C4, 0x34C4, 0x2CC5, 0x0506, 0x18E6, 0x34E2, 0x24E5, 0x28E6, 0x3126, 0x30E4, 0x38E4, 0x30E6, 0x3906, 0x3926, 0x00C8, 0x08C7, 
    0x14A8, 0x10C7, 0x14C7, 0x14CB, 0x20C7, 0x0509, 0x0909, 0x1509, 0x18E8, 0x056A, 0x158A, 0x052C, 0x094B, 0x154C, 0x058D, 0x016E, 
    0x098E, 0x158D, 0x2528, 0x2108, 0x2508, 0x2109, 0x212A, 0x252A, 0x3529, 0x2D07, 0x3128, 0x3927, 0x296A, 0x3569, 0x396A, 0x254B, 
    0x314B, 0x258D, 0x358C, 0x40C2, 0x50C2, 0x3CC4, 0x44E2, 0x5102, 0x5982, 0x4504, 0x3D04, 0x3D06, 0x3D26, 0x4546, 0x5124, 0x4166, 
    0x5565, 0x6122, 0x6D42, 0x6182, 0x71A2, 0x6144, 0x6D43, 0x6184, 0x71A3, 0x3D49, 0x3D47, 0x4548, 0x4D47, 0x45A9, 0x4168, 0x4568, 
    0x4169, 0x4589, 0x49AA, 0x4D89, 0x4DAA, 0x458B, 0x3D8B, 0x41AC, 0x45AB, 0x41CD, 0x45CD, 0x4DCD, 0x4DCB, 0x5DCA, 0x05EE, 0x11EE, 
    0x29EE, 0x35EE, 0x69E2, 0x7602, 0x7682, 0x6204, 0x7204, 0x7684, 0x7701, 0x7705, 0x7765, 0x45EC, 0x49ED, 0x560D, 0x4DEC, 0x4E0E, 
    0x6609, 0x7209, 0x7289, 0x622D, 0x6E2C, 0x668D, 0x728D, 0x7709, 0x7769, 0x732D, 0x776D, 0x014F, 0x05B0, 0x09B0, 0x15B0, 0x21AF, 
    0x31CF, 0x41CF, 0x0611, 0x01F1, 0x09F1, 0x1211, 0x0A72, 0x1291, 0x0634, 0x0233, 0x0A33, 0x1233, 0x0694, 0x0275, 0x0A75, 0x0AB6, 
    0x1275, 0x25F1, 0x3611, 0x2E72, 0x2633, 0x3233, 0x2275, 0x3294, 0x06F6, 0x0EF6, 0x0257, 0x06B8, 0x02B7, 0x0AB7, 0x12B7, 0x2297, 
    0x32B7, 0x0318, 0x0AF8, 0x02F9, 0x0AF9, 0x0B39, 0x1319, 0x0779, 0x071B, 0x0B3B, 0x133B, 0x077C, 0x0B7B, 0x03BD, 0x07BD, 0x0F9B, 
    0x26F8, 0x36F8, 0x4210, 0x49EF, 0x5230, 0x522F, 0x5671, 0x4653, 0x4E53, 0x4274, 0x5294, 0x5E50, 0x6291, 0x5E71, 0x6EB1, 0x62B4, 
    0x66B3, 0x6EB4, 0x7310, 0x7790, 0x66F5, 0x7315, 0x7794, 0x42B7, 0x5AB7, 0x42F8, 0x56F7, 0x6718, 0x7317, 0x6F37, 0x7798, 0x77BC, 
    0x0000, 0x0800, 0x0020, 0x0820, 0x0001, 0x0801, 0x0042, 0x0842, 0x1000, 0x1040, 0x1840, 0x1042, 0x1842, 0x0082, 0x0862, 0x1881, 
    0x1062, 0x1882, 0x0044, 0x0844, 0x1844, 0x1044, 0x08A6, 0x0864, 0x14A4, 0x1084, 0x1884, 0x1086, 0x1886, 0x10A6, 0x18C6, 0x2041, 
    0x28A2, 0x2082, 0x2882, 0x3481, 0x3082, 0x30C2, 0x38C2, 0x1C43, 0x2086, 0x2084, 0x2884, 0x20C4, 0x28C4, 0x20C6, 0x28C6, 0x30A4, 
    0x30C4, 0x38C4, 0x30C5, 0x0506, 0x1906, 0x38E2, 0x24E6, 0x2906, 0x3126, 0x30E4, 0x3904, 0x3106, 0x3906, 0x3926, 0x00C8, 0x08C8, 
    0x14C9, 0x10C8, 0x18C8, 0x14CB, 0x20C8, 0x0509, 0x090A, 0x150A, 0x1908, 0x056A, 0x158A, 0x054D, 0x094C, 0x154C, 0x05AD, 0x018E, 
    0x098E, 0x158E, 0x2929, 0x2108, 0x2908, 0x210A, 0x214A, 0x294A, 0x3549, 0x3108, 0x3148, 0x3948, 0x296A, 0x3569, 0x398A, 0x254C, 
    0x314C, 0x258D, 0x35AD, 0x40C2, 0x50C2, 0x40C4, 0x4502, 0x5522, 0x5982, 0x4524, 0x4104, 0x4106, 0x4146, 0x4946, 0x5544, 0x4566, 
    0x5585, 0x6542, 0x7142, 0x6582, 0x75A2, 0x6144, 0x6D43, 0x6584, 0x71A4, 0x4149, 0x4148, 0x4548, 0x4D47, 0x45A9, 0x4168, 0x4988, 
    0x418A, 0x498A, 0x49CA, 0x51A9, 0x4DCA, 0x498C, 0x418C, 0x41CC, 0x49CC, 0x41CE, 0x49CE, 0x51CD, 0x4DCC, 0x5DCA, 0x09EE, 0x11EE, 
    0x29EE, 0x39EE, 0x69E2, 0x7A22, 0x7AA2, 0x6604, 0x7604, 0x7AA4, 0x7B01, 0x7B25, 0x7B65, 0x49ED, 0x4A0E, 0x5A2E, 0x520C, 0x520E, 
    0x6A2A, 0x7629, 0x7689, 0x622D, 0x724C, 0x668D, 0x76AD, 0x7B29, 0x7B89, 0x774D, 0x7B8D, 0x014F, 0x05B0, 0x09D0, 0x15B0, 0x21B0, 
    0x35D0, 0x41D0, 0x0631, 0x0212, 0x0A12, 0x1211, 0x0A92, 0x1291, 0x0635, 0x0254, 0x0A54, 0x1254, 0x0695, 0x0296, 0x0A96, 0x0AD6, 
    0x1295, 0x2611, 0x3612, 0x2E72, 0x2654, 0x3634, 0x2696, 0x3695, 0x0716, 0x0EF6, 0x0257, 0x06B9, 0x02D8, 0x0AD8, 0x12D8, 0x26B8, 
    0x32D8, 0x0339, 0x0B18, 0x031A, 0x0B1A, 0x0B5A, 0x133A, 0x077A, 0x073C, 0x0B5C, 0x135C, 0x079D, 0x0B9C, 0x03DE, 0x0BDE, 0x0FBC, 
    0x2719, 0x3719, 0x4631, 0x4A0F, 0x5630, 0x5250, 0x5A92, 0x4654, 0x4E53, 0x4695, 0x5695, 0x6250, 0x6691, 0x6292, 0x72D2, 0x66D5, 
    0x6AD4, 0x72D4, 0x7731, 0x7BB1, 0x6AF6, 0x7716, 0x7BB5, 0x46D8, 0x5AB7, 0x4319, 0x5718, 0x6B39, 0x7738, 0x7358, 0x7B99, 0x7BDC, 
    0x0000, 0x0800, 0x0441, 0x0840, 0x0002, 0x0822, 0x0042, 0x0842, 0x1000, 0x1040, 0x1840, 0x1042, 0x1862, 0x0083, 0x0C83, 0x1881, 
    0x1082, 0x1882, 0x0044, 0x0844, 0x1864, 0x1064, 0x08A6, 0x0C84, 0x14C5, 0x1084, 0x1884, 0x10A6, 0x18A6, 0x14C6, 0x18C6, 0x2041, 
    0x28A2, 0x2082, 0x2882, 0x34A1, 0x30A2, 0x30C3, 0x38C2, 0x2064, 0x24A6, 0x2084, 0x28A4, 0x24C4, 0x28C4, 0x20C6, 0x28C6, 0x34A4, 
    0x34C4, 0x38E4, 0x30E6, 0x0507, 0x1907, 0x3902, 0x2506, 0x2D06, 0x3546, 0x3505, 0x3D05, 0x3506, 0x3D26, 0x3D46, 0x04C9, 0x08C8, 
    0x14C9, 0x14C8, 0x18C8, 0x18EC, 0x20E8, 0x052A, 0x090A, 0x152A, 0x1D08, 0x098B, 0x158B, 0x054D, 0x094C, 0x154D, 0x09AE, 0x018F, 
    0x098F, 0x15AE, 0x2949, 0x2108, 0x2928, 0x212A, 0x254A, 0x294A, 0x3949, 0x3128, 0x3548, 0x3D48, 0x2D8B, 0x398A, 0x3D8A, 0x254C, 
    0x316C, 0x25AE, 0x35AD, 0x44C2, 0x54E2, 0x44E4, 0x4902, 0x5922, 0x5DA3, 0x4924, 0x4105, 0x4126, 0x4146, 0x4967, 0x5944, 0x4587, 
    0x5985, 0x6942, 0x7562, 0x69A2, 0x79C2, 0x6544, 0x7164, 0x6984, 0x75A4, 0x4549, 0x4568, 0x4968, 0x5168, 0x49CA, 0x4588, 0x4989, 
    0x458A, 0x49AA, 0x4DCA, 0x51AA, 0x51CB, 0x49AC, 0x41AC, 0x45CD, 0x4DCC, 0x45EE, 0x49EE, 0x55EE, 0x51EC, 0x61EB, 0x0A0F, 0x120F, 
    0x2E0F, 0x3A0F, 0x6E02, 0x7E42, 0x7EC2, 0x6A24, 0x7A24, 0x7EC4, 0x7F21, 0x7F25, 0x7F85, 0x4A0D, 0x4E0E, 0x5A2E, 0x560D, 0x562F, 
    0x6E4A, 0x7A49, 0x7AA9, 0x664E, 0x764D, 0x6AAE, 0x7ACE, 0x7F49, 0x7FAA, 0x7B4D, 0x7FAE, 0x0170, 0x05D1, 0x09D1, 0x15D1, 0x25D0, 
    0x35F1, 0x45F0, 0x0632, 0x0233, 0x0A13, 0x1232, 0x0A93, 0x16B2, 0x0655, 0x0275, 0x0A75, 0x1255, 0x06B6, 0x02B7, 0x0AB7, 0x0AD7, 
    0x12B6, 0x2632, 0x3A32, 0x3293, 0x2675, 0x3654, 0x26B6, 0x36B6, 0x0717, 0x1317, 0x0678, 0x0AD9, 0x02F9, 0x0AF9, 0x12F9, 0x26D8, 
    0x36D9, 0x075A, 0x0B39, 0x033B, 0x0B3B, 0x0B7B, 0x135B, 0x0B9B, 0x075D, 0x0B7D, 0x135D, 0x07BE, 0x0BBD, 0x07FF, 0x0BFF, 0x13DD, 
    0x2B3A, 0x3B3A, 0x4632, 0x4E30, 0x5A51, 0x5651, 0x5E92, 0x4A74, 0x5274, 0x4695, 0x5AB6, 0x6671, 0x6AB2, 0x66B3, 0x76F3, 0x6AD5, 
    0x6EF5, 0x76F5, 0x7B51, 0x7FD1, 0x6F16, 0x7B37, 0x7FD6, 0x4AF9, 0x5ED8, 0x4719, 0x5B39, 0x6F5A, 0x7B59, 0x7779, 0x7FBA, 0x7FFD, 
    0x0421, 0x0C21, 0x0441, 0x0C41, 0x0422, 0x0C22, 0x0463, 0x0C63, 0x1421, 0x1461, 0x1C61, 0x1463, 0x1C63, 0x04A3, 0x0C83, 0x1CA2, 
    0x1483, 0x1CA3, 0x0465, 0x0C65, 0x1C65, 0x1465, 0x0CC7, 0x0C85, 0x18C5, 0x14A5, 0x1CA5, 0x14A7, 0x1CA7, 0x14C7, 0x1CE7, 0x2462, 
    0x2CC3, 0x24A3, 0x2CA3, 0x38A2, 0x34A3, 0x34E3, 0x3CE3, 0x2064, 0x24A7, 0x24A5, 0x2CA5, 0x24E5, 0x2CE5, 0x24E7, 0x2CE7, 0x34C5, 
    0x34E5, 0x3CE5, 0x34E6, 0x0927, 0x1D27, 0x3D03, 0x2907, 0x2D27, 0x3547, 0x3505, 0x3D25, 0x3527, 0x3D27, 0x3D47, 0x04E9, 0x0CE9, 
    0x18EA, 0x14E9, 0x1CE9, 0x18EC, 0x24E9, 0x092A, 0x0D2B, 0x192B, 0x1D29, 0x098B, 0x19AB, 0x096E, 0x0D6D, 0x196D, 0x09CE, 0x05AF, 
    0x0DAF, 0x19AF, 0x2D4A, 0x2529, 0x2D29, 0x252B, 0x256B, 0x2D6B, 0x396A, 0x3529, 0x3569, 0x3D69, 0x2D8B, 0x398A, 0x3DAB, 0x296D, 
    0x356D, 0x29AE, 0x39CE, 0x44E3, 0x54E3, 0x44E5, 0x4923, 0x5943, 0x5DA3, 0x4945, 0x4525, 0x4527, 0x4567, 0x4D67, 0x5965, 0x4987, 
    0x59A6, 0x6963, 0x7563, 0x69A3, 0x79C3, 0x6565, 0x7164, 0x69A5, 0x75C5, 0x456A, 0x4569, 0x4969, 0x5168, 0x49CA, 0x4589, 0x4DA9, 
    0x45AB, 0x4DAB, 0x4DEB, 0x55CA, 0x51EB, 0x4DAD, 0x45AD, 0x45ED, 0x4DED, 0x45EF, 0x4DEF, 0x55EE, 0x51ED, 0x61EB, 0x0E0F, 0x160F, 
    0x2E0F, 0x3E0F, 0x6E03, 0x7E43, 0x7EC3, 0x6A25, 0x7A25, 0x7EC5, 0x7F22, 0x7F46, 0x7F86, 0x4E0E, 0x4E2F, 0x5E4F, 0x562D, 0x562F, 
    0x6E4B, 0x7A4A, 0x7AAA, 0x664E, 0x766D, 0x6AAE, 0x7ACE, 0x7F4A, 0x7FAA, 0x7B6E, 0x7FAE, 0x0570, 0x09D1, 0x0DF1, 0x19D1, 0x25D1, 
    0x39F1, 0x45F1, 0x0A52, 0x0633, 0x0E33, 0x1632, 0x0EB3, 0x16B2, 0x0A56, 0x0675, 0x0E75, 0x1675, 0x0AB6, 0x06B7, 0x0EB7, 0x0EF7, 
    0x16B6, 0x2A32, 0x3A33, 0x3293, 0x2A75, 0x3A55, 0x2AB7, 0x3AB6, 0x0B37, 0x1317, 0x0678, 0x0ADA, 0x06F9, 0x0EF9, 0x16F9, 0x2AD9, 
    0x36F9, 0x075A, 0x0F39, 0x073B, 0x0F3B, 0x0F7B, 0x175B, 0x0B9B, 0x0B5D, 0x0F7D, 0x177D, 0x0BBE, 0x0FBD, 0x07FF, 0x0FFF, 0x13DD, 
    0x2B3A, 0x3B3A, 0x4A52, 0x4E30, 0x5A51, 0x5671, 0x5EB3, 0x4A75, 0x5274, 0x4AB6, 0x5AB6, 0x6671, 0x6AB2, 0x66B3, 0x76F3, 0x6AF6, 
    0x6EF5, 0x76F5, 0x7B52, 0x7FD2, 0x6F17, 0x7B37, 0x7FD6, 0x4AF9, 0x5ED8, 0x473A, 0x5B39, 0x6F5A, 0x7B59, 0x7779, 0x7FBA, 0x7FFD, 
    0x0842, 0x1042, 0x0862, 0x1062, 0x0843, 0x0C43, 0x0864, 0x1084, 0x1842, 0x1882, 0x2082, 0x1884, 0x1C84, 0x08C4, 0x10A4, 0x20C3, 
    0x18A4, 0x20A4, 0x0886, 0x1086, 0x2086, 0x1486, 0x0CC7, 0x10A6, 0x1CE6, 0x18C6, 0x20C6, 0x18C7, 0x1CC7, 0x18E8, 0x1D08, 0x2883, 
    0x2CE4, 0x28C4, 0x30C4, 0x38C3, 0x34C4, 0x38E4, 0x3D04, 0x2485, 0x28C7, 0x28C6, 0x30C5, 0x28E6, 0x30E6, 0x2907, 0x3107, 0x38E6, 
    0x3906, 0x3D06, 0x3507, 0x0D48, 0x2128, 0x3D24, 0x2D27, 0x3128, 0x3968, 0x3926, 0x4126, 0x3928, 0x4148, 0x4168, 0x090A, 0x1109, 
    0x1CEA, 0x1909, 0x1D09, 0x1D0D, 0x2909, 0x0D4B, 0x114B, 0x1D4B, 0x212A, 0x0DAC, 0x1DCC, 0x0D6E, 0x118D, 0x1D8E, 0x0DCF, 0x09B0, 
    0x11D0, 0x1DCF, 0x2D6A, 0x294A, 0x2D4A, 0x294B, 0x296C, 0x2D6C, 0x3D6B, 0x3549, 0x396A, 0x4169, 0x31AC, 0x3DAB, 0x41AC, 0x2D8D, 
    0x398D, 0x2DCF, 0x3DCE, 0x4904, 0x5904, 0x4506, 0x4D24, 0x5944, 0x61C4, 0x4D46, 0x4546, 0x4548, 0x4568, 0x4D88, 0x5966, 0x49A8, 
    0x5DA7, 0x6964, 0x7584, 0x69C4, 0x79E4, 0x6986, 0x7585, 0x69C6, 0x79E5, 0x458B, 0x4589, 0x4D8A, 0x5589, 0x4DEB, 0x49AA, 0x4DAA, 
    0x49AB, 0x4DCB, 0x51EC, 0x55CB, 0x55EC, 0x4DCD, 0x45CD, 0x49EE, 0x4DED, 0x4A0F, 0x4E0F, 0x560F, 0x560D, 0x660C, 0x0E30, 0x1A30, 
    0x3230, 0x3E30, 0x7224, 0x7E44, 0x7EC4, 0x6A46, 0x7A46, 0x7EC6, 0x7F43, 0x7F47, 0x7FA7, 0x4E2E, 0x522F, 0x5E4F, 0x562E, 0x5650, 
    0x6E4B, 0x7A4B, 0x7ACB, 0x6A6F, 0x766E, 0x6ECF, 0x7ACF, 0x7F4B, 0x7FAB, 0x7B6F, 0x7FAF, 0x0991, 0x0DF2, 0x11F2, 0x1DF2, 0x29F1, 
    0x3A11, 0x4A11, 0x0E53, 0x0A33, 0x1233, 0x1A53, 0x12B4, 0x1AD3, 0x0E76, 0x0A75, 0x1275, 0x1A75, 0x0ED6, 0x0AB7, 0x12B7, 0x12F8, 
    0x1AB7, 0x2E33, 0x3E53, 0x36B4, 0x2E75, 0x3A75, 0x2AB7, 0x3AD6, 0x0F38, 0x1738, 0x0A99, 0x0EFA, 0x0AF9, 0x12F9, 0x1AF9, 0x2AD9, 
    0x3AF9, 0x0B5A, 0x133A, 0x0B3B, 0x133B, 0x137B, 0x1B5B, 0x0FBB, 0x0F5D, 0x137D, 0x1B7D, 0x0FBE, 0x13BD, 0x0BFF, 0x0FFF, 0x17DD, 
    0x2F3A, 0x3F3A, 0x4A52, 0x5231, 0x5A72, 0x5A71, 0x5EB3, 0x4E95, 0x5695, 0x4AB6, 0x5AD6, 0x6692, 0x6AD3, 0x66B3, 0x76F3, 0x6AF6, 
    0x6EF5, 0x76F6, 0x7B52, 0x7FD2, 0x6F37, 0x7B57, 0x7FD6, 0x4AF9, 0x62F9, 0x4B3A, 0x5F39, 0x6F5A, 0x7B59, 0x7779, 0x7FDA, 0x7FFE, 
    0x0C63, 0x1463, 0x0C83, 0x1483, 0x0C64, 0x1064, 0x0C85, 0x14A5, 0x1C63, 0x1CA3, 0x20A3, 0x1CA5, 0x20A5, 0x0CE5, 0x14C5, 0x24C4, 
    0x1CC5, 0x20C5, 0x0CA7, 0x14A6, 0x20A6, 0x18A6, 0x10E8, 0x14C7, 0x2107, 0x1CE7, 0x20E7, 0x1CE8, 0x20E8, 0x1D09, 0x2109, 0x28A4, 
    0x3105, 0x28E5, 0x30E5, 0x3CE4, 0x38E5, 0x3905, 0x4125, 0x28A6, 0x2CE8, 0x28E6, 0x30E6, 0x2D07, 0x3107, 0x2908, 0x3128, 0x3907, 
    0x3907, 0x4127, 0x3928, 0x1149, 0x2149, 0x4145, 0x2D48, 0x3148, 0x3D89, 0x3947, 0x4147, 0x3948, 0x4168, 0x4189, 0x0D0B, 0x150A, 
    0x1D0B, 0x1D0A, 0x212A, 0x212E, 0x292A, 0x116C, 0x154C, 0x216C, 0x254A, 0x11CD, 0x21CD, 0x118F, 0x158E, 0x218E, 0x11EF, 0x0DD0, 
    0x15D0, 0x21D0, 0x318B, 0x294B, 0x316A, 0x296C, 0x2D8C, 0x318C, 0x3D8B, 0x396A, 0x398A, 0x418A, 0x35CD, 0x3DCC, 0x41CC, 0x2D8E, 
    0x39AE, 0x2DCF, 0x3DEF, 0x4925, 0x5925, 0x4927, 0x4D45, 0x5D65, 0x61C5, 0x4D67, 0x4967, 0x4968, 0x4989, 0x4D89, 0x5987, 0x4DC9, 
    0x5DC7, 0x6985, 0x75A5, 0x6DC5, 0x79E5, 0x6986, 0x7586, 0x69C7, 0x79E6, 0x498B, 0x498A, 0x4DAA, 0x55AA, 0x4E0C, 0x49CB, 0x4DCB, 
    0x49CC, 0x51CC, 0x520C, 0x55EC, 0x560C, 0x4DEE, 0x49EE, 0x4A0E, 0x520E, 0x4A10, 0x4E10, 0x5A0F, 0x560E, 0x660D, 0x1230, 0x1E30, 
    0x3630, 0x4230, 0x7225, 0x7E65, 0x7EE5, 0x6E47, 0x7A47, 0x7EE7, 0x7F44, 0x7F47, 0x7FA8, 0x4E2F, 0x5250, 0x5E70, 0x5A4E, 0x5A50, 
    0x6E6C, 0x7A6B, 0x7ACB, 0x6A6F, 0x768E, 0x6ED0, 0x7AF0, 0x7F6B, 0x7FAC, 0x7B6F, 0x7FAF, 0x0DB1, 0x11F2, 0x1612, 0x1E12, 0x2E12, 
    0x3E12, 0x4A12, 0x1273, 0x0E54, 0x1654, 0x1E53, 0x16B4, 0x1ED3, 0x1276, 0x0E96, 0x1696, 0x1E76, 0x12D7, 0x0ED7, 0x16D7, 0x16F8, 
    0x1ED7, 0x2E53, 0x3E53, 0x3AB4, 0x2E96, 0x3E75, 0x2ED7, 0x3ED7, 0x1338, 0x1B38, 0x0E99, 0x12FA, 0x0F19, 0x1719, 0x1F19, 0x2EF9, 
    0x3EF9, 0x0F5A, 0x173A, 0x0F3B, 0x173B, 0x177C, 0x1F5B, 0x13BC, 0x137D, 0x177D, 0x1F7D, 0x13BE, 0x17BD, 0x0FFF, 0x13FF, 0x1BDD, 
    0x335A, 0x3F5A, 0x4E73, 0x5251, 0x5E72, 0x5A72, 0x5EB4, 0x4E95, 0x5695, 0x4EB6, 0x5ED6, 0x6692, 0x6ED3, 0x66D4, 0x76F4, 0x6AF6, 
    0x6EF6, 0x7716, 0x7B53, 0x7FD2, 0x6F37, 0x7B57, 0x7FD6, 0x4EF9, 0x62F9, 0x4B3A, 0x5F39, 0x6F5A, 0x7B79, 0x7779, 0x7FDA, 0x7FFE, 
    0x1084, 0x1484, 0x10A4, 0x18A4, 0x1085, 0x1485, 0x10A6, 0x18C6, 0x1C84, 0x1CA4, 0x24C4, 0x20C6, 0x24C6, 0x10E6, 0x18E6, 0x28E5, 
    0x20E6, 0x24E6, 0x10A7, 0x18C7, 0x24C7, 0x1CC7, 0x1509, 0x18E8, 0x2528, 0x1D08, 0x2507, 0x2109, 0x2509, 0x2129, 0x252A, 0x2CC5, 
    0x3505, 0x2D06, 0x3506, 0x4104, 0x3906, 0x3D26, 0x4126, 0x2CC7, 0x3109, 0x2D07, 0x3507, 0x2D28, 0x3528, 0x2D29, 0x3549, 0x3D28, 
    0x3D27, 0x4148, 0x3D49, 0x156A, 0x256A, 0x4166, 0x3169, 0x3569, 0x3D8A, 0x3D68, 0x4568, 0x3D69, 0x4569, 0x4589, 0x112B, 0x192B, 
    0x212C, 0x212B, 0x252B, 0x254E, 0x2D4B, 0x158C, 0x196D, 0x256D, 0x296B, 0x15CD, 0x21ED, 0x15AF, 0x19AF, 0x21AF, 0x15F0, 0x11F1, 
    0x19F1, 0x25F0, 0x358C, 0x2D6B, 0x356B, 0x2D6D, 0x2DAD, 0x35AD, 0x41AC, 0x3D8B, 0x3DAB, 0x45AB, 0x35CD, 0x41CC, 0x45CD, 0x31AF, 
    0x3DAE, 0x31F0, 0x41EF, 0x4D25, 0x5946, 0x4947, 0x4D66, 0x5D86, 0x61E6, 0x5188, 0x4968, 0x4969, 0x49AA, 0x51AA, 0x5DA8, 0x4DCA, 
    0x5DE8, 0x69A6, 0x75A6, 0x6DE6, 0x7A06, 0x69A7, 0x75A7, 0x69E8, 0x7A07, 0x49AC, 0x49AB, 0x51AB, 0x59AB, 0x520C, 0x4DCB, 0x51EB, 
    0x4DED, 0x51ED, 0x520D, 0x59EC, 0x5A0D, 0x51EF, 0x49EF, 0x4E0F, 0x522F, 0x4E30, 0x5230, 0x5A30, 0x5A2F, 0x662D, 0x1651, 0x2251, 
    0x3651, 0x4651, 0x7246, 0x7E66, 0x7EE5, 0x6E68, 0x7E68, 0x7EE8, 0x7F45, 0x7F48, 0x7FA8, 0x524F, 0x5251, 0x5E70, 0x5A4F, 0x5A51, 
    0x6E6D, 0x7A6C, 0x7ACC, 0x6A70, 0x768F, 0x6ED0, 0x7AF0, 0x7F6C, 0x7FAC, 0x7B70, 0x7FD0, 0x11B2, 0x1613, 0x1A12, 0x2213, 0x3212, 
    0x3E32, 0x4E32, 0x1674, 0x1254, 0x1654, 0x2274, 0x16D5, 0x22D4, 0x1697, 0x1296, 0x1A96, 0x1E96, 0x16D7, 0x12D8, 0x16D8, 0x1B18, 
    0x22D7, 0x3254, 0x4274, 0x3AD5, 0x3296, 0x4296, 0x32D8, 0x3ED7, 0x1738, 0x1F38, 0x12B9, 0x16FA, 0x1319, 0x1B1A, 0x231A, 0x32F9, 
    0x3F19, 0x135B, 0x1B3A, 0x135B, 0x1B5B, 0x1B7C, 0x235B, 0x17BC, 0x177D, 0x1B7D, 0x1F7D, 0x17BE, 0x1BBD, 0x13FF, 0x17FF, 0x1FDE, 
    0x335A, 0x435A, 0x4E73, 0x5252, 0x5E93, 0x5A92, 0x62D4, 0x5296, 0x5AB6, 0x4ED7, 0x5ED7, 0x6693, 0x6ED4, 0x6AD4, 0x7B14, 0x6AF7, 
    0x6F16, 0x7716, 0x7F53, 0x7FD3, 0x7337, 0x7B58, 0x7FD7, 0x4F19, 0x62F9, 0x4F3A, 0x5F3A, 0x6F5A, 0x7B7A, 0x777A, 0x7FDA, 0x7FFE, 
    0x14A5, 0x18A5, 0x14C5, 0x1CC5, 0x14A6, 0x18A6, 0x14C6, 0x1CC7, 0x20A5, 0x20C5, 0x28E5, 0x20E6, 0x28E7, 0x1507, 0x1D07, 0x2906, 
    0x2107, 0x2907, 0x14C8, 0x1CE8, 0x28E8, 0x20E8, 0x192A, 0x1D08, 0x2549, 0x2109, 0x2908, 0x212A, 0x292A, 0x254A, 0x294A, 0x30E6, 
    0x3526, 0x3107, 0x3927, 0x4125, 0x3D27, 0x3D47, 0x4547, 0x2CE8, 0x312A, 0x3128, 0x3928, 0x3148, 0x3948, 0x314A, 0x394A, 0x4129, 
    0x3D48, 0x4548, 0x3D4A, 0x198A, 0x298A, 0x4567, 0x356A, 0x398A, 0x41AA, 0x4169, 0x4589, 0x418A, 0x458A, 0x45AA, 0x154C, 0x194C, 
    0x254C, 0x254C, 0x294C, 0x294F, 0x314C, 0x198D, 0x198D, 0x258D, 0x298C, 0x19EE, 0x25EE, 0x19B0, 0x19CF, 0x25D0, 0x1A10, 0x15F1, 
    0x19F1, 0x25F1, 0x35AC, 0x318C, 0x358C, 0x318D, 0x31AE, 0x35AE, 0x45AD, 0x3D8C, 0x3DAC, 0x45AC, 0x39EE, 0x41ED, 0x45EE, 0x35CF, 
    0x3DCF, 0x35F0, 0x4210, 0x4D46, 0x5D47, 0x4D48, 0x5187, 0x5D87, 0x61E7, 0x5189, 0x4D89, 0x4D8A, 0x4DAA, 0x51CA, 0x5DA9, 0x51EA, 
    0x61E9, 0x69A7, 0x75C7, 0x6E07, 0x7A27, 0x69C8, 0x75C8, 0x6DE8, 0x7A08, 0x4DCD, 0x4DCC, 0x51CC, 0x59CB, 0x522D, 0x4DEC, 0x51EC, 
    0x4DED, 0x520D, 0x562E, 0x5A0D, 0x5A2E, 0x520F, 0x4E0F, 0x4E2F, 0x562F, 0x4E31, 0x5231, 0x5A31, 0x5A2F, 0x662E, 0x1A51, 0x2251, 
    0x3A51, 0x4651, 0x7246, 0x7E87, 0x7EE6, 0x6E68, 0x7E68, 0x7EE8, 0x7F46, 0x7F49, 0x7FA9, 0x5250, 0x5671, 0x6271, 0x5A70, 0x5A71, 
    0x728D, 0x7A8D, 0x7AED, 0x6A91, 0x7690, 0x6EF1, 0x7AF1, 0x7F6D, 0x7FAD, 0x7B70, 0x7FD1, 0x15D2, 0x1A13, 0x1A33, 0x2633, 0x3233, 
    0x4233, 0x4E33, 0x1A94, 0x1675, 0x1A75, 0x2674, 0x1AD5, 0x26F4, 0x1A97, 0x16B6, 0x1AB6, 0x2296, 0x1AF7, 0x16D8, 0x1AD8, 0x1B18, 
    0x22D7, 0x3674, 0x4274, 0x3ED5, 0x36B6, 0x4296, 0x32D8, 0x42F7, 0x1B38, 0x2338, 0x16B9, 0x1B1A, 0x171A, 0x1B1A, 0x231A, 0x32F9, 
    0x431A, 0x175B, 0x1B5A, 0x175B, 0x1B5B, 0x1B7C, 0x237B, 0x1BBC, 0x1B7D, 0x1B9D, 0x237D, 0x1BBE, 0x1BBD, 0x17FF, 0x1BFF, 0x23DE, 
    0x375B, 0x435B, 0x5274, 0x5672, 0x5E93, 0x5E93, 0x62D4, 0x52B6, 0x5AB6, 0x52D7, 0x5EF7, 0x6AB3, 0x6EF4, 0x6AD5, 0x7B15, 0x6F17, 
    0x7316, 0x7717, 0x7F74, 0x7FD3, 0x7338, 0x7B58, 0x7FD7, 0x531A, 0x6319, 0x4F3A, 0x5F5A, 0x6F7A, 0x7B7A, 0x777A, 0x7FDB, 0x7FFE, 
    0x18C6, 0x1CC6, 0x18E6, 0x20E6, 0x18C7, 0x1CC7, 0x18E7, 0x20E8, 0x24C6, 0x24E6, 0x2D06, 0x2507, 0x2D08, 0x1928, 0x2128, 0x2D26, 
    0x2528, 0x2D28, 0x18E9, 0x2109, 0x2D09, 0x2509, 0x1D4B, 0x2129, 0x294A, 0x2529, 0x2D29, 0x254B, 0x2D4B, 0x294B, 0x2D6B, 0x3507, 
    0x3947, 0x3528, 0x3928, 0x4546, 0x4148, 0x4168, 0x4568, 0x3109, 0x354B, 0x3529, 0x3949, 0x3569, 0x3969, 0x316B, 0x396B, 0x4149, 
    0x4169, 0x4569, 0x416A, 0x1DAB, 0x2D8B, 0x4588, 0x358B, 0x398B, 0x41CB, 0x418A, 0x498A, 0x418B, 0x49AB, 0x49CB, 0x196D, 0x1D6C, 
    0x296D, 0x296C, 0x2D6C, 0x2970, 0x316C, 0x1DAE, 0x1DAE, 0x29AE, 0x2D8D, 0x1E0F, 0x2A0F, 0x19D1, 0x1DD0, 0x29D0, 0x1E31, 0x1A12, 
    0x1E12, 0x2A11, 0x39CD, 0x318D, 0x39AC, 0x31AE, 0x35CE, 0x39CE, 0x45CD, 0x41AC, 0x41CD, 0x49CC, 0x3E0F, 0x460E, 0x4A0E, 0x39D0, 
    0x41F0, 0x3611, 0x4611, 0x5167, 0x5D68, 0x4D69, 0x5188, 0x5DA8, 0x6608, 0x51A9, 0x4DAA, 0x4DAB, 0x4DCB, 0x55CB, 0x5DC9, 0x520B, 
    0x620A, 0x6DC8, 0x75E8, 0x6E08, 0x7A28, 0x69C9, 0x75C9, 0x6E09, 0x7A29, 0x4DCD, 0x4DCC, 0x55EC, 0x59EC, 0x522E, 0x520D, 0x560D, 
    0x4E0E, 0x560E, 0x562E, 0x5A0E, 0x5A2E, 0x5610, 0x4E10, 0x5230, 0x5650, 0x5251, 0x5651, 0x5E51, 0x5A50, 0x6A4F, 0x1E72, 0x2672, 
    0x3E72, 0x4A72, 0x7267, 0x7E88, 0x7EE7, 0x6E89, 0x7E89, 0x7F09, 0x7F47, 0x7F6A, 0x7FAA, 0x5671, 0x5672, 0x6291, 0x5E70, 0x5E72, 
    0x728E, 0x7A8D, 0x7AEE, 0x6A91, 0x76B0, 0x6EF1, 0x7B11, 0x7F6D, 0x7FAE, 0x7B71, 0x7FD1, 0x19F3, 0x1E34, 0x1E33, 0x2A33, 0x3633, 
    0x4653, 0x5253, 0x1E94, 0x1A75, 0x1E75, 0x2695, 0x1ED5, 0x2AF5, 0x1E97, 0x1AB7, 0x1EB7, 0x26B7, 0x1AF7, 0x1AF8, 0x1EF8, 0x1F19, 
    0x26F8, 0x3675, 0x4695, 0x42D5, 0x36B7, 0x46B6, 0x36F8, 0x46F8, 0x1F59, 0x2759, 0x1ABA, 0x1F1B, 0x1B1A, 0x1F1A, 0x271A, 0x371A, 
    0x431A, 0x1B7B, 0x1F5A, 0x1B5C, 0x1F5C, 0x1F7C, 0x277B, 0x1FBC, 0x1F7D, 0x1F9D, 0x277D, 0x1FDE, 0x1FBE, 0x1BFF, 0x1FFF, 0x27DE, 
    0x3B5B, 0x475B, 0x5294, 0x5673, 0x5EB3, 0x5EB3, 0x62D5, 0x56B6, 0x5AB6, 0x52D7, 0x62F7, 0x6AB3, 0x6EF4, 0x6AF5, 0x7B15, 0x6F17, 
    0x7317, 0x7717, 0x7F74, 0x7FD4, 0x7358, 0x7B58, 0x7FD7, 0x531A, 0x671A, 0x535B, 0x635A, 0x6F7B, 0x7B7A, 0x777A, 0x7FDB, 0x7FFE, 
    0x1CE7, 0x20E7, 0x1D07, 0x2107, 0x1CE8, 0x20E8, 0x1D08, 0x2108, 0x28E7, 0x2907, 0x3127, 0x2928, 0x2D28, 0x1D49, 0x2549, 0x3147, 
    0x2949, 0x3149, 0x1D0A, 0x252A, 0x312A, 0x292A, 0x216B, 0x254A, 0x2D6A, 0x294A, 0x314A, 0x294B, 0x2D4B, 0x296C, 0x2D8C, 0x3528, 
    0x3D68, 0x3549, 0x3D49, 0x4547, 0x4149, 0x4569, 0x4989, 0x352A, 0x394B, 0x354A, 0x3D4A, 0x396A, 0x3D6A, 0x358B, 0x3D8B, 0x456A, 
    0x458A, 0x498A, 0x418B, 0x21AC, 0x31AC, 0x49A9, 0x39AB, 0x3DAC, 0x45CC, 0x45AA, 0x49AA, 0x45AC, 0x49CC, 0x49CC, 0x1D8E, 0x218D, 
    0x2D6E, 0x298D, 0x2D8D, 0x2D90, 0x358D, 0x21CE, 0x21AF, 0x2DCF, 0x31AD, 0x220F, 0x2E2F, 0x1DF1, 0x21F0, 0x2DF1, 0x2232, 0x1E12, 
    0x2232, 0x2E32, 0x3DCE, 0x35AD, 0x3DCD, 0x35CF, 0x39EF, 0x3DEF, 0x49EE, 0x41CD, 0x45ED, 0x49ED, 0x3E0F, 0x4A0E, 0x4A0F, 0x39F0, 
    0x45F0, 0x3A32, 0x4631, 0x5188, 0x5D89, 0x518A, 0x55A9, 0x61C9, 0x6629, 0x55CA, 0x4DAA, 0x4DCC, 0x51EC, 0x55EC, 0x61EA, 0x520C, 
    0x620B, 0x6DE9, 0x75E9, 0x6E29, 0x7A49, 0x69EA, 0x75EA, 0x6E2A, 0x7A2A, 0x51EE, 0x51ED, 0x55ED, 0x5DED, 0x564E, 0x520D, 0x560E, 
    0x520F, 0x562F, 0x5A4F, 0x5E2E, 0x5E4F, 0x5630, 0x5230, 0x5251, 0x5650, 0x5252, 0x5652, 0x5E52, 0x5E50, 0x6A4F, 0x2272, 0x2A72, 
    0x3E72, 0x4A72, 0x7268, 0x7EA8, 0x7F08, 0x6E8A, 0x7E8A, 0x7F0A, 0x7F48, 0x7F6B, 0x7FAB, 0x5671, 0x5A72, 0x6292, 0x5E71, 0x5E92, 
    0x72AF, 0x7AAE, 0x7AEE, 0x6EB2, 0x76B1, 0x6EF2, 0x7B12, 0x7F6E, 0x7FAE, 0x7B71, 0x7FD2, 0x1DF3, 0x2254, 0x2254, 0x2E54, 0x3A54, 
    0x4654, 0x5254, 0x2295, 0x1E95, 0x2295, 0x2A95, 0x22F6, 0x2AF5, 0x22B8, 0x1EB7, 0x22B7, 0x2AB7, 0x1EF8, 0x1EF9, 0x22F9, 0x2319, 
    0x2AF8, 0x3A95, 0x4A95, 0x42F6, 0x3AB7, 0x46B7, 0x3AF8, 0x46F8, 0x2359, 0x2B59, 0x1EDA, 0x231B, 0x1F3A, 0x233A, 0x2B3A, 0x3B1A, 
    0x471A, 0x1F7B, 0x235A, 0x1F5C, 0x235C, 0x239C, 0x2B7C, 0x23BC, 0x237D, 0x239D, 0x2B7D, 0x23DE, 0x23BE, 0x1FFF, 0x23FF, 0x2BDE, 
    0x3B5B, 0x475B, 0x5295, 0x5A93, 0x62B4, 0x5EB4, 0x66F5, 0x56D7, 0x5ED7, 0x52F8, 0x62F8, 0x6AD4, 0x6EF5, 0x6AF5, 0x7B35, 0x6F17, 
    0x7337, 0x7737, 0x7F74, 0x7FD4, 0x7358, 0x7B78, 0x7FD8, 0x573A, 0x671A, 0x535B, 0x635A, 0x737B, 0x7B7A, 0x7B9A, 0x7FDB, 0x7FFE, 
    0x2108, 0x2508, 0x2128, 0x2528, 0x2109, 0x2509, 0x2129, 0x2529, 0x2D08, 0x2D28, 0x3128, 0x2D49, 0x3149, 0x216A, 0x296A, 0x3568, 
    0x2D6A, 0x3169, 0x212B, 0x294B, 0x314B, 0x2D4B, 0x256C, 0x296B, 0x318B, 0x2D6B, 0x316B, 0x2D6C, 0x316C, 0x2D8D, 0x318D, 0x3949, 
    0x3D89, 0x396A, 0x416A, 0x4968, 0x456A, 0x458A, 0x4DAA, 0x394B, 0x396C, 0x396B, 0x416B, 0x398B, 0x418B, 0x398C, 0x41AC, 0x458B, 
    0x458B, 0x49AB, 0x45AC, 0x25CD, 0x31CD, 0x4DC9, 0x3DCC, 0x41CC, 0x49ED, 0x45CB, 0x4DCB, 0x45CC, 0x4DCC, 0x4DED, 0x218E, 0x258E, 
    0x318F, 0x2D8E, 0x31AE, 0x31B1, 0x39AE, 0x25CF, 0x25CF, 0x31CF, 0x35CE, 0x2630, 0x3230, 0x21F2, 0x2611, 0x3211, 0x2652, 0x2233, 
    0x2633, 0x3232, 0x3DEF, 0x39CE, 0x3DCE, 0x39CF, 0x39F0, 0x3DF0, 0x49EF, 0x45CE, 0x45EE, 0x4DEE, 0x4230, 0x4A2F, 0x4E30, 0x3E11, 
    0x4611, 0x3E32, 0x4A52, 0x55A9, 0x61AA, 0x51AB, 0x55CA, 0x61EA, 0x662A, 0x55EB, 0x51CB, 0x51CC, 0x51ED, 0x560D, 0x61EB, 0x562D, 
    0x622C, 0x6DE9, 0x7609, 0x6E29, 0x7A49, 0x6E0B, 0x760B, 0x6E2B, 0x7A4B, 0x520F, 0x520E, 0x560E, 0x5E0E, 0x564F, 0x562E, 0x5A2E, 
    0x522F, 0x5A2F, 0x5A50, 0x5E4F, 0x5E70, 0x5A51, 0x5251, 0x5651, 0x5A71, 0x5672, 0x5A72, 0x5E72, 0x5E71, 0x6A70, 0x2693, 0x2E93, 
    0x4293, 0x4E93, 0x7289, 0x7EA9, 0x7F09, 0x6EAB, 0x7EAB, 0x7F0B, 0x7F69, 0x7F6C, 0x7FAC, 0x5A92, 0x5A93, 0x66B2, 0x5E91, 0x5E93, 
    0x72AF, 0x7AAF, 0x7B0F, 0x6EB2, 0x76D1, 0x7312, 0x7B12, 0x7F6F, 0x7FAF, 0x7F92, 0x7FD2, 0x2214, 0x2655, 0x2674, 0x3254, 0x3A54, 
    0x4A74, 0x5674, 0x26B5, 0x2296, 0x2696, 0x2EB5, 0x26F6, 0x2F15, 0x26B8, 0x22D7, 0x26D7, 0x2ED7, 0x2318, 0x22F9, 0x26F9, 0x2739, 
    0x2EF8, 0x3E95, 0x4AB6, 0x46F6, 0x3ED7, 0x4AB7, 0x3EF9, 0x4B18, 0x2759, 0x2F59, 0x22DA, 0x271B, 0x233A, 0x273A, 0x2F3B, 0x3F1A, 
    0x4B3A, 0x237B, 0x275B, 0x235C, 0x277C, 0x279C, 0x2F7C, 0x27BC, 0x277D, 0x279D, 0x2F9D, 0x27DE, 0x27BE, 0x23FF, 0x27FF, 0x2FDE, 
    0x3F7B, 0x4B7B, 0x56B5, 0x5A94, 0x62B4, 0x62B4, 0x66F6, 0x56D7, 0x5ED7, 0x56F8, 0x6318, 0x6AD4, 0x6F15, 0x6EF6, 0x7B36, 0x6F38, 
    0x7337, 0x7738, 0x7F75, 0x7FD5, 0x7359, 0x7B79, 0x7FD8, 0x573A, 0x671A, 0x575B, 0x635A, 0x737B, 0x7B7B, 0x7B9B, 0x7FDB, 0x7FFE, 
    0x2529, 0x2929, 0x2549, 0x2949, 0x252A, 0x292A, 0x254A, 0x294A, 0x3129, 0x3149, 0x3549, 0x314A, 0x356A, 0x258B, 0x2D6B, 0x3589, 
    0x316A, 0x358A, 0x254C, 0x2D6C, 0x356C, 0x316C, 0x298D, 0x2D6C, 0x35AC, 0x318C, 0x358C, 0x318D, 0x358D, 0x31AD, 0x35AD, 0x3D6A, 
    0x41AA, 0x3D8A, 0x418B, 0x4989, 0x458A, 0x49AB, 0x4DAA, 0x396B, 0x3D8D, 0x3D8C, 0x418C, 0x3DAC, 0x41AC, 0x3DAD, 0x41AD, 0x49AC, 
    0x49AC, 0x4DAC, 0x49CD, 0x29EE, 0x35CE, 0x4DCA, 0x3DCD, 0x41ED, 0x4A0D, 0x49CC, 0x4DEC, 0x49ED, 0x4DED, 0x4E0D, 0x25AF, 0x29AF, 
    0x31AF, 0x31AE, 0x35AF, 0x35D1, 0x3DCF, 0x29F0, 0x29F0, 0x35F0, 0x35CF, 0x2A31, 0x3651, 0x2612, 0x2A12, 0x3612, 0x2A53, 0x2653, 
    0x2A53, 0x3653, 0x420F, 0x3DEF, 0x41EF, 0x3DF0, 0x3E10, 0x4210, 0x4E0F, 0x49EF, 0x4A0F, 0x4E0F, 0x4631, 0x4E30, 0x4E30, 0x4212, 
    0x4A31, 0x3E53, 0x4A52, 0x55AA, 0x61CA, 0x55CC, 0x59EA, 0x61EA, 0x664B, 0x59EC, 0x51EC, 0x51ED, 0x560D, 0x5A0D, 0x620C, 0x562D, 
    0x664C, 0x6E0A, 0x760A, 0x724A, 0x7A6A, 0x6E0C, 0x760B, 0x6E4C, 0x7A4C, 0x560F, 0x560F, 0x5A2F, 0x5E2E, 0x5A70, 0x562F, 0x5A4F, 
    0x5650, 0x5A50, 0x5A70, 0x5E50, 0x5E70, 0x5A52, 0x5652, 0x5672, 0x5A72, 0x5673, 0x5A93, 0x6293, 0x5E72, 0x6A91, 0x2A93, 0x3294, 
    0x4694, 0x4E94, 0x728A, 0x7EAA, 0x7F0A, 0x72AC, 0x7EAC, 0x7F2C, 0x7F6A, 0x7F6C, 0x7FAD, 0x5A92, 0x5A93, 0x66B3, 0x6292, 0x62B3, 
    0x72B0, 0x7AAF, 0x7B10, 0x6ED3, 0x76D2, 0x7313, 0x7B13, 0x7F8F, 0x7FB0, 0x7F92, 0x7FD3, 0x2634, 0x2A75, 0x2A75, 0x3275, 0x3E75, 
    0x4A75, 0x5695, 0x2AB6, 0x26B6, 0x2AB6, 0x32B6, 0x2AF6, 0x3316, 0x2AD8, 0x26D8, 0x2AD8, 0x32D8, 0x2718, 0x2719, 0x2B19, 0x2B39, 
    0x3319, 0x3EB6, 0x4EB6, 0x46F6, 0x3ED8, 0x4AD7, 0x3F19, 0x4B19, 0x2B59, 0x2F59, 0x26DA, 0x2B3B, 0x273B, 0x2B3B, 0x333B, 0x3F3A, 
    0x4B3B, 0x277B, 0x2B5B, 0x277C, 0x2B7C, 0x2B9C, 0x337C, 0x2BBC, 0x2B9D, 0x2B9D, 0x339D, 0x27DE, 0x2BBE, 0x27FF, 0x2BFF, 0x2FDE, 
    0x437B, 0x4F7B, 0x56B5, 0x5AB4, 0x62D5, 0x62D5, 0x66F6, 0x5AD7, 0x5ED7, 0x56F8, 0x6318, 0x6AD5, 0x7316, 0x6F16, 0x7B36, 0x6F38, 
    0x7338, 0x7738, 0x7F75, 0x7FD5, 0x7359, 0x7B79, 0x7FD8, 0x573A, 0x673A, 0x575B, 0x675B, 0x737B, 0x7B9B, 0x7B9B, 0x7FDB, 0x7FFE, 
    0x294A, 0x2D4A, 0x296A, 0x2D6A, 0x294B, 0x2D4B, 0x296B, 0x2D6B, 0x354A, 0x356A, 0x396A, 0x356B, 0x398B, 0x29AC, 0x318C, 0x398A, 
    0x358B, 0x398B, 0x296D, 0x2D6C, 0x398C, 0x318C, 0x2DAE, 0x318D, 0x39CD, 0x35AD, 0x39AD, 0x35AE, 0x39AE, 0x35CE, 0x39CE, 0x3D6B, 
    0x45AB, 0x3DAB, 0x45AB, 0x4DAA, 0x49AB, 0x49CC, 0x51CB, 0x3D8C, 0x41AE, 0x3DAC, 0x45AC, 0x41CD, 0x45CD, 0x3DCE, 0x45CE, 0x4DCD, 
    0x49CD, 0x4DCD, 0x49CE, 0x29EE, 0x39EE, 0x51EB, 0x41EE, 0x45EE, 0x4E2E, 0x49ED, 0x51ED, 0x49EE, 0x520E, 0x522E, 0x29D0, 0x2DCF, 
    0x35D0, 0x35CF, 0x39CF, 0x39D2, 0x3DCF, 0x2E10, 0x2DF1, 0x3611, 0x39EF, 0x2E51, 0x3651, 0x2A33, 0x2E32, 0x3632, 0x2E73, 0x2A54, 
    0x2E54, 0x3653, 0x4610, 0x3DF0, 0x460F, 0x3E11, 0x4231, 0x4631, 0x4E30, 0x4A0F, 0x4A2F, 0x522F, 0x4651, 0x4E50, 0x5251, 0x4232, 
    0x4A32, 0x4253, 0x4E73, 0x55CB, 0x61CB, 0x55CD, 0x59EB, 0x660B, 0x6A4C, 0x5A0D, 0x560D, 0x560E, 0x562E, 0x5A2E, 0x662D, 0x5A4E, 
    0x664D, 0x6E2B, 0x762B, 0x726B, 0x7A6B, 0x6E2C, 0x762C, 0x6E4D, 0x7A6C, 0x5630, 0x562F, 0x5A2F, 0x622F, 0x5A70, 0x5650, 0x5A50, 
    0x5651, 0x5A51, 0x5E71, 0x6270, 0x6291, 0x5A72, 0x5672, 0x5672, 0x5E92, 0x5693, 0x5A94, 0x6293, 0x6292, 0x6A91, 0x2EB4, 0x36B4, 
    0x46B4, 0x52B4, 0x76AB, 0x7ECB, 0x7F2B, 0x72AD, 0x7EAD, 0x7F2D, 0x7F6B, 0x7F6D, 0x7FAD, 0x5AB3, 0x5EB4, 0x66D4, 0x62B2, 0x62B4, 
    0x72D1, 0x7AD0, 0x7F10, 0x6ED3, 0x7AD3, 0x7313, 0x7B33, 0x7F90, 0x7FB1, 0x7F93, 0x7FD3, 0x2A35, 0x2A75, 0x2E95, 0x3675, 0x4275, 
    0x4E95, 0x5695, 0x2ED6, 0x2AB7, 0x2EB7, 0x36B6, 0x2F17, 0x3716, 0x2AD9, 0x2AF8, 0x2EF8, 0x36D8, 0x2B19, 0x2B19, 0x2F19, 0x2F3A, 
    0x3719, 0x42B6, 0x4EB6, 0x4B17, 0x42F8, 0x4ED8, 0x4319, 0x4F19, 0x2F7A, 0x335A, 0x2AFA, 0x2F3B, 0x2B3B, 0x2F3B, 0x373B, 0x433B, 
    0x4F3B, 0x2B7C, 0x2F7B, 0x2B7C, 0x2F7C, 0x2F9C, 0x379C, 0x2FBC, 0x2F9E, 0x2F9D, 0x379D, 0x2BDE, 0x2FBE, 0x2BFF, 0x2FFF, 0x33DE, 
    0x437C, 0x4F7B, 0x5AD6, 0x5EB5, 0x66D5, 0x62D5, 0x6716, 0x5AF8, 0x62F8, 0x5B19, 0x6719, 0x6EF5, 0x7316, 0x6F17, 0x7B37, 0x6F38, 
    0x7338, 0x7758, 0x7F76, 0x7FD6, 0x7359, 0x7B79, 0x7FD9, 0x5B3B, 0x6B3A, 0x577B, 0x677B, 0x737B, 0x7B9B, 0x7B9B, 0x7FDC, 0x7FFE, 
    0x2D6B, 0x316B, 0x2D8B, 0x318B, 0x2D6C, 0x316C, 0x2D8C, 0x318C, 0x356B, 0x358B, 0x3D8B, 0x358C, 0x3D8C, 0x2DAC, 0x31AC, 0x3DAB, 
    0x39AC, 0x3DAC, 0x2D8D, 0x318D, 0x3D8D, 0x358D, 0x31CF, 0x31AD, 0x39CE, 0x35AE, 0x3DCD, 0x35CF, 0x3DCF, 0x39CF, 0x3DEF, 0x418C, 
    0x45CC, 0x41AC, 0x49CC, 0x4DCB, 0x4DCC, 0x4DEC, 0x51EC, 0x418D, 0x45CF, 0x41CD, 0x49CD, 0x41EE, 0x49ED, 0x41EF, 0x49EF, 0x4DCE, 
    0x4DED, 0x51ED, 0x4DEE, 0x2E0F, 0x3E0F, 0x520C, 0x460F, 0x4A0F, 0x4E2F, 0x4E0E, 0x520E, 0x4E0F, 0x520F, 0x522F, 0x2DF0, 0x31F0, 
    0x39F1, 0x39F0, 0x3DF0, 0x39F3, 0x41F0, 0x3231, 0x3211, 0x3A11, 0x3E10, 0x3272, 0x3A72, 0x2E33, 0x3253, 0x3A53, 0x3274, 0x2E74, 
    0x3274, 0x3A74, 0x4631, 0x4210, 0x4610, 0x4211, 0x4232, 0x4632, 0x5231, 0x4E30, 0x4E30, 0x5230, 0x4A72, 0x5271, 0x5272, 0x4653, 
    0x4E53, 0x4674, 0x5273, 0x59EC, 0x65EC, 0x59ED, 0x5A0C, 0x662C, 0x6A6C, 0x5E2E, 0x560E, 0x560F, 0x5A2F, 0x5E4F, 0x662E, 0x5A6F, 
    0x666E, 0x722C, 0x764C, 0x726C, 0x7A8C, 0x6E4D, 0x764D, 0x726E, 0x7A8D, 0x5A51, 0x5A50, 0x5E50, 0x6250, 0x5E91, 0x5A70, 0x5E70, 
    0x5A71, 0x5E71, 0x5E92, 0x6271, 0x6292, 0x5E73, 0x5A73, 0x5A93, 0x5E93, 0x5A94, 0x5EB4, 0x62B4, 0x6293, 0x6EB2, 0x32B4, 0x36B5, 
    0x4AB5, 0x52B5, 0x76AC, 0x7ECC, 0x7F2C, 0x72CD, 0x7ECE, 0x7F2E, 0x7F6C, 0x7F6E, 0x7FAE, 0x5EB3, 0x5EB4, 0x66D4, 0x62B3, 0x62D4, 
    0x72D1, 0x7AD1, 0x7F31, 0x6ED4, 0x7AF3, 0x7334, 0x7B34, 0x7F91, 0x7FD1, 0x7F94, 0x7FD4, 0x2E55, 0x2E96, 0x3296, 0x3A96, 0x4696, 
    0x4E96, 0x5AB5, 0x32D7, 0x2ED7, 0x32D7, 0x3AD7, 0x3317, 0x3B37, 0x2EF9, 0x2EF8, 0x32F8, 0x36F8, 0x2F39, 0x2F1A, 0x331A, 0x333A, 
    0x3719, 0x46D7, 0x52D7, 0x4F17, 0x46F8, 0x4EF8, 0x4719, 0x4F39, 0x337A, 0x377A, 0x2EFB, 0x333B, 0x2F5B, 0x335B, 0x3B5B, 0x473B, 
    0x4F3B, 0x2F9C, 0x337B, 0x2F7C, 0x337C, 0x339D, 0x379C, 0x33BD, 0x339E, 0x339E, 0x379D, 0x2FDE, 0x33DE, 0x2FFF, 0x33FF, 0x37DE, 
    0x477C, 0x537C, 0x5AD6, 0x5ED5, 0x66F6, 0x62F6, 0x6B17, 0x5EF8, 0x62F8, 0x5B19, 0x6739, 0x6EF6, 0x7337, 0x6F17, 0x7B57, 0x7339, 
    0x7358, 0x7758, 0x7F96, 0x7FD6, 0x7779, 0x7B7A, 0x7FD9, 0x5B5B, 0x6B3B, 0x5B7B, 0x677B, 0x739C, 0x7B9B, 0x7B9B, 0x7FDC, 0x7FFE, 
    0x318C, 0x358C, 0x31AC, 0x35AC, 0x318D, 0x358D, 0x31AD, 0x35AD, 0x398C, 0x39AC, 0x41AC, 0x39AD, 0x3DAD, 0x31CD, 0x35CD, 0x41CC, 
    0x39CD, 0x41CD, 0x31AE, 0x35AE, 0x41AE, 0x39AE, 0x35EF, 0x35CE, 0x3DEF, 0x39CF, 0x41CE, 0x39EF, 0x3DEF, 0x3DF0, 0x3E10, 0x45AD, 
    0x49ED, 0x45CD, 0x49ED, 0x51EC, 0x4DED, 0x51ED, 0x560D, 0x45AE, 0x45EF, 0x45EE, 0x49EE, 0x45EE, 0x49EE, 0x460F, 0x4A0F, 0x51EF, 
    0x520E, 0x560E, 0x4E0F, 0x3230, 0x4230, 0x562D, 0x4A2F, 0x4A30, 0x5250, 0x522F, 0x562F, 0x5230, 0x5630, 0x5650, 0x3211, 0x3611, 
    0x3DF1, 0x3E11, 0x3E11, 0x3E13, 0x4611, 0x3232, 0x3632, 0x3E32, 0x4231, 0x3672, 0x3E92, 0x3254, 0x3653, 0x3E54, 0x3694, 0x3275, 
    0x3695, 0x3E95, 0x4A51, 0x4631, 0x4A31, 0x4632, 0x4652, 0x4A52, 0x5252, 0x4E31, 0x5251, 0x5651, 0x4A72, 0x5272, 0x5672, 0x4A53, 
    0x5253, 0x4A94, 0x5294, 0x5A0D, 0x660D, 0x5A0E, 0x5E2D, 0x662D, 0x6A8D, 0x5E2F, 0x5A2F, 0x5A30, 0x5A50, 0x5E50, 0x664F, 0x5E70, 
    0x6A6F, 0x724D, 0x7A4D, 0x728D, 0x7A8D, 0x6E4E, 0x7A4E, 0x728E, 0x7A8E, 0x5A52, 0x5A51, 0x5E51, 0x6251, 0x5E92, 0x5A71, 0x5E71, 
    0x5A72, 0x5E92, 0x62B2, 0x6292, 0x62B2, 0x5E93, 0x5A93, 0x5AB4, 0x5EB3, 0x5AB5, 0x5EB5, 0x66B4, 0x62B3, 0x6EB2, 0x36D5, 0x3AD5, 
    0x4AD5, 0x56D5, 0x76CD, 0x7EED, 0x7F2D, 0x72CE, 0x7ECE, 0x7F2E, 0x7F6D, 0x7F8F, 0x7FCF, 0x5ED4, 0x5ED5, 0x6AF5, 0x66D4, 0x66D5, 
    0x76F2, 0x7AF1, 0x7F32, 0x72F4, 0x7AF4, 0x7334, 0x7B34, 0x7F92, 0x7FD2, 0x7F94, 0x7FD4, 0x3256, 0x3296, 0x36B6, 0x3E96, 0x4696, 
    0x52B6, 0x5AB6, 0x36F7, 0x32D7, 0x36D7, 0x3ED7, 0x3738, 0x3F37, 0x32F9, 0x32F9, 0x36F9, 0x3AF9, 0x3339, 0x333A, 0x373A, 0x375A, 
    0x3B3A, 0x4AD7, 0x52D7, 0x4F18, 0x46F9, 0x52F8, 0x473A, 0x5339, 0x337A, 0x3B7A, 0x331B, 0x375C, 0x335B, 0x375B, 0x3B5B, 0x473B, 
    0x535B, 0x339C, 0x377B, 0x337C, 0x377C, 0x379D, 0x3B9C, 0x37DD, 0x379E, 0x37BE, 0x3B9E, 0x33DF, 0x37DE, 0x33FF, 0x37FF, 0x3BDE, 
    0x4B7C, 0x537C, 0x5EF7, 0x62D6, 0x66F6, 0x66F6, 0x6B37, 0x5EF8, 0x6318, 0x5F39, 0x6739, 0x6F16, 0x7337, 0x6F37, 0x7B57, 0x7359, 
    0x7759, 0x7B59, 0x7F97, 0x7FD6, 0x777A, 0x7B9A, 0x7FD9, 0x5F5B, 0x6B5B, 0x5B7C, 0x6B7B, 0x739C, 0x7B9B, 0x7B9B, 0x7FDC, 0x7FFE, 
    0x35AD, 0x39AD, 0x35CD, 0x39CD, 0x35AE, 0x39AE, 0x35CE, 0x39CE, 0x3DAD, 0x3DCD, 0x41CD, 0x3DCE, 0x41CE, 0x35EE, 0x39EE, 0x45ED, 
    0x3DEE, 0x41EE, 0x35CF, 0x39CF, 0x41CF, 0x3DCF, 0x3A10, 0x39EF, 0x420F, 0x3DEF, 0x41EF, 0x3DF0, 0x41F0, 0x3E10, 0x4211, 0x49CD, 
    0x4E0E, 0x49EE, 0x4DEE, 0x55ED, 0x51EE, 0x520E, 0x560E, 0x45CF, 0x49F0, 0x49EF, 0x4DEF, 0x4A0F, 0x4E0F, 0x4A10, 0x4E30, 0x520F, 
    0x520F, 0x562F, 0x5230, 0x3651, 0x4231, 0x562E, 0x4A30, 0x4E30, 0x5271, 0x522F, 0x562F, 0x5230, 0x5650, 0x5A70, 0x3612, 0x3A11, 
    0x4212, 0x3E11, 0x4211, 0x4234, 0x4A31, 0x3652, 0x3A53, 0x4253, 0x4632, 0x3A93, 0x4293, 0x3675, 0x3A74, 0x4274, 0x3AB5, 0x3695, 
    0x3A95, 0x4295, 0x4E52, 0x4A52, 0x4E52, 0x4A53, 0x4A73, 0x4E73, 0x5672, 0x5251, 0x5272, 0x5671, 0x4E93, 0x5692, 0x5693, 0x4A74, 
    0x5274, 0x4A95, 0x5695, 0x5E0E, 0x662E, 0x5E2F, 0x5E2E, 0x6A4E, 0x6A8E, 0x5E4F, 0x5A4F, 0x5A50, 0x5A71, 0x6271, 0x6A6F, 0x5E91, 
    0x6A90, 0x726E, 0x7A6E, 0x728E, 0x7AAE, 0x726F, 0x7A6F, 0x728F, 0x7AAF, 0x5E72, 0x5E71, 0x5E72, 0x6671, 0x5EB2, 0x5E92, 0x6292, 
    0x5E93, 0x6293, 0x62B3, 0x6692, 0x66B3, 0x6294, 0x5A94, 0x5EB4, 0x62B4, 0x5EB5, 0x62D5, 0x66D5, 0x66B4, 0x6ED3, 0x3AD6, 0x3ED6, 
    0x4ED6, 0x56D6, 0x76CE, 0x7EEE, 0x7F4E, 0x72EF, 0x7EEF, 0x7F4F, 0x7F8E, 0x7F90, 0x7FD0, 0x62D5, 0x62D5, 0x6AF5, 0x66D4, 0x66F5, 
    0x76F3, 0x7AF2, 0x7F32, 0x72F5, 0x7B14, 0x7335, 0x7B55, 0x7F92, 0x7FD3, 0x7F95, 0x7FD5, 0x3676, 0x36B7, 0x3AB7, 0x42B7, 0x4AB6, 
    0x56B7, 0x5ED6, 0x3AF7, 0x36F8, 0x3AD8, 0x3EF7, 0x3B38, 0x3F37, 0x36F9, 0x3719, 0x3B19, 0x3F19, 0x373A, 0x373A, 0x3B3A, 0x3B5A, 
    0x3F3A, 0x4AF7, 0x56F8, 0x5338, 0x4B19, 0x56F9, 0x4B3A, 0x573A, 0x377A, 0x3F7A, 0x371B, 0x3B5C, 0x375B, 0x3B5B, 0x3F5C, 0x4B5B, 
    0x535B, 0x379C, 0x3B7C, 0x377D, 0x3B9D, 0x3B9D, 0x3F9C, 0x3BDD, 0x379E, 0x3BBE, 0x3F9E, 0x37DF, 0x3BDE, 0x37FF, 0x3BFF, 0x3FDE, 
    0x4B9C, 0x579C, 0x5EF7, 0x62F6, 0x6AF7, 0x6717, 0x6B38, 0x5F19, 0x6719, 0x5F39, 0x6B3A, 0x6F17, 0x7337, 0x7338, 0x7B58, 0x7359, 
    0x7759, 0x7B59, 0x7F97, 0x7FD7, 0x777A, 0x7B9A, 0x7FDA, 0x5F5B, 0x6B5B, 0x5F7C, 0x6B7B, 0x739C, 0x7B9C, 0x7B9C, 0x7FDC, 0x7FFE, 
    0x39CE, 0x3DCE, 0x39EE, 0x3DEE, 0x39CF, 0x3DCF, 0x39EF, 0x3DEF, 0x41CE, 0x41EE, 0x45EE, 0x41EF, 0x45EF, 0x3A0F, 0x3E0F, 0x460E, 
    0x420F, 0x460F, 0x39F0, 0x3DF0, 0x45F0, 0x41F0, 0x3E11, 0x3E10, 0x4630, 0x4210, 0x4610, 0x4211, 0x4611, 0x4231, 0x4631, 0x49EE, 
    0x4E2F, 0x4A0F, 0x4E0F, 0x560E, 0x520F, 0x562F, 0x5A2F, 0x49F0, 0x4E11, 0x4A10, 0x4E10, 0x4E30, 0x5230, 0x4A31, 0x4E31, 0x5630, 
    0x5630, 0x5A30, 0x5631, 0x3A51, 0x4651, 0x5A4F, 0x4E51, 0x5251, 0x5671, 0x5650, 0x5A50, 0x5651, 0x5A71, 0x5A71, 0x3A33, 0x3E32, 
    0x4233, 0x4232, 0x4632, 0x4634, 0x4A32, 0x3A73, 0x3E53, 0x4673, 0x4652, 0x3E94, 0x46B4, 0x3A75, 0x3E75, 0x4675, 0x3EB5, 0x3AB6, 
    0x3EB6, 0x46B6, 0x4E73, 0x4A52, 0x4E72, 0x4A73, 0x4E73, 0x4E73, 0x5673, 0x5672, 0x5672, 0x5A72, 0x5294, 0x5693, 0x5A94, 0x4E95, 
    0x5694, 0x4EB5, 0x56B5, 0x5E2F, 0x6A2F, 0x5E30, 0x624F, 0x6A6F, 0x6EAF, 0x6270, 0x5E50, 0x5E71, 0x5E71, 0x6291, 0x6A70, 0x6291, 
    0x6AB1, 0x726F, 0x7A8F, 0x72AF, 0x7EAF, 0x7270, 0x7A90, 0x72B0, 0x7AB0, 0x5E73, 0x5E92, 0x6292, 0x6692, 0x62D3, 0x5E92, 0x62B3, 
    0x5EB3, 0x62B3, 0x62D4, 0x66B3, 0x66D4, 0x62B5, 0x5EB5, 0x5ED5, 0x62D5, 0x5ED6, 0x62D6, 0x66D5, 0x66D5, 0x6ED4, 0x3EF6, 0x42F6, 
    0x52F6, 0x5AF6, 0x76EF, 0x7F0F, 0x7F4F, 0x72F0, 0x7EF0, 0x7F50, 0x7F8F, 0x7F91, 0x7FD1, 0x62F5, 0x62F6, 0x6AF6, 0x66F5, 0x66F6, 
    0x7713, 0x7B13, 0x7F53, 0x7315, 0x7B15, 0x7356, 0x7B56, 0x7F93, 0x7FD3, 0x7FB5, 0x7FD5, 0x3A97, 0x3AB7, 0x3ED7, 0x42D7, 0x4ED7, 
    0x56D7, 0x5ED7, 0x3F18, 0x3AF8, 0x3EF8, 0x42F8, 0x3F38, 0x4358, 0x3B1A, 0x3B19, 0x3F19, 0x4319, 0x3B5A, 0x3B3A, 0x3F3A, 0x3F5B, 
    0x433A, 0x4EF8, 0x56F8, 0x5338, 0x4F19, 0x5719, 0x4F3A, 0x575A, 0x3B7B, 0x437B, 0x3B1B, 0x3F5C, 0x3B7C, 0x3F7C, 0x437C, 0x4F5B, 
    0x575C, 0x3B9C, 0x3F9C, 0x3B9D, 0x3F9D, 0x3FBD, 0x439D, 0x3FDD, 0x3B9E, 0x3FBE, 0x43BE, 0x3BDF, 0x3FDE, 0x3BFF, 0x3FFF, 0x43DE, 
    0x4F9C, 0x579C, 0x62F8, 0x62F7, 0x6B17, 0x6717, 0x6B38, 0x6319, 0x6719, 0x633A, 0x6B5A, 0x7317, 0x7358, 0x7338, 0x7B58, 0x735A, 
    0x7759, 0x7B79, 0x7F98, 0x7FD7, 0x777A, 0x7B9A, 0x7FDA, 0x635C, 0x6F5B, 0x5F7C, 0x6B9C, 0x779C, 0x7B9C, 0x7BBC, 0x7FDC, 0x7FFE, 
    0x3DEF, 0x41EF, 0x3E0F, 0x420F, 0x3DF0, 0x41F0, 0x3E10, 0x4210, 0x45EF, 0x460F, 0x4A0F, 0x4610, 0x4A10, 0x3E30, 0x4230, 0x4A2F, 
    0x4630, 0x4A30, 0x3E11, 0x4211, 0x4A11, 0x4611, 0x4232, 0x4231, 0x4A51, 0x4631, 0x4A31, 0x4632, 0x4A32, 0x4652, 0x4A52, 0x4E0F, 
    0x5230, 0x4E30, 0x5230, 0x5A2F, 0x5630, 0x5650, 0x5A50, 0x4E11, 0x4E32, 0x4E31, 0x5231, 0x4E51, 0x5251, 0x4E52, 0x5252, 0x5651, 
    0x5651, 0x5A51, 0x5652, 0x3E72, 0x4A72, 0x5A70, 0x5272, 0x5272, 0x5A92, 0x5671, 0x5A71, 0x5672, 0x5A72, 0x5E92, 0x3E53, 0x4253, 
    0x4653, 0x4653, 0x4A53, 0x4A55, 0x4E53, 0x3E74, 0x4274, 0x4674, 0x4A73, 0x42B4, 0x46B4, 0x3E96, 0x4295, 0x4695, 0x42D6, 0x3EB6, 
    0x42B6, 0x46B6, 0x5293, 0x4E73, 0x5273, 0x4E74, 0x4E94, 0x5294, 0x5A94, 0x5673, 0x5693, 0x5A93, 0x52B4, 0x5AB4, 0x5AB4, 0x5295, 
    0x5695, 0x52B6, 0x5AD6, 0x6250, 0x6A50, 0x5E51, 0x6270, 0x6A70, 0x6EB0, 0x6271, 0x5E71, 0x5E72, 0x5E92, 0x6292, 0x6A91, 0x62B2, 
    0x6AB1, 0x7290, 0x7A90, 0x76B0, 0x7ED0, 0x7291, 0x7A91, 0x72B1, 0x7AD1, 0x5E94, 0x5E93, 0x6293, 0x6693, 0x62D4, 0x62B3, 0x62B3, 
    0x62B4, 0x62B4, 0x66D4, 0x66D4, 0x66D4, 0x62D5, 0x5ED5, 0x62D5, 0x66D5, 0x62D6, 0x62F6, 0x6AF6, 0x66D5, 0x72F4, 0x42F7, 0x46F7, 
    0x52F7, 0x5AF7, 0x76F0, 0x7F10, 0x7F50, 0x7711, 0x7F11, 0x7F51, 0x7F8F, 0x7F91, 0x7FD1, 0x62F6, 0x66F6, 0x6F16, 0x6AF5, 0x6B16, 
    0x7714, 0x7F14, 0x7F54, 0x7316, 0x7B15, 0x7756, 0x7B56, 0x7FB4, 0x7FD4, 0x7FB6, 0x7FD6, 0x3E97, 0x3ED8, 0x42D8, 0x46D8, 0x4ED7, 
    0x5AD7, 0x62F7, 0x3F18, 0x3EF9, 0x42F9, 0x4718, 0x4359, 0x4758, 0x3F1A, 0x3F3A, 0x433A, 0x471A, 0x3F5A, 0x3F5B, 0x435B, 0x437B, 
    0x475A, 0x52F8, 0x5B18, 0x5739, 0x533A, 0x5B19, 0x4F5B, 0x5B5A, 0x3F9B, 0x479B, 0x3F3C, 0x435C, 0x3F7C, 0x437C, 0x477C, 0x4F5C, 
    0x5B7C, 0x3F9C, 0x439C, 0x3F9D, 0x439D, 0x43BD, 0x479D, 0x43DD, 0x3FBE, 0x43BE, 0x47BE, 0x3FDF, 0x43DE, 0x3FFF, 0x43FF, 0x47DE, 
    0x539C, 0x5B9C, 0x6318, 0x66F7, 0x6B18, 0x6B17, 0x6F58, 0x6339, 0x6739, 0x635A, 0x6B5A, 0x7338, 0x7758, 0x7359, 0x7B79, 0x737A, 
    0x777A, 0x7B7A, 0x7F98, 0x7FF8, 0x779B, 0x7F9B, 0x7FFA, 0x637C, 0x6F5C, 0x639C, 0x6B9C, 0x779C, 0x7BBC, 0x7BBC, 0x7FDC, 0x7FFE, 
    0x4210, 0x4610, 0x4210, 0x4610, 0x4210, 0x4610, 0x4231, 0x4631, 0x4A10, 0x4A30, 0x4E30, 0x4A31, 0x4E31, 0x4251, 0x4651, 0x4E50, 
    0x4A51, 0x4E51, 0x4232, 0x4632, 0x4E32, 0x4A32, 0x4653, 0x4652, 0x4A72, 0x4A52, 0x4E52, 0x4A53, 0x4E53, 0x4A73, 0x4E73, 0x5230, 
    0x5651, 0x5251, 0x5651, 0x5A50, 0x5A51, 0x5A71, 0x5E71, 0x5232, 0x5253, 0x5252, 0x5652, 0x5272, 0x5672, 0x5273, 0x5673, 0x5A52, 
    0x5A72, 0x5E72, 0x5A73, 0x4293, 0x4E93, 0x5E91, 0x5293, 0x5693, 0x5AB3, 0x5A92, 0x5E92, 0x5A93, 0x5E93, 0x5EB3, 0x4274, 0x4674, 
    0x4A74, 0x4A74, 0x4E74, 0x4E76, 0x5274, 0x4295, 0x4695, 0x4A95, 0x4E94, 0x42D5, 0x4AD5, 0x42B6, 0x46B6, 0x4AB6, 0x42D7, 0x42D7, 
    0x46D7, 0x4AD7, 0x5694, 0x5294, 0x5694, 0x5295, 0x52B5, 0x56B5, 0x5EB4, 0x5A94, 0x5AB4, 0x5EB4, 0x56D5, 0x5ED5, 0x5ED5, 0x52B6, 
    0x5AB6, 0x52D7, 0x5AD6, 0x6271, 0x6A71, 0x6272, 0x6691, 0x6E91, 0x6ED1, 0x6692, 0x6292, 0x6293, 0x62B3, 0x66B3, 0x6AB2, 0x62D3, 
    0x6ED2, 0x72B1, 0x7AB1, 0x76D1, 0x7EF1, 0x72B2, 0x7AB2, 0x76D2, 0x7AD2, 0x62B4, 0x62B4, 0x66B4, 0x6AB4, 0x66F5, 0x62D4, 0x66D4, 
    0x62D5, 0x66D5, 0x66F5, 0x6AD5, 0x6AF5, 0x66D6, 0x62D6, 0x62F6, 0x66F6, 0x62F7, 0x66F7, 0x6AF7, 0x6AF6, 0x72F5, 0x4717, 0x4B17, 
    0x5717, 0x5F17, 0x7711, 0x7F31, 0x7F71, 0x7712, 0x7F12, 0x7F72, 0x7F90, 0x7F92, 0x7FD2, 0x6716, 0x6717, 0x6F17, 0x6B16, 0x6B17, 
    0x7735, 0x7F34, 0x7F54, 0x7337, 0x7B36, 0x7757, 0x7B77, 0x7FB4, 0x7FD5, 0x7FB6, 0x7FD7, 0x42B8, 0x42F8, 0x46F8, 0x4AF8, 0x52F8, 
    0x5AF8, 0x62F8, 0x4319, 0x4319, 0x4719, 0x4B19, 0x4759, 0x4B59, 0x433A, 0x433A, 0x473A, 0x4B3A, 0x435B, 0x435B, 0x475B, 0x477B, 
    0x4B5B, 0x5319, 0x5F19, 0x5B59, 0x533A, 0x5B3A, 0x535B, 0x5B5B, 0x439B, 0x4B9B, 0x433C, 0x437C, 0x437C, 0x477C, 0x4B7C, 0x537C, 
    0x5B7C, 0x439D, 0x479C, 0x439D, 0x479D, 0x47BD, 0x4BBD, 0x43DD, 0x43BE, 0x47BE, 0x4BBE, 0x43DF, 0x47DE, 0x43FF, 0x47FF, 0x4BDE, 
    0x539D, 0x5B9D, 0x6318, 0x6718, 0x6F38, 0x6B38, 0x6F59, 0x673A, 0x6B3A, 0x635A, 0x6F5A, 0x7338, 0x7759, 0x7359, 0x7B79, 0x777A, 
    0x777A, 0x7B7A, 0x7FB8, 0x7FF8, 0x779B, 0x7F9B, 0x7FFA, 0x637C, 0x6F7C, 0x639C, 0x6F9C, 0x77BC, 0x7BBC, 0x7BBC, 0x7FDD, 0x7FFE, 
    0x4631, 0x4631, 0x4631, 0x4A31, 0x4631, 0x4631, 0x4632, 0x4A52, 0x4E31, 0x4E31, 0x4E51, 0x4E52, 0x4E52, 0x4672, 0x4A52, 0x5251, 
    0x4E52, 0x5252, 0x4633, 0x4A52, 0x4E52, 0x4A52, 0x4673, 0x4A53, 0x4E73, 0x4E73, 0x5273, 0x4E73, 0x4E73, 0x4E74, 0x4E74, 0x5651, 
    0x5671, 0x5672, 0x5672, 0x5E71, 0x5A72, 0x5A72, 0x5E92, 0x5252, 0x5673, 0x5672, 0x5672, 0x5673, 0x5A73, 0x5293, 0x5693, 0x5E73, 
    0x5E93, 0x5E93, 0x5A93, 0x46B4, 0x4E94, 0x5E92, 0x5693, 0x5A94, 0x5EB4, 0x5E93, 0x5E93, 0x5E93, 0x5EB3, 0x62B4, 0x4695, 0x4A94, 
    0x4E75, 0x4E74, 0x4E94, 0x4E96, 0x5294, 0x46B5, 0x4AB5, 0x4EB5, 0x5295, 0x46D6, 0x4ED6, 0x46B7, 0x4AB6, 0x4EB7, 0x46F7, 0x46D7, 
    0x4AD7, 0x4EF7, 0x56B5, 0x5295, 0x56B4, 0x52B5, 0x56B5, 0x56B5, 0x5EB5, 0x5AB4, 0x5EB5, 0x62B4, 0x5AD6, 0x5ED5, 0x62D6, 0x56D6, 
    0x5AD6, 0x56F7, 0x5EF7, 0x6691, 0x6E92, 0x6293, 0x6692, 0x6EB2, 0x72F2, 0x66B3, 0x62B3, 0x62B3, 0x62B4, 0x66D4, 0x6EB3, 0x66D4, 
    0x6ED3, 0x76B2, 0x7AD2, 0x76F2, 0x7EF2, 0x72B2, 0x7AD2, 0x76D3, 0x7AF2, 0x62B5, 0x62D4, 0x66D4, 0x6AD4, 0x66F5, 0x66D5, 0x66D5, 
    0x66D5, 0x66F5, 0x6AF6, 0x6AF5, 0x6AF6, 0x66F6, 0x62F6, 0x66F7, 0x66F6, 0x66F7, 0x6717, 0x6B17, 0x6B16, 0x7316, 0x4718, 0x4F18, 
    0x5B18, 0x5F18, 0x7712, 0x7F32, 0x7F71, 0x7733, 0x7F33, 0x7F73, 0x7F91, 0x7FB3, 0x7FD3, 0x6717, 0x6717, 0x6F37, 0x6B17, 0x6B17, 
    0x7735, 0x7F35, 0x7F75, 0x7737, 0x7B37, 0x7777, 0x7B77, 0x7FB5, 0x7FD5, 0x7FB7, 0x7FD7, 0x46D8, 0x46F9, 0x4AF8, 0x4EF9, 0x56F8, 
    0x5F18, 0x6718, 0x4739, 0x4719, 0x4719, 0x4F39, 0x475A, 0x4F79, 0x473B, 0x473A, 0x4B3A, 0x4F3A, 0x477B, 0x475B, 0x475B, 0x4B7B, 
    0x4F5B, 0x5719, 0x5F39, 0x5B5A, 0x573A, 0x5F3A, 0x575B, 0x5F7B, 0x479B, 0x4B9C, 0x475C, 0x477D, 0x477C, 0x4B7C, 0x4F7C, 0x577C, 
    0x5F7C, 0x47BD, 0x4B9C, 0x479D, 0x4B9D, 0x4BBD, 0x4FBD, 0x47DD, 0x47BE, 0x4BBE, 0x4FBE, 0x47DF, 0x4BDE, 0x47FF, 0x47FF, 0x4BDE, 
    0x579D, 0x5F9D, 0x6739, 0x6B18, 0x6F39, 0x6B38, 0x6F59, 0x673A, 0x6B5A, 0x675B, 0x6F7B, 0x7359, 0x7779, 0x7359, 0x7B79, 0x777B, 
    0x777A, 0x7B7A, 0x7FB9, 0x7FF9, 0x779B, 0x7FBB, 0x7FFB, 0x677C, 0x737C, 0x679D, 0x6F9C, 0x77BD, 0x7BBC, 0x7BBC, 0x7FDD, 0x7FFE, 
    0x4A52, 0x4A52, 0x4A52, 0x4E52, 0x4A52, 0x4A52, 0x4A52, 0x4E53, 0x4E52, 0x4E52, 0x5272, 0x4E72, 0x5273, 0x4A73, 0x4E73, 0x5272, 
    0x5273, 0x5273, 0x4A53, 0x4E73, 0x5273, 0x4E73, 0x4A94, 0x4E73, 0x5294, 0x4E74, 0x5293, 0x4E94, 0x5294, 0x5294, 0x5294, 0x5672, 
    0x5A92, 0x5673, 0x5A93, 0x5E92, 0x5E93, 0x5E93, 0x6293, 0x5673, 0x5694, 0x5693, 0x5A93, 0x5694, 0x5A93, 0x5694, 0x5A94, 0x5E94, 
    0x5E93, 0x6293, 0x5EB4, 0x4AB5, 0x52B5, 0x62B3, 0x5AB4, 0x5AB4, 0x5ED4, 0x5EB4, 0x62B4, 0x5EB4, 0x62B4, 0x62D4, 0x4A95, 0x4A95, 
    0x5296, 0x5295, 0x5295, 0x52B7, 0x56B5, 0x4AB6, 0x4AB6, 0x52B6, 0x52B5, 0x4AF6, 0x52F6, 0x4AD7, 0x4AD7, 0x52D7, 0x4AF8, 0x4AF8, 
    0x4AF8, 0x52F8, 0x5AD6, 0x56B5, 0x5AB5, 0x56B6, 0x56D6, 0x5AD6, 0x62D6, 0x5EB5, 0x5ED5, 0x62D5, 0x5AF6, 0x62F6, 0x62F6, 0x5AD7, 
    0x5ED7, 0x5AF8, 0x62F7, 0x6692, 0x6EB3, 0x66B3, 0x66B3, 0x6ED3, 0x72F3, 0x66D4, 0x66B4, 0x66B4, 0x66D4, 0x6AD4, 0x6ED4, 0x66F4, 
    0x6EF4, 0x76D3, 0x7AD3, 0x76F3, 0x7F13, 0x76D3, 0x7AD3, 0x76F4, 0x7F13, 0x66D6, 0x66D5, 0x6AD5, 0x6AD5, 0x6716, 0x66F5, 0x6AF5, 
    0x66F6, 0x6AF6, 0x6B16, 0x6EF6, 0x6B16, 0x6AF7, 0x66F7, 0x6717, 0x6B17, 0x6718, 0x6B18, 0x6F18, 0x6B17, 0x7316, 0x4B38, 0x4F38, 
    0x5B38, 0x6338, 0x7B32, 0x7F33, 0x7F72, 0x7733, 0x7F34, 0x7F74, 0x7FB2, 0x7FB4, 0x7FD4, 0x6B37, 0x6B38, 0x6F38, 0x6F37, 0x6F38, 
    0x7736, 0x7F36, 0x7F76, 0x7738, 0x7B57, 0x7778, 0x7F78, 0x7FB6, 0x7FD6, 0x7FB8, 0x7FD8, 0x4AD9, 0x4B19, 0x4B19, 0x5319, 0x5719, 
    0x5F19, 0x6719, 0x4B39, 0x4B3A, 0x4B3A, 0x533A, 0x4B7A, 0x537A, 0x4B3B, 0x4B5B, 0x4B5B, 0x4F5B, 0x4B7B, 0x4B7C, 0x4B7C, 0x4B7C, 
    0x4F7B, 0x5B3A, 0x633A, 0x5F5A, 0x5B5B, 0x5F5B, 0x5B7B, 0x5F7B, 0x4B9C, 0x4F9C, 0x4B5C, 0x4B7D, 0x4B9C, 0x4B9C, 0x539D, 0x5B7C, 
    0x5F7C, 0x4BBD, 0x4B9D, 0x4B9D, 0x4BBD, 0x4BBE, 0x4FBD, 0x4BDE, 0x4BBE, 0x4BBE, 0x4FBE, 0x4BDF, 0x4BDE, 0x4BFF, 0x4BFF, 0x4FFE, 
    0x5BBD, 0x63BD, 0x6739, 0x6B39, 0x6F59, 0x6F59, 0x737A, 0x6B5B, 0x6B5A, 0x677B, 0x6F7B, 0x7359, 0x7779, 0x777A, 0x7B9A, 0x777B, 
    0x779B, 0x7B9B, 0x7FB9, 0x7FF9, 0x779B, 0x7FBB, 0x7FFB, 0x679C, 0x737C, 0x679D, 0x6F9C, 0x77BD, 0x7FBD, 0x7BBD, 0x7FFD, 0x7FFF, 
    0x4E73, 0x4E73, 0x4E73, 0x4E73, 0x4E73, 0x4E73, 0x4E73, 0x4E73, 0x5273, 0x5273, 0x5673, 0x5293, 0x5693, 0x4E94, 0x5294, 0x5693, 
    0x5294, 0x5693, 0x4E74, 0x5294, 0x5694, 0x5294, 0x4EB5, 0x5294, 0x56B4, 0x5294, 0x5694, 0x5295, 0x56B5, 0x56B5, 0x56B5, 0x5A93, 
    0x5EB3, 0x5A94, 0x5E94, 0x6293, 0x6294, 0x62B4, 0x62B4, 0x5A94, 0x5A95, 0x5A94, 0x5E94, 0x5AB4, 0x5EB4, 0x5AB5, 0x5EB5, 0x62B4, 
    0x62B4, 0x62B4, 0x62B5, 0x4ED5, 0x56D5, 0x62D3, 0x5AD5, 0x5ED5, 0x62F5, 0x62D4, 0x66D4, 0x62D5, 0x66D5, 0x66F5, 0x4EB6, 0x4EB6, 
    0x56B6, 0x52B6, 0x56B6, 0x56B7, 0x5AB6, 0x4ED7, 0x4ED7, 0x56D7, 0x56D6, 0x4EF7, 0x5717, 0x4EF8, 0x4EF8, 0x56F8, 0x4F18, 0x4F19, 
    0x4F19, 0x5718, 0x5ED6, 0x5AD6, 0x5ED6, 0x5AD7, 0x5AF7, 0x5EF7, 0x62F6, 0x62D6, 0x62F6, 0x66F6, 0x5EF7, 0x62F7, 0x6717, 0x5AF8, 
    0x62F8, 0x5B18, 0x6318, 0x66B3, 0x6EB4, 0x66B4, 0x6AD4, 0x6ED4, 0x7314, 0x6AD4, 0x66D4, 0x66D5, 0x66F5, 0x6AF5, 0x6EF4, 0x6AF5, 
    0x7315, 0x76F3, 0x7AF3, 0x7713, 0x7F13, 0x76F4, 0x7AF4, 0x7714, 0x7F14, 0x66F6, 0x66F6, 0x6AF6, 0x6EF6, 0x6B17, 0x66F6, 0x6B16, 
    0x6717, 0x6B17, 0x6B17, 0x6F17, 0x6F17, 0x6B18, 0x6718, 0x6718, 0x6B18, 0x6738, 0x6B38, 0x6F38, 0x6F38, 0x7337, 0x4F39, 0x5339, 
    0x5F39, 0x6339, 0x7B33, 0x7F53, 0x7F73, 0x7734, 0x7F34, 0x7F94, 0x7FB3, 0x7FB5, 0x7FD5, 0x6B38, 0x6B38, 0x7358, 0x6F38, 0x6F39, 
    0x7B57, 0x7F56, 0x7F76, 0x7758, 0x7B58, 0x7778, 0x7F78, 0x7FB6, 0x7FD7, 0x7FB8, 0x7FF8, 0x4EF9, 0x4F19, 0x4F19, 0x5719, 0x5B19, 
    0x6339, 0x6B39, 0x4F5A, 0x4F3A, 0x4F3A, 0x533A, 0x4F7A, 0x577A, 0x4F5B, 0x4F5B, 0x4F5B, 0x535B, 0x4F7B, 0x4F7C, 0x4F7C, 0x4F9C, 
    0x537C, 0x5B3A, 0x635A, 0x5F7A, 0x5B5B, 0x635B, 0x5B7C, 0x637C, 0x4FBC, 0x539C, 0x4F5C, 0x4F9D, 0x4F9D, 0x4F9D, 0x539D, 0x5B9D, 
    0x639D, 0x4FBD, 0x4FBD, 0x4FBD, 0x4FBD, 0x4FBE, 0x53BD, 0x4FDE, 0x4FBE, 0x4FDE, 0x53BE, 0x4FDF, 0x4FDE, 0x4FFF, 0x4FFF, 0x53FF, 
    0x5BBD, 0x63BD, 0x6B5A, 0x6B39, 0x6F59, 0x6F59, 0x737A, 0x6B5B, 0x6F5B, 0x6B7B, 0x6F7B, 0x7759, 0x777A, 0x777A, 0x7F9A, 0x779B, 
    0x7B9B, 0x7B9B, 0x7FBA, 0x7FFA, 0x7B9C, 0x7FBC, 0x7FFB, 0x6B9D, 0x739C, 0x6BBD, 0x73BD, 0x77BD, 0x7FBD, 0x7BBD, 0x7FFD, 0x7FFF, 
    0x5294, 0x5294, 0x5294, 0x5294, 0x5294, 0x5294, 0x5294, 0x5294, 0x5694, 0x5694, 0x5A94, 0x5694, 0x5AB4, 0x52B5, 0x56B5, 0x5AB4, 
    0x56B4, 0x5AB4, 0x5295, 0x56B5, 0x5AB5, 0x56B5, 0x52B6, 0x56B5, 0x5AD5, 0x56B5, 0x5AB5, 0x56B6, 0x5AB6, 0x56D6, 0x5AD6, 0x5EB4, 
    0x5ED4, 0x5EB4, 0x5EB5, 0x66B4, 0x62B4, 0x62D5, 0x66D4, 0x5EB5, 0x5EB6, 0x5EB5, 0x5EB5, 0x5ED5, 0x62D5, 0x5ED6, 0x5ED6, 0x62D5, 
    0x62D5, 0x66D5, 0x62D6, 0x52F6, 0x5AF6, 0x66F4, 0x5EF6, 0x62F6, 0x62F6, 0x62F5, 0x66F5, 0x62F6, 0x66F6, 0x66F6, 0x52D7, 0x52D7, 
    0x56D7, 0x56D7, 0x5AD7, 0x5AD8, 0x5ED7, 0x52F7, 0x52F7, 0x5AF7, 0x5AF7, 0x5318, 0x5B18, 0x52F9, 0x52F8, 0x5AF8, 0x5339, 0x5319, 
    0x5319, 0x5B19, 0x5EF7, 0x5EF7, 0x5EF7, 0x5EF7, 0x5EF7, 0x5EF7, 0x66F7, 0x62F7, 0x62F7, 0x66F7, 0x6318, 0x6717, 0x6718, 0x5F18, 
    0x6318, 0x5F19, 0x6719, 0x6AD4, 0x72D4, 0x6AD5, 0x6AF4, 0x72F4, 0x7315, 0x6AF5, 0x6AF5, 0x6AF6, 0x6AF6, 0x6B16, 0x72F5, 0x6B16, 
    0x7315, 0x76F4, 0x7B14, 0x7714, 0x7F34, 0x76F5, 0x7B15, 0x7715, 0x7F35, 0x6AF7, 0x6B17, 0x6B17, 0x6F17, 0x6B37, 0x6B17, 0x6B17, 
    0x6B17, 0x6F17, 0x6F38, 0x6F17, 0x6F38, 0x6B18, 0x6B18, 0x6B38, 0x6F38, 0x6B39, 0x6B39, 0x6F39, 0x6F38, 0x7738, 0x5359, 0x5759, 
    0x6359, 0x6759, 0x7B54, 0x7F54, 0x7F94, 0x7755, 0x7F55, 0x7F95, 0x7FB4, 0x7FB5, 0x7FD6, 0x6B59, 0x6F59, 0x7359, 0x6F58, 0x6F59, 
    0x7B57, 0x7F57, 0x7F77, 0x7759, 0x7B78, 0x7799, 0x7F99, 0x7FB7, 0x7FD7, 0x7FD9, 0x7FF9, 0x531A, 0x533A, 0x533A, 0x573A, 0x5F3A, 
    0x673A, 0x6B3A, 0x535A, 0x535B, 0x535B, 0x575A, 0x537B, 0x579A, 0x535C, 0x537B, 0x537B, 0x575B, 0x539C, 0x537C, 0x537C, 0x539C, 
    0x577C, 0x5F5A, 0x675A, 0x637B, 0x5F7B, 0x675B, 0x5F7C, 0x677C, 0x53BC, 0x57BC, 0x537D, 0x539D, 0x539D, 0x539D, 0x579D, 0x5F9D, 
    0x639D, 0x53BD, 0x53BD, 0x53BE, 0x53BE, 0x53DE, 0x57BE, 0x53DE, 0x53BE, 0x53DE, 0x57DE, 0x53FF, 0x53DF, 0x53FF, 0x53FF, 0x57FF, 
    0x5FBD, 0x67BD, 0x6B5A, 0x6F5A, 0x735A, 0x6F5A, 0x737B, 0x6B7B, 0x6F7B, 0x6B7C, 0x739C, 0x777A, 0x779A, 0x777B, 0x7F9B, 0x779C, 
    0x7B9B, 0x7B9B, 0x7FBA, 0x7FFA, 0x7BBC, 0x7FBC, 0x7FFC, 0x6B9D, 0x739D, 0x6BBD, 0x73BD, 0x7BBD, 0x7FBD, 0x7BDD, 0x7FFD, 0x7FFF, 
    0x56B5, 0x56B5, 0x56B5, 0x56B5, 0x56B5, 0x56B5, 0x56B5, 0x56B5, 0x5AB5, 0x5AB5, 0x5EB5, 0x5AB5, 0x5EB5, 0x56D5, 0x56D5, 0x5ED5, 
    0x5AD5, 0x5ED5, 0x56B6, 0x56B6, 0x5EB6, 0x5AB6, 0x56D7, 0x56D6, 0x5AF6, 0x5AD6, 0x5ED6, 0x5AD7, 0x5ED7, 0x5AF7, 0x5EF7, 0x5EB5, 
    0x62D5, 0x5ED5, 0x62D5, 0x66D5, 0x66D5, 0x66F5, 0x66F5, 0x5EB6, 0x62D7, 0x5ED6, 0x62D6, 0x62F6, 0x62F6, 0x5EF7, 0x62F7, 0x66D6, 
    0x66F6, 0x66F6, 0x66F7, 0x56F7, 0x5EF7, 0x66F5, 0x62F7, 0x62F7, 0x6717, 0x66F6, 0x6AF6, 0x66F7, 0x6B17, 0x6B17, 0x56F8, 0x56F7, 
    0x5AF8, 0x5AF7, 0x5EF7, 0x5EF9, 0x5EF7, 0x5718, 0x56F8, 0x5B18, 0x5EF7, 0x5738, 0x5B38, 0x5719, 0x5719, 0x5B19, 0x5739, 0x573A, 
    0x573A, 0x5B39, 0x6318, 0x5EF7, 0x6317, 0x5F18, 0x6318, 0x6318, 0x6718, 0x6717, 0x6717, 0x6B17, 0x6338, 0x6738, 0x6B38, 0x6319, 
    0x6719, 0x6339, 0x6739, 0x6AF5, 0x72F5, 0x6AF6, 0x6EF5, 0x7315, 0x7735, 0x6F16, 0x6AF6, 0x6B17, 0x6B17, 0x6F17, 0x7316, 0x6F37, 
    0x7336, 0x7715, 0x7B15, 0x7B35, 0x7F35, 0x7716, 0x7B16, 0x7736, 0x7F36, 0x6B18, 0x6B17, 0x6F17, 0x7317, 0x6F38, 0x6B37, 0x6F38, 
    0x6B38, 0x6F38, 0x6F38, 0x7338, 0x7338, 0x6F39, 0x6B39, 0x6B39, 0x6F59, 0x6B59, 0x6F59, 0x7359, 0x7359, 0x7758, 0x575A, 0x5B5A, 
    0x635A, 0x6B5A, 0x7B55, 0x7F75, 0x7F95, 0x7B56, 0x7F56, 0x7F96, 0x7FB5, 0x7FB6, 0x7FD6, 0x6F59, 0x6F5A, 0x7379, 0x7359, 0x735A, 
    0x7B78, 0x7F78, 0x7F98, 0x7779, 0x7B79, 0x7B99, 0x7F99, 0x7FD8, 0x7FD8, 0x7FD9, 0x7FF9, 0x571A, 0x573A, 0x573A, 0x5B3A, 0x633A, 
    0x675A, 0x6B5A, 0x577B, 0x575B, 0x575B, 0x5B5B, 0x579B, 0x5B9B, 0x577C, 0x577C, 0x577C, 0x5B7C, 0x579C, 0x579C, 0x579C, 0x579C, 
    0x5B9C, 0x635B, 0x675B, 0x679B, 0x637C, 0x677C, 0x639C, 0x679C, 0x57BC, 0x5BBD, 0x577D, 0x579D, 0x579D, 0x579D, 0x5B9D, 0x639D, 
    0x679D, 0x57BD, 0x57BD, 0x57BE, 0x57BE, 0x57DE, 0x5BBE, 0x57DE, 0x57DE, 0x57DE, 0x5BDE, 0x57FF, 0x57DF, 0x57FF, 0x57FF, 0x5BFF, 
    0x63BD, 0x67BD, 0x6F7B, 0x6F5A, 0x737A, 0x737A, 0x739B, 0x6F7C, 0x737C, 0x6F9C, 0x739C, 0x777A, 0x7B9B, 0x779B, 0x7F9B, 0x779C, 
    0x7B9C, 0x7B9C, 0x7FBB, 0x7FFA, 0x7BBC, 0x7FBC, 0x7FFC, 0x6F9D, 0x779D, 0x6BBD, 0x73BD, 0x7BBD, 0x7FDD, 0x7FDD, 0x7FFD, 0x7FFF, 
    0x5AD6, 0x5AD6, 0x5AD6, 0x5AD6, 0x5AD6, 0x5AD6, 0x5AD6, 0x5AD6, 0x5ED6, 0x5ED6, 0x5ED6, 0x5ED6, 0x5ED6, 0x5AF6, 0x5AF6, 0x62F6, 
    0x5EF6, 0x5EF6, 0x5AD7, 0x5AD7, 0x5ED7, 0x5ED7, 0x5AF7, 0x5AF7, 0x5EF7, 0x5EF7, 0x5EF7, 0x5EF7, 0x5EF7, 0x5EF8, 0x5EF8, 0x62D6, 
    0x66F6, 0x62F6, 0x66F6, 0x6AF6, 0x66F6, 0x66F6, 0x6B16, 0x62D7, 0x62F7, 0x62F7, 0x66F7, 0x62F7, 0x66F7, 0x62F7, 0x6717, 0x6AF7, 
    0x66F7, 0x6B17, 0x6717, 0x5B18, 0x5F18, 0x6B16, 0x6317, 0x6717, 0x6B38, 0x6B17, 0x6B17, 0x6B17, 0x6B17, 0x6B38, 0x5AF8, 0x5AF8, 
    0x5EF8, 0x5EF8, 0x5F18, 0x5F19, 0x6318, 0x5B19, 0x5B19, 0x5F19, 0x6318, 0x5B39, 0x5F39, 0x5B3A, 0x5B39, 0x5F3A, 0x5B5A, 0x5B3A, 
    0x5B3A, 0x5F3A, 0x6738, 0x6318, 0x6718, 0x6319, 0x6339, 0x6739, 0x6B38, 0x6718, 0x6738, 0x6B38, 0x6739, 0x6B39, 0x6B39, 0x6739, 
    0x6739, 0x633A, 0x6B5A, 0x6F16, 0x7316, 0x6F17, 0x6F16, 0x7316, 0x7736, 0x6F17, 0x6F17, 0x6F17, 0x6F38, 0x6F38, 0x7337, 0x6F38, 
    0x7337, 0x7B36, 0x7B36, 0x7B56, 0x7F56, 0x7737, 0x7B37, 0x7B37, 0x7F57, 0x6F38, 0x6F38, 0x6F38, 0x7338, 0x6F59, 0x6F38, 0x6F38, 
    0x6F39, 0x6F59, 0x6F59, 0x7359, 0x7359, 0x6F59, 0x6F59, 0x6F59, 0x6F59, 0x6F5A, 0x6F5A, 0x735A, 0x7359, 0x7759, 0x5B7A, 0x5F7A, 
    0x677A, 0x6B7A, 0x7B76, 0x7F76, 0x7F96, 0x7B77, 0x7F77, 0x7F97, 0x7FB6, 0x7FD7, 0x7FD7, 0x6F7A, 0x6F7A, 0x777A, 0x737A, 0x737A, 
    0x7B79, 0x7F78, 0x7F99, 0x777A, 0x7F7A, 0x7B9A, 0x7F9A, 0x7FD8, 0x7FF9, 0x7FDA, 0x7FFA, 0x5B3B, 0x5B5B, 0x5B5B, 0x5F5B, 0x635B, 
    0x6B5B, 0x6F5B, 0x5B7B, 0x5B7B, 0x5B7B, 0x5F7B, 0x5B9C, 0x5F9B, 0x5B7C, 0x5B7C, 0x5B7C, 0x5F7C, 0x5B9C, 0x5B9D, 0x5B9D, 0x5BBD, 
    0x5F9C, 0x637B, 0x6B7B, 0x679C, 0x637C, 0x6B7C, 0x639D, 0x6B9C, 0x5BBD, 0x5FBD, 0x5B9D, 0x5B9E, 0x5BBD, 0x5BBD, 0x5FBD, 0x639D, 
    0x6BBD, 0x5BDE, 0x5BBD, 0x5BBE, 0x5BBE, 0x5BDE, 0x5FDE, 0x5BDE, 0x5BDF, 0x5BDF, 0x5FDE, 0x5BFF, 0x5BFF, 0x5BFF, 0x5BFF, 0x5FFF, 
    0x67BE, 0x6BBE, 0x6F7B, 0x6F7B, 0x737B, 0x737B, 0x779B, 0x6F7C, 0x739C, 0x6F9C, 0x739C, 0x777B, 0x7B9B, 0x779B, 0x7FBB, 0x7BBC, 
    0x7BBC, 0x7BBC, 0x7FDB, 0x7FFB, 0x7BBD, 0x7FBD, 0x7FFC, 0x6FBD, 0x779D, 0x6FBE, 0x73BD, 0x7BDE, 0x7FDD, 0x7FDD, 0x7FFE, 0x7FFF, 
    0x5EF7, 0x5EF7, 0x5EF7, 0x5EF7, 0x5EF7, 0x5EF7, 0x5EF7, 0x5EF7, 0x62F7, 0x62F7, 0x62F7, 0x62F7, 0x62F7, 0x5F17, 0x5F17, 0x6317, 
    0x6317, 0x6317, 0x5EF8, 0x5EF8, 0x62F8, 0x62F8, 0x5F18, 0x5F18, 0x6318, 0x6318, 0x6318, 0x6318, 0x6318, 0x6318, 0x6318, 0x66F7, 
    0x6717, 0x6717, 0x6717, 0x6B17, 0x6B17, 0x6B17, 0x6F17, 0x66F8, 0x6718, 0x6718, 0x6718, 0x6718, 0x6718, 0x6718, 0x6718, 0x6B18, 
    0x6B18, 0x6B18, 0x6B18, 0x5F38, 0x6338, 0x6F37, 0x6738, 0x6B38, 0x6B38, 0x6B38, 0x6F38, 0x6B38, 0x6F38, 0x6F38, 0x5F19, 0x5F19, 
    0x6319, 0x6319, 0x6319, 0x631A, 0x6719, 0x5F39, 0x5F39, 0x6339, 0x6339, 0x5F5A, 0x635A, 0x5F3A, 0x5F3A, 0x633A, 0x5F5A, 0x5F5B, 
    0x5F5B, 0x635A, 0x6739, 0x6739, 0x6739, 0x6739, 0x6739, 0x6739, 0x6B39, 0x6B39, 0x6B39, 0x6F39, 0x6B5A, 0x6B59, 0x6F59, 0x673A, 
    0x6B5A, 0x675A, 0x6B5A, 0x6F17, 0x7317, 0x6F18, 0x7337, 0x7737, 0x7757, 0x7338, 0x6F38, 0x6F38, 0x6F38, 0x7358, 0x7738, 0x6F58, 
    0x7758, 0x7B37, 0x7F57, 0x7B57, 0x7F57, 0x7B38, 0x7F58, 0x7B58, 0x7F58, 0x6F39, 0x6F59, 0x7359, 0x7359, 0x7359, 0x6F59, 0x7359, 
    0x6F59, 0x7359, 0x7359, 0x7359, 0x737A, 0x735A, 0x6F5A, 0x6F5A, 0x737A, 0x6F7A, 0x737B, 0x737A, 0x737A, 0x777A, 0x5F7B, 0x637B, 
    0x6B7B, 0x6F7B, 0x7B77, 0x7F97, 0x7FB7, 0x7B78, 0x7F78, 0x7FB8, 0x7FD7, 0x7FD8, 0x7FF8, 0x737A, 0x737B, 0x777B, 0x737A, 0x737B, 
    0x7B99, 0x7F99, 0x7F99, 0x7B9A, 0x7F9A, 0x7B9A, 0x7FBA, 0x7FD9, 0x7FF9, 0x7FDA, 0x7FFA, 0x5F5B, 0x5F5B, 0x5F7B, 0x635B, 0x675B, 
    0x6B7B, 0x6F7B, 0x5F7C, 0x5F7C, 0x5F7C, 0x637C, 0x5F9C, 0x639C, 0x5F9D, 0x5F9C, 0x5F9C, 0x639C, 0x5F9D, 0x5F9D, 0x5F9D, 0x5FBD, 
    0x639D, 0x677C, 0x6B7C, 0x6B9C, 0x679C, 0x6B9C, 0x679D, 0x6B9D, 0x5FBD, 0x63BD, 0x5F9D, 0x5FBE, 0x5FBD, 0x5FBE, 0x63BE, 0x67BD, 
    0x6BBD, 0x5FDE, 0x5FBE, 0x5FDE, 0x5FDE, 0x5FDE, 0x63DE, 0x5FFE, 0x5FDF, 0x5FDF, 0x63DF, 0x5FFF, 0x5FFF, 0x5FFF, 0x5FFF, 0x63FF, 
    0x67DE, 0x6BDE, 0x6F7B, 0x737B, 0x779B, 0x739B, 0x779C, 0x739C, 0x739C, 0x6F9D, 0x779D, 0x779B, 0x7B9C, 0x7B9C, 0x7FBC, 0x7BBD, 
    0x7BBC, 0x7FBC, 0x7FDB, 0x7FFB, 0x7BBD, 0x7FDD, 0x7FFD, 0x6FBD, 0x77BD, 0x6FBE, 0x77BE, 0x7BDE, 0x7FDE, 0x7FDE, 0x7FFE, 0x7FFF, 
    0x6318, 0x6318, 0x6318, 0x6318, 0x6318, 0x6318, 0x6318, 0x6318, 0x6718, 0x6718, 0x6718, 0x6718, 0x6718, 0x6338, 0x6318, 0x6738, 
    0x6718, 0x6718, 0x6319, 0x6319, 0x6719, 0x6319, 0x6339, 0x6319, 0x6739, 0x6739, 0x6739, 0x6739, 0x6739, 0x6739, 0x6739, 0x6B18, 
    0x6B38, 0x6B38, 0x6B38, 0x6F38, 0x6F38, 0x6F38, 0x6F38, 0x6718, 0x6B39, 0x6B39, 0x6B38, 0x6B39, 0x6B39, 0x6B39, 0x6B39, 0x6F39, 
    0x6F39, 0x6F39, 0x6F39, 0x6359, 0x6759, 0x6F38, 0x6B39, 0x6B59, 0x6F59, 0x6F39, 0x6F59, 0x6F59, 0x6F59, 0x6F59, 0x633A, 0x633A, 
    0x673A, 0x673A, 0x673A, 0x673B, 0x6B3A, 0x635A, 0x635A, 0x675A, 0x675A, 0x637A, 0x677A, 0x635B, 0x635B, 0x675B, 0x637B, 0x637B, 
    0x637B, 0x677B, 0x6B5A, 0x6B5A, 0x6B5A, 0x6B5A, 0x6B5A, 0x6B5A, 0x6F5A, 0x6F5A, 0x6F5A, 0x6F5A, 0x6B7A, 0x6F7A, 0x6F7A, 0x6B5B, 
    0x6F5B, 0x6B7B, 0x6F7B, 0x7338, 0x7738, 0x7339, 0x7358, 0x7758, 0x7778, 0x7359, 0x7359, 0x7359, 0x7359, 0x7359, 0x7759, 0x7379, 
    0x7779, 0x7B58, 0x7F58, 0x7B78, 0x7F78, 0x7B59, 0x7F58, 0x7B79, 0x7F78, 0x735A, 0x735A, 0x735A, 0x7759, 0x737A, 0x737A, 0x737A, 
    0x737A, 0x737A, 0x737A, 0x777A, 0x777A, 0x737B, 0x737B, 0x737B, 0x737B, 0x737B, 0x737B, 0x777B, 0x777B, 0x7B7A, 0x639B, 0x679B, 
    0x6B9B, 0x6F9B, 0x7B98, 0x7F98, 0x7FB8, 0x7B99, 0x7F99, 0x7FB9, 0x7FD8, 0x7FD9, 0x7FF9, 0x739B, 0x739B, 0x779B, 0x779B, 0x779B, 
    0x7B9A, 0x7F9A, 0x7FBA, 0x7B9B, 0x7F9B, 0x7BBB, 0x7FBB, 0x7FDA, 0x7FFA, 0x7FDB, 0x7FFB, 0x635C, 0x637C, 0x637C, 0x677C, 0x6B7C, 
    0x6F7C, 0x737C, 0x639C, 0x639C, 0x639C, 0x679C, 0x63BC, 0x67BC, 0x639D, 0x639D, 0x639D, 0x679D, 0x63BD, 0x63BD, 0x63BD, 0x63BD, 
    0x67BD, 0x6B9C, 0x6F9C, 0x6FBC, 0x6B9D, 0x6F9D, 0x6BBD, 0x6FBD, 0x63DD, 0x63DD, 0x639E, 0x63BE, 0x63BE, 0x63BE, 0x67BE, 0x6BBE, 
    0x6FBE, 0x63DE, 0x63DE, 0x63DE, 0x63DE, 0x63DE, 0x67DE, 0x63FE, 0x63DF, 0x63DF, 0x67DF, 0x63FF, 0x63FF, 0x63FF, 0x63FF, 0x63FF, 
    0x6BDE, 0x6FDE, 0x739C, 0x739C, 0x779C, 0x779C, 0x77BC, 0x739D, 0x779D, 0x73BD, 0x77BD, 0x7B9C, 0x7BBC, 0x7BBC, 0x7FBC, 0x7BBD, 
    0x7BBD, 0x7FBD, 0x7FDC, 0x7FFC, 0x7BDD, 0x7FDD, 0x7FFD, 0x73BE, 0x77BE, 0x73DE, 0x77DE, 0x7BDE, 0x7FDE, 0x7FDE, 0x7FFE, 0x7FFF, 
    0x6739, 0x6739, 0x6739, 0x6739, 0x6739, 0x6739, 0x6739, 0x6739, 0x6739, 0x6739, 0x6B39, 0x6739, 0x6B39, 0x6739, 0x6739, 0x6B39, 
    0x6739, 0x6B39, 0x6339, 0x6739, 0x6B39, 0x6739, 0x675A, 0x6739, 0x6B59, 0x6739, 0x6B39, 0x673A, 0x6B5A, 0x6B5A, 0x6B5A, 0x6B39, 
    0x6F59, 0x6B39, 0x6F39, 0x6F39, 0x6F39, 0x6F59, 0x7359, 0x6B39, 0x6B3A, 0x6B39, 0x6F39, 0x6B59, 0x6F59, 0x6B5A, 0x6F5A, 0x6F59, 
    0x6F59, 0x7359, 0x6F5A, 0x675A, 0x6B5A, 0x7359, 0x6F5A, 0x6F5A, 0x6F7A, 0x6F59, 0x7359, 0x6F5A, 0x735A, 0x737A, 0x675A, 0x675A, 
    0x6B5A, 0x675A, 0x6B5A, 0x6B5B, 0x6B5A, 0x675B, 0x675B, 0x6B5B, 0x6B5A, 0x677B, 0x6B7B, 0x677B, 0x677B, 0x6B7B, 0x677B, 0x677C, 
    0x677C, 0x6B7C, 0x6F7A, 0x6B5A, 0x6F5A, 0x6B5B, 0x6B7B, 0x6F7B, 0x737B, 0x6F5A, 0x6F7A, 0x737A, 0x6F7B, 0x6F7B, 0x737B, 0x6F7B, 
    0x6F7B, 0x6F7B, 0x6F7B, 0x7359, 0x7759, 0x7359, 0x7359, 0x7759, 0x7B79, 0x7359, 0x7359, 0x735A, 0x737A, 0x737A, 0x7779, 0x737A, 
    0x777A, 0x7B79, 0x7F79, 0x7B79, 0x7F99, 0x7B79, 0x7F79, 0x7B79, 0x7F79, 0x737B, 0x737A, 0x737A, 0x777A, 0x739B, 0x737A, 0x777A, 
    0x737B, 0x777B, 0x779B, 0x777B, 0x779B, 0x777B, 0x737B, 0x739B, 0x779B, 0x739C, 0x779C, 0x779C, 0x779B, 0x7B9B, 0x679C, 0x679C, 
    0x6F9C, 0x739C, 0x7B99, 0x7F99, 0x7FB9, 0x7B99, 0x7F99, 0x7FB9, 0x7FD9, 0x7FDA, 0x7FFA, 0x779B, 0x779C, 0x779C, 0x779B, 0x779C, 
    0x7B9B, 0x7F9B, 0x7FBB, 0x7B9C, 0x7FBB, 0x7BBC, 0x7FBC, 0x7FDB, 0x7FFB, 0x7FDB, 0x7FFC, 0x677C, 0x677C, 0x679C, 0x6B9C, 0x6B9C, 
    0x6F9C, 0x739C, 0x679C, 0x679D, 0x679D, 0x679C, 0x67BD, 0x6BBC, 0x679D, 0x67BD, 0x67BD, 0x67BD, 0x67BD, 0x67BD, 0x67BD, 0x67BE, 
    0x67BD, 0x6F9C, 0x6F9D, 0x6FBD, 0x6FBD, 0x6F9D, 0x6BBD, 0x6FBD, 0x67DE, 0x67DE, 0x67BE, 0x67BE, 0x67BE, 0x67BE, 0x67BE, 0x6BBE, 
    0x6FBE, 0x67DE, 0x67DE, 0x67DE, 0x67DE, 0x67DE, 0x67DE, 0x67FE, 0x67DF, 0x67DF, 0x67DF, 0x67FF, 0x67FF, 0x67FF, 0x67FF, 0x67FF, 
    0x6FDE, 0x6FDE, 0x739C, 0x779C, 0x779C, 0x779C, 0x77BD, 0x73BD, 0x77BD, 0x73BD, 0x77BD, 0x7BBC, 0x7BBC, 0x7BBD, 0x7FBD, 0x7BBD, 
    0x7BBD, 0x7FDD, 0x7FDC, 0x7FFC, 0x7BDD, 0x7FDD, 0x7FFD, 0x73BE, 0x7BBE, 0x73DE, 0x77DE, 0x7BDE, 0x7FDE, 0x7FDE, 0x7FFE, 0x7FFF, 
    0x6739, 0x6B5A, 0x6B5A, 0x6B5A, 0x6B5A, 0x6B5A, 0x6B5A, 0x6B5A, 0x6B59, 0x6B5A, 0x6F5A, 0x6B5A, 0x6F5A, 0x6B5A, 0x6B5A, 0x6F5A, 
    0x6B5A, 0x6F5A, 0x675A, 0x6B5A, 0x6F5A, 0x6B5A, 0x6B5B, 0x6B5A, 0x6F7A, 0x6B5A, 0x6F5A, 0x6B5B, 0x6F5B, 0x6B7B, 0x6F7B, 0x6F5A, 
    0x6F5A, 0x6F5A, 0x6F5A, 0x735A, 0x735A, 0x737A, 0x737A, 0x6F5A, 0x6F5B, 0x6F5A, 0x6F5A, 0x6F7A, 0x6F7A, 0x6F7B, 0x6F7B, 0x737A, 
    0x737A, 0x737A, 0x737B, 0x6B7B, 0x6F7B, 0x737A, 0x6F7B, 0x6F7B, 0x737B, 0x737A, 0x737A, 0x737B, 0x737B, 0x737B, 0x6B7B, 0x6B7B, 
    0x6B7B, 0x6B7B, 0x6F7B, 0x6F7C, 0x6F7B, 0x6B7B, 0x6B7B, 0x6B7B, 0x6F7B, 0x6B9C, 0x6B9C, 0x6B7C, 0x6B7C, 0x6B7C, 0x6B9C, 0x6B9C, 
    0x6B9C, 0x6B9C, 0x6F7B, 0x6F7B, 0x6F7B, 0x6F7B, 0x6F7B, 0x6F7B, 0x737B, 0x737B, 0x737B, 0x737B, 0x739C, 0x739B, 0x739B, 0x6F7C, 
    0x739C, 0x6F9C, 0x739C, 0x777A, 0x777A, 0x777A, 0x777A, 0x7B7A, 0x7B9A, 0x777A, 0x777A, 0x777B, 0x777B, 0x777B, 0x7B7A, 0x779B, 
    0x7B9A, 0x7B7A, 0x7F7A, 0x7B9A, 0x7F9A, 0x7B7A, 0x7F7A, 0x7B9A, 0x7F9A, 0x777B, 0x777B, 0x779B, 0x779B, 0x779B, 0x779B, 0x779B, 
    0x779B, 0x779B, 0x779B, 0x779B, 0x779B, 0x779C, 0x779C, 0x779C, 0x779C, 0x779C, 0x779C, 0x779C, 0x779C, 0x7B9C, 0x6B9C, 0x6B9C, 
    0x739C, 0x739C, 0x7F9A, 0x7FBA, 0x7FDA, 0x7BBA, 0x7FBA, 0x7FDA, 0x7FDA, 0x7FDA, 0x7FFA, 0x779C, 0x77BC, 0x7BBC, 0x77BC, 0x77BC, 
    0x7FBB, 0x7FBB, 0x7FBB, 0x7BBC, 0x7FBC, 0x7BBC, 0x7FDC, 0x7FDB, 0x7FFB, 0x7FDC, 0x7FFC, 0x679C, 0x6B9D, 0x6B9D, 0x6B9D, 0x6F9D, 
    0x739D, 0x779D, 0x6BBD, 0x6BBD, 0x6BBD, 0x6BBD, 0x6BBD, 0x6BBD, 0x6BBE, 0x6BBD, 0x6BBD, 0x6BBD, 0x6BBE, 0x6BBE, 0x6BBE, 0x6BDE, 
    0x6BBE, 0x6FBD, 0x73BD, 0x73BD, 0x6FBD, 0x73BD, 0x6FBE, 0x73BE, 0x6BDE, 0x6BDE, 0x6BBE, 0x6BDE, 0x6BDE, 0x6BDE, 0x6BDE, 0x6FDE, 
    0x73DE, 0x6BDE, 0x6BDE, 0x6BDE, 0x6BDE, 0x6BDF, 0x6BDE, 0x6BFF, 0x6BDF, 0x6BFF, 0x6BDF, 0x6BFF, 0x6BFF, 0x6BFF, 0x6BFF, 0x6BFF, 
    0x6FDE, 0x73DE, 0x77BD, 0x77BC, 0x7BBD, 0x77BD, 0x7BBD, 0x77BD, 0x77BD, 0x77BE, 0x7BBE, 0x7BBD, 0x7BBD, 0x7BBD, 0x7FDD, 0x7BDD, 
    0x7FDD, 0x7FDD, 0x7FDD, 0x7FFD, 0x7FDE, 0x7FDE, 0x7FFE, 0x77DE, 0x7BDE, 0x77DE, 0x7BDE, 0x7BDE, 0x7FDE, 0x7FDE, 0x7FFE, 0x7FFF, 
    0x6B5A, 0x6F7B, 0x6F7B, 0x6F7B, 0x6F7B, 0x6F7B, 0x6F7B, 0x6F7B, 0x6F5A, 0x6F7B, 0x6F7B, 0x6F7B, 0x6F7B, 0x6B7B, 0x6F7B, 0x6F7B, 
    0x6F7B, 0x6F7B, 0x6B7B, 0x6F7B, 0x6F7B, 0x6F7B, 0x6F7B, 0x6F7B, 0x6F7B, 0x6F7B, 0x6F7B, 0x6F7B, 0x6F7B, 0x6F7B, 0x6F7B, 0x737B, 
    0x737B, 0x737B, 0x737B, 0x777B, 0x737B, 0x737B, 0x777B, 0x737B, 0x737B, 0x737B, 0x737B, 0x737B, 0x737B, 0x737B, 0x737B, 0x737B, 
    0x737B, 0x777B, 0x739B, 0x6F9C, 0x6F9C, 0x779B, 0x739B, 0x739B, 0x739B, 0x739B, 0x779B, 0x739B, 0x779B, 0x779B, 0x6F7C, 0x6F7C, 
    0x6F7C, 0x6F7C, 0x6F7C, 0x6F9C, 0x739C, 0x6F9C, 0x6F9C, 0x6F9C, 0x6F9C, 0x6F9C, 0x6F9C, 0x6F9D, 0x6F9C, 0x6F9C, 0x6FBD, 0x6B9D, 
    0x6F9D, 0x6F9D, 0x739C, 0x739C, 0x739C, 0x739C, 0x739C, 0x739C, 0x779C, 0x739C, 0x739C, 0x779C, 0x739C, 0x779C, 0x779C, 0x739C, 
    0x739C, 0x739D, 0x77BD, 0x777B, 0x7B9B, 0x779B, 0x779B, 0x7B9B, 0x7B9B, 0x779B, 0x779B, 0x779B, 0x779B, 0x779B, 0x7B9B, 0x779B, 
    0x7B9B, 0x7B9B, 0x7F9B, 0x7F9B, 0x7FBB, 0x7B9B, 0x7F9B, 0x7B9B, 0x7FBB, 0x779C, 0x779C, 0x779C, 0x7B9C, 0x77BC, 0x779C, 0x779C, 
    0x779C, 0x779C, 0x77BC, 0x7BBC, 0x7BBC, 0x779C, 0x779C, 0x77BC, 0x77BC, 0x77BD, 0x77BD, 0x7BBD, 0x7BBC, 0x7BBC, 0x6FBD, 0x6FBD, 
    0x73BD, 0x77BD, 0x7FBB, 0x7FBB, 0x7FDB, 0x7FBB, 0x7FBB, 0x7FDB, 0x7FDB, 0x7FDB, 0x7FFB, 0x77BD, 0x77BD, 0x7BBD, 0x7BBC, 0x7BBD, 
    0x7FBC, 0x7FBC, 0x7FDC, 0x7BBD, 0x7FBC, 0x7FDD, 0x7FDD, 0x7FFC, 0x7FFC, 0x7FFD, 0x7FFD, 0x6B9D, 0x6FBD, 0x6FBD, 0x6FBD, 0x73BD, 
    0x77BD, 0x77BD, 0x6FBD, 0x6FBD, 0x6FBD, 0x6FBD, 0x6FDD, 0x6FDD, 0x6FBE, 0x6FBE, 0x6FBE, 0x6FBE, 0x6FDE, 0x6FDE, 0x6FDE, 0x6FDE, 
    0x6FDE, 0x73BD, 0x77BD, 0x73DD, 0x73BE, 0x77BE, 0x73DE, 0x77DE, 0x6FDE, 0x6FDE, 0x6FBE, 0x6FDE, 0x6FDE, 0x6FDE, 0x6FDE, 0x73DE, 
    0x73DE, 0x6FDF, 0x6FDE, 0x6FDF, 0x6FDF, 0x6FFF, 0x6FDF, 0x6FFF, 0x6FFF, 0x6FFF, 0x6FFF, 0x6FFF, 0x6FFF, 0x6FFF, 0x6FFF, 0x6FFF, 
    0x73DE, 0x77DE, 0x77BD, 0x77BD, 0x7BBD, 0x7BBD, 0x7BDD, 0x77BE, 0x7BBE, 0x77DE, 0x7BDE, 0x7BBD, 0x7FDD, 0x7BDD, 0x7FDD, 0x7BDE, 
    0x7FDE, 0x7FDE, 0x7FDD, 0x7FFD, 0x7FDE, 0x7FDE, 0x7FFE, 0x77DE, 0x7BDE, 0x77DE, 0x7BDE, 0x7FDE, 0x7FFE, 0x7FFE, 0x7FFE, 0x7FFF, 
    0x6F7B, 0x739B, 0x739C, 0x739C, 0x739C, 0x739C, 0x6F9C, 0x739C, 0x737B, 0x739C, 0x739B, 0x739C, 0x739C, 0x6F9C, 0x739C, 0x739C, 
    0x739C, 0x739C, 0x6F9C, 0x739C, 0x739C, 0x739C, 0x739C, 0x739C, 0x739C, 0x739C, 0x739C, 0x739C, 0x739C, 0x739C, 0x739C, 0x739C, 
    0x779C, 0x739C, 0x779C, 0x779C, 0x779C, 0x779C, 0x779C, 0x739C, 0x779C, 0x739C, 0x779C, 0x779C, 0x779C, 0x739C, 0x779C, 0x779C, 
    0x779C, 0x779C, 0x779C, 0x739C, 0x739C, 0x779C, 0x779C, 0x779C, 0x77BC, 0x779C, 0x779C, 0x779C, 0x77BC, 0x77BC, 0x739D, 0x739C, 
    0x739D, 0x739C, 0x739C, 0x739D, 0x739C, 0x73BD, 0x739D, 0x73BD, 0x739C, 0x73BD, 0x73BD, 0x73BD, 0x73BD, 0x73BD, 0x73BD, 0x6FBD, 
    0x73BD, 0x73BD, 0x77BD, 0x739D, 0x77BC, 0x73BD, 0x77BD, 0x77BD, 0x77BD, 0x77BC, 0x77BC, 0x77BC, 0x77BD, 0x77BD, 0x77BD, 0x77BD, 
    0x77BD, 0x77BD, 0x77BD, 0x7B9C, 0x7B9C, 0x7B9C, 0x7B9C, 0x7BBC, 0x7BBC, 0x7BBC, 0x77BC, 0x77BC, 0x7BBC, 0x7BBC, 0x7BBC, 0x7BBC, 
    0x7BBC, 0x7FBC, 0x7FBC, 0x7FBC, 0x7FBC, 0x7FBC, 0x7FBC, 0x7FBC, 0x7FBC, 0x7BBD, 0x7BBC, 0x7BBC, 0x7BBC, 0x7BBD, 0x7BBD, 0x7BBD, 
    0x7BBD, 0x7BBD, 0x7BBD, 0x7BBD, 0x7BBD, 0x7BBD, 0x7BBD, 0x7BBD, 0x7BBD, 0x7BBD, 0x7BBD, 0x7BBD, 0x7BBD, 0x7BBD, 0x73BD, 0x73BD, 
    0x77BD, 0x77BD, 0x7FBC, 0x7FDC, 0x7FDC, 0x7FDC, 0x7FDC, 0x7FDC, 0x7FFC, 0x7FFC, 0x7FFC, 0x7BBD, 0x7BBD, 0x7BDD, 0x7BBD, 0x7BDD, 
    0x7FDD, 0x7FDD, 0x7FDD, 0x7FDD, 0x7FDD, 0x7FDD, 0x7FDD, 0x7FFD, 0x7FFD, 0x7FFD, 0x7FFD, 0x6FBD, 0x73BE, 0x73BE, 0x73BE, 0x77BE, 
    0x77BE, 0x7BBD, 0x73DE, 0x6FDE, 0x73DE, 0x73DE, 0x73DE, 0x73DE, 0x73DE, 0x6FDE, 0x73DE, 0x73DE, 0x73DE, 0x6FDE, 0x73DE, 0x73DE, 
    0x73DE, 0x77DE, 0x77DE, 0x77DE, 0x77DE, 0x77DE, 0x77DE, 0x77DE, 0x73FE, 0x73DE, 0x73DE, 0x73DF, 0x73DF, 0x73DF, 0x73DF, 0x77DF, 
    0x77DF, 0x73FF, 0x73FF, 0x73FF, 0x73FF, 0x73FF, 0x73FF, 0x73FF, 0x73FF, 0x73FF, 0x73FF, 0x73FF, 0x73FF, 0x73FF, 0x73FF, 0x73FF, 
    0x77FF, 0x77FF, 0x7BDE, 0x7BDD, 0x7BDE, 0x7BDE, 0x7BDE, 0x7BDE, 0x7BDE, 0x7BDE, 0x7BDE, 0x7FDE, 0x7FDE, 0x7FDE, 0x7FDE, 0x7FDE, 
    0x7FDE, 0x7FDE, 0x7FFE, 0x7FFE, 0x7FDE, 0x7FFE, 0x7FFE, 0x7BDF, 0x7BDE, 0x7BFF, 0x7BFF, 0x7FFF, 0x7FFF, 0x7FFF, 0x7FFF, 0x7FFF, 
    0x739C, 0x779C, 0x73BC, 0x77BC, 0x739D, 0x779D, 0x73BD, 0x77BD, 0x779C, 0x77BC, 0x77BC, 0x77BD, 0x77BD, 0x73BD, 0x77BD, 0x77BD, 
    0x77BD, 0x77BD, 0x73BD, 0x77BD, 0x77BD, 0x77BD, 0x77BD, 0x77BD, 0x77BD, 0x77BD, 0x77BD, 0x77BD, 0x77BD, 0x77BD, 0x77BD, 0x77BD, 
    0x77BD, 0x77BD, 0x77BD, 0x7BBC, 0x7BBD, 0x7BBD, 0x7BBD, 0x77BD, 0x77BD, 0x77BD, 0x77BD, 0x77BD, 0x77BD, 0x77BD, 0x77BD, 0x7BBD, 
    0x7BBD, 0x7BBD, 0x7BBD, 0x77BD, 0x77BD, 0x7BBD, 0x77BD, 0x77BD, 0x7BBD, 0x7BBD, 0x7BBD, 0x7BBD, 0x7BBD, 0x7BBD, 0x73BD, 0x77BD, 
    0x77BD, 0x77BD, 0x77BD, 0x77BE, 0x77BD, 0x77BD, 0x77BD, 0x77BD, 0x77BD, 0x77DD, 0x77DD, 0x77BE, 0x77BE, 0x77BE, 0x77DE, 0x73DE, 
    0x77DE, 0x77DE, 0x77BD, 0x77BD, 0x77BD, 0x77BD, 0x77BD, 0x77BD, 0x7BBD, 0x7BBD, 0x7BBD, 0x7BBD, 0x77DD, 0x7BDD, 0x7BDD, 0x77BE, 
    0x7BBE, 0x77DE, 0x7BDE, 0x7BBD, 0x7BBD, 0x7BBD, 0x7BBD, 0x7BBD, 0x7FDD, 0x7BBD, 0x7BBD, 0x7BBD, 0x7BBD, 0x7BBD, 0x7BBD, 0x7BDD, 
    0x7FDD, 0x7FBD, 0x7FBD, 0x7FDD, 0x7FDD, 0x7FBD, 0x7FBD, 0x7FDD, 0x7FDD, 0x7BBD, 0x7BBD, 0x7BBD, 0x7BBD, 0x7BDD, 0x7BDD, 0x7BDD, 
    0x7BDD, 0x7BDD, 0x7BDD, 0x7BDD, 0x7BDD, 0x7BDE, 0x7BDE, 0x7BDE, 0x7BDE, 0x7BDE, 0x7BDE, 0x7BDE, 0x7BDE, 0x7FDD, 0x77DE, 0x77DE, 
    0x77DE, 0x7BDE, 0x7FDD, 0x7FDD, 0x7FDD, 0x7FDD, 0x7FDD, 0x7FDD, 0x7FFD, 0x7FFD, 0x7FFD, 0x7BDE, 0x7BDE, 0x7FDE, 0x7BDE, 0x7BDE, 
    0x7FDD, 0x7FDD, 0x7FDD, 0x7FDE, 0x7FDE, 0x7FDE, 0x7FDE, 0x7FFD, 0x7FFD, 0x7FFE, 0x7FFE, 0x73BE, 0x77DE, 0x77DE, 0x77DE, 0x77DE, 
    0x7BDE, 0x7BDE, 0x77DE, 0x73DE, 0x77DE, 0x77DE, 0x77DE, 0x77DE, 0x77DE, 0x73DE, 0x77DE, 0x77DE, 0x77DE, 0x73DF, 0x77DF, 0x77FF, 
    0x77DE, 0x77DE, 0x7BDE, 0x7BDE, 0x77DE, 0x7BDE, 0x77DF, 0x7BDE, 0x77FF, 0x77FF, 0x73DF, 0x77FF, 0x73FF, 0x77FF, 0x77FF, 0x77DF, 
    0x7BFF, 0x73FF, 0x77FF, 0x73FF, 0x77FF, 0x77FF, 0x77FF, 0x77FF, 0x77FF, 0x77FF, 0x77FF, 0x77FF, 0x77FF, 0x73FF, 0x77FF, 0x77FF, 
    0x77FF, 0x7BFF, 0x7BDE, 0x7BDE, 0x7BDE, 0x7BDE, 0x7FDE, 0x7BDE, 0x7BDE, 0x7BDE, 0x7BDE, 0x7FDE, 0x7FDE, 0x7FDE, 0x7FFE, 0x7FFE, 
    0x7FFE, 0x7FFE, 0x7FFE, 0x7FFE, 0x7FFF, 0x7FFF, 0x7FFE, 0x7BFF, 0x7FFF, 0x7BFF, 0x7BFF, 0x7FFF, 0x7FFF, 0x7FFF, 0x7FFF, 0x7FFF, 
    0x77BD, 0x7BBD, 0x77DD, 0x7BDD, 0x77BE, 0x7BBE, 0x77DE, 0x7BDE, 0x7BBD, 0x7BDD, 0x7BDD, 0x7BDE, 0x7BDE, 0x77DE, 0x7BDE, 0x7BDD, 
    0x7BDE, 0x7BDE, 0x77DE, 0x7BDE, 0x7BDE, 0x7BDE, 0x7BDE, 0x7BDE, 0x7BDE, 0x7BDE, 0x7BDE, 0x7BDE, 0x7BDE, 0x7BDE, 0x7BDE, 0x7BDD, 
    0x7BDE, 0x7BDE, 0x7BDE, 0x7BDD, 0x7BDE, 0x7BDE, 0x7BDE, 0x7BDE, 0x7BDE, 0x7BDE, 0x7BDE, 0x7BDE, 0x7BDE, 0x7BDE, 0x7BDE, 0x7BDE, 
    0x7BDE, 0x7BDE, 0x7BDE, 0x77DE, 0x7BDE, 0x7BDE, 0x7BDE, 0x7BDE, 0x7BDE, 0x7BDE, 0x7BDE, 0x7BDE, 0x7BDE, 0x7BDE, 0x77DE, 0x7BDE, 
    0x7BDE, 0x7BDE, 0x7BDE, 0x7BDE, 0x7BDE, 0x77DE, 0x7BDE, 0x7BDE, 0x7BDE, 0x7BDE, 0x7BDE, 0x77DE, 0x7BDE, 0x7BDE, 0x7BDE, 0x77DE, 
    0x7BDE, 0x7BDE, 0x7BDE, 0x7BDE, 0x7BDE, 0x7BDE, 0x7BDE, 0x7BDE, 0x7BDE, 0x7BDE, 0x7BDE, 0x7BDE, 0x7BDE, 0x7BDE, 0x7BDE, 0x7BDE, 
    0x7BDE, 0x7BDE, 0x7BDE, 0x7BDE, 0x7FDE, 0x7BDE, 0x7FDE, 0x7FDE, 0x7FDE, 0x7FDE, 0x7BDE, 0x7BDE, 0x7BDE, 0x7FDE, 0x7FDE, 0x7FDE, 
    0x7FDE, 0x7FDE, 0x7FDE, 0x7FDE, 0x7FDE, 0x7FDE, 0x7FDE, 0x7FDE, 0x7FDE, 0x7BDE, 0x7BDE, 0x7FDE, 0x7FDE, 0x7FDE, 0x7BDE, 0x7FDE, 
    0x7BDE, 0x7FDE, 0x7FDE, 0x7FDE, 0x7FDE, 0x7FDE, 0x7BDE, 0x7BDE, 0x7FDE, 0x7BDE, 0x7FDE, 0x7FDE, 0x7FDE, 0x7FDE, 0x7BDE, 0x7BDE, 
    0x7BDE, 0x7BDE, 0x7FDE, 0x7FFE, 0x7FFE, 0x7FDE, 0x7FDE, 0x7FFE, 0x7FFE, 0x7FFE, 0x7FFE, 0x7FDE, 0x7FDE, 0x7FDE, 0x7FDE, 0x7FDE, 
    0x7FFE, 0x7FFE, 0x7FFE, 0x7FFE, 0x7FFE, 0x7FFE, 0x7FFE, 0x7FFE, 0x7FFE, 0x7FFE, 0x7FFE, 0x77DE, 0x77DE, 0x7BDE, 0x7BDE, 0x7BDE, 
    0x7BDE, 0x7BDE, 0x7BFF, 0x77DF, 0x7BDF, 0x7BDF, 0x7BFF, 0x7BFF, 0x77FF, 0x77FF, 0x7BFF, 0x7BFF, 0x77FF, 0x77FF, 0x7BFF, 0x7BFF, 
    0x7BFF, 0x7BDF, 0x7BDF, 0x7BFF, 0x7BFF, 0x7BFF, 0x7BFF, 0x7BFF, 0x77FF, 0x7BFF, 0x77FF, 0x7BFF, 0x77FF, 0x7BFF, 0x7BFF, 0x7BFF, 
    0x7BFF, 0x77FF, 0x7BFF, 0x77FF, 0x7BFF, 0x7BFF, 0x7BFF, 0x7BFF, 0x77FF, 0x7BFF, 0x7BFF, 0x77FF, 0x7BFF, 0x77FF, 0x7BFF, 0x7BFF, 
    0x7BFF, 0x7BFF, 0x7FDF, 0x7FDE, 0x7FFE, 0x7FFE, 0x7FFF, 0x7FFF, 0x7FFF, 0x7FFF, 0x7FFF, 0x7FFE, 0x7FFF, 0x7FFF, 0x7FFF, 0x7FFF, 
    0x7FFF, 0x7FFF, 0x7FFF, 0x7FFE, 0x7FFF, 0x7FFF, 0x7FFF, 0x7FFF, 0x7FFF, 0x7BFF, 0x7FFF, 0x7FFF, 0x7FFF, 0x7FFF, 0x7FFF, 0x7FFF, 
    0x7BDE, 0x7BDE, 0x7BDE, 0x7BDE, 0x7BDE, 0x7BDE, 0x7BDE, 0x7BDE, 0x7FDE, 0x7FDE, 0x7FDE, 0x7FDE, 0x7FDE, 0x7BFE, 0x7BFE, 0x7FFE, 
    0x7FFE, 0x7FFE, 0x7BDF, 0x7BDF, 0x7FDF, 0x7FDF, 0x7BFF, 0x7BFF, 0x7FFF, 0x7FFF, 0x7FFF, 0x7FFF, 0x7FFF, 0x7FFF, 0x7FFF, 0x7FDE, 
    0x7FFE, 0x7FFE, 0x7FFE, 0x7FFE, 0x7FFE, 0x7FFE, 0x7FFE, 0x7FDF, 0x7FFF, 0x7FFF, 0x7FFF, 0x7FFF, 0x7FFF, 0x7FFF, 0x7FFF, 0x7FFF, 
    0x7FFF, 0x7FFF, 0x7FFF, 0x7BFF, 0x7FFF, 0x7FFE, 0x7FFF, 0x7FFF, 0x7FFF, 0x7FFF, 0x7FFF, 0x7FFF, 0x7FFF, 0x7FFF, 0x7BFF, 0x7BFF, 
    0x7FFF, 0x7FFF, 0x7FFF, 0x7FFF, 0x7FFF, 0x7BFF, 0x7BFF, 0x7FFF, 0x7FFF, 0x7BFF, 0x7FFF, 0x7BFF, 0x7BFF, 0x7FFF, 0x7BFF, 0x7BFF, 
    0x7BFF, 0x7FFF, 0x7FFF, 0x7FFF, 0x7FFF, 0x7FFF, 0x7FFF, 0x7FFF, 0x7FFF, 0x7FFF, 0x7FFF, 0x7FFF, 0x7FFF, 0x7FFF, 0x7FFF, 0x7FFF, 
    0x7FFF, 0x7FFF, 0x7FFF, 0x7FFE, 0x7FFE, 0x7FFF, 0x7FFE, 0x7FFE, 0x7FFE, 0x7FFF, 0x7FFF, 0x7FFF, 0x7FFF, 0x7FFF, 0x7FFF, 0x7FFF, 
    0x7FFF, 0x7FFE, 0x7FFE, 0x7FFE, 0x7FFE, 0x7FFF, 0x7FFF, 0x7FFF, 0x7FFF, 0x7FFF, 0x7FFF, 0x7FFF, 0x7FFF, 0x7FFF, 0x7FFF, 0x7FFF, 
    0x7FFF, 0x7FFF, 0x7FFF, 0x7FFF, 0x7FFF, 0x7FFF, 0x7FFF, 0x7FFF, 0x7FFF, 0x7FFF, 0x7FFF, 0x7FFF, 0x7FFF, 0x7FFF, 0x7BFF, 0x7FFF, 
    0x7FFF, 0x7FFF, 0x7FFE, 0x7FFE, 0x7FFE, 0x7FFF, 0x7FFF, 0x7FFF, 0x7FFE, 0x7FFF, 0x7FFF, 0x7FFF, 0x7FFF, 0x7FFF, 0x7FFF, 0x7FFF, 
    0x7FFF, 0x7FFF, 0x7FFF, 0x7FFF, 0x7FFF, 0x7FFF, 0x7FFF, 0x7FFF, 0x7FFF, 0x7FFF, 0x7FFF, 0x7BFF, 0x7BFF, 0x7BFF, 0x7FFF, 0x7FFF, 
    0x7FFF, 0x7FFF, 0x7BFF, 0x7BFF, 0x7BFF, 0x7FFF, 0x7BFF, 0x7FFF, 0x7BFF, 0x7BFF, 0x7BFF, 0x7FFF, 0x7BFF, 0x7BFF, 0x7BFF, 0x7BFF, 
    0x7FFF, 0x7FFF, 0x7FFF, 0x7FFF, 0x7FFF, 0x7FFF, 0x7FFF, 0x7FFF, 0x7BFF, 0x7FFF, 0x7BFF, 0x7BFF, 0x7BFF, 0x7BFF, 0x7FFF, 0x7FFF, 
    0x7FFF, 0x7BFF, 0x7BFF, 0x7BFF, 0x7BFF, 0x7BFF, 0x7FFF, 0x7BFF, 0x7BFF, 0x7BFF, 0x7FFF, 0x7BFF, 0x7BFF, 0x7BFF, 0x7BFF, 0x7FFF, 
    0x7FFF, 0x7FFF, 0x7FFF, 0x7FFF, 0x7FFF, 0x7FFF, 0x7FFF, 0x7FFF, 0x7FFF, 0x7FFF, 0x7FFF, 0x7FFF, 0x7FFF, 0x7FFF, 0x7FFF, 0x7FFF, 
    0x7FFF, 0x7FFF, 0x7FFF, 0x7FFF, 0x7FFF, 0x7FFF, 0x7FFF, 0x7FFF, 0x7FFF, 0x7FFF, 0x7FFF, 0x7FFF, 0x7FFF, 0x7FFF, 0x7FFF, 0x7FFF, 
};
