// autogenerated, edit with care!
#include <defs.h>

static const unsigned char __not_in_flash() env_texture[] = {
    0x3C, 0x7A, 0x6C, 0x7A, 0x7A, 0x7E, 0x7E, 0x7E, 0x7F, 0x7E, 0x7F, 0x7E, 0x7E, 0x79, 0x7E, 0x7A, 
    0x7E, 0x5B, 0x6C, 0x79, 0x7A, 0x5B, 0x6C, 0x3D, 0x3D, 0x3D, 0x3D, 0x3C, 0x3D, 0x3C, 0x38, 0x3C, 
    0x3D, 0x5B, 0x6C, 0x5B, 0x3D, 0x5B, 0x3D, 0x5B, 0x3D, 0x3D, 0x3D, 0x3D, 0x6C, 0x6C, 0x6C, 0x6C, 
    0x6C, 0x6C, 0x6C, 0x3D, 0x7A, 0x79, 0x7E, 0x7A, 0x7E, 0x7A, 0x7A, 0x7E, 0x7E, 0x7A, 0x7B, 0x7A, 
    0x7E, 0x7A, 0x7E, 0x7B, 0x7E, 0x7A, 0x7F, 0x80, 0x7E, 0x80, 0x81, 0x80, 0x7D, 0x80, 0x5D, 0x5B, 
    0x86, 0x60, 0x52, 0x1B, 0x1E, 0x47, 0x52, 0x57, 0x88, 0x88, 0x82, 0x88, 0x8C, 0x88, 0x88, 0x8C, 
    0x88, 0x88, 0x8C, 0x8C, 0x8C, 0x9B, 0x8C, 0x7D, 0x82, 0x82, 0x82, 0x82, 0x8C, 0x82, 0x84, 0x82, 
    0x9E, 0x88, 0x82, 0x88, 0x84, 0x88, 0x84, 0x9E, 0x9E, 0x88, 0x80, 0x5A, 0x9D, 0xF0, 0xF0, 0xF0, 
    0xEC, 0xE4, 0x17, 0x13, 0x17, 0x13, 0x0E, 0x13, 0x07, 0x07, 0x5E, 0xE3, 0xED, 0x9C, 0x87, 0x87, 
    0x5E, 0x86, 0x80, 0x86, 0x80, 0x87, 0x88, 0x88, 0x88, 0x87, 0x88, 0x87, 0x87, 0x87, 0x88, 0x89, 
    0x9C, 0x8A, 0x9B, 0x8A, 0x89, 0x89, 0x87, 0x9C, 0x9C, 0x8A, 0x9C, 0x8A, 0x9C, 0x9C, 0x9C, 0x9C, 
    0x9B, 0x9B, 0x9C, 0x89, 0x9B, 0x89, 0x89, 0x86, 0x5A, 0x54, 0x37, 0x29, 0x11, 0x1A, 0x21, 0x1A, 
    0x21, 0x20, 0x23, 0x23, 0x0A, 0x03, 0x01, 0x00, 0x00, 0x00, 0x00, 0x00, 0x00, 0x00, 0x00, 0x00, 
    0x00, 0x00, 0x00, 0x00, 0x00, 0x04, 0x01, 0x45, 0x4E, 0xAC, 0xAC, 0xAC, 0x4C, 0x4C, 0x50, 0xAE, 
    0xC1, 0xAF, 0x5C, 0x56, 0x00, 0x00, 0x03, 0x00, 0x00, 0x00, 0x00, 0x19, 0x00, 0x00, 0x19, 0x57, 
    0x56, 0x18, 0x5A, 0x58, 0x5B, 0x5B, 0x38, 0x38, 0x5B, 0x79, 0x7E, 0x7E, 0x7F, 0x7E, 0x6C, 0x79, 
    0x3C, 0x6D, 0x5B, 0x7B, 0x79, 0x7F, 0x79, 0x7F, 0x79, 0x7F, 0x7E, 0x7F, 0x7E, 0x7E, 0x7B, 0x7A, 
    0x7A, 0x7A, 0x7E, 0x7A, 0x7A, 0x6C, 0x5B, 0x7A, 0x3D, 0x3D, 0x3D, 0x3D, 0x3C, 0x3D, 0x3D, 0x3C, 
    0x5B, 0x6C, 0x5B, 0x7A, 0x5B, 0x6C, 0x5B, 0x7A, 0x5B, 0x3D, 0x3C, 0x6C, 0x6C, 0x6C, 0x6C, 0x7A, 
    0x6C, 0x6C, 0x7A, 0x6C, 0x5B, 0x7E, 0x7E, 0x7A, 0x79, 0x7E, 0x7A, 0x7B, 0x79, 0x6F, 0x7A, 0x7A, 
    0x7B, 0x7A, 0x7A, 0x7F, 0x7A, 0x7F, 0x7B, 0x7F, 0x80, 0x81, 0x81, 0x7F, 0x80, 0x7F, 0x80, 0x80, 
    0x5E, 0x5B, 0x62, 0x58, 0x40, 0x86, 0x85, 0x81, 0x81, 0x82, 0x8C, 0x88, 0x82, 0x8C, 0x88, 0x8C, 
    0x8C, 0x8C, 0x88, 0x8C, 0x88, 0x8B, 0x88, 0x82, 0x88, 0x8C, 0x8C, 0x84, 0x88, 0x84, 0x88, 0x82, 
    0x9E, 0x88, 0x81, 0x82, 0x88, 0x82, 0x88, 0x9E, 0x9E, 0x8C, 0x80, 0x5A, 0x81, 0xEE, 0xEC, 0xF1, 
    0xED, 0xED, 0x52, 0x00, 0x15, 0x13, 0x13, 0x15, 0x04, 0x54, 0x89, 0xEB, 0xE6, 0x87, 0x87, 0x87, 
    0x87, 0x87, 0x87, 0x89, 0x8A, 0x88, 0x87, 0x88, 0x86, 0x81, 0x86, 0x85, 0x87, 0x87, 0x87, 0x88, 
    0x87, 0x8A, 0x9C, 0x9B, 0x9C, 0x86, 0x86, 0xE3, 0xE3, 0x9B, 0x8A, 0x9C, 0x8A, 0x9F, 0xE3, 0x9F, 
    0xE3, 0x8A, 0x8A, 0x9C, 0x89, 0x9B, 0x89, 0x87, 0x86, 0x38, 0x36, 0x2C, 0x2B, 0x11, 0x1A, 0x1A, 
    0x1A, 0x21, 0x23, 0x23, 0x23, 0x0A, 0x01, 0x01, 0x00, 0x00, 0x00, 0x00, 0x00, 0x00, 0x00, 0x00, 
    0x00, 0x00, 0x00, 0x00, 0x00, 0x01, 0x02, 0x03, 0x4C, 0x4F, 0xAD, 0xAD, 0x50, 0x4D, 0x4D, 0x4A, 
    0x34, 0x0E, 0x00, 0x00, 0x01, 0x00, 0x00, 0x1C, 0x52, 0x52, 0x1E, 0x53, 0x18, 0x02, 0x19, 0x44, 
    0x57, 0x5A, 0x58, 0x5B, 0x5B, 0x3D, 0x5B, 0x7A, 0x79, 0x7E, 0x80, 0x7F, 0x80, 0x7F, 0x5B, 0x7E, 
    0x6C, 0x7A, 0x6C, 0x7A, 0x6F, 0x7E, 0x7F, 0x7E, 0x7F, 0x7E, 0x7F, 0x79, 0x7F, 0x7A, 0x7A, 0x7A, 
    0x7E, 0x7A, 0x7B, 0x7A, 0x6C, 0x5B, 0x6C, 0x3D, 0x3D, 0x3D, 0x5B, 0x3C, 0x5B, 0x5B, 0x3D, 0x5B, 
    0x6C, 0x5B, 0x7A, 0x7A, 0x6C, 0x5B, 0x7A, 0x5B, 0x3D, 0x3C, 0x6C, 0x5B, 0x6B, 0x7A, 0x6C, 0x6C, 
    0x6C, 0x6C, 0x7A, 0x7A, 0x3D, 0x7E, 0x6F, 0x79, 0x7E, 0x7A, 0x80, 0x7E, 0x7A, 0x7E, 0x7A, 0x7E, 
    0x6F, 0x7A, 0x7B, 0x7E, 0x7B, 0x7E, 0x7B, 0x80, 0x7F, 0x80, 0x7F, 0x81, 0x81, 0x7D, 0x81, 0x80, 
    0x7D, 0x80, 0x5E, 0x2D, 0x2B, 0x81, 0x82, 0x81, 0x82, 0x85, 0x88, 0x82, 0x88, 0x8C, 0x88, 0x9B, 
    0x84, 0x9B, 0x8C, 0x88, 0x8C, 0x8C, 0x82, 0x82, 0x82, 0x8C, 0x82, 0x88, 0x84, 0x8C, 0x84, 0x82, 
    0x9E, 0x88, 0x82, 0x88, 0x84, 0x88, 0x82, 0x9E, 0x8C, 0x88, 0x5B, 0x59, 0x79, 0xEB, 0xF0, 0xF1, 
    0xEC, 0xEF, 0x86, 0x00, 0x17, 0x13, 0x13, 0x06, 0x19, 0x87, 0x9D, 0xED, 0x9F, 0x89, 0x9B, 0x87, 
    0x89, 0x87, 0x88, 0x87, 0x9B, 0x87, 0x7D, 0x88, 0x81, 0x87, 0x82, 0x86, 0x88, 0x86, 0x88, 0x87, 
    0x88, 0x86, 0x87, 0x89, 0x89, 0x86, 0x9B, 0x8A, 0x9C, 0x9C, 0x88, 0x9C, 0x9C, 0x8A, 0x9F, 0x9C, 
    0x9F, 0xB1, 0x9C, 0x9C, 0x9C, 0x87, 0x88, 0x86, 0x5E, 0x5E, 0x5A, 0x2E, 0x2B, 0x1A, 0x11, 0x1A, 
    0x0F, 0x1A, 0x21, 0x22, 0x23, 0x23, 0x0A, 0x01, 0x00, 0x00, 0x00, 0x00, 0x00, 0x00, 0x00, 0x00, 
    0x00, 0x00, 0x00, 0x00, 0x00, 0x00, 0x04, 0x01, 0x0E, 0x51, 0x51, 0x4D, 0x47, 0x16, 0x0E, 0x00, 
    0x00, 0x00, 0x03, 0x00, 0x00, 0x48, 0x5E, 0x86, 0x5B, 0x58, 0x62, 0x1E, 0x1E, 0x07, 0x18, 0x57, 
    0x62, 0x5A, 0x5B, 0x5D, 0x7A, 0x79, 0x7A, 0x7A, 0x7E, 0x7E, 0x7F, 0x80, 0x7F, 0x7E, 0x7A, 0x7B, 
    0x6B, 0x6C, 0x7B, 0x7B, 0x79, 0x7F, 0x7B, 0x7B, 0x79, 0x7F, 0x7B, 0x7F, 0x7A, 0x7B, 0x7A, 0x7F, 
    0x7E, 0x7A, 0x3D, 0x7A, 0x5B, 0x6C, 0x7A, 0x6C, 0x5B, 0x7A, 0x3C, 0x6B, 0x7A, 0x7A, 0x5B, 0x7A, 
    0x7A, 0x6C, 0x5B, 0x7A, 0x7A, 0x7A, 0x5B, 0x7A, 0x3C, 0x3D, 0x3C, 0x6C, 0x6B, 0x6C, 0x5B, 0x6D, 
    0x5B, 0x6D, 0x5B, 0x6F, 0x7A, 0x5B, 0x7A, 0x7A, 0x7E, 0x7A, 0x79, 0x7B, 0x79, 0x7B, 0x79, 0x7B, 
    0x7E, 0x7A, 0x7A, 0x7B, 0x79, 0x7F, 0x7B, 0x7B, 0x81, 0x80, 0x81, 0x80, 0x7F, 0x81, 0x81, 0x81, 
    0x81, 0x81, 0x80, 0x19, 0x58, 0x81, 0x81, 0x83, 0x81, 0x82, 0x88, 0x8C, 0x88, 0x8C, 0x8C, 0x8C, 
    0x8C, 0x9E, 0x8C, 0x8B, 0x8C, 0x8C, 0x88, 0x82, 0x85, 0x84, 0x88, 0x84, 0x88, 0x8C, 0x88, 0x84, 
    0x8B, 0x84, 0x8C, 0x8C, 0x88, 0x8C, 0x85, 0x9E, 0x8C, 0x8C, 0x54, 0x59, 0x58, 0x8D, 0xF0, 0xF1, 
    0xF0, 0xF0, 0xB1, 0x00, 0x15, 0x15, 0x13, 0x00, 0x60, 0xE3, 0xE6, 0xE6, 0x89, 0x87, 0x8A, 0x9B, 
    0x87, 0x87, 0x87, 0x81, 0x81, 0x88, 0x85, 0x82, 0x85, 0x81, 0x86, 0x81, 0x85, 0x88, 0x86, 0x86, 
    0x86, 0x88, 0x86, 0x86, 0x5E, 0x86, 0x8A, 0x9C, 0x8A, 0xE5, 0x8A, 0x8A, 0x9C, 0x9F, 0xE3, 0x9F, 
    0x9C, 0x9F, 0x9C, 0x87, 0x8A, 0x89, 0x86, 0x87, 0x86, 0x5E, 0x58, 0x38, 0x36, 0x2B, 0x1A, 0x2B, 
    0x1A, 0x21, 0x0C, 0x22, 0x24, 0x23, 0x24, 0x0A, 0x01, 0x01, 0x00, 0x00, 0x00, 0x00, 0x00, 0x00, 
    0x00, 0x00, 0x00, 0x00, 0x00, 0x00, 0x00, 0x00, 0x00, 0x10, 0x02, 0x00, 0x00, 0x00, 0x00, 0x06, 
    0x05, 0x00, 0x00, 0x54, 0x87, 0x8A, 0x80, 0x3D, 0x3B, 0x3A, 0x59, 0x62, 0x42, 0x00, 0x05, 0x52, 
    0x5A, 0x5B, 0x5B, 0x79, 0x5B, 0x5B, 0x7A, 0x7A, 0x79, 0x7B, 0x79, 0x81, 0x7B, 0x79, 0x79, 0x7F, 
    0x6B, 0x6C, 0x6C, 0x7A, 0x6F, 0x7B, 0x7E, 0x7A, 0x7E, 0x7A, 0x7E, 0x79, 0x7A, 0x7A, 0x7E, 0x7A, 
    0x7B, 0x7A, 0x6C, 0x5B, 0x3D, 0x3D, 0x3D, 0x3D, 0x7A, 0x3D, 0x3D, 0x7A, 0x7E, 0x5B, 0x7A, 0x7A, 
    0x6C, 0x7A, 0x6C, 0x5B, 0x6C, 0x3D, 0x6C, 0x3D, 0x3C, 0x3C, 0x3D, 0x3D, 0x6C, 0x6C, 0x6D, 0x6C, 
    0x6C, 0x6C, 0x6C, 0x7A, 0x6C, 0x7A, 0x7E, 0x7A, 0x7E, 0x6C, 0x7E, 0x7A, 0x7E, 0x6C, 0x7A, 0x7B, 
    0x7E, 0x7A, 0x7A, 0x7B, 0x7E, 0x7B, 0x7E, 0x7E, 0x81, 0x7E, 0x7F, 0x81, 0x7F, 0x80, 0x81, 0x7D, 
    0x81, 0x81, 0x5A, 0x14, 0x80, 0x81, 0x81, 0x81, 0x82, 0x82, 0x82, 0x88, 0x84, 0x88, 0x88, 0x88, 
    0x8C, 0x88, 0x9E, 0x88, 0x9E, 0x88, 0x88, 0x82, 0x8C, 0x88, 0x82, 0x82, 0x82, 0x88, 0x82, 0x82, 
    0x9E, 0x88, 0x82, 0x85, 0x84, 0x88, 0x8C, 0x9E, 0x9E, 0x88, 0x3B, 0x59, 0x7E, 0x85, 0xEC, 0xF0, 
    0xEC, 0xF0, 0x9F, 0x04, 0x15, 0x13, 0x04, 0x1E, 0xE3, 0xE4, 0xED, 0xE5, 0x87, 0x86, 0x5E, 0x89, 
    0xE3, 0x9B, 0x80, 0x81, 0x88, 0x80, 0x81, 0x80, 0x7E, 0x80, 0x7E, 0x80, 0x80, 0x7E, 0x81, 0x87, 
    0x82, 0x80, 0x86, 0x5D, 0x7A, 0x86, 0x85, 0x9C, 0x9F, 0xE3, 0xE5, 0x8A, 0x9F, 0x9C, 0x9F, 0x9C, 
    0x9C, 0x9C, 0x9C, 0x8A, 0x8A, 0x87, 0x9B, 0x5E, 0x86, 0x5E, 0x5E, 0x58, 0x37, 0x2B, 0x29, 0x11, 
    0x18, 0x21, 0x2B, 0x18, 0x20, 0x1F, 0x23, 0x20, 0x0A, 0x08, 0x00, 0x00, 0x00, 0x00, 0x00, 0x00, 
    0x00, 0x00, 0x00, 0x00, 0x00, 0x00, 0x00, 0x00, 0x02, 0x00, 0x00, 0x06, 0x02, 0x00, 0x03, 0x00, 
    0x00, 0x54, 0x87, 0x9B, 0x80, 0x5B, 0x3D, 0x5B, 0x3D, 0x3C, 0x3B, 0x5A, 0x91, 0x44, 0x02, 0x37, 
    0x5A, 0x58, 0x5B, 0x5B, 0x7A, 0x5B, 0x6C, 0x7A, 0x3D, 0x7A, 0x3D, 0x7A, 0x6C, 0x7A, 0x7A, 0x7A, 
    0x6B, 0x6D, 0x6C, 0x6C, 0x7A, 0x7A, 0x7A, 0x7F, 0x7B, 0x7E, 0x7E, 0x7A, 0x7A, 0x7F, 0x7B, 0x7A, 
    0x7A, 0x7A, 0x7A, 0x6C, 0x5B, 0x3D, 0x5B, 0x6C, 0x3C, 0x3D, 0x7A, 0x7A, 0x7A, 0x6F, 0x5B, 0x7E, 
    0x6C, 0x7E, 0x7A, 0x7A, 0x7A, 0x3D, 0x7A, 0x3D, 0x3C, 0x3D, 0x3C, 0x6C, 0x6C, 0x5B, 0x6C, 0x3D, 
    0x7A, 0x6C, 0x6C, 0x6F, 0x6C, 0x7A, 0x7A, 0x6F, 0x7A, 0x7B, 0x7A, 0x7A, 0x7B, 0x7A, 0x7A, 0x6C, 
    0x7B, 0x7A, 0x6F, 0x7A, 0x7A, 0x7B, 0x79, 0x7B, 0x7B, 0x7F, 0x7B, 0x7F, 0x7B, 0x7F, 0x7F, 0x81, 
    0x81, 0x81, 0x2D, 0x38, 0x81, 0x81, 0x81, 0x81, 0x85, 0x82, 0x82, 0x84, 0x8C, 0x8C, 0x8C, 0x8C, 
    0x9B, 0x8C, 0x8C, 0x8C, 0x8C, 0x8C, 0x88, 0x82, 0x88, 0x82, 0x82, 0x82, 0x8C, 0x8C, 0x8C, 0x82, 
    0x8B, 0x84, 0x82, 0x84, 0x8C, 0x8C, 0x8C, 0x9E, 0x9E, 0x8C, 0x54, 0x59, 0x5E, 0x79, 0xEB, 0xF1, 
    0xF0, 0xF1, 0xE4, 0x06, 0x13, 0x17, 0x04, 0x86, 0xE5, 0xED, 0xE6, 0x88, 0x87, 0x88, 0x86, 0x87, 
    0x9B, 0x9C, 0x87, 0x81, 0x81, 0x80, 0x7A, 0x7F, 0x79, 0x7A, 0x7B, 0x7F, 0x79, 0x7F, 0x80, 0x80, 
    0x86, 0x88, 0x80, 0x5B, 0x80, 0x80, 0x85, 0x9C, 0xE5, 0xE3, 0xE5, 0x9F, 0x8A, 0x9F, 0x9C, 0xE3, 
    0x9F, 0x9C, 0x9C, 0x88, 0x8A, 0x8A, 0x87, 0x9B, 0x86, 0x5E, 0x5E, 0x5E, 0x59, 0x37, 0x2B, 0x2B, 
    0x1A, 0x1A, 0x29, 0x11, 0x1A, 0x20, 0x1F, 0x23, 0x22, 0x0A, 0x01, 0x01, 0x00, 0x00, 0x00, 0x00, 
    0x00, 0x00, 0x00, 0x00, 0x00, 0x00, 0x00, 0x00, 0x00, 0x00, 0x00, 0x00, 0x00, 0x00, 0x00, 0x2D, 
    0x87, 0x9F, 0x80, 0x7A, 0x7E, 0x7E, 0x79, 0x7A, 0x5B, 0x3D, 0x3C, 0x32, 0x60, 0x52, 0x00, 0x32, 
    0x5B, 0x5B, 0x5B, 0x7A, 0x79, 0x7A, 0x7A, 0x6C, 0x5B, 0x6C, 0x7A, 0x7B, 0x5B, 0x6C, 0x6C, 0x7A, 
    0x3C, 0x6C, 0x6B, 0x6B, 0x6C, 0x6C, 0x6D, 0x7A, 0x6F, 0x7A, 0x7A, 0x7E, 0x7F, 0x7A, 0x7A, 0x7A, 
    0x6F, 0x7A, 0x6C, 0x3C, 0x3D, 0x3C, 0x5B, 0x3C, 0x3D, 0x5B, 0x6C, 0x5B, 0x7E, 0x5B, 0x7A, 0x7A, 
    0x7A, 0x7A, 0x7A, 0x6C, 0x6C, 0x5B, 0x6C, 0x3D, 0x3C, 0x3D, 0x3D, 0x3C, 0x7A, 0x3C, 0x6C, 0x7A, 
    0x6C, 0x7A, 0x6C, 0x7A, 0x6C, 0x7A, 0x6C, 0x7A, 0x7A, 0x7A, 0x7A, 0x7B, 0x7A, 0x6F, 0x7A, 0x7A, 
    0x6C, 0x7A, 0x7B, 0x7A, 0x7A, 0x7E, 0x7E, 0x7B, 0x7F, 0x79, 0x7F, 0x7F, 0x81, 0x7E, 0x7F, 0x80, 
    0x81, 0x7A, 0x0B, 0x5B, 0x81, 0x7D, 0x81, 0x81, 0x82, 0x81, 0x82, 0x88, 0x82, 0x88, 0x88, 0x88, 
    0x8C, 0x8C, 0x8C, 0x9B, 0x8C, 0x88, 0x88, 0x8C, 0x82, 0x82, 0x83, 0x85, 0x82, 0x88, 0x82, 0x82, 
    0x9E, 0x82, 0x82, 0x82, 0x82, 0x88, 0x9E, 0x9E, 0x9E, 0x85, 0x36, 0x38, 0x80, 0x5B, 0x9E, 0xF1, 
    0xF1, 0xEC, 0xEB, 0x12, 0x15, 0x06, 0x44, 0xE3, 0xE5, 0xEF, 0xE5, 0x89, 0x9B, 0x87, 0x88, 0x9B, 
    0x88, 0x88, 0x9B, 0x81, 0x7F, 0x79, 0x7E, 0x79, 0x7A, 0x7A, 0x7A, 0x7A, 0x7B, 0x7A, 0x7F, 0x79, 
    0x7E, 0x80, 0x80, 0x58, 0x80, 0x80, 0x9B, 0x8A, 0x9F, 0xE5, 0xE4, 0xE4, 0x9F, 0xE3, 0x9F, 0xE3, 
    0x9F, 0xE3, 0x9C, 0x8A, 0x9B, 0x8A, 0x9B, 0x86, 0x86, 0x86, 0x5D, 0x5A, 0x5A, 0x37, 0x36, 0x2B, 
    0x0F, 0x11, 0x21, 0x18, 0x21, 0x1A, 0x20, 0x22, 0x23, 0x22, 0x0A, 0x01, 0x00, 0x00, 0x00, 0x00, 
    0x00, 0x00, 0x00, 0x00, 0x00, 0x00, 0x00, 0x00, 0x00, 0x00, 0x00, 0x00, 0x00, 0x1A, 0x5D, 0x87, 
    0x7D, 0x5B, 0x5B, 0x7E, 0x7E, 0x5B, 0x7E, 0x7A, 0x3D, 0x5B, 0x3D, 0x3B, 0x59, 0x57, 0x00, 0x2B, 
    0x5B, 0x5B, 0x5B, 0x5B, 0x7A, 0x5B, 0x7A, 0x7A, 0x6C, 0x3C, 0x6C, 0x5B, 0x6B, 0x3C, 0x3C, 0x3C, 
    0x3B, 0x3C, 0x3C, 0x6B, 0x6B, 0x6B, 0x3C, 0x6C, 0x7A, 0x7A, 0x7A, 0x7B, 0x7A, 0x7B, 0x7B, 0x7A, 
    0x5B, 0x7A, 0x5B, 0x5B, 0x3C, 0x3C, 0x3B, 0x3C, 0x5B, 0x7A, 0x6C, 0x7E, 0x7A, 0x7E, 0x7A, 0x7A, 
    0x6F, 0x7A, 0x79, 0x7E, 0x7A, 0x7A, 0x7A, 0x3C, 0x6B, 0x5B, 0x3C, 0x6C, 0x3D, 0x6C, 0x5B, 0x6C, 
    0x5B, 0x6D, 0x5B, 0x7B, 0x7A, 0x6C, 0x7A, 0x6C, 0x7A, 0x7B, 0x6C, 0x7A, 0x7A, 0x7A, 0x7A, 0x7A, 
    0x7A, 0x7A, 0x6C, 0x7B, 0x7A, 0x7B, 0x7A, 0x7A, 0x7A, 0x7A, 0x7A, 0x7B, 0x7B, 0x81, 0x7B, 0x7B, 
    0x80, 0x3B, 0x2D, 0x81, 0x81, 0x81, 0x81, 0x85, 0x81, 0x81, 0x85, 0x82, 0x8C, 0x82, 0x88, 0x8C, 
    0x88, 0x8C, 0x88, 0x8C, 0x88, 0x8C, 0x85, 0x84, 0x88, 0x82, 0x81, 0x82, 0x88, 0x83, 0x85, 0x82, 
    0x8B, 0x84, 0x88, 0x84, 0x88, 0x8C, 0x8C, 0x9E, 0x9E, 0x80, 0x29, 0x79, 0x58, 0x79, 0x83, 0xEC, 
    0xF1, 0xF0, 0xE3, 0x00, 0x19, 0x00, 0x87, 0xE6, 0xE6, 0xEB, 0x8A, 0x9C, 0x8A, 0x8A, 0x8A, 0x9C, 
    0x87, 0x8C, 0x86, 0x82, 0x80, 0x7B, 0x79, 0x7A, 0x6B, 0x6B, 0x7A, 0x6B, 0x7A, 0x7A, 0x6D, 0x7B, 
    0x79, 0x79, 0x7A, 0x7A, 0x80, 0x85, 0x87, 0x8B, 0x8A, 0xE5, 0xE5, 0xE5, 0xE4, 0x9C, 0xE3, 0x9F, 
    0x9C, 0x9F, 0x9C, 0x9C, 0x8A, 0x87, 0x8A, 0x9B, 0x87, 0x80, 0x86, 0x80, 0x5A, 0x3B, 0x36, 0x2E, 
    0x2B, 0x2B, 0x29, 0x21, 0x2B, 0x29, 0x1A, 0x20, 0x22, 0x23, 0x24, 0x0A, 0x01, 0x00, 0x00, 0x00, 
    0x00, 0x00, 0x00, 0x00, 0x00, 0x00, 0x00, 0x00, 0x00, 0x00, 0x00, 0x00, 0x00, 0x59, 0x58, 0x3D, 
    0x5B, 0x7E, 0x79, 0x80, 0x79, 0x7E, 0x7A, 0x7A, 0x7A, 0x6B, 0x5B, 0x38, 0x32, 0x54, 0x13, 0x0A, 
    0x59, 0x5B, 0x58, 0x7A, 0x5B, 0x7A, 0x5B, 0x6C, 0x3C, 0x3C, 0x3C, 0x3C, 0x32, 0x3C, 0x32, 0x3C, 
    0x3A, 0x3A, 0x3A, 0x3B, 0x3C, 0x3D, 0x6B, 0x3D, 0x6B, 0x7A, 0x6C, 0x7B, 0x7A, 0x7B, 0x6F, 0x7A, 
    0x6C, 0x5B, 0x3D, 0x3C, 0x3B, 0x3B, 0x39, 0x3C, 0x5B, 0x5B, 0x6C, 0x7A, 0x7E, 0x5B, 0x6F, 0x7A, 
    0x7E, 0x7A, 0x7E, 0x6C, 0x7A, 0x7A, 0x6C, 0x38, 0x3D, 0x3D, 0x3D, 0x3D, 0x6C, 0x3D, 0x7A, 0x3D, 
    0x6C, 0x6C, 0x7A, 0x7A, 0x6C, 0x7A, 0x6C, 0x3D, 0x6C, 0x7A, 0x6C, 0x7A, 0x6C, 0x6C, 0x6C, 0x6C, 
    0x6D, 0x6C, 0x6B, 0x6C, 0x6C, 0x6B, 0x6C, 0x6B, 0x7A, 0x6C, 0x6C, 0x7B, 0x7A, 0x7A, 0x7A, 0x7B, 
    0x7A, 0x07, 0x5B, 0x81, 0x81, 0x81, 0x81, 0x81, 0x82, 0x81, 0x81, 0x81, 0x82, 0x85, 0x82, 0x8C, 
    0x88, 0x8C, 0x88, 0x8C, 0x88, 0x88, 0x82, 0x88, 0x82, 0x82, 0x82, 0x84, 0x82, 0x8C, 0x82, 0x82, 
    0x9E, 0x82, 0x82, 0x8C, 0x84, 0x8C, 0x9E, 0x9E, 0x9E, 0x7A, 0x2B, 0x5B, 0x5B, 0x79, 0x83, 0xEB, 
    0xEE, 0xEF, 0x5E, 0x00, 0x04, 0x53, 0xE5, 0xE6, 0xED, 0xE5, 0x9C, 0xB1, 0x9B, 0x9C, 0xE3, 0x9B, 
    0x88, 0x88, 0x82, 0x5E, 0x7E, 0x7B, 0x6C, 0x3C, 0x6B, 0x3C, 0x3C, 0x3C, 0x6C, 0x6B, 0x6B, 0x6B, 
    0x7A, 0x7A, 0x3D, 0x79, 0x80, 0x80, 0x88, 0x8A, 0x9C, 0x9C, 0xE4, 0xE5, 0xE5, 0xE3, 0x9C, 0x9C, 
    0xE3, 0x9C, 0x9F, 0xE3, 0x9B, 0x9B, 0x88, 0x87, 0x9C, 0x87, 0x86, 0x58, 0x58, 0x5A, 0x37, 0x2E, 
    0x2C, 0x2B, 0x2B, 0x2B, 0x2B, 0x1A, 0x2B, 0x2B, 0x2B, 0x1F, 0x23, 0x22, 0x0A, 0x01, 0x00, 0x00, 
    0x00, 0x00, 0x00, 0x00, 0x00, 0x00, 0x00, 0x00, 0x00, 0x00, 0x00, 0x00, 0x01, 0x08, 0x37, 0x5B, 
    0x7E, 0x80, 0x7E, 0x7E, 0x7E, 0x7E, 0x7E, 0x7A, 0x7A, 0x3D, 0x3D, 0x3C, 0x32, 0x53, 0x1E, 0x00, 
    0x29, 0x3B, 0x3D, 0x5B, 0x3C, 0x3C, 0x3D, 0x3C, 0x3C, 0x3C, 0x39, 0x2F, 0x31, 0x32, 0x30, 0x32, 
    0x3B, 0x3A, 0x3C, 0x3A, 0x3C, 0x6B, 0x3A, 0x3D, 0x7A, 0x6C, 0x7A, 0x6C, 0x7A, 0x6B, 0x7A, 0x6C, 
    0x5B, 0x6C, 0x5B, 0x3D, 0x39, 0x3B, 0x3D, 0x3D, 0x3D, 0x6C, 0x3D, 0x7A, 0x7A, 0x7E, 0x5B, 0x7E, 
    0x6C, 0x7E, 0x7A, 0x7A, 0x7E, 0x7A, 0x3C, 0x3C, 0x3C, 0x3D, 0x3C, 0x6B, 0x3C, 0x6C, 0x3D, 0x3D, 
    0x7A, 0x6C, 0x6C, 0x7B, 0x5B, 0x7B, 0x7A, 0x6C, 0x5B, 0x7A, 0x5B, 0x6C, 0x6B, 0x6B, 0x7A, 0x6C, 
    0x6B, 0x7A, 0x6B, 0x6C, 0x6B, 0x5B, 0x6B, 0x6D, 0x6B, 0x6B, 0x7A, 0x6B, 0x6D, 0x7B, 0x6C, 0x7B, 
    0x3B, 0x0B, 0x80, 0x81, 0x80, 0x81, 0x81, 0x81, 0x81, 0x82, 0x85, 0x84, 0x85, 0x82, 0x85, 0x82, 
    0x88, 0x88, 0x88, 0x8C, 0x88, 0x88, 0x8C, 0x85, 0x88, 0x82, 0x82, 0x82, 0x85, 0x84, 0x81, 0x8C, 
    0x8C, 0x84, 0x88, 0x84, 0x88, 0x84, 0x9E, 0x9D, 0x9E, 0x58, 0x10, 0x5B, 0x7A, 0x7A, 0x83, 0xA3, 
    0xEC, 0xEC, 0x44, 0x00, 0x04, 0x8A, 0xE4, 0xEC, 0xE4, 0x9C, 0x9C, 0x9C, 0x9C, 0x9C, 0xE3, 0x88, 
    0x9C, 0x88, 0x85, 0x81, 0x79, 0x6B, 0x79, 0x3C, 0x3B, 0x3C, 0x3B, 0x3C, 0x3C, 0x6B, 0x6B, 0x6C, 
    0x7A, 0x6B, 0x79, 0x7E, 0x80, 0x82, 0x88, 0x88, 0x8A, 0x9F, 0xE3, 0xE4, 0xE5, 0xE4, 0xE3, 0x9C, 
    0x9C, 0xE3, 0x8A, 0x9F, 0x9C, 0x8A, 0x8A, 0x8A, 0x87, 0x88, 0x9B, 0x87, 0x5E, 0x5E, 0x5A, 0x38, 
    0x37, 0x37, 0x36, 0x2B, 0x36, 0x2B, 0x2B, 0x2B, 0x2B, 0x21, 0x1F, 0x23, 0x22, 0x0A, 0x00, 0x00, 
    0x00, 0x00, 0x00, 0x00, 0x00, 0x00, 0x00, 0x00, 0x00, 0x00, 0x00, 0x00, 0x00, 0x09, 0x0B, 0x3B, 
    0x79, 0x7F, 0x7E, 0x7F, 0x7B, 0x7E, 0x7A, 0x7E, 0x7A, 0x6C, 0x3C, 0x6B, 0x3B, 0x2B, 0x42, 0x17, 
    0x00, 0x21, 0x59, 0x3C, 0x3C, 0x3C, 0x3B, 0x6B, 0x32, 0x2F, 0x32, 0x32, 0x30, 0x32, 0x2F, 0x30, 
    0x3A, 0x3A, 0x3A, 0x3A, 0x3A, 0x3C, 0x3A, 0x3C, 0x6C, 0x6B, 0x6B, 0x6C, 0x6C, 0x7A, 0x6C, 0x6C, 
    0x6C, 0x5B, 0x3D, 0x3C, 0x3B, 0x3C, 0x3D, 0x3D, 0x6C, 0x5B, 0x6C, 0x7A, 0x7A, 0x7A, 0x7A, 0x7A, 
    0x7A, 0x7A, 0x7A, 0x7A, 0x7A, 0x5B, 0x6C, 0x3C, 0x3D, 0x6B, 0x3D, 0x3D, 0x6C, 0x3D, 0x7A, 0x6C, 
    0x7A, 0x5B, 0x6C, 0x7A, 0x6C, 0x7A, 0x6C, 0x6B, 0x3D, 0x3D, 0x6C, 0x6B, 0x6C, 0x6B, 0x7A, 0x6B, 
    0x6B, 0x3C, 0x6B, 0x3C, 0x6B, 0x3C, 0x6B, 0x6B, 0x6B, 0x6B, 0x6B, 0x6B, 0x6D, 0x6B, 0x6D, 0x7A, 
    0x0C, 0x37, 0x7F, 0x79, 0x7F, 0x81, 0x81, 0x7F, 0x81, 0x85, 0x7D, 0x81, 0x82, 0x81, 0x81, 0x81, 
    0x82, 0x88, 0x8C, 0x88, 0x88, 0x88, 0x8C, 0x88, 0x82, 0x84, 0x81, 0x82, 0x84, 0x88, 0x81, 0x85, 
    0x8C, 0x82, 0x84, 0x82, 0x84, 0x88, 0x9D, 0x9E, 0x9E, 0x59, 0x00, 0x5A, 0x7A, 0x7A, 0x8D, 0xEB, 
    0xEC, 0xEB, 0x04, 0x00, 0x54, 0xE5, 0xEB, 0xED, 0xE5, 0x9C, 0xE3, 0x9C, 0x9C, 0xE3, 0x9F, 0x8A, 
    0x8C, 0x88, 0x82, 0x80, 0x7A, 0x7A, 0x3C, 0x32, 0x2E, 0x28, 0x28, 0x28, 0x32, 0x3B, 0x3C, 0x5B, 
    0x3C, 0x7A, 0x7A, 0x7A, 0x80, 0x86, 0x88, 0x87, 0x9C, 0x9F, 0x9F, 0xE5, 0xE5, 0x9F, 0xE4, 0x9C, 
    0x8B, 0x9C, 0x9C, 0x8A, 0xE3, 0x9C, 0x9C, 0x8A, 0x9B, 0x89, 0x87, 0x87, 0x87, 0x5E, 0x5E, 0x5D, 
    0x5B, 0x5A, 0x3B, 0x37, 0x37, 0x2E, 0x2C, 0x2B, 0x2B, 0x29, 0x0F, 0x1F, 0x1F, 0x0A, 0x00, 0x00, 
    0x00, 0x00, 0x00, 0x00, 0x00, 0x01, 0x00, 0x00, 0x00, 0x00, 0x00, 0x00, 0x00, 0x01, 0x09, 0x09, 
    0x2C, 0x5B, 0x7F, 0x7E, 0x7E, 0x7E, 0x7F, 0x7B, 0x6C, 0x5B, 0x3D, 0x3B, 0x39, 0x29, 0x1C, 0x1E, 
    0x05, 0x00, 0x01, 0x14, 0x2E, 0x32, 0x3C, 0x3B, 0x31, 0x2F, 0x30, 0x2F, 0x2A, 0x2C, 0x30, 0x2C, 
    0x2F, 0x2F, 0x2F, 0x31, 0x31, 0x31, 0x6B, 0x3C, 0x3C, 0x6B, 0x3D, 0x6B, 0x3C, 0x3D, 0x6B, 0x6B, 
    0x7A, 0x6B, 0x5B, 0x3C, 0x3C, 0x3C, 0x3C, 0x3D, 0x5B, 0x7A, 0x5B, 0x7A, 0x7A, 0x7A, 0x7A, 0x7A, 
    0x6C, 0x7A, 0x7E, 0x7A, 0x79, 0x7A, 0x5B, 0x3D, 0x3C, 0x6C, 0x3C, 0x6B, 0x6B, 0x6C, 0x3D, 0x6C, 
    0x6C, 0x7B, 0x7A, 0x7A, 0x7A, 0x7A, 0x7A, 0x6C, 0x3C, 0x3C, 0x3C, 0x6B, 0x6B, 0x6C, 0x6B, 0x6B, 
    0x3A, 0x3A, 0x3C, 0x6A, 0x31, 0x65, 0x6B, 0x65, 0x6B, 0x69, 0x6B, 0x69, 0x6B, 0x6B, 0x6B, 0x3A, 
    0x04, 0x7A, 0x79, 0x7B, 0x79, 0x7B, 0x81, 0x81, 0x81, 0x83, 0x81, 0x81, 0x81, 0x81, 0x85, 0x84, 
    0x85, 0x85, 0x8B, 0x85, 0x8C, 0x85, 0x8C, 0x85, 0x88, 0x84, 0x85, 0x82, 0x8C, 0x88, 0x82, 0x8C, 
    0x88, 0x82, 0x88, 0x84, 0x84, 0x8C, 0x9E, 0x8D, 0x8B, 0x38, 0x0B, 0x5B, 0x7A, 0x7B, 0x8D, 0xA3, 
    0xEC, 0x9F, 0x00, 0x15, 0x9C, 0xE6, 0xED, 0xE6, 0x8A, 0x9C, 0x9C, 0x9C, 0x9C, 0x9F, 0xE3, 0x9F, 
    0x8A, 0x88, 0x81, 0x79, 0x7A, 0x3C, 0x32, 0x2C, 0x28, 0x2E, 0x28, 0x28, 0x28, 0x32, 0x3C, 0x6B, 
    0x3C, 0x5B, 0x79, 0x7E, 0x80, 0x85, 0x85, 0x85, 0x89, 0x9C, 0xE3, 0x9F, 0xE3, 0x9F, 0xE3, 0x9F, 
    0xE3, 0x8A, 0x8B, 0x9B, 0x8A, 0x8A, 0xE3, 0xE3, 0x8A, 0x8A, 0x87, 0x88, 0x86, 0x80, 0x5E, 0x5E, 
    0x58, 0x5D, 0x5A, 0x59, 0x3B, 0x37, 0x36, 0x2E, 0x2D, 0x2E, 0x29, 0x1F, 0x0A, 0x0A, 0x00, 0x00, 
    0x00, 0x00, 0x00, 0x00, 0x03, 0x0B, 0x05, 0x01, 0x00, 0x00, 0x00, 0x00, 0x00, 0x02, 0x00, 0x09, 
    0x09, 0x29, 0x5B, 0x7F, 0x7B, 0x7F, 0x7B, 0x7A, 0x5B, 0x6C, 0x3C, 0x3C, 0x2F, 0x29, 0x1B, 0x15, 
    0x13, 0x19, 0x00, 0x00, 0x00, 0x03, 0x14, 0x2C, 0x32, 0x32, 0x2C, 0x2A, 0x28, 0x2A, 0x2A, 0x2F, 
    0x30, 0x30, 0x25, 0x30, 0x30, 0x3B, 0x3A, 0x3B, 0x3A, 0x3C, 0x3B, 0x3C, 0x3A, 0x3C, 0x6C, 0x5B, 
    0x3D, 0x3C, 0x3D, 0x38, 0x3C, 0x59, 0x6B, 0x59, 0x3D, 0x5B, 0x6C, 0x5B, 0x7A, 0x6C, 0x7E, 0x5B, 
    0x7A, 0x7A, 0x7A, 0x7A, 0x6F, 0x5B, 0x6C, 0x3C, 0x3D, 0x3C, 0x6C, 0x6C, 0x3D, 0x3D, 0x6C, 0x3D, 
    0x7A, 0x7A, 0x6C, 0x7A, 0x6C, 0x7A, 0x6C, 0x3D, 0x3D, 0x3C, 0x3C, 0x3C, 0x3C, 0x3C, 0x3C, 0x3A, 
    0x3A, 0x3A, 0x3A, 0x65, 0x3A, 0x3C, 0x6A, 0x3A, 0x6B, 0x3C, 0x65, 0x6B, 0x6A, 0x6B, 0x6B, 0x27, 
    0x2B, 0x7B, 0x6F, 0x7F, 0x7F, 0x7A, 0x7F, 0x7F, 0x81, 0x81, 0x81, 0x80, 0x83, 0x81, 0x82, 0x82, 
    0x82, 0x88, 0x88, 0x85, 0x88, 0x88, 0x82, 0x88, 0x82, 0x85, 0x82, 0x82, 0x82, 0x7D, 0x81, 0x88, 
    0x84, 0x82, 0x8C, 0x84, 0x84, 0x8C, 0x9E, 0x9E, 0x9E, 0x54, 0x11, 0x5B, 0x7A, 0x83, 0xA3, 0x9D, 
    0xEC, 0x85, 0x00, 0x5D, 0xE4, 0xEB, 0xED, 0x9C, 0x8A, 0x9B, 0x9C, 0xE3, 0xE3, 0x9C, 0xE3, 0x9C, 
    0x8C, 0x88, 0x81, 0x7A, 0x6B, 0x3B, 0x2E, 0x28, 0x2C, 0x28, 0x29, 0x29, 0x28, 0x2E, 0x3B, 0x3C, 
    0x3C, 0x79, 0x7A, 0x79, 0x7E, 0x80, 0x80, 0x86, 0x87, 0x85, 0x86, 0x89, 0x9B, 0x8A, 0x9C, 0x9C, 
    0xE3, 0x8A, 0x8A, 0x8A, 0x9B, 0x8A, 0x9C, 0x9C, 0x9C, 0x9C, 0x9C, 0x8A, 0x87, 0x80, 0x80, 0x5E, 
    0x5D, 0x5D, 0x5B, 0x5A, 0x5A, 0x5A, 0x38, 0x37, 0x2C, 0x2D, 0x2B, 0x11, 0x0C, 0x01, 0x01, 0x00, 
    0x00, 0x00, 0x00, 0x03, 0x0F, 0x0B, 0x09, 0x0C, 0x0F, 0x0B, 0x03, 0x00, 0x00, 0x00, 0x00, 0x00, 
    0x03, 0x09, 0x0C, 0x3B, 0x7F, 0x7A, 0x7E, 0x7A, 0x6C, 0x6B, 0x3C, 0x32, 0x29, 0x19, 0x1B, 0x1B, 
    0x19, 0x17, 0x00, 0x07, 0x19, 0x00, 0x00, 0x00, 0x21, 0x28, 0x2C, 0x2C, 0x2C, 0x29, 0x2C, 0x2C, 
    0x2A, 0x2A, 0x2A, 0x25, 0x32, 0x30, 0x2C, 0x32, 0x2F, 0x30, 0x32, 0x3A, 0x3C, 0x3C, 0x3C, 0x6C, 
    0x59, 0x3C, 0x5B, 0x6C, 0x3C, 0x6C, 0x5B, 0x3D, 0x5B, 0x6C, 0x5B, 0x7A, 0x5B, 0x7A, 0x6C, 0x7A, 
    0x7A, 0x6C, 0x7A, 0x7A, 0x5B, 0x7A, 0x7A, 0x3C, 0x3C, 0x6B, 0x3C, 0x6C, 0x6B, 0x6C, 0x6C, 0x6C, 
    0x5B, 0x7A, 0x7A, 0x6F, 0x7A, 0x7A, 0x7A, 0x6B, 0x6B, 0x3C, 0x3C, 0x6B, 0x3C, 0x3A, 0x3C, 0x3A, 
    0x31, 0x3A, 0x31, 0x3A, 0x31, 0x31, 0x31, 0x3A, 0x31, 0x3A, 0x31, 0x3C, 0x31, 0x6B, 0x31, 0x00, 
    0x3C, 0x6D, 0x7A, 0x7B, 0x7B, 0x7F, 0x79, 0x7F, 0x80, 0x81, 0x81, 0x88, 0x81, 0x81, 0x81, 0x82, 
    0x85, 0x8C, 0x88, 0x88, 0x8C, 0x88, 0x88, 0x82, 0x85, 0x82, 0x85, 0x82, 0x88, 0x82, 0x88, 0x8C, 
    0x88, 0x82, 0x88, 0x82, 0x82, 0x9E, 0x9D, 0x9E, 0x9E, 0x54, 0x1A, 0x5A, 0x7B, 0x9E, 0x8D, 0xA3, 
    0xEB, 0x5E, 0x1B, 0x9D, 0xE4, 0xEC, 0xE5, 0x8A, 0x8A, 0x9C, 0x8A, 0x9F, 0x9C, 0x9F, 0x9C, 0x9C, 
    0x88, 0x85, 0x80, 0x7A, 0x3C, 0x3C, 0x28, 0x2E, 0x28, 0x29, 0x28, 0x29, 0x28, 0x32, 0x32, 0x3C, 
    0x3C, 0x6C, 0x5B, 0x5B, 0x79, 0x80, 0x5E, 0x7E, 0x80, 0x86, 0x86, 0x8A, 0xE3, 0xE3, 0x9C, 0x9F, 
    0xE3, 0xE3, 0x8A, 0x88, 0x8A, 0x88, 0x8A, 0x9B, 0x8A, 0x9C, 0x8A, 0x9B, 0x89, 0x9B, 0x87, 0x82, 
    0x86, 0x80, 0x86, 0x80, 0x5E, 0x58, 0x58, 0x59, 0x37, 0x3B, 0x2D, 0x0C, 0x0B, 0x09, 0x00, 0x00, 
    0x00, 0x00, 0x01, 0x0B, 0x0C, 0x21, 0x2B, 0x37, 0x2E, 0x2B, 0x29, 0x11, 0x28, 0x37, 0x1A, 0x00, 
    0x00, 0x02, 0x09, 0x09, 0x32, 0x7B, 0x5B, 0x6C, 0x3C, 0x3C, 0x32, 0x2C, 0x19, 0x1C, 0x1B, 0x34, 
    0x05, 0x53, 0x5F, 0x55, 0x54, 0x54, 0x19, 0x00, 0x00, 0x09, 0x27, 0x2C, 0x2E, 0x11, 0x29, 0x2C, 
    0x0C, 0x0C, 0x22, 0x2C, 0x2C, 0x2A, 0x2C, 0x2C, 0x30, 0x2C, 0x31, 0x3B, 0x3C, 0x3B, 0x6B, 0x3C, 
    0x3D, 0x5B, 0x6C, 0x5B, 0x3C, 0x3C, 0x5B, 0x3D, 0x3D, 0x5B, 0x7A, 0x7A, 0x6C, 0x7A, 0x7A, 0x5B, 
    0x7A, 0x5B, 0x7A, 0x7A, 0x7A, 0x6C, 0x6C, 0x3C, 0x3D, 0x6B, 0x6C, 0x6A, 0x6B, 0x6C, 0x6C, 0x6C, 
    0x6C, 0x7A, 0x6F, 0x7A, 0x6C, 0x7A, 0x6C, 0x3C, 0x6C, 0x3C, 0x3A, 0x3C, 0x3A, 0x3A, 0x6A, 0x31, 
    0x3A, 0x31, 0x31, 0x31, 0x31, 0x2F, 0x31, 0x31, 0x31, 0x31, 0x3A, 0x31, 0x6A, 0x3C, 0x2A, 0x0B, 
    0x3D, 0x6B, 0x6D, 0x6B, 0x6D, 0x7B, 0x83, 0x7B, 0x7F, 0x7B, 0x81, 0x81, 0x81, 0x81, 0x82, 0x81, 
    0x81, 0x82, 0x82, 0x88, 0x82, 0x88, 0x81, 0x80, 0x7E, 0x81, 0x82, 0x88, 0x84, 0x85, 0x82, 0x88, 
    0x82, 0x8C, 0x84, 0x82, 0x84, 0x9F, 0x9D, 0x9E, 0x84, 0x5A, 0x5A, 0x3C, 0x84, 0x9D, 0x8D, 0x9D, 
    0x9D, 0x3C, 0x88, 0xE4, 0xEB, 0xE6, 0x8C, 0x8A, 0x9C, 0x8A, 0x9C, 0xE3, 0xE3, 0xE3, 0x9F, 0x9C, 
    0x82, 0x88, 0x80, 0x7A, 0x3C, 0x3B, 0x32, 0x28, 0x2C, 0x28, 0x29, 0x29, 0x2A, 0x2E, 0x32, 0x3C, 
    0x7A, 0x5B, 0x79, 0x80, 0x80, 0x87, 0x88, 0x87, 0x85, 0x8A, 0x9C, 0x8A, 0xE5, 0xE3, 0x9C, 0xE3, 
    0xE3, 0xE3, 0x9F, 0x9B, 0x87, 0x88, 0x88, 0x9B, 0x8C, 0x8A, 0x9B, 0x8A, 0x9B, 0x8A, 0x88, 0x89, 
    0x87, 0x87, 0x87, 0x86, 0x86, 0x80, 0x5E, 0x5E, 0x58, 0x59, 0x3B, 0x2D, 0x09, 0x07, 0x00, 0x00, 
    0x00, 0x00, 0x0C, 0x11, 0x39, 0x59, 0x3D, 0x3B, 0x2E, 0x2B, 0x2C, 0x2C, 0x36, 0x37, 0x5A, 0x59, 
    0x2B, 0x00, 0x00, 0x07, 0x08, 0x29, 0x3D, 0x3C, 0x3A, 0x32, 0x25, 0x1C, 0x18, 0x15, 0x19, 0x1D, 
    0x52, 0x57, 0x5A, 0x32, 0x32, 0x3B, 0x59, 0x2D, 0x1A, 0x00, 0x00, 0x01, 0x03, 0x00, 0x00, 0x05, 
    0x00, 0x07, 0x14, 0x29, 0x2A, 0x2A, 0x2A, 0x2A, 0x2A, 0x2F, 0x32, 0x3A, 0x3C, 0x31, 0x3D, 0x6B, 
    0x5B, 0x6C, 0x5B, 0x6C, 0x3C, 0x3C, 0x5B, 0x6C, 0x5B, 0x6C, 0x7A, 0x5B, 0x79, 0x7A, 0x6C, 0x7A, 
    0x7A, 0x7A, 0x6C, 0x7A, 0x79, 0x5B, 0x7A, 0x6B, 0x3C, 0x6C, 0x3C, 0x6C, 0x6B, 0x6C, 0x6C, 0x6F, 
    0x7A, 0x7A, 0x7A, 0x7A, 0x7E, 0x6C, 0x6B, 0x6C, 0x6B, 0x6B, 0x3C, 0x31, 0x3C, 0x3A, 0x31, 0x31, 
    0x31, 0x30, 0x30, 0x30, 0x2F, 0x2C, 0x2F, 0x31, 0x31, 0x31, 0x2F, 0x31, 0x31, 0x3A, 0x01, 0x2C, 
    0x6B, 0x6B, 0x6B, 0x6D, 0x79, 0x6C, 0x7B, 0x81, 0x7B, 0x7F, 0x81, 0x83, 0x85, 0x81, 0x85, 0x84, 
    0x81, 0x84, 0x88, 0x88, 0x81, 0x81, 0x81, 0x81, 0x85, 0x84, 0x81, 0x82, 0x88, 0x81, 0x8C, 0x8C, 
    0x85, 0x8C, 0x8C, 0x84, 0x84, 0x9E, 0x9E, 0x9E, 0x85, 0x5A, 0x80, 0x81, 0x8B, 0x9D, 0x8B, 0x9D, 
    0x85, 0x80, 0xE4, 0xA3, 0xEC, 0x9F, 0x8A, 0x9B, 0x8A, 0x8A, 0x8A, 0xE5, 0xE3, 0x9F, 0x9F, 0x9C, 
    0x8C, 0x85, 0x79, 0x79, 0x6B, 0x32, 0x32, 0x2F, 0x2A, 0x2A, 0x2A, 0x28, 0x2F, 0x3C, 0x3C, 0x3C, 
    0x6B, 0x79, 0x79, 0x80, 0x81, 0x87, 0x85, 0x9B, 0x85, 0x9C, 0xE3, 0x89, 0xE4, 0xE3, 0xE3, 0x9C, 
    0xE3, 0x9C, 0xE3, 0x9F, 0x8A, 0x9B, 0x88, 0x87, 0x88, 0x85, 0x88, 0x9E, 0x8A, 0x88, 0x8A, 0x8A, 
    0x8A, 0x88, 0x89, 0x88, 0x89, 0x9B, 0x87, 0x87, 0x5E, 0x80, 0x5E, 0x2E, 0x08, 0x03, 0x00, 0x00, 
    0x00, 0x0C, 0x2C, 0x3D, 0x5B, 0x59, 0x32, 0x39, 0x32, 0x3B, 0x32, 0x2C, 0x32, 0x32, 0x2E, 0x32, 
    0x58, 0x5A, 0x1A, 0x00, 0x00, 0x01, 0x0C, 0x31, 0x32, 0x21, 0x15, 0x48, 0x42, 0x44, 0x57, 0x59, 
    0x59, 0x3C, 0x3C, 0x31, 0x2F, 0x31, 0x2F, 0x2F, 0x2E, 0x28, 0x15, 0x00, 0x00, 0x00, 0x00, 0x00, 
    0x00, 0x00, 0x0B, 0x0C, 0x1F, 0x21, 0x21, 0x2B, 0x2A, 0x30, 0x39, 0x39, 0x3A, 0x3C, 0x3C, 0x5B, 
    0x6C, 0x3D, 0x3D, 0x3D, 0x3C, 0x3C, 0x5B, 0x5B, 0x6C, 0x5B, 0x7A, 0x5B, 0x6F, 0x7A, 0x6C, 0x5B, 
    0x6C, 0x7A, 0x6C, 0x7A, 0x5B, 0x7A, 0x6C, 0x3D, 0x3D, 0x3D, 0x6C, 0x3D, 0x3D, 0x6C, 0x7A, 0x7A, 
    0x6C, 0x7A, 0x6F, 0x7A, 0x6D, 0x6C, 0x6C, 0x3D, 0x6C, 0x3C, 0x3C, 0x3A, 0x30, 0x30, 0x30, 0x30, 
    0x30, 0x2C, 0x25, 0x30, 0x30, 0x2A, 0x30, 0x2F, 0x25, 0x2F, 0x30, 0x2F, 0x31, 0x2F, 0x00, 0x3B, 
    0x6A, 0x6A, 0x6D, 0x6A, 0x6D, 0x6B, 0x6D, 0x7A, 0x83, 0x81, 0x7F, 0x81, 0x7D, 0x81, 0x82, 0x82, 
    0x81, 0x81, 0x81, 0x81, 0x82, 0x88, 0x82, 0x82, 0x82, 0x81, 0x82, 0x88, 0x82, 0x85, 0x8C, 0x88, 
    0x82, 0x88, 0x82, 0x88, 0x8C, 0x8B, 0x9E, 0x9E, 0x81, 0x5A, 0x87, 0x88, 0x9E, 0x8B, 0x8D, 0x8B, 
    0x7F, 0x88, 0xEB, 0xEB, 0xE4, 0x87, 0x9B, 0x9B, 0x88, 0x8A, 0x9B, 0xE3, 0x9C, 0xE3, 0x9F, 0x8A, 
    0x8B, 0x85, 0x7E, 0x7A, 0x6B, 0x3B, 0x3A, 0x32, 0x2F, 0x32, 0x32, 0x32, 0x3C, 0x32, 0x6B, 0x3C, 
    0x79, 0x79, 0x80, 0x80, 0x81, 0x87, 0x88, 0x87, 0x88, 0x9B, 0xE3, 0x9C, 0x9C, 0xE3, 0xE5, 0x8A, 
    0x9C, 0x9B, 0x9C, 0x9C, 0xE3, 0x9C, 0x9B, 0x87, 0x88, 0x80, 0x87, 0x87, 0x87, 0x87, 0x88, 0x87, 
    0x88, 0x87, 0x88, 0x87, 0x87, 0x87, 0x88, 0x87, 0x7D, 0x58, 0x30, 0x09, 0x0B, 0x01, 0x00, 0x00, 
    0x11, 0x37, 0x7A, 0x5B, 0x3B, 0x3B, 0x3C, 0x3C, 0x5B, 0x39, 0x3C, 0x30, 0x3B, 0x38, 0x3B, 0x3B, 
    0x3B, 0x5A, 0x5E, 0x5A, 0x03, 0x00, 0x00, 0x07, 0x11, 0x0E, 0x2D, 0x55, 0x58, 0x58, 0x3D, 0x6B, 
    0x6B, 0x6B, 0x6B, 0x3A, 0x3A, 0x3C, 0x30, 0x2E, 0x2A, 0x29, 0x29, 0x00, 0x00, 0x00, 0x00, 0x00, 
    0x00, 0x00, 0x14, 0x21, 0x21, 0x22, 0x2A, 0x2C, 0x2C, 0x30, 0x30, 0x3A, 0x3C, 0x3C, 0x3C, 0x6B, 
    0x5B, 0x6C, 0x3D, 0x7A, 0x3D, 0x3C, 0x5B, 0x6C, 0x7A, 0x5B, 0x7A, 0x7A, 0x5B, 0x7A, 0x7A, 0x7A, 
    0x6C, 0x7A, 0x5B, 0x7A, 0x7A, 0x5B, 0x7A, 0x3D, 0x3D, 0x6B, 0x3D, 0x6C, 0x7A, 0x6C, 0x7A, 0x7A, 
    0x7A, 0x7B, 0x6C, 0x7A, 0x6C, 0x6C, 0x6C, 0x6C, 0x6B, 0x6C, 0x3C, 0x6A, 0x2F, 0x30, 0x2F, 0x30, 
    0x24, 0x30, 0x2A, 0x24, 0x2A, 0x24, 0x29, 0x2F, 0x24, 0x25, 0x24, 0x2F, 0x2F, 0x0C, 0x09, 0x6A, 
    0x31, 0x6A, 0x65, 0x6B, 0x6B, 0x6D, 0x7A, 0x6D, 0x7B, 0x7F, 0x81, 0x81, 0x85, 0x81, 0x81, 0x7F, 
    0x7B, 0x81, 0x81, 0x8C, 0x88, 0x82, 0x88, 0x81, 0x81, 0x81, 0x82, 0x8C, 0x88, 0x82, 0x88, 0x84, 
    0x88, 0x84, 0x84, 0x8C, 0x9E, 0x9D, 0x9E, 0x9E, 0x5B, 0x5E, 0x9B, 0x84, 0x8B, 0x8B, 0x9E, 0x85, 
    0x80, 0x9E, 0x9D, 0xEB, 0x8A, 0x88, 0x89, 0x88, 0x8A, 0x87, 0xE3, 0x9C, 0xE3, 0xE5, 0x9C, 0x8B, 
    0x88, 0x88, 0x80, 0x7A, 0x79, 0x6B, 0x6B, 0x3C, 0x3B, 0x31, 0x32, 0x3C, 0x6B, 0x3C, 0x3C, 0x3D, 
    0x79, 0x7A, 0x80, 0x7D, 0x85, 0x88, 0x89, 0x88, 0x87, 0x9C, 0x9C, 0xE3, 0xE3, 0xE5, 0xE3, 0x9B, 
    0x8A, 0x87, 0x8A, 0x9C, 0x9C, 0x9C, 0x9C, 0x9C, 0x8A, 0x88, 0x86, 0x82, 0x88, 0x80, 0x7D, 0x80, 
    0x86, 0x82, 0x86, 0x80, 0x86, 0x87, 0x87, 0x86, 0x3B, 0x22, 0x1F, 0x0B, 0x07, 0x01, 0x04, 0x19, 
    0x3B, 0x7A, 0x38, 0x3C, 0x6B, 0x3C, 0x5B, 0x3D, 0x5B, 0x38, 0x5B, 0x3C, 0x3C, 0x3D, 0x3C, 0x3D, 
    0x5B, 0x3D, 0x59, 0x7E, 0x86, 0x5A, 0x00, 0x00, 0x00, 0x19, 0x57, 0x5B, 0x3C, 0x6B, 0x6C, 0x6C, 
    0x6C, 0x6C, 0x6B, 0x6B, 0x31, 0x3C, 0x31, 0x30, 0x2A, 0x2C, 0x11, 0x00, 0x00, 0x00, 0x00, 0x00, 
    0x00, 0x04, 0x10, 0x29, 0x22, 0x22, 0x22, 0x2A, 0x30, 0x2F, 0x31, 0x3A, 0x3A, 0x3C, 0x3C, 0x5B, 
    0x6C, 0x5B, 0x6B, 0x5B, 0x3D, 0x3C, 0x7A, 0x5B, 0x6C, 0x5B, 0x7A, 0x6C, 0x7A, 0x5B, 0x6C, 0x5B, 
    0x6C, 0x7A, 0x7A, 0x7A, 0x7A, 0x6C, 0x7A, 0x3C, 0x3D, 0x5B, 0x6C, 0x5B, 0x6C, 0x5B, 0x6D, 0x7A, 
    0x6F, 0x7A, 0x7E, 0x6C, 0x6C, 0x6C, 0x6B, 0x6C, 0x3D, 0x3C, 0x3A, 0x3A, 0x35, 0x30, 0x30, 0x25, 
    0x24, 0x22, 0x22, 0x2A, 0x22, 0x2A, 0x29, 0x22, 0x24, 0x2A, 0x25, 0x2A, 0x2C, 0x00, 0x21, 0x32, 
    0x65, 0x3A, 0x65, 0x6B, 0x69, 0x6B, 0x6D, 0x6C, 0x7B, 0x81, 0x7F, 0x81, 0x7B, 0x7E, 0x7F, 0x81, 
    0x81, 0x85, 0x82, 0x8C, 0x84, 0x88, 0x82, 0x83, 0x81, 0x82, 0x82, 0x8C, 0x82, 0x81, 0x8C, 0x88, 
    0x84, 0x82, 0x82, 0x88, 0x9E, 0x9E, 0x9E, 0x9E, 0x3B, 0x86, 0x8C, 0x84, 0x8C, 0x9E, 0x84, 0x58, 
    0x5E, 0xE3, 0xE5, 0x9C, 0x87, 0x86, 0x87, 0x89, 0x9B, 0x87, 0x9C, 0x9C, 0x9F, 0xE3, 0x8A, 0x9F, 
    0x88, 0x88, 0x81, 0x7B, 0x7A, 0x7A, 0x6B, 0x3C, 0x6B, 0x3C, 0x6B, 0x3C, 0x3C, 0x3C, 0x79, 0x79, 
    0x7E, 0x80, 0x80, 0x80, 0x82, 0x87, 0x88, 0x88, 0x88, 0xE3, 0x9C, 0xE3, 0xE5, 0xE3, 0x9C, 0x89, 
    0x9B, 0x87, 0x9B, 0x87, 0x9C, 0x8A, 0x9C, 0x9C, 0x9F, 0x9C, 0x9B, 0x88, 0x88, 0x80, 0x88, 0x86, 
    0x88, 0x87, 0x88, 0x86, 0x88, 0x9B, 0x5E, 0x22, 0x20, 0x1F, 0x0B, 0x03, 0x03, 0x00, 0x10, 0x2E, 
    0x5B, 0x32, 0x3C, 0x3C, 0x3D, 0x3C, 0x6C, 0x3D, 0x7A, 0x3C, 0x6C, 0x5B, 0x3D, 0x7A, 0x6C, 0x5B, 
    0x7A, 0x5B, 0x7A, 0x59, 0x5B, 0x85, 0x88, 0x5A, 0x00, 0x00, 0x09, 0x2C, 0x3D, 0x7A, 0x6D, 0x7A, 
    0x6C, 0x6C, 0x6B, 0x3A, 0x3A, 0x3C, 0x3A, 0x2F, 0x2C, 0x2A, 0x2A, 0x00, 0x00, 0x00, 0x00, 0x00, 
    0x00, 0x0B, 0x27, 0x21, 0x2A, 0x2C, 0x2A, 0x2C, 0x30, 0x2F, 0x2F, 0x39, 0x3A, 0x6B, 0x6B, 0x6B, 
    0x7A, 0x6C, 0x6B, 0x6C, 0x3C, 0x3C, 0x6B, 0x5B, 0x6C, 0x7A, 0x5B, 0x7A, 0x5B, 0x7A, 0x7A, 0x7A, 
    0x7A, 0x7A, 0x6C, 0x7E, 0x7A, 0x7E, 0x79, 0x6C, 0x3C, 0x6C, 0x5B, 0x6C, 0x7A, 0x7A, 0x7A, 0x7B, 
    0x7B, 0x7B, 0x7A, 0x6D, 0x7A, 0x6C, 0x3D, 0x6D, 0x6B, 0x6B, 0x3C, 0x3A, 0x31, 0x30, 0x30, 0x22, 
    0x2C, 0x24, 0x2A, 0x2A, 0x2A, 0x22, 0x29, 0x29, 0x29, 0x24, 0x2A, 0x2A, 0x27, 0x00, 0x2A, 0x31, 
    0x31, 0x3C, 0x31, 0x65, 0x6B, 0x6A, 0x6C, 0x6C, 0x6C, 0x7B, 0x79, 0x7F, 0x81, 0x81, 0x81, 0x83, 
    0x85, 0x81, 0x88, 0x8C, 0x88, 0x84, 0x81, 0x83, 0x81, 0x84, 0x85, 0x88, 0x85, 0x82, 0x8B, 0x84, 
    0x8C, 0x84, 0x8C, 0x8C, 0x9E, 0x9D, 0x9E, 0x8C, 0x59, 0x80, 0x8C, 0x8C, 0x8B, 0x8C, 0x5E, 0x1E, 
    0x62, 0xB0, 0x89, 0x8A, 0x8A, 0x88, 0x87, 0x87, 0x8A, 0x88, 0xB1, 0x9C, 0xE3, 0x9F, 0xE3, 0x9F, 
    0x8B, 0x88, 0x88, 0x81, 0x7B, 0x7B, 0x79, 0x7B, 0x6B, 0x6B, 0x3C, 0x6B, 0x7A, 0x7A, 0x79, 0x80, 
    0x80, 0x80, 0x80, 0x85, 0x87, 0x8C, 0x87, 0x9B, 0x9B, 0x9F, 0x9C, 0xE5, 0xE3, 0xE5, 0xE3, 0x87, 
    0x86, 0x88, 0x8A, 0x88, 0x87, 0x8A, 0x8A, 0x8A, 0x8A, 0x9C, 0x9C, 0x9F, 0x8A, 0x88, 0x88, 0x88, 
    0x8A, 0x88, 0x89, 0x88, 0x89, 0x5B, 0x0A, 0x0A, 0x0A, 0x09, 0x07, 0x05, 0x00, 0x48, 0x57, 0x2B, 
    0x5B, 0x6C, 0x5B, 0x3C, 0x79, 0x6B, 0x7A, 0x5B, 0x7A, 0x7A, 0x7A, 0x7A, 0x7A, 0x7A, 0x7B, 0x7A, 
    0x79, 0x7A, 0x79, 0x7B, 0x5B, 0x38, 0x79, 0x9E, 0x88, 0x59, 0x00, 0x00, 0x1A, 0x3B, 0x7B, 0x7B, 
    0x7A, 0x6D, 0x6B, 0x6B, 0x65, 0x6B, 0x32, 0x31, 0x2F, 0x25, 0x28, 0x03, 0x00, 0x00, 0x00, 0x00, 
    0x0B, 0x0C, 0x27, 0x21, 0x21, 0x2A, 0x20, 0x2C, 0x30, 0x32, 0x30, 0x31, 0x3A, 0x3C, 0x3C, 0x7A, 
    0x6C, 0x3D, 0x6B, 0x5B, 0x3D, 0x5B, 0x3D, 0x5B, 0x7A, 0x5B, 0x6C, 0x5B, 0x6C, 0x5B, 0x7A, 0x5B, 
    0x5B, 0x7A, 0x6C, 0x5B, 0x6C, 0x7A, 0x6F, 0x3D, 0x6C, 0x6C, 0x6C, 0x6C, 0x6C, 0x7A, 0x6C, 0x7B, 
    0x7E, 0x7A, 0x6F, 0x6C, 0x6C, 0x6C, 0x6C, 0x6C, 0x6C, 0x3C, 0x3A, 0x3A, 0x3A, 0x30, 0x25, 0x2C, 
    0x20, 0x2A, 0x22, 0x21, 0x22, 0x22, 0x22, 0x1A, 0x22, 0x27, 0x22, 0x2A, 0x09, 0x03, 0x30, 0x30, 
    0x31, 0x32, 0x3A, 0x31, 0x3A, 0x6B, 0x6B, 0x6C, 0x6B, 0x7A, 0x7E, 0x7E, 0x7F, 0x81, 0x82, 0x81, 
    0x82, 0x85, 0x82, 0x8C, 0x84, 0x8C, 0x82, 0x81, 0x82, 0x82, 0x88, 0x8C, 0x82, 0x82, 0x8C, 0x82, 
    0x82, 0x82, 0x82, 0x88, 0x9D, 0x9E, 0x9E, 0x84, 0x54, 0x81, 0x84, 0x85, 0x84, 0x79, 0x54, 0x5F, 
    0xC2, 0xC4, 0xE9, 0x62, 0x9B, 0x87, 0x9B, 0x87, 0x8A, 0x88, 0x9C, 0x9C, 0x9F, 0xE3, 0x9F, 0x9C, 
    0x9F, 0x88, 0x8C, 0x82, 0x81, 0x81, 0x7B, 0x7B, 0x7A, 0x7A, 0x7A, 0x7A, 0x7E, 0x7E, 0x7E, 0x80, 
    0x80, 0x85, 0x7D, 0x87, 0x87, 0x87, 0x88, 0x8A, 0x9B, 0xB1, 0x9C, 0xE3, 0x9C, 0x9C, 0x9C, 0x89, 
    0x87, 0x87, 0x89, 0x87, 0x9B, 0x89, 0x88, 0x87, 0x8A, 0x8A, 0x9C, 0x9B, 0x9C, 0x9B, 0x9B, 0x9C, 
    0x9C, 0x9B, 0x9E, 0x5E, 0x2C, 0x08, 0x09, 0x03, 0x09, 0x07, 0x00, 0x00, 0x1E, 0x91, 0x5C, 0x19, 
    0x59, 0x7A, 0x6B, 0x3C, 0x6C, 0x5B, 0x6C, 0x7A, 0x7A, 0x7A, 0x5B, 0x6D, 0x6C, 0x7A, 0x7A, 0x7A, 
    0x7A, 0x7A, 0x7E, 0x7A, 0x7A, 0x5B, 0x3D, 0x3C, 0x80, 0x9F, 0x9C, 0x34, 0x00, 0x05, 0x2C, 0x6C, 
    0x6D, 0x6C, 0x6D, 0x6B, 0x6A, 0x32, 0x6A, 0x2F, 0x2F, 0x2C, 0x30, 0x29, 0x00, 0x00, 0x00, 0x00, 
    0x0C, 0x21, 0x29, 0x2C, 0x2A, 0x25, 0x2A, 0x2C, 0x2C, 0x31, 0x32, 0x3A, 0x3C, 0x3C, 0x3C, 0x7A, 
    0x5B, 0x6C, 0x5B, 0x6B, 0x3C, 0x3D, 0x5B, 0x3D, 0x3D, 0x7A, 0x7A, 0x7A, 0x6C, 0x7A, 0x5B, 0x7A, 
    0x7E, 0x7A, 0x7A, 0x7A, 0x5B, 0x7A, 0x5B, 0x6C, 0x6C, 0x3D, 0x7A, 0x7A, 0x7A, 0x7A, 0x7A, 0x7E, 
    0x7A, 0x7A, 0x7A, 0x7A, 0x7A, 0x6D, 0x7A, 0x6B, 0x3D, 0x6A, 0x3A, 0x39, 0x31, 0x30, 0x25, 0x31, 
    0x2A, 0x24, 0x2A, 0x22, 0x27, 0x22, 0x22, 0x11, 0x29, 0x22, 0x29, 0x21, 0x00, 0x21, 0x2F, 0x30, 
    0x2F, 0x31, 0x31, 0x31, 0x31, 0x65, 0x6B, 0x6B, 0x6B, 0x6D, 0x7A, 0x7F, 0x7B, 0x81, 0x81, 0x83, 
    0x82, 0x82, 0x81, 0x84, 0x88, 0x84, 0x81, 0x82, 0x81, 0x8C, 0x88, 0x84, 0x81, 0x8C, 0x88, 0x84, 
    0x88, 0x8C, 0x82, 0x9E, 0x9E, 0x9E, 0x9E, 0x80, 0x3B, 0x84, 0x85, 0x83, 0x86, 0x36, 0x5F, 0xC7, 
    0xCF, 0xBA, 0xC6, 0xE2, 0x87, 0x88, 0x87, 0x88, 0x87, 0x87, 0x8A, 0x9C, 0x9C, 0x9F, 0xE3, 0x9F, 
    0x9C, 0x8C, 0x8C, 0x8C, 0x85, 0x83, 0x81, 0x7F, 0x7A, 0x7A, 0x7A, 0x7E, 0x79, 0x7F, 0x80, 0x81, 
    0x86, 0x87, 0x86, 0x88, 0x87, 0x87, 0x86, 0x9B, 0xE3, 0x9B, 0xE3, 0xE3, 0x9C, 0xE3, 0x9C, 0x9C, 
    0x89, 0x9B, 0x89, 0x87, 0x87, 0x8A, 0x88, 0x88, 0x8A, 0x88, 0x8A, 0x8A, 0x8A, 0x9C, 0x8A, 0x88, 
    0x8A, 0x9B, 0x59, 0x0A, 0x08, 0x09, 0x01, 0x02, 0x06, 0x00, 0x55, 0x61, 0x5F, 0x62, 0x48, 0x07, 
    0x2E, 0x7A, 0x79, 0x6C, 0x3C, 0x7B, 0x5B, 0x7A, 0x7A, 0x7A, 0x7A, 0x7A, 0x5B, 0x7E, 0x7E, 0x7A, 
    0x7E, 0x7A, 0x79, 0x79, 0x7E, 0x7A, 0x5B, 0x5B, 0x3B, 0x39, 0x88, 0xE3, 0x04, 0x00, 0x00, 0x1A, 
    0x3C, 0x6D, 0x6C, 0x6A, 0x3C, 0x6A, 0x3C, 0x31, 0x2F, 0x2F, 0x2F, 0x32, 0x29, 0x0B, 0x15, 0x10, 
    0x21, 0x21, 0x22, 0x22, 0x22, 0x2A, 0x30, 0x2C, 0x25, 0x30, 0x30, 0x3C, 0x3C, 0x3C, 0x6C, 0x7A, 
    0x6C, 0x5B, 0x6C, 0x5B, 0x3D, 0x5B, 0x5B, 0x5B, 0x6C, 0x5B, 0x7A, 0x5B, 0x7A, 0x7A, 0x5B, 0x5B, 
    0x6F, 0x5B, 0x7A, 0x6C, 0x7E, 0x7A, 0x7A, 0x7A, 0x3D, 0x7A, 0x6C, 0x7A, 0x7A, 0x7A, 0x6F, 0x79, 
    0x6F, 0x7B, 0x6C, 0x7A, 0x6C, 0x7A, 0x6B, 0x6B, 0x6B, 0x3A, 0x3A, 0x3A, 0x26, 0x30, 0x25, 0x30, 
    0x25, 0x2A, 0x22, 0x21, 0x22, 0x27, 0x1F, 0x27, 0x11, 0x21, 0x22, 0x0B, 0x01, 0x2C, 0x30, 0x30, 
    0x31, 0x2F, 0x30, 0x32, 0x31, 0x31, 0x6A, 0x6B, 0x69, 0x6C, 0x7F, 0x7A, 0x7F, 0x81, 0x83, 0x81, 
    0x82, 0x85, 0x82, 0x8C, 0x84, 0x88, 0x82, 0x81, 0x82, 0x88, 0x8C, 0x88, 0x82, 0x8A, 0x8C, 0x8C, 
    0x84, 0x88, 0x8C, 0x8C, 0x9D, 0x9E, 0x9E, 0x5B, 0x80, 0x85, 0x82, 0x81, 0x37, 0x1E, 0x51, 0xCA, 
    0xBD, 0xCA, 0xC0, 0xC5, 0x86, 0x9B, 0x89, 0x87, 0x8A, 0x87, 0x88, 0xE3, 0x9F, 0xE3, 0x9F, 0x9C, 
    0x9F, 0x8A, 0x9F, 0x88, 0x8C, 0x88, 0x83, 0x83, 0x7F, 0x7F, 0x7F, 0x81, 0x81, 0x81, 0x88, 0x85, 
    0x88, 0x87, 0x88, 0x87, 0x88, 0x87, 0x87, 0x87, 0x9C, 0x9C, 0x9B, 0xE3, 0x9B, 0x9C, 0x9C, 0x9C, 
    0xE3, 0x89, 0x88, 0x89, 0x8A, 0x87, 0x9B, 0x89, 0x9B, 0x8A, 0x88, 0x8A, 0x88, 0x89, 0x9B, 0x8A, 
    0x5E, 0x29, 0x01, 0x09, 0x03, 0x00, 0x05, 0x00, 0x00, 0x5F, 0xC7, 0xC1, 0x62, 0xB0, 0x62, 0x16, 
    0x11, 0x5B, 0x6C, 0x3D, 0x6C, 0x79, 0x6C, 0x7A, 0x7A, 0x7A, 0x5B, 0x7A, 0x7A, 0x7A, 0x7B, 0x79, 
    0x7E, 0x7A, 0x7E, 0x7A, 0x7E, 0x79, 0x3D, 0x5B, 0x38, 0x3B, 0x2E, 0x10, 0x11, 0x58, 0x07, 0x00, 
    0x09, 0x2C, 0x6B, 0x6B, 0x6B, 0x3A, 0x3A, 0x3C, 0x31, 0x30, 0x2C, 0x30, 0x29, 0x1A, 0x2D, 0x14, 
    0x27, 0x21, 0x29, 0x2C, 0x22, 0x2C, 0x30, 0x30, 0x30, 0x32, 0x32, 0x31, 0x3C, 0x3C, 0x7A, 0x7A, 
    0x7A, 0x6C, 0x7A, 0x6C, 0x3C, 0x6B, 0x5B, 0x3D, 0x5B, 0x7A, 0x7A, 0x7A, 0x3D, 0x7E, 0x7A, 0x7A, 
    0x7A, 0x7A, 0x5B, 0x7A, 0x7A, 0x7A, 0x7A, 0x7A, 0x7A, 0x7E, 0x7A, 0x7B, 0x7A, 0x7E, 0x7B, 0x80, 
    0x7E, 0x7A, 0x7B, 0x7A, 0x7A, 0x6C, 0x6B, 0x6B, 0x6B, 0x6A, 0x31, 0x3A, 0x31, 0x31, 0x30, 0x24, 
    0x2F, 0x24, 0x2A, 0x2A, 0x21, 0x1F, 0x27, 0x27, 0x14, 0x29, 0x27, 0x00, 0x0C, 0x2F, 0x2C, 0x30, 
    0x2F, 0x30, 0x31, 0x30, 0x2F, 0x65, 0x3C, 0x6B, 0x6B, 0x6D, 0x7B, 0x7C, 0x7B, 0x7F, 0x81, 0x81, 
    0x82, 0x81, 0x85, 0x84, 0x84, 0x84, 0x85, 0x84, 0x85, 0x8C, 0x8C, 0x84, 0x81, 0x8C, 0x88, 0x8C, 
    0x82, 0x8C, 0x88, 0x9E, 0x9D, 0x9E, 0x8B, 0x5B, 0x88, 0x82, 0x81, 0x5A, 0x04, 0x41, 0xB4, 0xCA, 
    0xCA, 0xBE, 0xCA, 0xD0, 0x62, 0x8A, 0x8A, 0x88, 0x8A, 0x8A, 0x89, 0x8A, 0x8A, 0x9F, 0xE3, 0x9F, 
    0x9F, 0x9F, 0x8B, 0x8B, 0x8B, 0x8B, 0x8C, 0x8C, 0x8C, 0x81, 0x81, 0x82, 0x88, 0x82, 0x85, 0x88, 
    0x88, 0x8A, 0x8A, 0x8A, 0x87, 0x88, 0x86, 0x88, 0x62, 0x9B, 0x89, 0xE3, 0x8A, 0x9C, 0x89, 0x8A, 
    0xE3, 0xE3, 0x9C, 0x9C, 0x9C, 0x9B, 0x8A, 0x88, 0x89, 0x9B, 0x8A, 0x88, 0x8A, 0x9B, 0x89, 0x59, 
    0x08, 0x08, 0x05, 0x01, 0x04, 0x00, 0x00, 0x41, 0xAF, 0xC4, 0xB8, 0xC1, 0x61, 0x91, 0xB0, 0x53, 
    0x01, 0x3C, 0x5B, 0x6B, 0x7A, 0x6B, 0x7A, 0x7A, 0x79, 0x6C, 0x5B, 0x7A, 0x7A, 0x5B, 0x79, 0x7A, 
    0x7E, 0x7A, 0x7A, 0x7E, 0x79, 0x7A, 0x79, 0x7A, 0x3B, 0x2C, 0x0B, 0x29, 0x32, 0x82, 0x9F, 0x59, 
    0x00, 0x00, 0x27, 0x3A, 0x65, 0x6B, 0x6B, 0x3A, 0x31, 0x31, 0x32, 0x29, 0x0B, 0x28, 0x1A, 0x21, 
    0x0F, 0x21, 0x21, 0x2B, 0x25, 0x2C, 0x30, 0x30, 0x39, 0x39, 0x3A, 0x3C, 0x3C, 0x3C, 0x6B, 0x7A, 
    0x6C, 0x5B, 0x6C, 0x5B, 0x3C, 0x5B, 0x3D, 0x5B, 0x6C, 0x5B, 0x6C, 0x5B, 0x6F, 0x5B, 0x7A, 0x5B, 
    0x7A, 0x5B, 0x7E, 0x7A, 0x7E, 0x5B, 0x6F, 0x7A, 0x6C, 0x7A, 0x6C, 0x7A, 0x7A, 0x6C, 0x7E, 0x7E, 
    0x7E, 0x7A, 0x7E, 0x7A, 0x7A, 0x7A, 0x3D, 0x6B, 0x6B, 0x3A, 0x6A, 0x3A, 0x31, 0x30, 0x35, 0x25, 
    0x25, 0x22, 0x22, 0x22, 0x22, 0x29, 0x21, 0x1A, 0x0B, 0x07, 0x03, 0x00, 0x21, 0x2A, 0x24, 0x30, 
    0x30, 0x2C, 0x30, 0x25, 0x30, 0x31, 0x3A, 0x3A, 0x69, 0x6D, 0x6D, 0x7B, 0x7B, 0x7F, 0x7F, 0x81, 
    0x84, 0x81, 0x82, 0x82, 0x84, 0x82, 0x82, 0x81, 0x82, 0x8C, 0x82, 0x82, 0x82, 0x88, 0x84, 0x88, 
    0x84, 0x88, 0x82, 0x9D, 0x9D, 0x9E, 0x84, 0x81, 0x82, 0x85, 0x5B, 0x0B, 0x1B, 0x51, 0xBA, 0xB9, 
    0xBD, 0xCA, 0xB9, 0xCF, 0x90, 0x86, 0x9C, 0x9B, 0x8A, 0x8A, 0x9C, 0x87, 0x8B, 0xE3, 0x9F, 0xE3, 
    0x8B, 0x8A, 0x8B, 0x87, 0x9E, 0x9F, 0x8C, 0x8A, 0x8C, 0x81, 0x88, 0x8B, 0x88, 0x88, 0x9B, 0x8A, 
    0x9B, 0x8A, 0x9B, 0x89, 0x87, 0x87, 0x87, 0x86, 0x87, 0x89, 0x9B, 0x8A, 0x87, 0x89, 0x9B, 0x89, 
    0x9B, 0x9C, 0xE3, 0x9F, 0xE3, 0xE3, 0xE3, 0x9C, 0x9B, 0x8A, 0x9B, 0x89, 0x9B, 0x5E, 0x11, 0x01, 
    0x08, 0x00, 0x00, 0x02, 0x00, 0x00, 0x51, 0xC4, 0xB4, 0xB3, 0xB4, 0xAE, 0x42, 0x5F, 0x5F, 0x55, 
    0x00, 0x2E, 0x3D, 0x3D, 0x7A, 0x5B, 0x6C, 0x5B, 0x6C, 0x3C, 0x3D, 0x7A, 0x7A, 0x5B, 0x7E, 0x79, 
    0x7E, 0x79, 0x7E, 0x80, 0x6F, 0x79, 0x7E, 0x38, 0x2C, 0x11, 0x36, 0x5B, 0x38, 0x39, 0x80, 0x9F, 
    0x87, 0x00, 0x00, 0x0B, 0x2C, 0x3D, 0x6D, 0x6B, 0x3A, 0x31, 0x32, 0x0C, 0x1F, 0x2B, 0x0F, 0x21, 
    0x27, 0x22, 0x21, 0x2A, 0x30, 0x30, 0x30, 0x30, 0x31, 0x39, 0x3C, 0x6C, 0x3C, 0x3D, 0x7A, 0x6C, 
    0x7A, 0x7A, 0x7A, 0x7A, 0x5B, 0x3D, 0x5B, 0x6C, 0x5B, 0x7A, 0x7A, 0x5B, 0x7A, 0x5B, 0x6C, 0x7A, 
    0x7A, 0x6C, 0x5B, 0x6F, 0x7A, 0x7E, 0x7A, 0x7A, 0x7A, 0x7A, 0x6C, 0x7A, 0x7E, 0x7B, 0x79, 0x7E, 
    0x6D, 0x7A, 0x7E, 0x7A, 0x7B, 0x6C, 0x6C, 0x6B, 0x6B, 0x6A, 0x31, 0x35, 0x31, 0x25, 0x2F, 0x25, 
    0x24, 0x24, 0x2A, 0x22, 0x2A, 0x21, 0x1A, 0x03, 0x00, 0x00, 0x00, 0x00, 0x05, 0x29, 0x2A, 0x2C, 
    0x2F, 0x30, 0x2F, 0x30, 0x2F, 0x31, 0x31, 0x6A, 0x6B, 0x6B, 0x6D, 0x7F, 0x7B, 0x7F, 0x81, 0x81, 
    0x88, 0x84, 0x81, 0x84, 0x88, 0x82, 0x81, 0x82, 0x88, 0x8C, 0x88, 0x82, 0x88, 0x8C, 0x88, 0x9E, 
    0x88, 0x8C, 0x8C, 0x9D, 0x9E, 0x9E, 0x88, 0x84, 0x80, 0x5B, 0x1A, 0x0E, 0x40, 0xAD, 0xB8, 0xB9, 
    0xCA, 0xBD, 0xCA, 0xC0, 0xC4, 0x5E, 0x8A, 0x9C, 0x9C, 0x9B, 0xE3, 0x9C, 0x8A, 0x9C, 0x9F, 0x9F, 
    0x9C, 0x9B, 0x8A, 0x9F, 0x8A, 0x8B, 0x8B, 0x9F, 0x9F, 0x8C, 0x8A, 0x88, 0x8A, 0x9C, 0x9C, 0x9C, 
    0x8A, 0x8A, 0x87, 0x87, 0x87, 0x9B, 0xB1, 0x88, 0x89, 0x8A, 0x89, 0x86, 0x89, 0x9B, 0x89, 0x9C, 
    0x89, 0x8A, 0x9C, 0x9C, 0xE3, 0x9C, 0xE3, 0x9F, 0xE3, 0x9C, 0x9C, 0x89, 0x59, 0x08, 0x01, 0x03, 
    0x00, 0x02, 0x04, 0x00, 0x13, 0xAF, 0xB5, 0xB3, 0xAC, 0xB4, 0xAE, 0x4D, 0x17, 0x1D, 0x55, 0x57, 
    0x00, 0x21, 0x3D, 0x6C, 0x3D, 0x3C, 0x3D, 0x3D, 0x79, 0x7E, 0x79, 0x7E, 0x7B, 0x7E, 0x79, 0x7E, 
    0x79, 0x7E, 0x79, 0x7F, 0x7E, 0x7A, 0x5B, 0x3C, 0x2E, 0x38, 0x5B, 0x3D, 0x5B, 0x5A, 0x38, 0x3A, 
    0x88, 0x9F, 0x5A, 0x00, 0x00, 0x29, 0x3A, 0x6B, 0x3C, 0x30, 0x27, 0x20, 0x2A, 0x2A, 0x27, 0x22, 
    0x22, 0x29, 0x22, 0x29, 0x30, 0x31, 0x30, 0x39, 0x3A, 0x3B, 0x6B, 0x3C, 0x6C, 0x7A, 0x7A, 0x7A, 
    0x6C, 0x6C, 0x6C, 0x5B, 0x3D, 0x5B, 0x3C, 0x5B, 0x6C, 0x5B, 0x6C, 0x7A, 0x7A, 0x5B, 0x6C, 0x7A, 
    0x7A, 0x5B, 0x7E, 0x7A, 0x7A, 0x7A, 0x7A, 0x7A, 0x7A, 0x7A, 0x7A, 0x7A, 0x7E, 0x7A, 0x6F, 0x7E, 
    0x7A, 0x7E, 0x7E, 0x7A, 0x6C, 0x6C, 0x6C, 0x6A, 0x6A, 0x3A, 0x3A, 0x31, 0x31, 0x30, 0x26, 0x24, 
    0x25, 0x22, 0x25, 0x2A, 0x22, 0x27, 0x0C, 0x00, 0x00, 0x00, 0x00, 0x00, 0x00, 0x09, 0x2C, 0x22, 
    0x2C, 0x2F, 0x25, 0x2C, 0x31, 0x30, 0x3A, 0x31, 0x6A, 0x6C, 0x69, 0x7B, 0x7C, 0x7F, 0x7F, 0x81, 
    0x84, 0x81, 0x83, 0x88, 0x84, 0x81, 0x82, 0x85, 0x8C, 0x88, 0x84, 0x81, 0x8C, 0x8C, 0x8C, 0x82, 
    0x8C, 0x82, 0x8C, 0x9D, 0x9E, 0x8B, 0x84, 0x81, 0x3B, 0x2D, 0x00, 0x41, 0x4D, 0xB4, 0xB3, 0xB8, 
    0xB8, 0xCA, 0xBD, 0xCA, 0xC4, 0x57, 0x88, 0x8A, 0x9C, 0x9C, 0x9F, 0xE3, 0x88, 0x8A, 0x9B, 0x9C, 
    0x8B, 0x8A, 0x8C, 0x88, 0x9C, 0x9C, 0x9C, 0x8A, 0x9B, 0x85, 0x9C, 0x8A, 0x8C, 0x8A, 0x9C, 0x8A, 
    0x88, 0x87, 0x88, 0x8A, 0x9C, 0x9C, 0x9C, 0x8A, 0x8A, 0x89, 0x87, 0x87, 0x86, 0x89, 0x9B, 0x89, 
    0x9B, 0xE3, 0xE3, 0xE3, 0xE3, 0xE3, 0x9C, 0x9C, 0xE3, 0x9C, 0x5E, 0x1A, 0x01, 0x03, 0x01, 0x00, 
    0x02, 0x00, 0x00, 0x47, 0xAF, 0xAD, 0xAC, 0xB4, 0xAD, 0xB4, 0xAE, 0x40, 0x1B, 0x1B, 0x41, 0x53, 
    0x07, 0x00, 0x2C, 0x38, 0x3D, 0x5B, 0x7A, 0x79, 0x7A, 0x80, 0x6C, 0x79, 0x7E, 0x80, 0x7E, 0x7A, 
    0x7E, 0x7E, 0x7E, 0x7E, 0x7E, 0x79, 0x7E, 0x7E, 0x7A, 0x79, 0x7A, 0x5B, 0x5B, 0x5B, 0x5B, 0x5B, 
    0x3A, 0x7E, 0x9F, 0x9B, 0x36, 0x00, 0x01, 0x2A, 0x3C, 0x2A, 0x22, 0x25, 0x30, 0x29, 0x20, 0x2A, 
    0x2A, 0x2A, 0x2A, 0x22, 0x2C, 0x3A, 0x30, 0x31, 0x3C, 0x6C, 0x3C, 0x6B, 0x7A, 0x7B, 0x7A, 0x7A, 
    0x7A, 0x7A, 0x7A, 0x5B, 0x5B, 0x3D, 0x5B, 0x6C, 0x5B, 0x7A, 0x6C, 0x5B, 0x7E, 0x7A, 0x7A, 0x7A, 
    0x7A, 0x7A, 0x7A, 0x7A, 0x3D, 0x7E, 0x7A, 0x7A, 0x7A, 0x7A, 0x6F, 0x7A, 0x7A, 0x7B, 0x79, 0x7F, 
    0x7A, 0x7E, 0x7A, 0x7B, 0x7A, 0x6C, 0x3D, 0x6B, 0x6B, 0x6A, 0x31, 0x31, 0x31, 0x26, 0x30, 0x24, 
    0x2F, 0x22, 0x2A, 0x22, 0x2A, 0x29, 0x00, 0x00, 0x00, 0x00, 0x00, 0x00, 0x00, 0x00, 0x27, 0x2A, 
    0x2A, 0x2F, 0x24, 0x30, 0x2F, 0x31, 0x31, 0x31, 0x6B, 0x6D, 0x6C, 0x6D, 0x7B, 0x7C, 0x81, 0x81, 
    0x83, 0x81, 0x81, 0x8C, 0x85, 0x83, 0x81, 0x84, 0x8C, 0x8C, 0x88, 0x82, 0x8C, 0x8C, 0x8C, 0x8C, 
    0x8B, 0x8C, 0x9E, 0x9D, 0x9E, 0x8C, 0x8C, 0x5B, 0x29, 0x0C, 0x13, 0x5F, 0xAB, 0xB4, 0xB3, 0xB8, 
    0xB8, 0xB8, 0xB8, 0xB9, 0xCF, 0x61, 0x85, 0x9C, 0xB1, 0x9F, 0xE3, 0x9F, 0x9C, 0x88, 0x8A, 0x8A, 
    0x9C, 0x9F, 0x89, 0x8C, 0x87, 0x85, 0x8A, 0x9B, 0x8A, 0x88, 0x8A, 0x9C, 0x8A, 0x8C, 0x87, 0x8A, 
    0x8A, 0x8A, 0x8A, 0x9C, 0x9C, 0xE3, 0xB1, 0x8A, 0x89, 0x89, 0x89, 0x9B, 0x87, 0x89, 0x62, 0x8A, 
    0x8A, 0x9C, 0xE3, 0x9C, 0xE3, 0xE5, 0xE3, 0x9F, 0x89, 0x37, 0x01, 0x08, 0x01, 0x01, 0x00, 0x04, 
    0x00, 0x17, 0x61, 0xAF, 0xAE, 0xB4, 0xAC, 0xAE, 0xB4, 0xAE, 0x4D, 0x15, 0x1B, 0x1B, 0x1B, 0x1E, 
    0x13, 0x00, 0x32, 0x3C, 0x7A, 0x7A, 0x7A, 0x7A, 0x5B, 0x7E, 0x7E, 0x79, 0x79, 0x7E, 0x79, 0x7E, 
    0x79, 0x7F, 0x79, 0x7E, 0x80, 0x7E, 0x79, 0x7E, 0x79, 0x7A, 0x7A, 0x7A, 0x5B, 0x7A, 0x5B, 0x5B, 
    0x5B, 0x3C, 0x3A, 0x80, 0x8C, 0x89, 0x0B, 0x00, 0x0B, 0x2A, 0x2F, 0x30, 0x2F, 0x21, 0x2A, 0x25, 
    0x30, 0x2C, 0x30, 0x2C, 0x2C, 0x39, 0x3A, 0x3B, 0x3D, 0x3D, 0x3D, 0x3D, 0x7E, 0x7A, 0x6F, 0x7A, 
    0x7E, 0x7A, 0x6C, 0x5B, 0x3D, 0x3D, 0x5B, 0x5B, 0x6C, 0x5B, 0x6C, 0x5B, 0x7A, 0x5B, 0x3D, 0x7A, 
    0x7A, 0x7A, 0x7A, 0x7A, 0x7E, 0x7A, 0x7A, 0x7A, 0x6C, 0x7A, 0x7E, 0x7A, 0x7E, 0x7A, 0x7A, 0x7E, 
    0x6D, 0x79, 0x7E, 0x7A, 0x6F, 0x6C, 0x6B, 0x6B, 0x6A, 0x3A, 0x31, 0x31, 0x26, 0x30, 0x25, 0x25, 
    0x25, 0x21, 0x22, 0x1F, 0x29, 0x0C, 0x00, 0x00, 0x00, 0x00, 0x00, 0x00, 0x00, 0x00, 0x09, 0x29, 
    0x2C, 0x30, 0x24, 0x30, 0x2C, 0x30, 0x31, 0x31, 0x6A, 0x6B, 0x6C, 0x7B, 0x7F, 0x7F, 0x80, 0x7F, 
    0x82, 0x81, 0x82, 0x8C, 0x81, 0x81, 0x82, 0x88, 0x8C, 0x85, 0x84, 0x82, 0x9E, 0x88, 0x8C, 0x88, 
    0x9E, 0x82, 0x9E, 0x9F, 0x9E, 0x84, 0x7F, 0x2B, 0x10, 0x01, 0x47, 0x4D, 0xAD, 0xB4, 0xB8, 0xB8, 
    0xB8, 0xB8, 0xBD, 0xB8, 0xBE, 0xAE, 0x59, 0x89, 0x88, 0x9B, 0x9C, 0x9B, 0xE3, 0x8A, 0x87, 0x8A, 
    0x8C, 0x9B, 0x9C, 0x8A, 0x88, 0x87, 0x88, 0x87, 0x87, 0x86, 0x88, 0x89, 0x9B, 0x87, 0x9B, 0x8A, 
    0x9C, 0x8A, 0x9C, 0x9C, 0x9C, 0x9C, 0x8A, 0x8A, 0x9C, 0x89, 0x9C, 0x89, 0x89, 0x89, 0x9B, 0x89, 
    0x89, 0xB1, 0x9C, 0x9C, 0xE3, 0x9C, 0x9C, 0x62, 0x2B, 0x00, 0x03, 0x01, 0x00, 0x04, 0x00, 0x00, 
    0x41, 0x61, 0xAF, 0x50, 0xB4, 0xAC, 0xAD, 0xB4, 0xAE, 0xAE, 0x1B, 0x16, 0x1B, 0x1B, 0x1B, 0x1D, 
    0x18, 0x00, 0x39, 0x3C, 0x6C, 0x7A, 0x7A, 0x5E, 0x7E, 0x7A, 0x80, 0x79, 0x7E, 0x7E, 0x7E, 0x5B, 
    0x80, 0x7E, 0x80, 0x7E, 0x7E, 0x7E, 0x7E, 0x79, 0x7E, 0x5B, 0x7E, 0x7E, 0x5B, 0x7A, 0x7A, 0x5B, 
    0x7A, 0x5B, 0x6C, 0x3C, 0x3A, 0x88, 0x9F, 0x09, 0x00, 0x01, 0x21, 0x39, 0x30, 0x21, 0x25, 0x30, 
    0x30, 0x2C, 0x2C, 0x30, 0x2F, 0x31, 0x3C, 0x3C, 0x3C, 0x6B, 0x6B, 0x7A, 0x7B, 0x7A, 0x7A, 0x7A, 
    0x7A, 0x6C, 0x5B, 0x7A, 0x59, 0x3C, 0x5B, 0x6C, 0x5B, 0x7A, 0x5B, 0x7A, 0x7A, 0x7A, 0x5B, 0x7E, 
    0x3D, 0x7A, 0x5B, 0x6F, 0x7A, 0x7A, 0x5B, 0x6F, 0x3D, 0x7A, 0x5B, 0x6F, 0x7A, 0x7A, 0x7A, 0x7F, 
    0x7A, 0x7E, 0x7A, 0x7A, 0x7A, 0x6C, 0x6B, 0x6B, 0x6A, 0x6A, 0x65, 0x31, 0x31, 0x26, 0x2F, 0x25, 
    0x24, 0x24, 0x2A, 0x22, 0x2A, 0x29, 0x00, 0x00, 0x00, 0x00, 0x00, 0x00, 0x00, 0x00, 0x0B, 0x21, 
    0x29, 0x22, 0x2A, 0x30, 0x30, 0x30, 0x2F, 0x3A, 0x6B, 0x69, 0x6C, 0x6D, 0x7B, 0x7B, 0x7F, 0x83, 
    0x81, 0x81, 0x82, 0x84, 0x81, 0x81, 0x84, 0x8C, 0x88, 0x84, 0x81, 0x8C, 0x8C, 0x84, 0x82, 0x8C, 
    0x88, 0x82, 0x9D, 0x9E, 0x9E, 0x82, 0x37, 0x11, 0x03, 0x19, 0x47, 0x47, 0xAD, 0xB3, 0xB8, 0xB9, 
    0xCA, 0xB9, 0xB8, 0xB8, 0xB8, 0xC1, 0x1E, 0x87, 0x88, 0x9B, 0x9C, 0x9B, 0x8A, 0x9F, 0x89, 0x88, 
    0x8A, 0x9C, 0x8A, 0x9B, 0x8A, 0x8A, 0x8A, 0x85, 0x86, 0x88, 0x8A, 0x9B, 0x8A, 0x8A, 0x8A, 0x9C, 
    0x9C, 0x9F, 0x9C, 0x9C, 0x8A, 0x9B, 0x8A, 0x9B, 0x8A, 0x9B, 0x89, 0x9B, 0x8A, 0x89, 0x9C, 0x9B, 
    0x9C, 0x9C, 0x89, 0x9B, 0x9C, 0x9C, 0x58, 0x08, 0x08, 0x03, 0x00, 0x00, 0x04, 0x00, 0x00, 0x4D, 
    0xAF, 0x51, 0x51, 0xAE, 0xB4, 0xAE, 0xAE, 0xAE, 0xAE, 0x4D, 0x13, 0x1B, 0x1B, 0x1D, 0x16, 0x1D, 
    0x1D, 0x00, 0x29, 0x3C, 0x5B, 0x7A, 0x7A, 0x7A, 0x79, 0x7E, 0x79, 0x7E, 0x79, 0x7E, 0x79, 0x7E, 
    0x79, 0x7E, 0x79, 0x80, 0x7B, 0x80, 0x7A, 0x7E, 0x79, 0x7E, 0x7E, 0x7E, 0x79, 0x7A, 0x7E, 0x7A, 
    0x7A, 0x7A, 0x5B, 0x7A, 0x7A, 0x3C, 0x88, 0x58, 0x00, 0x03, 0x00, 0x11, 0x29, 0x30, 0x30, 0x31, 
    0x30, 0x2A, 0x30, 0x31, 0x39, 0x3B, 0x3C, 0x3C, 0x6C, 0x7A, 0x7A, 0x7A, 0x7E, 0x7A, 0x7A, 0x7E, 
    0x7A, 0x5B, 0x7A, 0x5B, 0x3D, 0x3C, 0x3D, 0x5B, 0x6C, 0x5B, 0x7A, 0x6C, 0x7A, 0x5B, 0x6C, 0x7E, 
    0x6C, 0x7A, 0x7A, 0x7A, 0x7A, 0x5B, 0x6C, 0x7A, 0x6C, 0x6C, 0x6C, 0x3D, 0x6C, 0x5B, 0x6C, 0x7E, 
    0x6C, 0x79, 0x7E, 0x7A, 0x7A, 0x6C, 0x6B, 0x6B, 0x6A, 0x3A, 0x3A, 0x31, 0x26, 0x31, 0x26, 0x2F, 
    0x25, 0x24, 0x25, 0x2A, 0x22, 0x29, 0x0B, 0x00, 0x00, 0x00, 0x00, 0x00, 0x00, 0x00, 0x21, 0x29, 
    0x22, 0x2A, 0x20, 0x2C, 0x25, 0x2A, 0x31, 0x31, 0x6A, 0x6B, 0x6D, 0x7B, 0x7C, 0x7B, 0x7F, 0x81, 
    0x7D, 0x81, 0x84, 0x82, 0x81, 0x81, 0x82, 0x9B, 0x8C, 0x82, 0x82, 0x8B, 0x8C, 0x8C, 0x8C, 0x9B, 
    0x8C, 0x8C, 0x9D, 0x9E, 0x84, 0x5B, 0x2B, 0x15, 0x01, 0x40, 0x4A, 0x4D, 0xAE, 0xB4, 0xB8, 0xB8, 
    0xBD, 0xCA, 0xBD, 0xCA, 0xB9, 0xC4, 0x4D, 0x5A, 0x9B, 0x87, 0x9B, 0x9C, 0x9C, 0x8A, 0x9C, 0x88, 
    0x88, 0x89, 0x9C, 0x9C, 0x9C, 0x8A, 0x9B, 0x8A, 0x87, 0x87, 0x9B, 0x9C, 0x9C, 0x9C, 0x9F, 0xE3, 
    0x9C, 0xE3, 0x9B, 0x9C, 0x9C, 0x8A, 0x88, 0x8A, 0x9B, 0x89, 0x9B, 0x8A, 0x9C, 0x9C, 0x9C, 0x89, 
    0xE3, 0x9C, 0x9B, 0x8A, 0x86, 0x2D, 0x01, 0x07, 0x03, 0x00, 0x02, 0x04, 0x00, 0x41, 0x61, 0x51, 
    0xAF, 0x51, 0xAE, 0xAE, 0xAE, 0xAE, 0xAE, 0xAE, 0x4D, 0x40, 0x1B, 0x1B, 0x17, 0x1B, 0x1B, 0x1B, 
    0x19, 0x00, 0x11, 0x3B, 0x6C, 0x7A, 0x6F, 0x7A, 0x7E, 0x7A, 0x7E, 0x80, 0x7E, 0x79, 0x7E, 0x7A, 
    0x7E, 0x79, 0x7E, 0x80, 0x7E, 0x80, 0x7E, 0x80, 0x7E, 0x7E, 0x7E, 0x80, 0x7E, 0x79, 0x7E, 0x5B, 
    0x7E, 0x5B, 0x7E, 0x5B, 0x5B, 0x7E, 0x7E, 0x88, 0x00, 0x00, 0x01, 0x00, 0x00, 0x2C, 0x3A, 0x30, 
    0x3C, 0x31, 0x32, 0x3A, 0x3C, 0x3C, 0x3C, 0x6B, 0x7A, 0x7A, 0x79, 0x7A, 0x7A, 0x7B, 0x7A, 0x7A, 
    0x5B, 0x5B, 0x7A, 0x3D, 0x5B, 0x6C, 0x5B, 0x6C, 0x5B, 0x6C, 0x5B, 0x6C, 0x7A, 0x5B, 0x7A, 0x5B, 
    0x6C, 0x7A, 0x5B, 0x6C, 0x7A, 0x6C, 0x5B, 0x6C, 0x6B, 0x3D, 0x6B, 0x6C, 0x6B, 0x6C, 0x6B, 0x7A, 
    0x7A, 0x7A, 0x7A, 0x7A, 0x7A, 0x6C, 0x6B, 0x6B, 0x6B, 0x65, 0x31, 0x65, 0x2F, 0x31, 0x26, 0x31, 
    0x2F, 0x24, 0x2F, 0x24, 0x2A, 0x20, 0x27, 0x09, 0x00, 0x00, 0x00, 0x00, 0x00, 0x0C, 0x28, 0x22, 
    0x2A, 0x24, 0x2A, 0x30, 0x2F, 0x2F, 0x2F, 0x6A, 0x6A, 0x6C, 0x6D, 0x6D, 0x7B, 0x7F, 0x79, 0x83, 
    0x85, 0x83, 0x88, 0x81, 0x81, 0x82, 0x88, 0x8C, 0x8C, 0x85, 0x82, 0x8C, 0x88, 0x8C, 0x8C, 0x8C, 
    0x88, 0x9E, 0x9D, 0x8C, 0x81, 0x2E, 0x10, 0x03, 0x1E, 0x43, 0x61, 0xAE, 0x50, 0xB4, 0xCA, 0xD2, 
    0xD3, 0xD4, 0xD3, 0xCB, 0xCA, 0xBB, 0x55, 0x11, 0x8A, 0x8C, 0x88, 0x9C, 0x8A, 0x8A, 0x8A, 0x9C, 
    0x8A, 0x88, 0x8A, 0x8A, 0x8B, 0x8A, 0x8A, 0x9C, 0x87, 0x9B, 0xE3, 0x9C, 0xE3, 0x9C, 0xE3, 0x9C, 
    0x9C, 0xE3, 0x8A, 0x8A, 0x8A, 0x9C, 0x8A, 0x89, 0x8A, 0xE3, 0xB1, 0x9C, 0x9C, 0x9C, 0xB1, 0x9C, 
    0xB1, 0xE3, 0x89, 0x5A, 0x08, 0x08, 0x03, 0x01, 0x00, 0x06, 0x00, 0x00, 0x51, 0xAF, 0x51, 0xAF, 
    0xAE, 0xAF, 0xAE, 0xAF, 0xAE, 0xAF, 0xAF, 0x51, 0x43, 0x13, 0x1B, 0x1B, 0x1B, 0x1B, 0x1B, 0x1B, 
    0x42, 0x13, 0x00, 0x39, 0x5B, 0x7A, 0x5B, 0x7A, 0x79, 0x79, 0x5E, 0x7E, 0x7E, 0x7E, 0x79, 0x7E, 
    0x79, 0x7E, 0x79, 0x7F, 0x79, 0x7F, 0x79, 0x7F, 0x80, 0x7E, 0x80, 0x7F, 0x80, 0x7E, 0x7E, 0x7E, 
    0x5E, 0x7E, 0x7A, 0x7E, 0x58, 0x79, 0x5B, 0x9F, 0x60, 0x00, 0x05, 0x04, 0x00, 0x03, 0x21, 0x30, 
    0x1F, 0x39, 0x3D, 0x3C, 0x3C, 0x3C, 0x3C, 0x7A, 0x7A, 0x5B, 0x7E, 0x7A, 0x7A, 0x7A, 0x5B, 0x5B, 
    0x7A, 0x7A, 0x3D, 0x3D, 0x6C, 0x3D, 0x3D, 0x5B, 0x6C, 0x5B, 0x6C, 0x5B, 0x6C, 0x5B, 0x6C, 0x7A, 
    0x6C, 0x5B, 0x6C, 0x3D, 0x6C, 0x3C, 0x6B, 0x3D, 0x3D, 0x3C, 0x3D, 0x3C, 0x3D, 0x3C, 0x3D, 0x6C, 
    0x6C, 0x7A, 0x7A, 0x5B, 0x3D, 0x6C, 0x6C, 0x6B, 0x6A, 0x3A, 0x6A, 0x31, 0x35, 0x31, 0x31, 0x2F, 
    0x24, 0x2F, 0x30, 0x2A, 0x2A, 0x2A, 0x21, 0x29, 0x10, 0x0B, 0x10, 0x05, 0x10, 0x29, 0x11, 0x21, 
    0x20, 0x22, 0x2C, 0x25, 0x2C, 0x30, 0x26, 0x3A, 0x6B, 0x6C, 0x6D, 0x7B, 0x7F, 0x7A, 0x7F, 0x84, 
    0x81, 0x81, 0x82, 0x81, 0x7F, 0x82, 0x8C, 0x88, 0x82, 0x81, 0x84, 0x8C, 0x84, 0x88, 0x88, 0x88, 
    0x84, 0x9D, 0x9E, 0x82, 0x38, 0x29, 0x10, 0x07, 0x47, 0x4D, 0x61, 0x50, 0x50, 0xB8, 0xCD, 0xD8, 
    0xD5, 0xD8, 0xD5, 0xD8, 0xCD, 0xB8, 0x61, 0x00, 0x5E, 0x8A, 0x88, 0x89, 0x9B, 0x87, 0x88, 0x8A, 
    0x9C, 0x9C, 0x9C, 0x87, 0x88, 0x8A, 0x9C, 0x8A, 0x87, 0x9C, 0x9C, 0x9C, 0x9C, 0x9C, 0xE3, 0x9C, 
    0x9C, 0x9B, 0x9C, 0x8A, 0x9C, 0x9B, 0x8A, 0x8A, 0x9C, 0x9C, 0x9C, 0xE3, 0x9B, 0xB1, 0x9B, 0x9C, 
    0x9C, 0x86, 0x2B, 0x00, 0x09, 0x07, 0x00, 0x00, 0x06, 0x00, 0x0E, 0xAE, 0xC1, 0x50, 0x51, 0xAE, 
    0xAF, 0x51, 0xAF, 0x51, 0x51, 0xAF, 0x51, 0x4D, 0x40, 0x16, 0x19, 0x1B, 0x17, 0x1B, 0x19, 0x1B, 
    0x48, 0x1D, 0x00, 0x1A, 0x3D, 0x5B, 0x7A, 0x7A, 0x7E, 0x7A, 0x7E, 0x7E, 0x7E, 0x79, 0x7E, 0x7A, 
    0x7E, 0x7E, 0x7E, 0x7E, 0x7E, 0x80, 0x7E, 0x80, 0x7E, 0x7E, 0x80, 0x80, 0x7F, 0x7E, 0x7E, 0x7E, 
    0x7E, 0x79, 0x7A, 0x5D, 0x7A, 0x5B, 0x5B, 0x80, 0x9D, 0x00, 0x00, 0x02, 0x00, 0x00, 0x1E, 0x53, 
    0x8F, 0x18, 0x23, 0x3C, 0x5B, 0x3D, 0x3D, 0x6B, 0x7A, 0x7A, 0x6C, 0x5B, 0x7A, 0x7E, 0x5B, 0x3D, 
    0x6C, 0x7A, 0x5B, 0x6C, 0x5B, 0x6C, 0x5B, 0x6C, 0x5B, 0x6C, 0x7A, 0x6C, 0x5B, 0x6C, 0x7A, 0x3D, 
    0x7A, 0x6C, 0x3D, 0x6B, 0x7A, 0x6C, 0x6C, 0x3D, 0x3C, 0x31, 0x3C, 0x3A, 0x3C, 0x3C, 0x3C, 0x6C, 
    0x5B, 0x3D, 0x79, 0x7A, 0x7A, 0x3D, 0x6B, 0x6D, 0x6B, 0x6A, 0x6A, 0x65, 0x31, 0x65, 0x26, 0x31, 
    0x25, 0x2F, 0x25, 0x30, 0x25, 0x2C, 0x29, 0x1A, 0x29, 0x29, 0x29, 0x29, 0x11, 0x2A, 0x2A, 0x21, 
    0x2A, 0x25, 0x2A, 0x2F, 0x30, 0x30, 0x31, 0x6A, 0x6B, 0x69, 0x6C, 0x7B, 0x7B, 0x7B, 0x80, 0x83, 
    0x85, 0x84, 0x82, 0x81, 0x81, 0x82, 0x8C, 0x88, 0x81, 0x7D, 0x9E, 0x84, 0x8C, 0x84, 0x9B, 0x8C, 
    0x9E, 0x9D, 0x9E, 0x7E, 0x2B, 0x1A, 0x01, 0x48, 0x55, 0x4D, 0x51, 0x50, 0xAC, 0xBE, 0xD3, 0xD5, 
    0xD9, 0xD9, 0xD8, 0xD5, 0xD4, 0xBD, 0xAE, 0x19, 0x36, 0x88, 0x8A, 0x88, 0x8A, 0x88, 0x87, 0x9C, 
    0x8B, 0x9C, 0x9C, 0xE3, 0x8A, 0x88, 0x89, 0x87, 0x86, 0x9C, 0x9C, 0x9C, 0x9C, 0xE3, 0x8A, 0x8A, 
    0xE3, 0x9C, 0x9C, 0x9B, 0x8A, 0x8A, 0x9C, 0x9C, 0x9C, 0x9C, 0xE3, 0x9C, 0x8A, 0x9B, 0xE3, 0x9B, 
    0x57, 0x08, 0x01, 0x0B, 0x03, 0x00, 0x06, 0x00, 0x00, 0x4A, 0xB5, 0xB5, 0xAD, 0xAE, 0xAE, 0x51, 
    0xAF, 0x5F, 0x51, 0xAF, 0x51, 0x51, 0x4D, 0x4D, 0x1B, 0x19, 0x1B, 0x19, 0x1B, 0x1B, 0x1B, 0x1B, 
    0x42, 0x56, 0x00, 0x03, 0x32, 0x7A, 0x7A, 0x7E, 0x5B, 0x7E, 0x5B, 0x7E, 0x79, 0x7E, 0x7E, 0x7A, 
    0x79, 0x7E, 0x79, 0x7E, 0x80, 0x7B, 0x80, 0x7E, 0x80, 0x7F, 0x80, 0x81, 0x80, 0x7F, 0x80, 0x80, 
    0x5B, 0x7E, 0x7A, 0x5B, 0x7E, 0x7A, 0x7A, 0x5B, 0x9D, 0x87, 0x00, 0x07, 0x00, 0x00, 0x1E, 0x62, 
    0xBF, 0xBA, 0x8F, 0x11, 0x25, 0x5B, 0x3D, 0x3D, 0x7A, 0x5B, 0x7A, 0x7A, 0x6C, 0x5A, 0x3D, 0x5B, 
    0x7A, 0x5B, 0x6C, 0x7A, 0x6C, 0x5B, 0x6C, 0x5B, 0x7A, 0x7A, 0x3D, 0x5B, 0x6C, 0x6C, 0x6C, 0x3D, 
    0x6C, 0x3C, 0x3C, 0x3D, 0x7A, 0x5B, 0x6C, 0x3D, 0x3A, 0x30, 0x30, 0x30, 0x39, 0x3B, 0x6B, 0x3C, 
    0x6C, 0x3C, 0x7A, 0x5B, 0x6B, 0x6B, 0x6C, 0x6C, 0x6B, 0x3A, 0x6A, 0x3A, 0x3A, 0x31, 0x31, 0x31, 
    0x31, 0x30, 0x26, 0x2F, 0x2F, 0x2A, 0x21, 0x27, 0x29, 0x29, 0x2A, 0x2A, 0x1A, 0x29, 0x2C, 0x2A, 
    0x22, 0x2A, 0x25, 0x2C, 0x25, 0x30, 0x3A, 0x3C, 0x69, 0x6C, 0x7B, 0x7A, 0x7F, 0x7B, 0x81, 0x81, 
    0x81, 0x82, 0x82, 0x81, 0x81, 0x82, 0x8C, 0x81, 0x81, 0x82, 0x9E, 0x82, 0x8C, 0x88, 0x8C, 0x8C, 
    0x9E, 0x9E, 0x7D, 0x37, 0x2B, 0x0B, 0x0D, 0x48, 0x47, 0x4D, 0x4C, 0x50, 0x50, 0xCA, 0xD4, 0xD5, 
    0xD5, 0xD9, 0xD5, 0xD5, 0xD4, 0xCC, 0xAD, 0x47, 0x00, 0x86, 0x9C, 0x8A, 0x9B, 0x89, 0x88, 0x8A, 
    0x9C, 0x9C, 0x9C, 0x9C, 0xE3, 0x8A, 0x8A, 0x86, 0x87, 0x9C, 0x9C, 0x89, 0x9C, 0x8A, 0xE3, 0xE3, 
    0x9C, 0x9C, 0x9C, 0x8A, 0x9C, 0x9C, 0x9C, 0x9C, 0xE3, 0x9C, 0x9C, 0x9C, 0x9F, 0xE3, 0x86, 0x2B, 
    0x01, 0x09, 0x03, 0x01, 0x02, 0x06, 0x00, 0x13, 0x8F, 0xBB, 0xBE, 0xB8, 0xBA, 0xB4, 0xB5, 0xAF, 
    0xAF, 0x51, 0x61, 0xAE, 0x61, 0x51, 0x4D, 0x40, 0x15, 0x1B, 0x17, 0x1B, 0x1B, 0x1B, 0x19, 0x1B, 
    0x1D, 0x55, 0x0E, 0x04, 0x29, 0x5B, 0x7A, 0x7A, 0x7E, 0x79, 0x7E, 0x7E, 0x80, 0x5B, 0x7E, 0x79, 
    0x7A, 0x7E, 0x7E, 0x7E, 0x81, 0x80, 0x7E, 0x80, 0x81, 0x80, 0x81, 0x80, 0x81, 0x80, 0x7E, 0x79, 
    0x7E, 0x7E, 0x7A, 0x7A, 0x7A, 0x5D, 0x7A, 0x58, 0x80, 0xE4, 0x2D, 0x00, 0x03, 0x02, 0x00, 0x1E, 
    0xB3, 0xBF, 0xBF, 0xB7, 0x4A, 0x1F, 0x38, 0x6C, 0x5B, 0x7A, 0x7A, 0x7A, 0x5B, 0x3D, 0x5B, 0x3D, 
    0x5B, 0x3D, 0x5B, 0x7A, 0x5B, 0x7A, 0x5B, 0x7A, 0x7A, 0x7A, 0x7A, 0x6C, 0x5B, 0x6C, 0x5B, 0x6C, 
    0x5B, 0x6B, 0x3D, 0x6B, 0x7A, 0x7B, 0x3C, 0x3A, 0x2C, 0x30, 0x2A, 0x2F, 0x31, 0x3B, 0x3C, 0x3C, 
    0x3C, 0x6B, 0x6B, 0x3D, 0x7A, 0x6C, 0x6B, 0x6C, 0x6B, 0x6B, 0x6B, 0x6A, 0x31, 0x31, 0x31, 0x31, 
    0x31, 0x2F, 0x2F, 0x30, 0x2A, 0x24, 0x1A, 0x22, 0x2A, 0x29, 0x2A, 0x2A, 0x29, 0x11, 0x2A, 0x2A, 
    0x2A, 0x2A, 0x2A, 0x2F, 0x2F, 0x31, 0x31, 0x6B, 0x6B, 0x6D, 0x7A, 0x7B, 0x7B, 0x7F, 0x81, 0x83, 
    0x81, 0x85, 0x81, 0x83, 0x81, 0x8C, 0x88, 0x81, 0x81, 0x8C, 0x8C, 0x84, 0x88, 0x8C, 0x8C, 0x84, 
    0x9F, 0x82, 0x3C, 0x2A, 0x1A, 0x07, 0x1B, 0x1B, 0x4D, 0x4D, 0x4B, 0x4B, 0x4F, 0xB8, 0xD3, 0xD5, 
    0xD9, 0xD9, 0xD8, 0xD5, 0xD4, 0xBE, 0xAC, 0x61, 0x00, 0x5A, 0x8A, 0x8A, 0x9C, 0x88, 0x8A, 0x8A, 
    0x8A, 0x9C, 0x8A, 0x9C, 0x8A, 0x8A, 0x89, 0x86, 0x87, 0xE3, 0x8A, 0xE3, 0x9C, 0x9C, 0xE3, 0xE3, 
    0x8A, 0x9C, 0x8A, 0x9C, 0x9C, 0x9C, 0xE3, 0x9C, 0x9F, 0x9C, 0xE3, 0xE3, 0x9C, 0x58, 0x0A, 0x08, 
    0x0B, 0x01, 0x00, 0x06, 0x00, 0x00, 0x4C, 0xBB, 0xBF, 0xBF, 0xCD, 0xCD, 0xCB, 0xBE, 0xB4, 0xAE, 
    0xAF, 0xAF, 0x51, 0xAF, 0x51, 0xAF, 0x4D, 0x1B, 0x1B, 0x19, 0x1B, 0x1B, 0x1D, 0x1B, 0x1B, 0x1B, 
    0x17, 0x57, 0x5F, 0x00, 0x1A, 0x38, 0x7E, 0x79, 0x7E, 0x7E, 0x79, 0x7A, 0x80, 0x7E, 0x7A, 0x7E, 
    0x79, 0x79, 0x80, 0x7B, 0x79, 0x7F, 0x79, 0x81, 0x80, 0x81, 0x79, 0x7F, 0x80, 0x7F, 0x7A, 0x7F, 
    0x79, 0x7E, 0x79, 0x7A, 0x5B, 0x7A, 0x7A, 0x7E, 0x7A, 0x9F, 0x9C, 0x00, 0x05, 0x00, 0x05, 0x00, 
    0x16, 0xB6, 0xBC, 0xC8, 0xC9, 0xB5, 0x34, 0x30, 0x5B, 0x5B, 0x3D, 0x38, 0x3D, 0x5B, 0x3C, 0x5B, 
    0x3D, 0x3D, 0x6C, 0x5B, 0x6C, 0x7A, 0x6C, 0x5B, 0x7A, 0x5B, 0x7A, 0x5B, 0x6C, 0x3D, 0x6B, 0x3D, 
    0x3D, 0x3C, 0x6C, 0x7A, 0x6C, 0x3B, 0x25, 0x2C, 0x22, 0x22, 0x2C, 0x20, 0x30, 0x3B, 0x6B, 0x3C, 
    0x3D, 0x3C, 0x6C, 0x5B, 0x7A, 0x7A, 0x3D, 0x7A, 0x6B, 0x6B, 0x6A, 0x3A, 0x6A, 0x26, 0x6A, 0x31, 
    0x26, 0x30, 0x31, 0x25, 0x24, 0x2A, 0x29, 0x2A, 0x22, 0x2A, 0x2A, 0x2A, 0x2A, 0x29, 0x2B, 0x2C, 
    0x20, 0x2A, 0x25, 0x30, 0x31, 0x31, 0x6A, 0x6B, 0x6D, 0x6C, 0x6D, 0x7A, 0x7B, 0x7E, 0x82, 0x81, 
    0x82, 0x81, 0x81, 0x81, 0x82, 0x85, 0x8C, 0x81, 0x7F, 0x88, 0x88, 0x88, 0x82, 0x8C, 0x82, 0x88, 
    0x9E, 0x79, 0x39, 0x18, 0x09, 0x17, 0x47, 0x3F, 0x4C, 0x4B, 0x50, 0x4F, 0xAC, 0xAC, 0xBE, 0xD4, 
    0xD8, 0xD1, 0xD5, 0xD4, 0xD2, 0xB8, 0x4F, 0xAF, 0x1D, 0x10, 0x88, 0x8A, 0x9B, 0x9C, 0x9B, 0x8A, 
    0x9C, 0x9C, 0x9C, 0x9C, 0x8A, 0x8A, 0x9B, 0x62, 0x9B, 0xB1, 0x9B, 0x9C, 0x9C, 0x9C, 0x9C, 0x9C, 
    0x9C, 0xE3, 0x9C, 0x9C, 0x9C, 0xE3, 0x9C, 0x9C, 0x9C, 0xE3, 0xE5, 0x89, 0x37, 0x08, 0x09, 0x07, 
    0x01, 0x00, 0x06, 0x00, 0x06, 0xAD, 0xBF, 0xCC, 0xC8, 0xD1, 0xD2, 0xD4, 0xD2, 0xBF, 0xB8, 0xB4, 
    0xAF, 0xAE, 0xAF, 0x4D, 0xAF, 0x51, 0x43, 0x13, 0x1B, 0x1B, 0x19, 0x1B, 0x1D, 0x1B, 0x19, 0x1B, 
    0x16, 0x41, 0x91, 0x5F, 0x03, 0x37, 0x7A, 0x5B, 0x7E, 0x79, 0x7E, 0x7A, 0x7E, 0x79, 0x7E, 0x79, 
    0x7E, 0x7A, 0x7E, 0x7E, 0x7E, 0x80, 0x7E, 0x80, 0x80, 0x80, 0x80, 0x80, 0x7F, 0x7E, 0x7E, 0x79, 
    0x7E, 0x7A, 0x7E, 0x7A, 0x7A, 0x7A, 0x7E, 0x5B, 0x7F, 0x58, 0x9D, 0x5D, 0x00, 0x05, 0x00, 0x02, 
    0x00, 0x49, 0xBD, 0xBD, 0xC8, 0xC9, 0xBF, 0x8F, 0x36, 0x3C, 0x58, 0x59, 0x5B, 0x38, 0x5B, 0x5B, 
    0x3C, 0x7A, 0x5B, 0x7E, 0x5B, 0x6C, 0x7A, 0x6C, 0x6C, 0x7A, 0x7A, 0x6C, 0x5B, 0x7A, 0x3C, 0x6C, 
    0x3C, 0x3D, 0x3D, 0x3D, 0x7A, 0x30, 0x2A, 0x2C, 0x21, 0x1F, 0x2B, 0x2C, 0x39, 0x3D, 0x3C, 0x3C, 
    0x3D, 0x3D, 0x3C, 0x6B, 0x7A, 0x7A, 0x6C, 0x6C, 0x6B, 0x6C, 0x3A, 0x6A, 0x3C, 0x6A, 0x31, 0x31, 
    0x31, 0x31, 0x2F, 0x30, 0x30, 0x21, 0x2A, 0x24, 0x2A, 0x2A, 0x2A, 0x30, 0x2A, 0x2A, 0x2A, 0x30, 
    0x2A, 0x2F, 0x25, 0x31, 0x31, 0x3C, 0x3A, 0x6C, 0x6C, 0x6D, 0x7A, 0x7B, 0x79, 0x83, 0x81, 0x81, 
    0x82, 0x81, 0x7F, 0x82, 0x8C, 0x84, 0x88, 0x81, 0x81, 0x8C, 0x88, 0x8C, 0x88, 0x8C, 0x88, 0x9E, 
    0x81, 0x39, 0x29, 0x1A, 0x07, 0x47, 0x4D, 0x4D, 0x4B, 0x50, 0xAC, 0xAC, 0xB3, 0xAC, 0xAC, 0xBA, 
    0xCB, 0xCB, 0xD4, 0xCD, 0xBE, 0xAD, 0x50, 0x51, 0x56, 0x00, 0x5E, 0x9C, 0x9C, 0x9C, 0x8B, 0x88, 
    0x8A, 0x9C, 0x8A, 0x9C, 0x89, 0x8A, 0x87, 0x5E, 0x89, 0x9C, 0x8A, 0x9C, 0x9C, 0x9C, 0x9C, 0x9C, 
    0x8A, 0x9B, 0xE3, 0x9C, 0x9C, 0x9C, 0xE3, 0x9C, 0xE3, 0x9F, 0x5E, 0x20, 0x08, 0x0B, 0x05, 0x01, 
    0x06, 0x00, 0x00, 0x49, 0xB6, 0xC8, 0xD2, 0xD2, 0xD4, 0xD4, 0xD4, 0xD4, 0xD4, 0xCE, 0xCB, 0xB4, 
    0x51, 0xAF, 0xAF, 0xAF, 0x51, 0x4D, 0x1B, 0x17, 0x1B, 0x1B, 0x1B, 0x1B, 0x1B, 0x1B, 0x1B, 0x1C, 
    0x1D, 0x1B, 0x5F, 0x5C, 0x19, 0x2C, 0x5B, 0x7A, 0x7E, 0x7E, 0x79, 0x7E, 0x7A, 0x7A, 0x7A, 0x7E, 
    0x7A, 0x7A, 0x79, 0x7E, 0x7E, 0x7E, 0x80, 0x7E, 0x7E, 0x80, 0x80, 0x7F, 0x80, 0x7F, 0x7A, 0x7A, 
    0x7A, 0x6F, 0x5B, 0x7A, 0x7E, 0x6C, 0x5E, 0x7A, 0x7E, 0x7A, 0x80, 0x9D, 0x1A, 0x00, 0x01, 0x01, 
    0x06, 0x00, 0xB2, 0xC8, 0xC8, 0xCC, 0xD1, 0xD2, 0xBC, 0x51, 0x24, 0x59, 0x5B, 0x38, 0x38, 0x5B, 
    0x7A, 0x5B, 0x6C, 0x7A, 0x6C, 0x7A, 0x7A, 0x5B, 0x7A, 0x7A, 0x7A, 0x5B, 0x6C, 0x3D, 0x6C, 0x3C, 
    0x5B, 0x3C, 0x3D, 0x3C, 0x3D, 0x21, 0x0B, 0x09, 0x03, 0x07, 0x0F, 0x3B, 0x3D, 0x6B, 0x3D, 0x3C, 
    0x6C, 0x3C, 0x7A, 0x7A, 0x6C, 0x7A, 0x7A, 0x6B, 0x6B, 0x6B, 0x6B, 0x3C, 0x6A, 0x3A, 0x65, 0x31, 
    0x35, 0x30, 0x31, 0x2C, 0x30, 0x29, 0x25, 0x2A, 0x2F, 0x2F, 0x25, 0x30, 0x25, 0x30, 0x2A, 0x29, 
    0x2F, 0x25, 0x30, 0x39, 0x39, 0x3A, 0x6A, 0x6D, 0x6B, 0x6D, 0x7B, 0x7A, 0x7F, 0x81, 0x7F, 0x82, 
    0x83, 0x81, 0x81, 0x81, 0x82, 0x88, 0x82, 0x81, 0x82, 0x8C, 0x82, 0x8C, 0x82, 0x88, 0x82, 0x9B, 
    0x5B, 0x2E, 0x2B, 0x07, 0x1B, 0x47, 0x61, 0x4F, 0xAD, 0xB8, 0xBF, 0xCC, 0xCC, 0xBD, 0xB3, 0xAC, 
    0xB2, 0xBA, 0xBA, 0xB4, 0xAE, 0x50, 0xAF, 0x61, 0x62, 0x12, 0x54, 0x8A, 0x8A, 0x8A, 0x9B, 0x9C, 
    0x9C, 0x9C, 0x9B, 0x89, 0x9B, 0x89, 0x86, 0x62, 0x9B, 0x8A, 0x9B, 0x8A, 0x9C, 0x9C, 0xE3, 0x9C, 
    0xE3, 0x9C, 0x9C, 0xE3, 0x9F, 0xE3, 0x9C, 0x9C, 0x8A, 0x59, 0x0A, 0x0B, 0x0B, 0x01, 0x02, 0x06, 
    0x00, 0x06, 0xAD, 0xBF, 0xC9, 0xD4, 0xD5, 0xD4, 0xD5, 0xD5, 0xD6, 0xD4, 0xD6, 0xD4, 0xCD, 0xBA, 
    0x51, 0xAF, 0xAF, 0xAF, 0x4D, 0x43, 0x19, 0x1B, 0x1B, 0x19, 0x19, 0x1B, 0x1B, 0x1B, 0x19, 0x1B, 
    0x1B, 0x1B, 0x48, 0x5F, 0x41, 0x29, 0x5B, 0x7A, 0x7E, 0x7E, 0x7E, 0x79, 0x7E, 0x79, 0x7E, 0x7E, 
    0x7E, 0x7A, 0x7A, 0x7E, 0x7F, 0x79, 0x7E, 0x80, 0x7F, 0x79, 0x7F, 0x80, 0x7B, 0x7E, 0x7F, 0x79, 
    0x7F, 0x7A, 0x7A, 0x7A, 0x7A, 0x5B, 0x7E, 0x7A, 0x7A, 0x5B, 0x5B, 0x88, 0x9B, 0x00, 0x02, 0x02, 
    0x02, 0x00, 0x33, 0xBC, 0xCC, 0xC8, 0xC8, 0xC8, 0xD2, 0xD2, 0xB2, 0x48, 0x22, 0x59, 0x59, 0x5B, 
    0x5B, 0x5B, 0x5B, 0x7A, 0x5B, 0x7E, 0x7A, 0x5B, 0x7E, 0x7A, 0x7A, 0x7A, 0x5B, 0x6B, 0x5B, 0x6B, 
    0x6B, 0x5B, 0x3C, 0x3A, 0x2F, 0x0C, 0x01, 0x09, 0x09, 0x09, 0x2C, 0x6C, 0x3D, 0x3C, 0x3C, 0x6B, 
    0x3C, 0x6C, 0x3C, 0x6B, 0x7A, 0x6C, 0x7A, 0x6C, 0x6B, 0x6B, 0x6B, 0x6B, 0x3A, 0x6A, 0x31, 0x3A, 
    0x31, 0x31, 0x30, 0x31, 0x2A, 0x2A, 0x26, 0x2F, 0x2F, 0x31, 0x2F, 0x30, 0x2F, 0x30, 0x2F, 0x2C, 
    0x2F, 0x31, 0x31, 0x31, 0x31, 0x65, 0x6B, 0x6C, 0x6C, 0x6D, 0x7B, 0x7A, 0x7F, 0x83, 0x7F, 0x84, 
    0x81, 0x81, 0x85, 0x82, 0x88, 0x8C, 0x81, 0x83, 0x88, 0x8C, 0x88, 0x82, 0x85, 0x84, 0x88, 0x80, 
    0x32, 0x2D, 0x0B, 0x17, 0x41, 0x40, 0x51, 0xB4, 0xBE, 0xCB, 0xD3, 0xD4, 0xD8, 0xD4, 0xD3, 0xB9, 
    0xAC, 0xAE, 0xAD, 0xAE, 0xAE, 0x51, 0x51, 0x61, 0x90, 0x1D, 0x0B, 0x87, 0x8A, 0x9C, 0x8A, 0x9C, 
    0x8A, 0xE3, 0x9C, 0x9C, 0x89, 0x89, 0x5E, 0x87, 0x89, 0x89, 0x8A, 0x9C, 0x9C, 0x9C, 0xE3, 0x9C, 
    0xE3, 0xE5, 0xE3, 0xE3, 0xE3, 0xE3, 0xE3, 0x80, 0x2A, 0x0A, 0x0B, 0x09, 0x05, 0x06, 0x00, 0x00, 
    0x4C, 0xB6, 0xC8, 0xD4, 0xD4, 0xD5, 0xDA, 0xD9, 0xDA, 0xD9, 0xD9, 0xDA, 0xD4, 0xDA, 0xCB, 0xCB, 
    0xAE, 0x51, 0xAE, 0x61, 0x4D, 0x1B, 0x19, 0x1B, 0x1B, 0x1B, 0x17, 0x1B, 0x1D, 0x1B, 0x1B, 0x1B, 
    0x1B, 0x1D, 0x1B, 0xB0, 0xB0, 0x0B, 0x3B, 0x7B, 0x79, 0x80, 0x7B, 0x79, 0x7E, 0x7A, 0x7A, 0x7A, 
    0x7E, 0x7A, 0x79, 0x79, 0x7B, 0x7F, 0x79, 0x7E, 0x80, 0x7F, 0x79, 0x7B, 0x81, 0x7F, 0x7A, 0x7F, 
    0x7A, 0x7E, 0x7A, 0x7E, 0x7A, 0x7E, 0x5B, 0x7E, 0x79, 0x7E, 0x79, 0x5B, 0x9F, 0x80, 0x00, 0x07, 
    0x03, 0x06, 0x00, 0x4F, 0xC8, 0xC8, 0xD1, 0xD1, 0xD1, 0xD2, 0xD5, 0xC8, 0x8F, 0x1A, 0x2C, 0x38, 
    0x38, 0x5B, 0x7A, 0x5B, 0x7A, 0x5B, 0x7A, 0x6C, 0x7E, 0x5B, 0x7A, 0x7A, 0x6C, 0x5B, 0x3D, 0x3C, 
    0x3D, 0x3C, 0x39, 0x32, 0x30, 0x2C, 0x0F, 0x03, 0x09, 0x2C, 0x3D, 0x3D, 0x3D, 0x3C, 0x3A, 0x3D, 
    0x3D, 0x3D, 0x3D, 0x3D, 0x7A, 0x6B, 0x6F, 0x7A, 0x6C, 0x3C, 0x6C, 0x6A, 0x6A, 0x3A, 0x3A, 0x3A, 
    0x3A, 0x31, 0x31, 0x31, 0x20, 0x30, 0x31, 0x30, 0x31, 0x30, 0x31, 0x30, 0x31, 0x2F, 0x26, 0x2C, 
    0x31, 0x30, 0x31, 0x31, 0x6B, 0x3C, 0x6C, 0x6C, 0x6C, 0x6D, 0x6C, 0x7E, 0x82, 0x81, 0x82, 0x82, 
    0x83, 0x81, 0x7D, 0x82, 0x82, 0x88, 0x83, 0x7D, 0x82, 0x7D, 0x82, 0x85, 0x82, 0x88, 0x82, 0x32, 
    0x37, 0x18, 0x00, 0x47, 0x61, 0x47, 0x4D, 0xBA, 0xCB, 0xD4, 0xD8, 0xD8, 0xD8, 0xD8, 0xD4, 0xCC, 
    0xBD, 0xB4, 0xAE, 0xAE, 0x51, 0x51, 0x61, 0x51, 0xB0, 0x48, 0x00, 0x5E, 0x87, 0x9B, 0x9C, 0x9C, 
    0x8A, 0x89, 0x9B, 0x89, 0x9C, 0x87, 0x5E, 0x89, 0x9B, 0x8A, 0x9B, 0x9B, 0x9C, 0x8A, 0xE3, 0xE3, 
    0x9C, 0xE3, 0x9C, 0x9C, 0xE5, 0x89, 0x5A, 0x1F, 0x0F, 0x0B, 0x03, 0x05, 0x06, 0x00, 0x02, 0xAD, 
    0xBF, 0xD2, 0xD5, 0xD5, 0xD7, 0xD9, 0xDC, 0xD9, 0xDC, 0xD9, 0xD9, 0xDA, 0xD7, 0xDA, 0xD4, 0xBF, 
    0xBB, 0xAE, 0xAF, 0x51, 0x48, 0x17, 0x1B, 0x1B, 0x19, 0x16, 0x19, 0x1B, 0x19, 0x1B, 0x1D, 0x1B, 
    0x1D, 0x1D, 0x19, 0x56, 0xC5, 0x48, 0x37, 0x3D, 0x7E, 0x5B, 0x7E, 0x7E, 0x7E, 0x7A, 0x7A, 0x7A, 
    0x7E, 0x7A, 0x7A, 0x7A, 0x7E, 0x79, 0x7E, 0x7E, 0x80, 0x80, 0x7E, 0x80, 0x7D, 0x7E, 0x7B, 0x79, 
    0x7E, 0x7A, 0x7E, 0x7A, 0x7E, 0x5B, 0x7A, 0x7A, 0x5B, 0x5D, 0x7A, 0x5B, 0x7A, 0xE5, 0x54, 0x00, 
    0x00, 0x03, 0x04, 0x00, 0xB9, 0xC8, 0xD2, 0xD1, 0xD5, 0xD2, 0xD5, 0xD2, 0xD2, 0xC0, 0x4A, 0x1F, 
    0x37, 0x5A, 0x38, 0x5B, 0x7A, 0x6C, 0x7A, 0x5B, 0x7A, 0x6F, 0x5B, 0x7A, 0x5B, 0x5B, 0x38, 0x3C, 
    0x3C, 0x30, 0x32, 0x3C, 0x3A, 0x30, 0x32, 0x30, 0x32, 0x6B, 0x7A, 0x6B, 0x39, 0x3C, 0x3A, 0x3C, 
    0x3C, 0x6C, 0x3D, 0x6C, 0x5B, 0x6B, 0x7A, 0x6D, 0x5B, 0x6C, 0x6B, 0x6C, 0x6B, 0x6A, 0x3C, 0x6A, 
    0x31, 0x3A, 0x31, 0x30, 0x25, 0x3A, 0x31, 0x31, 0x31, 0x31, 0x31, 0x3A, 0x31, 0x31, 0x31, 0x31, 
    0x2F, 0x3A, 0x31, 0x31, 0x3A, 0x6B, 0x6B, 0x69, 0x6C, 0x6C, 0x7E, 0x7F, 0x83, 0x7F, 0x81, 0x81, 
    0x81, 0x81, 0x81, 0x82, 0x88, 0x82, 0x85, 0x82, 0x88, 0x82, 0x88, 0x82, 0x81, 0x88, 0x58, 0x2C, 
    0x59, 0x07, 0x13, 0x47, 0x51, 0x4D, 0x51, 0xBB, 0xCB, 0xD4, 0xD8, 0xDA, 0xD8, 0xD8, 0xD8, 0xD4, 
    0xBD, 0xB4, 0xAE, 0xAF, 0xAF, 0x61, 0xAF, 0x61, 0xAF, 0x61, 0x17, 0x5A, 0x8A, 0x8A, 0x8A, 0x9F, 
    0x9C, 0x9C, 0x8A, 0x89, 0x89, 0x86, 0x5E, 0x8A, 0x8A, 0x9C, 0x9C, 0xE3, 0xE3, 0xE3, 0xE5, 0xE3, 
    0x9C, 0xE3, 0xE3, 0xE3, 0x86, 0x25, 0x1F, 0x0F, 0x0B, 0x03, 0x06, 0x02, 0x00, 0x45, 0xBC, 0xC8, 
    0xD1, 0xD7, 0xD9, 0xD9, 0xD8, 0xDC, 0xD9, 0xDC, 0xDC, 0xDC, 0xD9, 0xD9, 0xD9, 0xD6, 0xD4, 0xD2, 
    0xBB, 0xB5, 0xAF, 0x4D, 0x1B, 0x1B, 0x1B, 0x1B, 0x1B, 0x19, 0x1B, 0x19, 0x19, 0x1B, 0x1B, 0x1B, 
    0x1B, 0x1B, 0x1B, 0x13, 0x62, 0x61, 0x2E, 0x3D, 0x79, 0x7E, 0x7B, 0x7A, 0x7A, 0x7A, 0x7A, 0x7A, 
    0x5B, 0x7A, 0x7A, 0x7E, 0x79, 0x7E, 0x79, 0x7E, 0x80, 0x7E, 0x80, 0x7B, 0x80, 0x81, 0x7B, 0x7E, 
    0x7E, 0x7A, 0x7A, 0x7A, 0x7A, 0x7A, 0x7A, 0x7A, 0x5B, 0x7A, 0x5B, 0x7A, 0x5B, 0x82, 0x9C, 0x00, 
    0x53, 0x00, 0x06, 0x00, 0x45, 0xC8, 0xD1, 0xD1, 0xD7, 0xD7, 0xD7, 0xD7, 0xD7, 0xD1, 0xC8, 0xB2, 
    0x34, 0x21, 0x37, 0x5A, 0x3D, 0x5B, 0x5B, 0x5B, 0x7E, 0x7E, 0x5B, 0x5B, 0x3D, 0x3C, 0x3C, 0x3B, 
    0x39, 0x3C, 0x3C, 0x3C, 0x3D, 0x3C, 0x39, 0x30, 0x3C, 0x3D, 0x3A, 0x3B, 0x39, 0x3C, 0x3A, 0x3C, 
    0x3D, 0x3D, 0x6C, 0x7A, 0x6C, 0x6C, 0x6C, 0x5B, 0x6C, 0x7A, 0x6B, 0x3C, 0x6C, 0x6A, 0x6A, 0x3A, 
    0x65, 0x31, 0x3A, 0x2C, 0x31, 0x31, 0x3A, 0x3A, 0x3A, 0x3A, 0x3A, 0x3C, 0x3A, 0x3C, 0x3A, 0x3C, 
    0x32, 0x39, 0x6A, 0x3C, 0x6A, 0x6B, 0x6D, 0x6B, 0x7A, 0x7A, 0x7B, 0x81, 0x7F, 0x7D, 0x82, 0x7D, 
    0x83, 0x7D, 0x82, 0x82, 0x82, 0x82, 0x81, 0x82, 0x82, 0x85, 0x8C, 0x82, 0x85, 0x88, 0x3B, 0x36, 
    0x2D, 0x00, 0x19, 0x4D, 0x4D, 0x4D, 0x51, 0xCA, 0xCD, 0xD8, 0xDA, 0xD8, 0xD8, 0xD8, 0xD5, 0xD3, 
    0xCB, 0xBA, 0xAE, 0xAE, 0xAF, 0xB0, 0xAF, 0x61, 0xAF, 0x61, 0x52, 0x53, 0x89, 0x8A, 0x9B, 0x8A, 
    0x9C, 0x9C, 0x9B, 0x87, 0x86, 0x5D, 0x86, 0x89, 0x9C, 0x9C, 0x9C, 0xE3, 0x9F, 0xE3, 0x9F, 0x9C, 
    0x9C, 0xE3, 0x9C, 0x5D, 0x20, 0x0F, 0x11, 0x03, 0x09, 0x04, 0x00, 0x00, 0x8E, 0xBF, 0xD1, 0xD5, 
    0xD7, 0xD8, 0xD7, 0xDB, 0xDB, 0xDC, 0xDB, 0xDC, 0xDC, 0xDC, 0xDC, 0xD9, 0xD9, 0xDA, 0xD5, 0xD4, 
    0xBE, 0xC1, 0xAF, 0x47, 0x19, 0x1B, 0x16, 0x1B, 0x19, 0x17, 0x19, 0x19, 0x19, 0x1B, 0x1D, 0x1B, 
    0x19, 0x1B, 0x1D, 0x13, 0x55, 0x61, 0x2E, 0x3C, 0x7E, 0x7A, 0x7A, 0x79, 0x7E, 0x7A, 0x7A, 0x7A, 
    0x7E, 0x7A, 0x7E, 0x7A, 0x7E, 0x7E, 0x7E, 0x80, 0x7E, 0x79, 0x7E, 0x80, 0x7F, 0x79, 0x7E, 0x7A, 
    0x7E, 0x7A, 0x7A, 0x7A, 0x7E, 0x7A, 0x3D, 0x5B, 0x7A, 0x6C, 0x3D, 0x5B, 0x7E, 0x5B, 0x88, 0x87, 
    0x9C, 0x18, 0x00, 0x07, 0x00, 0x8E, 0xD1, 0xD5, 0xD5, 0xD6, 0xD5, 0xD7, 0xD9, 0xD7, 0xD5, 0xD2, 
    0xBF, 0x51, 0x10, 0x2C, 0x5A, 0x3D, 0x5B, 0x3D, 0x5B, 0x7A, 0x5B, 0x3C, 0x3C, 0x3D, 0x3A, 0x3B, 
    0x3C, 0x6C, 0x3A, 0x3C, 0x3C, 0x6C, 0x3D, 0x3C, 0x3C, 0x3B, 0x3B, 0x3A, 0x30, 0x3A, 0x3C, 0x3C, 
    0x3C, 0x6C, 0x3C, 0x3D, 0x7A, 0x6B, 0x6C, 0x7B, 0x7A, 0x6D, 0x5B, 0x6C, 0x6B, 0x6B, 0x6B, 0x65, 
    0x3C, 0x3A, 0x30, 0x30, 0x3C, 0x3A, 0x3C, 0x65, 0x3C, 0x6A, 0x3A, 0x6B, 0x3C, 0x6B, 0x3A, 0x6B, 
    0x32, 0x30, 0x3C, 0x6B, 0x6B, 0x6B, 0x6B, 0x6B, 0x7A, 0x7B, 0x7F, 0x83, 0x81, 0x83, 0x81, 0x81, 
    0x81, 0x83, 0x81, 0x82, 0x88, 0x82, 0x85, 0x8C, 0x85, 0x88, 0x88, 0x82, 0x85, 0x7D, 0x2E, 0x2D, 
    0x13, 0x17, 0x1D, 0x4D, 0x51, 0x51, 0x4D, 0xBA, 0xCB, 0xD4, 0xD8, 0xDA, 0xD8, 0xDA, 0xD8, 0xD2, 
    0xCA, 0xB4, 0xAE, 0xAF, 0xAE, 0xAF, 0xAF, 0x61, 0xAF, 0xB0, 0x60, 0x57, 0x87, 0x8C, 0x8A, 0x9C, 
    0x8A, 0x8A, 0x8A, 0x89, 0x89, 0x86, 0x87, 0x9C, 0x9C, 0x9C, 0xE3, 0xE5, 0x9C, 0x9C, 0xE3, 0xE5, 
    0xE3, 0x8A, 0x3B, 0x1F, 0x21, 0x0C, 0x0B, 0x05, 0x04, 0x00, 0x46, 0xB6, 0xD2, 0xD1, 0xD8, 0xD7, 
    0xD8, 0xDB, 0xDB, 0xDB, 0xDB, 0xDC, 0xDB, 0xDB, 0xDB, 0xDB, 0xDB, 0xDF, 0xD9, 0xD9, 0xDA, 0xD4, 
    0xCB, 0xB5, 0x4D, 0x1B, 0x1B, 0x1B, 0x1B, 0x1B, 0x1B, 0x17, 0x1B, 0x17, 0x1B, 0x1B, 0x1B, 0x1D, 
    0x1B, 0x18, 0x1B, 0x1C, 0x1C, 0x61, 0x44, 0x3C, 0x5B, 0x7A, 0x79, 0x7E, 0x7E, 0x7A, 0x79, 0x7A, 
    0x7A, 0x7E, 0x79, 0x7A, 0x7A, 0x80, 0x79, 0x7E, 0x79, 0x7F, 0x79, 0x7F, 0x7A, 0x7F, 0x7B, 0x7E, 
    0x7A, 0x7E, 0x7A, 0x7A, 0x6C, 0x7E, 0x6C, 0x7A, 0x5B, 0x6C, 0x5B, 0x7A, 0x79, 0x7A, 0x7A, 0x9D, 
    0x7D, 0x89, 0x0E, 0x00, 0x00, 0x0D, 0xBC, 0xD1, 0xD7, 0xD7, 0xDC, 0xDC, 0xD7, 0xDC, 0xD7, 0xD5, 
    0xD5, 0xCC, 0xBB, 0x33, 0x0A, 0x37, 0x3D, 0x38, 0x38, 0x38, 0x3B, 0x3D, 0x7A, 0x3D, 0x3D, 0x3C, 
    0x3D, 0x3D, 0x3D, 0x3C, 0x3D, 0x3B, 0x3D, 0x3C, 0x3D, 0x39, 0x39, 0x39, 0x39, 0x39, 0x3A, 0x39, 
    0x6B, 0x3C, 0x3D, 0x3D, 0x7A, 0x6B, 0x7A, 0x3D, 0x6C, 0x7A, 0x6C, 0x7A, 0x6C, 0x3C, 0x6C, 0x3C, 
    0x3A, 0x3C, 0x31, 0x3C, 0x6A, 0x3A, 0x3A, 0x3C, 0x6A, 0x3C, 0x3C, 0x6B, 0x6B, 0x3A, 0x3A, 0x3C, 
    0x3C, 0x32, 0x3C, 0x6B, 0x6B, 0x6C, 0x6C, 0x6C, 0x6D, 0x7F, 0x7F, 0x7F, 0x7F, 0x82, 0x7D, 0x81, 
    0x81, 0x81, 0x82, 0x88, 0x84, 0x85, 0x82, 0x85, 0x84, 0x85, 0x82, 0x88, 0x82, 0x7E, 0x2B, 0x0E, 
    0x18, 0x18, 0x46, 0x46, 0xAF, 0x51, 0x50, 0xAC, 0xBE, 0xCB, 0xD8, 0xD4, 0xD8, 0xD4, 0xD3, 0xCB, 
    0xBA, 0xAD, 0xAE, 0x51, 0xAF, 0xAF, 0x61, 0xAF, 0x61, 0xAF, 0xB0, 0x62, 0x62, 0x88, 0x9B, 0x8A, 
    0x9C, 0x8A, 0x8A, 0x87, 0x87, 0x89, 0x87, 0x9B, 0x9C, 0x9C, 0xE3, 0x9C, 0x9B, 0x9C, 0xE5, 0x9C, 
    0x5D, 0x20, 0x20, 0x11, 0x09, 0x03, 0x03, 0x00, 0x00, 0x4E, 0xBF, 0xC8, 0xD7, 0xD8, 0xD7, 0xDB, 
    0xDB, 0xDB, 0xDB, 0xDB, 0xDB, 0xDB, 0xDB, 0xDB, 0xDB, 0xDB, 0xDC, 0xDC, 0xDC, 0xD9, 0xD5, 0xD4, 
    0xBF, 0xB5, 0x47, 0x17, 0x1D, 0x16, 0x19, 0x1B, 0x19, 0x17, 0x1B, 0x17, 0x19, 0x1B, 0x1D, 0x1B, 
    0x1D, 0x1B, 0x1D, 0x1B, 0x07, 0x61, 0x5F, 0x2C, 0x5B, 0x7A, 0x6F, 0x79, 0x7E, 0x7A, 0x7A, 0x79, 
    0x7E, 0x7A, 0x7E, 0x7A, 0x7E, 0x7E, 0x7E, 0x80, 0x7E, 0x80, 0x7A, 0x7A, 0x7E, 0x7A, 0x7A, 0x7A, 
    0x7A, 0x7A, 0x6C, 0x6C, 0x6C, 0x5B, 0x6C, 0x5B, 0x7A, 0x5B, 0x7A, 0x7A, 0x7E, 0x5B, 0x7A, 0x80, 
    0x3C, 0x88, 0x60, 0x00, 0x06, 0x00, 0x4E, 0xD1, 0xD7, 0xD7, 0xDC, 0xDC, 0xDC, 0xDC, 0xDB, 0xD7, 
    0xD9, 0xD5, 0xCD, 0xC0, 0x4C, 0x01, 0x29, 0x32, 0x2E, 0x3B, 0x5B, 0x6C, 0x3D, 0x5B, 0x3C, 0x6C, 
    0x3C, 0x3D, 0x3D, 0x3A, 0x3C, 0x6A, 0x3C, 0x3C, 0x38, 0x6B, 0x3B, 0x39, 0x30, 0x3A, 0x3B, 0x3A, 
    0x3C, 0x6C, 0x3C, 0x6B, 0x5B, 0x6C, 0x7A, 0x6B, 0x7A, 0x6C, 0x7A, 0x7A, 0x6C, 0x6C, 0x3C, 0x6B, 
    0x3C, 0x3A, 0x31, 0x6B, 0x3A, 0x6B, 0x3C, 0x6A, 0x3C, 0x6B, 0x6B, 0x6B, 0x3C, 0x6B, 0x6B, 0x6B, 
    0x6B, 0x3C, 0x39, 0x6C, 0x6B, 0x6C, 0x6C, 0x6C, 0x79, 0x7F, 0x7F, 0x7F, 0x81, 0x82, 0x81, 0x82, 
    0x81, 0x82, 0x88, 0x8C, 0x85, 0x84, 0x88, 0x82, 0x88, 0x88, 0x81, 0x8C, 0x7D, 0x5B, 0x19, 0x07, 
    0x19, 0x4D, 0x50, 0x46, 0x4C, 0x51, 0xAE, 0xAD, 0xB8, 0xBE, 0xCB, 0xCB, 0xCB, 0xCE, 0xCA, 0xBE, 
    0xB4, 0xAE, 0xAC, 0x51, 0xAE, 0xAF, 0xAF, 0x61, 0xAF, 0x61, 0x90, 0x62, 0x62, 0x88, 0x8A, 0x9C, 
    0x8A, 0x9B, 0x8A, 0x9B, 0x89, 0x89, 0x8A, 0x9C, 0xE3, 0x9C, 0xE3, 0x9C, 0xE3, 0xE3, 0x87, 0x39, 
    0x20, 0x21, 0x0C, 0x09, 0x03, 0x03, 0x00, 0x17, 0xB2, 0xC8, 0xD3, 0xD7, 0xD8, 0xD7, 0xDB, 0xDB, 
    0xDD, 0xDB, 0xDB, 0xDB, 0xDB, 0xDB, 0xDB, 0xDB, 0xDB, 0xDB, 0xDB, 0xDC, 0xDC, 0xDA, 0xD9, 0xD2, 
    0xCD, 0x51, 0x16, 0x1D, 0x1B, 0x19, 0x1B, 0x17, 0x1B, 0x17, 0x19, 0x19, 0x1B, 0x19, 0x1B, 0x1B, 
    0x1B, 0x1B, 0x1B, 0x1B, 0x15, 0x56, 0xB0, 0x0F, 0x5B, 0x7A, 0x7A, 0x7A, 0x7E, 0x7E, 0x7A, 0x7E, 
    0x5B, 0x7E, 0x7E, 0x5B, 0x79, 0x7E, 0x79, 0x7E, 0x7A, 0x7E, 0x79, 0x7A, 0x7A, 0x7A, 0x7A, 0x6C, 
    0x7A, 0x6C, 0x5B, 0x6C, 0x7A, 0x6C, 0x7A, 0x6C, 0x6C, 0x7A, 0x79, 0x7E, 0x5B, 0x7E, 0x7A, 0x7A, 
    0x6C, 0x38, 0x88, 0x54, 0x02, 0x06, 0x00, 0xB6, 0xD7, 0xDC, 0xDC, 0xDB, 0xDF, 0xDC, 0xD7, 0xDC, 
    0xDB, 0xD7, 0xD7, 0xD4, 0xBF, 0x50, 0x33, 0x0C, 0x37, 0x5B, 0x6C, 0x3D, 0x6C, 0x3C, 0x3D, 0x3D, 
    0x6C, 0x3C, 0x3D, 0x3C, 0x3C, 0x3B, 0x3A, 0x3C, 0x3A, 0x3C, 0x3C, 0x3B, 0x39, 0x32, 0x3A, 0x3B, 
    0x3A, 0x3C, 0x3C, 0x3D, 0x6C, 0x7A, 0x6C, 0x6B, 0x5B, 0x6C, 0x6C, 0x7A, 0x6C, 0x7A, 0x3D, 0x6B, 
    0x3C, 0x31, 0x3C, 0x3C, 0x6B, 0x3C, 0x6C, 0x6B, 0x6C, 0x3C, 0x6C, 0x6A, 0x6B, 0x3C, 0x6B, 0x3C, 
    0x6A, 0x3D, 0x32, 0x3D, 0x6B, 0x6B, 0x7B, 0x7A, 0x7F, 0x81, 0x7F, 0x81, 0x81, 0x81, 0x83, 0x7F, 
    0x7F, 0x81, 0x82, 0x8C, 0x7D, 0x8C, 0x82, 0x85, 0x8C, 0x88, 0x82, 0x88, 0x81, 0x54, 0x06, 0x0E, 
    0x46, 0xB3, 0xAC, 0x50, 0x4E, 0xAD, 0xAE, 0xAC, 0xB4, 0xB8, 0xB4, 0xBE, 0xCB, 0xCD, 0xBA, 0xBB, 
    0xB5, 0xAE, 0xAE, 0xAE, 0x51, 0xAF, 0x61, 0xAF, 0x61, 0x61, 0x61, 0x48, 0x62, 0x87, 0x8A, 0x8A, 
    0x9B, 0x8A, 0x88, 0x87, 0x89, 0x89, 0x9C, 0x9C, 0x9C, 0x9C, 0xE5, 0x9C, 0x9B, 0x5E, 0x24, 0x20, 
    0x21, 0x09, 0x09, 0x07, 0x00, 0x04, 0x0D, 0xB2, 0xD1, 0xD1, 0xD7, 0xDB, 0xD7, 0xDB, 0xDB, 0xDB, 
    0xDD, 0xDB, 0xDD, 0xDB, 0xDD, 0xDD, 0xDD, 0xDB, 0xDE, 0xDB, 0xDB, 0xDC, 0xD9, 0xD9, 0xD7, 0xD4, 
    0xC0, 0x41, 0x1B, 0x1B, 0x19, 0x17, 0x1B, 0x17, 0x19, 0x17, 0x1B, 0x1B, 0x1B, 0x1B, 0x1D, 0x1D, 
    0x1D, 0x1D, 0x1D, 0x1B, 0x18, 0x42, 0x61, 0x28, 0x38, 0x7E, 0x7A, 0x7A, 0x7A, 0x79, 0x7E, 0x7E, 
    0x7E, 0x79, 0x7A, 0x7A, 0x7E, 0x7E, 0x7E, 0x7A, 0x7A, 0x79, 0x7A, 0x5B, 0x6C, 0x7A, 0x3D, 0x3D, 
    0x6B, 0x3C, 0x6C, 0x5B, 0x7A, 0x5B, 0x6B, 0x5B, 0x7A, 0x7A, 0x7E, 0x7A, 0x7E, 0x7E, 0x5B, 0x7A, 
    0x7A, 0x6C, 0x5E, 0x5E, 0x18, 0x00, 0x01, 0x4A, 0xD1, 0xD7, 0xDC, 0xDC, 0xDE, 0xDC, 0xDE, 0xDC, 
    0xDB, 0xDB, 0xDB, 0xD7, 0xD4, 0xCD, 0xAD, 0x08, 0x59, 0x5B, 0x7A, 0x6C, 0x5B, 0x6C, 0x3C, 0x7A, 
    0x3C, 0x5B, 0x3C, 0x3D, 0x3C, 0x3C, 0x3C, 0x3A, 0x39, 0x3C, 0x3B, 0x39, 0x30, 0x3A, 0x31, 0x3A, 
    0x3C, 0x3C, 0x3C, 0x7A, 0x6B, 0x5B, 0x79, 0x6C, 0x7A, 0x6C, 0x6C, 0x7A, 0x5B, 0x7A, 0x7A, 0x6B, 
    0x3C, 0x3A, 0x3A, 0x6B, 0x3C, 0x6B, 0x6B, 0x6C, 0x6B, 0x6C, 0x6B, 0x6B, 0x6A, 0x6C, 0x6B, 0x6B, 
    0x3C, 0x6C, 0x3B, 0x38, 0x6B, 0x6C, 0x7A, 0x7F, 0x81, 0x7B, 0x81, 0x81, 0x7F, 0x81, 0x82, 0x81, 
    0x85, 0x82, 0x85, 0x82, 0x85, 0x8C, 0x85, 0x82, 0x85, 0x82, 0x8C, 0x82, 0x5E, 0x19, 0x1B, 0x1A, 
    0xAC, 0xBD, 0xBD, 0xB8, 0xBE, 0xB8, 0xBA, 0xBB, 0xCA, 0xBE, 0xCB, 0xCD, 0xD4, 0xD4, 0xCB, 0xCB, 
    0xCA, 0xB8, 0xAE, 0xAE, 0xAE, 0x51, 0xAF, 0x51, 0xAF, 0x51, 0xAF, 0x5F, 0x5F, 0x87, 0x8A, 0x8A, 
    0x8A, 0x8A, 0x8A, 0x88, 0x87, 0x8A, 0x9C, 0x9C, 0xE3, 0x9C, 0xE3, 0x85, 0x3B, 0x20, 0x21, 0x0C, 
    0x0B, 0x0B, 0x05, 0x01, 0x12, 0x33, 0x4F, 0xC8, 0xD1, 0xD1, 0xD7, 0xDB, 0xDB, 0xDB, 0xDB, 0xDB, 
    0xDB, 0xDD, 0xDB, 0xDD, 0xDB, 0xDD, 0xDB, 0xDB, 0xDB, 0xDB, 0xDB, 0xDF, 0xD9, 0xD9, 0xD8, 0xD2, 
    0xB5, 0x0B, 0x1B, 0x1B, 0x1B, 0x1B, 0x1B, 0x17, 0x1B, 0x17, 0x19, 0x19, 0x1B, 0x1B, 0x1B, 0x1D, 
    0x1C, 0x1B, 0x1B, 0x1B, 0x1B, 0x62, 0x61, 0x0C, 0x59, 0x7A, 0x7E, 0x7A, 0x7A, 0x7B, 0x79, 0x7B, 
    0x7E, 0x7A, 0x80, 0x7E, 0x79, 0x7A, 0x7E, 0x79, 0x7A, 0x7A, 0x7A, 0x6C, 0x5B, 0x6B, 0x3C, 0x3C, 
    0x3C, 0x6B, 0x3C, 0x6B, 0x7A, 0x6C, 0x7A, 0x7A, 0x7A, 0x7A, 0x7A, 0x7E, 0x79, 0x7E, 0x79, 0x7A, 
    0x6C, 0x7A, 0x7A, 0x5A, 0x5C, 0x19, 0x02, 0x44, 0xB5, 0xD7, 0xDB, 0xDC, 0xDE, 0xDE, 0xDB, 0xDD, 
    0xDE, 0xDB, 0xDE, 0xD7, 0xD7, 0xD5, 0xB6, 0x48, 0x3B, 0x5B, 0x3D, 0x5B, 0x6C, 0x3D, 0x3D, 0x3C, 
    0x3D, 0x3C, 0x3D, 0x3C, 0x3C, 0x3C, 0x3A, 0x3B, 0x3A, 0x3C, 0x3A, 0x39, 0x39, 0x39, 0x3A, 0x3B, 
    0x3A, 0x3C, 0x3D, 0x3D, 0x3D, 0x5B, 0x6C, 0x7A, 0x6C, 0x5B, 0x6B, 0x7A, 0x6C, 0x5B, 0x6B, 0x3D, 
    0x3A, 0x3C, 0x3A, 0x3C, 0x6B, 0x3C, 0x6C, 0x3A, 0x6B, 0x6B, 0x3D, 0x6B, 0x6C, 0x6B, 0x6B, 0x3C, 
    0x3D, 0x3C, 0x3D, 0x32, 0x6C, 0x6C, 0x7E, 0x7E, 0x7F, 0x7E, 0x83, 0x80, 0x83, 0x81, 0x7F, 0x81, 
    0x82, 0x82, 0x82, 0x82, 0x82, 0x82, 0x82, 0x85, 0x82, 0x82, 0x8C, 0x80, 0x2E, 0x17, 0x2D, 0x4E, 
    0xCC, 0xCC, 0xD4, 0xD3, 0xD2, 0xCB, 0xBC, 0xBE, 0xCD, 0xD2, 0xD4, 0xD8, 0xD8, 0xD8, 0xD9, 0xD8, 
    0xD4, 0xCB, 0xBE, 0xBB, 0xB5, 0xAE, 0x4D, 0xAE, 0xAE, 0xAB, 0xAE, 0xC1, 0x1D, 0x5C, 0x88, 0x9C, 
    0x9C, 0x89, 0x88, 0x89, 0x9B, 0x89, 0x9B, 0xB1, 0xE3, 0x9C, 0x5E, 0x22, 0x20, 0x11, 0x0A, 0x09, 
    0x07, 0x00, 0x00, 0x49, 0xB3, 0x45, 0xB2, 0xD1, 0xD7, 0xDB, 0xDB, 0xDB, 0xDB, 0xDB, 0xDD, 0xDD, 
    0xDD, 0xDD, 0xDD, 0xDD, 0xDD, 0xDD, 0xDD, 0xDB, 0xDD, 0xDB, 0xDB, 0xDC, 0xDC, 0xD9, 0xD5, 0xBF, 
    0x47, 0x17, 0x1B, 0x1B, 0x19, 0x16, 0x17, 0x17, 0x1B, 0x17, 0x19, 0x19, 0x1B, 0x1B, 0x1D, 0x1D, 
    0x1D, 0x1B, 0x1D, 0x19, 0x19, 0x61, 0x62, 0x16, 0x3B, 0x5B, 0x7A, 0x7A, 0x7E, 0x7A, 0x7A, 0x7A, 
    0x7A, 0x79, 0x7E, 0x79, 0x7A, 0x79, 0x7E, 0x5B, 0x7E, 0x7A, 0x3C, 0x39, 0x3C, 0x3B, 0x3A, 0x3C, 
    0x3C, 0x3C, 0x3C, 0x3C, 0x3D, 0x3D, 0x6C, 0x7A, 0x7A, 0x7A, 0x7A, 0x7A, 0x5B, 0x7E, 0x7E, 0x7A, 
    0x7A, 0x7E, 0x7A, 0x7E, 0x5E, 0x5E, 0x13, 0x18, 0x1D, 0xC8, 0xDE, 0xD7, 0xDE, 0xDE, 0xDE, 0xDE, 
    0xDE, 0xDE, 0xDD, 0xDE, 0xDB, 0xD7, 0xD2, 0xB2, 0x2D, 0x5B, 0x5B, 0x6C, 0x5B, 0x5B, 0x3C, 0x3D, 
    0x3C, 0x3D, 0x3C, 0x3D, 0x3D, 0x3C, 0x3A, 0x3C, 0x3C, 0x3A, 0x3B, 0x3A, 0x32, 0x3A, 0x31, 0x39, 
    0x3A, 0x3A, 0x3C, 0x3D, 0x5B, 0x6B, 0x7A, 0x6B, 0x7A, 0x6C, 0x5B, 0x6B, 0x5B, 0x7A, 0x5B, 0x3C, 
    0x3C, 0x6C, 0x3D, 0x6C, 0x3C, 0x6C, 0x6C, 0x3D, 0x6B, 0x6C, 0x6B, 0x69, 0x6B, 0x6C, 0x6B, 0x6C, 
    0x3C, 0x6C, 0x6C, 0x3B, 0x5B, 0x7E, 0x7A, 0x7F, 0x7E, 0x81, 0x7F, 0x7F, 0x7D, 0x83, 0x7F, 0x81, 
    0x81, 0x82, 0x81, 0x88, 0x82, 0x82, 0x88, 0x82, 0x81, 0x8C, 0x88, 0x5B, 0x19, 0x18, 0x41, 0xCA, 
    0xD3, 0xD4, 0xD8, 0xD8, 0xD4, 0xD4, 0xCB, 0xCB, 0xD4, 0xD4, 0xD9, 0xDA, 0xD9, 0xD9, 0xD8, 0xD9, 
    0xD8, 0xD8, 0xD4, 0xCB, 0xB8, 0xAE, 0xAB, 0xAB, 0xAC, 0xAC, 0xAB, 0xB5, 0x56, 0x36, 0x87, 0x9F, 
    0x8A, 0x9C, 0x8A, 0x8A, 0xB1, 0x9B, 0x9C, 0x9C, 0x87, 0x39, 0x1F, 0x1F, 0x0C, 0x09, 0x03, 0x07, 
    0x00, 0x0D, 0xB2, 0xC8, 0xCC, 0x8E, 0xBC, 0xD7, 0xD7, 0xD7, 0xDB, 0xDB, 0xDB, 0xDD, 0xDB, 0xDD, 
    0xDD, 0xDD, 0xDD, 0xDD, 0xDB, 0xDD, 0xDB, 0xDE, 0xDB, 0xDB, 0xDC, 0xDC, 0xD9, 0xD5, 0xD1, 0xB5, 
    0x13, 0x1D, 0x1B, 0x17, 0x1B, 0x19, 0x1B, 0x19, 0x17, 0x19, 0x1B, 0x19, 0x1B, 0x1B, 0x1D, 0x1E, 
    0x1B, 0x18, 0x1B, 0x1B, 0x1D, 0x55, 0x53, 0x48, 0x2B, 0x5B, 0x5B, 0x7A, 0x7A, 0x7A, 0x7A, 0x7E, 
    0x7A, 0x7A, 0x7A, 0x7A, 0x7A, 0x7E, 0x7A, 0x7B, 0x5B, 0x3C, 0x3C, 0x2F, 0x32, 0x31, 0x2F, 0x3A, 
    0x32, 0x31, 0x31, 0x3A, 0x3C, 0x3C, 0x3D, 0x7A, 0x5B, 0x7E, 0x7E, 0x7A, 0x7A, 0x7E, 0x5B, 0x7A, 
    0x6C, 0x7A, 0x6F, 0x7E, 0x7E, 0x86, 0x91, 0x0E, 0x00, 0x45, 0xD7, 0xDD, 0xDE, 0xDE, 0xDE, 0xDB, 
    0xDE, 0xDD, 0xDE, 0xDD, 0xDC, 0xDB, 0xD7, 0xC9, 0x4A, 0x39, 0x3D, 0x3D, 0x3D, 0x5B, 0x3D, 0x3C, 
    0x3D, 0x5B, 0x3D, 0x5B, 0x3D, 0x3A, 0x38, 0x3C, 0x3A, 0x3B, 0x6A, 0x3C, 0x31, 0x3B, 0x3A, 0x39, 
    0x3A, 0x3C, 0x3C, 0x3C, 0x6C, 0x5B, 0x6C, 0x5B, 0x6C, 0x5B, 0x6C, 0x5B, 0x6C, 0x3D, 0x3D, 0x3A, 
    0x3D, 0x3C, 0x3C, 0x3D, 0x6C, 0x3C, 0x6C, 0x5B, 0x6B, 0x6C, 0x6C, 0x3D, 0x6C, 0x3D, 0x6C, 0x6C, 
    0x6C, 0x3D, 0x6C, 0x6C, 0x38, 0x79, 0x6F, 0x79, 0x7F, 0x81, 0x7F, 0x81, 0x81, 0x81, 0x81, 0x81, 
    0x82, 0x81, 0x82, 0x82, 0x82, 0x85, 0x82, 0x7D, 0x88, 0x8C, 0x7E, 0x2D, 0x18, 0x19, 0xB4, 0xD3, 
    0xD5, 0xD8, 0xD8, 0xD8, 0xD5, 0xD4, 0xD2, 0xCB, 0xD6, 0xD8, 0xD9, 0xD9, 0xDC, 0xD9, 0xD9, 0xDC, 
    0xD9, 0xD8, 0xD4, 0xCB, 0xBE, 0xAC, 0x50, 0xAC, 0xAD, 0xAC, 0x4F, 0xB4, 0xAF, 0x1E, 0x5E, 0x89, 
    0x88, 0x8B, 0x9B, 0x8A, 0x8A, 0x8A, 0x9C, 0x5E, 0x21, 0x1F, 0x0F, 0x0B, 0x09, 0x07, 0x00, 0x00, 
    0x4E, 0xBC, 0xD1, 0xD1, 0xD3, 0xBC, 0xD1, 0xD7, 0xDB, 0xDB, 0xDD, 0xDB, 0xDD, 0xDD, 0xDD, 0xDD, 
    0xDD, 0xDD, 0xDB, 0xDD, 0xDD, 0xDD, 0xDD, 0xDB, 0xDD, 0xDB, 0xDB, 0xDC, 0xDC, 0xD5, 0xD2, 0x4C, 
    0x19, 0x1B, 0x19, 0x16, 0x19, 0x17, 0x19, 0x16, 0x19, 0x1B, 0x19, 0x1B, 0x19, 0x1B, 0x1D, 0x1D, 
    0x1D, 0x1B, 0x1D, 0x1D, 0x1D, 0x55, 0x56, 0x42, 0x1A, 0x38, 0x3D, 0x79, 0x7A, 0x7A, 0x7E, 0x7A, 
    0x7A, 0x5B, 0x7A, 0x7E, 0x7A, 0x7A, 0x7A, 0x5B, 0x3C, 0x3A, 0x3A, 0x2C, 0x32, 0x31, 0x30, 0x32, 
    0x30, 0x30, 0x30, 0x30, 0x3A, 0x3C, 0x3C, 0x3C, 0x6C, 0x7A, 0x7E, 0x5B, 0x80, 0x7A, 0x5B, 0x7E, 
    0x7A, 0x7A, 0x79, 0x7E, 0x80, 0x7A, 0x8A, 0x89, 0x00, 0x01, 0x8E, 0xD7, 0xDB, 0xDE, 0xDE, 0xDE, 
    0xDE, 0xDE, 0xDE, 0xDD, 0xDB, 0xDB, 0xDC, 0xD6, 0xBA, 0x2D, 0x59, 0x3C, 0x5B, 0x7A, 0x3C, 0x3D, 
    0x6B, 0x3D, 0x3C, 0x3C, 0x3C, 0x3C, 0x3A, 0x3C, 0x3B, 0x3A, 0x3C, 0x3C, 0x3B, 0x3A, 0x32, 0x3A, 
    0x3B, 0x3A, 0x3C, 0x3C, 0x3C, 0x6C, 0x6B, 0x6B, 0x7A, 0x6B, 0x7A, 0x6C, 0x3C, 0x6B, 0x3C, 0x3C, 
    0x3C, 0x6B, 0x3B, 0x7A, 0x3C, 0x6C, 0x6B, 0x6C, 0x6B, 0x7A, 0x6B, 0x6C, 0x6B, 0x6B, 0x6B, 0x6C, 
    0x6B, 0x6C, 0x5B, 0x7B, 0x5B, 0x5B, 0x7E, 0x7B, 0x81, 0x7F, 0x7F, 0x81, 0x81, 0x81, 0x81, 0x82, 
    0x85, 0x82, 0x85, 0x82, 0x88, 0x82, 0x82, 0x81, 0x88, 0x8C, 0x37, 0x07, 0x0B, 0x46, 0xCB, 0xD4, 
    0xD8, 0xD9, 0xD8, 0xD9, 0xD8, 0xDA, 0xD4, 0xD4, 0xD8, 0xD9, 0xD8, 0xD9, 0xD9, 0xDC, 0xD9, 0xD9, 
    0xD8, 0xD9, 0xD8, 0xD4, 0xCA, 0xB4, 0xAC, 0xAC, 0xAC, 0xAC, 0xAC, 0xAB, 0xC1, 0x56, 0x54, 0x89, 
    0x86, 0x87, 0x8A, 0x89, 0x8A, 0x87, 0x59, 0x0A, 0x0F, 0x0C, 0x05, 0x07, 0x06, 0x01, 0x0D, 0xB2, 
    0xD1, 0xD1, 0xD1, 0xD1, 0xD3, 0xBC, 0xD3, 0xD7, 0xDB, 0xD7, 0xDB, 0xDD, 0xDB, 0xDD, 0xDD, 0xDD, 
    0xDD, 0xDD, 0xDD, 0xDD, 0xDD, 0xDD, 0xDB, 0xDE, 0xDB, 0xDB, 0xDB, 0xDF, 0xD9, 0xD5, 0xBB, 0x17, 
    0x1B, 0x1B, 0x1B, 0x1B, 0x1B, 0x15, 0x1B, 0x13, 0x1B, 0x17, 0x19, 0x1D, 0x1B, 0x1C, 0x40, 0x1B, 
    0x1D, 0x1E, 0x1B, 0x1E, 0x1B, 0x55, 0x5F, 0x55, 0x1A, 0x5B, 0x5B, 0x7E, 0x7A, 0x7A, 0x6C, 0x7A, 
    0x7B, 0x7A, 0x7B, 0x7E, 0x7A, 0x7B, 0x5B, 0x6B, 0x32, 0x31, 0x32, 0x2F, 0x2C, 0x2F, 0x2F, 0x30, 
    0x2F, 0x30, 0x2F, 0x31, 0x31, 0x31, 0x3C, 0x6B, 0x3C, 0x3C, 0x79, 0x7A, 0x79, 0x7A, 0x79, 0x7A, 
    0x6C, 0x7A, 0x7E, 0x7E, 0x7E, 0x5D, 0x7E, 0x9C, 0x62, 0x00, 0x01, 0xB7, 0xDE, 0xDE, 0xDE, 0xDE, 
    0xDE, 0xDD, 0xDE, 0xDD, 0xDD, 0xDB, 0xD7, 0xD7, 0xC8, 0x4A, 0x2C, 0x3D, 0x3D, 0x3D, 0x3D, 0x3C, 
    0x3D, 0x3C, 0x3D, 0x3C, 0x3D, 0x3C, 0x3C, 0x38, 0x6A, 0x3C, 0x3A, 0x3C, 0x3D, 0x3A, 0x3C, 0x3C, 
    0x3A, 0x3A, 0x3A, 0x3C, 0x3C, 0x3C, 0x6C, 0x3C, 0x6C, 0x6C, 0x7A, 0x3D, 0x3D, 0x3C, 0x3C, 0x3A, 
    0x3C, 0x3C, 0x3D, 0x3D, 0x3D, 0x5B, 0x6B, 0x6C, 0x5B, 0x6C, 0x3D, 0x6C, 0x6C, 0x6C, 0x6C, 0x3D, 
    0x6C, 0x7A, 0x6C, 0x7A, 0x7E, 0x5B, 0x7E, 0x7F, 0x81, 0x7F, 0x7F, 0x81, 0x81, 0x81, 0x82, 0x82, 
    0x82, 0x82, 0x82, 0x82, 0x82, 0x81, 0x82, 0x85, 0x9E, 0x5B, 0x00, 0x06, 0x07, 0xBA, 0xD4, 0xD8, 
    0xD9, 0xD9, 0xD9, 0xD9, 0xD9, 0xD8, 0xD4, 0xD4, 0xDA, 0xD8, 0xDA, 0xDC, 0xDC, 0xD9, 0xDF, 0xD8, 
    0xDC, 0xD9, 0xD9, 0xD4, 0xCA, 0xAD, 0xAC, 0xAC, 0xAC, 0xAC, 0xAC, 0x4F, 0xB4, 0x5F, 0x18, 0x5D, 
    0x87, 0x86, 0x86, 0x87, 0x5E, 0x0C, 0x0A, 0x0A, 0x09, 0x01, 0x06, 0x01, 0x00, 0x4C, 0xBC, 0xD5, 
    0xD1, 0xD5, 0xD7, 0xD3, 0xD1, 0xC8, 0xD7, 0xDB, 0xDB, 0xDD, 0xDD, 0xDD, 0xDD, 0xDD, 0xDD, 0xDD, 
    0xDD, 0xDD, 0xDD, 0xDD, 0xDB, 0xDD, 0xDB, 0xDB, 0xDE, 0xDB, 0xDC, 0xDC, 0xD5, 0xD2, 0x49, 0x17, 
    0x1D, 0x1B, 0x19, 0x1B, 0x17, 0x17, 0x1B, 0x13, 0x1B, 0x17, 0x1B, 0x1B, 0x19, 0x1B, 0x18, 0x1B, 
    0x1E, 0x1D, 0x1D, 0x1D, 0x1B, 0x55, 0x5C, 0x61, 0x52, 0x38, 0x6C, 0x7A, 0x7A, 0x5B, 0x7A, 0x7A, 
    0x7A, 0x7A, 0x7A, 0x7A, 0x7E, 0x5B, 0x3C, 0x3A, 0x3A, 0x32, 0x3A, 0x2E, 0x2A, 0x2C, 0x30, 0x2C, 
    0x2C, 0x30, 0x30, 0x31, 0x39, 0x30, 0x3A, 0x3B, 0x3D, 0x3C, 0x6C, 0x7A, 0x6C, 0x5B, 0x5B, 0x7A, 
    0x7A, 0x6F, 0x5D, 0x7E, 0x7A, 0x7E, 0x7E, 0x7E, 0xE3, 0x5C, 0x00, 0x09, 0xC9, 0xDE, 0xDE, 0xDE, 
    0xDE, 0xDD, 0xDD, 0xDE, 0xDD, 0xDD, 0xDB, 0xDC, 0xD7, 0x8E, 0x2D, 0x59, 0x5B, 0x6C, 0x5B, 0x5B, 
    0x38, 0x3D, 0x3C, 0x3C, 0x3D, 0x3C, 0x3A, 0x3C, 0x3D, 0x3C, 0x3C, 0x3C, 0x3C, 0x3A, 0x3B, 0x3A, 
    0x39, 0x3C, 0x3A, 0x3C, 0x6B, 0x3C, 0x3C, 0x6C, 0x3C, 0x3D, 0x6B, 0x6C, 0x3A, 0x3C, 0x3D, 0x3C, 
    0x3C, 0x3A, 0x3C, 0x3C, 0x3C, 0x6C, 0x6C, 0x6C, 0x6B, 0x6C, 0x7A, 0x6C, 0x7A, 0x6B, 0x7A, 0x6C, 
    0x7A, 0x5B, 0x7A, 0x7A, 0x7A, 0x7A, 0x7A, 0x7F, 0x81, 0x7F, 0x81, 0x81, 0x7F, 0x81, 0x82, 0x82, 
    0x83, 0x82, 0x81, 0x82, 0x88, 0x82, 0x81, 0x82, 0x88, 0x11, 0x06, 0x08, 0x50, 0xD2, 0xD8, 0xD9, 
    0xD8, 0xD9, 0xDC, 0xD9, 0xD9, 0xD8, 0xDA, 0xD4, 0xDA, 0xD8, 0xD9, 0xD9, 0xD9, 0xDC, 0xD9, 0xDC, 
    0xD9, 0xDA, 0xD8, 0xD4, 0xCA, 0xAC, 0xAC, 0xAC, 0xAB, 0xAC, 0xAC, 0xAC, 0x4F, 0xC1, 0x48, 0x2D, 
    0x86, 0x86, 0x86, 0x5B, 0x08, 0x0A, 0x0B, 0x03, 0x01, 0x07, 0x00, 0x01, 0x8E, 0xD2, 0xD1, 0xD7, 
    0xD3, 0xD7, 0xD8, 0xD3, 0xCC, 0xD1, 0xD7, 0xDB, 0xDB, 0xDB, 0xDD, 0xDD, 0xDD, 0xDD, 0xDD, 0xDD, 
    0xDD, 0xDD, 0xDD, 0xDD, 0xDD, 0xDD, 0xDB, 0xDE, 0xDB, 0xDC, 0xDC, 0xDC, 0xD5, 0xC0, 0x17, 0x1D, 
    0x1B, 0x19, 0x16, 0x19, 0x1B, 0x17, 0x1B, 0x17, 0x1B, 0x17, 0x17, 0x1C, 0x1B, 0x1E, 0x1B, 0x1C, 
    0x41, 0x1E, 0x1D, 0x1E, 0x1B, 0x44, 0x55, 0x52, 0x44, 0x38, 0x5B, 0x7A, 0x6C, 0x7A, 0x7A, 0x7A, 
    0x7E, 0x7A, 0x7B, 0x7A, 0x7A, 0x6B, 0x31, 0x3C, 0x3C, 0x31, 0x2F, 0x30, 0x29, 0x2C, 0x2A, 0x2A, 
    0x2A, 0x2C, 0x2F, 0x39, 0x30, 0x31, 0x31, 0x31, 0x3C, 0x6B, 0x3D, 0x3D, 0x7A, 0x6C, 0x7A, 0x7A, 
    0x7A, 0x7A, 0x7E, 0x79, 0x7E, 0x5B, 0x7E, 0x79, 0x5D, 0xE3, 0x57, 0x00, 0x49, 0xDF, 0xDE, 0xDE, 
    0xDE, 0xDD, 0xDE, 0xDD, 0xDE, 0xDD, 0xDE, 0xDB, 0xD7, 0xBC, 0x4A, 0x37, 0x3D, 0x3D, 0x3D, 0x3C, 
    0x3D, 0x3C, 0x3D, 0x3D, 0x6B, 0x3A, 0x3C, 0x3C, 0x3C, 0x3A, 0x3C, 0x6A, 0x3D, 0x3C, 0x3D, 0x3C, 
    0x3A, 0x3C, 0x3A, 0x3C, 0x3C, 0x3C, 0x3C, 0x3D, 0x6B, 0x3C, 0x3C, 0x3C, 0x3C, 0x3C, 0x6B, 0x3A, 
    0x3A, 0x3B, 0x3D, 0x3D, 0x6C, 0x5B, 0x6B, 0x6C, 0x3D, 0x6C, 0x6C, 0x7A, 0x6C, 0x6C, 0x6C, 0x7A, 
    0x6C, 0x7A, 0x7E, 0x7A, 0x7E, 0x7E, 0x7A, 0x7E, 0x7F, 0x7E, 0x7F, 0x7D, 0x82, 0x82, 0x82, 0x83, 
    0x7D, 0x81, 0x82, 0x81, 0x82, 0x81, 0x81, 0x88, 0x5A, 0x00, 0x07, 0x16, 0xBE, 0xD3, 0xD5, 0xD8, 
    0xD9, 0xDC, 0xDC, 0xD9, 0xD9, 0xD9, 0xD6, 0xD8, 0xDA, 0xD8, 0xD9, 0xD9, 0xDC, 0xD9, 0xDC, 0xD9, 
    0xD9, 0xD8, 0xD8, 0xD4, 0xBB, 0x4F, 0xAC, 0xAC, 0xAC, 0xAC, 0xAC, 0x4F, 0x4F, 0xAE, 0x61, 0x01, 
    0x5A, 0x5D, 0x2B, 0x08, 0x09, 0x07, 0x01, 0x06, 0x06, 0x00, 0x33, 0xB6, 0xCD, 0xD3, 0xD1, 0xD8, 
    0xD5, 0xD9, 0xDC, 0xD3, 0xBC, 0xDC, 0xDC, 0xDD, 0xDD, 0xDD, 0xDD, 0xDD, 0xDD, 0xDD, 0xDD, 0xDD, 
    0xDD, 0xDD, 0xDE, 0xDD, 0xDB, 0xDD, 0xDE, 0xDB, 0xDB, 0xDC, 0xDC, 0xD9, 0xD2, 0x51, 0x15, 0x1D, 
    0x16, 0x1B, 0x19, 0x19, 0x19, 0x17, 0x1B, 0x13, 0x19, 0x16, 0x1C, 0x1B, 0x19, 0x1D, 0x1D, 0x1D, 
    0x1E, 0x1D, 0x1C, 0x41, 0x1D, 0x1D, 0x53, 0x56, 0x5A, 0x3C, 0x7A, 0x5B, 0x7A, 0x5B, 0x6C, 0x5B, 
    0x6F, 0x79, 0x7E, 0x7A, 0x3C, 0x3A, 0x3A, 0x3C, 0x31, 0x2F, 0x2C, 0x2A, 0x2A, 0x29, 0x2A, 0x29, 
    0x2A, 0x2A, 0x30, 0x2F, 0x30, 0x39, 0x3A, 0x31, 0x3A, 0x3A, 0x3A, 0x3D, 0x6C, 0x7A, 0x7A, 0x7A, 
    0x7A, 0x5B, 0x7E, 0x5B, 0x7E, 0x79, 0x7E, 0x7E, 0x5B, 0x80, 0x62, 0x06, 0x00, 0x8F, 0xDF, 0xDE, 
    0xDE, 0xDE, 0xDE, 0xDE, 0xDD, 0xDD, 0xDB, 0xDC, 0xDC, 0xBF, 0x4E, 0x2B, 0x3B, 0x3D, 0x5B, 0x6C, 
    0x3C, 0x3C, 0x3C, 0x3C, 0x3C, 0x3C, 0x3D, 0x3C, 0x3C, 0x3D, 0x3B, 0x6B, 0x3C, 0x3D, 0x3C, 0x6C, 
    0x3C, 0x3C, 0x39, 0x3D, 0x3A, 0x6B, 0x3C, 0x6B, 0x3D, 0x6B, 0x3C, 0x6A, 0x3A, 0x3C, 0x3D, 0x3C, 
    0x32, 0x3C, 0x3C, 0x6C, 0x3C, 0x3D, 0x7A, 0x6B, 0x79, 0x6D, 0x3D, 0x6D, 0x7A, 0x6D, 0x5B, 0x6F, 
    0x7A, 0x7A, 0x7B, 0x7F, 0x7A, 0x7F, 0x7E, 0x7A, 0x7F, 0x7F, 0x80, 0x83, 0x81, 0x84, 0x81, 0x83, 
    0x85, 0x83, 0x81, 0x82, 0x81, 0x81, 0x82, 0x7E, 0x07, 0x07, 0x08, 0x8F, 0xD4, 0xD9, 0xD9, 0xD9, 
    0xD9, 0xDC, 0xDC, 0xD9, 0xD9, 0xDA, 0xD8, 0xD6, 0xD8, 0xD9, 0xDA, 0xDC, 0xD8, 0xDF, 0xD8, 0xDC, 
    0xD9, 0xDA, 0xD8, 0xCB, 0xB8, 0xAC, 0xAC, 0xAC, 0xAC, 0xAC, 0xAB, 0x50, 0xAB, 0x4F, 0xAF, 0x11, 
    0x0B, 0x1F, 0x08, 0x0B, 0x05, 0x01, 0x06, 0x00, 0x01, 0x4D, 0xBA, 0xCD, 0xD3, 0xD5, 0xD8, 0xD7, 
    0xD9, 0xD9, 0xD9, 0xCD, 0xCC, 0xD7, 0xDB, 0xDD, 0xDB, 0xDD, 0xDD, 0xDD, 0xDD, 0xDD, 0xDD, 0xDD, 
    0xDD, 0xDE, 0xDE, 0xDE, 0xDE, 0xDE, 0xDB, 0xDF, 0xDB, 0xDC, 0xD9, 0xD5, 0xBE, 0x17, 0x1B, 0x1B, 
    0x19, 0x1B, 0x1B, 0x19, 0x1B, 0x17, 0x1B, 0x15, 0x1B, 0x15, 0x1B, 0x18, 0x1B, 0x1E, 0x1B, 0x1E, 
    0x42, 0x1E, 0x1D, 0x1E, 0x1B, 0x41, 0x56, 0x60, 0x5A, 0x5B, 0x7A, 0x3D, 0x7A, 0x6C, 0x7A, 0x7B, 
    0x7A, 0x7B, 0x79, 0x6B, 0x3C, 0x3C, 0x31, 0x32, 0x2F, 0x2F, 0x2A, 0x2A, 0x2A, 0x21, 0x0C, 0x11, 
    0x1A, 0x2A, 0x2A, 0x2C, 0x2F, 0x30, 0x31, 0x31, 0x31, 0x3A, 0x3C, 0x3C, 0x7A, 0x7B, 0x5B, 0x6C, 
    0x6C, 0x5B, 0x7A, 0x7A, 0x7A, 0x5A, 0x38, 0x37, 0x37, 0x38, 0x38, 0x62, 0x52, 0x00, 0xB7, 0xDE, 
    0xDE, 0xDE, 0xDE, 0xDD, 0xDD, 0xDD, 0xDB, 0xDB, 0xDB, 0xC8, 0xB6, 0x4A, 0x2C, 0x38, 0x3D, 0x3C, 
    0x3D, 0x3C, 0x3C, 0x38, 0x3A, 0x39, 0x3C, 0x3C, 0x3C, 0x3C, 0x3A, 0x3C, 0x3D, 0x3C, 0x3D, 0x3C, 
    0x6C, 0x3C, 0x3A, 0x3C, 0x3D, 0x3C, 0x3C, 0x3A, 0x6A, 0x3C, 0x3D, 0x3A, 0x3D, 0x3C, 0x3A, 0x3B, 
    0x39, 0x3C, 0x3D, 0x3D, 0x3D, 0x3D, 0x7A, 0x6C, 0x6C, 0x3D, 0x6C, 0x7A, 0x7E, 0x7A, 0x6C, 0x7A, 
    0x7E, 0x7A, 0x7E, 0x7E, 0x81, 0x7E, 0x7F, 0x79, 0x7E, 0x7D, 0x7F, 0x81, 0x82, 0x81, 0x82, 0x81, 
    0x82, 0x81, 0x82, 0x81, 0x7D, 0x85, 0x7E, 0x29, 0x17, 0x48, 0x4D, 0xCC, 0xD8, 0xD8, 0xD9, 0xD9, 
    0xDC, 0xD9, 0xDB, 0xD8, 0xDF, 0xD8, 0xD9, 0xDA, 0xD8, 0xD9, 0xDC, 0xD9, 0xDC, 0xDB, 0xDC, 0xD9, 
    0xD9, 0xD8, 0xD8, 0xCA, 0xB4, 0x50, 0xAC, 0xAB, 0x4F, 0x4F, 0x4F, 0xAB, 0x4F, 0x4F, 0x61, 0x1A, 
    0x03, 0x0B, 0x03, 0x02, 0x03, 0x00, 0x00, 0x3F, 0x51, 0xB4, 0xBF, 0xD1, 0xD1, 0xD5, 0xD5, 0xD9, 
    0xD9, 0xD7, 0xD5, 0xBC, 0xD5, 0xDB, 0xDB, 0xDB, 0xDD, 0xDD, 0xDD, 0xDD, 0xDD, 0xDD, 0xDD, 0xDD, 
    0xDD, 0xDD, 0xDD, 0xDD, 0xDE, 0xDB, 0xDE, 0xDB, 0xDB, 0xDC, 0xD7, 0xD4, 0x51, 0x15, 0x1B, 0x1B, 
    0x19, 0x1B, 0x19, 0x17, 0x1B, 0x17, 0x1B, 0x1B, 0x17, 0x17, 0x1D, 0x19, 0x18, 0x1D, 0x18, 0x40, 
    0x1E, 0x1D, 0x1E, 0x1D, 0x1D, 0x42, 0x48, 0x55, 0x5A, 0x5B, 0x6C, 0x5B, 0x6C, 0x7A, 0x7A, 0x5B, 
    0x6C, 0x7B, 0x6C, 0x3C, 0x6B, 0x3A, 0x31, 0x32, 0x31, 0x2C, 0x2C, 0x2A, 0x21, 0x02, 0x00, 0x00, 
    0x00, 0x0C, 0x2A, 0x2E, 0x30, 0x2C, 0x30, 0x39, 0x3A, 0x31, 0x3C, 0x3A, 0x6C, 0x7A, 0x6C, 0x6C, 
    0x3B, 0x3D, 0x2E, 0x2C, 0x1A, 0x20, 0x36, 0x5B, 0x5B, 0x80, 0x7A, 0x80, 0xE2, 0x18, 0x00, 0xD6, 
    0xDE, 0xDD, 0xDE, 0xDE, 0xDD, 0xDD, 0xDB, 0xDC, 0xDB, 0xC8, 0xBC, 0xB3, 0x21, 0x3B, 0x3C, 0x3D, 
    0x3D, 0x3B, 0x3A, 0x3C, 0x3C, 0x3B, 0x3A, 0x3C, 0x3A, 0x3C, 0x39, 0x3D, 0x3A, 0x6C, 0x3C, 0x3C, 
    0x3C, 0x6C, 0x3C, 0x3D, 0x6A, 0x3C, 0x3D, 0x6B, 0x3A, 0x3D, 0x3C, 0x3C, 0x3A, 0x3D, 0x3A, 0x3B, 
    0x2E, 0x6C, 0x5B, 0x6B, 0x7A, 0x6C, 0x7A, 0x3D, 0x7A, 0x6C, 0x7A, 0x7A, 0x7A, 0x7E, 0x7A, 0x7E, 
    0x7B, 0x7E, 0x7A, 0x7F, 0x81, 0x7F, 0x7E, 0x7F, 0x5B, 0x81, 0x81, 0x81, 0x81, 0x81, 0x7D, 0x81, 
    0x83, 0x81, 0x81, 0x82, 0x7D, 0x81, 0x3B, 0x17, 0x42, 0x56, 0xBB, 0xD4, 0xD8, 0xD9, 0xD9, 0xDF, 
    0xD8, 0xDF, 0xD8, 0xDC, 0xDB, 0xDA, 0xD8, 0xDA, 0xD9, 0xDA, 0xDB, 0xDA, 0xDB, 0xDA, 0xDB, 0xD9, 
    0xD8, 0xDA, 0xD4, 0xBE, 0xAC, 0xAC, 0xAC, 0xAC, 0xAB, 0x4F, 0x4F, 0x4F, 0x4B, 0x48, 0x2D, 0x10, 
    0x07, 0x03, 0x04, 0x06, 0x00, 0x01, 0x47, 0xB5, 0xAD, 0xB2, 0xCB, 0xD1, 0xD4, 0xD7, 0xD9, 0xD9, 
    0xD8, 0xD8, 0xD4, 0xBF, 0xD5, 0xDB, 0xDB, 0xDD, 0xDD, 0xDD, 0xDD, 0xDD, 0xDD, 0xDD, 0xDD, 0xDD, 
    0xDD, 0xDE, 0xDD, 0xDE, 0xDD, 0xDE, 0xDB, 0xDC, 0xDC, 0xDF, 0xD5, 0xBF, 0x17, 0x1D, 0x1B, 0x1B, 
    0x1B, 0x1B, 0x1B, 0x19, 0x1B, 0x1B, 0x1B, 0x19, 0x1B, 0x19, 0x1D, 0x19, 0x1B, 0x1C, 0x1D, 0x1E, 
    0x1D, 0x42, 0x1D, 0x1E, 0x1B, 0x34, 0x55, 0x57, 0x59, 0x6C, 0x5B, 0x7A, 0x6C, 0x7A, 0x7B, 0x6C, 
    0x7A, 0x7A, 0x6B, 0x6B, 0x3C, 0x3A, 0x31, 0x30, 0x2F, 0x30, 0x2A, 0x21, 0x03, 0x00, 0x00, 0x00, 
    0x00, 0x00, 0x27, 0x2A, 0x2A, 0x30, 0x2F, 0x30, 0x32, 0x31, 0x3C, 0x3C, 0x7A, 0x6C, 0x7A, 0x6C, 
    0x03, 0x01, 0x11, 0x2C, 0x3C, 0x5B, 0x7A, 0x7A, 0x7A, 0x5B, 0x7E, 0x38, 0x86, 0x91, 0x00, 0x49, 
    0xDF, 0xDE, 0xDE, 0xDD, 0xDD, 0xDD, 0xDE, 0xDB, 0xDB, 0xC8, 0xBF, 0xBC, 0x33, 0x39, 0x38, 0x3C, 
    0x3D, 0x3C, 0x3C, 0x3A, 0x3A, 0x3B, 0x3A, 0x3B, 0x3A, 0x3B, 0x3D, 0x6B, 0x3A, 0x3D, 0x3D, 0x6A, 
    0x3C, 0x3D, 0x6C, 0x3C, 0x3A, 0x3D, 0x6B, 0x3C, 0x6C, 0x3C, 0x6A, 0x3A, 0x6A, 0x3B, 0x3C, 0x2C, 
    0x39, 0x6B, 0x6C, 0x5B, 0x7A, 0x5B, 0x7A, 0x7A, 0x7A, 0x7A, 0x7A, 0x79, 0x6F, 0x7B, 0x7E, 0x7A, 
    0x7F, 0x7A, 0x7F, 0x7E, 0x7F, 0x80, 0x7F, 0x81, 0x80, 0x7E, 0x7D, 0x7F, 0x81, 0x81, 0x81, 0x81, 
    0x7F, 0x7D, 0x7D, 0x81, 0x82, 0x7A, 0x0C, 0x48, 0x56, 0x4E, 0xCD, 0xD5, 0xD9, 0xD9, 0xDC, 0xDB, 
    0xDC, 0xDB, 0xDC, 0xD9, 0xDF, 0xD8, 0xD9, 0xDA, 0xD9, 0xD9, 0xDC, 0xD9, 0xDB, 0xD9, 0xDC, 0xD9, 
    0xD9, 0xD8, 0xD4, 0xB8, 0xAE, 0xAC, 0xAC, 0xAC, 0x4F, 0xAC, 0x4F, 0x46, 0x1C, 0x0B, 0x1A, 0x10, 
    0x01, 0x06, 0x00, 0x00, 0x1D, 0x51, 0x51, 0xAE, 0x8E, 0xBE, 0xD2, 0xD4, 0xD5, 0xD8, 0xD9, 0xD9, 
    0xD5, 0xD5, 0xBF, 0xD2, 0xD7, 0xDB, 0xDB, 0xDD, 0xDD, 0xDD, 0xDD, 0xDD, 0xDD, 0xDD, 0xDD, 0xDD, 
    0xDD, 0xDD, 0xDE, 0xDD, 0xDB, 0xDB, 0xDC, 0xDC, 0xDF, 0xD8, 0xD4, 0x4E, 0x15, 0x1D, 0x19, 0x16, 
    0x1B, 0x19, 0x19, 0x17, 0x1B, 0x17, 0x19, 0x1B, 0x17, 0x1B, 0x19, 0x1B, 0x1E, 0x1B, 0x1E, 0x40, 
    0x1E, 0x1D, 0x1E, 0x1D, 0x1E, 0x13, 0x19, 0x53, 0x3A, 0x5B, 0x6C, 0x7A, 0x6C, 0x5B, 0x6D, 0x5B, 
    0x6D, 0x7A, 0x6B, 0x3D, 0x3A, 0x31, 0x31, 0x2F, 0x30, 0x2C, 0x2C, 0x11, 0x01, 0x00, 0x00, 0x00, 
    0x00, 0x00, 0x11, 0x2A, 0x2C, 0x2A, 0x30, 0x30, 0x31, 0x30, 0x3A, 0x3A, 0x3D, 0x3D, 0x6C, 0x6B, 
    0x2A, 0x3B, 0x3B, 0x5B, 0x3C, 0x7A, 0x5B, 0x5B, 0x7A, 0x7A, 0x7A, 0x7A, 0x3C, 0x9C, 0x60, 0x00, 
    0xB5, 0xDE, 0xDD, 0xDE, 0xDD, 0xDD, 0xDB, 0xDB, 0xDC, 0xC9, 0xCD, 0xBF, 0x8E, 0x21, 0x3B, 0x3C, 
    0x3C, 0x3C, 0x3C, 0x3B, 0x3A, 0x3B, 0x3A, 0x3C, 0x3C, 0x3A, 0x3C, 0x3D, 0x3C, 0x3C, 0x3D, 0x6B, 
    0x3C, 0x6B, 0x3C, 0x6C, 0x3D, 0x6A, 0x3C, 0x6A, 0x3D, 0x6B, 0x3C, 0x3C, 0x3A, 0x6B, 0x3C, 0x2E, 
    0x3B, 0x6B, 0x3C, 0x3D, 0x7A, 0x7B, 0x6B, 0x7A, 0x5B, 0x7B, 0x7A, 0x7A, 0x7A, 0x7A, 0x7B, 0x7B, 
    0x79, 0x81, 0x7B, 0x7B, 0x81, 0x81, 0x81, 0x81, 0x82, 0x5B, 0x79, 0x81, 0x7F, 0x81, 0x83, 0x7F, 
    0x81, 0x83, 0x81, 0x81, 0x81, 0x2C, 0x12, 0x56, 0x56, 0xC0, 0xD3, 0xD9, 0xD8, 0xD9, 0xD8, 0xDF, 
    0xD9, 0xDC, 0xD9, 0xD9, 0xDB, 0xD9, 0xD9, 0xDA, 0xD9, 0xDA, 0xD9, 0xDF, 0xD9, 0xDC, 0xD9, 0xD9, 
    0xD8, 0xDA, 0xCB, 0xB8, 0xAC, 0xAC, 0xAC, 0xAC, 0xAB, 0x4C, 0x1B, 0x11, 0x1A, 0x19, 0x07, 0x05, 
    0x06, 0x00, 0x00, 0x61, 0xBB, 0xBA, 0xB4, 0xB5, 0xBB, 0xCB, 0xCB, 0xD6, 0xD8, 0xD5, 0xD5, 0xD9, 
    0xD8, 0xD3, 0xBF, 0xD3, 0xDC, 0xDC, 0xDB, 0xDB, 0xDD, 0xDD, 0xDD, 0xDD, 0xDD, 0xDD, 0xDD, 0xDD, 
    0xDD, 0xDE, 0xDD, 0xDE, 0xDB, 0xDE, 0xDB, 0xDC, 0xD7, 0xDA, 0xBF, 0x1D, 0x16, 0x1B, 0x1B, 0x1B, 
    0x1B, 0x1B, 0x1B, 0x1B, 0x1B, 0x16, 0x1B, 0x1B, 0x1B, 0x18, 0x19, 0x1E, 0x1C, 0x1C, 0x42, 0x1C, 
    0x41, 0x1E, 0x1D, 0x1C, 0x19, 0x00, 0x19, 0x3B, 0x5B, 0x7A, 0x79, 0x7A, 0x7A, 0x7A, 0x7B, 0x6C, 
    0x7A, 0x6C, 0x3C, 0x6B, 0x6B, 0x31, 0x2F, 0x30, 0x2A, 0x2A, 0x27, 0x11, 0x00, 0x00, 0x00, 0x00, 
    0x00, 0x09, 0x29, 0x2A, 0x2A, 0x2A, 0x2A, 0x30, 0x30, 0x2F, 0x2F, 0x31, 0x32, 0x3B, 0x3C, 0x3C, 
    0x3C, 0x3B, 0x3C, 0x3C, 0x3D, 0x5B, 0x7A, 0x7A, 0x7E, 0x7A, 0x3D, 0x7A, 0x7E, 0x5A, 0xB1, 0x48, 
    0x00, 0xC9, 0xDE, 0xDD, 0xDE, 0xDD, 0xDC, 0xDD, 0xD7, 0xCD, 0xD2, 0xCC, 0xB2, 0x16, 0x39, 0x38, 
    0x3D, 0x3C, 0x3A, 0x3C, 0x39, 0x3B, 0x3A, 0x3B, 0x3A, 0x3B, 0x3A, 0x3C, 0x3C, 0x3C, 0x6A, 0x3C, 
    0x3D, 0x6B, 0x3D, 0x3D, 0x6C, 0x3D, 0x6C, 0x3C, 0x3D, 0x6B, 0x3D, 0x3C, 0x6A, 0x3C, 0x3A, 0x2B, 
    0x3D, 0x3C, 0x3D, 0x3D, 0x6C, 0x3D, 0x6C, 0x6C, 0x6C, 0x7A, 0x6C, 0x7A, 0x7E, 0x7A, 0x7E, 0x7A, 
    0x6F, 0x7E, 0x7F, 0x7F, 0x81, 0x81, 0x7F, 0x81, 0x7D, 0x79, 0x3D, 0x81, 0x7F, 0x81, 0x7F, 0x81, 
    0x83, 0x81, 0x82, 0x81, 0x6C, 0x09, 0x1B, 0x1E, 0x8F, 0xD3, 0xD4, 0xD9, 0xD7, 0xDB, 0xDC, 0xDB, 
    0xDC, 0xDB, 0xDC, 0xD9, 0xDF, 0xD8, 0xDA, 0xD4, 0xD5, 0xD9, 0xDC, 0xD9, 0xDB, 0xDB, 0xDC, 0xD9, 
    0xDA, 0xD8, 0xBE, 0xB4, 0xAE, 0xAC, 0x4F, 0x4C, 0x41, 0x0B, 0x11, 0x15, 0x10, 0x05, 0x07, 0x00, 
    0x00, 0x3F, 0xC1, 0xC0, 0xBD, 0xCC, 0xBF, 0xB8, 0xB9, 0xBE, 0xCD, 0xD4, 0xD4, 0xD4, 0xD5, 0xD4, 
    0xD5, 0xCB, 0xBC, 0xD4, 0xDC, 0xDB, 0xDC, 0xDD, 0xDE, 0xDD, 0xDD, 0xDD, 0xDD, 0xDD, 0xDD, 0xDD, 
    0xDD, 0xDD, 0xDD, 0xDD, 0xDB, 0xDC, 0xDC, 0xDC, 0xD5, 0xD4, 0x8F, 0x07, 0x1D, 0x1B, 0x19, 0x16, 
    0x1B, 0x1B, 0x16, 0x1B, 0x17, 0x1B, 0x19, 0x1B, 0x17, 0x1B, 0x19, 0x1B, 0x1D, 0x1D, 0x1E, 0x1D, 
    0x1E, 0x1E, 0x1E, 0x1D, 0x02, 0x04, 0x36, 0x3C, 0x5B, 0x7A, 0x6F, 0x7A, 0x6C, 0x7A, 0x6C, 0x7A, 
    0x6C, 0x6B, 0x3C, 0x3A, 0x31, 0x30, 0x30, 0x2C, 0x2C, 0x29, 0x21, 0x0B, 0x00, 0x00, 0x00, 0x00, 
    0x03, 0x21, 0x21, 0x2A, 0x2C, 0x2A, 0x22, 0x30, 0x24, 0x30, 0x30, 0x32, 0x3C, 0x3D, 0x3D, 0x5B, 
    0x32, 0x3A, 0x3B, 0x5B, 0x3D, 0x7A, 0x3D, 0x7A, 0x7E, 0x7E, 0x6C, 0x7A, 0x7E, 0x7E, 0x5E, 0x9C, 
    0x00, 0x33, 0xD7, 0xDE, 0xDE, 0xDE, 0xDB, 0xDB, 0xD7, 0xBF, 0xD1, 0xD2, 0xBC, 0x4E, 0x18, 0x3B, 
    0x3C, 0x3D, 0x3A, 0x3C, 0x3C, 0x3C, 0x39, 0x39, 0x3B, 0x39, 0x3C, 0x3C, 0x3A, 0x3C, 0x3D, 0x3D, 
    0x3C, 0x6C, 0x3C, 0x6B, 0x3C, 0x6C, 0x3C, 0x6C, 0x6B, 0x6C, 0x3C, 0x3D, 0x3C, 0x6C, 0x28, 0x39, 
    0x6B, 0x6B, 0x6B, 0x6C, 0x6C, 0x3D, 0x7A, 0x6C, 0x7A, 0x7A, 0x7A, 0x7A, 0x7B, 0x7A, 0x7E, 0x7A, 
    0x79, 0x7F, 0x7F, 0x7F, 0x81, 0x7F, 0x81, 0x81, 0x7E, 0x7F, 0x5B, 0x7E, 0x81, 0x81, 0x7F, 0x7D, 
    0x7F, 0x81, 0x81, 0x7F, 0x2E, 0x19, 0x19, 0x47, 0xBE, 0xD4, 0xD8, 0xDA, 0xDB, 0xDA, 0xDB, 0xD9, 
    0xDB, 0xDA, 0xDB, 0xDB, 0xD9, 0xD9, 0xDA, 0xD6, 0xD8, 0xDA, 0xDB, 0xDA, 0xD9, 0xDB, 0xD8, 0xDA, 
    0xD8, 0xCE, 0xB8, 0xB4, 0xAC, 0x4C, 0x3F, 0x10, 0x09, 0x10, 0x0E, 0x07, 0x07, 0x02, 0x00, 0x15, 
    0x51, 0xB5, 0xBD, 0xD2, 0xCB, 0xD4, 0xD3, 0xCB, 0xBA, 0xBA, 0xCE, 0xCB, 0xCB, 0xD4, 0xCB, 0xD4, 
    0xCB, 0xBA, 0xCB, 0xD5, 0xD7, 0xDC, 0xDC, 0xDF, 0xDB, 0xDB, 0xDD, 0xDE, 0xDD, 0xDE, 0xDD, 0xDE, 
    0xDD, 0xDE, 0xDB, 0xDE, 0xDE, 0xDB, 0xDC, 0xD5, 0xD6, 0xBF, 0x47, 0x17, 0x1D, 0x1B, 0x18, 0x1B, 
    0x1B, 0x1B, 0x1B, 0x1B, 0x1B, 0x1B, 0x1B, 0x1B, 0x1B, 0x1B, 0x1B, 0x1D, 0x1B, 0x42, 0x1D, 0x1E, 
    0x40, 0x1E, 0x42, 0x19, 0x00, 0x42, 0x58, 0x6C, 0x79, 0x7A, 0x7A, 0x6C, 0x7B, 0x6C, 0x7A, 0x6C, 
    0x6C, 0x6B, 0x3C, 0x3A, 0x31, 0x31, 0x2F, 0x25, 0x2C, 0x2C, 0x14, 0x00, 0x09, 0x11, 0x27, 0x21, 
    0x2A, 0x22, 0x2A, 0x2A, 0x2A, 0x2C, 0x24, 0x30, 0x25, 0x30, 0x31, 0x3A, 0x3C, 0x6C, 0x7A, 0x7A, 
    0x3A, 0x3B, 0x3C, 0x6B, 0x6C, 0x7A, 0x3D, 0x7E, 0x7E, 0x5B, 0x6F, 0x5E, 0x6F, 0x5B, 0x7A, 0x89, 
    0x62, 0x00, 0x8E, 0xDC, 0xDE, 0xD7, 0xDC, 0xDC, 0xD7, 0xBF, 0xD2, 0xD2, 0xC8, 0xB3, 0x18, 0x2E, 
    0x3C, 0x3C, 0x3C, 0x3C, 0x3A, 0x3B, 0x3A, 0x3B, 0x3A, 0x3A, 0x3A, 0x3C, 0x3C, 0x3D, 0x3D, 0x3C, 
    0x6C, 0x3C, 0x3D, 0x3D, 0x3D, 0x3C, 0x3D, 0x3C, 0x3D, 0x3C, 0x6C, 0x3D, 0x3D, 0x3C, 0x11, 0x3A, 
    0x6C, 0x3C, 0x6C, 0x6C, 0x6B, 0x7A, 0x6C, 0x7A, 0x6C, 0x7A, 0x7A, 0x7A, 0x6F, 0x7A, 0x7E, 0x7B, 
    0x7F, 0x7E, 0x7F, 0x81, 0x7F, 0x7D, 0x82, 0x7F, 0x7F, 0x81, 0x7E, 0x59, 0x7F, 0x7F, 0x7F, 0x81, 
    0x7F, 0x81, 0x7F, 0x38, 0x1A, 0x34, 0x48, 0xB5, 0xC8, 0xD5, 0xD9, 0xD9, 0xDB, 0xDB, 0xDC, 0xDB, 
    0xDC, 0xDB, 0xDB, 0xD8, 0xDA, 0xD8, 0xD9, 0xD4, 0xD4, 0xD8, 0xD9, 0xD8, 0xDC, 0xD8, 0xD9, 0xD8, 
    0xD4, 0xCB, 0xBB, 0xAB, 0x40, 0x1B, 0x0C, 0x15, 0x10, 0x13, 0x03, 0x07, 0x00, 0x00, 0x47, 0xC1, 
    0xBB, 0xBD, 0xC9, 0xD4, 0xD4, 0xD3, 0xD4, 0xCC, 0xBE, 0xB4, 0xBA, 0xB8, 0xBE, 0xCA, 0xCE, 0xCB, 
    0xBA, 0xB4, 0xCD, 0xD5, 0xD9, 0xDC, 0xDC, 0xDB, 0xDF, 0xDB, 0xDE, 0xDC, 0xDE, 0xDE, 0xDE, 0xDB, 
    0xDE, 0xDB, 0xDB, 0xDB, 0xDC, 0xDC, 0xD5, 0xD5, 0xD6, 0x8F, 0x15, 0x17, 0x1B, 0x16, 0x18, 0x1B, 
    0x1B, 0x19, 0x1B, 0x1B, 0x16, 0x1B, 0x1B, 0x13, 0x1B, 0x1B, 0x1D, 0x1B, 0x1E, 0x41, 0x1C, 0x1D, 
    0x1E, 0x42, 0x1E, 0x07, 0x00, 0x57, 0x3D, 0x5B, 0x6F, 0x7A, 0x7E, 0x7A, 0x7E, 0x7A, 0x6C, 0x3C, 
    0x3C, 0x3C, 0x31, 0x3C, 0x65, 0x32, 0x31, 0x30, 0x2C, 0x2B, 0x00, 0x0B, 0x2C, 0x29, 0x22, 0x29, 
    0x2C, 0x2A, 0x2A, 0x2A, 0x20, 0x2A, 0x30, 0x30, 0x30, 0x30, 0x3A, 0x3B, 0x6C, 0x7A, 0x7A, 0x7A, 
    0x3C, 0x3C, 0x3C, 0x3D, 0x7A, 0x7A, 0x7A, 0x7A, 0x7E, 0x7E, 0x7A, 0x7E, 0x79, 0x7E, 0x5B, 0x7E, 
    0x89, 0x52, 0x00, 0xB7, 0xDE, 0xDC, 0xDC, 0xD9, 0xD5, 0xCD, 0xD4, 0xD4, 0xD3, 0xBA, 0x45, 0x2B, 
    0x3B, 0x3C, 0x3D, 0x3A, 0x3B, 0x3A, 0x39, 0x3B, 0x3B, 0x3A, 0x3B, 0x3A, 0x3C, 0x3A, 0x3D, 0x6A, 
    0x3C, 0x6B, 0x3C, 0x6B, 0x3C, 0x6B, 0x3C, 0x6A, 0x3D, 0x3A, 0x3C, 0x3A, 0x3D, 0x3B, 0x0C, 0x3C, 
    0x6B, 0x6C, 0x6B, 0x6C, 0x6C, 0x6B, 0x7A, 0x7A, 0x7A, 0x7B, 0x7A, 0x7A, 0x7E, 0x7B, 0x7A, 0x7A, 
    0x79, 0x7F, 0x81, 0x81, 0x81, 0x83, 0x80, 0x83, 0x80, 0x7F, 0x7F, 0x5B, 0x5B, 0x7F, 0x81, 0x83, 
    0x7D, 0x83, 0x79, 0x2C, 0x1E, 0x52, 0x51, 0xBD, 0xD4, 0xD5, 0xD9, 0xDC, 0xD8, 0xDC, 0xDB, 0xD9, 
    0xDC, 0xDC, 0xD9, 0xDC, 0xD8, 0xDA, 0xD4, 0xCE, 0xCB, 0xDA, 0xD8, 0xD8, 0xD8, 0xD8, 0xD8, 0xD4, 
    0xCB, 0xBB, 0x4C, 0x19, 0x0B, 0x10, 0x13, 0x07, 0x05, 0x07, 0x04, 0x00, 0x1B, 0x61, 0xAF, 0xBA, 
    0xB9, 0xCB, 0xCB, 0xD3, 0xD4, 0xD3, 0xD3, 0xCB, 0xBA, 0x50, 0xAC, 0xAE, 0xAD, 0xAD, 0xAC, 0xAD, 
    0xAC, 0xB4, 0xCB, 0xD4, 0xD5, 0xD9, 0xDC, 0xDC, 0xDC, 0xDF, 0xDB, 0xDF, 0xDB, 0xDB, 0xDB, 0xDB, 
    0xDB, 0xDF, 0xDB, 0xDC, 0xD9, 0xDA, 0xD5, 0xD4, 0xBF, 0x47, 0x17, 0x1B, 0x1B, 0x19, 0x1B, 0x1B, 
    0x1B, 0x1B, 0x1B, 0x1B, 0x1B, 0x1B, 0x1B, 0x1B, 0x1B, 0x1C, 0x1D, 0x1E, 0x42, 0x1E, 0x1E, 0x1E, 
    0x42, 0x1E, 0x1C, 0x00, 0x15, 0x3B, 0x3C, 0x7A, 0x7A, 0x7A, 0x7E, 0x7A, 0x7E, 0x6C, 0x6B, 0x6B, 
    0x6A, 0x6B, 0x3C, 0x3A, 0x31, 0x31, 0x2F, 0x30, 0x2F, 0x11, 0x00, 0x2C, 0x2A, 0x2A, 0x29, 0x2A, 
    0x2A, 0x2C, 0x2A, 0x2F, 0x2A, 0x2F, 0x25, 0x30, 0x2F, 0x3A, 0x30, 0x3C, 0x7A, 0x7A, 0x7A, 0x7A, 
    0x3C, 0x3C, 0x3D, 0x3D, 0x6C, 0x7A, 0x7A, 0x7A, 0x7E, 0x7E, 0x7E, 0x80, 0x7E, 0x79, 0x7E, 0x7A, 
    0x5E, 0x91, 0x1D, 0x00, 0xB6, 0xD7, 0xD7, 0xD7, 0xD2, 0xC8, 0xD2, 0xD4, 0xD2, 0xBF, 0x4E, 0x19, 
    0x37, 0x39, 0x3C, 0x3C, 0x3C, 0x3B, 0x3A, 0x3B, 0x39, 0x39, 0x3A, 0x3B, 0x3C, 0x3C, 0x3D, 0x3C, 
    0x3D, 0x6B, 0x3A, 0x3D, 0x3D, 0x3A, 0x3A, 0x3D, 0x3D, 0x3C, 0x3D, 0x3D, 0x3D, 0x21, 0x2B, 0x3D, 
    0x6C, 0x6C, 0x6C, 0x6C, 0x7A, 0x6C, 0x6C, 0x7A, 0x7A, 0x6C, 0x7A, 0x7A, 0x7E, 0x7A, 0x7E, 0x7A, 
    0x7F, 0x7F, 0x7F, 0x81, 0x82, 0x7F, 0x7F, 0x7F, 0x7F, 0x7E, 0x7F, 0x81, 0x3B, 0x7E, 0x7F, 0x7D, 
    0x7F, 0x7E, 0x3D, 0x1E, 0x48, 0x48, 0xB5, 0xD1, 0xD5, 0xD8, 0xDC, 0xD9, 0xDB, 0xDC, 0xDB, 0xDC, 
    0xDB, 0xDC, 0xDC, 0xD8, 0xD9, 0xD8, 0xD4, 0xCA, 0xCE, 0xD4, 0xD4, 0xD4, 0xD8, 0xD4, 0xD4, 0xC0, 
    0x50, 0x13, 0x01, 0x07, 0x0E, 0x07, 0x03, 0x06, 0x07, 0x02, 0x00, 0x56, 0x61, 0xB5, 0xB2, 0xBA, 
    0xBE, 0xBF, 0xCE, 0xD8, 0xD4, 0xCB, 0xD4, 0xBE, 0xAE, 0x4C, 0x51, 0x51, 0x50, 0x50, 0x50, 0x50, 
    0xAD, 0xAD, 0xBE, 0xD2, 0xD5, 0xD5, 0xD5, 0xDA, 0xDC, 0xDC, 0xDF, 0xDB, 0xDC, 0xDB, 0xDC, 0xDE, 
    0xDF, 0xDC, 0xDC, 0xD9, 0xD5, 0xD5, 0xD5, 0xCD, 0xB5, 0x15, 0x1D, 0x1B, 0x19, 0x1B, 0x19, 0x16, 
    0x1B, 0x1B, 0x1D, 0x1B, 0x1B, 0x16, 0x1B, 0x1B, 0x1D, 0x1B, 0x1D, 0x1D, 0x1E, 0x1D, 0x42, 0x1E, 
    0x1E, 0x1E, 0x18, 0x1B, 0x1A, 0x3A, 0x6C, 0x80, 0x7E, 0x7E, 0x7E, 0x7A, 0x7E, 0x6C, 0x6B, 0x3D, 
    0x3A, 0x3C, 0x3A, 0x3A, 0x3A, 0x31, 0x30, 0x39, 0x2C, 0x00, 0x2B, 0x2C, 0x32, 0x2B, 0x2C, 0x22, 
    0x2C, 0x2C, 0x25, 0x2C, 0x25, 0x30, 0x30, 0x30, 0x31, 0x30, 0x39, 0x3D, 0x6C, 0x7A, 0x6F, 0x7A, 
    0x3A, 0x3C, 0x3C, 0x6C, 0x7A, 0x5B, 0x7A, 0x7A, 0x7A, 0x80, 0x79, 0x80, 0x5B, 0x7E, 0x7E, 0x7E, 
    0x6C, 0x86, 0x91, 0x00, 0x17, 0xD2, 0xD5, 0xD5, 0xD2, 0xCD, 0xD4, 0xD4, 0xD3, 0xC8, 0xB6, 0x45, 
    0x29, 0x3B, 0x3B, 0x3C, 0x39, 0x3C, 0x3B, 0x3A, 0x3B, 0x3A, 0x3A, 0x3C, 0x3A, 0x3C, 0x3C, 0x3D, 
    0x3A, 0x6C, 0x3D, 0x6A, 0x3D, 0x3D, 0x3C, 0x3C, 0x3D, 0x6A, 0x3C, 0x3A, 0x3C, 0x09, 0x2C, 0x69, 
    0x3C, 0x3D, 0x6C, 0x6C, 0x7A, 0x6C, 0x7A, 0x7A, 0x79, 0x7E, 0x7A, 0x7E, 0x7B, 0x7F, 0x7A, 0x7F, 
    0x7F, 0x7F, 0x81, 0x81, 0x7F, 0x7F, 0x81, 0x7D, 0x7E, 0x81, 0x7F, 0x7D, 0x79, 0x38, 0x81, 0x7F, 
    0x80, 0x7A, 0x2B, 0x48, 0x1E, 0x46, 0xB9, 0xD2, 0xD4, 0xD9, 0xD9, 0xDC, 0xDC, 0xDC, 0xDC, 0xDB, 
    0xD9, 0xDB, 0xDC, 0xD9, 0xD9, 0xD4, 0xCB, 0xB4, 0xBE, 0xCD, 0xCB, 0xD4, 0xCB, 0xBE, 0xAC, 0x17, 
    0x01, 0x07, 0x07, 0x07, 0x04, 0x04, 0x00, 0x00, 0x00, 0x00, 0x5F, 0x51, 0x45, 0x3E, 0x4B, 0x4F, 
    0xAC, 0xAC, 0xB3, 0xB9, 0xCA, 0xBD, 0xB9, 0x4B, 0x4B, 0x4B, 0x4B, 0x3E, 0x3E, 0x4B, 0x4B, 0x50, 
    0xAB, 0xAB, 0xB3, 0xBF, 0xCD, 0xD6, 0xD6, 0xD7, 0xDA, 0xDA, 0xDA, 0xDF, 0xDF, 0xDF, 0xDC, 0xD7, 
    0xD9, 0xDA, 0xD5, 0xDA, 0xD4, 0xD6, 0xC9, 0xBF, 0x47, 0x0E, 0x1D, 0x16, 0x19, 0x1B, 0x1B, 0x1B, 
    0x1B, 0x1B, 0x1B, 0x1B, 0x1B, 0x1B, 0x1B, 0x1B, 0x1C, 0x41, 0x1D, 0x1E, 0x42, 0x1E, 0x40, 0x1E, 
    0x42, 0x34, 0x57, 0x48, 0x29, 0x3D, 0x7E, 0x7E, 0x7A, 0x7F, 0x7A, 0x7A, 0x7E, 0x6C, 0x6B, 0x6B, 
    0x6B, 0x3A, 0x3A, 0x3A, 0x3A, 0x3A, 0x31, 0x31, 0x0C, 0x11, 0x32, 0x30, 0x32, 0x2C, 0x2F, 0x25, 
    0x2C, 0x30, 0x30, 0x39, 0x30, 0x30, 0x2F, 0x31, 0x31, 0x32, 0x3C, 0x6C, 0x7A, 0x7E, 0x7A, 0x7F, 
    0x3C, 0x3C, 0x6C, 0x6C, 0x6C, 0x7A, 0x7E, 0x7A, 0x7A, 0x7E, 0x5E, 0x7A, 0x7A, 0x7E, 0x5B, 0x79, 
    0x7E, 0x5B, 0x8A, 0x60, 0x00, 0x4E, 0xD2, 0xD2, 0xD2, 0xCD, 0xD1, 0xD4, 0xD2, 0xCC, 0xBC, 0x8E, 
    0x18, 0x32, 0x39, 0x3A, 0x3C, 0x3C, 0x3A, 0x3B, 0x3A, 0x3B, 0x31, 0x38, 0x3C, 0x3C, 0x3C, 0x3C, 
    0x3D, 0x6A, 0x3A, 0x3C, 0x3C, 0x6A, 0x3C, 0x3A, 0x3A, 0x3C, 0x3A, 0x3D, 0x39, 0x00, 0x3A, 0x6C, 
    0x6C, 0x6C, 0x6C, 0x6C, 0x6C, 0x7A, 0x7A, 0x7B, 0x6F, 0x79, 0x6F, 0x79, 0x7E, 0x7A, 0x7F, 0x7E, 
    0x7F, 0x7D, 0x7F, 0x7F, 0x7F, 0x7F, 0x7F, 0x7F, 0x7F, 0x7F, 0x7F, 0x80, 0x81, 0x59, 0x5B, 0x7D, 
    0x7F, 0x3B, 0x48, 0x1E, 0x1D, 0x50, 0xBC, 0xCC, 0xD5, 0xD8, 0xD9, 0xD9, 0xDB, 0xDC, 0xD9, 0xDB, 
    0xD9, 0xD9, 0xD9, 0xD8, 0xD8, 0xD4, 0xB8, 0xB4, 0xB4, 0xCA, 0xBE, 0xCA, 0xAD, 0x17, 0x01, 0x00, 
    0x07, 0x07, 0x03, 0x00, 0x00, 0x00, 0x03, 0x56, 0x91, 0xC2, 0xC2, 0xC5, 0xC2, 0xC5, 0xC5, 0xC5, 
    0xC2, 0x90, 0x90, 0xAF, 0x61, 0xAF, 0xC2, 0xC2, 0xC5, 0xC5, 0xC2, 0xC1, 0xC5, 0xC1, 0xAF, 0xAE, 
    0xAE, 0xAE, 0xAE, 0xAC, 0xB3, 0xB3, 0xB3, 0xB9, 0xBC, 0xCC, 0xD5, 0xD5, 0xD5, 0xD1, 0xD5, 0xD5, 
    0xD4, 0xD2, 0xD1, 0xCC, 0xD1, 0xCC, 0xBC, 0xB5, 0x19, 0x1B, 0x1B, 0x17, 0x19, 0x1B, 0x1D, 0x1B, 
    0x1D, 0x16, 0x1D, 0x1B, 0x1B, 0x1B, 0x1D, 0x1B, 0x18, 0x1D, 0x1D, 0x42, 0x1E, 0x1D, 0x1E, 0x1E, 
    0x1E, 0x48, 0x55, 0x19, 0x37, 0x6C, 0x7E, 0x7E, 0x7F, 0x7E, 0x7F, 0x7A, 0x6F, 0x7A, 0x6B, 0x3D, 
    0x3C, 0x32, 0x6A, 0x3A, 0x31, 0x31, 0x3A, 0x2C, 0x0B, 0x32, 0x3B, 0x32, 0x2B, 0x2B, 0x22, 0x2B, 
    0x32, 0x30, 0x30, 0x32, 0x30, 0x30, 0x31, 0x31, 0x39, 0x3B, 0x3C, 0x3C, 0x7A, 0x7A, 0x6C, 0x7E, 
    0x3D, 0x3D, 0x6C, 0x6C, 0x7A, 0x7A, 0x7E, 0x7A, 0x5B, 0x7B, 0x5E, 0x79, 0x7A, 0x79, 0x7E, 0x5B, 
    0x79, 0x7A, 0x3D, 0x9C, 0x53, 0x00, 0xB4, 0xCE, 0xBA, 0xCE, 0xD5, 0xD4, 0xD4, 0xD2, 0xCC, 0xBC, 
    0x45, 0x22, 0x32, 0x3A, 0x39, 0x3C, 0x3A, 0x39, 0x3C, 0x31, 0x3C, 0x3C, 0x3D, 0x3A, 0x3C, 0x3D, 
    0x3C, 0x3D, 0x3A, 0x3C, 0x3A, 0x3C, 0x3C, 0x3A, 0x3C, 0x3A, 0x3C, 0x3A, 0x29, 0x0B, 0x3C, 0x3D, 
    0x7A, 0x6B, 0x6C, 0x6C, 0x7A, 0x7B, 0x79, 0x7A, 0x79, 0x7F, 0x7B, 0x7F, 0x79, 0x7F, 0x7F, 0x7F, 
    0x81, 0x7F, 0x7F, 0x83, 0x81, 0x7F, 0x7F, 0x7F, 0x81, 0x7F, 0x7F, 0x81, 0x7F, 0x7F, 0x32, 0x81, 
    0x3D, 0x28, 0x42, 0x19, 0x4D, 0xAC, 0xB9, 0xCD, 0xD3, 0xDA, 0xD9, 0xDA, 0xD8, 0xDB, 0xD8, 0xDA, 
    0xDB, 0xDA, 0xD8, 0xD6, 0xD4, 0xCB, 0xB8, 0xAC, 0xB4, 0xAD, 0x4F, 0x16, 0x00, 0x00, 0x06, 0x07, 
    0x07, 0x00, 0x00, 0x07, 0x00, 0x01, 0x5F, 0xC2, 0xC5, 0xC2, 0xB0, 0xC2, 0xC1, 0xC2, 0xC2, 0xC2, 
    0xC5, 0xC2, 0xC5, 0xC2, 0xB0, 0xB0, 0xC5, 0xE7, 0xC2, 0xB0, 0x61, 0xC2, 0xC5, 0xC5, 0xC2, 0xC2, 
    0xC2, 0xC2, 0xC5, 0xC5, 0xC5, 0xC2, 0xC2, 0xC2, 0xC5, 0xC7, 0xC7, 0xD0, 0xD0, 0xE1, 0xCF, 0xC4, 
    0xC1, 0xC1, 0xC4, 0xC4, 0xC1, 0xC1, 0xAE, 0x47, 0x1B, 0x1B, 0x1B, 0x1B, 0x19, 0x1B, 0x1B, 0x1B, 
    0x1D, 0x1B, 0x1B, 0x1B, 0x1B, 0x1E, 0x1B, 0x1D, 0x1B, 0x42, 0x1B, 0x1E, 0x1E, 0x1E, 0x1E, 0x42, 
    0x44, 0x53, 0xB0, 0x60, 0x59, 0x6C, 0x79, 0x7F, 0x7A, 0x7F, 0x7A, 0x7B, 0x79, 0x6C, 0x7A, 0x6B, 
    0x3C, 0x3C, 0x3C, 0x6A, 0x3C, 0x3A, 0x2F, 0x21, 0x32, 0x3B, 0x32, 0x29, 0x61, 0x48, 0x41, 0x1A, 
    0x1A, 0x2C, 0x32, 0x3A, 0x39, 0x31, 0x3B, 0x6A, 0x32, 0x6C, 0x6B, 0x3C, 0x7A, 0x7A, 0x7B, 0x7A, 
    0x3D, 0x3D, 0x6C, 0x6C, 0x6C, 0x7A, 0x6C, 0x7A, 0x7A, 0x5B, 0x7E, 0x79, 0x5B, 0x7A, 0x7A, 0x5B, 
    0x7E, 0x5B, 0x6C, 0x80, 0xB1, 0x0E, 0x00, 0x4E, 0x8E, 0xCD, 0xD4, 0xD2, 0xD5, 0xD1, 0xD1, 0xCC, 
    0x4E, 0x0A, 0x39, 0x39, 0x3A, 0x3C, 0x3A, 0x39, 0x3A, 0x3B, 0x3A, 0x3B, 0x3D, 0x3C, 0x3C, 0x6B, 
    0x3A, 0x3C, 0x3A, 0x3A, 0x3A, 0x3C, 0x6A, 0x31, 0x31, 0x3A, 0x3A, 0x30, 0x09, 0x21, 0x3D, 0x3C, 
    0x6C, 0x6A, 0x6F, 0x6C, 0x6C, 0x7A, 0x7A, 0x7E, 0x7E, 0x7E, 0x7E, 0x7E, 0x7E, 0x7E, 0x7F, 0x81, 
    0x7F, 0x7E, 0x81, 0x7F, 0x7F, 0x7E, 0x7F, 0x7F, 0x7F, 0x7F, 0x7F, 0x7F, 0x7F, 0x7F, 0x7A, 0x5A, 
    0x3B, 0x42, 0x34, 0x47, 0x4C, 0xAC, 0xB9, 0xCC, 0xD2, 0xD4, 0xD5, 0xD8, 0xD9, 0xD9, 0xD9, 0xD8, 
    0xD9, 0xD8, 0xD9, 0xD4, 0xD2, 0xCA, 0xB4, 0xAB, 0x4B, 0x12, 0x04, 0x00, 0x02, 0x03, 0x03, 0x00, 
    0x00, 0x1E, 0x18, 0x00, 0x03, 0x02, 0x15, 0x47, 0x61, 0xAF, 0x61, 0x4D, 0x43, 0x40, 0x13, 0x12, 
    0x05, 0x04, 0x05, 0x05, 0x17, 0x13, 0x00, 0x00, 0x00, 0x04, 0x13, 0x04, 0x00, 0x05, 0x13, 0x15, 
    0x15, 0x1B, 0x1B, 0x40, 0x40, 0x47, 0x56, 0x4D, 0x56, 0x56, 0x56, 0x56, 0x4A, 0x61, 0x5F, 0x47, 
    0x4D, 0x47, 0x61, 0x61, 0x61, 0x61, 0x56, 0x1D, 0x1B, 0x1B, 0x19, 0x1B, 0x1D, 0x1B, 0x1D, 0x1D, 
    0x1D, 0x1B, 0x19, 0x1D, 0x1D, 0x1D, 0x1D, 0x1D, 0x1E, 0x1D, 0x1E, 0x41, 0x1E, 0x1E, 0x42, 0x1E, 
    0x48, 0x42, 0xE2, 0x62, 0x38, 0x7A, 0x7E, 0x7E, 0x7E, 0x7E, 0x7F, 0x7A, 0x7E, 0x6C, 0x6C, 0x3D, 
    0x3C, 0x6B, 0x3A, 0x3C, 0x3A, 0x3C, 0x22, 0x2E, 0x39, 0x30, 0x1E, 0x47, 0x61, 0x41, 0x41, 0x47, 
    0x47, 0x1B, 0x21, 0x32, 0x39, 0x39, 0x3A, 0x3B, 0x3D, 0x6C, 0x6C, 0x5B, 0x6C, 0x5B, 0x7A, 0x7A, 
    0x6B, 0x5B, 0x6C, 0x6C, 0x5B, 0x7E, 0x7A, 0x5B, 0x7A, 0x7A, 0x5E, 0x7E, 0x3D, 0x5B, 0x7A, 0x6C, 
    0x5B, 0x6F, 0x7A, 0x3D, 0x87, 0xB1, 0x19, 0x1D, 0xB6, 0xCD, 0xD2, 0xD4, 0xD5, 0xD2, 0xD4, 0xD1, 
    0xB9, 0x0D, 0x2B, 0x3A, 0x3B, 0x3C, 0x3B, 0x3A, 0x3B, 0x3A, 0x3B, 0x3A, 0x3C, 0x3C, 0x3D, 0x3C, 
    0x3A, 0x3A, 0x3C, 0x6A, 0x3C, 0x3A, 0x31, 0x31, 0x25, 0x30, 0x30, 0x30, 0x00, 0x2C, 0x3C, 0x6A, 
    0x6B, 0x6B, 0x6C, 0x6F, 0x7A, 0x6F, 0x7A, 0x7B, 0x7E, 0x7F, 0x7B, 0x7E, 0x80, 0x7F, 0x80, 0x7F, 
    0x79, 0x7F, 0x7E, 0x7F, 0x7F, 0x81, 0x7F, 0x7F, 0x7F, 0x81, 0x81, 0x7B, 0x81, 0x7E, 0x81, 0x3B, 
    0x1D, 0x5F, 0x56, 0x4D, 0x4F, 0xAB, 0xB9, 0xB8, 0xCB, 0xCE, 0xD4, 0xD8, 0xD4, 0xDA, 0xD8, 0xDA, 
    0xD4, 0xD4, 0xD4, 0xCD, 0xCB, 0xB4, 0x4B, 0x17, 0x00, 0x00, 0x06, 0x07, 0x06, 0x00, 0x00, 0x5A, 
    0xE5, 0xEF, 0xE6, 0x5A, 0x00, 0x07, 0x00, 0x00, 0x40, 0x55, 0x40, 0x1E, 0x41, 0x42, 0x40, 0x42, 
    0x42, 0x40, 0x41, 0x1E, 0x41, 0x1E, 0x41, 0x42, 0x42, 0x1E, 0x42, 0x1E, 0x40, 0x42, 0x40, 0x1E, 
    0x40, 0x1D, 0x41, 0x41, 0x1B, 0x1B, 0x1B, 0x17, 0x16, 0x1B, 0x16, 0x17, 0x16, 0x17, 0x17, 0x1B, 
    0x1D, 0x1B, 0x16, 0x19, 0x16, 0x1D, 0x16, 0x19, 0x1B, 0x1B, 0x1B, 0x1B, 0x1B, 0x1D, 0x1D, 0x1D, 
    0x1B, 0x1B, 0x1B, 0x1D, 0x1B, 0x1D, 0x1B, 0x1E, 0x41, 0x1E, 0x1E, 0x1E, 0x1E, 0x1E, 0x1E, 0x44, 
    0x42, 0x18, 0x53, 0x5A, 0x5B, 0x6F, 0x79, 0x7F, 0x7E, 0x7F, 0x7F, 0x7F, 0x7A, 0x7B, 0x7A, 0x6F, 
    0x3C, 0x6B, 0x3C, 0x3C, 0x3C, 0x31, 0x2C, 0x3C, 0x32, 0x2D, 0x46, 0x46, 0x3F, 0x17, 0x3F, 0x3E, 
    0x40, 0x4A, 0x46, 0x1D, 0x21, 0x32, 0x3B, 0x3C, 0x3C, 0x6C, 0x3C, 0x6B, 0x7A, 0x7A, 0x7A, 0x6C, 
    0x3D, 0x3C, 0x6C, 0x5B, 0x7A, 0x7A, 0x7A, 0x7A, 0x7E, 0x7E, 0x5B, 0x79, 0x7A, 0x5B, 0x6C, 0x3D, 
    0x6C, 0x5B, 0x3D, 0x5B, 0x3D, 0xE3, 0x62, 0x00, 0x4C, 0xBE, 0xD2, 0xD4, 0xD6, 0xD4, 0xD4, 0xD4, 
    0xCD, 0x4F, 0x0A, 0x3B, 0x3A, 0x3C, 0x3C, 0x3A, 0x3A, 0x3B, 0x3A, 0x3A, 0x3C, 0x3D, 0x6B, 0x3A, 
    0x3A, 0x3A, 0x3A, 0x3A, 0x3A, 0x30, 0x3A, 0x30, 0x30, 0x2A, 0x31, 0x21, 0x00, 0x2A, 0x3A, 0x6A, 
    0x6B, 0x6C, 0x3D, 0x6C, 0x6C, 0x7A, 0x7E, 0x7A, 0x7F, 0x7E, 0x7E, 0x80, 0x81, 0x7A, 0x7E, 0x7E, 
    0x7F, 0x7F, 0x7F, 0x7F, 0x7F, 0x7F, 0x7F, 0x81, 0x7F, 0x81, 0x7B, 0x81, 0x7F, 0x80, 0x7B, 0x2E, 
    0x18, 0x53, 0x47, 0xAB, 0x4F, 0xAB, 0xB4, 0xB8, 0xBC, 0xCA, 0xCD, 0xCE, 0xCE, 0xD4, 0xCE, 0xCE, 
    0xCE, 0xBE, 0xCE, 0xBB, 0xAD, 0x16, 0x00, 0x00, 0x06, 0x05, 0x03, 0x00, 0x00, 0x54, 0xE5, 0xEF, 
    0xE6, 0x8C, 0x88, 0xE6, 0x52, 0x00, 0x07, 0x04, 0x07, 0x19, 0x1D, 0x40, 0x42, 0x41, 0x1E, 0x41, 
    0x42, 0x1D, 0x1D, 0x1D, 0x41, 0x1D, 0x1E, 0x1D, 0x1E, 0x41, 0x1E, 0x1D, 0x1E, 0x1D, 0x1C, 0x1D, 
    0x1C, 0x1D, 0x1C, 0x1D, 0x1D, 0x1D, 0x1D, 0x1D, 0x1D, 0x1B, 0x1B, 0x1D, 0x1D, 0x1B, 0x1D, 0x16, 
    0x1D, 0x1B, 0x1D, 0x1B, 0x1D, 0x1B, 0x1D, 0x1B, 0x1D, 0x16, 0x18, 0x1B, 0x1D, 0x1D, 0x34, 0x1B, 
    0x1B, 0x1B, 0x1D, 0x1B, 0x1D, 0x1B, 0x1D, 0x1D, 0x1E, 0x1D, 0x1E, 0x1E, 0x1E, 0x1D, 0x1D, 0x42, 
    0x1D, 0x34, 0x36, 0x3B, 0x7A, 0x7A, 0x7E, 0x7E, 0x81, 0x7F, 0x7B, 0x7F, 0x7B, 0x7E, 0x7A, 0x6C, 
    0x6C, 0x3C, 0x6A, 0x3D, 0x3C, 0x32, 0x3B, 0x32, 0x2D, 0x3E, 0x3F, 0x3F, 0x3F, 0x3F, 0x16, 0x3F, 
    0x3F, 0x45, 0x46, 0x51, 0x4A, 0x13, 0x20, 0x3B, 0x5B, 0x3C, 0x7A, 0x5B, 0x6D, 0x7A, 0x6F, 0x7A, 
    0x3D, 0x3C, 0x3C, 0x6C, 0x6C, 0x3D, 0x5B, 0x7A, 0x79, 0x7E, 0x5B, 0x7A, 0x5B, 0x5B, 0x5B, 0x6C, 
    0x3D, 0x3D, 0x38, 0x3D, 0x3B, 0x5B, 0x60, 0x48, 0x00, 0x8F, 0xCD, 0xD2, 0xD4, 0xD4, 0xD4, 0xD2, 
    0xCB, 0xB2, 0x00, 0x39, 0x39, 0x3C, 0x3C, 0x3C, 0x3A, 0x3B, 0x3C, 0x3C, 0x3C, 0x3C, 0x3C, 0x3C, 
    0x3C, 0x3A, 0x3A, 0x3A, 0x31, 0x31, 0x25, 0x30, 0x2F, 0x24, 0x2A, 0x09, 0x00, 0x30, 0x31, 0x3A, 
    0x3A, 0x6D, 0x6C, 0x6C, 0x6C, 0x7B, 0x7A, 0x7F, 0x79, 0x7F, 0x80, 0x7E, 0x7A, 0x7B, 0x79, 0x7B, 
    0x7F, 0x7F, 0x7E, 0x7F, 0x7F, 0x7B, 0x81, 0x7B, 0x81, 0x7F, 0x80, 0x7B, 0x81, 0x7F, 0x3C, 0x0B, 
    0x13, 0x1D, 0x4D, 0x50, 0xAB, 0xAC, 0xAB, 0xB4, 0xB4, 0xB8, 0xBB, 0xCA, 0xBB, 0xBB, 0xB4, 0xB4, 
    0xB5, 0xB5, 0xAD, 0x16, 0x00, 0x00, 0x04, 0x07, 0x07, 0x00, 0x00, 0x37, 0xE5, 0xEC, 0xEB, 0x8C, 
    0x3D, 0x6C, 0x3D, 0x7D, 0xE5, 0x2D, 0x00, 0x03, 0x04, 0x19, 0x1B, 0x1D, 0x41, 0x42, 0x1B, 0x1E, 
    0x1B, 0x1E, 0x40, 0x1E, 0x1D, 0x1E, 0x41, 0x1E, 0x41, 0x1E, 0x40, 0x1C, 0x1D, 0x42, 0x1B, 0x1E, 
    0x41, 0x1D, 0x40, 0x1E, 0x1B, 0x42, 0x1B, 0x1D, 0x1D, 0x1D, 0x1B, 0x41, 0x1B, 0x1B, 0x1B, 0x1B, 
    0x1B, 0x1B, 0x1B, 0x1B, 0x1B, 0x1B, 0x1B, 0x18, 0x1B, 0x1B, 0x1B, 0x1D, 0x40, 0x1D, 0x1D, 0x1B, 
    0x1B, 0x1E, 0x1D, 0x1B, 0x1D, 0x1C, 0x1E, 0x1E, 0x1E, 0x1E, 0x1E, 0x1E, 0x1E, 0x1E, 0x42, 0x1E, 
    0x19, 0x44, 0x54, 0x3D, 0x79, 0x7E, 0x80, 0x81, 0x81, 0x7F, 0x80, 0x7F, 0x7B, 0x7F, 0x7B, 0x7A, 
    0x7B, 0x6C, 0x6B, 0x6B, 0x3C, 0x3A, 0x32, 0x2D, 0x16, 0x3F, 0x46, 0x46, 0x3F, 0x3F, 0x3F, 0x46, 
    0x45, 0x50, 0xB3, 0xB3, 0xB2, 0xAE, 0x46, 0x0C, 0x2C, 0x6B, 0x5B, 0x6D, 0x7A, 0x7A, 0x7A, 0x7A, 
    0x3D, 0x3C, 0x3D, 0x3C, 0x3D, 0x3D, 0x6C, 0x5B, 0x6C, 0x5B, 0x7E, 0x5B, 0x3D, 0x3C, 0x3D, 0x3C, 
    0x38, 0x3B, 0x3C, 0x3B, 0x3B, 0x37, 0x5C, 0xC2, 0x1E, 0x00, 0xBB, 0xCD, 0xD2, 0xD4, 0xD6, 0xD1, 
    0xD2, 0xBC, 0x33, 0x11, 0x3C, 0x3B, 0x38, 0x3A, 0x3A, 0x3B, 0x3A, 0x3C, 0x3D, 0x3C, 0x3A, 0x3A, 
    0x3A, 0x3A, 0x31, 0x39, 0x30, 0x30, 0x25, 0x30, 0x25, 0x2A, 0x20, 0x00, 0x0A, 0x30, 0x3A, 0x30, 
    0x3A, 0x3C, 0x6C, 0x6C, 0x6C, 0x7A, 0x6F, 0x7E, 0x7E, 0x7A, 0x7A, 0x79, 0x7E, 0x7E, 0x7E, 0x7E, 
    0x7F, 0x79, 0x7B, 0x7E, 0x7F, 0x7F, 0x81, 0x7B, 0x81, 0x7F, 0x7F, 0x7E, 0x7F, 0x7A, 0x21, 0x12, 
    0x19, 0x3F, 0x4C, 0xAB, 0x4F, 0xAC, 0x4F, 0xAC, 0xAC, 0xAC, 0xAC, 0xB4, 0xAC, 0xAB, 0xAD, 0xB5, 
    0x4D, 0x3F, 0x00, 0x00, 0x02, 0x06, 0x09, 0x00, 0x00, 0x2B, 0x9F, 0xED, 0xED, 0x9B, 0x3D, 0x3D, 
    0x7E, 0x7E, 0x7E, 0x3D, 0x82, 0xE5, 0x07, 0x00, 0x03, 0x00, 0x19, 0x1D, 0x1D, 0x1D, 0x1D, 0x1D, 
    0x41, 0x1D, 0x1D, 0x1D, 0x1D, 0x1D, 0x42, 0x1D, 0x1E, 0x1D, 0x1E, 0x1D, 0x41, 0x1D, 0x1D, 0x1D, 
    0x1D, 0x1D, 0x1B, 0x1D, 0x1B, 0x1D, 0x1D, 0x1D, 0x1D, 0x1B, 0x1D, 0x1D, 0x1B, 0x1B, 0x1D, 0x1B, 
    0x19, 0x16, 0x1D, 0x16, 0x1D, 0x1B, 0x1D, 0x16, 0x19, 0x1B, 0x18, 0x1D, 0x1E, 0x1D, 0x1D, 0x1D, 
    0x1D, 0x1D, 0x1D, 0x1B, 0x1D, 0x1D, 0x1E, 0x1D, 0x1E, 0x1D, 0x1E, 0x1D, 0x1E, 0x1D, 0x1E, 0x1D, 
    0x18, 0x17, 0x5A, 0x5B, 0x7E, 0x7E, 0x7F, 0x80, 0x7F, 0x81, 0x6F, 0x80, 0x7B, 0x7F, 0x7F, 0x7E, 
    0x6D, 0x5B, 0x6D, 0x3C, 0x3C, 0x3D, 0x2B, 0x3E, 0x45, 0x4F, 0xAD, 0xAD, 0x4C, 0x3F, 0x45, 0x45, 
    0xAD, 0xBC, 0xBF, 0xCC, 0xC8, 0xCC, 0xBC, 0x8F, 0x47, 0x21, 0x39, 0x5B, 0x6C, 0x6C, 0x6C, 0x6C, 
    0x3C, 0x3C, 0x3D, 0x3D, 0x38, 0x3D, 0x5B, 0x7A, 0x5B, 0x7A, 0x6C, 0x7A, 0x5B, 0x5B, 0x3C, 0x3D, 
    0x3C, 0x3B, 0x3B, 0x3B, 0x3B, 0x54, 0x1B, 0x56, 0x62, 0x01, 0x3E, 0xC0, 0xCD, 0xD2, 0xD4, 0xD4, 
    0xD4, 0xBF, 0x8E, 0x10, 0x2E, 0x3C, 0x38, 0x3C, 0x3C, 0x39, 0x3A, 0x3C, 0x3D, 0x3A, 0x3A, 0x3A, 
    0x31, 0x31, 0x31, 0x25, 0x30, 0x25, 0x25, 0x25, 0x2A, 0x22, 0x27, 0x00, 0x11, 0x30, 0x30, 0x31, 
    0x31, 0x3A, 0x3C, 0x6C, 0x7A, 0x6C, 0x7B, 0x6C, 0x7A, 0x7A, 0x7A, 0x7E, 0x7B, 0x7E, 0x7A, 0x7F, 
    0x7E, 0x6D, 0x7E, 0x7B, 0x7F, 0x7E, 0x7B, 0x7F, 0x7B, 0x7D, 0x7B, 0x7F, 0x79, 0x2C, 0x04, 0x19, 
    0x1C, 0x46, 0x4B, 0x4B, 0x4F, 0xAC, 0xAB, 0xAB, 0xAC, 0xAC, 0xAB, 0xAC, 0xAC, 0xAC, 0x50, 0x46, 
    0x00, 0x00, 0x02, 0x07, 0x07, 0x00, 0x00, 0x09, 0x9B, 0xF0, 0xE6, 0x9E, 0x5B, 0x3D, 0x7E, 0x6F, 
    0x79, 0x7F, 0x7A, 0x80, 0x3D, 0x9F, 0xE3, 0x00, 0x01, 0x03, 0x00, 0x15, 0x1B, 0x42, 0x1D, 0x1D, 
    0x1D, 0x1E, 0x1D, 0x1E, 0x41, 0x1E, 0x41, 0x1C, 0x40, 0x42, 0x1E, 0x1E, 0x1E, 0x1C, 0x41, 0x1C, 
    0x40, 0x1E, 0x1D, 0x1E, 0x1D, 0x1D, 0x1D, 0x1D, 0x41, 0x1D, 0x1B, 0x41, 0x16, 0x1D, 0x16, 0x1B, 
    0x1D, 0x1B, 0x1B, 0x18, 0x17, 0x18, 0x19, 0x1B, 0x1B, 0x1B, 0x1D, 0x1E, 0x1B, 0x1B, 0x1B, 0x1D, 
    0x1B, 0x1D, 0x1B, 0x1D, 0x1D, 0x1E, 0x1D, 0x42, 0x1E, 0x1E, 0x1E, 0x1E, 0x1D, 0x1D, 0x42, 0x57, 
    0x2D, 0x1A, 0x59, 0x7E, 0x79, 0x7E, 0x80, 0x7D, 0x81, 0x7F, 0x7F, 0x7F, 0x7F, 0x7F, 0x7B, 0x7F, 
    0x7F, 0x6C, 0x7A, 0x7B, 0x3D, 0x2B, 0x40, 0x50, 0xB9, 0xBA, 0xBE, 0xBA, 0xB3, 0x4E, 0x46, 0x4E, 
    0xBE, 0xCD, 0xD2, 0xD2, 0xD4, 0xD2, 0xD4, 0xC8, 0xC0, 0x8F, 0x47, 0x2C, 0x3C, 0x7A, 0x7A, 0x6C, 
    0x3B, 0x3B, 0x3C, 0x3C, 0x5B, 0x3C, 0x3C, 0x38, 0x3D, 0x5B, 0x3D, 0x3D, 0x6C, 0x3D, 0x3C, 0x3C, 
    0x3C, 0x3B, 0x32, 0x3B, 0x37, 0x1E, 0x18, 0x17, 0x5F, 0x61, 0x00, 0x4C, 0xBF, 0xCD, 0xD2, 0xD4, 
    0xD2, 0xCB, 0xB5, 0x33, 0x0F, 0x3B, 0x3C, 0x3C, 0x3C, 0x3A, 0x3C, 0x3C, 0x3C, 0x3C, 0x6A, 0x3A, 
    0x3A, 0x31, 0x26, 0x25, 0x25, 0x30, 0x30, 0x29, 0x22, 0x2A, 0x21, 0x00, 0x21, 0x30, 0x30, 0x30, 
    0x3A, 0x3A, 0x3A, 0x3C, 0x6C, 0x7A, 0x7A, 0x7A, 0x7E, 0x7E, 0x7E, 0x7A, 0x6F, 0x79, 0x7E, 0x6F, 
    0x7A, 0x7B, 0x7B, 0x7A, 0x7F, 0x7F, 0x7B, 0x7F, 0x7F, 0x7F, 0x7B, 0x7E, 0x3C, 0x01, 0x07, 0x17, 
    0x3F, 0x4C, 0x50, 0xAB, 0x50, 0xAB, 0xAC, 0xAB, 0x4E, 0xAB, 0xAC, 0xAC, 0x4C, 0x46, 0x01, 0x00, 
    0x01, 0x04, 0x03, 0x00, 0x00, 0x01, 0x87, 0xED, 0xED, 0x9C, 0x6C, 0x7A, 0x6F, 0x79, 0x7A, 0x5B, 
    0x7E, 0x7E, 0x7F, 0x7E, 0x7F, 0x7A, 0x9F, 0x89, 0x00, 0x05, 0x01, 0x00, 0x0B, 0x1B, 0x1C, 0x41, 
    0x1D, 0x1D, 0x1C, 0x41, 0x1E, 0x41, 0x1E, 0x41, 0x1E, 0x42, 0x1E, 0x42, 0x1E, 0x40, 0x1E, 0x42, 
    0x1E, 0x41, 0x1E, 0x1D, 0x41, 0x1B, 0x41, 0x41, 0x1D, 0x1D, 0x41, 0x1B, 0x1D, 0x1B, 0x18, 0x1B, 
    0x19, 0x19, 0x1B, 0x19, 0x1B, 0x1B, 0x1B, 0x1B, 0x1B, 0x1C, 0x1D, 0x1B, 0x1D, 0x1D, 0x1D, 0x1C, 
    0x1D, 0x1B, 0x1E, 0x1B, 0x1E, 0x1D, 0x1E, 0x1D, 0x1E, 0x41, 0x1E, 0x41, 0x1C, 0x1D, 0x53, 0x44, 
    0x1A, 0x37, 0x7A, 0x7E, 0x7F, 0x7E, 0x7F, 0x81, 0x7F, 0x81, 0x81, 0x7F, 0x7B, 0x7F, 0x7F, 0x7F, 
    0x7B, 0x7F, 0x7E, 0x7A, 0x37, 0x4D, 0x51, 0xB9, 0xBF, 0xCD, 0xC9, 0xCC, 0xBE, 0xAD, 0x4C, 0xB3, 
    0xD2, 0xD3, 0xD4, 0xD1, 0xD5, 0xD5, 0xD1, 0xD5, 0xD2, 0xD2, 0xBA, 0x4C, 0x1A, 0x32, 0x6C, 0x5B, 
    0x32, 0x3B, 0x32, 0x3C, 0x3B, 0x3D, 0x3C, 0x3C, 0x3C, 0x3C, 0x5B, 0x6B, 0x5B, 0x3C, 0x3C, 0x3B, 
    0x39, 0x3B, 0x32, 0x39, 0x2D, 0x1B, 0x1B, 0x1B, 0x13, 0x62, 0x5F, 0x00, 0x50, 0xBF, 0xCB, 0xD2, 
    0xD2, 0xCD, 0xC0, 0x4E, 0x01, 0x3B, 0x3A, 0x3C, 0x3C, 0x3C, 0x6B, 0x6B, 0x3A, 0x6B, 0x3C, 0x3A, 
    0x31, 0x31, 0x30, 0x26, 0x30, 0x24, 0x2A, 0x22, 0x2C, 0x22, 0x1F, 0x00, 0x2A, 0x30, 0x24, 0x30, 
    0x2F, 0x39, 0x31, 0x31, 0x6B, 0x7B, 0x7A, 0x7F, 0x7B, 0x7B, 0x7A, 0x7E, 0x7A, 0x7B, 0x79, 0x7A, 
    0x7A, 0x6D, 0x79, 0x6F, 0x7A, 0x7F, 0x7B, 0x6F, 0x7B, 0x7E, 0x7B, 0x6C, 0x0C, 0x03, 0x15, 0x1C, 
    0x46, 0x4B, 0x4B, 0x4C, 0xAB, 0x50, 0xAC, 0x4F, 0xAB, 0x50, 0x4C, 0x46, 0x01, 0x00, 0x00, 0x07, 
    0x07, 0x00, 0x00, 0x01, 0x86, 0xEC, 0xEF, 0x9D, 0x7E, 0x6C, 0x79, 0x7E, 0x7E, 0x79, 0x7E, 0x7E, 
    0x79, 0x7F, 0x81, 0x7B, 0x81, 0x7F, 0x79, 0x9F, 0x5C, 0x00, 0x07, 0x01, 0x01, 0x07, 0x19, 0x1C, 
    0x40, 0x1E, 0x42, 0x1C, 0x42, 0x1E, 0x40, 0x1E, 0x42, 0x1C, 0x40, 0x1E, 0x42, 0x1E, 0x42, 0x1E, 
    0x40, 0x1E, 0x42, 0x1C, 0x42, 0x42, 0x41, 0x1C, 0x40, 0x1E, 0x1C, 0x1E, 0x1B, 0x1B, 0x1B, 0x1B, 
    0x1B, 0x1D, 0x1B, 0x1B, 0x1B, 0x1B, 0x1B, 0x1D, 0x19, 0x1B, 0x1B, 0x1D, 0x1B, 0x1E, 0x1B, 0x1E, 
    0x1D, 0x1C, 0x1B, 0x1E, 0x1E, 0x1E, 0x1E, 0x1E, 0x1E, 0x1E, 0x1D, 0x1E, 0x1E, 0x1E, 0x17, 0x1A, 
    0x2D, 0x38, 0x79, 0x7F, 0x81, 0x81, 0x82, 0x7F, 0x81, 0x81, 0x83, 0x7F, 0x7F, 0x7F, 0x7F, 0x7F, 
    0x7A, 0x7F, 0x79, 0x2C, 0x51, 0x4D, 0x4F, 0xBC, 0xCD, 0xD2, 0xD4, 0xD2, 0xCB, 0xBA, 0x4C, 0xB9, 
    0xCC, 0xD4, 0xD8, 0xD5, 0xD9, 0xD7, 0xD8, 0xD5, 0xD5, 0xD2, 0xD2, 0xB5, 0x46, 0x47, 0x2B, 0x3A, 
    0x0A, 0x1F, 0x25, 0x32, 0x39, 0x32, 0x3C, 0x59, 0x3D, 0x3C, 0x3C, 0x59, 0x3D, 0x3C, 0x3B, 0x3B, 
    0x39, 0x32, 0x39, 0x2D, 0x1E, 0x1B, 0x1D, 0x1D, 0x1D, 0x1B, 0x61, 0x1E, 0x00, 0xAD, 0xC9, 0xCD, 
    0xD2, 0xCC, 0xBF, 0xB2, 0x0D, 0x29, 0x39, 0x38, 0x3D, 0x3C, 0x3C, 0x3C, 0x3C, 0x6B, 0x3A, 0x3A, 
    0x31, 0x25, 0x26, 0x30, 0x25, 0x22, 0x20, 0x21, 0x22, 0x29, 0x11, 0x01, 0x20, 0x2C, 0x25, 0x2C, 
    0x30, 0x39, 0x35, 0x3A, 0x6D, 0x7A, 0x6D, 0x7A, 0x6F, 0x7A, 0x7E, 0x7B, 0x6F, 0x7A, 0x7E, 0x6D, 
    0x6C, 0x6C, 0x7E, 0x7A, 0x6D, 0x7A, 0x6F, 0x7A, 0x7F, 0x7A, 0x6C, 0x21, 0x01, 0x19, 0x1E, 0x41, 
    0x4C, 0x4B, 0x50, 0x50, 0x50, 0x4F, 0xAB, 0x4F, 0x4C, 0x3F, 0x00, 0x00, 0x00, 0x04, 0x03, 0x04, 
    0x00, 0x00, 0x80, 0xE6, 0xF0, 0xE5, 0x5B, 0x38, 0x6F, 0x80, 0x7E, 0x79, 0x7E, 0x5E, 0x7E, 0x7E, 
    0x81, 0x7E, 0x81, 0x81, 0x7D, 0x80, 0x7F, 0x80, 0x9C, 0x53, 0x00, 0x05, 0x02, 0x04, 0x03, 0x15, 
    0x1E, 0x41, 0x1E, 0x42, 0x41, 0x42, 0x1E, 0x42, 0x1E, 0x1D, 0x1E, 0x42, 0x1E, 0x1C, 0x1E, 0x1D, 
    0x1E, 0x1D, 0x1C, 0x41, 0x1E, 0x41, 0x42, 0x41, 0x1C, 0x1D, 0x41, 0x1D, 0x1D, 0x1D, 0x1D, 0x1B, 
    0x1D, 0x19, 0x18, 0x16, 0x18, 0x1B, 0x19, 0x1B, 0x19, 0x1B, 0x18, 0x1D, 0x1B, 0x1C, 0x1D, 0x1B, 
    0x1C, 0x1D, 0x1E, 0x1D, 0x42, 0x1D, 0x1E, 0x1D, 0x34, 0x1D, 0x41, 0x1D, 0x1E, 0x1D, 0x00, 0x07, 
    0x38, 0x5B, 0x80, 0x7E, 0x81, 0x81, 0x7F, 0x82, 0x82, 0x81, 0x7F, 0x7D, 0x7F, 0x7F, 0x7B, 0x7E, 
    0x6F, 0x7B, 0x37, 0x16, 0x51, 0x45, 0xB3, 0xCC, 0xD1, 0xD4, 0xD5, 0xD4, 0xC8, 0xB9, 0x33, 0xB8, 
    0xD2, 0xD3, 0xD5, 0xD5, 0xD9, 0xD9, 0xD5, 0xD9, 0xD7, 0xD3, 0xD2, 0xBE, 0x49, 0x46, 0xAF, 0x61, 
    0x47, 0x5C, 0x1E, 0x20, 0x2C, 0x39, 0x32, 0x39, 0x3B, 0x3C, 0x3C, 0x3C, 0x3B, 0x3A, 0x32, 0x39, 
    0x32, 0x39, 0x32, 0x2D, 0x1B, 0x1D, 0x1D, 0x1D, 0x1D, 0x1C, 0x48, 0x62, 0x01, 0x0D, 0xB2, 0xCD, 
    0xCD, 0xD2, 0xCD, 0xB6, 0x49, 0x01, 0x32, 0x6B, 0x3C, 0x3C, 0x3D, 0x6B, 0x3C, 0x6A, 0x3A, 0x3A, 
    0x31, 0x26, 0x30, 0x25, 0x30, 0x25, 0x22, 0x21, 0x11, 0x0B, 0x03, 0x00, 0x1A, 0x21, 0x2A, 0x25, 
    0x2F, 0x31, 0x31, 0x6A, 0x6A, 0x7B, 0x7A, 0x7B, 0x79, 0x6F, 0x79, 0x7A, 0x6F, 0x7A, 0x79, 0x7B, 
    0x7A, 0x6D, 0x7A, 0x7F, 0x7A, 0x6F, 0x7A, 0x7A, 0x7B, 0x3D, 0x29, 0x09, 0x07, 0x18, 0x1D, 0x46, 
    0x50, 0x4C, 0x4B, 0x4B, 0x4B, 0x50, 0x4C, 0x3F, 0x00, 0x00, 0x00, 0x02, 0x05, 0x03, 0x00, 0x00, 
    0x5D, 0xE6, 0xF0, 0xE6, 0x81, 0x6C, 0x5B, 0x7A, 0x5B, 0x5B, 0x7E, 0x5B, 0x7B, 0x7F, 0x80, 0x7E, 
    0x81, 0x7F, 0x7F, 0x81, 0x81, 0x81, 0x81, 0x7F, 0x80, 0x9C, 0x1E, 0x01, 0x00, 0x03, 0x02, 0x02, 
    0x15, 0x1E, 0x42, 0x42, 0x42, 0x1E, 0x41, 0x1E, 0x42, 0x1E, 0x42, 0x1E, 0x40, 0x1E, 0x42, 0x1E, 
    0x42, 0x42, 0x42, 0x42, 0x42, 0x42, 0x41, 0x1E, 0x40, 0x1C, 0x1B, 0x41, 0x1B, 0x1B, 0x1B, 0x19, 
    0x1B, 0x1B, 0x19, 0x19, 0x1B, 0x1A, 0x1B, 0x1C, 0x1B, 0x1D, 0x1B, 0x1D, 0x1B, 0x1B, 0x1C, 0x18, 
    0x41, 0x1E, 0x1B, 0x1E, 0x1D, 0x1D, 0x1E, 0x41, 0x1D, 0x1E, 0x1D, 0x1E, 0x1D, 0x1E, 0x07, 0x10, 
    0x58, 0x7E, 0x7E, 0x7F, 0x81, 0x83, 0x81, 0x83, 0x83, 0x7F, 0x83, 0x7F, 0x83, 0x7F, 0x7B, 0x7B, 
    0x7E, 0x39, 0x3E, 0x1D, 0x3F, 0x46, 0xB3, 0xCD, 0xD4, 0xD2, 0xD4, 0xD1, 0xCC, 0xB3, 0x16, 0xAC, 
    0xCD, 0xD4, 0xD8, 0xD9, 0xDC, 0xD9, 0xD9, 0xD9, 0xD9, 0xD1, 0xD3, 0xBF, 0xAD, 0x3E, 0x45, 0xAF, 
    0x47, 0x51, 0x61, 0x48, 0x18, 0x2C, 0x39, 0x32, 0x39, 0x37, 0x3B, 0x3B, 0x3C, 0x3B, 0x39, 0x32, 
    0x30, 0x2C, 0x36, 0x1D, 0x1D, 0x1D, 0x1D, 0x1D, 0x18, 0x1D, 0x19, 0x5F, 0x61, 0x00, 0x3F, 0xBE, 
    0xCD, 0xCD, 0xCD, 0xBF, 0xB2, 0x12, 0x1A, 0x3B, 0x3D, 0x3C, 0x3C, 0x6B, 0x3A, 0x3C, 0x6A, 0x31, 
    0x31, 0x25, 0x26, 0x30, 0x25, 0x2A, 0x22, 0x0C, 0x00, 0x00, 0x00, 0x00, 0x00, 0x0C, 0x21, 0x2A, 
    0x2C, 0x2F, 0x31, 0x3A, 0x6B, 0x7B, 0x6C, 0x7A, 0x6F, 0x7A, 0x7A, 0x7A, 0x7B, 0x7A, 0x7A, 0x6F, 
    0x7E, 0x7A, 0x6F, 0x6C, 0x6C, 0x7A, 0x6C, 0x7A, 0x3C, 0x0C, 0x11, 0x0B, 0x18, 0x1E, 0x19, 0x4C, 
    0x4C, 0x4B, 0x4E, 0x4B, 0x4C, 0x3F, 0x00, 0x00, 0x00, 0x05, 0x03, 0x04, 0x00, 0x00, 0x38, 0xE4, 
    0xF0, 0xE6, 0x80, 0x3D, 0x6C, 0x7A, 0x7E, 0x7E, 0x7E, 0x7A, 0x7A, 0x7A, 0x7A, 0x7E, 0x7F, 0x80, 
    0x7F, 0x80, 0x81, 0x81, 0x81, 0x7D, 0x83, 0x7D, 0x7F, 0x87, 0x5D, 0x07, 0x09, 0x00, 0x03, 0x00, 
    0x03, 0x19, 0x1D, 0x42, 0x42, 0x41, 0x42, 0x42, 0x42, 0x42, 0x42, 0x42, 0x1E, 0x42, 0x34, 0x42, 
    0x1E, 0x42, 0x48, 0x42, 0x1E, 0x41, 0x42, 0x41, 0x42, 0x41, 0x1E, 0x40, 0x1D, 0x1B, 0x1B, 0x1B, 
    0x19, 0x1B, 0x19, 0x1B, 0x1B, 0x1B, 0x1B, 0x1B, 0x1D, 0x1B, 0x18, 0x1D, 0x18, 0x1D, 0x1E, 0x1D, 
    0x18, 0x1E, 0x1E, 0x41, 0x1E, 0x1D, 0x1C, 0x1D, 0x1C, 0x1D, 0x42, 0x1D, 0x1B, 0x44, 0x34, 0x54, 
    0x58, 0x7E, 0x80, 0x83, 0x7D, 0x83, 0x82, 0x83, 0x84, 0x81, 0x7F, 0x81, 0x7F, 0x7F, 0x7F, 0x79, 
    0x38, 0x3F, 0x1D, 0x3F, 0x34, 0x3F, 0x8E, 0xBE, 0xD2, 0xD3, 0xD2, 0xCC, 0xBC, 0x4B, 0x16, 0x45, 
    0xBD, 0xD4, 0xD8, 0xD9, 0xD9, 0xD9, 0xD9, 0xD7, 0xD5, 0xD5, 0xD2, 0xCD, 0xAD, 0x45, 0x33, 0x3E, 
    0x3E, 0x16, 0x16, 0x47, 0x3F, 0x1B, 0x1A, 0x2C, 0x32, 0x3C, 0x32, 0x3B, 0x32, 0x39, 0x32, 0x39, 
    0x32, 0x2C, 0x1B, 0x1B, 0x1B, 0x1B, 0x1B, 0x42, 0x1B, 0x1D, 0x1D, 0x1B, 0x62, 0x53, 0x00, 0x4E, 
    0xCD, 0xD2, 0xCD, 0xCD, 0xBE, 0x4E, 0x14, 0x3B, 0x3D, 0x3C, 0x3C, 0x6C, 0x3C, 0x6B, 0x3A, 0x3A, 
    0x31, 0x31, 0x2F, 0x25, 0x2F, 0x25, 0x29, 0x00, 0x00, 0x00, 0x00, 0x00, 0x00, 0x0C, 0x29, 0x2A, 
    0x2C, 0x39, 0x31, 0x6A, 0x6B, 0x6D, 0x7A, 0x7B, 0x7E, 0x6D, 0x7A, 0x7A, 0x7A, 0x7A, 0x7A, 0x7A, 
    0x7A, 0x7B, 0x7A, 0x6B, 0x7A, 0x6C, 0x7A, 0x30, 0x0A, 0x0F, 0x14, 0x0B, 0x1C, 0x54, 0x47, 0x4B, 
    0x4B, 0x51, 0x4D, 0x3F, 0x01, 0x00, 0x00, 0x00, 0x05, 0x01, 0x00, 0x00, 0x59, 0xE5, 0xF0, 0xE6, 
    0x85, 0x3D, 0x5B, 0x7E, 0x7E, 0x7A, 0x7A, 0x7A, 0x5E, 0x7E, 0x80, 0x7E, 0x7A, 0x7A, 0x79, 0x7B, 
    0x81, 0x81, 0x81, 0x82, 0x81, 0x81, 0x81, 0x81, 0x81, 0x7E, 0x86, 0x5A, 0x00, 0x07, 0x05, 0x01, 
    0x04, 0x01, 0x15, 0x1C, 0x42, 0x42, 0x1C, 0x44, 0x42, 0x42, 0x42, 0x34, 0x42, 0x42, 0x42, 0x1E, 
    0x42, 0x42, 0x42, 0x42, 0x42, 0x42, 0x42, 0x42, 0x42, 0x42, 0x1B, 0x42, 0x1C, 0x1B, 0x1D, 0x1B, 
    0x1B, 0x1B, 0x1B, 0x1B, 0x1B, 0x1B, 0x1B, 0x19, 0x1B, 0x19, 0x1B, 0x1D, 0x1B, 0x18, 0x1D, 0x1C, 
    0x42, 0x1E, 0x1B, 0x1C, 0x42, 0x1E, 0x1E, 0x1E, 0x1E, 0x1E, 0x1C, 0x18, 0x1E, 0x60, 0x52, 0x59, 
    0x7A, 0x7E, 0x81, 0x7F, 0x81, 0x83, 0x81, 0x83, 0x83, 0x83, 0x83, 0x81, 0x81, 0x7F, 0x7F, 0x3D, 
    0x4D, 0x47, 0x1D, 0x47, 0x4C, 0x40, 0x4B, 0xB2, 0xBE, 0xD2, 0xCB, 0xBE, 0xAC, 0x3E, 0x3E, 0x3F, 
    0xAC, 0xCD, 0xD4, 0xD5, 0xD8, 0xD9, 0xD8, 0xD9, 0xD9, 0xD4, 0xCB, 0xBF, 0xB3, 0x3E, 0x45, 0x4C, 
    0x3F, 0x3F, 0x3F, 0x16, 0x16, 0x3F, 0x16, 0x17, 0x18, 0x2B, 0x39, 0x3B, 0x39, 0x30, 0x39, 0x30, 
    0x39, 0x2D, 0x19, 0x1D, 0x18, 0x1B, 0x18, 0x1D, 0x1D, 0x1D, 0x1D, 0x1B, 0x1E, 0x5F, 0x07, 0x00, 
    0xB2, 0xCD, 0xC9, 0xD2, 0xD2, 0xB2, 0x16, 0x2C, 0x3B, 0x3C, 0x3D, 0x3D, 0x3A, 0x3D, 0x3A, 0x31, 
    0x3A, 0x30, 0x35, 0x25, 0x24, 0x22, 0x21, 0x00, 0x00, 0x00, 0x00, 0x00, 0x00, 0x09, 0x21, 0x22, 
    0x30, 0x25, 0x3A, 0x3A, 0x6B, 0x6D, 0x6C, 0x7B, 0x7E, 0x7A, 0x7A, 0x7B, 0x6D, 0x7A, 0x7A, 0x7A, 
    0x7B, 0x7A, 0x6C, 0x5B, 0x6D, 0x3C, 0x20, 0x09, 0x10, 0x0E, 0x10, 0x19, 0x52, 0x57, 0x47, 0x50, 
    0x4D, 0x3F, 0x00, 0x00, 0x00, 0x00, 0x03, 0x01, 0x00, 0x00, 0x38, 0x9F, 0xF0, 0xED, 0x9B, 0x3D, 
    0x7A, 0x80, 0x7E, 0x80, 0x7E, 0x5E, 0x7E, 0x7E, 0x7E, 0x7A, 0x7E, 0x80, 0x7F, 0x80, 0x7A, 0x7E, 
    0x7F, 0x80, 0x7F, 0x80, 0x82, 0x81, 0x7D, 0x81, 0x7D, 0x80, 0x85, 0xE3, 0x5E, 0x00, 0x00, 0x05, 
    0x03, 0x04, 0x03, 0x17, 0x34, 0x42, 0x1E, 0x42, 0x42, 0x42, 0x44, 0x42, 0x42, 0x42, 0x1E, 0x42, 
    0x42, 0x42, 0x42, 0x1E, 0x42, 0x42, 0x1E, 0x41, 0x1C, 0x1B, 0x1B, 0x1C, 0x1B, 0x1B, 0x1D, 0x1B, 
    0x19, 0x1B, 0x19, 0x19, 0x19, 0x1B, 0x19, 0x1B, 0x19, 0x1B, 0x1D, 0x18, 0x1D, 0x1B, 0x1D, 0x1D, 
    0x1E, 0x1B, 0x1D, 0x1D, 0x1D, 0x1D, 0x1B, 0x1D, 0x1E, 0x1D, 0x1D, 0x19, 0x34, 0x57, 0x59, 0x5B, 
    0x7E, 0x7F, 0x7F, 0x7F, 0x84, 0x83, 0x7D, 0x83, 0x7F, 0x7D, 0x82, 0x81, 0x7F, 0x7F, 0x38, 0x51, 
    0x4D, 0x46, 0x47, 0x45, 0x3E, 0x46, 0x46, 0x4C, 0x4F, 0xB3, 0xB4, 0x4B, 0x45, 0x4B, 0x4F, 0x45, 
    0x45, 0xB3, 0xD2, 0xD4, 0xD5, 0xD5, 0xD5, 0xD5, 0xD1, 0xD4, 0xBF, 0xB9, 0x4E, 0x3E, 0x3E, 0x4B, 
    0x46, 0x4B, 0x4F, 0x4F, 0x45, 0x16, 0x16, 0x0E, 0x16, 0x41, 0x19, 0x11, 0x2C, 0x2C, 0x39, 0x25, 
    0x36, 0x1B, 0x1B, 0x1B, 0x1B, 0x1B, 0x1B, 0x1D, 0x1D, 0x1D, 0x1B, 0x1D, 0x1D, 0x55, 0x56, 0x00, 
    0x16, 0xC0, 0xD2, 0xCD, 0xCE, 0xBF, 0x4C, 0x1A, 0x3B, 0x3C, 0x3D, 0x6C, 0x6B, 0x6B, 0x3C, 0x3A, 
    0x31, 0x31, 0x2F, 0x25, 0x2A, 0x24, 0x21, 0x00, 0x00, 0x00, 0x00, 0x00, 0x00, 0x0C, 0x27, 0x20, 
    0x30, 0x30, 0x31, 0x6A, 0x6B, 0x6D, 0x7B, 0x7B, 0x7A, 0x6D, 0x7A, 0x7A, 0x7A, 0x7B, 0x7A, 0x7A, 
    0x6C, 0x7A, 0x7A, 0x6C, 0x3B, 0x0C, 0x01, 0x0B, 0x07, 0x03, 0x04, 0x19, 0x53, 0x55, 0x1B, 0x19, 
    0x00, 0x00, 0x00, 0x01, 0x05, 0x00, 0x00, 0x00, 0x3B, 0x9D, 0xF4, 0xEF, 0x9F, 0x3D, 0x5B, 0x7E, 
    0x5E, 0x7E, 0x7A, 0x7E, 0x7E, 0x7E, 0x5B, 0x7E, 0x80, 0x7E, 0x7E, 0x7E, 0x7E, 0x7E, 0x80, 0x7A, 
    0x79, 0x7F, 0x81, 0x81, 0x81, 0x81, 0x81, 0x81, 0x81, 0x81, 0x80, 0x7D, 0xE5, 0x89, 0x07, 0x00, 
    0x07, 0x03, 0x02, 0x01, 0x19, 0x42, 0x42, 0x48, 0x42, 0x48, 0x48, 0x42, 0x42, 0x48, 0x42, 0x48, 
    0x42, 0x48, 0x42, 0x42, 0x42, 0x42, 0x42, 0x42, 0x40, 0x42, 0x40, 0x1E, 0x1B, 0x1D, 0x1D, 0x1B, 
    0x1B, 0x18, 0x1B, 0x1D, 0x1B, 0x1B, 0x1B, 0x1B, 0x1B, 0x1D, 0x1C, 0x1B, 0x1D, 0x1C, 0x1B, 0x1E, 
    0x1D, 0x1E, 0x1D, 0x1E, 0x1B, 0x1E, 0x1B, 0x1E, 0x1B, 0x1C, 0x1D, 0x18, 0x53, 0x52, 0x58, 0x7B, 
    0x7E, 0x83, 0x7F, 0x84, 0x7F, 0x83, 0x82, 0x83, 0x81, 0x83, 0x83, 0x7F, 0x81, 0x6C, 0x47, 0x51, 
    0x46, 0x4C, 0x4C, 0x46, 0x45, 0x3F, 0x3E, 0x46, 0x46, 0x45, 0x3E, 0x4C, 0xB9, 0xBC, 0xBD, 0xB9, 
    0x46, 0x4C, 0xB4, 0xCD, 0xD4, 0xD4, 0xD4, 0xD4, 0xD4, 0xBF, 0xB3, 0x4C, 0x3E, 0x3F, 0x3E, 0xB5, 
    0xAD, 0xBD, 0xBC, 0xB9, 0xB2, 0x45, 0x16, 0x16, 0x16, 0x17, 0x0D, 0x04, 0x00, 0x0B, 0x21, 0x2B, 
    0x1C, 0x17, 0x19, 0x1B, 0x19, 0x1B, 0x1D, 0x1B, 0x1D, 0x1D, 0x1D, 0x1D, 0x1D, 0x48, 0x62, 0x5F, 
    0x00, 0x4C, 0xC0, 0xCD, 0xBF, 0xCD, 0xAD, 0x1E, 0x3B, 0x3C, 0x3D, 0x3D, 0x6C, 0x3C, 0x3A, 0x3A, 
    0x3A, 0x26, 0x31, 0x25, 0x25, 0x24, 0x22, 0x01, 0x00, 0x00, 0x00, 0x00, 0x09, 0x29, 0x21, 0x2A, 
    0x25, 0x30, 0x3A, 0x6B, 0x6C, 0x6D, 0x6D, 0x7A, 0x6D, 0x7B, 0x7A, 0x6F, 0x7A, 0x7A, 0x6C, 0x6C, 
    0x6D, 0x7A, 0x6B, 0x2C, 0x08, 0x0B, 0x07, 0x05, 0x00, 0x00, 0x00, 0x00, 0x07, 0x13, 0x00, 0x00, 
    0x00, 0x04, 0x03, 0x00, 0x00, 0x01, 0x38, 0x9E, 0xF0, 0xF4, 0xE5, 0x5B, 0x3D, 0x7E, 0x80, 0x79, 
    0x7E, 0x7A, 0x7E, 0x80, 0x7E, 0x7E, 0x80, 0x80, 0x7E, 0x7E, 0x7E, 0x79, 0x7E, 0x7E, 0x7F, 0x80, 
    0x7E, 0x7A, 0x7E, 0x81, 0x7D, 0x81, 0x7D, 0x81, 0x81, 0x81, 0x7D, 0x81, 0x88, 0xE3, 0xE3, 0x53, 
    0x00, 0x05, 0x02, 0x00, 0x01, 0x19, 0x42, 0x40, 0x48, 0x43, 0x48, 0x42, 0x48, 0x42, 0x42, 0x42, 
    0x42, 0x42, 0x42, 0x42, 0x48, 0x42, 0x44, 0x42, 0x1E, 0x42, 0x1E, 0x1D, 0x1E, 0x1B, 0x1D, 0x1B, 
    0x18, 0x1B, 0x19, 0x1B, 0x19, 0x1B, 0x18, 0x19, 0x19, 0x1B, 0x19, 0x1B, 0x18, 0x1D, 0x1E, 0x1D, 
    0x1E, 0x1D, 0x1C, 0x1D, 0x1E, 0x41, 0x1C, 0x1D, 0x1E, 0x1D, 0x19, 0x19, 0x54, 0x5D, 0x7A, 0x7E, 
    0x7F, 0x7F, 0x7D, 0x83, 0x83, 0x83, 0x84, 0x81, 0x82, 0x7F, 0x82, 0x81, 0x7A, 0x4D, 0x51, 0x50, 
    0x4D, 0xAD, 0xAD, 0xBA, 0xBA, 0xB3, 0x4C, 0x45, 0x4B, 0x4B, 0x4B, 0xBC, 0xCD, 0xCC, 0xCD, 0xBD, 
    0xAC, 0x3E, 0x45, 0xAD, 0xBE, 0xBF, 0xBF, 0xBE, 0xBA, 0xAC, 0x45, 0x16, 0x3E, 0x3E, 0x16, 0xAE, 
    0xB9, 0xBD, 0xBD, 0xBD, 0xB9, 0x4E, 0x3F, 0x16, 0x3F, 0x45, 0x50, 0x4E, 0x45, 0x06, 0x00, 0x07, 
    0x17, 0x19, 0x1B, 0x19, 0x1B, 0x1B, 0x19, 0x1C, 0x1B, 0x1D, 0x1C, 0x1D, 0x1B, 0x42, 0x48, 0x62, 
    0x56, 0x00, 0xAD, 0xCE, 0xCD, 0xBF, 0xBB, 0x4C, 0x2C, 0x3C, 0x3C, 0x6B, 0x3C, 0x6C, 0x3C, 0x6B, 
    0x31, 0x31, 0x2F, 0x31, 0x2F, 0x25, 0x2A, 0x29, 0x00, 0x00, 0x00, 0x0C, 0x29, 0x2A, 0x29, 0x2A, 
    0x32, 0x30, 0x65, 0x6B, 0x6C, 0x6D, 0x7A, 0x7B, 0x7A, 0x6D, 0x7A, 0x7A, 0x6C, 0x7A, 0x7A, 0x7A, 
    0x7A, 0x3D, 0x27, 0x0B, 0x0B, 0x07, 0x01, 0x04, 0x00, 0x00, 0x00, 0x00, 0x00, 0x00, 0x00, 0x01, 
    0x03, 0x00, 0x00, 0x08, 0x58, 0x9E, 0xF0, 0xF4, 0xE6, 0x80, 0x3C, 0x7E, 0x79, 0x7A, 0x7A, 0x79, 
    0x7E, 0x79, 0x7A, 0x79, 0x7A, 0x7B, 0x79, 0x7F, 0x79, 0x80, 0x79, 0x80, 0x79, 0x7F, 0x79, 0x7E, 
    0x80, 0x81, 0x7A, 0x80, 0x81, 0x88, 0x80, 0x82, 0x81, 0x85, 0x81, 0x82, 0x81, 0x81, 0x9F, 0xE4, 
    0x5E, 0x00, 0x00, 0x07, 0x04, 0x01, 0x15, 0x1E, 0x42, 0x44, 0x40, 0x42, 0x44, 0x48, 0x40, 0x44, 
    0x42, 0x42, 0x44, 0x42, 0x42, 0x1E, 0x42, 0x1E, 0x42, 0x1C, 0x41, 0x42, 0x1C, 0x1E, 0x1B, 0x1B, 
    0x1B, 0x1B, 0x1B, 0x19, 0x19, 0x19, 0x1B, 0x18, 0x1B, 0x19, 0x1D, 0x1E, 0x1B, 0x1C, 0x1C, 0x42, 
    0x1C, 0x42, 0x1B, 0x1E, 0x1B, 0x1E, 0x1B, 0x1E, 0x1B, 0x18, 0x13, 0x19, 0x52, 0x58, 0x5B, 0x7F, 
    0x7F, 0x7F, 0x81, 0x83, 0x7D, 0x83, 0x83, 0x84, 0x83, 0x84, 0x81, 0x6F, 0x55, 0x46, 0xAE, 0x50, 
    0xAC, 0xBA, 0xCB, 0xCD, 0xCB, 0xCC, 0xB8, 0x4F, 0x3E, 0x45, 0xB4, 0xCD, 0xD4, 0xD2, 0xCB, 0xCD, 
    0xB9, 0x45, 0x3E, 0x45, 0x4B, 0x4C, 0x4B, 0x45, 0x45, 0x4B, 0x4B, 0x4F, 0x8E, 0xAC, 0x45, 0x46, 
    0xBC, 0xBD, 0xBD, 0xBD, 0xB9, 0x4F, 0x3F, 0x4B, 0xB2, 0xB9, 0xBC, 0xBC, 0xB6, 0xAC, 0x33, 0x00, 
    0x00, 0x04, 0x17, 0x1B, 0x17, 0x1B, 0x19, 0x1B, 0x1D, 0x1B, 0x1D, 0x1B, 0x1D, 0x1B, 0x1E, 0x42, 
    0x62, 0x42, 0x00, 0xBA, 0xC9, 0xBF, 0xBC, 0x4E, 0x2B, 0x3B, 0x3D, 0x3C, 0x6C, 0x3D, 0x6A, 0x3D, 
    0x26, 0x31, 0x31, 0x25, 0x25, 0x30, 0x25, 0x11, 0x00, 0x0C, 0x21, 0x2C, 0x20, 0x2C, 0x25, 0x2C, 
    0x2C, 0x3A, 0x3A, 0x6B, 0x6C, 0x6C, 0x6C, 0x7E, 0x6F, 0x7B, 0x6C, 0x7A, 0x6D, 0x5B, 0x6C, 0x3C, 
    0x32, 0x09, 0x0B, 0x07, 0x07, 0x04, 0x00, 0x00, 0x00, 0x00, 0x00, 0x00, 0x00, 0x00, 0x02, 0x00, 
    0x00, 0x01, 0x5B, 0x9D, 0xEC, 0xF4, 0xED, 0x9B, 0x38, 0x39, 0x7A, 0x5B, 0x7A, 0x79, 0x7E, 0x7A, 
    0x7E, 0x79, 0x7E, 0x7E, 0x7E, 0x7A, 0x7E, 0x7E, 0x7E, 0x7E, 0x7E, 0x7E, 0x7E, 0x79, 0x7E, 0x79, 
    0x7E, 0x80, 0x7E, 0x7A, 0x7F, 0x81, 0x82, 0x81, 0x82, 0x88, 0x7D, 0x81, 0x7D, 0x85, 0x7F, 0x9B, 
    0xE4, 0x89, 0x01, 0x00, 0x03, 0x02, 0x00, 0x07, 0x42, 0x42, 0x48, 0x42, 0x55, 0x40, 0x48, 0x42, 
    0x42, 0x1E, 0x34, 0x42, 0x1E, 0x42, 0x1E, 0x42, 0x1E, 0x1E, 0x42, 0x1D, 0x1C, 0x1B, 0x1D, 0x1B, 
    0x1C, 0x1B, 0x19, 0x1B, 0x18, 0x19, 0x1B, 0x19, 0x19, 0x1B, 0x1D, 0x1B, 0x1D, 0x1D, 0x1E, 0x1D, 
    0x1C, 0x1D, 0x1C, 0x1D, 0x1E, 0x41, 0x1C, 0x41, 0x1E, 0x1B, 0x00, 0x48, 0x5C, 0x5B, 0x7E, 0x7F, 
    0x7F, 0x83, 0x83, 0x83, 0x83, 0x82, 0x84, 0x82, 0x82, 0x82, 0x6F, 0x47, 0x49, 0x4C, 0x50, 0xAC, 
    0xBA, 0xD2, 0xD2, 0xD2, 0xD4, 0xD3, 0xD2, 0xCA, 0x4F, 0xAC, 0xBD, 0xD4, 0xD2, 0xD3, 0xD2, 0xCC, 
    0xBC, 0x4F, 0x3E, 0x3E, 0x3E, 0x3E, 0x4E, 0xB3, 0xBC, 0xBC, 0xCC, 0xCC, 0xD1, 0xCC, 0xBC, 0x4F, 
    0xB9, 0xBD, 0xB9, 0xBD, 0xB3, 0x49, 0xAD, 0xBC, 0xBF, 0xC8, 0xD1, 0xCC, 0xCC, 0xCC, 0xB3, 0x45, 
    0x16, 0x06, 0x00, 0x07, 0x17, 0x1B, 0x1B, 0x1B, 0x1B, 0x1B, 0x1B, 0x1D, 0x1B, 0x1D, 0x1D, 0x42, 
    0x42, 0x62, 0x13, 0x3E, 0xBB, 0xBE, 0xBE, 0xAD, 0x1B, 0x2C, 0x6B, 0x3C, 0x3D, 0x6C, 0x6B, 0x3A, 
    0x6B, 0x3A, 0x31, 0x31, 0x25, 0x30, 0x30, 0x01, 0x0B, 0x2C, 0x2C, 0x25, 0x30, 0x30, 0x30, 0x3A, 
    0x22, 0x2C, 0x6B, 0x69, 0x6C, 0x6F, 0x7A, 0x7B, 0x7A, 0x7F, 0x7A, 0x6C, 0x7A, 0x6C, 0x3C, 0x21, 
    0x01, 0x07, 0x03, 0x07, 0x0B, 0x03, 0x00, 0x00, 0x00, 0x00, 0x00, 0x00, 0x05, 0x03, 0x00, 0x01, 
    0x5D, 0x9D, 0xEF, 0xF4, 0xEF, 0x9C, 0x3B, 0x39, 0x5B, 0x38, 0x5B, 0x7E, 0x5B, 0x79, 0x7E, 0x7A, 
    0x7A, 0x7E, 0x7A, 0x7E, 0x7A, 0x7E, 0x5B, 0x7A, 0x79, 0x7A, 0x79, 0x80, 0x7A, 0x7A, 0x7E, 0x7E, 
    0x7A, 0x7E, 0x80, 0x7F, 0x7E, 0x81, 0x81, 0x82, 0x81, 0x82, 0x82, 0x82, 0x81, 0x82, 0x82, 0x81, 
    0x88, 0xE4, 0x9C, 0x2D, 0x00, 0x07, 0x05, 0x01, 0x07, 0x1E, 0x40, 0x44, 0x42, 0x42, 0x1E, 0x48, 
    0x41, 0x2D, 0x41, 0x1E, 0x1E, 0x1E, 0x40, 0x1E, 0x1D, 0x1E, 0x1B, 0x42, 0x1D, 0x1D, 0x1B, 0x1D, 
    0x1B, 0x1B, 0x1B, 0x19, 0x1B, 0x19, 0x1B, 0x19, 0x1B, 0x1D, 0x1B, 0x1E, 0x1B, 0x1D, 0x1D, 0x1E, 
    0x1B, 0x1E, 0x1B, 0x1E, 0x1D, 0x1E, 0x1E, 0x1C, 0x1E, 0x10, 0x15, 0x53, 0x59, 0x6C, 0x7A, 0x7C, 
    0x7F, 0x7F, 0x7D, 0x84, 0x83, 0x83, 0x83, 0x83, 0x7F, 0x7D, 0x47, 0x4F, 0xAC, 0x50, 0xAD, 0xBA, 
    0xCB, 0xD4, 0xD4, 0xD5, 0xD8, 0xD4, 0xD3, 0xD2, 0xB8, 0xAC, 0xBE, 0xCD, 0xD4, 0xD2, 0xD2, 0xCC, 
    0xB9, 0x4B, 0x3E, 0x45, 0x4B, 0xB3, 0xC8, 0xD1, 0xD3, 0xD5, 0xD3, 0xD5, 0xD3, 0xD1, 0xD1, 0xBC, 
    0x50, 0xB3, 0xB3, 0xAC, 0x45, 0xB3, 0xBE, 0xD1, 0xD2, 0xD1, 0xD5, 0xD1, 0xD1, 0xD3, 0xC8, 0xB3, 
    0x49, 0x49, 0x49, 0x0D, 0x00, 0x07, 0x19, 0x16, 0x18, 0x1B, 0x1B, 0x1B, 0x1D, 0x1D, 0x1D, 0x42, 
    0x48, 0x55, 0x61, 0x01, 0x45, 0xBE, 0xC0, 0x50, 0x19, 0x1A, 0x3D, 0x3C, 0x3D, 0x3C, 0x6C, 0x3C, 
    0x6A, 0x3A, 0x3A, 0x31, 0x30, 0x2F, 0x21, 0x00, 0x29, 0x30, 0x25, 0x30, 0x31, 0x31, 0x35, 0x3A, 
    0x6A, 0x2C, 0x30, 0x6C, 0x6C, 0x6C, 0x6C, 0x7B, 0x6F, 0x7A, 0x6F, 0x6C, 0x6C, 0x32, 0x0A, 0x03, 
    0x0B, 0x07, 0x03, 0x07, 0x10, 0x04, 0x00, 0x00, 0x00, 0x00, 0x03, 0x07, 0x00, 0x00, 0x38, 0x9F, 
    0xEC, 0xF4, 0xF0, 0x9F, 0x38, 0x39, 0x3D, 0x3C, 0x3D, 0x3C, 0x3D, 0x79, 0x7A, 0x7E, 0x7E, 0x79, 
    0x7E, 0x7A, 0x7E, 0x7E, 0x7E, 0x7A, 0x7A, 0x7A, 0x7E, 0x7E, 0x5B, 0x7E, 0x7A, 0x7A, 0x7E, 0x79, 
    0x7E, 0x79, 0x7E, 0x80, 0x7F, 0x79, 0x81, 0x82, 0x82, 0x81, 0x84, 0x85, 0x7D, 0x81, 0x82, 0x85, 
    0x81, 0x80, 0x9E, 0xE3, 0x5D, 0x00, 0x00, 0x03, 0x00, 0x05, 0x1C, 0x42, 0x42, 0x40, 0x44, 0x42, 
    0x1E, 0x42, 0x1E, 0x1E, 0x1E, 0x1D, 0x1E, 0x1D, 0x1E, 0x41, 0x1C, 0x41, 0x1C, 0x1B, 0x1D, 0x1C, 
    0x19, 0x1B, 0x18, 0x17, 0x1B, 0x19, 0x19, 0x1B, 0x1B, 0x18, 0x1D, 0x1B, 0x1D, 0x1D, 0x1D, 0x1B, 
    0x18, 0x1B, 0x1E, 0x1D, 0x1E, 0x1E, 0x1C, 0x1E, 0x1E, 0x05, 0x1E, 0x55, 0x3D, 0x7A, 0x7A, 0x7F, 
    0x7F, 0x82, 0x83, 0x83, 0x83, 0x7D, 0x7D, 0x7F, 0x7D, 0x51, 0x4E, 0xB9, 0xB2, 0xB4, 0xBA, 0xD2, 
    0xD4, 0xD5, 0xD5, 0xD8, 0xD5, 0xD8, 0xD4, 0xD3, 0xBF, 0xAC, 0xBA, 0xCB, 0xD2, 0xCB, 0xCD, 0xCD, 
    0xB3, 0x3E, 0x45, 0x45, 0xB9, 0xCC, 0xD1, 0xD3, 0xD5, 0xD8, 0xD5, 0xD8, 0xD5, 0xD3, 0xD1, 0xCC, 
    0x45, 0x49, 0x3E, 0x3F, 0x4F, 0xBE, 0xCC, 0xD4, 0xD4, 0xD5, 0xD8, 0xD7, 0xD1, 0xD3, 0xD3, 0xBD, 
    0xB3, 0xB2, 0xB3, 0xB5, 0x49, 0x17, 0x00, 0x07, 0x1B, 0x1B, 0x19, 0x1B, 0x1B, 0x1D, 0x1D, 0x1E, 
    0x42, 0x42, 0x5F, 0x5C, 0x00, 0x4C, 0xAE, 0x40, 0x19, 0x1E, 0x32, 0x3C, 0x3C, 0x6B, 0x3C, 0x6C, 
    0x3A, 0x6A, 0x31, 0x65, 0x31, 0x2A, 0x00, 0x09, 0x30, 0x31, 0x31, 0x3A, 0x31, 0x3C, 0x3A, 0x6A, 
    0x6B, 0x69, 0x32, 0x39, 0x6D, 0x69, 0x7A, 0x7A, 0x7B, 0x7A, 0x7A, 0x6C, 0x2C, 0x0C, 0x0B, 0x0B, 
    0x0B, 0x09, 0x13, 0x0B, 0x07, 0x00, 0x00, 0x00, 0x05, 0x03, 0x00, 0x00, 0x3B, 0x9E, 0xEF, 0xF5, 
    0xEF, 0x9D, 0x5B, 0x31, 0x3C, 0x6C, 0x5B, 0x5B, 0x5B, 0x3C, 0x7A, 0x7A, 0x5B, 0x7A, 0x7A, 0x7A, 
    0x7E, 0x7A, 0x79, 0x7A, 0x7B, 0x7A, 0x7E, 0x7A, 0x7A, 0x7A, 0x7A, 0x7A, 0x79, 0x7A, 0x79, 0x7E, 
    0x7A, 0x81, 0x79, 0x7E, 0x81, 0x81, 0x80, 0x82, 0x83, 0x82, 0x81, 0x84, 0x81, 0x81, 0x81, 0x81, 
    0x81, 0x81, 0x80, 0x85, 0xE3, 0x5E, 0x1C, 0x00, 0x05, 0x01, 0x06, 0x1C, 0x42, 0x1C, 0x42, 0x1D, 
    0x1E, 0x1E, 0x1B, 0x42, 0x1B, 0x1C, 0x1B, 0x1C, 0x1B, 0x1E, 0x1B, 0x1E, 0x1B, 0x1C, 0x1B, 0x1C, 
    0x1B, 0x1B, 0x1B, 0x19, 0x1B, 0x1B, 0x1B, 0x1B, 0x1B, 0x1B, 0x1C, 0x42, 0x1B, 0x1C, 0x1B, 0x1C, 
    0x1B, 0x1E, 0x1E, 0x1C, 0x42, 0x1E, 0x1E, 0x1E, 0x19, 0x00, 0x1B, 0x54, 0x5B, 0x7A, 0x7B, 0x6F, 
    0x83, 0x83, 0x7F, 0x83, 0x83, 0x84, 0x83, 0x80, 0x61, 0xAC, 0xB8, 0xBA, 0xB8, 0xBA, 0xCE, 0xD4, 
    0xD4, 0xD5, 0xD9, 0xDA, 0xD8, 0xD5, 0xD8, 0xD2, 0xCB, 0xAC, 0x50, 0xBA, 0xCB, 0xBF, 0xCB, 0xB3, 
    0x4B, 0x46, 0x3E, 0x49, 0xBD, 0xD2, 0xD4, 0xD5, 0xD8, 0xD8, 0xD8, 0xD5, 0xD8, 0xD5, 0xD3, 0xD2, 
    0x45, 0x16, 0x3E, 0x45, 0xB9, 0xCD, 0xD1, 0xD5, 0xD7, 0xD9, 0xD7, 0xD8, 0xD7, 0xD8, 0xD1, 0xCC, 
    0xB6, 0xB3, 0xBC, 0xBC, 0xBC, 0xB2, 0x49, 0x13, 0x00, 0x13, 0x18, 0x1B, 0x1D, 0x19, 0x1D, 0x1D, 
    0x42, 0x56, 0x56, 0x61, 0x53, 0x00, 0x47, 0x47, 0x19, 0x1B, 0x2B, 0x39, 0x3D, 0x6A, 0x3D, 0x3D, 
    0x6C, 0x3C, 0x3A, 0x31, 0x3A, 0x0B, 0x00, 0x2B, 0x3A, 0x3A, 0x3A, 0x3A, 0x6A, 0x3A, 0x6A, 0x3C, 
    0x6A, 0x6C, 0x6C, 0x3B, 0x3A, 0x6D, 0x6C, 0x6C, 0x6C, 0x7A, 0x6C, 0x2C, 0x0F, 0x0B, 0x09, 0x0B, 
    0x03, 0x07, 0x10, 0x07, 0x02, 0x00, 0x02, 0x05, 0x00, 0x00, 0x38, 0x9F, 0xF0, 0xF4, 0xF4, 0xE5, 
    0x3D, 0x39, 0x3D, 0x3D, 0x3D, 0x3C, 0x6C, 0x3D, 0x6C, 0x3C, 0x3D, 0x7A, 0x6C, 0x7A, 0x6C, 0x7A, 
    0x6F, 0x7A, 0x7A, 0x7A, 0x7E, 0x7A, 0x7A, 0x7A, 0x7A, 0x7A, 0x6C, 0x5B, 0x6C, 0x7A, 0x7A, 0x7A, 
    0x7E, 0x7E, 0x7E, 0x7E, 0x80, 0x81, 0x7F, 0x81, 0x82, 0x88, 0x82, 0x82, 0x82, 0x81, 0x82, 0x81, 
    0x82, 0x7D, 0x7D, 0x7E, 0x81, 0x9C, 0x53, 0x00, 0x03, 0x02, 0x01, 0x07, 0x1D, 0x42, 0x1E, 0x1D, 
    0x1C, 0x1D, 0x1D, 0x1B, 0x1D, 0x1D, 0x1D, 0x1B, 0x1D, 0x1D, 0x1D, 0x1C, 0x1D, 0x1B, 0x1E, 0x1B, 
    0x19, 0x1B, 0x19, 0x1B, 0x19, 0x1B, 0x1B, 0x1B, 0x19, 0x1B, 0x1D, 0x1B, 0x18, 0x1B, 0x19, 0x1C, 
    0x1E, 0x1D, 0x1D, 0x42, 0x1E, 0x42, 0x1E, 0x1E, 0x0E, 0x00, 0x19, 0x59, 0x6C, 0x7A, 0x7B, 0x7E, 
    0x7F, 0x7F, 0x84, 0x82, 0x7D, 0x6F, 0x5B, 0x4A, 0x4E, 0xB9, 0xCC, 0xBD, 0xBA, 0xBE, 0xD2, 0xD4, 
    0xD5, 0xD9, 0xD9, 0xD9, 0xD9, 0xD8, 0xD5, 0xD3, 0xBF, 0xAC, 0x45, 0x4F, 0xB4, 0xB8, 0xB4, 0x4B, 
    0x45, 0x45, 0x16, 0x4F, 0xCC, 0xD3, 0xD5, 0xD5, 0xD5, 0xD8, 0xD7, 0xD5, 0xD5, 0xD1, 0xD5, 0xD3, 
    0x3E, 0x3F, 0x3E, 0x4E, 0xBE, 0xD2, 0xD4, 0xD5, 0xD8, 0xD7, 0xD9, 0xD7, 0xD3, 0xD5, 0xD3, 0xCC, 
    0xB9, 0xBC, 0xBC, 0xBF, 0xCD, 0xC8, 0xBC, 0xB5, 0x46, 0x02, 0x00, 0x0E, 0x1B, 0x1D, 0x1D, 0x1D, 
    0x1D, 0x52, 0x61, 0x56, 0x5F, 0x18, 0x16, 0x47, 0x15, 0x00, 0x15, 0x39, 0x38, 0x6B, 0x3C, 0x6B, 
    0x6C, 0x6B, 0x3A, 0x3A, 0x29, 0x00, 0x03, 0x3C, 0x6B, 0x6A, 0x3A, 0x6A, 0x6B, 0x6A, 0x6B, 0x6C, 
    0x6C, 0x6C, 0x6C, 0x6C, 0x32, 0x6C, 0x6D, 0x6D, 0x6C, 0x6C, 0x2C, 0x1F, 0x0C, 0x11, 0x10, 0x0B, 
    0x07, 0x15, 0x13, 0x01, 0x00, 0x01, 0x00, 0x00, 0x36, 0xE3, 0xEF, 0xF4, 0xF4, 0xE5, 0x5B, 0x35, 
    0x3A, 0x3D, 0x3C, 0x6C, 0x3C, 0x6C, 0x5B, 0x6C, 0x5B, 0x3D, 0x38, 0x6C, 0x6C, 0x6C, 0x5B, 0x3D, 
    0x6C, 0x7E, 0x5B, 0x7A, 0x6C, 0x7B, 0x5B, 0x6F, 0x5B, 0x6C, 0x7A, 0x5B, 0x6C, 0x7A, 0x6C, 0x7A, 
    0x79, 0x7E, 0x79, 0x7E, 0x80, 0x81, 0x7D, 0x81, 0x81, 0x82, 0x82, 0x82, 0x82, 0x82, 0x81, 0x82, 
    0x81, 0x81, 0x81, 0x7D, 0x7A, 0x7E, 0x54, 0x00, 0x01, 0x01, 0x00, 0x00, 0x13, 0x1C, 0x41, 0x42, 
    0x1D, 0x1C, 0x1D, 0x1C, 0x1B, 0x1E, 0x1B, 0x1E, 0x1B, 0x1E, 0x1B, 0x1D, 0x1C, 0x1B, 0x19, 0x1B, 
    0x1C, 0x19, 0x1C, 0x1B, 0x1B, 0x19, 0x19, 0x1B, 0x1B, 0x19, 0x1B, 0x1B, 0x1B, 0x1B, 0x1B, 0x1E, 
    0x1B, 0x1E, 0x40, 0x1E, 0x42, 0x1E, 0x1E, 0x42, 0x19, 0x00, 0x1C, 0x3B, 0x6C, 0x7F, 0x7F, 0x7F, 
    0x7F, 0x83, 0x6F, 0x83, 0x7D, 0x5B, 0x48, 0x4B, 0xB9, 0xBD, 0xCC, 0xBC, 0xC0, 0xCB, 0xD4, 0xD6, 
    0xD9, 0xD9, 0xD9, 0xD9, 0xD5, 0xD9, 0xD8, 0xD4, 0xBD, 0x4C, 0x46, 0x46, 0x46, 0x4B, 0x46, 0x46, 
    0x3E, 0x3E, 0x4C, 0xAD, 0xBE, 0xD2, 0xD3, 0xD5, 0xD8, 0xD5, 0xD8, 0xD5, 0xD8, 0xD1, 0xD2, 0xBF, 
    0x3F, 0x3E, 0x45, 0xAD, 0xBE, 0xCD, 0xD4, 0xD4, 0xD5, 0xD8, 0xD5, 0xD8, 0xD5, 0xD3, 0xD1, 0xCC, 
    0xB2, 0xBC, 0xBF, 0xCC, 0xD2, 0xD2, 0xD2, 0xBD, 0xB6, 0x50, 0x47, 0x13, 0x00, 0x17, 0x18, 0x1D, 
    0x1E, 0x41, 0x56, 0x55, 0x56, 0x48, 0x00, 0x1D, 0x34, 0x02, 0x03, 0x2C, 0x38, 0x3A, 0x6C, 0x3A, 
    0x6C, 0x3C, 0x6A, 0x30, 0x00, 0x00, 0x2A, 0x6B, 0x69, 0x6C, 0x6A, 0x6C, 0x6C, 0x6C, 0x6F, 0x6C, 
    0x6D, 0x6C, 0x6D, 0x6C, 0x6C, 0x32, 0x6C, 0x6C, 0x6C, 0x30, 0x21, 0x0B, 0x0C, 0x07, 0x0B, 0x15, 
    0x19, 0x17, 0x07, 0x15, 0x18, 0x10, 0x36, 0x8A, 0xEF, 0xF4, 0xEF, 0xE5, 0x5D, 0x25, 0x35, 0x38, 
    0x3D, 0x3C, 0x3D, 0x3D, 0x6C, 0x5B, 0x3D, 0x3D, 0x6B, 0x3C, 0x6B, 0x6B, 0x6C, 0x3C, 0x6C, 0x3C, 
    0x6C, 0x6C, 0x6B, 0x7A, 0x6C, 0x5B, 0x7A, 0x7A, 0x6B, 0x7A, 0x6C, 0x5B, 0x6C, 0x5B, 0x7A, 0x79, 
    0x7E, 0x7B, 0x7E, 0x80, 0x7E, 0x80, 0x81, 0x80, 0x7D, 0x82, 0x82, 0x82, 0x82, 0x82, 0x82, 0x81, 
    0x82, 0x81, 0x7F, 0x7D, 0x7F, 0x7E, 0x87, 0x57, 0x00, 0x06, 0x02, 0x04, 0x03, 0x19, 0x1D, 0x1B, 
    0x1B, 0x1B, 0x1D, 0x1B, 0x1D, 0x1C, 0x1D, 0x1C, 0x1D, 0x1B, 0x1D, 0x1B, 0x1D, 0x1B, 0x1D, 0x1C, 
    0x1B, 0x1B, 0x19, 0x1B, 0x19, 0x1B, 0x19, 0x1B, 0x19, 0x19, 0x18, 0x1B, 0x18, 0x1D, 0x1E, 0x1D, 
    0x1D, 0x42, 0x1E, 0x42, 0x1E, 0x1E, 0x1E, 0x44, 0x1E, 0x1B, 0x3B, 0x3D, 0x7E, 0x7E, 0x7F, 0x7F, 
    0x7D, 0x83, 0x7F, 0x7F, 0x39, 0x41, 0x49, 0xB9, 0xBD, 0xCC, 0xCC, 0xBA, 0xBE, 0xCB, 0xDA, 0xD8, 
    0xD9, 0xD9, 0xD9, 0xD7, 0xD9, 0xD9, 0xD5, 0xD2, 0xBA, 0x46, 0x46, 0x46, 0x4C, 0x4B, 0x3E, 0x3E, 
    0x16, 0x3E, 0x4B, 0x3E, 0xBC, 0xCD, 0xD6, 0xD4, 0xD6, 0xD4, 0xD5, 0xD4, 0xD4, 0xD2, 0xBF, 0xBA, 
    0x3F, 0x3F, 0x3F, 0x50, 0xBE, 0xCD, 0xD4, 0xD6, 0xD4, 0xD5, 0xD8, 0xD5, 0xD5, 0xD4, 0xD2, 0xBF, 
    0xAC, 0xBA, 0xCC, 0xD2, 0xD2, 0xD2, 0xD4, 0xD4, 0xBF, 0xB9, 0x4E, 0x51, 0x47, 0x13, 0x00, 0x19, 
    0x41, 0x44, 0x55, 0x5F, 0x44, 0x55, 0x19, 0x07, 0x55, 0x19, 0x00, 0x2B, 0x3B, 0x3C, 0x3D, 0x6B, 
    0x3C, 0x6B, 0x31, 0x0B, 0x00, 0x00, 0x3B, 0x6C, 0x6B, 0x6C, 0x6B, 0x6C, 0x6D, 0x6B, 0x6C, 0x6D, 
    0x6C, 0x6D, 0x7A, 0x7A, 0x6B, 0x3A, 0x32, 0x6D, 0x3B, 0x21, 0x0B, 0x00, 0x05, 0x03, 0x07, 0x0B, 
    0x07, 0x0B, 0x15, 0x1A, 0x60, 0x91, 0xE5, 0xF4, 0xEA, 0x9C, 0x5B, 0x23, 0x31, 0x6B, 0x6B, 0x3C, 
    0x3C, 0x3D, 0x3C, 0x6B, 0x3C, 0x6B, 0x3C, 0x6C, 0x5B, 0x3C, 0x3C, 0x3D, 0x3C, 0x6B, 0x3D, 0x6B, 
    0x6B, 0x6C, 0x5B, 0x6C, 0x3C, 0x6C, 0x5B, 0x6C, 0x5B, 0x7A, 0x5B, 0x6B, 0x7A, 0x7A, 0x5B, 0x7A, 
    0x79, 0x7B, 0x79, 0x7F, 0x80, 0x81, 0x80, 0x85, 0x81, 0x84, 0x85, 0x8C, 0x82, 0x84, 0x81, 0x82, 
    0x82, 0x81, 0x81, 0x7F, 0x81, 0x7F, 0x80, 0x9B, 0x44, 0x00, 0x05, 0x01, 0x05, 0x15, 0x1C, 0x1B, 
    0x1C, 0x1C, 0x1B, 0x1C, 0x1B, 0x1C, 0x1B, 0x1C, 0x1C, 0x1B, 0x1B, 0x1C, 0x1B, 0x1C, 0x1D, 0x1B, 
    0x1C, 0x1B, 0x1B, 0x1B, 0x1B, 0x1B, 0x1B, 0x19, 0x1B, 0x1B, 0x1B, 0x1C, 0x1B, 0x1E, 0x41, 0x1C, 
    0x42, 0x1E, 0x42, 0x42, 0x1E, 0x1E, 0x42, 0x42, 0x53, 0x54, 0x3C, 0x7A, 0x7F, 0x7F, 0x7F, 0x7F, 
    0x83, 0x7D, 0x7F, 0x2C, 0x16, 0x41, 0xAC, 0xCA, 0xBD, 0xB9, 0xB3, 0xBB, 0xCD, 0xD4, 0xDA, 0xD9, 
    0xD9, 0xDC, 0xD9, 0xD9, 0xD8, 0xD4, 0xD4, 0xCD, 0xB4, 0x46, 0x46, 0x46, 0x4B, 0xAB, 0xAE, 0xAF, 
    0xC1, 0xC1, 0xC1, 0xAF, 0xBB, 0xCC, 0xCC, 0xD1, 0xD3, 0xD4, 0xD4, 0xD2, 0xCD, 0xCD, 0xBA, 0x4D, 
    0x16, 0x16, 0x0D, 0x4B, 0xBA, 0xBF, 0xD2, 0xD4, 0xD4, 0xD4, 0xD5, 0xD4, 0xD4, 0xD2, 0xBF, 0xBC, 
    0x4F, 0xB2, 0xC8, 0xD3, 0xD2, 0xD1, 0xD2, 0xD2, 0xC8, 0xCC, 0xB2, 0x4F, 0x4E, 0x51, 0x41, 0x07, 
    0x03, 0x34, 0x56, 0x5F, 0x55, 0x55, 0x48, 0x00, 0x34, 0x48, 0x00, 0x10, 0x39, 0x3C, 0x3D, 0x3C, 
    0x3D, 0x3A, 0x21, 0x00, 0x00, 0x1A, 0x6C, 0x6B, 0x69, 0x6C, 0x6C, 0x6D, 0x6C, 0x6C, 0x6D, 0x6C, 
    0x6D, 0x6C, 0x6B, 0x6C, 0x3C, 0x3A, 0x3B, 0x3B, 0x21, 0x0B, 0x03, 0x01, 0x03, 0x0E, 0x0B, 0x07, 
    0x07, 0x0E, 0x2D, 0x53, 0x57, 0xB1, 0x91, 0x62, 0x36, 0x20, 0x25, 0x3B, 0x6A, 0x3D, 0x3D, 0x3C, 
    0x3C, 0x3C, 0x3C, 0x3C, 0x3D, 0x3C, 0x3D, 0x3C, 0x3D, 0x3C, 0x3A, 0x3C, 0x6C, 0x3C, 0x3D, 0x3C, 
    0x3D, 0x3C, 0x6C, 0x3C, 0x6B, 0x5B, 0x3C, 0x3D, 0x6C, 0x7A, 0x6B, 0x5B, 0x7A, 0x5B, 0x6C, 0x7A, 
    0x7E, 0x7A, 0x7E, 0x7E, 0x80, 0x80, 0x7E, 0x81, 0x81, 0x80, 0x82, 0x82, 0x82, 0x82, 0x82, 0x82, 
    0x82, 0x7D, 0x7D, 0x81, 0x7F, 0x7F, 0x7F, 0x86, 0x89, 0x00, 0x00, 0x00, 0x03, 0x06, 0x19, 0x1D, 
    0x18, 0x1B, 0x18, 0x1B, 0x1D, 0x1B, 0x1D, 0x1B, 0x1D, 0x1B, 0x1D, 0x1B, 0x1D, 0x1B, 0x1D, 0x1B, 
    0x1B, 0x19, 0x19, 0x1B, 0x18, 0x1B, 0x19, 0x1B, 0x19, 0x1B, 0x18, 0x1B, 0x1D, 0x1D, 0x42, 0x1D, 
    0x1D, 0x42, 0x1E, 0x1E, 0x1E, 0x34, 0x48, 0x13, 0x2D, 0x37, 0x6C, 0x7F, 0x7F, 0x7F, 0x7F, 0x81, 
    0x7D, 0x7E, 0x2C, 0x06, 0x33, 0x46, 0x4F, 0xB3, 0x8E, 0xAC, 0x4F, 0xBE, 0xCD, 0xD5, 0xD5, 0xD9, 
    0xD9, 0xD9, 0xDA, 0xD9, 0xD7, 0xD4, 0xD2, 0xBE, 0x50, 0x46, 0x3E, 0x51, 0xC7, 0xD0, 0xF9, 0xF9, 
    0xC5, 0x4D, 0xC5, 0xF7, 0xF9, 0xE1, 0xE1, 0xE0, 0xE0, 0xCE, 0xCE, 0xC9, 0xBC, 0xB9, 0x4E, 0x16, 
    0x4D, 0x5F, 0x47, 0x46, 0xAC, 0xB9, 0xCC, 0xCC, 0xD3, 0xD2, 0xD4, 0xD4, 0xD3, 0xCD, 0xBD, 0xB2, 
    0x4F, 0xAD, 0xCD, 0xD2, 0xD4, 0xD2, 0xD4, 0xD2, 0xCC, 0xBF, 0xBA, 0xB9, 0xBC, 0xBD, 0xBB, 0x51, 
    0x47, 0x0B, 0x13, 0x56, 0x61, 0x53, 0x5F, 0x18, 0x00, 0x42, 0x19, 0x02, 0x2E, 0x3C, 0x3C, 0x6B, 
    0x3C, 0x2B, 0x00, 0x00, 0x00, 0x3B, 0x6B, 0x6C, 0x6C, 0x6D, 0x6B, 0x6C, 0x6C, 0x6D, 0x6C, 0x6C, 
    0x6C, 0x6B, 0x3C, 0x3C, 0x3C, 0x3C, 0x32, 0x0B, 0x03, 0x01, 0x06, 0x09, 0x05, 0x03, 0x01, 0x00, 
    0x00, 0x0E, 0x42, 0x57, 0xB0, 0x62, 0x1D, 0x0B, 0x21, 0x39, 0x39, 0x3A, 0x3C, 0x6A, 0x3C, 0x3C, 
    0x3A, 0x3C, 0x3C, 0x3C, 0x3D, 0x3C, 0x6B, 0x3C, 0x3C, 0x6B, 0x32, 0x3A, 0x6B, 0x3A, 0x3C, 0x6B, 
    0x3C, 0x3C, 0x3C, 0x3C, 0x3C, 0x3C, 0x3D, 0x6B, 0x3C, 0x6B, 0x7A, 0x7A, 0x7A, 0x7A, 0x6C, 0x7E, 
    0x7A, 0x7A, 0x79, 0x7E, 0x80, 0x80, 0x80, 0x81, 0x81, 0x81, 0x82, 0x83, 0x82, 0x84, 0x84, 0x82, 
    0x81, 0x83, 0x7D, 0x7F, 0x81, 0x7F, 0x81, 0x7E, 0x8A, 0x5E, 0x00, 0x07, 0x05, 0x01, 0x19, 0x1B, 
    0x1B, 0x1B, 0x1B, 0x1C, 0x1D, 0x1B, 0x1B, 0x18, 0x1B, 0x1D, 0x1B, 0x18, 0x1B, 0x1C, 0x19, 0x1C, 
    0x1D, 0x19, 0x1B, 0x19, 0x1B, 0x19, 0x1B, 0x19, 0x1B, 0x1C, 0x1B, 0x1C, 0x1E, 0x1E, 0x42, 0x1E, 
    0x42, 0x42, 0x1D, 0x42, 0x1E, 0x48, 0x53, 0x19, 0x28, 0x3C, 0x7E, 0x7F, 0x81, 0x7F, 0x7D, 0x83, 
    0x7F, 0x2C, 0x04, 0x1B, 0x45, 0x4E, 0xAC, 0xB3, 0xAC, 0x4F, 0x4F, 0xBE, 0xD4, 0xD5, 0xDA, 0xD9, 
    0xD9, 0xD7, 0xD8, 0xDA, 0xD8, 0xD6, 0xCE, 0xBA, 0x45, 0x4D, 0xC1, 0xC7, 0xB0, 0xB0, 0xAF, 0xAF, 
    0x61, 0x44, 0x41, 0x41, 0x55, 0x61, 0xB0, 0xC1, 0xC2, 0x4A, 0x4D, 0xC3, 0xC1, 0xC1, 0x61, 0x5F, 
    0x48, 0x61, 0x90, 0xB0, 0x90, 0xC3, 0xC7, 0xCF, 0xCF, 0xCE, 0xCE, 0xCD, 0xCD, 0xBD, 0xB9, 0xAC, 
    0x45, 0x4B, 0xB6, 0xCD, 0xD2, 0xCB, 0xD2, 0xCE, 0xCD, 0xBE, 0xBA, 0xBE, 0xC8, 0xBF, 0xCC, 0xBD, 
    0xBA, 0xAE, 0x55, 0x16, 0x1E, 0x57, 0xB0, 0x5F, 0x0E, 0x00, 0x19, 0x06, 0x2C, 0x3B, 0x3C, 0x3B, 
    0x2C, 0x1D, 0x52, 0x1E, 0x2B, 0x3C, 0x6C, 0x6B, 0x6C, 0x6D, 0x6B, 0x6D, 0x6D, 0x6B, 0x6C, 0x6C, 
    0x6C, 0x3C, 0x3C, 0x3C, 0x39, 0x29, 0x00, 0x00, 0x00, 0x03, 0x01, 0x01, 0x03, 0x00, 0x0C, 0x5E, 
    0x89, 0x60, 0x62, 0xE2, 0xE2, 0x56, 0x19, 0x2D, 0x2C, 0x39, 0x39, 0x3C, 0x3C, 0x3C, 0x3D, 0x3A, 
    0x3D, 0x3C, 0x3C, 0x6B, 0x3C, 0x6B, 0x3C, 0x3C, 0x3A, 0x31, 0x3C, 0x31, 0x3A, 0x31, 0x3A, 0x3A, 
    0x3A, 0x3C, 0x3C, 0x6B, 0x3C, 0x3C, 0x6B, 0x3C, 0x7A, 0x3C, 0x7A, 0x7A, 0x6C, 0x7A, 0x7A, 0x5B, 
    0x7A, 0x79, 0x7E, 0x5E, 0x7E, 0x80, 0x80, 0x80, 0x82, 0x81, 0x82, 0x82, 0x82, 0x82, 0x83, 0x82, 
    0x82, 0x81, 0x7F, 0x81, 0x7F, 0x81, 0x7F, 0x7E, 0x87, 0xE2, 0x18, 0x00, 0x05, 0x01, 0x07, 0x1B, 
    0x19, 0x1B, 0x19, 0x1C, 0x1D, 0x1B, 0x18, 0x1B, 0x1D, 0x1B, 0x1D, 0x1B, 0x1D, 0x1B, 0x1D, 0x1B, 
    0x19, 0x1B, 0x19, 0x1B, 0x1B, 0x1B, 0x19, 0x1B, 0x19, 0x1B, 0x1D, 0x1E, 0x1E, 0x42, 0x1D, 0x42, 
    0x42, 0x1D, 0x48, 0x1E, 0x1E, 0x42, 0x19, 0x1E, 0x3B, 0x5B, 0x7F, 0x7E, 0x7F, 0x7F, 0x7F, 0x7F, 
    0x2C, 0x00, 0x01, 0x3F, 0xB2, 0xBC, 0xCC, 0xCC, 0xCC, 0xBC, 0x4E, 0xBE, 0xD4, 0xD6, 0xD9, 0xD8, 
    0xD9, 0xD9, 0xD9, 0xDA, 0xD6, 0xCD, 0xBE, 0xB5, 0xB0, 0xC2, 0xAF, 0x1E, 0x01, 0x05, 0x07, 0x15, 
    0x1C, 0x1B, 0x42, 0x1E, 0x1B, 0x19, 0x13, 0x05, 0x15, 0x1B, 0x14, 0x41, 0x56, 0x4D, 0x5C, 0x47, 
    0x03, 0x00, 0x00, 0x15, 0x17, 0x1E, 0x42, 0x48, 0x5F, 0x61, 0xAF, 0xC1, 0xC1, 0xC3, 0xC3, 0x47, 
    0x16, 0x17, 0x3E, 0x4B, 0xB8, 0xBE, 0xCE, 0xC0, 0xC0, 0xBA, 0xBE, 0xBF, 0xCD, 0xCD, 0xCD, 0xCE, 
    0xBE, 0xAD, 0x61, 0x62, 0x5F, 0x55, 0xB0, 0xB0, 0x53, 0x00, 0x05, 0x17, 0x2D, 0x3B, 0x3B, 0x3C, 
    0x53, 0x44, 0x48, 0x53, 0x32, 0x6B, 0x6B, 0x6D, 0x6B, 0x6C, 0x6B, 0x6C, 0x6C, 0x6B, 0x3C, 0x3C, 
    0x3A, 0x3A, 0x32, 0x2A, 0x0B, 0x00, 0x00, 0x01, 0x01, 0x01, 0x05, 0x03, 0x00, 0x3B, 0x8B, 0xED, 
    0xFD, 0xEA, 0xB1, 0xC2, 0x44, 0x00, 0x10, 0x2B, 0x2C, 0x39, 0x3A, 0x3C, 0x3C, 0x6B, 0x3C, 0x6B, 
    0x3C, 0x3A, 0x3C, 0x3C, 0x3C, 0x3A, 0x31, 0x6A, 0x31, 0x31, 0x31, 0x31, 0x65, 0x3A, 0x3C, 0x3A, 
    0x3C, 0x3C, 0x3C, 0x3C, 0x3C, 0x6B, 0x3C, 0x6B, 0x3C, 0x6B, 0x6B, 0x6B, 0x5B, 0x6D, 0x7A, 0x7A, 
    0x7A, 0x7A, 0x7B, 0x7E, 0x79, 0x79, 0x80, 0x7F, 0x81, 0x81, 0x81, 0x84, 0x85, 0x84, 0x82, 0x84, 
    0x81, 0x82, 0x82, 0x81, 0x81, 0x7F, 0x80, 0x7F, 0x80, 0xE3, 0x44, 0x00, 0x07, 0x05, 0x07, 0x1E, 
    0x1C, 0x19, 0x19, 0x1B, 0x1B, 0x1B, 0x1B, 0x1C, 0x1C, 0x1E, 0x1D, 0x1B, 0x18, 0x19, 0x1C, 0x1B, 
    0x1B, 0x19, 0x19, 0x1B, 0x1B, 0x1B, 0x1B, 0x18, 0x1B, 0x1B, 0x1E, 0x1E, 0x42, 0x1E, 0x42, 0x42, 
    0x42, 0x42, 0x42, 0x42, 0x48, 0x1E, 0x53, 0x54, 0x6B, 0x7A, 0x7F, 0x7F, 0x7B, 0x7F, 0x7E, 0x2C, 
    0x04, 0x00, 0x0D, 0xB2, 0xCD, 0xD1, 0xD3, 0xD1, 0xD3, 0xCD, 0xB4, 0xBF, 0xD4, 0xD5, 0xDA, 0xD9, 
    0xDA, 0xD9, 0xDA, 0xD4, 0xD3, 0xCF, 0xD0, 0xC3, 0x61, 0x1B, 0x13, 0x1E, 0x42, 0x42, 0x42, 0x42, 
    0x42, 0x1E, 0x42, 0x42, 0x40, 0x44, 0x40, 0x42, 0x40, 0x42, 0x40, 0x1E, 0x1B, 0x15, 0x13, 0x13, 
    0x19, 0x0E, 0x19, 0x0E, 0x0E, 0x13, 0x06, 0x06, 0x00, 0x00, 0x00, 0x01, 0x07, 0x1E, 0x48, 0x42, 
    0x48, 0x4D, 0x61, 0x5F, 0x56, 0x4D, 0x4D, 0x4C, 0x51, 0xAD, 0xBE, 0xBD, 0xCD, 0xCC, 0xC8, 0xBD, 
    0xBC, 0xAD, 0x61, 0x61, 0xB0, 0xC2, 0x91, 0x55, 0x5F, 0x42, 0x00, 0x00, 0x18, 0x59, 0x58, 0x52, 
    0x48, 0x1E, 0x55, 0x53, 0x39, 0x3C, 0x6B, 0x6C, 0x6C, 0x3C, 0x6A, 0x6C, 0x6B, 0x3A, 0x39, 0x30, 
    0x30, 0x2B, 0x0F, 0x00, 0x00, 0x00, 0x01, 0x00, 0x01, 0x07, 0x01, 0x08, 0x7F, 0xEB, 0xF4, 0xFD, 
    0xFB, 0xE2, 0x61, 0x56, 0x1E, 0x1A, 0x18, 0x2E, 0x39, 0x3B, 0x3C, 0x3C, 0x3D, 0x3C, 0x6A, 0x3C, 
    0x3A, 0x3C, 0x3A, 0x3A, 0x35, 0x31, 0x3A, 0x31, 0x39, 0x31, 0x31, 0x32, 0x3A, 0x31, 0x31, 0x3A, 
    0x31, 0x3A, 0x31, 0x3C, 0x3C, 0x6B, 0x3A, 0x3C, 0x6B, 0x3C, 0x6C, 0x3C, 0x6C, 0x7A, 0x6C, 0x7A, 
    0x7A, 0x7A, 0x7E, 0x7A, 0x7E, 0x7E, 0x7E, 0x80, 0x7F, 0x81, 0x81, 0x82, 0x82, 0x82, 0x84, 0x84, 
    0x82, 0x7D, 0x82, 0x81, 0x7F, 0x7F, 0x7D, 0x7E, 0x7E, 0x9C, 0x57, 0x00, 0x03, 0x04, 0x07, 0x1D, 
    0x1B, 0x19, 0x18, 0x1B, 0x19, 0x1C, 0x1D, 0x1B, 0x1D, 0x1D, 0x1D, 0x1B, 0x1B, 0x1B, 0x19, 0x1B, 
    0x19, 0x19, 0x19, 0x1B, 0x19, 0x1B, 0x18, 0x1B, 0x18, 0x1D, 0x1E, 0x42, 0x42, 0x41, 0x34, 0x42, 
    0x1E, 0x42, 0x1E, 0x42, 0x48, 0x1C, 0x52, 0x3B, 0x6C, 0x7E, 0x7F, 0x7E, 0x7B, 0x7E, 0x2E, 0x04, 
    0x00, 0x04, 0xB5, 0xD2, 0xD5, 0xD5, 0xD7, 0xD8, 0xD1, 0xD3, 0xBA, 0xCD, 0xD4, 0xD5, 0xD5, 0xD9, 
    0xD9, 0xD8, 0xD1, 0xD6, 0xD0, 0xC4, 0x61, 0x19, 0x1B, 0x42, 0x42, 0x41, 0x1E, 0x41, 0x1E, 0x1D, 
    0x1E, 0x42, 0x1E, 0x1D, 0x1E, 0x1D, 0x1B, 0x1D, 0x1D, 0x1D, 0x1D, 0x1B, 0x1D, 0x1B, 0x1D, 0x1B, 
    0x0E, 0x17, 0x17, 0x19, 0x16, 0x19, 0x17, 0x15, 0x16, 0x19, 0x17, 0x19, 0x17, 0x17, 0x13, 0x17, 
    0x13, 0x17, 0x1B, 0x42, 0x47, 0x55, 0x42, 0x56, 0x5F, 0x56, 0x90, 0xC3, 0xC4, 0xC3, 0xC4, 0xC6, 
    0xC3, 0xC5, 0xB0, 0x61, 0xB0, 0xE7, 0xC2, 0xB1, 0x5F, 0x62, 0x17, 0x00, 0x04, 0x54, 0x5C, 0x1A, 
    0x1E, 0x1C, 0x1E, 0x37, 0x3A, 0x6B, 0x6B, 0x6C, 0x6B, 0x6B, 0x3B, 0x6B, 0x3C, 0x31, 0x30, 0x2C, 
    0x11, 0x01, 0x00, 0x00, 0x00, 0x01, 0x01, 0x01, 0x09, 0x00, 0x21, 0x9D, 0xF4, 0xF5, 0xEF, 0xE8, 
    0xE2, 0x62, 0x60, 0x57, 0x44, 0x54, 0x37, 0x3B, 0x3B, 0x3C, 0x3C, 0x3C, 0x3A, 0x3C, 0x3D, 0x3C, 
    0x3A, 0x3C, 0x3C, 0x39, 0x31, 0x3A, 0x31, 0x31, 0x31, 0x31, 0x31, 0x31, 0x31, 0x31, 0x31, 0x31, 
    0x31, 0x3A, 0x30, 0x31, 0x3B, 0x6A, 0x3A, 0x6B, 0x3C, 0x6C, 0x3C, 0x6C, 0x3C, 0x3D, 0x7A, 0x7A, 
    0x7A, 0x7A, 0x7E, 0x7A, 0x79, 0x80, 0x79, 0x81, 0x80, 0x81, 0x81, 0x82, 0x82, 0x84, 0x88, 0x84, 
    0x83, 0x82, 0x7F, 0x83, 0x80, 0x7F, 0x7F, 0x81, 0x80, 0x85, 0x62, 0x00, 0x07, 0x03, 0x13, 0x1D, 
    0x1B, 0x1B, 0x1B, 0x19, 0x1B, 0x19, 0x1B, 0x1B, 0x1B, 0x1B, 0x1B, 0x1B, 0x1B, 0x18, 0x1B, 0x1B, 
    0x1B, 0x18, 0x1B, 0x1C, 0x1B, 0x19, 0x1B, 0x1D, 0x1D, 0x1E, 0x42, 0x42, 0x42, 0x42, 0x42, 0x34, 
    0x42, 0x34, 0x1E, 0x48, 0x1D, 0x53, 0x57, 0x3D, 0x7A, 0x6F, 0x7E, 0x83, 0x7E, 0x2B, 0x04, 0x00, 
    0x00, 0xB5, 0xD2, 0xD1, 0xD5, 0xD5, 0xD8, 0xD7, 0xD5, 0xD1, 0xBE, 0xCD, 0xD4, 0xD6, 0xDA, 0xD6, 
    0xD8, 0xD6, 0xE0, 0xC7, 0x61, 0x1C, 0x1C, 0x42, 0x42, 0x1E, 0x42, 0x1C, 0x42, 0x1E, 0x1E, 0x1C, 
    0x42, 0x1E, 0x42, 0x1E, 0x41, 0x42, 0x1C, 0x42, 0x1B, 0x1D, 0x1C, 0x1B, 0x1B, 0x19, 0x1B, 0x1B, 
    0x19, 0x0E, 0x19, 0x17, 0x0E, 0x17, 0x19, 0x17, 0x19, 0x17, 0x17, 0x17, 0x1B, 0x17, 0x19, 0x17, 
    0x1B, 0x17, 0x17, 0x13, 0x12, 0x06, 0x17, 0x17, 0x16, 0x1B, 0x1B, 0x19, 0x1C, 0x52, 0x56, 0x61, 
    0x62, 0xB0, 0xC2, 0xC2, 0xC2, 0xE7, 0xE7, 0xE7, 0x91, 0xB0, 0x5C, 0x00, 0x00, 0x07, 0x34, 0x14, 
    0x42, 0x48, 0x2D, 0x32, 0x3A, 0x3A, 0x3A, 0x3D, 0x6A, 0x3C, 0x3A, 0x3A, 0x3A, 0x2B, 0x21, 0x01, 
    0x00, 0x00, 0x01, 0x00, 0x01, 0x01, 0x03, 0x09, 0x08, 0x5B, 0xED, 0xF5, 0xF4, 0xE5, 0x62, 0x52, 
    0x36, 0x2D, 0x54, 0x54, 0x52, 0x59, 0x38, 0x32, 0x3A, 0x3C, 0x3C, 0x6B, 0x3D, 0x3C, 0x3A, 0x3C, 
    0x3A, 0x3C, 0x3A, 0x31, 0x31, 0x31, 0x31, 0x25, 0x31, 0x26, 0x31, 0x2F, 0x26, 0x2F, 0x31, 0x30, 
    0x31, 0x32, 0x3A, 0x31, 0x3A, 0x3C, 0x3A, 0x3C, 0x3C, 0x6A, 0x6C, 0x3C, 0x6C, 0x3D, 0x7A, 0x7A, 
    0x7A, 0x7A, 0x7A, 0x7A, 0x7A, 0x7A, 0x7E, 0x80, 0x7F, 0x81, 0x81, 0x85, 0x82, 0x82, 0x84, 0x82, 
    0x82, 0x81, 0x83, 0x7D, 0x7F, 0x7F, 0x7F, 0x80, 0x80, 0x86, 0x87, 0x42, 0x18, 0x0E, 0x17, 0x1B, 
    0x19, 0x1B, 0x19, 0x19, 0x19, 0x13, 0x17, 0x1B, 0x19, 0x17, 0x19, 0x19, 0x19, 0x1B, 0x19, 0x1B, 
    0x1D, 0x1B, 0x19, 0x1B, 0x1D, 0x18, 0x1D, 0x1D, 0x1E, 0x1D, 0x48, 0x1E, 0x48, 0x1E, 0x48, 0x42, 
    0x1E, 0x42, 0x48, 0x44, 0x1E, 0x52, 0x59, 0x5B, 0x7A, 0x7E, 0x7F, 0x7A, 0x2C, 0x04, 0x00, 0x00, 
    0xB5, 0xD2, 0xD4, 0xD5, 0xD5, 0xD9, 0xD7, 0xD9, 0xD5, 0xD3, 0xBA, 0xD2, 0xD4, 0xD5, 0xD3, 0xDA, 
    0xE1, 0xC7, 0x61, 0x1B, 0x18, 0x1E, 0x1E, 0x1E, 0x1E, 0x42, 0x1E, 0x42, 0x1E, 0x42, 0x42, 0x42, 
    0x42, 0x42, 0x42, 0x42, 0x1E, 0x42, 0x1E, 0x1D, 0x1C, 0x1B, 0x18, 0x1B, 0x1D, 0x1B, 0x1B, 0x1B, 
    0x13, 0x10, 0x13, 0x17, 0x13, 0x17, 0x15, 0x15, 0x13, 0x19, 0x13, 0x17, 0x19, 0x17, 0x1B, 0x17, 
    0x17, 0x19, 0x17, 0x19, 0x1B, 0x19, 0x1B, 0x13, 0x1B, 0x1B, 0x16, 0x1B, 0x16, 0x12, 0x13, 0x06, 
    0x04, 0x04, 0x13, 0x1C, 0x1E, 0x55, 0xB0, 0x91, 0xE7, 0xE8, 0xE8, 0x1C, 0x00, 0x00, 0x00, 0x19, 
    0x48, 0x55, 0x44, 0x3C, 0x3D, 0x6B, 0x3C, 0x6B, 0x3C, 0x3C, 0x30, 0x21, 0x0C, 0x01, 0x00, 0x00, 
    0x00, 0x01, 0x01, 0x03, 0x01, 0x09, 0x0C, 0x0A, 0x80, 0xF0, 0xF4, 0xE5, 0x59, 0x2C, 0x2E, 0x2C, 
    0x2C, 0x32, 0x32, 0x38, 0x3C, 0x5B, 0x3B, 0x3C, 0x3C, 0x3C, 0x3C, 0x3A, 0x3C, 0x3C, 0x3A, 0x3A, 
    0x3A, 0x3A, 0x31, 0x31, 0x31, 0x31, 0x26, 0x31, 0x2F, 0x31, 0x31, 0x2F, 0x30, 0x30, 0x25, 0x31, 
    0x2F, 0x31, 0x32, 0x39, 0x31, 0x3A, 0x3C, 0x3C, 0x3C, 0x6B, 0x3C, 0x6B, 0x6B, 0x3D, 0x6C, 0x7E, 
    0x5B, 0x7B, 0x5B, 0x79, 0x7E, 0x79, 0x79, 0x7E, 0x80, 0x7D, 0x81, 0x83, 0x85, 0x84, 0x82, 0x84, 
    0x82, 0x81, 0x81, 0x81, 0x81, 0x7F, 0x81, 0x7F, 0x80, 0x81, 0x87, 0x60, 0x56, 0x1E, 0x13, 0x1B, 
    0x19, 0x19, 0x1B, 0x19, 0x19, 0x15, 0x13, 0x19, 0x13, 0x15, 0x1B, 0x19, 0x1B, 0x1B, 0x19, 0x1B, 
    0x1B, 0x18, 0x1B, 0x1B, 0x1B, 0x1C, 0x1D, 0x1E, 0x41, 0x42, 0x42, 0x42, 0x42, 0x48, 0x42, 0x48, 
    0x42, 0x42, 0x42, 0x1E, 0x42, 0x54, 0x3C, 0x7A, 0x7A, 0x7F, 0x7B, 0x2B, 0x04, 0x01, 0x00, 0xBA, 
    0xCD, 0xD5, 0xD4, 0xD7, 0xD9, 0xD9, 0xD9, 0xD5, 0xD8, 0xCD, 0xBA, 0xCE, 0xD3, 0xDA, 0xE1, 0xC7, 
    0x61, 0x14, 0x19, 0x42, 0x40, 0x1E, 0x42, 0x1E, 0x1E, 0x1E, 0x42, 0x1E, 0x42, 0x1E, 0x42, 0x1E, 
    0x42, 0x1E, 0x42, 0x1D, 0x1E, 0x1D, 0x1E, 0x42, 0x1B, 0x1C, 0x1B, 0x1D, 0x1B, 0x1B, 0x1B, 0x1B, 
    0x19, 0x0E, 0x19, 0x17, 0x17, 0x17, 0x0E, 0x17, 0x17, 0x17, 0x15, 0x17, 0x1B, 0x17, 0x19, 0x17, 
    0x19, 0x17, 0x15, 0x17, 0x19, 0x17, 0x1B, 0x17, 0x1B, 0x16, 0x15, 0x1B, 0x1B, 0x1B, 0x1D, 0x1B, 
    0x1D, 0x1B, 0x1B, 0x1B, 0x19, 0x13, 0x00, 0x04, 0x17, 0x56, 0xE2, 0xE2, 0x00, 0x00, 0x07, 0x19, 
    0x54, 0x48, 0x2D, 0x39, 0x3B, 0x32, 0x30, 0x2B, 0x11, 0x07, 0x00, 0x00, 0x00, 0x00, 0x00, 0x00, 
    0x01, 0x01, 0x03, 0x01, 0x09, 0x29, 0x3B, 0x9F, 0xF0, 0xE6, 0x5A, 0x22, 0x25, 0x3B, 0x39, 0x30, 
    0x39, 0x3B, 0x3B, 0x38, 0x5B, 0x5B, 0x3D, 0x5B, 0x3D, 0x3A, 0x3C, 0x3C, 0x6A, 0x3A, 0x3A, 0x3A, 
    0x3A, 0x31, 0x31, 0x30, 0x31, 0x31, 0x26, 0x2F, 0x25, 0x25, 0x25, 0x25, 0x25, 0x24, 0x25, 0x30, 
    0x31, 0x30, 0x3A, 0x30, 0x3A, 0x31, 0x3A, 0x39, 0x6A, 0x3C, 0x3A, 0x3C, 0x6C, 0x3C, 0x6C, 0x7A, 
    0x7A, 0x7A, 0x7A, 0x7A, 0x7A, 0x79, 0x7E, 0x80, 0x7E, 0x80, 0x7D, 0x81, 0x82, 0x82, 0x84, 0x82, 
    0x88, 0x81, 0x82, 0x81, 0x7D, 0x7D, 0x7F, 0x7E, 0x7E, 0x80, 0x88, 0x62, 0x91, 0x57, 0x19, 0x1B, 
    0x1B, 0x19, 0x19, 0x19, 0x15, 0x13, 0x07, 0x13, 0x17, 0x12, 0x19, 0x17, 0x1B, 0x1B, 0x18, 0x1B, 
    0x1D, 0x1B, 0x1D, 0x1B, 0x18, 0x1D, 0x34, 0x1D, 0x48, 0x41, 0x1E, 0x42, 0x42, 0x42, 0x42, 0x1E, 
    0x48, 0x42, 0x48, 0x19, 0x2D, 0x3B, 0x3D, 0x5B, 0x7E, 0x7A, 0x2B, 0x04, 0x02, 0x00, 0xB2, 0xCD, 
    0xD2, 0xD6, 0xD5, 0xDA, 0xD5, 0xD9, 0xD7, 0xD5, 0xD4, 0xC0, 0x8E, 0xBD, 0xE0, 0xD0, 0x90, 0x1B, 
    0x19, 0x40, 0x42, 0x41, 0x1E, 0x42, 0x1E, 0x1E, 0x42, 0x1E, 0x1E, 0x1C, 0x1E, 0x1C, 0x1E, 0x42, 
    0x1E, 0x42, 0x1E, 0x42, 0x1E, 0x1D, 0x1C, 0x41, 0x1E, 0x1D, 0x1D, 0x1B, 0x1D, 0x19, 0x19, 0x1B, 
    0x17, 0x17, 0x17, 0x10, 0x17, 0x19, 0x17, 0x19, 0x19, 0x19, 0x1B, 0x17, 0x19, 0x19, 0x17, 0x19, 
    0x17, 0x1B, 0x17, 0x19, 0x19, 0x17, 0x17, 0x19, 0x15, 0x19, 0x17, 0x1B, 0x17, 0x1B, 0x1B, 0x17, 
    0x1B, 0x19, 0x1B, 0x19, 0x1B, 0x1D, 0x1B, 0x1E, 0x1B, 0x17, 0x1B, 0x62, 0x5F, 0x03, 0x18, 0x07, 
    0x13, 0x0E, 0x05, 0x07, 0x00, 0x00, 0x00, 0x00, 0x00, 0x00, 0x00, 0x00, 0x01, 0x01, 0x01, 0x09, 
    0x09, 0x01, 0x01, 0x2B, 0x3C, 0x85, 0xEB, 0xED, 0xE3, 0x37, 0x25, 0x3C, 0x3B, 0x3C, 0x3C, 0x38, 
    0x3B, 0x3C, 0x3B, 0x3D, 0x3C, 0x3D, 0x3C, 0x6C, 0x3D, 0x6B, 0x3C, 0x6B, 0x3C, 0x3A, 0x3B, 0x3A, 
    0x31, 0x26, 0x31, 0x26, 0x30, 0x30, 0x25, 0x2F, 0x2F, 0x25, 0x2F, 0x2F, 0x2F, 0x2C, 0x2C, 0x30, 
    0x30, 0x30, 0x2F, 0x31, 0x32, 0x31, 0x31, 0x39, 0x3C, 0x3C, 0x6A, 0x3A, 0x3A, 0x3C, 0x3C, 0x6C, 
    0x5B, 0x5B, 0x79, 0x7A, 0x5D, 0x7A, 0x7A, 0x7E, 0x80, 0x81, 0x81, 0x81, 0x82, 0x82, 0x82, 0x84, 
    0x84, 0x7D, 0x82, 0x83, 0x81, 0x7F, 0x81, 0x7D, 0x80, 0x81, 0x87, 0x62, 0x55, 0x5F, 0x1B, 0x1B, 
    0x1B, 0x19, 0x19, 0x19, 0x19, 0x13, 0x06, 0x0E, 0x13, 0x13, 0x19, 0x1A, 0x1B, 0x1D, 0x1B, 0x1D, 
    0x1D, 0x18, 0x1B, 0x1E, 0x40, 0x1E, 0x1B, 0x42, 0x48, 0x1E, 0x48, 0x42, 0x42, 0x42, 0x42, 0x34, 
    0x42, 0x42, 0x48, 0x19, 0x2D, 0x3D, 0x5B, 0x7E, 0x3D, 0x2B, 0x04, 0x03, 0x00, 0xAD, 0xCD, 0xD2, 
    0xD4, 0xD5, 0xDA, 0xD7, 0xDA, 0xD6, 0xDA, 0xD5, 0xCC, 0xC0, 0xAF, 0xC3, 0xC1, 0x1C, 0x13, 0x42, 
    0x42, 0x1E, 0x42, 0x1E, 0x42, 0x1E, 0x1E, 0x1E, 0x41, 0x42, 0x42, 0x1E, 0x42, 0x1E, 0x1E, 0x1E, 
    0x42, 0x1E, 0x1C, 0x42, 0x1B, 0x1E, 0x1B, 0x1E, 0x1B, 0x1D, 0x1B, 0x1B, 0x1B, 0x1D, 0x1B, 0x19, 
    0x15, 0x0E, 0x19, 0x0E, 0x17, 0x17, 0x10, 0x17, 0x19, 0x17, 0x19, 0x15, 0x1B, 0x19, 0x15, 0x1B, 
    0x17, 0x17, 0x17, 0x17, 0x17, 0x17, 0x1B, 0x13, 0x19, 0x19, 0x1B, 0x17, 0x19, 0x1B, 0x19, 0x1B, 
    0x19, 0x1B, 0x19, 0x1B, 0x18, 0x1B, 0x18, 0x1B, 0x1D, 0x16, 0x2D, 0x21, 0x59, 0x1A, 0x0E, 0x07, 
    0x00, 0x00, 0x00, 0x00, 0x00, 0x00, 0x00, 0x00, 0x01, 0x00, 0x01, 0x01, 0x03, 0x03, 0x0A, 0x01, 
    0x00, 0x11, 0x58, 0x82, 0x88, 0xE6, 0xE5, 0x60, 0x2B, 0x32, 0x3C, 0x3C, 0x3D, 0x3C, 0x3D, 0x3C, 
    0x3D, 0x38, 0x3D, 0x5B, 0x7A, 0x3C, 0x6B, 0x3C, 0x3C, 0x3C, 0x3D, 0x6B, 0x3A, 0x3A, 0x3A, 0x31, 
    0x31, 0x2F, 0x30, 0x30, 0x31, 0x25, 0x25, 0x30, 0x25, 0x2F, 0x2F, 0x2A, 0x2A, 0x22, 0x2C, 0x2F, 
    0x31, 0x30, 0x31, 0x30, 0x31, 0x39, 0x31, 0x31, 0x3A, 0x2F, 0x31, 0x3A, 0x3C, 0x3D, 0x3D, 0x5B, 
    0x6C, 0x7A, 0x6F, 0x7A, 0x7A, 0x7A, 0x7E, 0x79, 0x7E, 0x80, 0x81, 0x80, 0x82, 0x82, 0x84, 0x85, 
    0x84, 0x85, 0x83, 0x81, 0x82, 0x7D, 0x7F, 0x81, 0x7F, 0x80, 0x7D, 0x58, 0x00, 0x05, 0x1E, 0x1B, 
    0x19, 0x19, 0x17, 0x19, 0x19, 0x13, 0x06, 0x13, 0x17, 0x17, 0x19, 0x1B, 0x1D, 0x1D, 0x18, 0x1D, 
    0x18, 0x1D, 0x1E, 0x1D, 0x1C, 0x1D, 0x1E, 0x40, 0x42, 0x42, 0x42, 0x42, 0x48, 0x42, 0x1E, 0x48, 
    0x1E, 0x48, 0x1D, 0x19, 0x38, 0x5B, 0x7E, 0x3D, 0x29, 0x01, 0x07, 0x00, 0x8E, 0xCC, 0xD2, 0xD4, 
    0xD5, 0xD6, 0xDA, 0xD5, 0xDA, 0xDA, 0xD5, 0xD6, 0xE0, 0xC3, 0x62, 0x47, 0x15, 0x41, 0x42, 0x1D, 
    0x1E, 0x41, 0x1E, 0x1E, 0x1E, 0x41, 0x1E, 0x42, 0x1E, 0x1E, 0x1E, 0x41, 0x1C, 0x1D, 0x1E, 0x41, 
    0x1E, 0x1E, 0x1E, 0x1D, 0x1E, 0x1B, 0x1D, 0x1C, 0x1B, 0x18, 0x1D, 0x18, 0x1B, 0x1B, 0x19, 0x19, 
    0x15, 0x17, 0x19, 0x15, 0x19, 0x15, 0x1B, 0x17, 0x1B, 0x17, 0x1B, 0x17, 0x1B, 0x17, 0x1B, 0x15, 
    0x1B, 0x15, 0x1B, 0x15, 0x1B, 0x15, 0x19, 0x1B, 0x17, 0x15, 0x1B, 0x15, 0x1B, 0x17, 0x1B, 0x19, 
    0x1B, 0x1B, 0x19, 0x1B, 0x1B, 0x1B, 0x16, 0x1C, 0x28, 0x31, 0x31, 0x26, 0x1F, 0x01, 0x00, 0x00, 
    0x00, 0x00, 0x00, 0x00, 0x00, 0x01, 0x00, 0x01, 0x01, 0x01, 0x01, 0x09, 0x09, 0x08, 0x00, 0x27, 
    0x5E, 0x9D, 0xE4, 0xE4, 0x86, 0x5D, 0x28, 0x22, 0x32, 0x3C, 0x38, 0x6A, 0x7A, 0x6B, 0x7A, 0x6C, 
    0x3C, 0x5B, 0x6B, 0x3C, 0x5B, 0x6C, 0x3C, 0x6B, 0x6B, 0x6A, 0x3C, 0x3C, 0x3C, 0x3A, 0x31, 0x31, 
    0x30, 0x2F, 0x25, 0x2F, 0x30, 0x2F, 0x25, 0x30, 0x2A, 0x2A, 0x2F, 0x22, 0x24, 0x29, 0x2F, 0x30, 
    0x30, 0x30, 0x2F, 0x31, 0x2F, 0x31, 0x2F, 0x2F, 0x2A, 0x31, 0x31, 0x3A, 0x3C, 0x6A, 0x3C, 0x6C, 
    0x7A, 0x5B, 0x7A, 0x7A, 0x79, 0x7A, 0x80, 0x7A, 0x80, 0x80, 0x7F, 0x83, 0x85, 0x82, 0x82, 0x84, 
    0x82, 0x7D, 0x82, 0x83, 0x81, 0x83, 0x7D, 0x7F, 0x80, 0x81, 0x58, 0x11, 0x00, 0x01, 0x1C, 0x19, 
    0x1B, 0x19, 0x19, 0x19, 0x1B, 0x19, 0x17, 0x15, 0x19, 0x18, 0x1B, 0x1E, 0x1B, 0x1E, 0x1D, 0x1E, 
    0x42, 0x1E, 0x42, 0x1E, 0x42, 0x42, 0x48, 0x48, 0x40, 0x48, 0x42, 0x42, 0x42, 0x34, 0x42, 0x48, 
    0x40, 0x53, 0x12, 0x2B, 0x3C, 0x7A, 0x5B, 0x1A, 0x02, 0x07, 0x00, 0x4E, 0xCD, 0xD2, 0xD4, 0xD5, 
    0xD5, 0xD5, 0xDA, 0xD6, 0xD4, 0xD6, 0xE0, 0xC7, 0xB0, 0x48, 0x16, 0x1D, 0x42, 0x42, 0x40, 0x1E, 
    0x1E, 0x1E, 0x1E, 0x1E, 0x42, 0x1E, 0x40, 0x1E, 0x1C, 0x1E, 0x1B, 0x1E, 0x40, 0x1C, 0x42, 0x1E, 
    0x42, 0x41, 0x1C, 0x1E, 0x1B, 0x1C, 0x1B, 0x1B, 0x1B, 0x1B, 0x1B, 0x1B, 0x19, 0x19, 0x1B, 0x19, 
    0x19, 0x17, 0x19, 0x19, 0x19, 0x17, 0x19, 0x17, 0x17, 0x19, 0x19, 0x15, 0x1B, 0x13, 0x1B, 0x17, 
    0x19, 0x17, 0x17, 0x17, 0x19, 0x17, 0x17, 0x17, 0x19, 0x17, 0x1B, 0x17, 0x1B, 0x17, 0x1B, 0x1B, 
    0x19, 0x19, 0x19, 0x1B, 0x16, 0x19, 0x25, 0x63, 0x66, 0x26, 0x23, 0x08, 0x00, 0x00, 0x00, 0x00, 
    0x00, 0x00, 0x01, 0x00, 0x01, 0x01, 0x01, 0x01, 0x09, 0x09, 0x09, 0x08, 0x08, 0x21, 0x80, 0xE4, 
    0xEC, 0xE5, 0x8A, 0x89, 0x52, 0x13, 0x22, 0x3B, 0x3C, 0x3D, 0x3D, 0x3D, 0x6C, 0x7A, 0x6C, 0x3D, 
    0x6C, 0x5B, 0x3C, 0x3C, 0x3D, 0x3C, 0x6A, 0x3C, 0x3C, 0x3C, 0x3A, 0x3A, 0x3A, 0x3A, 0x31, 0x2F, 
    0x25, 0x2F, 0x25, 0x30, 0x24, 0x2C, 0x22, 0x21, 0x20, 0x2C, 0x25, 0x29, 0x22, 0x29, 0x2A, 0x2C, 
    0x2A, 0x2C, 0x30, 0x30, 0x30, 0x2C, 0x22, 0x2C, 0x31, 0x31, 0x3A, 0x39, 0x6A, 0x3C, 0x3C, 0x3D, 
    0x6C, 0x5B, 0x7A, 0x7A, 0x7A, 0x7E, 0x7E, 0x5B, 0x80, 0x80, 0x81, 0x81, 0x7D, 0x82, 0x82, 0x82, 
    0x82, 0x82, 0x83, 0x82, 0x7D, 0x81, 0x7D, 0x80, 0x7E, 0x80, 0x2C, 0x00, 0x02, 0x06, 0x1E, 0x19, 
    0x19, 0x1B, 0x19, 0x17, 0x19, 0x19, 0x16, 0x1B, 0x19, 0x1B, 0x18, 0x1D, 0x1E, 0x1D, 0x42, 0x1D, 
    0x42, 0x42, 0x1E, 0x42, 0x42, 0x42, 0x48, 0x42, 0x48, 0x42, 0x1E, 0x42, 0x48, 0x42, 0x48, 0x42, 
    0x48, 0x1D, 0x19, 0x2E, 0x3D, 0x5B, 0x1A, 0x02, 0x07, 0x00, 0x49, 0xBF, 0xC8, 0xCD, 0xD6, 0xD5, 
    0xD5, 0xD6, 0xD5, 0xD4, 0xE0, 0xE1, 0xC2, 0x48, 0x18, 0x41, 0x34, 0x41, 0x42, 0x1D, 0x1E, 0x1D, 
    0x1E, 0x1D, 0x1D, 0x1D, 0x42, 0x1E, 0x1E, 0x1D, 0x1E, 0x41, 0x1C, 0x41, 0x1E, 0x1D, 0x1E, 0x1D, 
    0x1B, 0x1D, 0x1B, 0x1C, 0x1B, 0x1B, 0x18, 0x1B, 0x19, 0x1B, 0x19, 0x1B, 0x19, 0x1B, 0x19, 0x19, 
    0x19, 0x19, 0x19, 0x1B, 0x19, 0x19, 0x19, 0x19, 0x17, 0x19, 0x1B, 0x1B, 0x17, 0x19, 0x19, 0x17, 
    0x1B, 0x19, 0x19, 0x15, 0x17, 0x15, 0x17, 0x19, 0x17, 0x17, 0x1B, 0x19, 0x1B, 0x19, 0x1B, 0x19, 
    0x1D, 0x19, 0x17, 0x1A, 0x30, 0x66, 0x63, 0x26, 0x1F, 0x09, 0x00, 0x00, 0x00, 0x00, 0x00, 0x01, 
    0x01, 0x01, 0x01, 0x01, 0x01, 0x03, 0x08, 0x09, 0x09, 0x0A, 0x01, 0x2B, 0x79, 0x9D, 0xED, 0xEC, 
    0xE3, 0x86, 0x5F, 0x40, 0x17, 0x0B, 0x2C, 0x3C, 0x3C, 0x6C, 0x7A, 0x6C, 0x7A, 0x7A, 0x5B, 0x6C, 
    0x6C, 0x6C, 0x5B, 0x6C, 0x3D, 0x6C, 0x6B, 0x3C, 0x3D, 0x6B, 0x3C, 0x3A, 0x31, 0x35, 0x31, 0x31, 
    0x25, 0x2C, 0x2A, 0x25, 0x2A, 0x22, 0x2A, 0x22, 0x2A, 0x2F, 0x2A, 0x22, 0x29, 0x29, 0x2A, 0x2A, 
    0x2A, 0x25, 0x2C, 0x25, 0x2A, 0x24, 0x25, 0x30, 0x25, 0x31, 0x30, 0x39, 0x3C, 0x3A, 0x3D, 0x6B, 
    0x7A, 0x5B, 0x7E, 0x5B, 0x7A, 0x5B, 0x79, 0x7B, 0x79, 0x81, 0x7E, 0x81, 0x81, 0x82, 0x81, 0x82, 
    0x84, 0x81, 0x82, 0x82, 0x81, 0x83, 0x7D, 0x7F, 0x80, 0x38, 0x00, 0x07, 0x00, 0x17, 0x1D, 0x18, 
    0x1B, 0x1B, 0x1B, 0x19, 0x1B, 0x1B, 0x1C, 0x1D, 0x1B, 0x1E, 0x1B, 0x1E, 0x1D, 0x1E, 0x1E, 0x1E, 
    0x42, 0x42, 0x42, 0x42, 0x40, 0x48, 0x42, 0x44, 0x40, 0x34, 0x42, 0x42, 0x42, 0x2D, 0x48, 0x42, 
    0x48, 0x19, 0x17, 0x3B, 0x59, 0x2B, 0x00, 0x03, 0x00, 0x46, 0xBE, 0xCD, 0xD2, 0xD4, 0xD4, 0xD5, 
    0xD4, 0xD5, 0xE0, 0xF9, 0xC7, 0x56, 0x17, 0x42, 0x42, 0x1E, 0x42, 0x1E, 0x42, 0x1E, 0x40, 0x1E, 
    0x42, 0x1E, 0x1E, 0x1D, 0x1E, 0x42, 0x1D, 0x1E, 0x1D, 0x1E, 0x1B, 0x42, 0x1B, 0x41, 0x1D, 0x1B, 
    0x1D, 0x1B, 0x1B, 0x1B, 0x1B, 0x19, 0x1B, 0x19, 0x19, 0x18, 0x1B, 0x19, 0x1B, 0x19, 0x1B, 0x19, 
    0x19, 0x19, 0x19, 0x19, 0x19, 0x19, 0x19, 0x19, 0x1B, 0x1B, 0x19, 0x1B, 0x19, 0x19, 0x1B, 0x17, 
    0x1B, 0x17, 0x15, 0x19, 0x17, 0x17, 0x1B, 0x17, 0x19, 0x1B, 0x1B, 0x15, 0x1B, 0x1B, 0x19, 0x16, 
    0x16, 0x1A, 0x39, 0x6A, 0x66, 0x23, 0x20, 0x0C, 0x01, 0x00, 0x00, 0x00, 0x00, 0x00, 0x01, 0x01, 
    0x01, 0x01, 0x03, 0x01, 0x09, 0x0B, 0x0C, 0x09, 0x08, 0x29, 0x7E, 0x8B, 0xEC, 0xEC, 0xE5, 0x57, 
    0x2D, 0x1B, 0x55, 0x57, 0x44, 0x1A, 0x39, 0x3D, 0x6C, 0x7A, 0x7A, 0x5B, 0x7E, 0x5B, 0x7E, 0x7A, 
    0x6C, 0x5B, 0x6B, 0x3C, 0x3D, 0x5B, 0x3A, 0x3C, 0x6A, 0x3C, 0x3A, 0x3A, 0x3A, 0x31, 0x31, 0x2F, 
    0x25, 0x2A, 0x24, 0x2A, 0x20, 0x29, 0x2C, 0x2A, 0x20, 0x2A, 0x21, 0x0B, 0x0B, 0x14, 0x29, 0x2B, 
    0x21, 0x2A, 0x2A, 0x2A, 0x22, 0x2A, 0x30, 0x2C, 0x30, 0x31, 0x31, 0x31, 0x3A, 0x3C, 0x3C, 0x3C, 
    0x6C, 0x5B, 0x7A, 0x5B, 0x7B, 0x7A, 0x7E, 0x5B, 0x80, 0x80, 0x81, 0x81, 0x83, 0x81, 0x82, 0x82, 
    0x82, 0x85, 0x83, 0x7D, 0x82, 0x81, 0x7F, 0x80, 0x7E, 0x10, 0x00, 0x00, 0x00, 0x1B, 0x1D, 0x1B, 
    0x19, 0x1B, 0x1B, 0x1C, 0x1D, 0x1D, 0x1D, 0x1B, 0x1E, 0x1D, 0x1E, 0x1D, 0x42, 0x1D, 0x1E, 0x42, 
    0x1E, 0x1E, 0x34, 0x42, 0x42, 0x42, 0x42, 0x42, 0x42, 0x41, 0x1E, 0x42, 0x1E, 0x48, 0x42, 0x42, 
    0x55, 0x42, 0x02, 0x29, 0x1A, 0x01, 0x02, 0x00, 0x3F, 0xBA, 0xC9, 0xCD, 0xD2, 0xD4, 0xD5, 0xD5, 
    0xD6, 0xE1, 0xC3, 0x61, 0x1B, 0x1D, 0x48, 0x42, 0x1E, 0x41, 0x1E, 0x41, 0x1E, 0x1D, 0x1E, 0x1E, 
    0x1E, 0x1B, 0x42, 0x1E, 0x1E, 0x1D, 0x1E, 0x1B, 0x1D, 0x1B, 0x1D, 0x1D, 0x1D, 0x1B, 0x1C, 0x1B, 
    0x1C, 0x1B, 0x1B, 0x1B, 0x18, 0x19, 0x19, 0x19, 0x19, 0x1B, 0x19, 0x1B, 0x19, 0x1B, 0x19, 0x1B, 
    0x1B, 0x1B, 0x1B, 0x19, 0x1B, 0x19, 0x1B, 0x19, 0x1B, 0x19, 0x1B, 0x19, 0x1B, 0x19, 0x1B, 0x19, 
    0x19, 0x19, 0x19, 0x19, 0x1B, 0x15, 0x1B, 0x15, 0x1B, 0x17, 0x1B, 0x1B, 0x1B, 0x1B, 0x19, 0x2A, 
    0x31, 0x66, 0x63, 0x23, 0x1F, 0x0A, 0x01, 0x00, 0x00, 0x00, 0x00, 0x00, 0x01, 0x01, 0x01, 0x09, 
    0x05, 0x09, 0x0B, 0x0C, 0x0C, 0x0A, 0x08, 0x21, 0x79, 0x9D, 0xA3, 0xF0, 0xED, 0x86, 0x19, 0x57, 
    0x5F, 0x55, 0x15, 0x2D, 0x53, 0x3B, 0x3B, 0x6B, 0x5B, 0x7A, 0x7A, 0x7A, 0x79, 0x7A, 0x79, 0x7A, 
    0x7A, 0x6C, 0x6B, 0x6C, 0x3C, 0x6C, 0x3D, 0x3C, 0x3C, 0x3C, 0x3A, 0x3A, 0x31, 0x31, 0x2F, 0x2F, 
    0x24, 0x24, 0x29, 0x2A, 0x1F, 0x1F, 0x27, 0x21, 0x29, 0x27, 0x0B, 0x00, 0x00, 0x00, 0x00, 0x1A, 
    0x27, 0x21, 0x14, 0x2E, 0x2A, 0x2A, 0x24, 0x30, 0x30, 0x30, 0x32, 0x31, 0x3C, 0x6A, 0x3C, 0x6C, 
    0x6B, 0x7A, 0x7A, 0x7E, 0x5B, 0x7A, 0x7E, 0x7B, 0x79, 0x7F, 0x7F, 0x81, 0x81, 0x81, 0x81, 0x84, 
    0x82, 0x82, 0x81, 0x82, 0x82, 0x81, 0x7F, 0x80, 0x2E, 0x00, 0x13, 0x1D, 0x04, 0x1E, 0x1D, 0x1B, 
    0x18, 0x1B, 0x1B, 0x1C, 0x1B, 0x1C, 0x1B, 0x1E, 0x40, 0x1E, 0x1E, 0x1C, 0x42, 0x1E, 0x42, 0x1E, 
    0x42, 0x42, 0x42, 0x42, 0x42, 0x44, 0x42, 0x42, 0x42, 0x42, 0x42, 0x42, 0x1E, 0x48, 0x42, 0x48, 
    0x42, 0x55, 0x42, 0x09, 0x07, 0x07, 0x00, 0x17, 0xBB, 0xCD, 0xCD, 0xD2, 0xD2, 0xD3, 0xD6, 0xD0, 
    0xC1, 0x55, 0x1C, 0x1E, 0x42, 0x1C, 0x41, 0x1E, 0x42, 0x1D, 0x42, 0x1E, 0x40, 0x1E, 0x1E, 0x1E, 
    0x1E, 0x1C, 0x41, 0x42, 0x1C, 0x41, 0x1C, 0x42, 0x1B, 0x42, 0x1B, 0x1E, 0x1B, 0x1D, 0x1B, 0x1D, 
    0x1B, 0x1B, 0x19, 0x19, 0x1B, 0x1C, 0x1B, 0x19, 0x1B, 0x19, 0x1B, 0x1C, 0x1B, 0x1B, 0x1B, 0x1B, 
    0x19, 0x19, 0x18, 0x19, 0x19, 0x1B, 0x19, 0x19, 0x19, 0x1B, 0x19, 0x1B, 0x19, 0x19, 0x19, 0x19, 
    0x19, 0x17, 0x1B, 0x15, 0x1B, 0x17, 0x1B, 0x17, 0x1B, 0x19, 0x19, 0x16, 0x19, 0x29, 0x25, 0x26, 
    0x26, 0x22, 0x0F, 0x09, 0x03, 0x00, 0x00, 0x00, 0x00, 0x00, 0x00, 0x00, 0x03, 0x03, 0x08, 0x03, 
    0x09, 0x0B, 0x0F, 0x08, 0x08, 0x2B, 0x7E, 0x9F, 0xEC, 0xEC, 0xEE, 0x9F, 0x54, 0x1A, 0x36, 0x54, 
    0x52, 0x52, 0x57, 0x57, 0x37, 0x3B, 0x3C, 0x6C, 0x7A, 0x7A, 0x7A, 0x6C, 0x7A, 0x6C, 0x7B, 0x7A, 
    0x6C, 0x6C, 0x6B, 0x5B, 0x6C, 0x3C, 0x3C, 0x3C, 0x6B, 0x3A, 0x3A, 0x3A, 0x3A, 0x30, 0x31, 0x25, 
    0x25, 0x22, 0x22, 0x21, 0x1F, 0x11, 0x21, 0x0C, 0x0F, 0x07, 0x00, 0x00, 0x00, 0x00, 0x00, 0x00, 
    0x11, 0x1A, 0x11, 0x29, 0x2C, 0x21, 0x25, 0x30, 0x25, 0x2F, 0x25, 0x31, 0x3A, 0x3B, 0x3A, 0x3C, 
    0x6C, 0x5B, 0x7A, 0x5B, 0x7A, 0x79, 0x7E, 0x5B, 0x80, 0x80, 0x7F, 0x81, 0x7F, 0x81, 0x82, 0x82, 
    0x82, 0x82, 0x82, 0x7D, 0x82, 0x80, 0x7F, 0x5A, 0x09, 0x01, 0x34, 0x55, 0x41, 0x41, 0x19, 0x1B, 
    0x1D, 0x1B, 0x18, 0x1B, 0x1D, 0x1D, 0x34, 0x1E, 0x1E, 0x1D, 0x1E, 0x42, 0x1E, 0x41, 0x1E, 0x42, 
    0x42, 0x42, 0x48, 0x42, 0x34, 0x41, 0x42, 0x42, 0x42, 0x41, 0x34, 0x42, 0x34, 0x42, 0x1E, 0x48, 
    0x1E, 0x42, 0x34, 0x03, 0x05, 0x00, 0x02, 0xAD, 0xBF, 0xCB, 0xCC, 0xD2, 0xCE, 0xE0, 0xE9, 0x56, 
    0x19, 0x41, 0x42, 0x1D, 0x1C, 0x1D, 0x34, 0x1D, 0x1E, 0x1D, 0x1E, 0x41, 0x1E, 0x1D, 0x1E, 0x40, 
    0x1E, 0x1E, 0x1E, 0x1D, 0x1D, 0x1D, 0x1D, 0x1D, 0x1B, 0x1C, 0x1B, 0x1B, 0x1D, 0x1B, 0x1D, 0x1B, 
    0x18, 0x1B, 0x19, 0x1B, 0x1B, 0x19, 0x19, 0x1B, 0x18, 0x1B, 0x18, 0x1B, 0x18, 0x1D, 0x18, 0x1B, 
    0x1B, 0x19, 0x1B, 0x19, 0x1B, 0x19, 0x1B, 0x19, 0x1B, 0x19, 0x1B, 0x18, 0x1B, 0x19, 0x1B, 0x1B, 
    0x1B, 0x19, 0x19, 0x19, 0x19, 0x19, 0x1B, 0x18, 0x1B, 0x1B, 0x19, 0x29, 0x30, 0x26, 0x26, 0x20, 
    0x1F, 0x09, 0x08, 0x00, 0x00, 0x00, 0x00, 0x00, 0x00, 0x00, 0x01, 0x08, 0x03, 0x09, 0x0B, 0x0F, 
    0x09, 0x0A, 0x21, 0x3B, 0x82, 0xEB, 0xEB, 0xEE, 0xF1, 0xEC, 0x86, 0x1A, 0x2B, 0x30, 0x2C, 0x30, 
    0x2E, 0x2C, 0x54, 0x59, 0x32, 0x3C, 0x3C, 0x3D, 0x6C, 0x7A, 0x7A, 0x7B, 0x7A, 0x7A, 0x7A, 0x7A, 
    0x5B, 0x6C, 0x6B, 0x6C, 0x6B, 0x6B, 0x3C, 0x3C, 0x3C, 0x3A, 0x3A, 0x3A, 0x26, 0x31, 0x30, 0x25, 
    0x2A, 0x22, 0x22, 0x20, 0x27, 0x21, 0x27, 0x1F, 0x09, 0x00, 0x00, 0x00, 0x00, 0x00, 0x00, 0x00, 
    0x0B, 0x1A, 0x29, 0x29, 0x2A, 0x2C, 0x2A, 0x24, 0x30, 0x30, 0x30, 0x31, 0x3A, 0x6A, 0x3C, 0x3D, 
    0x7A, 0x6C, 0x7A, 0x7A, 0x7A, 0x7E, 0x7A, 0x7B, 0x7E, 0x7F, 0x80, 0x7F, 0x81, 0x82, 0x81, 0x88, 
    0x82, 0x82, 0x81, 0x7D, 0x81, 0x7D, 0x7A, 0x29, 0x00, 0x07, 0x17, 0x48, 0xB0, 0x1E, 0x1B, 0x1B, 
    0x1B, 0x1E, 0x1B, 0x1D, 0x1B, 0x1C, 0x41, 0x1E, 0x1D, 0x1E, 0x42, 0x1E, 0x42, 0x1E, 0x41, 0x42, 
    0x1E, 0x48, 0x40, 0x48, 0x40, 0x48, 0x42, 0x42, 0x42, 0x34, 0x42, 0x1E, 0x42, 0x1E, 0x41, 0x48, 
    0x55, 0x53, 0x19, 0x02, 0x04, 0x00, 0xAC, 0xC0, 0xBD, 0xCD, 0xCF, 0xC6, 0xAF, 0xC2, 0x60, 0x1B, 
    0x42, 0x1E, 0x1D, 0x1E, 0x40, 0x1E, 0x40, 0x1E, 0x41, 0x42, 0x1D, 0x1E, 0x1D, 0x1E, 0x42, 0x1E, 
    0x1D, 0x1D, 0x1B, 0x1E, 0x1B, 0x1D, 0x1C, 0x1B, 0x1B, 0x1C, 0x1B, 0x1B, 0x1C, 0x1B, 0x1B, 0x19, 
    0x1B, 0x1B, 0x1B, 0x19, 0x1B, 0x19, 0x1B, 0x19, 0x1B, 0x19, 0x1B, 0x1B, 0x1B, 0x1B, 0x1B, 0x1B, 
    0x19, 0x1B, 0x19, 0x1B, 0x19, 0x1B, 0x19, 0x1B, 0x18, 0x1B, 0x19, 0x1C, 0x19, 0x1B, 0x18, 0x1B, 
    0x19, 0x1B, 0x19, 0x19, 0x1B, 0x19, 0x19, 0x16, 0x19, 0x2A, 0x25, 0x26, 0x26, 0x22, 0x1F, 0x09, 
    0x09, 0x00, 0x00, 0x00, 0x00, 0x00, 0x00, 0x00, 0x01, 0x01, 0x09, 0x09, 0x09, 0x11, 0x5B, 0x9F, 
    0xE4, 0x9F, 0xEB, 0xE6, 0xEC, 0xF0, 0xF1, 0xF1, 0xE5, 0x57, 0x36, 0x2E, 0x39, 0x32, 0x39, 0x32, 
    0x3B, 0x2E, 0x32, 0x30, 0x3B, 0x3B, 0x6B, 0x3D, 0x7A, 0x7A, 0x6C, 0x7A, 0x7A, 0x7A, 0x7A, 0x7A, 
    0x6C, 0x6C, 0x6B, 0x3C, 0x6C, 0x3C, 0x3C, 0x6B, 0x3A, 0x3A, 0x3A, 0x31, 0x31, 0x30, 0x30, 0x25, 
    0x25, 0x22, 0x21, 0x21, 0x1F, 0x1F, 0x11, 0x0C, 0x0B, 0x00, 0x00, 0x00, 0x00, 0x00, 0x00, 0x00, 
    0x0B, 0x10, 0x11, 0x1A, 0x20, 0x2A, 0x20, 0x2A, 0x25, 0x30, 0x31, 0x25, 0x3A, 0x3B, 0x3C, 0x3C, 
    0x6C, 0x7A, 0x5B, 0x7A, 0x7A, 0x7A, 0x7E, 0x7A, 0x80, 0x80, 0x7F, 0x81, 0x7F, 0x7D, 0x82, 0x82, 
    0x81, 0x81, 0x82, 0x81, 0x81, 0x7D, 0x37, 0x00, 0x0B, 0x1E, 0x53, 0xB0, 0x56, 0x1B, 0x1B, 0x1B, 
    0x18, 0x1B, 0x1D, 0x1B, 0x1D, 0x1D, 0x1E, 0x1E, 0x1E, 0x1E, 0x42, 0x41, 0x42, 0x41, 0x1E, 0x42, 
    0x48, 0x42, 0x42, 0x42, 0x42, 0x42, 0x1E, 0x40, 0x48, 0x42, 0x1E, 0x1E, 0x1E, 0x1E, 0x1E, 0x48, 
    0x55, 0x1B, 0x00, 0x00, 0x01, 0x50, 0xBA, 0xBE, 0xCF, 0xC6, 0xC2, 0x61, 0x52, 0x53, 0x1D, 0x41, 
    0x1E, 0x1D, 0x1E, 0x1D, 0x1E, 0x1D, 0x1E, 0x41, 0x1C, 0x1D, 0x1E, 0x1D, 0x42, 0x1D, 0x1D, 0x1D, 
    0x1E, 0x1D, 0x1D, 0x1D, 0x1D, 0x1B, 0x1D, 0x1B, 0x1D, 0x1B, 0x1B, 0x1B, 0x19, 0x1B, 0x19, 0x1B, 
    0x18, 0x1B, 0x19, 0x1B, 0x19, 0x1B, 0x19, 0x1B, 0x19, 0x1B, 0x19, 0x1B, 0x1D, 0x18, 0x1D, 0x18, 
    0x1B, 0x19, 0x1C, 0x19, 0x1B, 0x1C, 0x1B, 0x19, 0x1B, 0x19, 0x1B, 0x1B, 0x1B, 0x1B, 0x1B, 0x1B, 
    0x1C, 0x19, 0x1B, 0x19, 0x1C, 0x15, 0x19, 0x2A, 0x30, 0x26, 0x26, 0x24, 0x0A, 0x0A, 0x01, 0x00, 
    0x00, 0x00, 0x00, 0x00, 0x00, 0x00, 0x00, 0x01, 0x01, 0x03, 0x0B, 0x09, 0x29, 0x80, 0xE4, 0xF0, 
    0xF4, 0xF4, 0xF1, 0xF4, 0xF1, 0xF1, 0xEB, 0x89, 0x44, 0x20, 0x2C, 0x39, 0x32, 0x39, 0x3B, 0x3A, 
    0x32, 0x3C, 0x3B, 0x3A, 0x3C, 0x3C, 0x3D, 0x6B, 0x6C, 0x6C, 0x7A, 0x7A, 0x6C, 0x7A, 0x7A, 0x7A, 
    0x7A, 0x3D, 0x6B, 0x7A, 0x3C, 0x6B, 0x3A, 0x3C, 0x3C, 0x3A, 0x3A, 0x3A, 0x26, 0x31, 0x2F, 0x25, 
    0x22, 0x2A, 0x22, 0x21, 0x27, 0x22, 0x1F, 0x21, 0x0C, 0x00, 0x00, 0x00, 0x00, 0x00, 0x00, 0x00, 
    0x15, 0x29, 0x27, 0x29, 0x29, 0x2A, 0x2A, 0x24, 0x30, 0x25, 0x30, 0x31, 0x31, 0x3A, 0x3C, 0x6B, 
    0x7A, 0x7A, 0x7A, 0x7E, 0x5B, 0x79, 0x7A, 0x7A, 0x79, 0x81, 0x81, 0x7F, 0x80, 0x82, 0x81, 0x84, 
    0x85, 0x82, 0x81, 0x81, 0x81, 0x7A, 0x09, 0x00, 0x42, 0x62, 0xB0, 0x56, 0x19, 0x1E, 0x1B, 0x1B, 
    0x1B, 0x1C, 0x1B, 0x1C, 0x1D, 0x1E, 0x1B, 0x1E, 0x1B, 0x1C, 0x41, 0x42, 0x42, 0x42, 0x42, 0x48, 
    0x42, 0x42, 0x42, 0x42, 0x40, 0x34, 0x42, 0x1E, 0x42, 0x42, 0x40, 0x1E, 0x1E, 0x1E, 0x42, 0x55, 
    0x1E, 0x00, 0x00, 0x00, 0xAE, 0xC0, 0xC6, 0xC7, 0xC2, 0x56, 0x44, 0x48, 0x41, 0x1E, 0x42, 0x1E, 
    0x1E, 0x1E, 0x40, 0x1E, 0x42, 0x1E, 0x40, 0x1E, 0x42, 0x1D, 0x42, 0x1E, 0x1B, 0x1E, 0x1E, 0x1E, 
    0x1D, 0x1C, 0x1B, 0x1C, 0x1B, 0x1B, 0x1D, 0x1B, 0x1B, 0x1B, 0x1B, 0x1C, 0x19, 0x1B, 0x1B, 0x1B, 
    0x1B, 0x19, 0x1B, 0x19, 0x1B, 0x19, 0x1B, 0x19, 0x1B, 0x19, 0x1B, 0x19, 0x1B, 0x1B, 0x1B, 0x1B, 
    0x19, 0x19, 0x19, 0x19, 0x19, 0x1B, 0x19, 0x1B, 0x18, 0x1B, 0x18, 0x1B, 0x18, 0x1B, 0x18, 0x19, 
    0x19, 0x19, 0x1B, 0x17, 0x1A, 0x29, 0x25, 0x26, 0x26, 0x20, 0x0F, 0x09, 0x03, 0x00, 0x00, 0x00, 
    0x00, 0x00, 0x00, 0x00, 0x00, 0x00, 0x01, 0x01, 0x09, 0x09, 0x0A, 0x2B, 0x80, 0xE5, 0xEC, 0xEF, 
    0xF1, 0xEF, 0xF4, 0xF4, 0xEC, 0x8A, 0x5C, 0x48, 0x2B, 0x2C, 0x39, 0x3B, 0x3A, 0x3B, 0x3A, 0x3B, 
    0x3C, 0x3A, 0x3C, 0x3B, 0x3D, 0x3C, 0x6C, 0x3D, 0x6C, 0x6C, 0x6C, 0x7A, 0x7A, 0x7A, 0x6C, 0x6C, 
    0x6C, 0x6B, 0x6C, 0x3D, 0x3D, 0x3C, 0x6A, 0x3C, 0x3A, 0x3A, 0x3A, 0x31, 0x35, 0x2F, 0x25, 0x25, 
    0x25, 0x22, 0x22, 0x1F, 0x21, 0x21, 0x21, 0x14, 0x1F, 0x0B, 0x00, 0x00, 0x00, 0x00, 0x00, 0x10, 
    0x1A, 0x11, 0x21, 0x29, 0x22, 0x2A, 0x20, 0x24, 0x25, 0x2F, 0x25, 0x31, 0x3A, 0x3B, 0x6B, 0x5B, 
    0x6C, 0x7A, 0x5B, 0x7A, 0x7A, 0x7A, 0x7E, 0x7E, 0x7E, 0x80, 0x7F, 0x80, 0x81, 0x81, 0x82, 0x82, 
    0x82, 0x85, 0x7D, 0x81, 0x7F, 0x2B, 0x00, 0x0E, 0x07, 0x55, 0x47, 0x1D, 0x1B, 0x1B, 0x1D, 0x1B, 
    0x1D, 0x1B, 0x1D, 0x1D, 0x1D, 0x1D, 0x1D, 0x1D, 0x1E, 0x41, 0x1E, 0x42, 0x48, 0x48, 0x48, 0x42, 
    0x34, 0x41, 0x42, 0x42, 0x34, 0x42, 0x1E, 0x41, 0x1E, 0x1D, 0x34, 0x1D, 0x1E, 0x41, 0x48, 0x48, 
    0x09, 0x00, 0x19, 0x56, 0xC4, 0xC7, 0xC2, 0x5F, 0x1B, 0x1D, 0x1D, 0x1D, 0x1E, 0x41, 0x1C, 0x1D, 
    0x1E, 0x1D, 0x1E, 0x1D, 0x1E, 0x42, 0x1E, 0x41, 0x1E, 0x1D, 0x1E, 0x1D, 0x1E, 0x42, 0x1E, 0x1D, 
    0x1D, 0x1B, 0x1D, 0x1B, 0x1D, 0x1B, 0x1D, 0x1B, 0x19, 0x1B, 0x18, 0x1B, 0x19, 0x1B, 0x18, 0x19, 
    0x19, 0x1B, 0x19, 0x1B, 0x19, 0x1B, 0x19, 0x1B, 0x19, 0x1B, 0x19, 0x1B, 0x18, 0x1B, 0x1B, 0x19, 
    0x1B, 0x19, 0x1B, 0x19, 0x1B, 0x19, 0x1B, 0x19, 0x1B, 0x19, 0x1B, 0x19, 0x1B, 0x19, 0x1B, 0x18, 
    0x1B, 0x17, 0x19, 0x2A, 0x31, 0x63, 0x24, 0x22, 0x0A, 0x09, 0x01, 0x00, 0x00, 0x00, 0x00, 0x00, 
    0x00, 0x00, 0x00, 0x00, 0x00, 0x01, 0x08, 0x09, 0x09, 0x0A, 0x2C, 0x7D, 0xE4, 0xED, 0xF0, 0xF0, 
    0xF0, 0xF0, 0xF0, 0x9D, 0x60, 0x61, 0x5F, 0x2B, 0x2A, 0x30, 0x39, 0x3C, 0x3C, 0x3A, 0x39, 0x3C, 
    0x3D, 0x3C, 0x6B, 0x3D, 0x3C, 0x6B, 0x7A, 0x6C, 0x7A, 0x7A, 0x6C, 0x7A, 0x7A, 0x6D, 0x5B, 0x6C, 
    0x7A, 0x3D, 0x3C, 0x6C, 0x3D, 0x3C, 0x3D, 0x3C, 0x3A, 0x3A, 0x31, 0x3A, 0x31, 0x26, 0x30, 0x24, 
    0x22, 0x22, 0x2A, 0x22, 0x2A, 0x1F, 0x21, 0x21, 0x0C, 0x10, 0x0B, 0x0E, 0x03, 0x01, 0x15, 0x2B, 
    0x29, 0x27, 0x1F, 0x2A, 0x2A, 0x22, 0x2A, 0x25, 0x30, 0x25, 0x30, 0x31, 0x3B, 0x6A, 0x3C, 0x6B, 
    0x5B, 0x7A, 0x6C, 0x7E, 0x5B, 0x7A, 0x79, 0x7E, 0x80, 0x7F, 0x80, 0x7E, 0x81, 0x82, 0x85, 0x82, 
    0x81, 0x81, 0x81, 0x7D, 0x5B, 0x08, 0x05, 0x07, 0x1B, 0x44, 0x42, 0x1C, 0x1B, 0x1D, 0x1B, 0x1B, 
    0x1D, 0x1D, 0x1B, 0x1D, 0x1D, 0x1E, 0x41, 0x42, 0x42, 0x42, 0x48, 0x48, 0x42, 0x42, 0x41, 0x42, 
    0x41, 0x42, 0x42, 0x1E, 0x42, 0x1E, 0x1B, 0x1E, 0x1D, 0x1E, 0x1B, 0x1E, 0x1D, 0x1E, 0x42, 0x0E, 
    0x00, 0x19, 0x42, 0x42, 0x13, 0x1E, 0x1B, 0x1B, 0x41, 0x1E, 0x1D, 0x1E, 0x1B, 0x1E, 0x1B, 0x1C, 
    0x42, 0x1E, 0x1E, 0x1D, 0x42, 0x1E, 0x42, 0x42, 0x1E, 0x1E, 0x42, 0x1C, 0x1D, 0x1E, 0x1B, 0x1C, 
    0x1D, 0x1E, 0x1D, 0x1D, 0x1B, 0x1B, 0x1B, 0x1C, 0x1B, 0x1B, 0x19, 0x19, 0x1B, 0x19, 0x1B, 0x1B, 
    0x1B, 0x1B, 0x19, 0x1B, 0x1B, 0x19, 0x1B, 0x1B, 0x1B, 0x18, 0x1B, 0x1B, 0x19, 0x1B, 0x1B, 0x1B, 
    0x19, 0x19, 0x19, 0x19, 0x1B, 0x1B, 0x19, 0x1B, 0x19, 0x1B, 0x19, 0x1B, 0x19, 0x1B, 0x19, 0x17, 
    0x1A, 0x2C, 0x26, 0x26, 0x26, 0x1F, 0x1F, 0x09, 0x01, 0x00, 0x00, 0x00, 0x00, 0x00, 0x00, 0x00, 
    0x00, 0x00, 0x00, 0x00, 0x08, 0x01, 0x0A, 0x03, 0x11, 0x3B, 0x7D, 0xE5, 0xEB, 0xED, 0xF0, 0xEF, 
    0xEC, 0xED, 0xE5, 0x61, 0x48, 0x56, 0x56, 0x1A, 0x2C, 0x39, 0x39, 0x3C, 0x3A, 0x3B, 0x3D, 0x3D, 
    0x3D, 0x3C, 0x3D, 0x3C, 0x6C, 0x3D, 0x7A, 0x5B, 0x6D, 0x5B, 0x6D, 0x7A, 0x6C, 0x7A, 0x3D, 0x3D, 
    0x6C, 0x3D, 0x3D, 0x3C, 0x3D, 0x3C, 0x3C, 0x3A, 0x3A, 0x3A, 0x3A, 0x31, 0x31, 0x25, 0x25, 0x30, 
    0x25, 0x2A, 0x22, 0x22, 0x1F, 0x27, 0x22, 0x29, 0x21, 0x0C, 0x11, 0x1C, 0x1A, 0x1C, 0x0B, 0x11, 
    0x29, 0x29, 0x21, 0x29, 0x21, 0x2A, 0x22, 0x2F, 0x25, 0x25, 0x30, 0x31, 0x3A, 0x3C, 0x3D, 0x3D, 
    0x6C, 0x7A, 0x7A, 0x5B, 0x7B, 0x7A, 0x7E, 0x7E, 0x80, 0x80, 0x7F, 0x7E, 0x7F, 0x85, 0x7D, 0x81, 
    0x88, 0x81, 0x7D, 0x80, 0x2B, 0x00, 0x07, 0x07, 0x42, 0x48, 0x1D, 0x1B, 0x1D, 0x1D, 0x1D, 0x1B, 
    0x1B, 0x1B, 0x1D, 0x1D, 0x1D, 0x1D, 0x1E, 0x42, 0x42, 0x42, 0x48, 0x42, 0x48, 0x42, 0x1E, 0x42, 
    0x42, 0x41, 0x1E, 0x1D, 0x1D, 0x1B, 0x1D, 0x1D, 0x1D, 0x1B, 0x1D, 0x1D, 0x1D, 0x42, 0x1E, 0x00, 
    0x10, 0x1B, 0x19, 0x1D, 0x1D, 0x0E, 0x17, 0x1B, 0x1C, 0x1D, 0x1D, 0x1D, 0x1C, 0x1D, 0x1E, 0x1E, 
    0x1E, 0x1C, 0x41, 0x1C, 0x42, 0x1C, 0x1E, 0x1D, 0x1E, 0x1E, 0x1C, 0x1D, 0x41, 0x1D, 0x1E, 0x41, 
    0x1E, 0x1B, 0x1D, 0x1C, 0x1D, 0x1B, 0x1A, 0x1B, 0x19, 0x1B, 0x19, 0x1B, 0x19, 0x1B, 0x19, 0x1B, 
    0x19, 0x1B, 0x18, 0x1B, 0x19, 0x1B, 0x19, 0x1B, 0x19, 0x1B, 0x19, 0x1B, 0x1B, 0x1B, 0x1B, 0x1B, 
    0x1B, 0x19, 0x1B, 0x19, 0x1B, 0x19, 0x1B, 0x19, 0x1B, 0x19, 0x1B, 0x1A, 0x1B, 0x16, 0x14, 0x30, 
    0x65, 0x63, 0x25, 0x22, 0x1F, 0x09, 0x01, 0x00, 0x00, 0x00, 0x00, 0x00, 0x00, 0x00, 0x00, 0x00, 
    0x00, 0x00, 0x01, 0x01, 0x08, 0x09, 0x09, 0x21, 0x59, 0x88, 0x9F, 0xEB, 0xED, 0xEC, 0xED, 0xF0, 
    0xE4, 0x62, 0x62, 0x91, 0x56, 0x44, 0x48, 0x2B, 0x30, 0x30, 0x3C, 0x3C, 0x3D, 0x3C, 0x3C, 0x6B, 
    0x3C, 0x6C, 0x3D, 0x6B, 0x6B, 0x6B, 0x6C, 0x6B, 0x7A, 0x6C, 0x7A, 0x6C, 0x7A, 0x6C, 0x7A, 0x6C, 
    0x6B, 0x6C, 0x3C, 0x6B, 0x6B, 0x6B, 0x3C, 0x3A, 0x3C, 0x3A, 0x31, 0x31, 0x31, 0x31, 0x25, 0x2F, 
    0x24, 0x24, 0x2A, 0x24, 0x22, 0x22, 0x2A, 0x21, 0x29, 0x0B, 0x14, 0x0C, 0x0C, 0x1A, 0x0C, 0x14, 
    0x14, 0x14, 0x29, 0x2A, 0x2A, 0x22, 0x2A, 0x24, 0x25, 0x2F, 0x2F, 0x3A, 0x31, 0x3C, 0x3C, 0x6C, 
    0x5B, 0x7A, 0x79, 0x7A, 0x79, 0x7E, 0x7A, 0x7E, 0x80, 0x81, 0x80, 0x81, 0x81, 0x81, 0x81, 0x80, 
    0x81, 0x81, 0x80, 0x5B, 0x01, 0x03, 0x1B, 0x1E, 0x42, 0x1E, 0x1B, 0x1E, 0x1B, 0x1C, 0x1B, 0x1E, 
    0x1C, 0x1B, 0x1B, 0x1E, 0x40, 0x42, 0x42, 0x42, 0x40, 0x42, 0x44, 0x42, 0x42, 0x42, 0x42, 0x42, 
    0x41, 0x1E, 0x1B, 0x1D, 0x1B, 0x1C, 0x1B, 0x1B, 0x1B, 0x1C, 0x1B, 0x1E, 0x1B, 0x48, 0x19, 0x19, 
    0x15, 0x10, 0x1B, 0x42, 0x55, 0x55, 0x1E, 0x03, 0x15, 0x1C, 0x1E, 0x1E, 0x1E, 0x1E, 0x1C, 0x41, 
    0x1E, 0x1E, 0x1E, 0x1E, 0x1E, 0x1E, 0x42, 0x1E, 0x1E, 0x1D, 0x42, 0x1E, 0x42, 0x1E, 0x1D, 0x1E, 
    0x1B, 0x1E, 0x1B, 0x1B, 0x1D, 0x1B, 0x1B, 0x1B, 0x1C, 0x19, 0x1B, 0x18, 0x1B, 0x19, 0x1C, 0x1B, 
    0x1B, 0x1B, 0x1B, 0x1D, 0x1B, 0x1B, 0x1D, 0x1B, 0x1D, 0x1B, 0x1D, 0x1B, 0x1B, 0x1B, 0x1B, 0x1B, 
    0x19, 0x19, 0x19, 0x19, 0x19, 0x19, 0x19, 0x1B, 0x19, 0x1C, 0x19, 0x16, 0x1A, 0x30, 0x66, 0x65, 
    0x35, 0x1F, 0x0F, 0x09, 0x03, 0x00, 0x00, 0x00, 0x00, 0x00, 0x00, 0x00, 0x00, 0x00, 0x00, 0x00, 
    0x00, 0x01, 0x03, 0x09, 0x09, 0x09, 0x21, 0x5B, 0x9E, 0x9F, 0xEB, 0xEB, 0xEC, 0xED, 0xEC, 0x89, 
    0x17, 0x12, 0x61, 0x5F, 0x56, 0x41, 0x18, 0x2C, 0x30, 0x39, 0x3A, 0x3B, 0x3D, 0x3C, 0x3C, 0x3C, 
    0x3D, 0x3C, 0x3D, 0x3C, 0x6C, 0x3C, 0x6C, 0x6C, 0x6B, 0x6C, 0x6B, 0x6C, 0x6D, 0x6B, 0x6C, 0x6C, 
    0x6B, 0x3D, 0x3D, 0x3C, 0x3C, 0x3C, 0x3C, 0x6A, 0x3A, 0x31, 0x3A, 0x31, 0x35, 0x30, 0x26, 0x2F, 
    0x26, 0x25, 0x24, 0x22, 0x22, 0x22, 0x22, 0x27, 0x21, 0x15, 0x11, 0x0C, 0x11, 0x11, 0x11, 0x14, 
    0x21, 0x29, 0x21, 0x2A, 0x2C, 0x2A, 0x22, 0x2C, 0x25, 0x30, 0x31, 0x31, 0x6A, 0x3C, 0x3D, 0x5B, 
    0x6C, 0x7A, 0x7A, 0x7A, 0x7E, 0x5B, 0x7E, 0x7E, 0x7E, 0x7D, 0x7F, 0x80, 0x7F, 0x81, 0x81, 0x7D, 
    0x80, 0x80, 0x7E, 0x29, 0x00, 0x03, 0x48, 0x61, 0x55, 0x1B, 0x1D, 0x1B, 0x1D, 0x19, 0x1D, 0x1D, 
    0x1D, 0x1B, 0x1D, 0x41, 0x1D, 0x40, 0x1E, 0x42, 0x42, 0x41, 0x34, 0x41, 0x1E, 0x42, 0x1E, 0x1D, 
    0x1D, 0x1B, 0x1D, 0x1B, 0x18, 0x19, 0x19, 0x1B, 0x18, 0x1B, 0x1D, 0x1B, 0x1E, 0x42, 0x18, 0x1C, 
    0x34, 0x42, 0x47, 0x55, 0x16, 0x13, 0x10, 0x07, 0x0E, 0x05, 0x10, 0x1B, 0x1E, 0x1E, 0x1E, 0x1D, 
    0x1C, 0x1D, 0x1C, 0x41, 0x1E, 0x42, 0x1E, 0x41, 0x1E, 0x1E, 0x1E, 0x42, 0x1E, 0x1D, 0x1E, 0x1D, 
    0x1C, 0x1D, 0x1D, 0x1D, 0x1D, 0x1B, 0x18, 0x19, 0x19, 0x1B, 0x19, 0x1B, 0x19, 0x1B, 0x1C, 0x1B, 
    0x18, 0x1B, 0x18, 0x1B, 0x18, 0x1B, 0x18, 0x1D, 0x1D, 0x1B, 0x1D, 0x1D, 0x1D, 0x1E, 0x1D, 0x1D, 
    0x19, 0x1B, 0x19, 0x19, 0x1B, 0x1A, 0x1B, 0x1C, 0x16, 0x12, 0x1A, 0x65, 0x66, 0x66, 0x26, 0x24, 
    0x1F, 0x09, 0x08, 0x00, 0x00, 0x00, 0x00, 0x00, 0x00, 0x00, 0x00, 0x00, 0x00, 0x00, 0x00, 0x01, 
    0x01, 0x09, 0x09, 0x0A, 0x09, 0x2B, 0x80, 0x9E, 0x9D, 0xEB, 0xEB, 0xEC, 0xED, 0xE6, 0x5D, 0x04, 
    0x1B, 0x18, 0x5F, 0x55, 0x55, 0x1D, 0x2D, 0x2C, 0x32, 0x3A, 0x3C, 0x6A, 0x3A, 0x3D, 0x6B, 0x3C, 
    0x3D, 0x6B, 0x3C, 0x6B, 0x3C, 0x6B, 0x6B, 0x6C, 0x6C, 0x6C, 0x6B, 0x3D, 0x6C, 0x6C, 0x7A, 0x6C, 
    0x3C, 0x6C, 0x3D, 0x3D, 0x3C, 0x6C, 0x3D, 0x3C, 0x3A, 0x3A, 0x3A, 0x3A, 0x3A, 0x35, 0x30, 0x26, 
    0x2F, 0x25, 0x24, 0x24, 0x2A, 0x24, 0x24, 0x22, 0x11, 0x11, 0x27, 0x27, 0x14, 0x21, 0x0C, 0x0C, 
    0x27, 0x21, 0x22, 0x20, 0x2A, 0x2C, 0x2A, 0x25, 0x25, 0x39, 0x31, 0x3A, 0x3C, 0x3C, 0x3D, 0x6C, 
    0x5B, 0x7E, 0x5B, 0x7E, 0x7A, 0x7E, 0x79, 0x7E, 0x80, 0x7F, 0x80, 0x81, 0x7E, 0x81, 0x7D, 0x80, 
    0x80, 0x7E, 0x59, 0x01, 0x01, 0x1E, 0x5F, 0x57, 0x1B, 0x1B, 0x1C, 0x1B, 0x1B, 0x1B, 0x1B, 0x1C, 
    0x1B, 0x1E, 0x1B, 0x1D, 0x1B, 0x1E, 0x1D, 0x1E, 0x1E, 0x1E, 0x1E, 0x1E, 0x42, 0x1E, 0x1D, 0x1D, 
    0x1D, 0x18, 0x1B, 0x19, 0x16, 0x18, 0x1B, 0x19, 0x1B, 0x1B, 0x1B, 0x1B, 0x48, 0x1E, 0x1E, 0x19, 
    0x44, 0x5F, 0xE2, 0xF8, 0xE7, 0x5D, 0x00, 0x00, 0x00, 0x07, 0x02, 0x03, 0x07, 0x19, 0x1E, 0x1E, 
    0x1E, 0x1E, 0x1B, 0x1E, 0x1E, 0x1E, 0x1E, 0x1E, 0x42, 0x1E, 0x42, 0x1E, 0x1E, 0x1C, 0x40, 0x1E, 
    0x1D, 0x1C, 0x1D, 0x18, 0x1B, 0x19, 0x1B, 0x19, 0x1B, 0x1B, 0x1C, 0x1B, 0x1C, 0x1B, 0x1B, 0x1D, 
    0x1B, 0x1E, 0x1B, 0x1E, 0x1B, 0x1D, 0x1B, 0x1E, 0x1C, 0x1D, 0x1B, 0x1D, 0x1B, 0x1D, 0x1B, 0x1D, 
    0x19, 0x19, 0x19, 0x19, 0x19, 0x1B, 0x16, 0x16, 0x29, 0x31, 0x6E, 0x69, 0x63, 0x24, 0x1F, 0x0A, 
    0x01, 0x00, 0x00, 0x00, 0x00, 0x00, 0x00, 0x00, 0x00, 0x00, 0x00, 0x00, 0x00, 0x00, 0x01, 0x01, 
    0x09, 0x09, 0x08, 0x0C, 0x32, 0x80, 0x9D, 0x9D, 0xEB, 0xEC, 0xEC, 0xEC, 0xE5, 0x34, 0x00, 0x17, 
    0x1B, 0x5F, 0x56, 0x47, 0x05, 0x19, 0x29, 0x2C, 0x35, 0x3B, 0x3C, 0x3C, 0x3C, 0x3D, 0x3D, 0x3C, 
    0x3C, 0x3A, 0x3A, 0x3C, 0x6B, 0x3D, 0x6C, 0x3C, 0x3D, 0x6B, 0x6C, 0x6C, 0x6B, 0x6B, 0x7A, 0x6B, 
    0x3D, 0x6B, 0x3D, 0x3C, 0x6C, 0x3C, 0x3A, 0x3C, 0x3A, 0x3C, 0x3A, 0x3A, 0x3A, 0x31, 0x31, 0x30, 
    0x26, 0x30, 0x25, 0x24, 0x25, 0x2A, 0x24, 0x2A, 0x27, 0x21, 0x21, 0x21, 0x21, 0x1F, 0x21, 0x27, 
    0x21, 0x2A, 0x20, 0x22, 0x2A, 0x2C, 0x20, 0x30, 0x25, 0x30, 0x31, 0x3C, 0x3C, 0x3C, 0x6C, 0x5B, 
    0x7A, 0x7A, 0x6F, 0x79, 0x7A, 0x7A, 0x7E, 0x7E, 0x7E, 0x80, 0x7F, 0x80, 0x81, 0x80, 0x7D, 0x5E, 
    0x7E, 0x7A, 0x2E, 0x1D, 0x52, 0x56, 0x61, 0x42, 0x19, 0x1C, 0x19, 0x1B, 0x18, 0x1B, 0x1D, 0x1B, 
    0x1D, 0x1B, 0x42, 0x1C, 0x42, 0x42, 0x42, 0x42, 0x42, 0x42, 0x34, 0x41, 0x1E, 0x1D, 0x1B, 0x1B, 
    0x1B, 0x1B, 0x19, 0x1B, 0x18, 0x1B, 0x19, 0x1B, 0x18, 0x1B, 0x19, 0x1E, 0x1E, 0x44, 0x55, 0x55, 
    0x5C, 0xE8, 0xED, 0xE6, 0xE6, 0xE6, 0xE8, 0x60, 0x00, 0x00, 0x00, 0x05, 0x00, 0x02, 0x07, 0x19, 
    0x1E, 0x1E, 0x1E, 0x1E, 0x1E, 0x41, 0x1E, 0x42, 0x1E, 0x1E, 0x1E, 0x1E, 0x1E, 0x42, 0x1E, 0x1D, 
    0x1E, 0x41, 0x1D, 0x1B, 0x19, 0x1B, 0x1B, 0x1C, 0x1D, 0x1B, 0x1D, 0x1B, 0x18, 0x1B, 0x18, 0x1B, 
    0x1D, 0x1C, 0x1E, 0x1B, 0x1E, 0x1C, 0x1E, 0x1B, 0x1C, 0x1B, 0x42, 0x1D, 0x1E, 0x1D, 0x1E, 0x1B, 
    0x1C, 0x19, 0x1B, 0x1C, 0x16, 0x0D, 0x29, 0x69, 0x64, 0x67, 0x64, 0x23, 0x24, 0x1F, 0x08, 0x00, 
    0x00, 0x00, 0x00, 0x00, 0x00, 0x00, 0x00, 0x00, 0x00, 0x00, 0x00, 0x00, 0x00, 0x08, 0x01, 0x09, 
    0x09, 0x09, 0x11, 0x5B, 0x88, 0xEB, 0xE4, 0xEB, 0xEB, 0xF0, 0xEC, 0x88, 0x12, 0x17, 0x15, 0x1D, 
    0x5F, 0x40, 0x1B, 0x57, 0x04, 0x10, 0x29, 0x30, 0x30, 0x3A, 0x3C, 0x3C, 0x3C, 0x6B, 0x3C, 0x3C, 
    0x6B, 0x3C, 0x6B, 0x3C, 0x3A, 0x6B, 0x3A, 0x6B, 0x3C, 0x6B, 0x6B, 0x6B, 0x6B, 0x6C, 0x6B, 0x5B, 
    0x6C, 0x6C, 0x3C, 0x6C, 0x6B, 0x6A, 0x3A, 0x6B, 0x3C, 0x3A, 0x3C, 0x3A, 0x31, 0x3A, 0x31, 0x26, 
    0x2F, 0x26, 0x2F, 0x26, 0x2F, 0x25, 0x24, 0x2A, 0x14, 0x22, 0x22, 0x22, 0x21, 0x22, 0x2A, 0x22, 
    0x2A, 0x21, 0x2A, 0x2A, 0x2A, 0x2C, 0x2A, 0x2F, 0x30, 0x31, 0x31, 0x3C, 0x3C, 0x6C, 0x7A, 0x7A, 
    0x7A, 0x7A, 0x7E, 0x7A, 0x7E, 0x7B, 0x79, 0x7F, 0x81, 0x7F, 0x81, 0x7D, 0x81, 0x7F, 0x80, 0x7E, 
    0x7A, 0x38, 0x14, 0x1C, 0x55, 0x60, 0x53, 0x1C, 0x1B, 0x1B, 0x1C, 0x1B, 0x1B, 0x18, 0x1B, 0x1C, 
    0x1B, 0x1C, 0x1B, 0x1C, 0x1B, 0x1C, 0x41, 0x42, 0x41, 0x1D, 0x1D, 0x1E, 0x1D, 0x1B, 0x1D, 0x19, 
    0x1D, 0x19, 0x1B, 0x19, 0x1B, 0x19, 0x1B, 0x1B, 0x1B, 0x1C, 0x1B, 0x48, 0x1E, 0x55, 0x5F, 0x56, 
    0xE3, 0xEB, 0x81, 0x7B, 0x7A, 0x81, 0x9F, 0xE6, 0xE4, 0x62, 0x07, 0x00, 0x00, 0x01, 0x00, 0x00, 
    0x07, 0x19, 0x1B, 0x1E, 0x42, 0x44, 0x42, 0x1E, 0x42, 0x1E, 0x40, 0x1E, 0x1D, 0x1C, 0x42, 0x42, 
    0x1B, 0x18, 0x1C, 0x1E, 0x1C, 0x1C, 0x1B, 0x19, 0x15, 0x15, 0x15, 0x0B, 0x15, 0x1A, 0x1B, 0x1B, 
    0x1B, 0x1C, 0x1B, 0x1C, 0x1B, 0x1E, 0x1B, 0x1E, 0x1B, 0x1E, 0x1B, 0x1C, 0x1D, 0x1C, 0x1B, 0x1E, 
    0x19, 0x19, 0x17, 0x12, 0x2B, 0x69, 0x6E, 0x67, 0x64, 0x63, 0x23, 0x0A, 0x0A, 0x00, 0x00, 0x00, 
    0x00, 0x00, 0x00, 0x00, 0x00, 0x00, 0x00, 0x00, 0x00, 0x00, 0x00, 0x00, 0x03, 0x01, 0x09, 0x09, 
    0x08, 0x2B, 0x7E, 0x8B, 0xEB, 0xE4, 0xEB, 0xED, 0xEC, 0xED, 0x5D, 0x12, 0x17, 0x13, 0x48, 0x5F, 
    0x1B, 0x05, 0x1E, 0x48, 0x07, 0x0C, 0x2C, 0x30, 0x39, 0x3A, 0x3A, 0x3C, 0x3C, 0x3C, 0x3A, 0x3C, 
    0x3A, 0x3A, 0x3A, 0x3A, 0x3A, 0x3A, 0x3A, 0x3C, 0x3A, 0x3C, 0x3A, 0x3C, 0x6C, 0x3C, 0x7A, 0x3D, 
    0x6B, 0x3D, 0x6C, 0x6C, 0x3A, 0x3D, 0x3D, 0x3C, 0x3A, 0x3A, 0x3A, 0x3A, 0x3A, 0x31, 0x3A, 0x30, 
    0x26, 0x25, 0x25, 0x2F, 0x25, 0x2F, 0x25, 0x2A, 0x11, 0x2A, 0x20, 0x2A, 0x22, 0x22, 0x20, 0x2A, 
    0x21, 0x22, 0x22, 0x2C, 0x25, 0x30, 0x30, 0x25, 0x39, 0x39, 0x3A, 0x3C, 0x3D, 0x3D, 0x7A, 0x7A, 
    0x5B, 0x7E, 0x7E, 0x7A, 0x7E, 0x7E, 0x7E, 0x7E, 0x7F, 0x80, 0x7D, 0x80, 0x7F, 0x80, 0x7E, 0x79, 
    0x7E, 0x36, 0x18, 0x48, 0x61, 0x5F, 0x1E, 0x1B, 0x19, 0x1B, 0x18, 0x1B, 0x19, 0x1B, 0x1D, 0x1B, 
    0x18, 0x1B, 0x1D, 0x41, 0x1D, 0x1D, 0x1D, 0x1D, 0x1B, 0x1D, 0x1D, 0x1B, 0x1B, 0x1B, 0x19, 0x1B, 
    0x18, 0x1B, 0x19, 0x19, 0x19, 0x19, 0x19, 0x1B, 0x19, 0x19, 0x1E, 0x48, 0x1C, 0x48, 0x56, 0x9C, 
    0x9D, 0x7E, 0x7F, 0x7D, 0x81, 0x80, 0x6F, 0x7E, 0x9F, 0xE8, 0xE4, 0x62, 0x07, 0x00, 0x02, 0x00, 
    0x00, 0x00, 0x07, 0x19, 0x1E, 0x42, 0x1E, 0x1E, 0x34, 0x1E, 0x1E, 0x1D, 0x1E, 0x41, 0x1E, 0x1D, 
    0x1C, 0x41, 0x34, 0x1E, 0x19, 0x03, 0x03, 0x01, 0x01, 0x00, 0x00, 0x01, 0x09, 0x09, 0x0A, 0x0B, 
    0x1A, 0x1B, 0x1D, 0x1C, 0x1D, 0x1B, 0x1D, 0x1D, 0x1D, 0x1D, 0x1E, 0x1D, 0x1D, 0x1B, 0x1D, 0x1C, 
    0x16, 0x12, 0x28, 0x69, 0x75, 0x71, 0x67, 0x64, 0x23, 0x20, 0x08, 0x00, 0x00, 0x00, 0x00, 0x00, 
    0x00, 0x00, 0x00, 0x00, 0x00, 0x00, 0x00, 0x00, 0x00, 0x00, 0x01, 0x08, 0x01, 0x09, 0x09, 0x0F, 
    0x2C, 0x80, 0x9F, 0xEB, 0xEB, 0xEB, 0xEB, 0xF0, 0xEB, 0x44, 0x12, 0x1C, 0x12, 0x55, 0x55, 0x10, 
    0x13, 0x19, 0x1B, 0x19, 0x07, 0x11, 0x2C, 0x30, 0x31, 0x3A, 0x3C, 0x3A, 0x38, 0x6A, 0x3B, 0x3A, 
    0x31, 0x31, 0x31, 0x31, 0x31, 0x31, 0x31, 0x65, 0x31, 0x3A, 0x3C, 0x6B, 0x3C, 0x6B, 0x3C, 0x6C, 
    0x3C, 0x6C, 0x6C, 0x3C, 0x6B, 0x6C, 0x3C, 0x6A, 0x3C, 0x3A, 0x3C, 0x3A, 0x3A, 0x3A, 0x31, 0x31, 
    0x31, 0x26, 0x31, 0x26, 0x26, 0x26, 0x2F, 0x22, 0x2A, 0x25, 0x24, 0x25, 0x24, 0x25, 0x2A, 0x25, 
    0x2A, 0x25, 0x24, 0x25, 0x25, 0x30, 0x39, 0x31, 0x31, 0x39, 0x3C, 0x3C, 0x3C, 0x6C, 0x7A, 0x7A, 
    0x79, 0x7E, 0x7A, 0x7E, 0x79, 0x7F, 0x80, 0x7F, 0x80, 0x7B, 0x80, 0x7F, 0x80, 0x80, 0x7A, 0x7A, 
    0x59, 0x57, 0x5F, 0x60, 0x61, 0x55, 0x19, 0x1B, 0x1B, 0x1B, 0x1B, 0x1B, 0x1B, 0x19, 0x1B, 0x1B, 
    0x1B, 0x1C, 0x1B, 0x1D, 0x1B, 0x1C, 0x1B, 0x1D, 0x1C, 0x1B, 0x1B, 0x1B, 0x1B, 0x19, 0x1B, 0x19, 
    0x1B, 0x19, 0x1B, 0x19, 0x1B, 0x19, 0x1B, 0x18, 0x1B, 0x1B, 0x55, 0x55, 0x42, 0x55, 0x85, 0x9E, 
    0x7A, 0x7D, 0x81, 0x7F, 0x81, 0x81, 0x80, 0x7F, 0x7A, 0x80, 0x8A, 0xE6, 0xE3, 0x1E, 0x00, 0x01, 
    0x00, 0x00, 0x00, 0x00, 0x07, 0x19, 0x1D, 0x1E, 0x1D, 0x42, 0x1E, 0x1E, 0x42, 0x1E, 0x1D, 0x1E, 
    0x1E, 0x1C, 0x19, 0x09, 0x01, 0x03, 0x05, 0x03, 0x05, 0x01, 0x00, 0x01, 0x05, 0x09, 0x0B, 0x0A, 
    0x0C, 0x0F, 0x14, 0x1A, 0x1C, 0x1E, 0x1B, 0x1C, 0x1D, 0x1C, 0x1D, 0x1E, 0x1E, 0x1E, 0x1B, 0x18, 
    0x2C, 0x69, 0x77, 0x71, 0x71, 0x66, 0x63, 0x24, 0x08, 0x00, 0x00, 0x00, 0x00, 0x00, 0x00, 0x00, 
    0x00, 0x00, 0x00, 0x00, 0x00, 0x00, 0x00, 0x00, 0x00, 0x01, 0x03, 0x03, 0x09, 0x09, 0x11, 0x32, 
    0x87, 0x9F, 0xED, 0xEB, 0xEB, 0xED, 0xEC, 0xE5, 0x19, 0x12, 0x15, 0x1B, 0x56, 0x47, 0x07, 0x16, 
    0x15, 0x0E, 0x19, 0x17, 0x0E, 0x29, 0x30, 0x30, 0x3A, 0x3A, 0x3A, 0x3C, 0x3A, 0x3A, 0x39, 0x31, 
    0x31, 0x32, 0x30, 0x2F, 0x31, 0x32, 0x31, 0x31, 0x31, 0x31, 0x3A, 0x3A, 0x3A, 0x3A, 0x3A, 0x3C, 
    0x6C, 0x3D, 0x3C, 0x3C, 0x6C, 0x3C, 0x3A, 0x3A, 0x3A, 0x3A, 0x3A, 0x3A, 0x3A, 0x3A, 0x3A, 0x26, 
    0x3A, 0x31, 0x31, 0x26, 0x26, 0x2F, 0x31, 0x1F, 0x2C, 0x25, 0x25, 0x2F, 0x25, 0x30, 0x25, 0x30, 
    0x25, 0x30, 0x25, 0x2F, 0x30, 0x30, 0x3A, 0x39, 0x39, 0x3B, 0x3D, 0x3C, 0x3D, 0x7A, 0x7A, 0x5B, 
    0x7F, 0x7A, 0x7E, 0x7A, 0x7E, 0x7E, 0x7F, 0x80, 0x7F, 0x80, 0x7E, 0x80, 0x7E, 0x80, 0x7E, 0x5B, 
    0x2B, 0x1E, 0x55, 0x5F, 0x5F, 0x41, 0x19, 0x1B, 0x19, 0x1B, 0x18, 0x16, 0x18, 0x1B, 0x1B, 0x1B, 
    0x1B, 0x1B, 0x1B, 0x1B, 0x1B, 0x1B, 0x1B, 0x1B, 0x1B, 0x1B, 0x17, 0x1B, 0x19, 0x15, 0x1B, 0x15, 
    0x19, 0x19, 0x19, 0x19, 0x1B, 0x17, 0x19, 0x1B, 0x19, 0x48, 0x57, 0xB0, 0xB0, 0x5E, 0x8C, 0x7A, 
    0x7F, 0x81, 0x7F, 0x7D, 0x82, 0x7D, 0x83, 0x81, 0x7E, 0x79, 0x7A, 0x58, 0x8A, 0x62, 0x13, 0x00, 
    0x00, 0x00, 0x01, 0x00, 0x00, 0x00, 0x07, 0x19, 0x1C, 0x1D, 0x1E, 0x42, 0x1E, 0x19, 0x0E, 0x13, 
    0x10, 0x01, 0x01, 0x00, 0x05, 0x00, 0x04, 0x00, 0x02, 0x00, 0x04, 0x02, 0x01, 0x01, 0x03, 0x05, 
    0x0A, 0x0B, 0x0A, 0x11, 0x0F, 0x14, 0x18, 0x1B, 0x1E, 0x1B, 0x1E, 0x1D, 0x1C, 0x1E, 0x1E, 0x1B, 
    0x77, 0x77, 0x75, 0x64, 0x64, 0x23, 0x08, 0x00, 0x00, 0x01, 0x00, 0x00, 0x00, 0x00, 0x00, 0x00, 
    0x00, 0x00, 0x00, 0x00, 0x00, 0x00, 0x00, 0x01, 0x01, 0x09, 0x0B, 0x09, 0x09, 0x21, 0x59, 0x88, 
    0x9D, 0xEB, 0xEB, 0xEB, 0xEC, 0xEC, 0x89, 0x04, 0x17, 0x0E, 0x40, 0x5F, 0x42, 0x07, 0x1B, 0x19, 
    0x17, 0x15, 0x42, 0x07, 0x0C, 0x2C, 0x2C, 0x31, 0x31, 0x3A, 0x3C, 0x39, 0x39, 0x31, 0x30, 0x31, 
    0x25, 0x30, 0x24, 0x30, 0x30, 0x2F, 0x24, 0x31, 0x2F, 0x31, 0x31, 0x31, 0x6B, 0x6A, 0x3C, 0x6B, 
    0x3C, 0x3C, 0x3C, 0x6B, 0x3D, 0x6B, 0x3C, 0x6A, 0x3C, 0x3C, 0x31, 0x3A, 0x3C, 0x3A, 0x31, 0x3A, 
    0x31, 0x31, 0x2F, 0x65, 0x2F, 0x31, 0x2F, 0x21, 0x2F, 0x31, 0x2F, 0x31, 0x2F, 0x31, 0x25, 0x31, 
    0x2F, 0x26, 0x30, 0x31, 0x2F, 0x31, 0x31, 0x3A, 0x3A, 0x3C, 0x3C, 0x6C, 0x5B, 0x7A, 0x7A, 0x7A, 
    0x7A, 0x7A, 0x7E, 0x79, 0x7A, 0x7F, 0x80, 0x7F, 0x80, 0x7F, 0x80, 0x7E, 0x80, 0x7E, 0x7A, 0x3B, 
    0x1B, 0x55, 0x60, 0x56, 0x48, 0x1E, 0x1B, 0x18, 0x1B, 0x1B, 0x1C, 0x1B, 0x1B, 0x1B, 0x1B, 0x19, 
    0x1B, 0x19, 0x19, 0x1B, 0x19, 0x1B, 0x1B, 0x1B, 0x1B, 0x15, 0x1B, 0x19, 0x19, 0x17, 0x19, 0x19, 
    0x17, 0x19, 0x1B, 0x19, 0x1B, 0x1B, 0x19, 0x1B, 0x1B, 0x5F, 0x62, 0x5F, 0x57, 0x84, 0x7A, 0x7E, 
    0x81, 0x83, 0x81, 0x83, 0x81, 0x81, 0x81, 0x81, 0x80, 0x7F, 0x79, 0x7E, 0x5B, 0x86, 0x5F, 0x00, 
    0x01, 0x01, 0x00, 0x01, 0x00, 0x01, 0x00, 0x01, 0x13, 0x19, 0x19, 0x19, 0x07, 0x03, 0x05, 0x01, 
    0x00, 0x01, 0x00, 0x00, 0x00, 0x00, 0x00, 0x00, 0x00, 0x01, 0x00, 0x00, 0x00, 0x01, 0x01, 0x03, 
    0x05, 0x09, 0x09, 0x0A, 0x0C, 0x0A, 0x1F, 0x27, 0x19, 0x1A, 0x1B, 0x1E, 0x1B, 0x1B, 0x16, 0x1B, 
    0x77, 0x67, 0x64, 0x26, 0x1F, 0x00, 0x00, 0x01, 0x00, 0x00, 0x00, 0x00, 0x00, 0x00, 0x00, 0x00, 
    0x00, 0x00, 0x00, 0x00, 0x00, 0x00, 0x01, 0x01, 0x09, 0x09, 0x09, 0x0A, 0x2B, 0x5B, 0x9B, 0x9D, 
    0xEB, 0xE6, 0xEB, 0xEC, 0xEC, 0x5D, 0x04, 0x1B, 0x13, 0x47, 0x5F, 0x1B, 0x07, 0x19, 0x15, 0x17, 
    0x15, 0x17, 0x1B, 0x00, 0x11, 0x2C, 0x30, 0x39, 0x35, 0x39, 0x3A, 0x30, 0x30, 0x31, 0x25, 0x30, 
    0x25, 0x24, 0x25, 0x2A, 0x25, 0x2A, 0x24, 0x2F, 0x25, 0x25, 0x31, 0x31, 0x3A, 0x3A, 0x3A, 0x3A, 
    0x6A, 0x3C, 0x6B, 0x3C, 0x3C, 0x3C, 0x3D, 0x3A, 0x3D, 0x3A, 0x3A, 0x3A, 0x3A, 0x3A, 0x3A, 0x39, 
    0x3A, 0x30, 0x3A, 0x31, 0x3A, 0x31, 0x31, 0x11, 0x3A, 0x30, 0x31, 0x31, 0x35, 0x31, 0x31, 0x30, 
    0x3A, 0x30, 0x3A, 0x30, 0x3A, 0x39, 0x3A, 0x39, 0x3C, 0x3D, 0x3B, 0x3D, 0x6C, 0x5B, 0x7A, 0x5B, 
    0x6F, 0x7A, 0x7E, 0x7E, 0x7E, 0x7E, 0x7E, 0x7E, 0x7E, 0x7E, 0x7E, 0x7E, 0x7E, 0x79, 0x3D, 0x53, 
    0x57, 0x61, 0x57, 0x42, 0x1E, 0x1B, 0x19, 0x1B, 0x19, 0x19, 0x19, 0x1B, 0x1D, 0x19, 0x18, 0x16, 
    0x19, 0x17, 0x19, 0x1B, 0x19, 0x1B, 0x19, 0x15, 0x19, 0x17, 0x19, 0x17, 0x17, 0x17, 0x19, 0x17, 
    0x19, 0x17, 0x1B, 0x17, 0x19, 0x19, 0x19, 0x19, 0x34, 0x5F, 0x48, 0x00, 0x80, 0x80, 0x6D, 0x7E, 
    0x7F, 0x7D, 0x7D, 0x83, 0x7D, 0x82, 0x83, 0x81, 0x7F, 0x7F, 0x7F, 0x7E, 0x7E, 0x80, 0x87, 0x57, 
    0x00, 0x01, 0x02, 0x04, 0x03, 0x04, 0x03, 0x00, 0x03, 0x05, 0x07, 0x07, 0x03, 0x05, 0x01, 0x00, 
    0x00, 0x00, 0x00, 0x00, 0x00, 0x00, 0x00, 0x00, 0x00, 0x00, 0x00, 0x00, 0x00, 0x00, 0x00, 0x02, 
    0x03, 0x01, 0x03, 0x03, 0x09, 0x0B, 0x0A, 0x0A, 0x0F, 0x0C, 0x11, 0x1B, 0x19, 0x2D, 0x38, 0x7C, 
    0x64, 0x26, 0x0C, 0x00, 0x00, 0x01, 0x00, 0x00, 0x00, 0x00, 0x00, 0x00, 0x00, 0x00, 0x00, 0x00, 
    0x00, 0x00, 0x00, 0x00, 0x00, 0x01, 0x01, 0x09, 0x09, 0x09, 0x0C, 0x37, 0x80, 0x9E, 0x9D, 0xED, 
    0xED, 0xEC, 0xEC, 0xE4, 0x44, 0x12, 0x19, 0x13, 0x5F, 0x56, 0x13, 0x19, 0x19, 0x19, 0x17, 0x19, 
    0x13, 0x19, 0x07, 0x00, 0x1A, 0x2C, 0x30, 0x3A, 0x31, 0x3A, 0x30, 0x31, 0x25, 0x30, 0x30, 0x25, 
    0x2A, 0x24, 0x2A, 0x2A, 0x2A, 0x24, 0x2A, 0x25, 0x2F, 0x31, 0x30, 0x31, 0x2F, 0x3A, 0x31, 0x3A, 
    0x3C, 0x3A, 0x3C, 0x6B, 0x6A, 0x6A, 0x3D, 0x3C, 0x3C, 0x3A, 0x3C, 0x3A, 0x3A, 0x3A, 0x3A, 0x3A, 
    0x3A, 0x3A, 0x31, 0x31, 0x31, 0x31, 0x2C, 0x29, 0x3C, 0x3A, 0x31, 0x31, 0x31, 0x3A, 0x31, 0x3A, 
    0x30, 0x3A, 0x30, 0x39, 0x3A, 0x39, 0x3C, 0x3C, 0x3C, 0x6C, 0x5B, 0x3C, 0x5B, 0x6F, 0x5B, 0x7E, 
    0x7A, 0x7A, 0x7A, 0x7A, 0x7B, 0x7F, 0x79, 0x7E, 0x79, 0x7E, 0x79, 0x5B, 0x5D, 0x7A, 0x3B, 0x57, 
    0x5F, 0x1E, 0x40, 0x53, 0x19, 0x19, 0x1B, 0x19, 0x16, 0x18, 0x16, 0x1B, 0x17, 0x0B, 0x17, 0x15, 
    0x1B, 0x1B, 0x17, 0x19, 0x1B, 0x17, 0x1B, 0x17, 0x19, 0x17, 0x1B, 0x1B, 0x1B, 0x19, 0x17, 0x1B, 
    0x17, 0x19, 0x19, 0x17, 0x1B, 0x18, 0x1B, 0x1B, 0x53, 0x15, 0x00, 0x37, 0x80, 0x6C, 0x7A, 0x7F, 
    0x7F, 0x81, 0x81, 0x84, 0x82, 0x83, 0x82, 0x82, 0x81, 0x81, 0x7D, 0x7F, 0x81, 0x7D, 0x80, 0x8A, 
    0x61, 0x10, 0x07, 0x01, 0x04, 0x01, 0x07, 0x07, 0x07, 0x09, 0x00, 0x00, 0x00, 0x00, 0x00, 0x03, 
    0x00, 0x00, 0x00, 0x00, 0x00, 0x00, 0x00, 0x00, 0x00, 0x00, 0x00, 0x00, 0x00, 0x00, 0x00, 0x00, 
    0x00, 0x01, 0x05, 0x08, 0x01, 0x09, 0x0B, 0x09, 0x0C, 0x0C, 0x0A, 0x22, 0x35, 0x70, 0x70, 0x70, 
    0x11, 0x00, 0x00, 0x01, 0x01, 0x00, 0x00, 0x00, 0x00, 0x00, 0x00, 0x00, 0x00, 0x00, 0x00, 0x00, 
    0x00, 0x00, 0x00, 0x00, 0x03, 0x01, 0x09, 0x09, 0x09, 0x11, 0x3B, 0x5E, 0x9E, 0x9D, 0xEC, 0xED, 
    0xEC, 0xEC, 0x9E, 0x1D, 0x13, 0x17, 0x1D, 0x5F, 0x48, 0x05, 0x17, 0x17, 0x15, 0x17, 0x1B, 0x17, 
    0x15, 0x19, 0x06, 0x00, 0x11, 0x2C, 0x39, 0x30, 0x39, 0x31, 0x31, 0x39, 0x25, 0x30, 0x25, 0x2A, 
    0x24, 0x22, 0x2A, 0x27, 0x22, 0x22, 0x22, 0x2A, 0x25, 0x25, 0x30, 0x25, 0x2F, 0x30, 0x30, 0x3A, 
    0x3A, 0x3C, 0x3A, 0x3D, 0x6A, 0x3D, 0x3C, 0x3C, 0x6A, 0x3B, 0x6A, 0x3C, 0x3A, 0x39, 0x3A, 0x3A, 
    0x3A, 0x3A, 0x3A, 0x3A, 0x39, 0x30, 0x21, 0x30, 0x3A, 0x31, 0x3A, 0x3A, 0x3A, 0x39, 0x3A, 0x39, 
    0x3A, 0x39, 0x3A, 0x3C, 0x3A, 0x3C, 0x3C, 0x3C, 0x3D, 0x3D, 0x6C, 0x3D, 0x3B, 0x7A, 0x7A, 0x7A, 
    0x7A, 0x5B, 0x7E, 0x7E, 0x7E, 0x79, 0x6F, 0x79, 0x7F, 0x7E, 0x7E, 0x58, 0x7A, 0x5B, 0x36, 0x56, 
    0x5F, 0x1B, 0x56, 0x1D, 0x19, 0x19, 0x19, 0x19, 0x19, 0x17, 0x19, 0x15, 0x45, 0xBC, 0xBF, 0x49, 
    0x0B, 0x17, 0x19, 0x19, 0x19, 0x17, 0x15, 0x17, 0x19, 0x17, 0x17, 0x15, 0x15, 0x17, 0x15, 0x17, 
    0x15, 0x17, 0x1B, 0x15, 0x1B, 0x1B, 0x19, 0x42, 0x15, 0x00, 0x1A, 0x7A, 0x7A, 0x7A, 0x7F, 0x7F, 
    0x7D, 0x83, 0x82, 0x82, 0x84, 0x82, 0x8C, 0x82, 0x82, 0x81, 0x82, 0x81, 0x7D, 0x80, 0x7F, 0x86, 
    0x89, 0x62, 0x44, 0x41, 0x19, 0x07, 0x07, 0x07, 0x00, 0x00, 0x18, 0xE3, 0xE5, 0x5D, 0x00, 0x00, 
    0x00, 0x05, 0x01, 0x00, 0x00, 0x00, 0x00, 0x00, 0x00, 0x00, 0x00, 0x00, 0x00, 0x00, 0x00, 0x00, 
    0x00, 0x00, 0x00, 0x00, 0x01, 0x01, 0x03, 0x03, 0x09, 0x09, 0x0A, 0x26, 0x66, 0x67, 0x66, 0x23, 
    0x00, 0x01, 0x05, 0x00, 0x00, 0x01, 0x00, 0x00, 0x00, 0x00, 0x00, 0x00, 0x00, 0x00, 0x00, 0x00, 
    0x00, 0x00, 0x00, 0x03, 0x08, 0x09, 0x08, 0x0A, 0x29, 0x3B, 0x80, 0x9D, 0xEB, 0xEB, 0xEB, 0xEC, 
    0xEC, 0x87, 0x16, 0x1B, 0x15, 0x42, 0x55, 0x1C, 0x13, 0x1B, 0x19, 0x17, 0x19, 0x15, 0x17, 0x19, 
    0x17, 0x19, 0x04, 0x00, 0x27, 0x2C, 0x31, 0x31, 0x39, 0x31, 0x2F, 0x2F, 0x24, 0x25, 0x24, 0x24, 
    0x22, 0x24, 0x22, 0x22, 0x27, 0x22, 0x2A, 0x22, 0x2A, 0x2F, 0x2A, 0x25, 0x2A, 0x30, 0x31, 0x3A, 
    0x3B, 0x6A, 0x3A, 0x6B, 0x3C, 0x6B, 0x3A, 0x3C, 0x3D, 0x6B, 0x3A, 0x3C, 0x3C, 0x3C, 0x3C, 0x3A, 
    0x3A, 0x3A, 0x3A, 0x3A, 0x31, 0x3A, 0x28, 0x3C, 0x3C, 0x3A, 0x3C, 0x3A, 0x3C, 0x3A, 0x3C, 0x3A, 
    0x3A, 0x3C, 0x3C, 0x3C, 0x3C, 0x3C, 0x3D, 0x6B, 0x7A, 0x6C, 0x6C, 0x6C, 0x7A, 0x3C, 0x7A, 0x7A, 
    0x7A, 0x7A, 0x7A, 0x7B, 0x79, 0x7B, 0x7B, 0x7A, 0x79, 0x7E, 0x7E, 0x79, 0x5B, 0x37, 0x44, 0x55, 
    0x5F, 0x57, 0x42, 0x17, 0x1B, 0x17, 0x1B, 0x19, 0x19, 0x19, 0x16, 0x08, 0xB9, 0xD7, 0xD8, 0xB2, 
    0x08, 0x19, 0x19, 0x15, 0x17, 0x19, 0x17, 0x1B, 0x15, 0x1B, 0x1B, 0x17, 0x19, 0x17, 0x15, 0x1B, 
    0x17, 0x19, 0x19, 0x17, 0x1B, 0x19, 0x1C, 0x19, 0x00, 0x00, 0x5A, 0x6C, 0x7B, 0x6F, 0x7F, 0x7F, 
    0x81, 0x83, 0x84, 0x84, 0x84, 0x84, 0x8C, 0x84, 0x83, 0x83, 0x82, 0x81, 0x81, 0x81, 0x81, 0x80, 
    0x86, 0x91, 0x5F, 0xB0, 0x56, 0x13, 0x05, 0x00, 0x00, 0x9B, 0xE6, 0x9D, 0x9C, 0xE4, 0xE5, 0x80, 
    0x11, 0x00, 0x00, 0x01, 0x05, 0x00, 0x00, 0x00, 0x00, 0x00, 0x00, 0x00, 0x00, 0x00, 0x00, 0x00, 
    0x00, 0x00, 0x00, 0x00, 0x00, 0x00, 0x01, 0x03, 0x05, 0x03, 0x21, 0x63, 0x63, 0x23, 0x0A, 0x00, 
    0x01, 0x00, 0x01, 0x00, 0x00, 0x04, 0x00, 0x00, 0x00, 0x00, 0x00, 0x00, 0x00, 0x00, 0x00, 0x00, 
    0x00, 0x01, 0x03, 0x09, 0x09, 0x0B, 0x0A, 0x2E, 0x5A, 0x81, 0x9D, 0xEB, 0xEB, 0xEB, 0xEC, 0xEC, 
    0x5D, 0x04, 0x1D, 0x1B, 0x48, 0x55, 0x19, 0x13, 0x19, 0x17, 0x19, 0x17, 0x19, 0x17, 0x19, 0x17, 
    0x19, 0x19, 0x04, 0x00, 0x0C, 0x20, 0x39, 0x30, 0x30, 0x31, 0x25, 0x25, 0x25, 0x22, 0x24, 0x22, 
    0x22, 0x21, 0x1F, 0x0C, 0x0B, 0x0B, 0x0C, 0x1F, 0x21, 0x22, 0x22, 0x2A, 0x22, 0x30, 0x30, 0x3A, 
    0x39, 0x3C, 0x3A, 0x3C, 0x3D, 0x3C, 0x3D, 0x3C, 0x3A, 0x3C, 0x3D, 0x3C, 0x6A, 0x3A, 0x3A, 0x3A, 
    0x6A, 0x3C, 0x3A, 0x3C, 0x3A, 0x2E, 0x2C, 0x3C, 0x3A, 0x3A, 0x3A, 0x3C, 0x3A, 0x6B, 0x3A, 0x3C, 
    0x6A, 0x3C, 0x3D, 0x3C, 0x3D, 0x3D, 0x6C, 0x3D, 0x6C, 0x3D, 0x7A, 0x7A, 0x6C, 0x7A, 0x3D, 0x3D, 
    0x7A, 0x7A, 0x6C, 0x7A, 0x7E, 0x7A, 0x6F, 0x7A, 0x7E, 0x7A, 0x7A, 0x58, 0x3B, 0x1E, 0x52, 0x61, 
    0x60, 0x55, 0x1C, 0x17, 0x19, 0x17, 0x19, 0x17, 0x1B, 0x17, 0x1B, 0x05, 0xBC, 0xD7, 0xD1, 0x4E, 
    0x07, 0x17, 0x19, 0x17, 0x17, 0x17, 0x19, 0x17, 0x19, 0x17, 0x17, 0x17, 0x15, 0x17, 0x19, 0x17, 
    0x15, 0x17, 0x19, 0x17, 0x19, 0x1B, 0x1D, 0x00, 0x00, 0x2E, 0x3D, 0x7A, 0x7E, 0x7E, 0x7F, 0x7D, 
    0x7F, 0x84, 0x84, 0x84, 0x84, 0x82, 0x84, 0x82, 0x82, 0x81, 0x82, 0x81, 0x83, 0x7D, 0x82, 0x81, 
    0x7F, 0x5E, 0x62, 0xB0, 0x47, 0x00, 0x00, 0x53, 0xE5, 0xE5, 0x7E, 0x38, 0x3D, 0x5B, 0x88, 0xE5, 
    0xE4, 0x88, 0x37, 0x01, 0x00, 0x00, 0x03, 0x00, 0x00, 0x00, 0x00, 0x00, 0x00, 0x00, 0x00, 0x00, 
    0x00, 0x00, 0x00, 0x00, 0x00, 0x00, 0x00, 0x00, 0x00, 0x03, 0x21, 0x1F, 0x0F, 0x00, 0x00, 0x00, 
    0x00, 0x00, 0x01, 0x00, 0x00, 0x00, 0x00, 0x00, 0x00, 0x00, 0x00, 0x00, 0x00, 0x00, 0x00, 0x00, 
    0x01, 0x09, 0x08, 0x09, 0x09, 0x11, 0x2E, 0x7E, 0x88, 0xE4, 0xA3, 0xEC, 0xEC, 0xEC, 0xEB, 0x54, 
    0x12, 0x19, 0x16, 0x55, 0x42, 0x17, 0x19, 0x1B, 0x17, 0x19, 0x19, 0x19, 0x17, 0x1B, 0x17, 0x19, 
    0x19, 0x1B, 0x13, 0x00, 0x0C, 0x2C, 0x39, 0x30, 0x39, 0x26, 0x30, 0x25, 0x25, 0x24, 0x22, 0x24, 
    0x22, 0x22, 0x27, 0x01, 0x00, 0x00, 0x00, 0x0C, 0x21, 0x22, 0x2A, 0x24, 0x2A, 0x30, 0x30, 0x3A, 
    0x3C, 0x3A, 0x6B, 0x3C, 0x3D, 0x6B, 0x6A, 0x3C, 0x3D, 0x3A, 0x3D, 0x6A, 0x3D, 0x6B, 0x3C, 0x3A, 
    0x3C, 0x6A, 0x3C, 0x3C, 0x3D, 0x2B, 0x3A, 0x3C, 0x3C, 0x3A, 0x6B, 0x3C, 0x3C, 0x6B, 0x3C, 0x6B, 
    0x6B, 0x6C, 0x6C, 0x6C, 0x6C, 0x6B, 0x6C, 0x6B, 0x7A, 0x6C, 0x7A, 0x7A, 0x7A, 0x6C, 0x7A, 0x3D, 
    0x38, 0x6C, 0x6C, 0x7E, 0x7A, 0x7E, 0x7A, 0x7E, 0x6C, 0x7A, 0x5B, 0x3D, 0x28, 0x1B, 0x1C, 0x56, 
    0x5F, 0x48, 0x13, 0x15, 0x17, 0x1B, 0x17, 0x17, 0x17, 0x17, 0x17, 0x13, 0x45, 0xB6, 0xAD, 0x17, 
    0x17, 0x15, 0x17, 0x19, 0x17, 0x15, 0x17, 0x15, 0x16, 0x1B, 0x17, 0x1B, 0x17, 0x15, 0x17, 0x17, 
    0x1B, 0x19, 0x19, 0x19, 0x1B, 0x1E, 0x13, 0x00, 0x14, 0x7A, 0x6C, 0x7A, 0x7A, 0x7F, 0x7F, 0x84, 
    0x82, 0x84, 0x84, 0x84, 0x84, 0x84, 0x84, 0x84, 0x84, 0x84, 0x81, 0x82, 0x81, 0x81, 0x7D, 0x81, 
    0x81, 0x86, 0x61, 0x44, 0x00, 0x00, 0x60, 0xE5, 0x7D, 0x6C, 0x79, 0x7E, 0x7E, 0x7E, 0x7A, 0x7A, 
    0x88, 0xE5, 0xEB, 0xE4, 0x5E, 0x21, 0x00, 0x01, 0x05, 0x03, 0x00, 0x00, 0x00, 0x00, 0x00, 0x00, 
    0x00, 0x00, 0x00, 0x00, 0x00, 0x00, 0x00, 0x00, 0x00, 0x02, 0x00, 0x00, 0x00, 0x00, 0x00, 0x00, 
    0x00, 0x01, 0x00, 0x00, 0x00, 0x00, 0x00, 0x00, 0x00, 0x00, 0x00, 0x00, 0x00, 0x00, 0x00, 0x01, 
    0x09, 0x09, 0x09, 0x0B, 0x29, 0x3B, 0x80, 0x9E, 0xEB, 0xEB, 0xEC, 0xEC, 0xEE, 0xE4, 0x53, 0x12, 
    0x19, 0x41, 0x57, 0x41, 0x15, 0x1B, 0x19, 0x19, 0x19, 0x19, 0x1B, 0x15, 0x19, 0x19, 0x19, 0x1B, 
    0x17, 0x41, 0x1D, 0x00, 0x0B, 0x2A, 0x30, 0x25, 0x31, 0x25, 0x25, 0x24, 0x24, 0x22, 0x22, 0x22, 
    0x1F, 0x27, 0x0A, 0x00, 0x00, 0x00, 0x00, 0x05, 0x21, 0x27, 0x22, 0x20, 0x25, 0x30, 0x25, 0x31, 
    0x3A, 0x3B, 0x3A, 0x3A, 0x3C, 0x6A, 0x3D, 0x3C, 0x3D, 0x3C, 0x6C, 0x3C, 0x3A, 0x3D, 0x6A, 0x3D, 
    0x3D, 0x3C, 0x3D, 0x3C, 0x38, 0x2B, 0x6C, 0x3C, 0x6B, 0x3C, 0x6C, 0x3C, 0x6C, 0x3C, 0x6C, 0x6B, 
    0x6C, 0x6B, 0x6C, 0x6C, 0x6C, 0x5B, 0x6D, 0x5B, 0x7A, 0x7A, 0x6C, 0x7A, 0x7A, 0x7A, 0x7E, 0x7A, 
    0x39, 0x3D, 0x5B, 0x7A, 0x5B, 0x7A, 0x6C, 0x7A, 0x6C, 0x5B, 0x3D, 0x3B, 0x0B, 0x07, 0x19, 0x55, 
    0x56, 0x1B, 0x17, 0x17, 0x19, 0x17, 0x17, 0x17, 0x15, 0x17, 0x17, 0x17, 0x15, 0x01, 0x01, 0x17, 
    0x17, 0x17, 0x19, 0x17, 0x19, 0x17, 0x19, 0x17, 0x1B, 0x13, 0x15, 0x17, 0x17, 0x17, 0x19, 0x17, 
    0x19, 0x17, 0x19, 0x17, 0x1D, 0x1B, 0x19, 0x1B, 0x3B, 0x7A, 0x6C, 0x7A, 0x7F, 0x7F, 0x7F, 0x81, 
    0x84, 0x84, 0x84, 0x84, 0x8C, 0x84, 0x84, 0x84, 0x84, 0x82, 0x84, 0x81, 0x84, 0x81, 0x81, 0x80, 
    0x81, 0x57, 0x00, 0x00, 0x10, 0xE2, 0xE5, 0x7A, 0x6C, 0x5B, 0x7E, 0x7E, 0x7E, 0x7E, 0x7E, 0x7E, 
    0x7E, 0x7A, 0x80, 0x9F, 0xEB, 0xEB, 0x88, 0x59, 0x0A, 0x00, 0x01, 0x03, 0x03, 0x00, 0x00, 0x00, 
    0x00, 0x00, 0x00, 0x00, 0x00, 0x00, 0x00, 0x00, 0x00, 0x00, 0x00, 0x00, 0x00, 0x00, 0x00, 0x00, 
    0x00, 0x01, 0x00, 0x01, 0x00, 0x01, 0x00, 0x00, 0x00, 0x00, 0x00, 0x00, 0x00, 0x01, 0x01, 0x03, 
    0x09, 0x09, 0x0C, 0x2C, 0x59, 0x82, 0x9F, 0xA3, 0xEB, 0xEB, 0xEC, 0xF0, 0xE3, 0x19, 0x12, 0x13, 
    0x55, 0x57, 0x1B, 0x15, 0x1B, 0x19, 0x19, 0x17, 0x19, 0x17, 0x19, 0x1B, 0x17, 0x19, 0x17, 0x19, 
    0x19, 0x1D, 0x55, 0x00, 0x05, 0x20, 0x25, 0x31, 0x31, 0x31, 0x2F, 0x24, 0x24, 0x24, 0x24, 0x22, 
    0x22, 0x1F, 0x27, 0x00, 0x00, 0x00, 0x00, 0x0B, 0x27, 0x21, 0x2A, 0x22, 0x2A, 0x30, 0x2F, 0x3A, 
    0x6A, 0x3A, 0x6B, 0x3C, 0x3C, 0x6B, 0x3A, 0x3C, 0x3A, 0x3D, 0x6A, 0x6B, 0x6B, 0x6B, 0x3C, 0x6B, 
    0x3C, 0x6C, 0x3D, 0x6B, 0x2B, 0x3B, 0x6B, 0x6C, 0x6B, 0x6C, 0x6B, 0x6C, 0x6C, 0x6C, 0x6B, 0x6C, 
    0x6B, 0x6D, 0x7A, 0x6B, 0x7A, 0x6C, 0x7A, 0x6C, 0x6D, 0x7A, 0x7A, 0x6F, 0x7E, 0x6C, 0x7A, 0x7A, 
    0x7A, 0x39, 0x3D, 0x7A, 0x5B, 0x6D, 0x5B, 0x7A, 0x5B, 0x7A, 0x5B, 0x54, 0x1D, 0x07, 0x42, 0x56, 
    0x42, 0x13, 0x17, 0x1B, 0x13, 0x1B, 0x17, 0x19, 0x16, 0x15, 0x13, 0x19, 0x13, 0x19, 0x16, 0x19, 
    0x17, 0x15, 0x13, 0x17, 0x13, 0x19, 0x13, 0x17, 0x13, 0x1B, 0x15, 0x15, 0x13, 0x19, 0x15, 0x15, 
    0x1B, 0x17, 0x19, 0x19, 0x42, 0x18, 0x1D, 0x32, 0x7A, 0x6C, 0x7B, 0x6F, 0x7E, 0x83, 0x81, 0x83, 
    0x83, 0x84, 0x8C, 0x84, 0x8C, 0x84, 0x8C, 0x84, 0x84, 0x84, 0x82, 0x84, 0x81, 0x81, 0x81, 0x7F, 
    0x5B, 0x54, 0x54, 0x62, 0xE7, 0xE5, 0x5B, 0x7E, 0x80, 0x7E, 0x79, 0x81, 0x80, 0x7E, 0x81, 0x7F, 
    0x85, 0x82, 0x81, 0x80, 0x80, 0xE5, 0xEB, 0xED, 0xE4, 0x80, 0x2C, 0x08, 0x00, 0x08, 0x05, 0x01, 
    0x00, 0x00, 0x00, 0x00, 0x00, 0x00, 0x00, 0x00, 0x00, 0x00, 0x00, 0x00, 0x00, 0x00, 0x00, 0x00, 
    0x00, 0x00, 0x01, 0x00, 0x00, 0x00, 0x00, 0x00, 0x00, 0x00, 0x00, 0x00, 0x01, 0x03, 0x09, 0x09, 
    0x09, 0x11, 0x2E, 0x38, 0x82, 0x9F, 0xEB, 0xEC, 0xA5, 0xEC, 0xEE, 0x9B, 0x12, 0x0E, 0x0E, 0x55, 
    0x56, 0x13, 0x17, 0x15, 0x19, 0x17, 0x19, 0x19, 0x19, 0x15, 0x19, 0x19, 0x19, 0x1B, 0x19, 0x1B, 
    0x1B, 0x13, 0xB0, 0x41, 0x00, 0x1A, 0x22, 0x39, 0x31, 0x25, 0x25, 0x24, 0x23, 0x22, 0x24, 0x22, 
    0x1F, 0x22, 0x21, 0x0C, 0x03, 0x00, 0x00, 0x0C, 0x21, 0x27, 0x22, 0x29, 0x24, 0x2C, 0x25, 0x30, 
    0x39, 0x3C, 0x3A, 0x3C, 0x6A, 0x3A, 0x3A, 0x3D, 0x3D, 0x3A, 0x3D, 0x3C, 0x3A, 0x3D, 0x3D, 0x3A, 
    0x3D, 0x3C, 0x3D, 0x3B, 0x21, 0x3C, 0x3D, 0x3D, 0x6C, 0x3C, 0x6C, 0x3D, 0x7A, 0x6B, 0x7A, 0x6C, 
    0x6D, 0x7A, 0x6C, 0x6B, 0x7A, 0x6C, 0x6C, 0x7A, 0x6C, 0x7A, 0x6C, 0x7A, 0x7E, 0x7A, 0x6C, 0x7A, 
    0x6C, 0x3D, 0x3A, 0x3C, 0x3D, 0x3D, 0x6C, 0x5B, 0x6C, 0x5B, 0x39, 0x5C, 0x62, 0x48, 0x34, 0x48, 
    0x0E, 0x17, 0x10, 0x17, 0x17, 0x17, 0x17, 0x17, 0x17, 0x17, 0x17, 0x17, 0x17, 0x17, 0x17, 0x17, 
    0x13, 0x13, 0x19, 0x17, 0x17, 0x17, 0x17, 0x17, 0x15, 0x17, 0x19, 0x17, 0x19, 0x17, 0x17, 0x17, 
    0x19, 0x17, 0x15, 0x41, 0x1E, 0x34, 0x36, 0x3D, 0x6C, 0x7A, 0x6F, 0x7F, 0x83, 0x81, 0x83, 0x82, 
    0x84, 0x7D, 0x84, 0x84, 0x84, 0x84, 0x84, 0x84, 0x8C, 0x82, 0x84, 0x82, 0x82, 0x80, 0x7E, 0x2E, 
    0x06, 0x07, 0x5C, 0xE5, 0x9C, 0x38, 0x7E, 0x7E, 0x7E, 0x7E, 0x7E, 0x80, 0x7D, 0x80, 0x7D, 0x81, 
    0x7D, 0x81, 0x7D, 0x86, 0x7D, 0x80, 0x80, 0xE5, 0xED, 0xED, 0xEB, 0x87, 0x5B, 0x1A, 0x01, 0x00, 
    0x03, 0x01, 0x01, 0x00, 0x00, 0x00, 0x00, 0x00, 0x00, 0x00, 0x00, 0x00, 0x00, 0x00, 0x00, 0x00, 
    0x00, 0x00, 0x00, 0x00, 0x00, 0x00, 0x00, 0x00, 0x00, 0x00, 0x00, 0x01, 0x01, 0x09, 0x08, 0x0A, 
    0x21, 0x38, 0x79, 0x8C, 0x9D, 0xA5, 0xEC, 0xEB, 0xEE, 0xEC, 0x9C, 0x16, 0x1B, 0x19, 0x55, 0x53, 
    0x13, 0x1B, 0x19, 0x19, 0x19, 0x19, 0x1B, 0x1B, 0x1B, 0x19, 0x1B, 0x19, 0x1B, 0x1B, 0x17, 0x19, 
    0x19, 0x05, 0x55, 0xB0, 0x00, 0x0C, 0x29, 0x25, 0x39, 0x26, 0x2F, 0x24, 0x24, 0x24, 0x22, 0x24, 
    0x27, 0x22, 0x22, 0x21, 0x27, 0x0A, 0x05, 0x21, 0x21, 0x22, 0x2A, 0x22, 0x2A, 0x30, 0x30, 0x31, 
    0x3A, 0x3A, 0x3A, 0x3A, 0x3C, 0x3A, 0x3A, 0x3C, 0x3C, 0x6A, 0x3D, 0x3A, 0x3D, 0x3A, 0x3C, 0x3D, 
    0x6A, 0x3C, 0x3D, 0x2B, 0x2B, 0x3C, 0x3C, 0x3A, 0x3C, 0x6C, 0x3C, 0x6B, 0x6C, 0x6C, 0x6C, 0x7A, 
    0x6B, 0x6C, 0x6C, 0x6C, 0x7A, 0x6C, 0x7A, 0x6C, 0x7A, 0x6F, 0x6C, 0x7A, 0x7A, 0x6C, 0x7A, 0x7A, 
    0x6C, 0x5B, 0x3D, 0x3C, 0x3C, 0x3D, 0x5B, 0x3D, 0x3D, 0x3D, 0x37, 0x56, 0x60, 0x53, 0x41, 0x42, 
    0x13, 0x1B, 0x17, 0x19, 0x13, 0x15, 0x17, 0x19, 0x17, 0x15, 0x13, 0x19, 0x13, 0x19, 0x17, 0x17, 
    0x13, 0x19, 0x13, 0x19, 0x13, 0x19, 0x13, 0x19, 0x17, 0x15, 0x13, 0x15, 0x15, 0x19, 0x17, 0x15, 
    0x19, 0x19, 0x19, 0x48, 0x42, 0x2D, 0x59, 0x6C, 0x7A, 0x7F, 0x7B, 0x7F, 0x7F, 0x84, 0x84, 0x84, 
    0x8C, 0x84, 0x84, 0x84, 0x84, 0x84, 0x8C, 0x84, 0x84, 0x84, 0x82, 0x81, 0x81, 0x7E, 0x2B, 0x00, 
    0x00, 0x07, 0x56, 0x5E, 0x38, 0x7E, 0x5B, 0x7E, 0x80, 0x7D, 0x7E, 0x81, 0x82, 0x81, 0x85, 0x82, 
    0x85, 0x82, 0x85, 0x82, 0x85, 0x81, 0x80, 0x79, 0x80, 0x9F, 0xED, 0xED, 0xEB, 0x9D, 0x85, 0x38, 
    0x11, 0x01, 0x01, 0x03, 0x03, 0x01, 0x00, 0x00, 0x00, 0x00, 0x00, 0x00, 0x00, 0x00, 0x00, 0x00, 
    0x00, 0x00, 0x00, 0x00, 0x00, 0x00, 0x00, 0x00, 0x00, 0x00, 0x03, 0x03, 0x09, 0x09, 0x0A, 0x2D, 
    0x3C, 0x7E, 0x9E, 0x9D, 0xEC, 0xEC, 0xEB, 0xEE, 0xEB, 0x5E, 0x53, 0x57, 0x57, 0x61, 0x44, 0x13, 
    0x18, 0x1B, 0x19, 0x19, 0x19, 0x1B, 0x19, 0x1B, 0x19, 0x19, 0x19, 0x17, 0x19, 0x19, 0x19, 0x19, 
    0x1B, 0x16, 0x07, 0xB0, 0x5F, 0x00, 0x11, 0x2A, 0x31, 0x25, 0x25, 0x24, 0x25, 0x24, 0x24, 0x22, 
    0x24, 0x22, 0x22, 0x27, 0x21, 0x21, 0x0B, 0x21, 0x22, 0x21, 0x24, 0x2C, 0x25, 0x30, 0x31, 0x35, 
    0x3A, 0x3C, 0x6B, 0x3C, 0x3C, 0x3C, 0x3A, 0x3D, 0x6A, 0x3C, 0x3D, 0x3A, 0x6A, 0x3C, 0x3A, 0x3A, 
    0x39, 0x39, 0x39, 0x07, 0x39, 0x3C, 0x3C, 0x3C, 0x6A, 0x3C, 0x6C, 0x3C, 0x6C, 0x3C, 0x6C, 0x3D, 
    0x6D, 0x6C, 0x6C, 0x6C, 0x6C, 0x6C, 0x6D, 0x6C, 0x6C, 0x7A, 0x6C, 0x7A, 0x6F, 0x5B, 0x6C, 0x5B, 
    0x6C, 0x3C, 0x6B, 0x3D, 0x5B, 0x5B, 0x3D, 0x3C, 0x3D, 0x3C, 0x54, 0x5F, 0x57, 0x1B, 0x1E, 0x13, 
    0x15, 0x17, 0x15, 0x17, 0x19, 0x17, 0x17, 0x17, 0x17, 0x17, 0x17, 0x16, 0x13, 0x17, 0x17, 0x13, 
    0x17, 0x13, 0x17, 0x13, 0x17, 0x17, 0x15, 0x17, 0x15, 0x17, 0x19, 0x17, 0x17, 0x17, 0x15, 0x17, 
    0x19, 0x19, 0x34, 0x2D, 0x1C, 0x39, 0x6C, 0x7A, 0x6D, 0x7A, 0x7F, 0x7F, 0x83, 0x82, 0x83, 0x84, 
    0x84, 0x84, 0x8D, 0x84, 0x84, 0x84, 0x84, 0x84, 0x84, 0x82, 0x82, 0x81, 0x5B, 0x1A, 0x2D, 0x15, 
    0x0B, 0x57, 0x58, 0x38, 0x7A, 0x7A, 0x7E, 0x7E, 0x80, 0x7E, 0x7F, 0x80, 0x7D, 0x81, 0x82, 0x82, 
    0x82, 0x88, 0x82, 0x81, 0x81, 0x80, 0x81, 0x80, 0x79, 0x5B, 0x86, 0xE4, 0xED, 0xED, 0xEB, 0xEB, 
    0x9E, 0x79, 0x2C, 0x0A, 0x01, 0x00, 0x09, 0x05, 0x03, 0x00, 0x00, 0x00, 0x00, 0x00, 0x00, 0x00, 
    0x00, 0x00, 0x01, 0x00, 0x00, 0x00, 0x00, 0x00, 0x00, 0x03, 0x08, 0x09, 0x08, 0x0C, 0x2C, 0x5B, 
    0x81, 0x9D, 0xEB, 0xEC, 0xEB, 0xEC, 0xF0, 0x9D, 0x42, 0x12, 0x15, 0x19, 0x57, 0x1E, 0x13, 0x1C, 
    0x1B, 0x19, 0x1C, 0x19, 0x1B, 0x19, 0x1B, 0x19, 0x19, 0x19, 0x1B, 0x19, 0x1B, 0x19, 0x1B, 0x1B, 
    0x1B, 0x1B, 0x1B, 0x13, 0xB0, 0x42, 0x00, 0x21, 0x2A, 0x26, 0x2F, 0x25, 0x2A, 0x24, 0x24, 0x24, 
    0x22, 0x22, 0x22, 0x22, 0x21, 0x21, 0x0C, 0x27, 0x2A, 0x22, 0x24, 0x30, 0x30, 0x31, 0x31, 0x3A, 
    0x3A, 0x6B, 0x3D, 0x6B, 0x3D, 0x6B, 0x3C, 0x3C, 0x3C, 0x6B, 0x3D, 0x3C, 0x3A, 0x3B, 0x3C, 0x3A, 
    0x32, 0x39, 0x29, 0x11, 0x32, 0x3A, 0x3C, 0x6A, 0x3A, 0x6B, 0x3C, 0x6C, 0x6B, 0x6C, 0x6B, 0x6C, 
    0x6C, 0x6C, 0x6C, 0x6B, 0x7A, 0x3D, 0x7A, 0x6C, 0x7A, 0x6C, 0x7A, 0x6C, 0x7A, 0x6C, 0x7A, 0x6C, 
    0x6B, 0x6C, 0x7A, 0x6B, 0x7A, 0x6C, 0x5B, 0x3D, 0x3C, 0x3C, 0x44, 0x5C, 0x55, 0x48, 0x1C, 0x13, 
    0x13, 0x19, 0x13, 0x19, 0x13, 0x17, 0x13, 0x1B, 0x13, 0x15, 0x13, 0x19, 0x13, 0x17, 0x13, 0x13, 
    0x16, 0x19, 0x13, 0x19, 0x13, 0x17, 0x13, 0x19, 0x13, 0x17, 0x13, 0x19, 0x15, 0x19, 0x15, 0x19, 
    0x13, 0x42, 0x53, 0x1C, 0x2D, 0x6C, 0x6B, 0x6C, 0x6F, 0x7B, 0x7B, 0x7B, 0x83, 0x84, 0x84, 0x84, 
    0x8C, 0x84, 0x8C, 0x84, 0x84, 0x83, 0x81, 0x84, 0x84, 0x81, 0x81, 0x3D, 0x00, 0x58, 0x88, 0x5B, 
    0x2E, 0x5B, 0x3C, 0x3D, 0x79, 0x7E, 0x79, 0x7E, 0x80, 0x7D, 0x81, 0x81, 0x81, 0x84, 0x88, 0x84, 
    0x81, 0x82, 0x85, 0x88, 0x85, 0x81, 0x85, 0x81, 0x80, 0x79, 0x7A, 0x5B, 0x85, 0xE4, 0xED, 0xED, 
    0xEB, 0xEB, 0x8B, 0x8C, 0x79, 0x37, 0x1F, 0x01, 0x00, 0x08, 0x05, 0x03, 0x00, 0x00, 0x00, 0x00, 
    0x00, 0x00, 0x00, 0x00, 0x00, 0x00, 0x00, 0x01, 0x03, 0x09, 0x09, 0x09, 0x11, 0x2E, 0x5B, 0x82, 
    0x9D, 0xEB, 0xEC, 0xEC, 0xEE, 0xEE, 0x8C, 0x12, 0x13, 0x19, 0x1D, 0x55, 0x42, 0x19, 0x18, 0x1B, 
    0x19, 0x19, 0x19, 0x1B, 0x19, 0x1C, 0x18, 0x1B, 0x19, 0x1B, 0x19, 0x1B, 0x1B, 0x19, 0x19, 0x19, 
    0x19, 0x19, 0x19, 0x19, 0x1E, 0x61, 0x19, 0x02, 0x21, 0x22, 0x25, 0x25, 0x25, 0x24, 0x25, 0x22, 
    0x22, 0x2A, 0x24, 0x22, 0x22, 0x22, 0x27, 0x0C, 0x22, 0x2A, 0x25, 0x2F, 0x31, 0x25, 0x3A, 0x3A, 
    0x3A, 0x3C, 0x3C, 0x3C, 0x3D, 0x3A, 0x3C, 0x6B, 0x3C, 0x3C, 0x3C, 0x3C, 0x3A, 0x3B, 0x3A, 0x39, 
    0x30, 0x2C, 0x0B, 0x2C, 0x39, 0x3A, 0x3A, 0x3A, 0x3A, 0x3D, 0x3D, 0x3D, 0x5B, 0x3D, 0x6C, 0x6C, 
    0x6B, 0x6C, 0x6C, 0x6C, 0x7A, 0x6C, 0x6C, 0x6C, 0x6C, 0x7A, 0x6C, 0x3D, 0x6C, 0x3D, 0x6C, 0x3D, 
    0x6C, 0x7A, 0x6C, 0x6C, 0x7A, 0x3D, 0x3C, 0x3C, 0x3D, 0x37, 0x1E, 0x34, 0x1E, 0x1E, 0x0E, 0x17, 
    0x17, 0x17, 0x17, 0x17, 0x17, 0x17, 0x17, 0x17, 0x17, 0x13, 0x17, 0x17, 0x17, 0x13, 0x16, 0x13, 
    0x08, 0x05, 0x16, 0x17, 0x17, 0x17, 0x17, 0x17, 0x19, 0x17, 0x19, 0x17, 0x15, 0x17, 0x17, 0x17, 
    0x19, 0x42, 0x10, 0x0E, 0x3D, 0x3D, 0x7A, 0x6C, 0x7F, 0x7F, 0x7F, 0x7F, 0x7F, 0x84, 0x83, 0x84, 
    0x8D, 0x84, 0x84, 0x84, 0x84, 0x84, 0x84, 0x81, 0x82, 0x81, 0x32, 0x00, 0x5A, 0x5E, 0x6C, 0x7A, 
    0x38, 0x3D, 0x7A, 0x5B, 0x7A, 0x7E, 0x7E, 0x7E, 0x7F, 0x81, 0x82, 0x82, 0x82, 0x82, 0x82, 0x82, 
    0x82, 0x84, 0x82, 0x82, 0x82, 0x81, 0x82, 0x81, 0x80, 0x7A, 0x7E, 0x79, 0x5B, 0x5B, 0x80, 0x9F, 
    0xEB, 0xEB, 0xED, 0xEB, 0xEB, 0x9D, 0x9E, 0x80, 0x38, 0x29, 0x01, 0x08, 0x09, 0x0B, 0x00, 0x00, 
    0x00, 0x01, 0x00, 0x00, 0x00, 0x00, 0x00, 0x01, 0x08, 0x09, 0x09, 0x29, 0x3B, 0x7E, 0x8C, 0xEB, 
    0xEC, 0xEC, 0xEB, 0xEE, 0xED, 0x5E, 0x04, 0x1B, 0x13, 0x42, 0x55, 0x1C, 0x19, 0x1B, 0x1B, 0x1B, 
    0x1D, 0x19, 0x1C, 0x1B, 0x1B, 0x19, 0x1B, 0x18, 0x1B, 0x18, 0x19, 0x19, 0x19, 0x18, 0x19, 0x19, 
    0x1B, 0x17, 0x19, 0x19, 0x13, 0x48, 0x56, 0x00, 0x05, 0x21, 0x24, 0x25, 0x2F, 0x25, 0x24, 0x24, 
    0x24, 0x24, 0x22, 0x22, 0x24, 0x22, 0x2A, 0x0C, 0x2A, 0x25, 0x25, 0x31, 0x31, 0x31, 0x3A, 0x6A, 
    0x3C, 0x6B, 0x3C, 0x6A, 0x3D, 0x6B, 0x3C, 0x6C, 0x6B, 0x3D, 0x3C, 0x3C, 0x3B, 0x3A, 0x2C, 0x39, 
    0x2C, 0x29, 0x0B, 0x32, 0x30, 0x3A, 0x3A, 0x6A, 0x3C, 0x6B, 0x3C, 0x3D, 0x3C, 0x3D, 0x6B, 0x6C, 
    0x6C, 0x3D, 0x6B, 0x6B, 0x6C, 0x6C, 0x5B, 0x6C, 0x5B, 0x6B, 0x7A, 0x6C, 0x3D, 0x6B, 0x6B, 0x6C, 
    0x7A, 0x6C, 0x7A, 0x6C, 0x7A, 0x6C, 0x3C, 0x3D, 0x38, 0x2B, 0x1D, 0x0B, 0x42, 0x19, 0x13, 0x17, 
    0x13, 0x19, 0x13, 0x15, 0x13, 0x19, 0x13, 0x15, 0x13, 0x17, 0x13, 0x17, 0x13, 0x0E, 0x01, 0x3F, 
    0x4C, 0x46, 0x05, 0x15, 0x17, 0x19, 0x17, 0x15, 0x13, 0x17, 0x13, 0x10, 0x17, 0x15, 0x19, 0x19, 
    0x1E, 0x19, 0x00, 0x2E, 0x6C, 0x6C, 0x7B, 0x7F, 0x6D, 0x7F, 0x7F, 0x7F, 0x7F, 0x83, 0x84, 0x82, 
    0x84, 0x9E, 0x84, 0x8C, 0x84, 0x84, 0x84, 0x81, 0x7F, 0x37, 0x00, 0x5E, 0x80, 0x6C, 0x5B, 0x7A, 
    0x7A, 0x3D, 0x5B, 0x5B, 0x7A, 0x7F, 0x80, 0x7D, 0x81, 0x83, 0x85, 0x84, 0x82, 0x82, 0x85, 0x84, 
    0x85, 0x82, 0x85, 0x82, 0x88, 0x82, 0x81, 0x82, 0x80, 0x7F, 0x80, 0x7E, 0x80, 0x79, 0x5B, 0x5B, 
    0x5E, 0x81, 0x9F, 0x9D, 0xE4, 0xEB, 0xEB, 0xA3, 0x9D, 0x9E, 0x81, 0x3B, 0x09, 0x0F, 0x01, 0x00, 
    0x00, 0x00, 0x00, 0x00, 0x00, 0x00, 0x00, 0x01, 0x09, 0x11, 0x39, 0x5B, 0x83, 0x9F, 0xEB, 0xED, 
    0xEC, 0xEC, 0xF1, 0xED, 0x59, 0x04, 0x1C, 0x13, 0x53, 0x55, 0x1B, 0x1B, 0x1D, 0x1B, 0x18, 0x1B, 
    0x18, 0x1B, 0x18, 0x1B, 0x19, 0x1C, 0x1D, 0x1B, 0x19, 0x19, 0x19, 0x19, 0x19, 0x19, 0x15, 0x19, 
    0x15, 0x19, 0x15, 0x13, 0x19, 0x07, 0x48, 0x41, 0x00, 0x07, 0x21, 0x24, 0x25, 0x2F, 0x25, 0x2F, 
    0x24, 0x22, 0x24, 0x22, 0x22, 0x22, 0x24, 0x0C, 0x22, 0x2F, 0x26, 0x2F, 0x35, 0x3A, 0x6A, 0x3C, 
    0x6C, 0x6B, 0x3C, 0x3C, 0x6C, 0x3A, 0x6C, 0x3D, 0x3D, 0x3C, 0x3C, 0x3A, 0x39, 0x39, 0x30, 0x2C, 
    0x2B, 0x0B, 0x2C, 0x25, 0x39, 0x3A, 0x3A, 0x39, 0x3A, 0x3C, 0x3D, 0x3C, 0x6C, 0x3C, 0x6C, 0x3C, 
    0x6B, 0x3C, 0x6C, 0x3D, 0x6C, 0x3D, 0x6B, 0x6C, 0x6C, 0x6C, 0x5B, 0x3C, 0x6B, 0x6C, 0x6C, 0x7A, 
    0x6D, 0x7A, 0x7A, 0x6C, 0x6C, 0x3D, 0x3D, 0x3D, 0x2E, 0x1B, 0x19, 0x1E, 0x42, 0x13, 0x0E, 0x13, 
    0x17, 0x13, 0x17, 0x13, 0x17, 0x13, 0x17, 0x13, 0x17, 0x13, 0x17, 0x13, 0x17, 0x01, 0x8E, 0xD2, 
    0xD5, 0xD1, 0xB6, 0x16, 0x17, 0x17, 0x17, 0x17, 0x19, 0x13, 0x19, 0x17, 0x19, 0x17, 0x17, 0x1D, 
    0x18, 0x00, 0x11, 0x3D, 0x6C, 0x6D, 0x6D, 0x7A, 0x7F, 0x7F, 0x7F, 0x83, 0x7F, 0x83, 0x84, 0x84, 
    0x84, 0x84, 0x84, 0x84, 0x83, 0x84, 0x83, 0x81, 0x2C, 0x00, 0x5E, 0x7E, 0x6C, 0x7A, 0x6F, 0x79, 
    0x7E, 0x7A, 0x6C, 0x7A, 0x7A, 0x7B, 0x7F, 0x81, 0x82, 0x82, 0x82, 0x82, 0x84, 0x85, 0x84, 0x82, 
    0x82, 0x88, 0x84, 0x82, 0x82, 0x81, 0x82, 0x81, 0x7F, 0x7D, 0x7F, 0x80, 0x7E, 0x7E, 0x7E, 0x79, 
    0x7A, 0x5B, 0x5B, 0x5B, 0x7E, 0x85, 0x9E, 0x9D, 0xE4, 0xEB, 0x9D, 0x9F, 0x3D, 0x08, 0x0B, 0x00, 
    0x00, 0x00, 0x00, 0x00, 0x00, 0x00, 0x01, 0x09, 0x05, 0x32, 0x80, 0x84, 0x8B, 0xED, 0xEC, 0xEC, 
    0xF1, 0xF1, 0xED, 0x44, 0x04, 0x19, 0x1B, 0x56, 0x55, 0x1C, 0x1B, 0x1E, 0x1B, 0x1E, 0x1B, 0x1C, 
    0x1C, 0x1B, 0x1B, 0x18, 0x1B, 0x19, 0x1B, 0x19, 0x19, 0x19, 0x17, 0x1B, 0x15, 0x17, 0x15, 0x15, 
    0x13, 0x13, 0x13, 0x07, 0x13, 0x13, 0x05, 0x56, 0x48, 0x00, 0x15, 0x22, 0x24, 0x25, 0x24, 0x2F, 
    0x2F, 0x2F, 0x2F, 0x24, 0x2F, 0x24, 0x2F, 0x21, 0x22, 0x26, 0x31, 0x31, 0x3A, 0x6A, 0x3A, 0x6B, 
    0x6B, 0x6B, 0x3C, 0x6C, 0x3C, 0x6B, 0x6B, 0x6C, 0x3C, 0x3C, 0x3C, 0x3C, 0x3C, 0x30, 0x2C, 0x21, 
    0x1A, 0x11, 0x2C, 0x30, 0x30, 0x39, 0x3C, 0x3A, 0x3A, 0x6A, 0x3A, 0x6B, 0x3C, 0x6A, 0x6B, 0x6A, 
    0x3C, 0x6C, 0x6C, 0x6B, 0x7A, 0x6C, 0x6B, 0x7A, 0x6B, 0x6B, 0x6B, 0x6C, 0x6C, 0x6C, 0x7A, 0x7B, 
    0x7A, 0x7A, 0x7A, 0x6C, 0x79, 0x6C, 0x6C, 0x39, 0x1B, 0x1E, 0x17, 0x48, 0x13, 0x15, 0x13, 0x15, 
    0x13, 0x19, 0x13, 0x19, 0x13, 0x19, 0x17, 0x13, 0x13, 0x10, 0x13, 0x17, 0x01, 0x8E, 0xD8, 0xD7, 
    0xDB, 0xDB, 0xDB, 0xB6, 0x08, 0x16, 0x13, 0x19, 0x13, 0x15, 0x13, 0x19, 0x15, 0x15, 0x1B, 0x18, 
    0x00, 0x00, 0x3B, 0x6C, 0x7A, 0x7B, 0x7B, 0x7B, 0x7B, 0x7C, 0x6F, 0x83, 0x82, 0x83, 0x84, 0x84, 
    0x84, 0x8D, 0x84, 0x84, 0x84, 0x83, 0x82, 0x2E, 0x00, 0x58, 0x7A, 0x6C, 0x7E, 0x7B, 0x7A, 0x7F, 
    0x7A, 0x79, 0x7A, 0x7A, 0x79, 0x7F, 0x80, 0x82, 0x82, 0x84, 0x81, 0x84, 0x88, 0x82, 0x81, 0x84, 
    0x81, 0x84, 0x81, 0x82, 0x81, 0x82, 0x81, 0x81, 0x80, 0x81, 0x81, 0x81, 0x80, 0x7E, 0x79, 0x7E, 
    0x7B, 0x79, 0x79, 0x7A, 0x79, 0x7A, 0x5B, 0x7A, 0x81, 0x8B, 0x9D, 0x9D, 0x9D, 0x3B, 0x08, 0x0B, 
    0x00, 0x00, 0x00, 0x00, 0x00, 0x00, 0x03, 0x03, 0x0A, 0x0C, 0x80, 0x9D, 0xED, 0xEC, 0xF1, 0xF1, 
    0xF1, 0xE6, 0x1E, 0x04, 0x1B, 0x1B, 0x55, 0x42, 0x1B, 0x1D, 0x1E, 0x1D, 0x1E, 0x1D, 0x1E, 0x1B, 
    0x18, 0x19, 0x19, 0x19, 0x19, 0x19, 0x19, 0x19, 0x19, 0x17, 0x19, 0x13, 0x0E, 0x07, 0x13, 0x07, 
    0x0E, 0x07, 0x0E, 0x07, 0x07, 0x13, 0x07, 0x06, 0x55, 0x48, 0x00, 0x0B, 0x20, 0x25, 0x25, 0x2F, 
    0x25, 0x25, 0x24, 0x24, 0x25, 0x24, 0x24, 0x22, 0x21, 0x30, 0x26, 0x31, 0x6A, 0x3A, 0x6A, 0x3D, 
    0x6C, 0x3C, 0x6C, 0x3D, 0x6C, 0x3C, 0x6C, 0x3D, 0x3D, 0x3C, 0x3A, 0x39, 0x39, 0x2C, 0x21, 0x1A, 
    0x0B, 0x29, 0x30, 0x39, 0x3A, 0x3A, 0x3A, 0x3A, 0x3A, 0x3D, 0x3A, 0x3C, 0x6A, 0x3D, 0x6C, 0x3C, 
    0x3D, 0x3D, 0x6C, 0x3D, 0x6C, 0x3D, 0x6B, 0x6C, 0x6B, 0x3C, 0x6C, 0x6C, 0x6C, 0x7A, 0x7A, 0x7A, 
    0x6C, 0x6B, 0x6C, 0x6C, 0x6C, 0x6B, 0x38, 0x15, 0x07, 0x00, 0x19, 0x1D, 0x07, 0x13, 0x17, 0x13, 
    0x0E, 0x13, 0x17, 0x13, 0x17, 0x13, 0x17, 0x13, 0x17, 0x13, 0x17, 0x13, 0x16, 0xCC, 0xDB, 0xDB, 
    0xDB, 0xDB, 0xDB, 0xD1, 0x16, 0x0D, 0x17, 0x17, 0x17, 0x17, 0x17, 0x17, 0x15, 0x17, 0x1E, 0x07, 
    0x00, 0x2B, 0x6C, 0x7A, 0x6D, 0x7A, 0x7F, 0x6F, 0x7F, 0x7F, 0x7F, 0x83, 0x7F, 0x82, 0x83, 0x84, 
    0x84, 0x84, 0x83, 0x82, 0x83, 0x83, 0x3B, 0x00, 0x5B, 0x7A, 0x6C, 0x7E, 0x7E, 0x7E, 0x7F, 0x7E, 
    0x7E, 0x7A, 0x7E, 0x7A, 0x7F, 0x7D, 0x82, 0x82, 0x83, 0x82, 0x88, 0x84, 0x82, 0x82, 0x82, 0x84, 
    0x85, 0x84, 0x82, 0x85, 0x82, 0x82, 0x82, 0x80, 0x7D, 0x80, 0x7D, 0x80, 0x7F, 0x80, 0x7E, 0x80, 
    0x7E, 0x79, 0x7E, 0x7A, 0x7A, 0x5B, 0x7A, 0x3C, 0x3D, 0x3C, 0x80, 0x9F, 0xEB, 0x8C, 0x37, 0x08, 
    0x09, 0x01, 0x00, 0x00, 0x00, 0x01, 0x01, 0x0A, 0x0C, 0x0A, 0x2E, 0xEB, 0xF0, 0xF1, 0xEF, 0xF1, 
    0xE4, 0x14, 0x13, 0x18, 0x1B, 0x42, 0x42, 0x1C, 0x1E, 0x1E, 0x1D, 0x1E, 0x1B, 0x1D, 0x1C, 0x19, 
    0x19, 0x19, 0x19, 0x19, 0x19, 0x0E, 0x13, 0x19, 0x13, 0x07, 0x13, 0x0B, 0x13, 0x19, 0x13, 0x17, 
    0x13, 0x07, 0x13, 0x0E, 0x13, 0x13, 0x13, 0x15, 0x05, 0x55, 0x41, 0x00, 0x10, 0x22, 0x30, 0x25, 
    0x2F, 0x25, 0x2F, 0x24, 0x2F, 0x24, 0x2A, 0x25, 0x11, 0x31, 0x31, 0x3A, 0x3A, 0x3A, 0x3C, 0x6A, 
    0x3A, 0x6C, 0x6B, 0x6C, 0x3C, 0x6C, 0x3C, 0x6B, 0x3D, 0x3A, 0x3B, 0x3A, 0x30, 0x2C, 0x1A, 0x11, 
    0x0B, 0x30, 0x30, 0x39, 0x31, 0x3A, 0x3C, 0x6A, 0x3A, 0x6A, 0x3D, 0x6B, 0x6B, 0x6A, 0x6B, 0x6C, 
    0x39, 0x3D, 0x3C, 0x6C, 0x5B, 0x6C, 0x6B, 0x6C, 0x6B, 0x6B, 0x6C, 0x6C, 0x7A, 0x6C, 0x7A, 0x6C, 
    0x7A, 0x6C, 0x7A, 0x7A, 0x6C, 0x6C, 0x2B, 0x06, 0x03, 0x01, 0x1E, 0x19, 0x13, 0x10, 0x13, 0x17, 
    0x13, 0x0E, 0x13, 0x0E, 0x13, 0x0E, 0x13, 0x0E, 0x13, 0x13, 0x13, 0x01, 0x45, 0xD1, 0xD7, 0xDB, 
    0xDB, 0xDB, 0xDB, 0xD1, 0x45, 0x13, 0x17, 0x19, 0x13, 0x17, 0x13, 0x19, 0x17, 0x1E, 0x19, 0x00, 
    0x0B, 0x3D, 0x6C, 0x6C, 0x6D, 0x7B, 0x7B, 0x6F, 0x7F, 0x7F, 0x7D, 0x83, 0x7F, 0x84, 0x83, 0x84, 
    0x83, 0x83, 0x83, 0x84, 0x83, 0x5B, 0x00, 0x3B, 0x7B, 0x6C, 0x7A, 0x7F, 0x7E, 0x7F, 0x7F, 0x7F, 
    0x7B, 0x7E, 0x79, 0x7F, 0x7F, 0x83, 0x81, 0x84, 0x82, 0x84, 0x88, 0x84, 0x82, 0x84, 0x82, 0x84, 
    0x81, 0x82, 0x81, 0x82, 0x81, 0x81, 0x7D, 0x7F, 0x81, 0x81, 0x7D, 0x7F, 0x81, 0x7F, 0x81, 0x7F, 
    0x80, 0x7E, 0x7A, 0x7E, 0x7A, 0x7A, 0x79, 0x7A, 0x5B, 0x7A, 0x5B, 0x81, 0xE4, 0x9D, 0x8C, 0x2C, 
    0x0F, 0x01, 0x00, 0x00, 0x00, 0x01, 0x09, 0x0B, 0x0A, 0x21, 0x1F, 0x80, 0xF0, 0xF0, 0xF0, 0xE4, 
    0x42, 0x1E, 0x1E, 0x1E, 0x42, 0x1E, 0x1C, 0x1D, 0x1E, 0x1D, 0x1C, 0x1D, 0x1E, 0x1B, 0x19, 0x19, 
    0x19, 0x19, 0x19, 0x13, 0x07, 0x13, 0x07, 0x13, 0x10, 0x13, 0x19, 0x13, 0x19, 0x13, 0x10, 0x13, 
    0x0E, 0x13, 0x0E, 0x13, 0x07, 0x15, 0x17, 0x13, 0x19, 0x12, 0x55, 0x17, 0x00, 0x0C, 0x25, 0x30, 
    0x25, 0x30, 0x25, 0x2F, 0x2F, 0x25, 0x25, 0x31, 0x0F, 0x2F, 0x3A, 0x3A, 0x3A, 0x3C, 0x6A, 0x3D, 
    0x6A, 0x3D, 0x6C, 0x6A, 0x6B, 0x3C, 0x6A, 0x3D, 0x3A, 0x3A, 0x3A, 0x39, 0x30, 0x29, 0x11, 0x0B, 
    0x21, 0x32, 0x39, 0x30, 0x3A, 0x3C, 0x3A, 0x3C, 0x3A, 0x3D, 0x6C, 0x6C, 0x3D, 0x6B, 0x6C, 0x3D, 
    0x3C, 0x3A, 0x6C, 0x3D, 0x6B, 0x6C, 0x6C, 0x3D, 0x6C, 0x6C, 0x6C, 0x7A, 0x6C, 0x7A, 0x6C, 0x7A, 
    0x6F, 0x6B, 0x6F, 0x6B, 0x6B, 0x37, 0x00, 0x00, 0x02, 0x1B, 0x1E, 0x13, 0x0E, 0x13, 0x17, 0x13, 
    0x17, 0x13, 0x17, 0x13, 0x17, 0x13, 0x17, 0x13, 0x17, 0x13, 0x0E, 0x07, 0x33, 0xC8, 0xD7, 0xDB, 
    0xDB, 0xDB, 0xD7, 0xC8, 0x07, 0x17, 0x17, 0x13, 0x15, 0x13, 0x19, 0x0E, 0x19, 0x1D, 0x03, 0x00, 
    0x32, 0x6C, 0x7A, 0x7A, 0x7F, 0x7A, 0x7F, 0x7F, 0x7F, 0x7F, 0x83, 0x83, 0x83, 0x82, 0x83, 0x82, 
    0x83, 0x82, 0x7F, 0x83, 0x7E, 0x19, 0x37, 0x7A, 0x6F, 0x7A, 0x7F, 0x6F, 0x7B, 0x7E, 0x7E, 0x7A, 
    0x7E, 0x7A, 0x7F, 0x7F, 0x7F, 0x81, 0x83, 0x82, 0x84, 0x82, 0x8C, 0x82, 0x84, 0x85, 0x83, 0x81, 
    0x82, 0x81, 0x7F, 0x81, 0x83, 0x7F, 0x7D, 0x7E, 0x7F, 0x7D, 0x7F, 0x81, 0x7F, 0x80, 0x7F, 0x7E, 
    0x7F, 0x7E, 0x7F, 0x7E, 0x7E, 0x7A, 0x7A, 0x5B, 0x7A, 0x5B, 0x7A, 0x3D, 0x88, 0x9D, 0xEB, 0x88, 
    0x58, 0x08, 0x00, 0x00, 0x00, 0x09, 0x09, 0x0C, 0x0A, 0x1F, 0x2F, 0x1F, 0xE4, 0xF0, 0xE3, 0x1B, 
    0x42, 0x42, 0x42, 0x1C, 0x1B, 0x1E, 0x1E, 0x1E, 0x1E, 0x1E, 0x1B, 0x18, 0x1C, 0x19, 0x1B, 0x19, 
    0x15, 0x15, 0x13, 0x15, 0x13, 0x19, 0x13, 0x19, 0x13, 0x19, 0x17, 0x10, 0x13, 0x15, 0x13, 0x15, 
    0x13, 0x15, 0x13, 0x13, 0x13, 0x19, 0x13, 0x15, 0x19, 0x1B, 0x1B, 0x48, 0x00, 0x01, 0x11, 0x30, 
    0x25, 0x2F, 0x25, 0x2F, 0x2F, 0x31, 0x2F, 0x31, 0x29, 0x30, 0x3A, 0x3A, 0x3C, 0x3A, 0x3A, 0x6B, 
    0x3C, 0x6A, 0x3C, 0x6A, 0x6C, 0x6B, 0x3C, 0x6B, 0x3C, 0x3A, 0x3A, 0x32, 0x2C, 0x11, 0x0B, 0x0B, 
    0x2C, 0x39, 0x30, 0x39, 0x3C, 0x3C, 0x3C, 0x6B, 0x3C, 0x6B, 0x6B, 0x6C, 0x6A, 0x6D, 0x6B, 0x6C, 
    0x3C, 0x3C, 0x6B, 0x6C, 0x6A, 0x69, 0x6C, 0x6D, 0x5B, 0x6D, 0x7A, 0x6C, 0x7A, 0x6D, 0x7A, 0x6D, 
    0x7A, 0x6C, 0x5B, 0x6C, 0x3C, 0x0B, 0x00, 0x07, 0x13, 0x42, 0x13, 0x15, 0x13, 0x13, 0x17, 0x13, 
    0x13, 0x13, 0x13, 0x0E, 0x13, 0x13, 0x13, 0x13, 0x13, 0x13, 0x13, 0x15, 0x01, 0xB3, 0xD7, 0xDB, 
    0xDB, 0xDD, 0xD3, 0x4E, 0x01, 0x19, 0x13, 0x19, 0x13, 0x19, 0x13, 0x19, 0x1B, 0x18, 0x04, 0x11, 
    0x2E, 0x3D, 0x7A, 0x7B, 0x7A, 0x6F, 0x7F, 0x7F, 0x7B, 0x83, 0x7F, 0x83, 0x82, 0x83, 0x84, 0x83, 
    0x83, 0x83, 0x81, 0x7F, 0x36, 0x60, 0x80, 0x6C, 0x7A, 0x7B, 0x7B, 0x7F, 0x7B, 0x7A, 0x6F, 0x7B, 
    0x7B, 0x7F, 0x7E, 0x83, 0x83, 0x84, 0x83, 0x84, 0x8C, 0x84, 0x82, 0x84, 0x85, 0x82, 0x81, 0x81, 
    0x81, 0x7F, 0x7F, 0x7F, 0x7B, 0x6D, 0x7A, 0x7B, 0x7B, 0x7B, 0x7F, 0x7F, 0x80, 0x7D, 0x80, 0x7F, 
    0x81, 0x7F, 0x7E, 0x7F, 0x7A, 0x7A, 0x5B, 0x7A, 0x6C, 0x7B, 0x7A, 0x7B, 0x5B, 0x8C, 0xE4, 0x9D, 
    0x8B, 0x2E, 0x00, 0x00, 0x00, 0x09, 0x0A, 0x0C, 0x1F, 0x21, 0x25, 0x20, 0x5B, 0x89, 0x16, 0x48, 
    0x48, 0x42, 0x2D, 0x1E, 0x1E, 0x41, 0x1C, 0x1D, 0x1D, 0x1B, 0x1D, 0x1B, 0x1B, 0x19, 0x19, 0x17, 
    0x19, 0x19, 0x19, 0x19, 0x19, 0x19, 0x15, 0x17, 0x19, 0x17, 0x19, 0x19, 0x19, 0x1B, 0x19, 0x19, 
    0x19, 0x1B, 0x1D, 0x18, 0x1D, 0x1D, 0x18, 0x41, 0x1E, 0x41, 0x1C, 0x48, 0x1E, 0x00, 0x07, 0x21, 
    0x30, 0x30, 0x25, 0x31, 0x25, 0x2F, 0x30, 0x26, 0x20, 0x2C, 0x3A, 0x39, 0x3A, 0x39, 0x3A, 0x3C, 
    0x3A, 0x3A, 0x3A, 0x3A, 0x3A, 0x3C, 0x3A, 0x3A, 0x3A, 0x3A, 0x39, 0x2E, 0x29, 0x0B, 0x0B, 0x11, 
    0x30, 0x30, 0x39, 0x39, 0x3A, 0x3C, 0x6A, 0x3C, 0x6C, 0x6C, 0x6A, 0x6C, 0x6A, 0x6C, 0x6C, 0x6C, 
    0x6C, 0x3A, 0x6F, 0x6B, 0x69, 0x6C, 0x6C, 0x6C, 0x6C, 0x6C, 0x6C, 0x3D, 0x6C, 0x7A, 0x6C, 0x6B, 
    0x3D, 0x3D, 0x6B, 0x3C, 0x11, 0x00, 0x0E, 0x05, 0x1E, 0x1D, 0x0E, 0x13, 0x0E, 0x13, 0x0E, 0x13, 
    0x0E, 0x13, 0x0E, 0x13, 0x17, 0x13, 0x0E, 0x13, 0x0E, 0x13, 0x0E, 0x13, 0x0E, 0x07, 0x8E, 0xBD, 
    0xC8, 0xB9, 0x49, 0x05, 0x17, 0x17, 0x15, 0x17, 0x17, 0x17, 0x17, 0x1D, 0x1E, 0x15, 0x00, 0x2B, 
    0x37, 0x2B, 0x3D, 0x6D, 0x7F, 0x6F, 0x7F, 0x7F, 0x7F, 0x7F, 0x7D, 0x84, 0x84, 0x7D, 0x84, 0x7F, 
    0x83, 0x7E, 0x7F, 0x3C, 0x57, 0x60, 0x6D, 0x7A, 0x6F, 0x6F, 0x7F, 0x7A, 0x7E, 0x7A, 0x7E, 0x7A, 
    0x6F, 0x7F, 0x7F, 0x83, 0x7D, 0x82, 0x83, 0x82, 0x84, 0x82, 0x82, 0x85, 0x83, 0x7F, 0x7D, 0x7F, 
    0x7F, 0x7A, 0x7E, 0x7A, 0x6C, 0x7A, 0x6D, 0x7A, 0x6D, 0x7A, 0x7B, 0x7A, 0x7F, 0x80, 0x7F, 0x80, 
    0x7B, 0x7E, 0x81, 0x79, 0x3D, 0x7A, 0x7E, 0x7A, 0x6C, 0x7A, 0x6F, 0x7A, 0x6C, 0x3D, 0x82, 0x9D, 
    0x9F, 0x86, 0x00, 0x01, 0x00, 0x09, 0x0B, 0x1F, 0x21, 0x20, 0x25, 0x2C, 0x30, 0x1C, 0x44, 0x1E, 
    0x42, 0x42, 0x1E, 0x18, 0x1B, 0x1E, 0x1B, 0x18, 0x1B, 0x1B, 0x1B, 0x18, 0x17, 0x19, 0x17, 0x1B, 
    0x19, 0x19, 0x1B, 0x1B, 0x1B, 0x1B, 0x1B, 0x1B, 0x1B, 0x1E, 0x1B, 0x1E, 0x1B, 0x34, 0x42, 0x42, 
    0x48, 0x44, 0x48, 0x53, 0x42, 0x48, 0x42, 0x53, 0x44, 0x1E, 0x42, 0x42, 0x55, 0x18, 0x00, 0x11, 
    0x2A, 0x31, 0x25, 0x30, 0x31, 0x30, 0x30, 0x31, 0x25, 0x2C, 0x30, 0x39, 0x3B, 0x3A, 0x30, 0x3A, 
    0x3C, 0x3A, 0x3C, 0x3A, 0x3C, 0x6A, 0x3C, 0x6A, 0x3B, 0x30, 0x2C, 0x30, 0x1A, 0x0B, 0x07, 0x10, 
    0x2A, 0x25, 0x30, 0x3A, 0x3C, 0x3A, 0x3A, 0x6C, 0x6B, 0x6C, 0x6B, 0x6C, 0x6C, 0x69, 0x6C, 0x6C, 
    0x3D, 0x3C, 0x6C, 0x6C, 0x6C, 0x6C, 0x6D, 0x6C, 0x6C, 0x6C, 0x7A, 0x7A, 0x7A, 0x7A, 0x6C, 0x3C, 
    0x2E, 0x32, 0x37, 0x11, 0x00, 0x02, 0x19, 0x2D, 0x1E, 0x13, 0x13, 0x17, 0x0E, 0x13, 0x13, 0x13, 
    0x15, 0x13, 0x13, 0x17, 0x13, 0x0E, 0x13, 0x13, 0x13, 0x0E, 0x13, 0x17, 0x13, 0x0E, 0x01, 0x00, 
    0x05, 0x01, 0x05, 0x17, 0x13, 0x19, 0x13, 0x17, 0x13, 0x13, 0x1D, 0x1E, 0x1B, 0x0E, 0x2D, 0x36, 
    0x1A, 0x2B, 0x32, 0x3D, 0x7B, 0x7F, 0x7B, 0x7C, 0x7F, 0x83, 0x7D, 0x83, 0x83, 0x83, 0x83, 0x83, 
    0x7D, 0x83, 0x5B, 0x53, 0x53, 0x7A, 0x6D, 0x7F, 0x7B, 0x7F, 0x6D, 0x7F, 0x7B, 0x6F, 0x7B, 0x7B, 
    0x81, 0x84, 0x81, 0x82, 0x81, 0x84, 0x82, 0x84, 0x82, 0x83, 0x82, 0x7D, 0x81, 0x7F, 0x81, 0x7F, 
    0x7A, 0x6D, 0x7A, 0x6C, 0x6D, 0x6C, 0x6C, 0x6C, 0x7A, 0x6D, 0x6C, 0x7B, 0x6D, 0x7B, 0x79, 0x7F, 
    0x79, 0x7E, 0x5B, 0x3D, 0x7A, 0x7E, 0x6C, 0x7F, 0x7B, 0x6F, 0x7F, 0x7F, 0x7A, 0x7F, 0x7A, 0x7D, 
    0x9F, 0x9F, 0x2B, 0x00, 0x00, 0x09, 0x21, 0x21, 0x20, 0x1F, 0x30, 0x30, 0x39, 0x53, 0x1E, 0x48, 
    0x1C, 0x1E, 0x1C, 0x1D, 0x1E, 0x1D, 0x1E, 0x1B, 0x19, 0x19, 0x15, 0x19, 0x17, 0x1B, 0x18, 0x1B, 
    0x1D, 0x1D, 0x1E, 0x1D, 0x18, 0x42, 0x44, 0x42, 0x53, 0x48, 0x55, 0x55, 0x53, 0x55, 0x56, 0x55, 
    0x56, 0x55, 0x56, 0x55, 0x55, 0x55, 0x52, 0x55, 0x55, 0x55, 0x53, 0x55, 0x55, 0x62, 0x48, 0x00, 
    0x11, 0x2C, 0x25, 0x30, 0x30, 0x25, 0x30, 0x30, 0x30, 0x2C, 0x39, 0x39, 0x31, 0x30, 0x39, 0x32, 
    0x3A, 0x3C, 0x6A, 0x3A, 0x3A, 0x3A, 0x3A, 0x3A, 0x2C, 0x09, 0x0B, 0x14, 0x0B, 0x03, 0x0B, 0x0B, 
    0x11, 0x2C, 0x3A, 0x39, 0x6A, 0x3C, 0x6C, 0x3C, 0x6C, 0x3D, 0x69, 0x6C, 0x6C, 0x6C, 0x6C, 0x6A, 
    0x6F, 0x39, 0x6C, 0x6C, 0x6D, 0x6C, 0x6C, 0x6C, 0x6C, 0x7A, 0x7A, 0x6C, 0x3D, 0x3B, 0x21, 0x0B, 
    0x07, 0x02, 0x00, 0x00, 0x03, 0x07, 0x19, 0x48, 0x19, 0x13, 0x17, 0x13, 0x0E, 0x13, 0x17, 0x0E, 
    0x0E, 0x13, 0x13, 0x0E, 0x17, 0x13, 0x17, 0x13, 0x0E, 0x13, 0x17, 0x13, 0x0E, 0x12, 0x17, 0x17, 
    0x17, 0x17, 0x17, 0x0E, 0x17, 0x0E, 0x17, 0x13, 0x13, 0x1B, 0x1E, 0x1D, 0x19, 0x11, 0x39, 0x5A, 
    0x5D, 0x5A, 0x37, 0x2B, 0x2C, 0x3D, 0x6F, 0x7F, 0x7F, 0x6F, 0x83, 0x7F, 0x83, 0x7D, 0x7F, 0x7F, 
    0x7F, 0x6D, 0x54, 0x55, 0x5B, 0x7E, 0x7F, 0x7E, 0x6F, 0x7E, 0x7F, 0x7E, 0x6F, 0x7E, 0x7F, 0x81, 
    0x83, 0x82, 0x83, 0x84, 0x84, 0x83, 0x82, 0x82, 0x82, 0x81, 0x82, 0x81, 0x7F, 0x7F, 0x7E, 0x7A, 
    0x6D, 0x6C, 0x6C, 0x6B, 0x6B, 0x6B, 0x6B, 0x6D, 0x6B, 0x6D, 0x6C, 0x7B, 0x7A, 0x7A, 0x7A, 0x7B, 
    0x7E, 0x59, 0x3D, 0x7E, 0x7F, 0x7E, 0x7F, 0x7E, 0x7F, 0x7F, 0x7F, 0x6D, 0x6F, 0x7B, 0x6F, 0x5B, 
    0xE5, 0xE4, 0x80, 0x00, 0x01, 0x09, 0x1F, 0x21, 0x22, 0x24, 0x31, 0x35, 0x3A, 0x53, 0x44, 0x1E, 
    0x42, 0x1E, 0x1E, 0x1E, 0x42, 0x1C, 0x42, 0x1E, 0x1E, 0x1E, 0x42, 0x1E, 0x42, 0x42, 0x44, 0x42, 
    0x48, 0x42, 0x42, 0x53, 0x55, 0x55, 0x55, 0x57, 0x55, 0x55, 0x55, 0x55, 0x5F, 0x57, 0x55, 0x57, 
    0x55, 0x5F, 0x55, 0x55, 0x56, 0x55, 0x55, 0x55, 0x55, 0x55, 0x55, 0x55, 0x47, 0x55, 0x5F, 0x0E, 
    0x00, 0x21, 0x2A, 0x30, 0x2C, 0x30, 0x30, 0x25, 0x2F, 0x30, 0x30, 0x3A, 0x39, 0x3A, 0x30, 0x3A, 
    0x30, 0x3A, 0x3C, 0x3A, 0x3A, 0x6A, 0x31, 0x2C, 0x0B, 0x02, 0x01, 0x07, 0x0B, 0x14, 0x1A, 0x1A, 
    0x29, 0x25, 0x39, 0x3A, 0x3C, 0x6A, 0x3D, 0x69, 0x6C, 0x6C, 0x6C, 0x6D, 0x6B, 0x6D, 0x6B, 0x6C, 
    0x6C, 0x3C, 0x6B, 0x6C, 0x6C, 0x6C, 0x6C, 0x7A, 0x6B, 0x3D, 0x32, 0x29, 0x04, 0x00, 0x05, 0x29, 
    0x29, 0x29, 0x2B, 0x0B, 0x13, 0x15, 0x55, 0x48, 0x13, 0x15, 0x13, 0x15, 0x13, 0x13, 0x13, 0x13, 
    0x13, 0x13, 0x13, 0x13, 0x15, 0x13, 0x0E, 0x13, 0x13, 0x13, 0x13, 0x17, 0x0E, 0x17, 0x13, 0x17, 
    0x17, 0x17, 0x13, 0x17, 0x13, 0x17, 0x13, 0x13, 0x1B, 0x42, 0x1B, 0x18, 0x1C, 0x2B, 0x32, 0x3C, 
    0x3C, 0x7E, 0x87, 0x80, 0x60, 0x36, 0x29, 0x3B, 0x6C, 0x7F, 0x7F, 0x7C, 0x7F, 0x7C, 0x7F, 0x7F, 
    0x7B, 0x59, 0x57, 0x5A, 0x7A, 0x7E, 0x7B, 0x7F, 0x7F, 0x6F, 0x7F, 0x7F, 0x7B, 0x6F, 0x83, 0x84, 
    0x84, 0x84, 0x84, 0x84, 0x83, 0x84, 0x82, 0x84, 0x83, 0x7D, 0x85, 0x7F, 0x7B, 0x7B, 0x7A, 0x6D, 
    0x6C, 0x6D, 0x6B, 0x6B, 0x6B, 0x6B, 0x6B, 0x69, 0x6B, 0x6B, 0x6B, 0x6D, 0x7A, 0x7B, 0x79, 0x7A, 
    0x2E, 0x3C, 0x79, 0x7B, 0x80, 0x7F, 0x7F, 0x7B, 0x7F, 0x7F, 0x7F, 0x7F, 0x7F, 0x7A, 0x79, 0x5B, 
    0xE5, 0xE4, 0x8B, 0x00, 0x00, 0x09, 0x21, 0x1F, 0x26, 0x25, 0x35, 0x3A, 0x6A, 0x54, 0x34, 0x42, 
    0x34, 0x1E, 0x2D, 0x42, 0x48, 0x42, 0x48, 0x48, 0x48, 0x48, 0x53, 0x47, 0x48, 0x48, 0x48, 0x48, 
    0x48, 0x48, 0x55, 0x55, 0x5F, 0x55, 0x5F, 0x56, 0x5F, 0x55, 0x57, 0x55, 0x56, 0x55, 0x55, 0x55, 
    0x55, 0x44, 0x55, 0x55, 0x56, 0x55, 0x55, 0x47, 0x55, 0x48, 0x48, 0x41, 0x34, 0x1B, 0x48, 0x5F, 
    0x00, 0x03, 0x22, 0x2B, 0x30, 0x25, 0x39, 0x30, 0x30, 0x30, 0x30, 0x39, 0x39, 0x30, 0x30, 0x32, 
    0x39, 0x31, 0x3A, 0x3A, 0x3A, 0x30, 0x20, 0x03, 0x03, 0x07, 0x03, 0x01, 0x01, 0x1A, 0x18, 0x21, 
    0x2C, 0x30, 0x39, 0x3A, 0x3A, 0x3C, 0x6C, 0x3D, 0x6C, 0x6C, 0x6C, 0x6C, 0x6C, 0x69, 0x6C, 0x6D, 
    0x6D, 0x3B, 0x3D, 0x6B, 0x3A, 0x2E, 0x2C, 0x2B, 0x29, 0x15, 0x0A, 0x21, 0x25, 0x30, 0x3A, 0x3A, 
    0x39, 0x39, 0x3B, 0x19, 0x0E, 0x42, 0x53, 0x19, 0x07, 0x13, 0x0E, 0x13, 0x0E, 0x07, 0x0E, 0x13, 
    0x0E, 0x13, 0x0E, 0x13, 0x0E, 0x13, 0x0E, 0x13, 0x17, 0x13, 0x0E, 0x0E, 0x17, 0x17, 0x0E, 0x17, 
    0x0E, 0x13, 0x0E, 0x13, 0x0E, 0x13, 0x17, 0x07, 0x1E, 0x1D, 0x18, 0x07, 0x11, 0x2C, 0x38, 0x3C, 
    0x3D, 0x7A, 0x6C, 0x7A, 0x7D, 0x9B, 0x86, 0x52, 0x1A, 0x11, 0x3A, 0x7A, 0x6F, 0x7F, 0x7F, 0x7A, 
    0x37, 0x42, 0x18, 0x3B, 0x7A, 0x7A, 0x6F, 0x7E, 0x7F, 0x7E, 0x7B, 0x7E, 0x6F, 0x7F, 0x84, 0x81, 
    0x83, 0x82, 0x84, 0x82, 0x83, 0x85, 0x84, 0x82, 0x82, 0x81, 0x7F, 0x7E, 0x7B, 0x7A, 0x6F, 0x6C, 
    0x6B, 0x6B, 0x6A, 0x3C, 0x6A, 0x6B, 0x3A, 0x6B, 0x65, 0x6B, 0x6B, 0x6B, 0x6B, 0x6C, 0x3B, 0x1A, 
    0x3C, 0x7A, 0x6C, 0x7E, 0x7D, 0x7E, 0x7F, 0x7F, 0x81, 0x7F, 0x83, 0x7F, 0x7F, 0x7E, 0x7E, 0x54, 
    0xE4, 0xE5, 0xE3, 0x36, 0x00, 0x03, 0x22, 0x22, 0x26, 0x63, 0x6A, 0x6A, 0x6A, 0x37, 0x48, 0x44, 
    0x48, 0x53, 0x48, 0x44, 0x53, 0x55, 0x55, 0x53, 0x48, 0x48, 0x44, 0x55, 0x42, 0x53, 0x48, 0x55, 
    0x48, 0x53, 0x42, 0x55, 0x55, 0x55, 0x55, 0x53, 0x43, 0x53, 0x42, 0x55, 0x44, 0x53, 0x55, 0x55, 
    0x55, 0x55, 0x55, 0x53, 0x40, 0x44, 0x42, 0x42, 0x41, 0x1E, 0x1E, 0x1D, 0x1D, 0x1D, 0x17, 0x44, 
    0x55, 0x00, 0x10, 0x22, 0x2C, 0x2C, 0x39, 0x30, 0x39, 0x30, 0x30, 0x3A, 0x30, 0x3A, 0x30, 0x30, 
    0x39, 0x30, 0x32, 0x35, 0x2C, 0x0C, 0x01, 0x09, 0x05, 0x09, 0x05, 0x03, 0x05, 0x21, 0x2B, 0x2C, 
    0x2C, 0x30, 0x31, 0x3A, 0x3C, 0x6A, 0x6C, 0x6A, 0x6C, 0x69, 0x6C, 0x6D, 0x6C, 0x6D, 0x6C, 0x6C, 
    0x39, 0x2B, 0x2B, 0x29, 0x2F, 0x24, 0x23, 0x22, 0x01, 0x26, 0x6E, 0x67, 0x67, 0x6E, 0x6A, 0x3A, 
    0x3C, 0x6A, 0x2E, 0x17, 0x00, 0x19, 0x1E, 0x17, 0x13, 0x0E, 0x0E, 0x17, 0x13, 0x0E, 0x13, 0x13, 
    0x13, 0x15, 0x13, 0x13, 0x13, 0x17, 0x13, 0x19, 0x13, 0x17, 0x13, 0x0E, 0x13, 0x17, 0x13, 0x17, 
    0x0D, 0x07, 0x13, 0x0E, 0x0E, 0x17, 0x13, 0x1D, 0x41, 0x06, 0x07, 0x10, 0x2B, 0x39, 0x3B, 0x3C, 
    0x3D, 0x7E, 0x5B, 0x7B, 0x7A, 0x7A, 0x7E, 0x82, 0x87, 0x5E, 0x54, 0x18, 0x29, 0x39, 0x2C, 0x09, 
    0x1B, 0x1E, 0x0B, 0x30, 0x5B, 0x6F, 0x6C, 0x7F, 0x7E, 0x6F, 0x7E, 0x7F, 0x7B, 0x82, 0x84, 0x84, 
    0x84, 0x84, 0x82, 0x84, 0x84, 0x84, 0x82, 0x82, 0x81, 0x81, 0x7F, 0x7F, 0x7B, 0x6D, 0x6C, 0x6D, 
    0x6B, 0x6B, 0x6B, 0x3A, 0x31, 0x3C, 0x31, 0x3C, 0x3C, 0x65, 0x6B, 0x6B, 0x5B, 0x2C, 0x03, 0x3B, 
    0x6C, 0x6F, 0x7A, 0x7F, 0x81, 0x7F, 0x80, 0x7F, 0x7D, 0x7F, 0x7D, 0x7F, 0x7B, 0x7E, 0x79, 0x36, 
    0x89, 0x48, 0x62, 0x5E, 0x00, 0x00, 0x22, 0x24, 0x26, 0x66, 0x66, 0x69, 0x69, 0x37, 0x48, 0x53, 
    0x53, 0x44, 0x53, 0x55, 0x48, 0x48, 0x53, 0x48, 0x55, 0x42, 0x55, 0x42, 0x48, 0x44, 0x48, 0x42, 
    0x44, 0x48, 0x53, 0x42, 0x42, 0x40, 0x1C, 0x1D, 0x1E, 0x42, 0x48, 0x48, 0x44, 0x55, 0x55, 0x48, 
    0x44, 0x48, 0x42, 0x41, 0x1E, 0x42, 0x1C, 0x1D, 0x1D, 0x1B, 0x1D, 0x1B, 0x1C, 0x1B, 0x19, 0x13, 
    0x53, 0x41, 0x00, 0x14, 0x20, 0x2C, 0x25, 0x30, 0x30, 0x39, 0x25, 0x32, 0x39, 0x30, 0x30, 0x25, 
    0x2C, 0x2C, 0x25, 0x21, 0x09, 0x04, 0x03, 0x01, 0x03, 0x07, 0x09, 0x01, 0x09, 0x0C, 0x2A, 0x2C, 
    0x25, 0x39, 0x39, 0x3A, 0x3A, 0x3C, 0x6C, 0x6B, 0x6F, 0x6C, 0x6D, 0x6D, 0x6D, 0x6D, 0x6F, 0x27, 
    0x0C, 0x21, 0x26, 0x67, 0x75, 0x75, 0x73, 0x67, 0x26, 0x6E, 0x71, 0x67, 0x67, 0x67, 0x69, 0x39, 
    0x6A, 0x3B, 0x2B, 0x00, 0x01, 0x1E, 0x18, 0x13, 0x17, 0x13, 0x17, 0x13, 0x17, 0x13, 0x0E, 0x13, 
    0x0E, 0x13, 0x17, 0x13, 0x0E, 0x13, 0x0E, 0x13, 0x0E, 0x13, 0x17, 0x17, 0x17, 0x13, 0x0E, 0x17, 
    0x17, 0x13, 0x0E, 0x13, 0x0E, 0x13, 0x0E, 0x1D, 0x13, 0x00, 0x0B, 0x1A, 0x2C, 0x32, 0x3C, 0x3C, 
    0x6C, 0x7A, 0x7A, 0x79, 0x7D, 0x7E, 0x7E, 0x7A, 0x7A, 0x81, 0x88, 0x88, 0x80, 0x5D, 0x5A, 0x1E, 
    0x00, 0x00, 0x11, 0x2E, 0x6C, 0x7A, 0x6F, 0x7E, 0x7F, 0x6F, 0x7F, 0x7F, 0x7F, 0x83, 0x84, 0x84, 
    0x84, 0x82, 0x84, 0x82, 0x83, 0x82, 0x83, 0x83, 0x7F, 0x81, 0x7B, 0x7E, 0x6F, 0x6C, 0x6B, 0x6B, 
    0x6A, 0x6A, 0x3A, 0x6B, 0x31, 0x32, 0x32, 0x32, 0x31, 0x31, 0x3C, 0x32, 0x11, 0x0B, 0x3B, 0x3C, 
    0x3C, 0x7A, 0x7A, 0x7E, 0x7F, 0x81, 0x7F, 0x7F, 0x7F, 0x81, 0x82, 0x7F, 0x7F, 0x79, 0x5B, 0x53, 
    0x12, 0x12, 0x44, 0x8A, 0x09, 0x00, 0x1F, 0x26, 0x26, 0x67, 0x6E, 0x6E, 0x69, 0x3B, 0x42, 0x44, 
    0x42, 0x42, 0x48, 0x42, 0x44, 0x42, 0x42, 0x42, 0x42, 0x48, 0x48, 0x53, 0x42, 0x48, 0x42, 0x42, 
    0x42, 0x40, 0x1B, 0x1B, 0x1B, 0x1B, 0x13, 0x19, 0x1D, 0x44, 0x42, 0x55, 0x42, 0x55, 0x42, 0x42, 
    0x48, 0x1E, 0x42, 0x1E, 0x1B, 0x1C, 0x1B, 0x1B, 0x1B, 0x19, 0x1B, 0x19, 0x1B, 0x19, 0x1B, 0x1B, 
    0x19, 0x55, 0x1B, 0x00, 0x29, 0x2C, 0x2C, 0x30, 0x30, 0x30, 0x30, 0x30, 0x30, 0x2C, 0x30, 0x30, 
    0x2C, 0x21, 0x0B, 0x09, 0x07, 0x09, 0x05, 0x03, 0x01, 0x01, 0x05, 0x09, 0x05, 0x08, 0x11, 0x2C, 
    0x2C, 0x30, 0x3A, 0x3A, 0x3A, 0x6C, 0x6C, 0x6C, 0x6C, 0x6D, 0x6F, 0x6D, 0x7B, 0x6F, 0x29, 0x24, 
    0x6E, 0x77, 0x77, 0x73, 0x72, 0x78, 0x72, 0x72, 0x67, 0x73, 0x68, 0x71, 0x67, 0x67, 0x69, 0x3A, 
    0x32, 0x2B, 0x03, 0x00, 0x1B, 0x1E, 0x13, 0x0E, 0x13, 0x15, 0x13, 0x13, 0x13, 0x15, 0x13, 0x15, 
    0x13, 0x15, 0x13, 0x19, 0x13, 0x19, 0x13, 0x13, 0x13, 0x19, 0x13, 0x19, 0x13, 0x13, 0x01, 0x01, 
    0x05, 0x17, 0x13, 0x13, 0x13, 0x13, 0x1B, 0x06, 0x00, 0x03, 0x1A, 0x2B, 0x2C, 0x3B, 0x3C, 0x3D, 
    0x7A, 0x7A, 0x7B, 0x7F, 0x7B, 0x7F, 0x7E, 0x7F, 0x7A, 0x7F, 0x7B, 0x7E, 0x7F, 0x7F, 0x80, 0x80, 
    0x2B, 0x00, 0x1A, 0x30, 0x3C, 0x7A, 0x7A, 0x7F, 0x79, 0x7A, 0x79, 0x7F, 0x7F, 0x7F, 0x81, 0x84, 
    0x84, 0x84, 0x84, 0x84, 0x81, 0x8C, 0x81, 0x81, 0x81, 0x7F, 0x7A, 0x7B, 0x7A, 0x6D, 0x6B, 0x6B, 
    0x6B, 0x31, 0x31, 0x3B, 0x2F, 0x29, 0x29, 0x28, 0x28, 0x2E, 0x2A, 0x0B, 0x14, 0x3B, 0x3A, 0x3A, 
    0x3A, 0x6D, 0x7A, 0x7F, 0x81, 0x7F, 0x81, 0x83, 0x81, 0x81, 0x81, 0x7F, 0x80, 0x7E, 0x58, 0x57, 
    0x1D, 0x1B, 0x19, 0x89, 0x5A, 0x00, 0x0A, 0x25, 0x63, 0x67, 0x68, 0x6E, 0x69, 0x38, 0x1E, 0x1E, 
    0x34, 0x42, 0x2D, 0x40, 0x48, 0x42, 0x48, 0x42, 0x48, 0x55, 0x48, 0x40, 0x42, 0x1D, 0x1D, 0x1C, 
    0x1B, 0x1B, 0x19, 0x17, 0x17, 0x13, 0x13, 0x17, 0x19, 0x19, 0x1D, 0x1E, 0x1E, 0x1E, 0x1E, 0x1D, 
    0x18, 0x1B, 0x19, 0x1B, 0x19, 0x19, 0x19, 0x1B, 0x19, 0x19, 0x19, 0x19, 0x19, 0x19, 0x19, 0x1B, 
    0x19, 0x1B, 0x56, 0x13, 0x00, 0x29, 0x20, 0x2C, 0x30, 0x2C, 0x25, 0x2C, 0x25, 0x2C, 0x2C, 0x21, 
    0x0F, 0x07, 0x0B, 0x07, 0x03, 0x00, 0x02, 0x02, 0x01, 0x01, 0x01, 0x05, 0x03, 0x03, 0x09, 0x29, 
    0x25, 0x39, 0x31, 0x3A, 0x3A, 0x6C, 0x6C, 0x6D, 0x6C, 0x6D, 0x6F, 0x6D, 0x7C, 0x3D, 0x20, 0x75, 
    0x78, 0x78, 0x74, 0x74, 0x74, 0x74, 0x74, 0x73, 0x71, 0x73, 0x71, 0x71, 0x71, 0x67, 0x69, 0x30, 
    0x2B, 0x10, 0x00, 0x02, 0x34, 0x19, 0x0E, 0x13, 0x17, 0x13, 0x0E, 0x13, 0x0E, 0x0E, 0x0E, 0x13, 
    0x0E, 0x13, 0x17, 0x13, 0x0E, 0x17, 0x17, 0x13, 0x17, 0x17, 0x17, 0x17, 0x17, 0x16, 0x4E, 0xB2, 
    0x33, 0x07, 0x17, 0x0E, 0x17, 0x17, 0x07, 0x00, 0x01, 0x15, 0x1A, 0x2C, 0x39, 0x3B, 0x3D, 0x6B, 
    0x7A, 0x6C, 0x6C, 0x7E, 0x7F, 0x7E, 0x7F, 0x7A, 0x6F, 0x7E, 0x7F, 0x7E, 0x7D, 0x7A, 0x6F, 0x6D, 
    0x5B, 0x04, 0x11, 0x2C, 0x3D, 0x7A, 0x6F, 0x6F, 0x7E, 0x7A, 0x6F, 0x7E, 0x7B, 0x7E, 0x83, 0x82, 
    0x84, 0x82, 0x84, 0x82, 0x82, 0x84, 0x7F, 0x81, 0x7F, 0x7E, 0x7E, 0x7B, 0x6C, 0x6A, 0x6C, 0x6B, 
    0x6A, 0x3A, 0x39, 0x2A, 0x2C, 0x1A, 0x07, 0x07, 0x10, 0x14, 0x02, 0x1A, 0x2C, 0x2C, 0x30, 0x39, 
    0x3A, 0x7A, 0x6C, 0x7E, 0x7F, 0x7F, 0x7F, 0x7F, 0x7F, 0x81, 0x7F, 0x81, 0x7E, 0x79, 0x3B, 0x57, 
    0x19, 0x1B, 0x12, 0x62, 0x89, 0x00, 0x09, 0x23, 0x63, 0x68, 0x77, 0x68, 0x6E, 0x6A, 0x1E, 0x1E, 
    0x1E, 0x42, 0x34, 0x44, 0x40, 0x44, 0x42, 0x1E, 0x42, 0x1C, 0x1B, 0x19, 0x1B, 0x17, 0x19, 0x19, 
    0x1B, 0x1B, 0x17, 0x07, 0x13, 0x07, 0x13, 0x19, 0x0E, 0x17, 0x19, 0x1D, 0x1D, 0x19, 0x19, 0x1B, 
    0x17, 0x19, 0x19, 0x19, 0x1B, 0x17, 0x1B, 0x19, 0x1B, 0x19, 0x1B, 0x19, 0x1B, 0x19, 0x1B, 0x17, 
    0x1B, 0x19, 0x40, 0x60, 0x07, 0x09, 0x2B, 0x20, 0x2C, 0x30, 0x2A, 0x2C, 0x2C, 0x22, 0x11, 0x0B, 
    0x07, 0x07, 0x05, 0x01, 0x00, 0x00, 0x00, 0x00, 0x00, 0x01, 0x01, 0x03, 0x03, 0x09, 0x01, 0x21, 
    0x25, 0x30, 0x39, 0x3A, 0x6B, 0x69, 0x6C, 0x6D, 0x6D, 0x6D, 0x6F, 0x70, 0x3D, 0x2F, 0x77, 0x78, 
    0x78, 0x74, 0x74, 0x74, 0x93, 0x74, 0x74, 0x74, 0x71, 0x71, 0x71, 0x71, 0x67, 0x67, 0x6A, 0x30, 
    0x29, 0x01, 0x00, 0x18, 0x1E, 0x07, 0x13, 0x07, 0x15, 0x13, 0x0E, 0x13, 0x13, 0x13, 0x13, 0x0E, 
    0x13, 0x19, 0x13, 0x19, 0x13, 0x19, 0x13, 0x19, 0x13, 0x19, 0x17, 0x19, 0x01, 0x49, 0xBD, 0xBC, 
    0xB3, 0x16, 0x13, 0x17, 0x06, 0x00, 0x04, 0x03, 0x1E, 0x36, 0x28, 0x30, 0x32, 0x3C, 0x6C, 0x6C, 
    0x6C, 0x6F, 0x7A, 0x7F, 0x7F, 0x6F, 0x7B, 0x6F, 0x7E, 0x7F, 0x81, 0x7F, 0x7F, 0x7B, 0x7A, 0x7A, 
    0x5A, 0x06, 0x11, 0x32, 0x3D, 0x7A, 0x7B, 0x6F, 0x7E, 0x7E, 0x7E, 0x7E, 0x7A, 0x7E, 0x7F, 0x84, 
    0x81, 0x84, 0x81, 0x84, 0x81, 0x81, 0x81, 0x83, 0x7F, 0x6F, 0x7A, 0x6F, 0x7A, 0x69, 0x6B, 0x6A, 
    0x3A, 0x31, 0x2F, 0x2B, 0x27, 0x00, 0x00, 0x00, 0x00, 0x07, 0x29, 0x2C, 0x2A, 0x2C, 0x2F, 0x3A, 
    0x3C, 0x6D, 0x7A, 0x7F, 0x7F, 0x83, 0x7F, 0x7F, 0x81, 0x7F, 0x81, 0x81, 0x7E, 0x5B, 0x07, 0x37, 
    0x19, 0x1B, 0x17, 0x52, 0x9C, 0x0C, 0x00, 0x26, 0x66, 0x68, 0x95, 0x77, 0x70, 0x6D, 0x1E, 0x34, 
    0x2D, 0x1E, 0x1E, 0x1D, 0x18, 0x1D, 0x1D, 0x1B, 0x19, 0x13, 0x13, 0x13, 0x17, 0x17, 0x1B, 0x19, 
    0x17, 0x13, 0x10, 0x13, 0x0E, 0x13, 0x17, 0x0E, 0x17, 0x19, 0x18, 0x1B, 0x19, 0x1B, 0x19, 0x1B, 
    0x19, 0x1B, 0x19, 0x1B, 0x19, 0x19, 0x18, 0x1B, 0x19, 0x1B, 0x19, 0x1B, 0x19, 0x1B, 0x1B, 0x1B, 
    0x1D, 0x1B, 0x17, 0x48, 0x56, 0x00, 0x10, 0x29, 0x22, 0x2A, 0x20, 0x21, 0x0F, 0x0B, 0x0E, 0x07, 
    0x09, 0x00, 0x00, 0x00, 0x00, 0x00, 0x00, 0x00, 0x00, 0x00, 0x05, 0x01, 0x03, 0x09, 0x09, 0x14, 
    0x2C, 0x2C, 0x3A, 0x3C, 0x6C, 0x6C, 0x6C, 0x6D, 0x6F, 0x6D, 0x7C, 0x6C, 0x31, 0x75, 0x74, 0x74, 
    0x93, 0x93, 0x93, 0x93, 0x93, 0x74, 0x74, 0x74, 0x72, 0x71, 0x72, 0x71, 0x67, 0x66, 0x65, 0x2E, 
    0x03, 0x00, 0x0E, 0x42, 0x10, 0x13, 0x17, 0x13, 0x17, 0x13, 0x0E, 0x13, 0x0E, 0x13, 0x17, 0x13, 
    0x17, 0x13, 0x0E, 0x13, 0x17, 0x13, 0x19, 0x17, 0x15, 0x17, 0x17, 0x17, 0x17, 0x16, 0xB3, 0xB9, 
    0x8E, 0x16, 0x02, 0x02, 0x00, 0x02, 0x00, 0x14, 0x54, 0x2E, 0x2C, 0x39, 0x3C, 0x3D, 0x6C, 0x6C, 
    0x7A, 0x7A, 0x7B, 0x7F, 0x7F, 0x7E, 0x7F, 0x7A, 0x6F, 0x7F, 0x7F, 0x7F, 0x7F, 0x7E, 0x7F, 0x6D, 
    0x38, 0x06, 0x11, 0x30, 0x3D, 0x7A, 0x7E, 0x7A, 0x7F, 0x7E, 0x6F, 0x7A, 0x7B, 0x7A, 0x7F, 0x7D, 
    0x7D, 0x84, 0x83, 0x82, 0x83, 0x81, 0x83, 0x7B, 0x7F, 0x7A, 0x7E, 0x6C, 0x69, 0x6B, 0x6A, 0x3A, 
    0x6A, 0x32, 0x2C, 0x2C, 0x0C, 0x00, 0x06, 0x16, 0x17, 0x1A, 0x2C, 0x29, 0x2C, 0x2C, 0x30, 0x32, 
    0x39, 0x6C, 0x6D, 0x7F, 0x7F, 0x7F, 0x7F, 0x82, 0x83, 0x7D, 0x7F, 0x81, 0x7F, 0x36, 0x00, 0x1E, 
    0x1B, 0x1B, 0x1B, 0x1E, 0x8A, 0x5B, 0x00, 0x23, 0x64, 0x71, 0x95, 0x92, 0x70, 0x70, 0x1E, 0x1D, 
    0x1C, 0x1E, 0x1C, 0x1E, 0x1C, 0x1B, 0x15, 0x13, 0x13, 0x07, 0x07, 0x13, 0x13, 0x13, 0x13, 0x07, 
    0x13, 0x13, 0x13, 0x17, 0x17, 0x13, 0x13, 0x17, 0x19, 0x19, 0x1C, 0x19, 0x1B, 0x18, 0x1B, 0x19, 
    0x1B, 0x19, 0x1B, 0x1B, 0x17, 0x19, 0x16, 0x19, 0x1B, 0x1B, 0x1B, 0x1B, 0x1B, 0x1B, 0x1B, 0x1B, 
    0x17, 0x19, 0x1B, 0x13, 0x42, 0x55, 0x07, 0x0B, 0x1A, 0x21, 0x0C, 0x0B, 0x07, 0x03, 0x05, 0x00, 
    0x00, 0x00, 0x00, 0x00, 0x00, 0x00, 0x00, 0x00, 0x00, 0x01, 0x05, 0x01, 0x05, 0x09, 0x01, 0x11, 
    0x30, 0x3A, 0x3C, 0x6B, 0x6B, 0x6D, 0x6D, 0x7C, 0x6D, 0x7C, 0x6C, 0x65, 0x76, 0x74, 0x96, 0x93, 
    0x93, 0x93, 0x93, 0x93, 0x93, 0x93, 0x74, 0x74, 0x72, 0x67, 0x71, 0x71, 0x64, 0x69, 0x6A, 0x0C, 
    0x00, 0x00, 0x1E, 0x1C, 0x13, 0x15, 0x0E, 0x15, 0x13, 0x15, 0x13, 0x15, 0x13, 0x15, 0x13, 0x15, 
    0x13, 0x19, 0x13, 0x19, 0x13, 0x17, 0x13, 0x19, 0x13, 0x17, 0x13, 0x19, 0x17, 0x0E, 0x16, 0x33, 
    0x00, 0x00, 0x00, 0x01, 0x00, 0x01, 0x07, 0x1C, 0x2B, 0x32, 0x32, 0x3B, 0x3D, 0x6C, 0x5B, 0x6D, 
    0x7A, 0x7B, 0x7B, 0x7F, 0x81, 0x7F, 0x7B, 0x7F, 0x7A, 0x83, 0x81, 0x7C, 0x81, 0x7F, 0x7A, 0x7B, 
    0x5B, 0x17, 0x0C, 0x39, 0x6B, 0x7A, 0x6F, 0x7F, 0x7A, 0x7F, 0x7B, 0x6F, 0x7A, 0x7B, 0x7B, 0x7C, 
    0x81, 0x84, 0x81, 0x83, 0x82, 0x7F, 0x7F, 0x7F, 0x7B, 0x7B, 0x7A, 0x6C, 0x6C, 0x6B, 0x31, 0x3A, 
    0x30, 0x30, 0x28, 0x2C, 0x1A, 0x00, 0x40, 0x5F, 0x43, 0x1A, 0x29, 0x1F, 0x29, 0x2C, 0x2F, 0x32, 
    0x31, 0x6C, 0x6C, 0x7F, 0x83, 0x7F, 0x81, 0x7F, 0x83, 0x81, 0x81, 0x7F, 0x79, 0x53, 0x19, 0x18, 
    0x19, 0x1B, 0x18, 0x12, 0x89, 0x85, 0x00, 0x24, 0x67, 0x68, 0x94, 0x92, 0x73, 0x70, 0x2E, 0x1B, 
    0x1C, 0x1B, 0x19, 0x19, 0x17, 0x13, 0x07, 0x13, 0x17, 0x07, 0x07, 0x13, 0x0E, 0x07, 0x07, 0x0E, 
    0x0E, 0x13, 0x0E, 0x17, 0x0E, 0x19, 0x19, 0x19, 0x19, 0x19, 0x18, 0x1B, 0x19, 0x19, 0x19, 0x1B, 
    0x19, 0x19, 0x19, 0x17, 0x19, 0x1B, 0x19, 0x19, 0x19, 0x19, 0x19, 0x19, 0x19, 0x17, 0x19, 0x19, 
    0x19, 0x19, 0x19, 0x1B, 0x16, 0x41, 0x48, 0x0E, 0x0B, 0x0B, 0x07, 0x07, 0x03, 0x00, 0x00, 0x00, 
    0x00, 0x00, 0x00, 0x00, 0x00, 0x00, 0x00, 0x00, 0x01, 0x01, 0x02, 0x01, 0x09, 0x03, 0x03, 0x11, 
    0x39, 0x3C, 0x3A, 0x3C, 0x69, 0x6C, 0x6D, 0x6D, 0x70, 0x38, 0x66, 0x78, 0x74, 0x93, 0x93, 0x93, 
    0x94, 0x94, 0x94, 0x94, 0x94, 0x93, 0x93, 0x74, 0x74, 0x71, 0x63, 0x67, 0x67, 0x6E, 0x2A, 0x00, 
    0x01, 0x15, 0x52, 0x17, 0x17, 0x13, 0x17, 0x13, 0x0E, 0x13, 0x0E, 0x13, 0x0E, 0x0E, 0x0E, 0x13, 
    0x17, 0x13, 0x0E, 0x17, 0x15, 0x13, 0x17, 0x17, 0x15, 0x17, 0x17, 0x17, 0x0E, 0x07, 0x00, 0x00, 
    0x00, 0x00, 0x00, 0x01, 0x03, 0x19, 0x1C, 0x2C, 0x2C, 0x3B, 0x3A, 0x3D, 0x6B, 0x6C, 0x6D, 0x7A, 
    0x6D, 0x7A, 0x6F, 0x7F, 0x7F, 0x7E, 0x7B, 0x7A, 0x6F, 0x7F, 0x7F, 0x7F, 0x81, 0x7E, 0x7F, 0x7A, 
    0x5B, 0x18, 0x0A, 0x32, 0x3D, 0x7A, 0x6F, 0x7E, 0x6F, 0x7E, 0x7E, 0x7A, 0x6F, 0x7B, 0x6F, 0x81, 
    0x7F, 0x82, 0x83, 0x81, 0x83, 0x7F, 0x7F, 0x7E, 0x6F, 0x6C, 0x6F, 0x6B, 0x6C, 0x6C, 0x6A, 0x32, 
    0x31, 0x2C, 0x2A, 0x2C, 0x29, 0x0B, 0x06, 0x43, 0x3F, 0x2D, 0x2C, 0x29, 0x2C, 0x2C, 0x30, 0x3B, 
    0x3A, 0x6B, 0x6D, 0x7F, 0x7F, 0x7F, 0x83, 0x7F, 0x7D, 0x7D, 0x7F, 0x80, 0x59, 0x48, 0x56, 0x48, 
    0x1B, 0x19, 0x1C, 0x12, 0x5E, 0x9D, 0x2B, 0x23, 0x67, 0x73, 0x94, 0x93, 0x92, 0x95, 0x39, 0x0D, 
    0x15, 0x15, 0x12, 0x07, 0x06, 0x17, 0x13, 0x17, 0x13, 0x0E, 0x13, 0x17, 0x13, 0x0E, 0x12, 0x07, 
    0x13, 0x0E, 0x13, 0x19, 0x13, 0x19, 0x1B, 0x19, 0x1D, 0x19, 0x1B, 0x1D, 0x1D, 0x19, 0x1B, 0x19, 
    0x1B, 0x1B, 0x19, 0x19, 0x17, 0x19, 0x19, 0x1B, 0x17, 0x1B, 0x19, 0x17, 0x19, 0x19, 0x19, 0x19, 
    0x17, 0x19, 0x17, 0x0E, 0x17, 0x13, 0x1B, 0x18, 0x01, 0x0B, 0x07, 0x00, 0x00, 0x00, 0x00, 0x00, 
    0x00, 0x00, 0x00, 0x00, 0x00, 0x00, 0x00, 0x01, 0x01, 0x01, 0x05, 0x03, 0x01, 0x09, 0x08, 0x29, 
    0x32, 0x3A, 0x3C, 0x6C, 0x6C, 0x69, 0x6D, 0x7C, 0x3A, 0x66, 0x76, 0x74, 0x93, 0x93, 0x93, 0x94, 
    0x94, 0x94, 0x94, 0x94, 0x94, 0x93, 0x93, 0x74, 0x74, 0x71, 0x24, 0x67, 0x6E, 0x65, 0x04, 0x01, 
    0x00, 0x48, 0x55, 0x07, 0x13, 0x0E, 0x15, 0x13, 0x13, 0x0E, 0x13, 0x15, 0x13, 0x15, 0x13, 0x10, 
    0x13, 0x19, 0x13, 0x19, 0x17, 0x19, 0x13, 0x19, 0x17, 0x10, 0x17, 0x0E, 0x04, 0x00, 0x00, 0x02, 
    0x00, 0x04, 0x00, 0x07, 0x1B, 0x2D, 0x2B, 0x30, 0x3B, 0x3A, 0x3C, 0x3D, 0x7A, 0x6C, 0x7A, 0x7B, 
    0x7A, 0x7F, 0x7F, 0x7F, 0x7F, 0x6F, 0x7A, 0x7F, 0x7B, 0x7F, 0x81, 0x7F, 0x83, 0x7B, 0x7A, 0x6F, 
    0x5B, 0x2D, 0x08, 0x39, 0x3C, 0x6F, 0x7A, 0x7F, 0x6D, 0x7B, 0x7E, 0x6F, 0x7A, 0x7F, 0x7F, 0x83, 
    0x7F, 0x84, 0x83, 0x7F, 0x82, 0x7F, 0x7F, 0x7F, 0x7A, 0x6C, 0x7A, 0x6D, 0x6B, 0x69, 0x3A, 0x3A, 
    0x2F, 0x30, 0x25, 0x2C, 0x21, 0x1A, 0x27, 0x0F, 0x29, 0x2B, 0x2C, 0x2C, 0x2C, 0x30, 0x32, 0x3A, 
    0x3C, 0x6C, 0x7B, 0x83, 0x7F, 0x7F, 0x7F, 0x7F, 0x81, 0x7F, 0x80, 0x7E, 0x1A, 0x52, 0x5F, 0x17, 
    0x19, 0x17, 0x1B, 0x13, 0x52, 0x9D, 0x7C, 0x1F, 0x67, 0x73, 0x94, 0x94, 0x92, 0x95, 0x69, 0x04, 
    0x0B, 0x06, 0x02, 0x07, 0x15, 0x17, 0x19, 0x13, 0x07, 0x07, 0x07, 0x13, 0x07, 0x13, 0x07, 0x13, 
    0x0E, 0x13, 0x17, 0x13, 0x19, 0x19, 0x18, 0x1B, 0x18, 0x1B, 0x18, 0x1B, 0x19, 0x1B, 0x19, 0x1B, 
    0x19, 0x17, 0x19, 0x19, 0x19, 0x19, 0x1B, 0x17, 0x19, 0x19, 0x17, 0x19, 0x1B, 0x15, 0x19, 0x17, 
    0x15, 0x17, 0x17, 0x17, 0x17, 0x15, 0x0B, 0x03, 0x03, 0x02, 0x00, 0x00, 0x00, 0x00, 0x00, 0x00, 
    0x00, 0x00, 0x00, 0x00, 0x00, 0x00, 0x00, 0x00, 0x01, 0x01, 0x03, 0x01, 0x03, 0x0B, 0x0B, 0x2B, 
    0x3A, 0x3A, 0x6A, 0x6B, 0x69, 0x6D, 0x6D, 0x39, 0x63, 0x76, 0x78, 0x74, 0x93, 0x93, 0x94, 0x94, 
    0x98, 0x94, 0x94, 0x94, 0x94, 0x93, 0x93, 0x74, 0x74, 0x64, 0x64, 0x64, 0x6E, 0x27, 0x00, 0x03, 
    0x1E, 0x57, 0x1E, 0x0D, 0x17, 0x13, 0x17, 0x13, 0x13, 0x13, 0x0E, 0x15, 0x0E, 0x13, 0x17, 0x13, 
    0x19, 0x13, 0x15, 0x17, 0x19, 0x17, 0x19, 0x17, 0x17, 0x07, 0x04, 0x00, 0x00, 0x00, 0x00, 0x00, 
    0x01, 0x00, 0x0E, 0x19, 0x1A, 0x2B, 0x39, 0x3B, 0x3A, 0x38, 0x6A, 0x6C, 0x6F, 0x7A, 0x7A, 0x7A, 
    0x6F, 0x7E, 0x7F, 0x7F, 0x7D, 0x7E, 0x7F, 0x7A, 0x6F, 0x7F, 0x7F, 0x7F, 0x83, 0x7E, 0x7F, 0x6D, 
    0x6C, 0x2D, 0x01, 0x2C, 0x3D, 0x7B, 0x7E, 0x7B, 0x6F, 0x7A, 0x6F, 0x7A, 0x6D, 0x7A, 0x6F, 0x7F, 
    0x7D, 0x82, 0x83, 0x7D, 0x7F, 0x7F, 0x7F, 0x7A, 0x6D, 0x6C, 0x6D, 0x6C, 0x6B, 0x6B, 0x6B, 0x31, 
    0x30, 0x30, 0x25, 0x2A, 0x22, 0x21, 0x24, 0x29, 0x2C, 0x29, 0x2A, 0x28, 0x30, 0x32, 0x3B, 0x3C, 
    0x6B, 0x7B, 0x7F, 0x81, 0x7F, 0x82, 0x7F, 0x7D, 0x7F, 0x7E, 0x7E, 0x5B, 0x52, 0x5F, 0x48, 0x1B, 
    0x19, 0x19, 0x1D, 0x15, 0x42, 0x9D, 0x8D, 0x23, 0x67, 0x73, 0x94, 0x98, 0x92, 0x93, 0x6D, 0x04, 
    0x07, 0x07, 0x13, 0x19, 0x15, 0x0E, 0x13, 0x0E, 0x12, 0x13, 0x13, 0x0E, 0x07, 0x0E, 0x13, 0x07, 
    0x13, 0x13, 0x19, 0x0E, 0x19, 0x19, 0x1B, 0x1B, 0x1B, 0x1B, 0x1B, 0x18, 0x19, 0x1B, 0x1B, 0x19, 
    0x1B, 0x19, 0x17, 0x1B, 0x17, 0x15, 0x19, 0x15, 0x1B, 0x19, 0x1B, 0x19, 0x17, 0x1B, 0x15, 0x1B, 
    0x15, 0x19, 0x13, 0x19, 0x0B, 0x0B, 0x07, 0x01, 0x00, 0x00, 0x00, 0x00, 0x00, 0x00, 0x00, 0x00, 
    0x00, 0x00, 0x00, 0x00, 0x00, 0x00, 0x00, 0x01, 0x05, 0x01, 0x05, 0x09, 0x07, 0x03, 0x14, 0x2C, 
    0x32, 0x3A, 0x6B, 0x69, 0x6D, 0x69, 0x32, 0x24, 0x76, 0x78, 0x74, 0x93, 0x93, 0x94, 0x94, 0x94, 
    0x98, 0x98, 0x94, 0x94, 0x93, 0x93, 0x74, 0x74, 0x71, 0x75, 0x76, 0x75, 0x2F, 0x00, 0x01, 0x56, 
    0x5F, 0x57, 0x13, 0x19, 0x13, 0x15, 0x13, 0x15, 0x13, 0x15, 0x13, 0x15, 0x13, 0x15, 0x13, 0x15, 
    0x13, 0x15, 0x13, 0x19, 0x17, 0x15, 0x13, 0x04, 0x00, 0x00, 0x00, 0x00, 0x00, 0x01, 0x05, 0x01, 
    0x00, 0x0B, 0x19, 0x29, 0x2A, 0x30, 0x39, 0x3C, 0x3C, 0x3D, 0x6C, 0x7A, 0x7A, 0x6D, 0x7A, 0x7B, 
    0x7B, 0x7F, 0x81, 0x7F, 0x7F, 0x7F, 0x7B, 0x7B, 0x7A, 0x83, 0x81, 0x7F, 0x83, 0x7F, 0x7B, 0x7B, 
    0x7A, 0x59, 0x00, 0x2C, 0x3D, 0x7B, 0x7A, 0x7B, 0x7B, 0x6C, 0x7A, 0x6C, 0x7A, 0x6D, 0x7B, 0x7F, 
    0x7D, 0x83, 0x83, 0x83, 0x83, 0x7F, 0x7B, 0x6D, 0x7A, 0x7A, 0x3D, 0x6F, 0x6B, 0x6B, 0x6B, 0x3A, 
    0x30, 0x30, 0x24, 0x30, 0x2A, 0x24, 0x2A, 0x22, 0x2A, 0x30, 0x2C, 0x2C, 0x2F, 0x32, 0x31, 0x6B, 
    0x6B, 0x7B, 0x81, 0x81, 0x7F, 0x83, 0x7F, 0x82, 0x81, 0x7F, 0x79, 0x37, 0x55, 0x57, 0x1B, 0x1D, 
    0x19, 0x19, 0x19, 0x18, 0x17, 0x8A, 0xA0, 0x69, 0x68, 0x73, 0x94, 0x98, 0x92, 0x92, 0x95, 0x12, 
    0x0E, 0x13, 0x15, 0x17, 0x13, 0x13, 0x17, 0x13, 0x0E, 0x17, 0x17, 0x13, 0x07, 0x07, 0x0E, 0x13, 
    0x07, 0x17, 0x19, 0x19, 0x19, 0x19, 0x18, 0x1B, 0x18, 0x1B, 0x19, 0x1B, 0x19, 0x1B, 0x19, 0x17, 
    0x19, 0x17, 0x1B, 0x19, 0x19, 0x19, 0x1B, 0x17, 0x1B, 0x15, 0x19, 0x15, 0x1B, 0x19, 0x17, 0x17, 
    0x0E, 0x13, 0x10, 0x0B, 0x03, 0x00, 0x00, 0x00, 0x00, 0x00, 0x00, 0x00, 0x00, 0x00, 0x00, 0x00, 
    0x00, 0x00, 0x00, 0x00, 0x00, 0x00, 0x03, 0x01, 0x02, 0x05, 0x03, 0x07, 0x09, 0x07, 0x29, 0x2C, 
    0x3A, 0x3A, 0x6A, 0x69, 0x69, 0x6A, 0x00, 0x31, 0x76, 0x78, 0x78, 0x93, 0x93, 0x93, 0x94, 0x94, 
    0x98, 0x94, 0x94, 0x94, 0x93, 0x93, 0x74, 0x71, 0x1F, 0x63, 0x64, 0x2A, 0x0B, 0x00, 0x56, 0x56, 
    0x36, 0x1D, 0x19, 0x17, 0x17, 0x13, 0x0E, 0x13, 0x0E, 0x13, 0x0E, 0x13, 0x0E, 0x13, 0x17, 0x13, 
    0x19, 0x1B, 0x19, 0x13, 0x07, 0x00, 0x00, 0x00, 0x00, 0x00, 0x00, 0x00, 0x03, 0x06, 0x00, 0x04, 
    0x19, 0x15, 0x21, 0x2E, 0x39, 0x39, 0x39, 0x3D, 0x6C, 0x6C, 0x6D, 0x6C, 0x6D, 0x7A, 0x6C, 0x7A, 
    0x7F, 0x7F, 0x7F, 0x7F, 0x7B, 0x7E, 0x6F, 0x7A, 0x6F, 0x7F, 0x7F, 0x7F, 0x7D, 0x7D, 0x7F, 0x7F, 
    0x7F, 0x3B, 0x00, 0x2C, 0x3D, 0x7A, 0x6C, 0x7B, 0x7E, 0x6C, 0x6F, 0x7A, 0x6C, 0x7A, 0x6F, 0x7F, 
    0x83, 0x83, 0x7D, 0x7F, 0x7F, 0x7D, 0x7F, 0x7A, 0x6F, 0x6C, 0x6C, 0x6C, 0x6B, 0x3D, 0x6A, 0x3A, 
    0x39, 0x30, 0x30, 0x30, 0x25, 0x22, 0x2C, 0x20, 0x22, 0x2E, 0x32, 0x32, 0x39, 0x3B, 0x3A, 0x3C, 
    0x6D, 0x7E, 0x7F, 0x7F, 0x7F, 0x7F, 0x7F, 0x7F, 0x7B, 0x79, 0x7A, 0x52, 0x57, 0x56, 0x19, 0x1B, 
    0x19, 0x19, 0x1B, 0x1A, 0x12, 0x86, 0xA4, 0x92, 0x68, 0x92, 0x94, 0x98, 0x93, 0x92, 0x95, 0x1A, 
    0x13, 0x15, 0x19, 0x19, 0x13, 0x17, 0x13, 0x13, 0x13, 0x13, 0x13, 0x13, 0x13, 0x13, 0x17, 0x17, 
    0x13, 0x10, 0x19, 0x17, 0x19, 0x18, 0x1B, 0x19, 0x19, 0x1B, 0x1B, 0x19, 0x1B, 0x19, 0x1B, 0x1B, 
    0x19, 0x19, 0x17, 0x1B, 0x17, 0x19, 0x19, 0x17, 0x1B, 0x17, 0x19, 0x19, 0x17, 0x1B, 0x15, 0x0B, 
    0x0B, 0x0B, 0x07, 0x01, 0x00, 0x04, 0x00, 0x00, 0x00, 0x00, 0x00, 0x00, 0x00, 0x00, 0x00, 0x00, 
    0x00, 0x00, 0x00, 0x00, 0x00, 0x00, 0x05, 0x03, 0x05, 0x08, 0x05, 0x09, 0x09, 0x10, 0x27, 0x30, 
    0x31, 0x6A, 0x69, 0x6E, 0x6E, 0x24, 0x00, 0x65, 0x76, 0x78, 0x78, 0x93, 0x93, 0x93, 0x94, 0x94, 
    0x94, 0x94, 0x93, 0x93, 0x93, 0x74, 0x71, 0x2F, 0x04, 0x04, 0x2A, 0x3C, 0x01, 0x0E, 0xC1, 0xAE, 
    0x4D, 0x56, 0x1B, 0x15, 0x17, 0x19, 0x13, 0x17, 0x13, 0x17, 0x13, 0x10, 0x13, 0x0B, 0x13, 0x19, 
    0x19, 0x17, 0x07, 0x00, 0x00, 0x00, 0x05, 0x03, 0x05, 0x07, 0x07, 0x05, 0x00, 0x00, 0x1B, 0x2D, 
    0x1A, 0x2C, 0x32, 0x39, 0x3C, 0x3D, 0x3C, 0x6B, 0x3C, 0x6C, 0x7A, 0x6F, 0x7A, 0x7B, 0x7B, 0x7B, 
    0x7F, 0x7F, 0x81, 0x7F, 0x7B, 0x6F, 0x7A, 0x6F, 0x7B, 0x7D, 0x83, 0x7F, 0x83, 0x7F, 0x7B, 0x7E, 
    0x7F, 0x38, 0x00, 0x2B, 0x3C, 0x6F, 0x7A, 0x6F, 0x7A, 0x6C, 0x7A, 0x6F, 0x7A, 0x6F, 0x7A, 0x7F, 
    0x7F, 0x7D, 0x83, 0x81, 0x83, 0x7F, 0x7F, 0x6C, 0x6C, 0x6C, 0x6C, 0x6C, 0x6C, 0x6C, 0x3A, 0x3A, 
    0x31, 0x35, 0x2F, 0x25, 0x24, 0x24, 0x30, 0x2A, 0x24, 0x30, 0x2F, 0x3A, 0x3A, 0x3D, 0x6B, 0x6C, 
    0x7A, 0x7D, 0x83, 0x7F, 0x81, 0x7F, 0x81, 0x7F, 0x7E, 0x7A, 0x5B, 0x52, 0x55, 0x55, 0x17, 0x1B, 
    0x19, 0x17, 0x1B, 0x1B, 0x06, 0x60, 0xA3, 0xA1, 0x68, 0x92, 0x94, 0x98, 0x93, 0x95, 0x94, 0x2B, 
    0x0D, 0x17, 0x19, 0x13, 0x17, 0x13, 0x0E, 0x13, 0x0E, 0x13, 0x0E, 0x13, 0x17, 0x13, 0x17, 0x13, 
    0x19, 0x17, 0x17, 0x19, 0x19, 0x19, 0x19, 0x1B, 0x19, 0x1B, 0x19, 0x1B, 0x19, 0x1B, 0x19, 0x19, 
    0x19, 0x19, 0x1B, 0x17, 0x15, 0x19, 0x1B, 0x17, 0x19, 0x19, 0x19, 0x1B, 0x15, 0x0B, 0x0B, 0x0B, 
    0x09, 0x02, 0x00, 0x00, 0x00, 0x00, 0x00, 0x00, 0x00, 0x00, 0x00, 0x00, 0x00, 0x00, 0x00, 0x00, 
    0x00, 0x00, 0x00, 0x00, 0x00, 0x00, 0x03, 0x05, 0x03, 0x01, 0x09, 0x0B, 0x0B, 0x1C, 0x30, 0x31, 
    0x69, 0x69, 0x6E, 0x6E, 0x3A, 0x00, 0x00, 0x65, 0x78, 0x78, 0x78, 0x74, 0x93, 0x93, 0x94, 0x94, 
    0x93, 0x93, 0x93, 0x93, 0x72, 0x67, 0x6E, 0x31, 0x08, 0x65, 0x6E, 0x2F, 0x00, 0x47, 0xB2, 0xB3, 
    0xB2, 0xC4, 0xAF, 0x48, 0x19, 0x13, 0x17, 0x13, 0x17, 0x13, 0x17, 0x13, 0x19, 0x17, 0x19, 0x07, 
    0x01, 0x00, 0x03, 0x02, 0x03, 0x00, 0x00, 0x00, 0x00, 0x00, 0x10, 0x05, 0x53, 0x60, 0x5E, 0x54, 
    0x39, 0x3B, 0x3C, 0x38, 0x3D, 0x3C, 0x6C, 0x6C, 0x6C, 0x6C, 0x6D, 0x7A, 0x6F, 0x7B, 0x6F, 0x7A, 
    0x7F, 0x7F, 0x7F, 0x7F, 0x7B, 0x7A, 0x6F, 0x7A, 0x6D, 0x7E, 0x83, 0x7D, 0x7F, 0x81, 0x7F, 0x7E, 
    0x7F, 0x3D, 0x0E, 0x21, 0x3C, 0x7A, 0x6C, 0x7A, 0x6D, 0x6C, 0x6F, 0x7A, 0x6C, 0x6C, 0x6C, 0x7F, 
    0x7F, 0x83, 0x7D, 0x83, 0x7F, 0x7D, 0x7F, 0x6D, 0x6C, 0x3C, 0x3D, 0x6C, 0x3D, 0x3C, 0x3A, 0x3A, 
    0x6A, 0x39, 0x3A, 0x30, 0x30, 0x30, 0x30, 0x25, 0x30, 0x31, 0x39, 0x3C, 0x3A, 0x6B, 0x7A, 0x7B, 
    0x7F, 0x7F, 0x7F, 0x83, 0x7D, 0x81, 0x7F, 0x7E, 0x7E, 0x79, 0x5B, 0x53, 0x48, 0x1E, 0x19, 0x1B, 
    0x19, 0x19, 0x1B, 0x19, 0x13, 0x54, 0xA3, 0xA2, 0x96, 0x92, 0x97, 0x98, 0x94, 0x92, 0x97, 0x6A, 
    0x12, 0x10, 0x13, 0x0B, 0x13, 0x15, 0x13, 0x19, 0x13, 0x15, 0x13, 0x15, 0x13, 0x15, 0x13, 0x19, 
    0x13, 0x15, 0x15, 0x19, 0x19, 0x19, 0x19, 0x19, 0x1B, 0x1B, 0x1B, 0x19, 0x19, 0x19, 0x1B, 0x19, 
    0x1B, 0x15, 0x19, 0x19, 0x1B, 0x15, 0x1B, 0x19, 0x1B, 0x1B, 0x17, 0x0B, 0x0B, 0x0C, 0x0B, 0x05, 
    0x00, 0x01, 0x00, 0x04, 0x00, 0x04, 0x00, 0x04, 0x00, 0x04, 0x00, 0x00, 0x00, 0x04, 0x00, 0x00, 
    0x00, 0x00, 0x00, 0x00, 0x00, 0x08, 0x05, 0x09, 0x05, 0x09, 0x03, 0x0C, 0x1C, 0x30, 0x65, 0x69, 
    0x6E, 0x6E, 0x6E, 0x65, 0x00, 0x03, 0x00, 0x1F, 0x6E, 0x78, 0x78, 0x74, 0x78, 0x93, 0x93, 0x93, 
    0x93, 0x74, 0x76, 0x72, 0x76, 0x74, 0x64, 0x27, 0x6E, 0x6E, 0x6E, 0x09, 0x16, 0xAD, 0xB3, 0xB9, 
    0xB9, 0xB9, 0xBA, 0xB5, 0x51, 0x41, 0x13, 0x19, 0x13, 0x19, 0x13, 0x17, 0x19, 0x0B, 0x07, 0x01, 
    0x00, 0x00, 0x00, 0x00, 0x00, 0x10, 0x59, 0x87, 0x89, 0x52, 0x53, 0xB0, 0xE2, 0x8A, 0x58, 0x3D, 
    0x3C, 0x3D, 0x3C, 0x6B, 0x7A, 0x6B, 0x7A, 0x6C, 0x7A, 0x6C, 0x6C, 0x6D, 0x7B, 0x7F, 0x7B, 0x7B, 
    0x7F, 0x7F, 0x7F, 0x7F, 0x7A, 0x7B, 0x7A, 0x6C, 0x7A, 0x7F, 0x83, 0x7F, 0x81, 0x81, 0x7B, 0x7F, 
    0x7B, 0x79, 0x1C, 0x21, 0x3C, 0x6C, 0x7B, 0x6C, 0x7A, 0x6C, 0x7A, 0x6C, 0x7A, 0x6D, 0x6C, 0x7F, 
    0x7F, 0x83, 0x83, 0x7D, 0x83, 0x7F, 0x79, 0x7A, 0x6C, 0x6B, 0x3C, 0x3C, 0x3D, 0x6C, 0x6B, 0x6B, 
    0x3C, 0x6B, 0x3C, 0x6A, 0x31, 0x31, 0x31, 0x31, 0x31, 0x3A, 0x3C, 0x6B, 0x6B, 0x6C, 0x7A, 0x7B, 
    0x7F, 0x83, 0x81, 0x7F, 0x81, 0x7F, 0x7B, 0x7B, 0x5B, 0x7A, 0x59, 0x1E, 0x53, 0x1B, 0x1B, 0x19, 
    0x19, 0x19, 0x19, 0x19, 0x19, 0x16, 0x9D, 0xA1, 0x94, 0x92, 0x94, 0x98, 0x98, 0x92, 0x98, 0x69, 
    0x12, 0x17, 0x0E, 0x13, 0x19, 0x0E, 0x17, 0x13, 0x0E, 0x13, 0x0E, 0x13, 0x0E, 0x13, 0x0E, 0x13, 
    0x19, 0x17, 0x19, 0x17, 0x19, 0x19, 0x1B, 0x15, 0x1B, 0x15, 0x19, 0x19, 0x19, 0x19, 0x19, 0x19, 
    0x19, 0x17, 0x1B, 0x17, 0x1B, 0x1B, 0x19, 0x16, 0x15, 0x0B, 0x10, 0x0B, 0x0A, 0x05, 0x00, 0x00, 
    0x00, 0x00, 0x00, 0x00, 0x02, 0x00, 0x00, 0x00, 0x00, 0x00, 0x00, 0x00, 0x00, 0x00, 0x00, 0x00, 
    0x00, 0x00, 0x00, 0x00, 0x00, 0x03, 0x03, 0x03, 0x03, 0x0B, 0x09, 0x1C, 0x36, 0x31, 0x69, 0x6E, 
    0x6E, 0x69, 0x24, 0x04, 0x6E, 0x67, 0x31, 0x00, 0x00, 0x24, 0x71, 0x76, 0x78, 0x78, 0x74, 0x78, 
    0x72, 0x76, 0x72, 0x74, 0x74, 0x73, 0x65, 0x75, 0x75, 0x6E, 0x6B, 0x00, 0x4D, 0xB3, 0xB8, 0xB9, 
    0xB9, 0xBD, 0xB9, 0xB3, 0xB3, 0xAE, 0x47, 0x13, 0x17, 0x17, 0x19, 0x07, 0x00, 0x00, 0x00, 0x00, 
    0x01, 0x2B, 0x5D, 0x87, 0xE5, 0xE6, 0xED, 0xEF, 0xE6, 0xEA, 0xE7, 0xE3, 0x9C, 0x5B, 0x7A, 0x5B, 
    0x6C, 0x5B, 0x6C, 0x7A, 0x6C, 0x7A, 0x6C, 0x7A, 0x6C, 0x7B, 0x6C, 0x6C, 0x6C, 0x7F, 0x6F, 0x81, 
    0x7F, 0x7F, 0x7B, 0x7B, 0x7E, 0x7A, 0x6C, 0x7A, 0x6F, 0x7F, 0x7F, 0x81, 0x7F, 0x81, 0x7F, 0x7E, 
    0x7F, 0x7A, 0x18, 0x0C, 0x3A, 0x3D, 0x6D, 0x6C, 0x6D, 0x7A, 0x6C, 0x6C, 0x6F, 0x6C, 0x6C, 0x7B, 
    0x7F, 0x7F, 0x82, 0x7D, 0x7D, 0x7F, 0x7F, 0x7A, 0x6C, 0x3D, 0x3D, 0x3C, 0x6C, 0x3D, 0x6C, 0x3D, 
    0x6C, 0x3C, 0x6A, 0x3C, 0x3A, 0x3C, 0x3A, 0x3A, 0x3A, 0x3C, 0x3D, 0x6B, 0x6F, 0x7A, 0x7F, 0x7E, 
    0x7F, 0x81, 0x7F, 0x81, 0x7F, 0x7E, 0x7F, 0x79, 0x7A, 0x5B, 0x2D, 0x42, 0x53, 0x17, 0x1B, 0x16, 
    0x19, 0x19, 0x1B, 0x19, 0x18, 0x12, 0x9E, 0xA0, 0x97, 0x94, 0x94, 0x98, 0x98, 0x92, 0x94, 0x95, 
    0x12, 0x19, 0x15, 0x10, 0x13, 0x13, 0x13, 0x19, 0x13, 0x15, 0x13, 0x10, 0x13, 0x19, 0x13, 0x15, 
    0x17, 0x19, 0x13, 0x19, 0x15, 0x19, 0x17, 0x19, 0x19, 0x19, 0x1B, 0x19, 0x1B, 0x15, 0x17, 0x19, 
    0x19, 0x19, 0x19, 0x17, 0x1B, 0x19, 0x17, 0x0C, 0x0B, 0x0F, 0x0B, 0x01, 0x00, 0x00, 0x00, 0x00, 
    0x00, 0x04, 0x00, 0x00, 0x00, 0x01, 0x00, 0x00, 0x00, 0x00, 0x00, 0x04, 0x00, 0x00, 0x00, 0x04, 
    0x00, 0x00, 0x00, 0x00, 0x01, 0x03, 0x05, 0x09, 0x0B, 0x0C, 0x10, 0x44, 0x2D, 0x65, 0x69, 0x65, 
    0x22, 0x00, 0x0B, 0x6E, 0x76, 0x76, 0x71, 0x26, 0x63, 0x08, 0x04, 0x00, 0x27, 0x64, 0x64, 0x64, 
    0x76, 0x74, 0x74, 0x96, 0x76, 0x64, 0x70, 0x75, 0x75, 0x7C, 0x1F, 0x16, 0xAE, 0xB9, 0xBD, 0xBD, 
    0xBD, 0xBC, 0xBD, 0xBA, 0xB3, 0xB3, 0xAD, 0x41, 0x15, 0x15, 0x04, 0x00, 0x1A, 0x87, 0xE5, 0xE6, 
    0xED, 0xED, 0xEF, 0xED, 0xE4, 0xE5, 0x87, 0x80, 0x5B, 0x81, 0x5E, 0x7A, 0x7A, 0x7E, 0x7A, 0x7A, 
    0x7A, 0x6C, 0x7A, 0x7A, 0x7E, 0x7A, 0x79, 0x7A, 0x7A, 0x7B, 0x7A, 0x6D, 0x7A, 0x7B, 0x7F, 0x7F, 
    0x7F, 0x7F, 0x7B, 0x7B, 0x6F, 0x7A, 0x6C, 0x6F, 0x7A, 0x83, 0x7F, 0x83, 0x7D, 0x81, 0x7F, 0x7E, 
    0x7A, 0x6F, 0x1E, 0x0A, 0x3B, 0x6C, 0x6C, 0x6F, 0x7A, 0x6D, 0x7A, 0x7A, 0x6C, 0x7A, 0x6C, 0x7F, 
    0x7F, 0x83, 0x7F, 0x83, 0x7D, 0x7F, 0x7F, 0x6C, 0x6C, 0x6B, 0x3D, 0x6B, 0x3C, 0x7A, 0x3C, 0x6C, 
    0x3C, 0x6A, 0x6B, 0x6A, 0x3D, 0x6B, 0x3C, 0x6A, 0x3A, 0x6C, 0x6C, 0x6C, 0x7A, 0x7F, 0x7F, 0x7F, 
    0x81, 0x7F, 0x82, 0x7F, 0x81, 0x7F, 0x7E, 0x7A, 0x79, 0x37, 0x04, 0x1E, 0x1B, 0x19, 0x1B, 0x1B, 
    0x19, 0x17, 0x1B, 0x19, 0x1A, 0x12, 0x88, 0xA4, 0x98, 0x93, 0x94, 0x9A, 0x98, 0x92, 0x98, 0x95, 
    0x21, 0x12, 0x19, 0x13, 0x0E, 0x13, 0x19, 0x13, 0x10, 0x13, 0x0E, 0x13, 0x17, 0x13, 0x10, 0x17, 
    0x19, 0x17, 0x19, 0x17, 0x19, 0x17, 0x19, 0x1B, 0x19, 0x17, 0x19, 0x19, 0x17, 0x19, 0x19, 0x1B, 
    0x17, 0x19, 0x19, 0x19, 0x15, 0x0B, 0x11, 0x0C, 0x0B, 0x01, 0x00, 0x00, 0x00, 0x04, 0x02, 0x00, 
    0x04, 0x00, 0x02, 0x00, 0x04, 0x00, 0x02, 0x00, 0x00, 0x00, 0x00, 0x00, 0x00, 0x00, 0x00, 0x00, 
    0x00, 0x00, 0x00, 0x00, 0x03, 0x03, 0x09, 0x0B, 0x09, 0x0C, 0x2D, 0x42, 0x0D, 0x04, 0x00, 0x00, 
    0x21, 0x65, 0x75, 0x76, 0x76, 0x78, 0x76, 0x76, 0x76, 0x75, 0x71, 0x76, 0x73, 0x78, 0x72, 0x76, 
    0x74, 0x74, 0x74, 0x72, 0x75, 0x75, 0x77, 0x75, 0x75, 0x3A, 0x00, 0x4C, 0xB4, 0xB9, 0xBD, 0xBD, 
    0xBD, 0xBD, 0xBC, 0xB9, 0xB2, 0xAD, 0x47, 0x1B, 0x10, 0x00, 0x00, 0x86, 0xED, 0xED, 0xE6, 0x9F, 
    0x88, 0x7D, 0x5D, 0x3A, 0x3D, 0x3C, 0x6C, 0x5B, 0x7A, 0x7A, 0x6C, 0x7A, 0x7E, 0x7A, 0x7E, 0x7A, 
    0x7E, 0x7A, 0x6C, 0x7A, 0x6F, 0x7A, 0x6F, 0x7B, 0x7B, 0x7A, 0x7A, 0x7B, 0x6F, 0x7A, 0x7F, 0x7F, 
    0x7B, 0x7F, 0x7B, 0x7A, 0x7A, 0x7A, 0x6C, 0x6C, 0x6C, 0x7F, 0x83, 0x80, 0x7F, 0x81, 0x7F, 0x7A, 
    0x6D, 0x7A, 0x1A, 0x0B, 0x39, 0x6C, 0x7A, 0x6C, 0x6F, 0x7A, 0x6C, 0x6C, 0x6C, 0x6C, 0x6C, 0x7E, 
    0x7D, 0x81, 0x81, 0x81, 0x81, 0x81, 0x7F, 0x6F, 0x6C, 0x3D, 0x3D, 0x3C, 0x6C, 0x3D, 0x3D, 0x3D, 
    0x6C, 0x3C, 0x6C, 0x6B, 0x6C, 0x3A, 0x6C, 0x6A, 0x6C, 0x6C, 0x6C, 0x7A, 0x7E, 0x7E, 0x7F, 0x81, 
    0x7F, 0x81, 0x83, 0x7F, 0x7F, 0x7E, 0x7E, 0x6C, 0x3D, 0x19, 0x1E, 0x53, 0x19, 0x1B, 0x19, 0x1B, 
    0x19, 0x19, 0x1B, 0x19, 0x19, 0x06, 0x5E, 0xA3, 0x97, 0x94, 0x94, 0x9A, 0x98, 0x92, 0x97, 0x97, 
    0x3A, 0x12, 0x15, 0x19, 0x15, 0x15, 0x15, 0x19, 0x13, 0x15, 0x13, 0x19, 0x13, 0x15, 0x13, 0x19, 
    0x15, 0x15, 0x13, 0x19, 0x15, 0x19, 0x15, 0x19, 0x19, 0x19, 0x19, 0x19, 0x1B, 0x15, 0x19, 0x19, 
    0x1B, 0x1B, 0x17, 0x11, 0x11, 0x21, 0x0B, 0x01, 0x00, 0x04, 0x00, 0x00, 0x00, 0x04, 0x00, 0x02, 
    0x00, 0x04, 0x00, 0x04, 0x00, 0x04, 0x00, 0x04, 0x00, 0x04, 0x00, 0x00, 0x00, 0x04, 0x00, 0x00, 
    0x00, 0x04, 0x00, 0x01, 0x05, 0x08, 0x0B, 0x09, 0x0C, 0x2D, 0x52, 0x44, 0x22, 0x65, 0x69, 0x75, 
    0x75, 0x78, 0x78, 0x78, 0x78, 0x78, 0x78, 0x76, 0x72, 0x74, 0x96, 0x93, 0x96, 0x93, 0x74, 0x72, 
    0x76, 0x78, 0x76, 0x75, 0x6E, 0x75, 0x75, 0x75, 0x6E, 0x1F, 0x3E, 0xAE, 0xB8, 0xBD, 0xBD, 0xBD, 
    0xBD, 0xBD, 0xB8, 0xBA, 0x50, 0x33, 0x01, 0x00, 0x00, 0x54, 0xE4, 0xEC, 0x9F, 0x3C, 0x25, 0x3A, 
    0x3B, 0x6B, 0x7A, 0x3D, 0x6C, 0x7A, 0x7A, 0x7A, 0x7A, 0x79, 0x7A, 0x7E, 0x7A, 0x7A, 0x7E, 0x7A, 
    0x7A, 0x7F, 0x7E, 0x7B, 0x79, 0x7E, 0x79, 0x7F, 0x7A, 0x7B, 0x7A, 0x7B, 0x6F, 0x7B, 0x7B, 0x7F, 
    0x7B, 0x7F, 0x7A, 0x6F, 0x7A, 0x6C, 0x7A, 0x6C, 0x7B, 0x7F, 0x7F, 0x83, 0x81, 0x7F, 0x7F, 0x7A, 
    0x7A, 0x7A, 0x18, 0x0C, 0x32, 0x6C, 0x6C, 0x6C, 0x7E, 0x6C, 0x7A, 0x6C, 0x6B, 0x6B, 0x6C, 0x7B, 
    0x7F, 0x82, 0x7F, 0x81, 0x7D, 0x7F, 0x7F, 0x7B, 0x7A, 0x6C, 0x3C, 0x3C, 0x3C, 0x7A, 0x6B, 0x6C, 
    0x6B, 0x6C, 0x6B, 0x6C, 0x6B, 0x6C, 0x6B, 0x3D, 0x6C, 0x7A, 0x7B, 0x7B, 0x7B, 0x7F, 0x7F, 0x83, 
    0x81, 0x81, 0x7F, 0x7F, 0x81, 0x7F, 0x79, 0x7B, 0x2E, 0x0E, 0x1E, 0x41, 0x19, 0x1B, 0x1B, 0x1B, 
    0x19, 0x19, 0x19, 0x19, 0x1B, 0x13, 0x54, 0xA3, 0xA2, 0x97, 0x94, 0x98, 0x98, 0x94, 0x94, 0x94, 
    0x69, 0x12, 0x10, 0x19, 0x15, 0x13, 0x0E, 0x13, 0x17, 0x13, 0x0E, 0x13, 0x0E, 0x17, 0x17, 0x0E, 
    0x17, 0x17, 0x19, 0x17, 0x19, 0x19, 0x19, 0x17, 0x19, 0x19, 0x1B, 0x15, 0x1B, 0x17, 0x19, 0x17, 
    0x19, 0x11, 0x21, 0x21, 0x0C, 0x01, 0x00, 0x00, 0x00, 0x02, 0x00, 0x00, 0x00, 0x00, 0x00, 0x00, 
    0x00, 0x00, 0x00, 0x04, 0x00, 0x00, 0x00, 0x00, 0x00, 0x00, 0x00, 0x00, 0x00, 0x00, 0x00, 0x00, 
    0x00, 0x00, 0x00, 0x01, 0x09, 0x03, 0x0B, 0x0B, 0x29, 0x52, 0x5C, 0x59, 0x6E, 0x75, 0x77, 0x76, 
    0x78, 0x78, 0x92, 0x78, 0x74, 0x96, 0x78, 0x74, 0x93, 0x93, 0x93, 0x93, 0x93, 0x74, 0x74, 0x74, 
    0x76, 0x75, 0x67, 0x6E, 0x75, 0x6E, 0x75, 0x6E, 0x3A, 0x00, 0x4D, 0xAD, 0xB9, 0xB9, 0xBD, 0xBD, 
    0xBD, 0xBD, 0xB2, 0x50, 0x0E, 0x00, 0x00, 0x54, 0x9E, 0xED, 0xED, 0x7E, 0x39, 0x3D, 0x3D, 0x5B, 
    0x3D, 0x5B, 0x6C, 0x5B, 0x6C, 0x7A, 0x7A, 0x7A, 0x7E, 0x7A, 0x7E, 0x7E, 0x7E, 0x7E, 0x7E, 0x7E, 
    0x7E, 0x7A, 0x6F, 0x7E, 0x7F, 0x7A, 0x7E, 0x7E, 0x7E, 0x7A, 0x7E, 0x7A, 0x6F, 0x7A, 0x7B, 0x7F, 
    0x7F, 0x7B, 0x6F, 0x7A, 0x6C, 0x7A, 0x6C, 0x6C, 0x7E, 0x7F, 0x7F, 0x7F, 0x83, 0x7F, 0x7F, 0x7A, 
    0x6D, 0x7A, 0x18, 0x0B, 0x2C, 0x3C, 0x6C, 0x6C, 0x6F, 0x7A, 0x6C, 0x6C, 0x6B, 0x3D, 0x6C, 0x7A, 
    0x6F, 0x7F, 0x7F, 0x7D, 0x7F, 0x81, 0x7F, 0x7E, 0x6C, 0x3D, 0x3D, 0x5B, 0x3D, 0x3D, 0x6C, 0x3D, 
    0x7A, 0x3D, 0x6C, 0x6C, 0x6B, 0x6C, 0x3D, 0x6C, 0x6D, 0x7A, 0x7E, 0x7E, 0x7F, 0x81, 0x7F, 0x81, 
    0x7F, 0x7F, 0x7F, 0x7F, 0x7F, 0x7E, 0x7E, 0x5B, 0x11, 0x1D, 0x2D, 0x1E, 0x1B, 0x1B, 0x19, 0x1B, 
    0x19, 0x1B, 0x19, 0x19, 0x15, 0x19, 0x1B, 0x9D, 0xA2, 0x94, 0x94, 0x9A, 0x99, 0x98, 0x92, 0x99, 
    0x70, 0x12, 0x17, 0x19, 0x13, 0x19, 0x13, 0x10, 0x13, 0x0E, 0x13, 0x19, 0x17, 0x10, 0x13, 0x19, 
    0x17, 0x15, 0x19, 0x17, 0x17, 0x19, 0x19, 0x1B, 0x17, 0x19, 0x19, 0x19, 0x19, 0x19, 0x19, 0x21, 
    0x22, 0x21, 0x0C, 0x03, 0x00, 0x00, 0x02, 0x04, 0x00, 0x01, 0x00, 0x05, 0x00, 0x02, 0x02, 0x01, 
    0x04, 0x02, 0x00, 0x02, 0x02, 0x00, 0x02, 0x02, 0x00, 0x04, 0x00, 0x02, 0x00, 0x04, 0x00, 0x00, 
    0x00, 0x00, 0x00, 0x03, 0x07, 0x0A, 0x09, 0x11, 0x2E, 0x5C, 0x60, 0x6E, 0x75, 0x77, 0x77, 0x92, 
    0x78, 0x74, 0x74, 0x96, 0x78, 0x96, 0x78, 0x93, 0x93, 0x94, 0x93, 0x93, 0x93, 0x93, 0x93, 0x74, 
    0x72, 0x22, 0x2F, 0x75, 0x75, 0x67, 0x6E, 0x6E, 0x1F, 0x16, 0x51, 0xAD, 0xB9, 0xB9, 0xB9, 0xBC, 
    0xB8, 0xB2, 0x3E, 0x01, 0x00, 0x01, 0x87, 0xEC, 0xF0, 0x9E, 0x3B, 0x3C, 0x38, 0x3D, 0x5B, 0x3D, 
    0x5B, 0x6C, 0x5B, 0x7A, 0x7A, 0x7A, 0x7A, 0x7E, 0x7E, 0x7F, 0x7A, 0x7F, 0x7A, 0x7E, 0x7B, 0x7F, 
    0x7E, 0x7F, 0x79, 0x7B, 0x7E, 0x7F, 0x7B, 0x7F, 0x7E, 0x7B, 0x7B, 0x7B, 0x7A, 0x7F, 0x7F, 0x7F, 
    0x6C, 0x7F, 0x7A, 0x6C, 0x7A, 0x6C, 0x7A, 0x6C, 0x7B, 0x83, 0x81, 0x7F, 0x7F, 0x7F, 0x7E, 0x7A, 
    0x6C, 0x7A, 0x18, 0x0B, 0x2C, 0x3C, 0x3D, 0x6F, 0x7A, 0x7A, 0x6C, 0x6C, 0x3C, 0x6B, 0x3C, 0x6F, 
    0x79, 0x7F, 0x81, 0x7F, 0x81, 0x81, 0x81, 0x7F, 0x7A, 0x6C, 0x6B, 0x3D, 0x3C, 0x6C, 0x3C, 0x6C, 
    0x6B, 0x3D, 0x6C, 0x6C, 0x6B, 0x6B, 0x6C, 0x6C, 0x7A, 0x7A, 0x7A, 0x7F, 0x81, 0x81, 0x7D, 0x7F, 
    0x81, 0x7F, 0x81, 0x7F, 0x7E, 0x7A, 0x7A, 0x3B, 0x00, 0x18, 0x5F, 0x1E, 0x1B, 0x1B, 0x1B, 0x19, 
    0x15, 0x17, 0x19, 0x19, 0x19, 0x18, 0x12, 0x9F, 0xA2, 0x94, 0x94, 0x9A, 0x9A, 0x94, 0x94, 0x97, 
    0x95, 0x11, 0x0E, 0x10, 0x19, 0x13, 0x10, 0x13, 0x19, 0x15, 0x10, 0x17, 0x0E, 0x13, 0x19, 0x19, 
    0x15, 0x17, 0x19, 0x17, 0x15, 0x19, 0x15, 0x19, 0x15, 0x19, 0x1B, 0x17, 0x11, 0x29, 0x20, 0x21, 
    0x11, 0x01, 0x00, 0x00, 0x00, 0x04, 0x02, 0x00, 0x00, 0x01, 0x00, 0x04, 0x00, 0x01, 0x04, 0x00, 
    0x00, 0x02, 0x00, 0x05, 0x00, 0x01, 0x04, 0x00, 0x00, 0x00, 0x00, 0x00, 0x00, 0x00, 0x00, 0x00, 
    0x00, 0x00, 0x01, 0x03, 0x09, 0x09, 0x0C, 0x29, 0x52, 0x62, 0x80, 0x70, 0x77, 0x77, 0x92, 0x78, 
    0x74, 0x96, 0x96, 0x96, 0x96, 0x78, 0x93, 0x94, 0x94, 0x94, 0x94, 0x93, 0x93, 0x93, 0x93, 0x74, 
    0x72, 0x20, 0x67, 0x6E, 0x67, 0x6E, 0x6E, 0x65, 0x02, 0x48, 0x4D, 0x4F, 0xB4, 0xB3, 0xBA, 0xB4, 
    0x4E, 0x07, 0x00, 0x00, 0x37, 0xE4, 0xF0, 0xEB, 0x7E, 0x39, 0x3D, 0x3C, 0x3D, 0x5B, 0x6C, 0x5B, 
    0x6C, 0x5B, 0x6C, 0x7A, 0x7E, 0x7A, 0x7E, 0x7E, 0x6F, 0x79, 0x6F, 0x7F, 0x7F, 0x7E, 0x7F, 0x7A, 
    0x7F, 0x7A, 0x7F, 0x7E, 0x7E, 0x7E, 0x7B, 0x7E, 0x6F, 0x7B, 0x6F, 0x7A, 0x7F, 0x6F, 0x7F, 0x7A, 
    0x7A, 0x7B, 0x6C, 0x7A, 0x6C, 0x7A, 0x6C, 0x7A, 0x7B, 0x83, 0x7F, 0x7F, 0x7F, 0x7E, 0x7E, 0x7A, 
    0x6C, 0x5B, 0x11, 0x00, 0x2B, 0x3A, 0x6C, 0x6C, 0x6C, 0x6C, 0x6C, 0x6C, 0x6C, 0x3C, 0x3D, 0x3D, 
    0x7A, 0x7E, 0x7F, 0x80, 0x7F, 0x7D, 0x7F, 0x7E, 0x7E, 0x7A, 0x6C, 0x5B, 0x6C, 0x3D, 0x6B, 0x3D, 
    0x3D, 0x5B, 0x6C, 0x6C, 0x3D, 0x6C, 0x6C, 0x3D, 0x6D, 0x7A, 0x7F, 0x7F, 0x7F, 0x81, 0x7F, 0x81, 
    0x7F, 0x7F, 0x7F, 0x7E, 0x7E, 0x7A, 0x6C, 0x29, 0x00, 0x1B, 0x53, 0x1C, 0x1D, 0x1B, 0x19, 0x1B, 
    0x19, 0x14, 0x19, 0x1B, 0x17, 0x1A, 0x12, 0x86, 0xA5, 0x99, 0x94, 0x9A, 0xA9, 0x98, 0x94, 0x99, 
    0x96, 0x31, 0x12, 0x10, 0x13, 0x17, 0x15, 0x19, 0x15, 0x17, 0x13, 0x19, 0x15, 0x17, 0x15, 0x19, 
    0x13, 0x17, 0x15, 0x19, 0x17, 0x1B, 0x15, 0x19, 0x17, 0x19, 0x1A, 0x22, 0x24, 0x2A, 0x21, 0x03, 
    0x00, 0x02, 0x04, 0x01, 0x00, 0x01, 0x00, 0x04, 0x00, 0x02, 0x00, 0x04, 0x00, 0x00, 0x02, 0x01, 
    0x01, 0x04, 0x04, 0x01, 0x00, 0x02, 0x04, 0x04, 0x00, 0x02, 0x00, 0x00, 0x04, 0x02, 0x00, 0x04, 
    0x00, 0x00, 0x05, 0x08, 0x0B, 0x0B, 0x11, 0x54, 0x60, 0x62, 0x7C, 0x77, 0x77, 0x78, 0x78, 0x74, 
    0x78, 0x96, 0x78, 0x96, 0x78, 0x93, 0x94, 0x94, 0x94, 0x94, 0x94, 0x94, 0x93, 0x96, 0x93, 0x74, 
    0x75, 0x22, 0x6E, 0x6E, 0x6E, 0x67, 0x69, 0x1F, 0x1B, 0x47, 0x43, 0x4C, 0xAC, 0xAD, 0x50, 0x16, 
    0x01, 0x00, 0x01, 0x7D, 0xEC, 0xEC, 0x9F, 0x3C, 0x3B, 0x3D, 0x3C, 0x3D, 0x5B, 0x6B, 0x7A, 0x6B, 
    0x7A, 0x7A, 0x7A, 0x7A, 0x7E, 0x7A, 0x79, 0x7B, 0x7B, 0x7F, 0x79, 0x7F, 0x79, 0x7F, 0x80, 0x7F, 
    0x79, 0x7F, 0x79, 0x7F, 0x7B, 0x7B, 0x79, 0x7F, 0x79, 0x7F, 0x7A, 0x7F, 0x7B, 0x7F, 0x7B, 0x7B, 
    0x6F, 0x7A, 0x7A, 0x7A, 0x7A, 0x6B, 0x7A, 0x6F, 0x7F, 0x7F, 0x7F, 0x81, 0x7F, 0x7F, 0x7A, 0x7E, 
    0x6B, 0x5B, 0x1C, 0x00, 0x29, 0x3B, 0x6B, 0x6D, 0x6C, 0x6C, 0x6C, 0x6C, 0x6B, 0x6C, 0x3C, 0x3C, 
    0x7A, 0x7E, 0x7E, 0x7F, 0x81, 0x7F, 0x80, 0x7F, 0x7A, 0x7B, 0x5B, 0x6B, 0x7A, 0x3D, 0x79, 0x6B, 
    0x7A, 0x6B, 0x3C, 0x3C, 0x3C, 0x6C, 0x6B, 0x6C, 0x6D, 0x7A, 0x7A, 0x7F, 0x81, 0x7F, 0x7F, 0x7F, 
    0x80, 0x7F, 0x81, 0x7F, 0x79, 0x7A, 0x5B, 0x0B, 0x07, 0x53, 0x53, 0x1B, 0x1B, 0x1D, 0x1B, 0x1B, 
    0x19, 0x17, 0x1B, 0x17, 0x19, 0x1A, 0x06, 0x60, 0xA5, 0xA9, 0x94, 0xA8, 0xAA, 0x98, 0x94, 0x94, 
    0x97, 0x6C, 0x0D, 0x15, 0x19, 0x0E, 0x10, 0x13, 0x0E, 0x13, 0x10, 0x13, 0x0E, 0x17, 0x0E, 0x13, 
    0x15, 0x0E, 0x19, 0x19, 0x15, 0x19, 0x17, 0x13, 0x11, 0x2C, 0x25, 0x25, 0x21, 0x03, 0x00, 0x02, 
    0x02, 0x00, 0x00, 0x00, 0x00, 0x02, 0x04, 0x00, 0x00, 0x01, 0x04, 0x01, 0x00, 0x05, 0x00, 0x04, 
    0x02, 0x00, 0x02, 0x00, 0x04, 0x00, 0x04, 0x00, 0x00, 0x00, 0x00, 0x02, 0x00, 0x00, 0x00, 0x00, 
    0x00, 0x02, 0x03, 0x03, 0x0B, 0x0B, 0x29, 0x52, 0x62, 0x62, 0x6E, 0x70, 0x72, 0x78, 0x92, 0x74, 
    0x96, 0x96, 0x96, 0x78, 0x93, 0x94, 0x94, 0x94, 0x94, 0x94, 0x94, 0x93, 0x93, 0x93, 0x74, 0x72, 
    0x63, 0x2F, 0x67, 0x64, 0x6E, 0x69, 0x2A, 0x06, 0x1D, 0x40, 0x46, 0x46, 0x50, 0x46, 0x07, 0x01, 
    0x00, 0x2E, 0x9D, 0xEC, 0xEB, 0x80, 0x39, 0x38, 0x3D, 0x3D, 0x3D, 0x3D, 0x5B, 0x3D, 0x6C, 0x5B, 
    0x7A, 0x7A, 0x3D, 0x7A, 0x7E, 0x6C, 0x6F, 0x7A, 0x7E, 0x7A, 0x6F, 0x7A, 0x7E, 0x7A, 0x7E, 0x6F, 
    0x7E, 0x7E, 0x7F, 0x7B, 0x7E, 0x7E, 0x7E, 0x7E, 0x7E, 0x7E, 0x7F, 0x6F, 0x7B, 0x7A, 0x6F, 0x7B, 
    0x6F, 0x7A, 0x6C, 0x7A, 0x6C, 0x6C, 0x6C, 0x7A, 0x7F, 0x7F, 0x7D, 0x7F, 0x7F, 0x79, 0x6C, 0x6C, 
    0x3D, 0x37, 0x52, 0x17, 0x2B, 0x32, 0x6C, 0x6C, 0x6C, 0x6C, 0x6C, 0x3D, 0x6B, 0x3D, 0x3D, 0x3A, 
    0x3D, 0x6C, 0x7A, 0x7E, 0x7E, 0x7E, 0x80, 0x7E, 0x7F, 0x7E, 0x6F, 0x7A, 0x6C, 0x7A, 0x6C, 0x6C, 
    0x6C, 0x5B, 0x3D, 0x39, 0x3A, 0x3D, 0x6C, 0x3D, 0x6C, 0x7A, 0x7E, 0x7E, 0x7F, 0x7E, 0x7F, 0x81, 
    0x7F, 0x81, 0x7B, 0x7E, 0x7E, 0x7A, 0x39, 0x00, 0x0E, 0x48, 0x1E, 0x1B, 0x1D, 0x1B, 0x1B, 0x1B, 
    0x19, 0x15, 0x19, 0x19, 0x19, 0x19, 0x19, 0x44, 0xEB, 0xF2, 0xA7, 0xA8, 0xF6, 0x99, 0x99, 0x97, 
    0x97, 0x70, 0x11, 0x17, 0x15, 0x15, 0x13, 0x19, 0x13, 0x15, 0x13, 0x19, 0x13, 0x10, 0x13, 0x19, 
    0x13, 0x15, 0x19, 0x17, 0x17, 0x17, 0x1A, 0x25, 0x26, 0x35, 0x21, 0x09, 0x00, 0x02, 0x00, 0x01, 
    0x04, 0x01, 0x02, 0x01, 0x01, 0x00, 0x02, 0x04, 0x00, 0x02, 0x00, 0x02, 0x00, 0x02, 0x01, 0x00, 
    0x04, 0x01, 0x02, 0x01, 0x01, 0x00, 0x02, 0x02, 0x00, 0x01, 0x00, 0x04, 0x00, 0x00, 0x02, 0x04, 
    0x00, 0x01, 0x03, 0x09, 0x0B, 0x11, 0x36, 0x5E, 0xB0, 0x85, 0x70, 0x77, 0x78, 0x74, 0x78, 0x96, 
    0x78, 0x78, 0x78, 0x96, 0x94, 0x98, 0x94, 0x98, 0x94, 0x94, 0x94, 0x93, 0x74, 0x72, 0x72, 0x72, 
    0x23, 0x3A, 0x6E, 0x6E, 0x69, 0x6B, 0x1A, 0x19, 0x41, 0x41, 0x46, 0x40, 0x1B, 0x03, 0x00, 0x00, 
    0x87, 0xED, 0xF0, 0x9F, 0x3B, 0x3A, 0x5B, 0x3D, 0x3D, 0x3D, 0x3D, 0x6C, 0x3D, 0x7A, 0x7A, 0x7A, 
    0x5B, 0x6C, 0x7A, 0x7A, 0x7A, 0x7A, 0x6C, 0x6D, 0x7A, 0x7E, 0x7A, 0x6D, 0x7A, 0x7B, 0x7A, 0x7B, 
    0x7A, 0x7B, 0x7A, 0x7B, 0x6F, 0x7A, 0x6D, 0x7F, 0x7A, 0x7F, 0x7E, 0x7F, 0x7A, 0x7F, 0x7A, 0x6D, 
    0x7A, 0x6C, 0x7A, 0x6C, 0x6C, 0x3D, 0x6C, 0x7F, 0x7F, 0x7F, 0x7F, 0x7B, 0x7B, 0x7A, 0x7A, 0x3C, 
    0x3B, 0x34, 0x56, 0x52, 0x2B, 0x3A, 0x6B, 0x6C, 0x6C, 0x3D, 0x6C, 0x6C, 0x3C, 0x6C, 0x3C, 0x3D, 
    0x3C, 0x6C, 0x7A, 0x7E, 0x7B, 0x7F, 0x7E, 0x7F, 0x7E, 0x7F, 0x7A, 0x7E, 0x7A, 0x7A, 0x7A, 0x7A, 
    0x5B, 0x6C, 0x3B, 0x20, 0x30, 0x3A, 0x3C, 0x6C, 0x7A, 0x6D, 0x7A, 0x7A, 0x7E, 0x7F, 0x81, 0x7F, 
    0x80, 0x7F, 0x7F, 0x7F, 0x7A, 0x7A, 0x1A, 0x00, 0x1B, 0x53, 0x1B, 0x1D, 0x1B, 0x1B, 0x19, 0x1B, 
    0x19, 0x19, 0x17, 0x19, 0x17, 0x19, 0x1B, 0x16, 0x9D, 0xF2, 0xF6, 0xF6, 0xFF, 0xA9, 0x98, 0x97, 
    0x98, 0x95, 0x31, 0x12, 0x19, 0x13, 0x10, 0x13, 0x0E, 0x13, 0x10, 0x13, 0x0E, 0x13, 0x19, 0x13, 
    0x10, 0x0E, 0x17, 0x17, 0x29, 0x25, 0x63, 0x35, 0x20, 0x03, 0x00, 0x00, 0x01, 0x00, 0x00, 0x02, 
    0x00, 0x02, 0x00, 0x04, 0x00, 0x02, 0x04, 0x00, 0x01, 0x02, 0x04, 0x00, 0x04, 0x01, 0x02, 0x00, 
    0x02, 0x00, 0x01, 0x04, 0x00, 0x02, 0x04, 0x00, 0x00, 0x00, 0x04, 0x00, 0x02, 0x00, 0x05, 0x00, 
    0x00, 0x00, 0x07, 0x0B, 0x0C, 0x1A, 0x5A, 0x62, 0xB0, 0x7C, 0x77, 0x75, 0x74, 0x78, 0x74, 0x78, 
    0x76, 0x78, 0x93, 0x93, 0x94, 0x94, 0x94, 0x97, 0x94, 0x97, 0x93, 0x74, 0x96, 0x75, 0x71, 0x72, 
    0x24, 0x65, 0x6E, 0x6B, 0x3C, 0x2D, 0x15, 0x17, 0x1D, 0x3F, 0x41, 0x17, 0x01, 0x00, 0x36, 0xE3, 
    0xF0, 0xE4, 0x7E, 0x39, 0x3D, 0x38, 0x3D, 0x3D, 0x3D, 0x5B, 0x6C, 0x5B, 0x7A, 0x7A, 0x5B, 0x7A, 
    0x3D, 0x7A, 0x6C, 0x5B, 0x6C, 0x7A, 0x6C, 0x6C, 0x6C, 0x7A, 0x6C, 0x7A, 0x6C, 0x7A, 0x6C, 0x7A, 
    0x6D, 0x7A, 0x6C, 0x7A, 0x7E, 0x7A, 0x6D, 0x7A, 0x6F, 0x79, 0x6F, 0x79, 0x6F, 0x7A, 0x6F, 0x7B, 
    0x6C, 0x7A, 0x6C, 0x7A, 0x3D, 0x7A, 0x6C, 0x7F, 0x7F, 0x7F, 0x7B, 0x7A, 0x7A, 0x6C, 0x3C, 0x30, 
    0x2D, 0x19, 0x34, 0x53, 0x32, 0x3C, 0x6C, 0x3D, 0x6C, 0x6C, 0x6B, 0x3C, 0x3D, 0x3A, 0x3D, 0x3C, 
    0x3D, 0x3C, 0x6C, 0x7A, 0x7E, 0x7A, 0x6F, 0x7E, 0x7F, 0x7E, 0x7F, 0x7A, 0x7E, 0x7B, 0x7A, 0x7A, 
    0x6C, 0x3C, 0x39, 0x11, 0x2C, 0x39, 0x3D, 0x3A, 0x6C, 0x3C, 0x6C, 0x7B, 0x7F, 0x7F, 0x7E, 0x7F, 
    0x81, 0x7F, 0x7F, 0x79, 0x7E, 0x5B, 0x00, 0x13, 0x53, 0x34, 0x1B, 0x1D, 0x1D, 0x1B, 0x1B, 0x1B, 
    0x19, 0x15, 0x19, 0x1B, 0x15, 0x19, 0x1C, 0x12, 0x8A, 0xF2, 0xFE, 0xFF, 0xFF, 0xF6, 0x98, 0x99, 
    0x94, 0x97, 0x66, 0x12, 0x19, 0x17, 0x0E, 0x15, 0x13, 0x15, 0x13, 0x19, 0x15, 0x10, 0x13, 0x19, 
    0x12, 0x0D, 0x2A, 0x26, 0x66, 0x66, 0x26, 0x09, 0x00, 0x00, 0x04, 0x01, 0x02, 0x05, 0x01, 0x05, 
    0x00, 0x01, 0x02, 0x05, 0x00, 0x01, 0x04, 0x00, 0x04, 0x00, 0x04, 0x01, 0x02, 0x01, 0x04, 0x05, 
    0x04, 0x01, 0x04, 0x01, 0x04, 0x01, 0x05, 0x00, 0x04, 0x00, 0x00, 0x04, 0x00, 0x02, 0x04, 0x02, 
    0x04, 0x00, 0x01, 0x0B, 0x11, 0x2E, 0x60, 0x91, 0x87, 0x7C, 0x77, 0x77, 0x78, 0x76, 0x75, 0x75, 
    0x76, 0x96, 0x96, 0x93, 0x94, 0x94, 0x97, 0x94, 0x96, 0x93, 0x96, 0x74, 0x74, 0x71, 0x2F, 0x1F, 
    0x14, 0x2A, 0x2A, 0x2A, 0x54, 0x1A, 0x13, 0x19, 0x1B, 0x1B, 0x13, 0x00, 0x00, 0x5E, 0xED, 0xEC, 
    0x9B, 0x3C, 0x39, 0x3D, 0x6B, 0x3D, 0x3C, 0x6C, 0x7A, 0x6B, 0x7A, 0x7A, 0x5B, 0x7A, 0x7A, 0x6C, 
    0x6B, 0x6C, 0x7A, 0x6C, 0x6B, 0x6C, 0x6C, 0x6B, 0x7A, 0x6B, 0x7A, 0x6C, 0x6C, 0x6C, 0x7A, 0x6C, 
    0x6C, 0x6F, 0x7A, 0x6C, 0x7A, 0x7A, 0x7E, 0x7B, 0x79, 0x7F, 0x7E, 0x7A, 0x7B, 0x6D, 0x7A, 0x6D, 
    0x7B, 0x6C, 0x7A, 0x6C, 0x7A, 0x6B, 0x7B, 0x7F, 0x7F, 0x6F, 0x7B, 0x7B, 0x7A, 0x3B, 0x2C, 0x2C, 
    0x57, 0x56, 0x53, 0x2E, 0x32, 0x6A, 0x6C, 0x6C, 0x6A, 0x6C, 0x3D, 0x3A, 0x3D, 0x3A, 0x3D, 0x3C, 
    0x3C, 0x3C, 0x3C, 0x6C, 0x7A, 0x7B, 0x79, 0x7F, 0x7B, 0x7F, 0x7A, 0x7F, 0x7E, 0x6F, 0x7A, 0x7A, 
    0x3D, 0x3C, 0x2B, 0x2C, 0x30, 0x3A, 0x3C, 0x6B, 0x6C, 0x6C, 0x7A, 0x7B, 0x7B, 0x7F, 0x81, 0x7F, 
    0x80, 0x7F, 0x79, 0x7B, 0x7A, 0x2C, 0x13, 0x34, 0x42, 0x1E, 0x1B, 0x1D, 0x1D, 0x1B, 0x19, 0x1B, 
    0x19, 0x17, 0x17, 0x19, 0x19, 0x19, 0x19, 0x12, 0x86, 0xA6, 0xFE, 0xFE, 0xFF, 0xFE, 0x98, 0x98, 
    0x98, 0x94, 0x70, 0x10, 0x19, 0x13, 0x0E, 0x13, 0x0E, 0x0E, 0x0E, 0x17, 0x10, 0x13, 0x12, 0x17, 
    0x2C, 0x69, 0x67, 0x69, 0x63, 0x0C, 0x00, 0x00, 0x03, 0x04, 0x00, 0x01, 0x02, 0x00, 0x00, 0x04, 
    0x00, 0x01, 0x02, 0x00, 0x03, 0x04, 0x00, 0x05, 0x00, 0x05, 0x00, 0x01, 0x02, 0x00, 0x02, 0x02, 
    0x02, 0x01, 0x02, 0x04, 0x02, 0x02, 0x00, 0x02, 0x00, 0x00, 0x00, 0x00, 0x02, 0x00, 0x04, 0x04, 
    0x02, 0x04, 0x02, 0x0B, 0x11, 0x37, 0x62, 0xB0, 0x80, 0x70, 0x77, 0x75, 0x6E, 0x6E, 0x73, 0x78, 
    0x74, 0x96, 0x93, 0x93, 0x94, 0x93, 0x94, 0x93, 0x93, 0x96, 0x93, 0x78, 0x71, 0x65, 0x65, 0x22, 
    0x11, 0x0C, 0x1A, 0x1C, 0x1E, 0x15, 0x07, 0x17, 0x15, 0x06, 0x00, 0x10, 0x9C, 0xE6, 0xEB, 0x5E, 
    0x38, 0x3D, 0x3D, 0x3C, 0x3D, 0x3D, 0x7A, 0x5B, 0x6C, 0x3D, 0x6C, 0x7A, 0x6C, 0x6C, 0x6B, 0x3D, 
    0x6C, 0x6C, 0x6C, 0x3D, 0x6B, 0x6C, 0x6C, 0x3C, 0x6C, 0x6C, 0x6C, 0x6B, 0x6C, 0x6C, 0x6B, 0x6C, 
    0x6B, 0x6C, 0x6C, 0x6C, 0x6C, 0x7A, 0x6F, 0x7A, 0x6C, 0x7B, 0x7E, 0x7A, 0x7B, 0x7A, 0x6F, 0x6F, 
    0x6C, 0x6C, 0x6F, 0x6B, 0x6C, 0x6C, 0x6F, 0x7B, 0x7F, 0x7A, 0x6D, 0x3D, 0x39, 0x2C, 0x2C, 0x36, 
    0x1E, 0x5F, 0x5A, 0x32, 0x3A, 0x6C, 0x6C, 0x3D, 0x3D, 0x3A, 0x3D, 0x3C, 0x3A, 0x3D, 0x3D, 0x3C, 
    0x3C, 0x3C, 0x3A, 0x3D, 0x6D, 0x7A, 0x6F, 0x7E, 0x7F, 0x7A, 0x6F, 0x7B, 0x7E, 0x7A, 0x7B, 0x7A, 
    0x3D, 0x3B, 0x20, 0x39, 0x3A, 0x38, 0x3D, 0x3D, 0x6C, 0x7A, 0x7E, 0x7E, 0x7F, 0x7F, 0x81, 0x7F, 
    0x7F, 0x7E, 0x7E, 0x7A, 0x5B, 0x11, 0x1D, 0x56, 0x57, 0x19, 0x1D, 0x1E, 0x1D, 0x1B, 0x19, 0x1B, 
    0x19, 0x19, 0x19, 0x19, 0x15, 0x1A, 0x1B, 0x15, 0x57, 0xA5, 0xF3, 0xF3, 0xF6, 0xAA, 0x98, 0x98, 
    0x94, 0x98, 0x95, 0x22, 0x12, 0x10, 0x13, 0x15, 0x15, 0x15, 0x15, 0x13, 0x12, 0x19, 0x35, 0x6E, 
    0x68, 0x68, 0x63, 0x0F, 0x00, 0x00, 0x05, 0x01, 0x00, 0x01, 0x02, 0x01, 0x04, 0x01, 0x02, 0x01, 
    0x04, 0x01, 0x04, 0x01, 0x02, 0x01, 0x00, 0x01, 0x02, 0x01, 0x04, 0x01, 0x04, 0x01, 0x04, 0x01, 
    0x04, 0x01, 0x04, 0x01, 0x04, 0x01, 0x00, 0x04, 0x00, 0x02, 0x00, 0x04, 0x04, 0x00, 0x04, 0x07, 
    0x04, 0x07, 0x06, 0x0B, 0x2B, 0x5A, 0x91, 0xB0, 0x79, 0x7C, 0x6D, 0x6E, 0x77, 0x78, 0x78, 0x78, 
    0x74, 0x96, 0x96, 0x93, 0x93, 0x93, 0x96, 0x96, 0x96, 0x74, 0x71, 0x75, 0x75, 0x77, 0x6E, 0x6E, 
    0x27, 0x0C, 0x1C, 0x2D, 0x1E, 0x18, 0x13, 0x07, 0x00, 0x00, 0x5D, 0xE6, 0xED, 0x88, 0x3C, 0x3D, 
    0x5B, 0x3D, 0x3D, 0x3D, 0x3D, 0x6C, 0x7A, 0x6C, 0x5B, 0x7A, 0x5B, 0x6C, 0x5B, 0x7A, 0x3C, 0x6B, 
    0x5B, 0x6B, 0x3C, 0x6C, 0x3C, 0x6B, 0x3C, 0x6C, 0x3C, 0x6B, 0x3C, 0x6C, 0x6B, 0x3D, 0x6B, 0x6C, 
    0x6B, 0x6B, 0x6B, 0x6C, 0x6C, 0x6C, 0x7A, 0x7A, 0x7A, 0x7A, 0x7B, 0x7A, 0x6F, 0x7A, 0x7A, 0x6C, 
    0x7A, 0x6C, 0x7A, 0x6C, 0x3D, 0x6C, 0x7A, 0x7F, 0x7A, 0x6C, 0x6C, 0x39, 0x2C, 0x30, 0x2E, 0x1A, 
    0x48, 0x52, 0x39, 0x39, 0x3C, 0x6F, 0x3D, 0x3A, 0x3D, 0x3C, 0x3A, 0x3C, 0x3A, 0x3C, 0x3A, 0x38, 
    0x39, 0x3C, 0x3C, 0x3C, 0x3D, 0x6C, 0x7A, 0x7A, 0x7B, 0x7F, 0x7A, 0x7F, 0x7A, 0x7A, 0x6C, 0x6C, 
    0x3C, 0x37, 0x2C, 0x39, 0x3A, 0x3A, 0x3D, 0x3D, 0x6C, 0x7B, 0x6C, 0x7F, 0x7F, 0x7F, 0x81, 0x7F, 
    0x7F, 0x7F, 0x79, 0x6F, 0x3B, 0x2D, 0x56, 0x52, 0x48, 0x1B, 0x1B, 0x1D, 0x1B, 0x1D, 0x1B, 0x1D, 
    0x19, 0x17, 0x15, 0x17, 0x1B, 0x19, 0x1B, 0x19, 0x53, 0xA3, 0x98, 0x9A, 0x9A, 0x99, 0x94, 0x94, 
    0x98, 0x98, 0x92, 0x65, 0x12, 0x19, 0x19, 0x19, 0x10, 0x12, 0x0D, 0x1A, 0x69, 0x68, 0x68, 0x68, 
    0x69, 0x21, 0x00, 0x00, 0x03, 0x01, 0x01, 0x00, 0x05, 0x02, 0x01, 0x00, 0x03, 0x00, 0x02, 0x00, 
    0x01, 0x02, 0x01, 0x00, 0x03, 0x04, 0x01, 0x02, 0x01, 0x04, 0x00, 0x00, 0x03, 0x00, 0x01, 0x00, 
    0x03, 0x02, 0x01, 0x04, 0x01, 0x02, 0x00, 0x02, 0x00, 0x00, 0x01, 0x02, 0x00, 0x05, 0x02, 0x06, 
    0x03, 0x06, 0x07, 0x05, 0x2B, 0x5C, 0xB0, 0x62, 0x3C, 0x6B, 0x70, 0x77, 0x77, 0x77, 0x78, 0x78, 
    0x78, 0x96, 0x74, 0x93, 0x74, 0x78, 0x96, 0x78, 0x74, 0x75, 0x77, 0x77, 0x73, 0x6E, 0x68, 0x6E, 
    0x25, 0x15, 0x11, 0x18, 0x36, 0x1E, 0x07, 0x00, 0x10, 0x9C, 0xE6, 0x9F, 0x7A, 0x38, 0x3D, 0x3D, 
    0x3D, 0x5B, 0x6C, 0x6C, 0x6C, 0x7A, 0x7A, 0x5B, 0x6C, 0x7A, 0x3D, 0x3D, 0x6C, 0x3C, 0x6C, 0x79, 
    0x3D, 0x6B, 0x3D, 0x3C, 0x6B, 0x3C, 0x6B, 0x3C, 0x6A, 0x3C, 0x3A, 0x3A, 0x6A, 0x3C, 0x6B, 0x3C, 
    0x6C, 0x3C, 0x6B, 0x6B, 0x6C, 0x6C, 0x6C, 0x7A, 0x7A, 0x7A, 0x7E, 0x7A, 0x7A, 0x7A, 0x7E, 0x7B, 
    0x6F, 0x7A, 0x6C, 0x6C, 0x6B, 0x6C, 0x7B, 0x7A, 0x6D, 0x6C, 0x3A, 0x2C, 0x39, 0x3B, 0x54, 0x5C, 
    0x57, 0x2C, 0x39, 0x3B, 0x6C, 0x6C, 0x3D, 0x3C, 0x3D, 0x3C, 0x3C, 0x3B, 0x3C, 0x38, 0x3A, 0x39, 
    0x3A, 0x3B, 0x3A, 0x38, 0x3C, 0x3D, 0x7A, 0x6C, 0x6C, 0x7A, 0x7B, 0x7A, 0x6F, 0x7A, 0x6C, 0x3D, 
    0x3C, 0x2C, 0x39, 0x3B, 0x6A, 0x3C, 0x6C, 0x3C, 0x6D, 0x7A, 0x7F, 0x7F, 0x7F, 0x7F, 0x7F, 0x7E, 
    0x7B, 0x79, 0x6F, 0x7A, 0x2C, 0x41, 0x52, 0x56, 0x18, 0x1D, 0x1D, 0x1D, 0x1D, 0x1D, 0x1D, 0x1B, 
    0x1B, 0x19, 0x1B, 0x15, 0x1B, 0x19, 0x1B, 0x1C, 0x40, 0x9D, 0x99, 0x98, 0x98, 0x94, 0x92, 0x92, 
    0x94, 0x98, 0x94, 0x6E, 0x12, 0x19, 0x15, 0x12, 0x12, 0x2C, 0x69, 0x68, 0x73, 0x73, 0x69, 0x0F, 
    0x00, 0x00, 0x05, 0x01, 0x01, 0x04, 0x01, 0x01, 0x05, 0x05, 0x04, 0x01, 0x05, 0x05, 0x04, 0x01, 
    0x04, 0x01, 0x04, 0x01, 0x05, 0x01, 0x04, 0x01, 0x00, 0x01, 0x04, 0x01, 0x04, 0x05, 0x04, 0x01, 
    0x04, 0x01, 0x04, 0x01, 0x04, 0x01, 0x04, 0x01, 0x00, 0x04, 0x00, 0x04, 0x04, 0x05, 0x04, 0x07, 
    0x07, 0x06, 0x07, 0x02, 0x29, 0x60, 0xB0, 0x58, 0x7C, 0x70, 0x70, 0x75, 0x8D, 0x77, 0x77, 0x78, 
    0x78, 0x78, 0x78, 0x78, 0x78, 0x78, 0x78, 0x76, 0x75, 0x76, 0x78, 0x73, 0x77, 0x70, 0x70, 0x6E, 
    0x2C, 0x10, 0x15, 0x19, 0x1C, 0x00, 0x00, 0x58, 0xE6, 0xED, 0x88, 0x3A, 0x3D, 0x6B, 0x5B, 0x6C, 
    0x7A, 0x7A, 0x5B, 0x7E, 0x7A, 0x7A, 0x7A, 0x3D, 0x7A, 0x6C, 0x3C, 0x6C, 0x6B, 0x6C, 0x6B, 0x6C, 
    0x3C, 0x3C, 0x3C, 0x6A, 0x3C, 0x6B, 0x3A, 0x3A, 0x3C, 0x3A, 0x65, 0x3A, 0x31, 0x3A, 0x3A, 0x6A, 
    0x3A, 0x6B, 0x6B, 0x6B, 0x6B, 0x6C, 0x6C, 0x6B, 0x7A, 0x7A, 0x6C, 0x7B, 0x7A, 0x6D, 0x7A, 0x7A, 
    0x7A, 0x6C, 0x6C, 0x3D, 0x6B, 0x6C, 0x7A, 0x7B, 0x6C, 0x3B, 0x2C, 0x30, 0x32, 0x36, 0x60, 0x5C, 
    0x2D, 0x30, 0x3B, 0x3D, 0x7A, 0x6C, 0x3C, 0x6C, 0x3C, 0x3C, 0x3C, 0x3C, 0x39, 0x3C, 0x3C, 0x3B, 
    0x3C, 0x39, 0x3A, 0x6B, 0x3C, 0x3C, 0x3C, 0x6C, 0x7A, 0x6D, 0x7A, 0x6C, 0x7A, 0x7A, 0x79, 0x6C, 
    0x3B, 0x32, 0x3A, 0x3C, 0x3C, 0x6C, 0x6C, 0x3D, 0x7A, 0x7A, 0x7B, 0x7F, 0x7F, 0x7F, 0x7B, 0x7F, 
    0x79, 0x7B, 0x5B, 0x3D, 0x1A, 0x48, 0x57, 0x56, 0x1D, 0x1E, 0x1B, 0x1E, 0x1B, 0x1E, 0x1D, 0x1E, 
    0x19, 0x17, 0x19, 0x19, 0x19, 0x1B, 0x18, 0x1B, 0x16, 0x85, 0xA2, 0x94, 0x94, 0x94, 0x74, 0x68, 
    0x94, 0x94, 0x94, 0x68, 0x0B, 0x12, 0x06, 0x2E, 0x6E, 0x77, 0x73, 0x68, 0x66, 0x21, 0x00, 0x00, 
    0x03, 0x01, 0x01, 0x00, 0x01, 0x04, 0x01, 0x00, 0x02, 0x01, 0x02, 0x01, 0x02, 0x02, 0x03, 0x00, 
    0x03, 0x04, 0x03, 0x02, 0x02, 0x04, 0x03, 0x04, 0x03, 0x02, 0x02, 0x02, 0x02, 0x00, 0x03, 0x02, 
    0x02, 0x04, 0x02, 0x02, 0x03, 0x00, 0x02, 0x04, 0x00, 0x02, 0x02, 0x00, 0x02, 0x04, 0x07, 0x06, 
    0x07, 0x12, 0x07, 0x06, 0x01, 0x5F, 0x5E, 0x6A, 0x70, 0x7C, 0x70, 0x70, 0x77, 0x77, 0x77, 0x77, 
    0x96, 0x77, 0x78, 0x78, 0x78, 0x78, 0x75, 0x75, 0x78, 0x77, 0x73, 0x68, 0x70, 0x6E, 0x70, 0x65, 
    0x11, 0x10, 0x10, 0x0B, 0x00, 0x01, 0xE3, 0xEF, 0xE6, 0x7A, 0x3D, 0x6C, 0x6C, 0x3D, 0x6C, 0x3D, 
    0x6C, 0x5B, 0x6F, 0x7A, 0x6F, 0x5B, 0x6F, 0x5B, 0x6C, 0x3D, 0x6C, 0x5B, 0x6B, 0x5B, 0x6B, 0x3C, 
    0x3C, 0x3C, 0x3A, 0x3A, 0x3A, 0x3A, 0x3A, 0x3A, 0x3A, 0x31, 0x3A, 0x31, 0x3A, 0x31, 0x3A, 0x3A, 
    0x6A, 0x3A, 0x6A, 0x3D, 0x6A, 0x6C, 0x6B, 0x6C, 0x6C, 0x7A, 0x6C, 0x7B, 0x7A, 0x7A, 0x7E, 0x7A, 
    0x6C, 0x6C, 0x6C, 0x3D, 0x6C, 0x3C, 0x6C, 0x6C, 0x3C, 0x2C, 0x30, 0x30, 0x37, 0x57, 0x56, 0x1A, 
    0x2C, 0x39, 0x3C, 0x6C, 0x6C, 0x3D, 0x3D, 0x5B, 0x3D, 0x3C, 0x3A, 0x39, 0x3A, 0x3B, 0x3A, 0x39, 
    0x3A, 0x3B, 0x3A, 0x38, 0x3A, 0x3C, 0x3D, 0x3C, 0x6C, 0x3D, 0x6C, 0x6C, 0x6C, 0x6C, 0x6C, 0x3D, 
    0x3C, 0x39, 0x3C, 0x3C, 0x3C, 0x3D, 0x6C, 0x6C, 0x6C, 0x7A, 0x7E, 0x7E, 0x7F, 0x7B, 0x7F, 0x7A, 
    0x7A, 0x6C, 0x6C, 0x37, 0x0E, 0x48, 0x34, 0x1E, 0x1D, 0x1D, 0x1D, 0x1D, 0x1E, 0x1D, 0x42, 0x1D, 
    0x1B, 0x19, 0x1B, 0x19, 0x1B, 0x1B, 0x1B, 0x1E, 0x19, 0x62, 0xA2, 0x97, 0x93, 0x93, 0x74, 0x71, 
    0x68, 0x94, 0x92, 0x92, 0x27, 0x39, 0x70, 0x92, 0x73, 0x73, 0x66, 0x0A, 0x00, 0x00, 0x08, 0x03, 
    0x01, 0x01, 0x05, 0x01, 0x01, 0x01, 0x03, 0x01, 0x01, 0x01, 0x05, 0x03, 0x05, 0x01, 0x05, 0x01, 
    0x05, 0x01, 0x04, 0x01, 0x05, 0x01, 0x02, 0x01, 0x04, 0x01, 0x04, 0x01, 0x04, 0x01, 0x04, 0x01, 
    0x04, 0x01, 0x04, 0x05, 0x04, 0x01, 0x04, 0x02, 0x00, 0x00, 0x04, 0x02, 0x04, 0x07, 0x06, 0x07, 
    0x07, 0x07, 0x07, 0x05, 0x00, 0x1E, 0x59, 0x6D, 0x6D, 0x6E, 0x7C, 0x70, 0x70, 0x77, 0x77, 0x75, 
    0x70, 0x77, 0x77, 0x78, 0x77, 0x75, 0x77, 0x77, 0x73, 0x77, 0x77, 0x70, 0x6E, 0x6E, 0x69, 0x21, 
    0x15, 0x0B, 0x05, 0x00, 0x52, 0xED, 0xEC, 0x9E, 0x3A, 0x3D, 0x5B, 0x3D, 0x7A, 0x6C, 0x5B, 0x6C, 
    0x7A, 0x7A, 0x7A, 0x7E, 0x6D, 0x7A, 0x5B, 0x7A, 0x7A, 0x6B, 0x6B, 0x3D, 0x6C, 0x6C, 0x3D, 0x6B, 
    0x3C, 0x3A, 0x6B, 0x3A, 0x3A, 0x3A, 0x31, 0x26, 0x31, 0x26, 0x30, 0x26, 0x30, 0x31, 0x31, 0x3A, 
    0x3A, 0x6A, 0x3A, 0x6B, 0x6B, 0x6B, 0x7A, 0x6C, 0x6C, 0x7E, 0x7A, 0x7B, 0x7A, 0x7A, 0x7A, 0x6C, 
    0x7A, 0x6C, 0x6C, 0x6C, 0x3C, 0x6C, 0x6C, 0x6C, 0x32, 0x25, 0x32, 0x2C, 0x03, 0x53, 0x53, 0x36, 
    0x39, 0x39, 0x5B, 0x6C, 0x7A, 0x6C, 0x3D, 0x6B, 0x3D, 0x3C, 0x3C, 0x3B, 0x3B, 0x3A, 0x32, 0x3A, 
    0x3B, 0x3A, 0x3B, 0x3C, 0x3C, 0x3D, 0x3C, 0x6C, 0x5B, 0x3D, 0x3C, 0x7A, 0x3C, 0x3D, 0x3D, 0x3D, 
    0x3B, 0x3A, 0x3C, 0x3C, 0x3C, 0x6C, 0x6C, 0x6C, 0x7B, 0x7B, 0x7A, 0x7F, 0x79, 0x7F, 0x7B, 0x7A, 
    0x7A, 0x7A, 0x5B, 0x29, 0x42, 0x18, 0x13, 0x1D, 0x1E, 0x42, 0x1D, 0x1C, 0x42, 0x1E, 0x42, 0x1E, 
    0x19, 0x1B, 0x19, 0x1B, 0x19, 0x1C, 0x1D, 0x1D, 0x18, 0x5F, 0xA0, 0xA2, 0x93, 0x93, 0x92, 0x72, 
    0x66, 0x95, 0x93, 0x73, 0x73, 0x92, 0x74, 0x68, 0x66, 0x0B, 0x00, 0x00, 0x09, 0x04, 0x01, 0x01, 
    0x01, 0x01, 0x01, 0x02, 0x02, 0x01, 0x05, 0x01, 0x02, 0x05, 0x03, 0x05, 0x03, 0x04, 0x03, 0x00, 
    0x02, 0x02, 0x02, 0x04, 0x03, 0x00, 0x02, 0x00, 0x01, 0x04, 0x01, 0x00, 0x05, 0x02, 0x03, 0x04, 
    0x03, 0x02, 0x03, 0x00, 0x03, 0x04, 0x02, 0x02, 0x00, 0x05, 0x02, 0x04, 0x07, 0x06, 0x07, 0x07, 
    0x12, 0x07, 0x07, 0x06, 0x06, 0x03, 0x11, 0x2B, 0x3C, 0x6D, 0x6E, 0x70, 0x77, 0x6E, 0x70, 0x7C, 
    0x77, 0x77, 0x77, 0x75, 0x75, 0x77, 0x77, 0x77, 0x77, 0x77, 0x70, 0x6E, 0x6E, 0x69, 0x20, 0x0E, 
    0x03, 0x00, 0x00, 0x86, 0xF0, 0xEB, 0x7E, 0x39, 0x3D, 0x3D, 0x6C, 0x5B, 0x6C, 0x7A, 0x6C, 0x7A, 
    0x7A, 0x7A, 0x6F, 0x7A, 0x7E, 0x7A, 0x6C, 0x7A, 0x6C, 0x3D, 0x3D, 0x6C, 0x6C, 0x6B, 0x6C, 0x3C, 
    0x3A, 0x6B, 0x3A, 0x3A, 0x3A, 0x31, 0x26, 0x31, 0x30, 0x30, 0x30, 0x2F, 0x30, 0x30, 0x31, 0x31, 
    0x3A, 0x3A, 0x6A, 0x3C, 0x6A, 0x3C, 0x69, 0x6C, 0x6C, 0x7A, 0x6C, 0x7A, 0x7E, 0x6C, 0x6C, 0x7A, 
    0x6C, 0x6C, 0x6C, 0x3D, 0x3D, 0x3C, 0x6C, 0x3C, 0x39, 0x32, 0x30, 0x2D, 0x5C, 0x48, 0x36, 0x32, 
    0x39, 0x3C, 0x6C, 0x7A, 0x3D, 0x3D, 0x6B, 0x3D, 0x3D, 0x3A, 0x39, 0x3B, 0x39, 0x3B, 0x3A, 0x39, 
    0x3A, 0x3B, 0x3B, 0x38, 0x38, 0x3C, 0x5B, 0x3D, 0x7A, 0x3D, 0x6C, 0x3C, 0x6C, 0x3C, 0x6C, 0x3C, 
    0x3A, 0x3B, 0x3D, 0x6A, 0x6C, 0x3C, 0x6C, 0x5B, 0x6D, 0x7A, 0x7F, 0x7E, 0x7F, 0x6C, 0x7A, 0x7A, 
    0x7A, 0x5B, 0x39, 0x19, 0x2D, 0x48, 0x1E, 0x1D, 0x1E, 0x1E, 0x1E, 0x1D, 0x42, 0x41, 0x1E, 0x1D, 
    0x1B, 0x1B, 0x1B, 0x1D, 0x1B, 0x1B, 0x1D, 0x1C, 0x1D, 0x47, 0xA3, 0xA2, 0x93, 0x93, 0x74, 0x72, 
    0x71, 0x6F, 0x93, 0x93, 0x92, 0x68, 0x35, 0x07, 0x00, 0x00, 0x08, 0x01, 0x01, 0x01, 0x01, 0x01, 
    0x02, 0x01, 0x01, 0x01, 0x05, 0x01, 0x01, 0x01, 0x05, 0x03, 0x05, 0x03, 0x05, 0x01, 0x05, 0x05, 
    0x05, 0x01, 0x05, 0x01, 0x05, 0x01, 0x04, 0x01, 0x04, 0x01, 0x04, 0x01, 0x04, 0x01, 0x04, 0x01, 
    0x04, 0x01, 0x05, 0x01, 0x04, 0x01, 0x04, 0x01, 0x00, 0x02, 0x04, 0x05, 0x04, 0x12, 0x07, 0x0B, 
    0x12, 0x13, 0x07, 0x07, 0x12, 0x01, 0x1A, 0x29, 0x1A, 0x2F, 0x6B, 0x6E, 0x7C, 0x6E, 0x7C, 0x77, 
    0x75, 0x77, 0x6E, 0x70, 0x77, 0x77, 0x77, 0x70, 0x75, 0x70, 0x6E, 0x70, 0x69, 0x21, 0x07, 0x0B, 
    0x00, 0x00, 0x9B, 0xF0, 0x9F, 0x6A, 0x3C, 0x6C, 0x3D, 0x6C, 0x5B, 0x7A, 0x7A, 0x6C, 0x5B, 0x7B, 
    0x7A, 0x7A, 0x79, 0x6F, 0x7E, 0x7A, 0x7A, 0x5B, 0x7A, 0x6C, 0x6B, 0x6C, 0x6B, 0x6C, 0x6B, 0x6B, 
    0x3A, 0x3A, 0x3A, 0x3A, 0x31, 0x31, 0x30, 0x26, 0x30, 0x25, 0x24, 0x24, 0x24, 0x30, 0x24, 0x25, 
    0x31, 0x3A, 0x31, 0x6A, 0x6B, 0x6B, 0x6B, 0x6C, 0x7A, 0x6C, 0x6F, 0x7A, 0x79, 0x7B, 0x7A, 0x6C, 
    0x7A, 0x6D, 0x5B, 0x6C, 0x3C, 0x6C, 0x6C, 0x6C, 0x39, 0x39, 0x2C, 0x57, 0x62, 0x53, 0x2E, 0x3B, 
    0x3C, 0x3D, 0x7A, 0x7A, 0x7A, 0x6C, 0x3C, 0x6C, 0x3D, 0x3C, 0x3C, 0x6A, 0x3B, 0x3A, 0x3C, 0x31, 
    0x3B, 0x3C, 0x3B, 0x3C, 0x3C, 0x3D, 0x3C, 0x6C, 0x3C, 0x6C, 0x3C, 0x6C, 0x3C, 0x6C, 0x3D, 0x3C, 
    0x3A, 0x3C, 0x3C, 0x6B, 0x3D, 0x6B, 0x6C, 0x7B, 0x7A, 0x7B, 0x7A, 0x7B, 0x7B, 0x7A, 0x6F, 0x7A, 
    0x3D, 0x5B, 0x2E, 0x5F, 0x53, 0x34, 0x1B, 0x19, 0x1E, 0x1E, 0x42, 0x1E, 0x42, 0x1D, 0x42, 0x1E, 
    0x1D, 0x1D, 0x1C, 0x1B, 0x1B, 0x1B, 0x1D, 0x1D, 0x18, 0x47, 0x9E, 0xA2, 0x97, 0x93, 0x74, 0x72, 
    0x73, 0x21, 0x95, 0x68, 0x35, 0x00, 0x00, 0x04, 0x09, 0x01, 0x03, 0x01, 0x02, 0x01, 0x02, 0x01, 
    0x02, 0x01, 0x02, 0x01, 0x03, 0x01, 0x02, 0x01, 0x02, 0x03, 0x02, 0x03, 0x03, 0x01, 0x03, 0x02, 
    0x03, 0x00, 0x03, 0x04, 0x02, 0x02, 0x03, 0x02, 0x03, 0x04, 0x03, 0x02, 0x02, 0x04, 0x03, 0x00, 
    0x02, 0x02, 0x02, 0x04, 0x02, 0x02, 0x03, 0x04, 0x00, 0x05, 0x02, 0x06, 0x07, 0x07, 0x07, 0x07, 
    0x12, 0x07, 0x07, 0x06, 0x05, 0x00, 0x0B, 0x1A, 0x21, 0x11, 0x2B, 0x30, 0x69, 0x6D, 0x6E, 0x6E, 
    0x6E, 0x7C, 0x70, 0x75, 0x77, 0x75, 0x70, 0x6E, 0x70, 0x6E, 0x6E, 0x35, 0x21, 0x02, 0x03, 0x00, 
    0x36, 0x9F, 0xED, 0x7D, 0x3A, 0x6C, 0x6C, 0x3D, 0x6C, 0x7A, 0x7E, 0x7A, 0x7E, 0x5B, 0x6C, 0x7A, 
    0x6F, 0x7E, 0x6F, 0x7A, 0x7E, 0x7A, 0x6C, 0x3D, 0x6C, 0x3D, 0x6C, 0x6C, 0x3D, 0x3D, 0x6C, 0x3C, 
    0x3A, 0x3A, 0x3A, 0x26, 0x31, 0x31, 0x26, 0x30, 0x24, 0x22, 0x22, 0x21, 0x21, 0x21, 0x22, 0x30, 
    0x31, 0x31, 0x3A, 0x3A, 0x3A, 0x3A, 0x6C, 0x6C, 0x6B, 0x7A, 0x7E, 0x7A, 0x7E, 0x6F, 0x6C, 0x6C, 
    0x6F, 0x6B, 0x6C, 0x3C, 0x3D, 0x3D, 0x7A, 0x3D, 0x3B, 0x32, 0x2C, 0x19, 0x18, 0x57, 0x37, 0x38, 
    0x3D, 0x7A, 0x6C, 0x7A, 0x6C, 0x3D, 0x6C, 0x3D, 0x3D, 0x3A, 0x3D, 0x3D, 0x3D, 0x3C, 0x3D, 0x3C, 
    0x3C, 0x3C, 0x3D, 0x3C, 0x3D, 0x38, 0x3D, 0x5B, 0x3D, 0x3D, 0x6C, 0x5B, 0x3D, 0x3C, 0x3D, 0x3C, 
    0x3A, 0x3D, 0x6B, 0x3D, 0x6A, 0x3D, 0x7A, 0x5B, 0x6F, 0x7A, 0x6F, 0x7A, 0x7A, 0x7A, 0x6C, 0x5B, 
    0x3D, 0x3B, 0x34, 0x55, 0x48, 0x07, 0x00, 0x19, 0x1D, 0x1D, 0x1E, 0x1D, 0x1E, 0x1D, 0x1E, 0x1D, 
    0x1B, 0x1D, 0x1D, 0x1B, 0x1C, 0x1D, 0x1B, 0x18, 0x1B, 0x40, 0x89, 0xA2, 0xA1, 0x93, 0x74, 0x72, 
    0x74, 0x63, 0x00, 0x00, 0x00, 0x08, 0x03, 0x01, 0x01, 0x01, 0x01, 0x01, 0x01, 0x03, 0x01, 0x01, 
    0x01, 0x01, 0x05, 0x01, 0x01, 0x01, 0x05, 0x08, 0x03, 0x03, 0x05, 0x03, 0x05, 0x02, 0x01, 0x03, 
    0x05, 0x03, 0x05, 0x03, 0x05, 0x03, 0x00, 0x03, 0x04, 0x01, 0x01, 0x01, 0x04, 0x01, 0x04, 0x01, 
    0x04, 0x01, 0x04, 0x03, 0x04, 0x02, 0x05, 0x01, 0x04, 0x03, 0x04, 0x07, 0x07, 0x06, 0x13, 0x07, 
    0x13, 0x13, 0x13, 0x07, 0x06, 0x02, 0x02, 0x11, 0x2B, 0x21, 0x29, 0x21, 0x29, 0x30, 0x6A, 0x6E, 
    0x6E, 0x6E, 0x70, 0x70, 0x75, 0x6E, 0x70, 0x6E, 0x70, 0x69, 0x39, 0x11, 0x07, 0x00, 0x00, 0x5A, 
    0xE6, 0x9D, 0x6C, 0x6C, 0x5B, 0x6C, 0x5B, 0x6F, 0x5B, 0x7A, 0x5B, 0x6C, 0x7A, 0x7E, 0x7A, 0x7E, 
    0x79, 0x7E, 0x7B, 0x7F, 0x7E, 0x7E, 0x7A, 0x6C, 0x6C, 0x6C, 0x6B, 0x6C, 0x6C, 0x6A, 0x3C, 0x6B, 
    0x6B, 0x3A, 0x3A, 0x35, 0x31, 0x26, 0x25, 0x25, 0x24, 0x21, 0x09, 0x00, 0x00, 0x0B, 0x21, 0x25, 
    0x2F, 0x65, 0x31, 0x3A, 0x3A, 0x6A, 0x3A, 0x3D, 0x6C, 0x6F, 0x7A, 0x6C, 0x7B, 0x7A, 0x7A, 0x6D, 
    0x7A, 0x6C, 0x6C, 0x6C, 0x3C, 0x3C, 0x6C, 0x6C, 0x3D, 0x39, 0x54, 0x53, 0x1C, 0x58, 0x59, 0x3C, 
    0x3D, 0x6C, 0x7A, 0x3D, 0x7A, 0x3D, 0x6B, 0x6C, 0x3D, 0x6C, 0x3D, 0x3D, 0x3D, 0x6C, 0x3A, 0x6C, 
    0x3A, 0x3D, 0x3C, 0x5B, 0x3C, 0x3D, 0x3C, 0x3D, 0x3C, 0x6B, 0x3C, 0x3C, 0x6B, 0x3C, 0x3C, 0x3C, 
    0x3B, 0x6A, 0x3D, 0x6B, 0x6B, 0x6C, 0x7A, 0x6D, 0x7A, 0x7A, 0x7B, 0x6F, 0x7A, 0x7A, 0x7A, 0x5B, 
    0x5B, 0x2E, 0x06, 0x00, 0x00, 0x06, 0x06, 0x19, 0x1D, 0x1E, 0x41, 0x42, 0x1E, 0x1E, 0x1E, 0x1E, 
    0x1D, 0x1D, 0x1E, 0x1B, 0x1D, 0x1B, 0x1E, 0x1B, 0x1E, 0x41, 0x62, 0xA4, 0xA2, 0x96, 0x93, 0x72, 
    0x74, 0x64, 0x00, 0x03, 0x09, 0x01, 0x00, 0x01, 0x08, 0x01, 0x03, 0x03, 0x01, 0x01, 0x03, 0x05, 
    0x09, 0x05, 0x03, 0x01, 0x09, 0x05, 0x03, 0x01, 0x03, 0x05, 0x09, 0x03, 0x03, 0x05, 0x03, 0x04, 
    0x02, 0x01, 0x02, 0x05, 0x02, 0x04, 0x02, 0x04, 0x03, 0x01, 0x01, 0x04, 0x02, 0x02, 0x03, 0x02, 
    0x03, 0x04, 0x03, 0x05, 0x02, 0x04, 0x03, 0x04, 0x02, 0x04, 0x02, 0x07, 0x06, 0x13, 0x13, 0x12, 
    0x07, 0x12, 0x07, 0x06, 0x05, 0x04, 0x00, 0x05, 0x11, 0x1A, 0x20, 0x2B, 0x11, 0x11, 0x21, 0x31, 
    0x6E, 0x6E, 0x6E, 0x6E, 0x6E, 0x70, 0x6E, 0x6E, 0x66, 0x2C, 0x0F, 0x03, 0x00, 0x04, 0x87, 0xE4, 
    0x84, 0x3D, 0x3D, 0x7A, 0x6C, 0x7A, 0x6F, 0x7A, 0x7A, 0x7A, 0x6F, 0x5B, 0x6F, 0x5B, 0x6C, 0x6C, 
    0x7A, 0x7A, 0x7A, 0x7E, 0x7E, 0x7A, 0x6C, 0x7E, 0x6C, 0x6C, 0x6C, 0x7A, 0x6C, 0x6C, 0x6C, 0x3C, 
    0x3A, 0x3A, 0x3A, 0x31, 0x31, 0x30, 0x26, 0x24, 0x22, 0x0C, 0x00, 0x00, 0x00, 0x00, 0x21, 0x2A, 
    0x2F, 0x31, 0x31, 0x3A, 0x3A, 0x6B, 0x6B, 0x6C, 0x6C, 0x7A, 0x7A, 0x6C, 0x7E, 0x7E, 0x7A, 0x7B, 
    0x6C, 0x6C, 0x6C, 0x3C, 0x3D, 0x3C, 0x6C, 0x6B, 0x6C, 0x3C, 0x37, 0x56, 0x57, 0x54, 0x38, 0x3C, 
    0x6C, 0x7A, 0x6C, 0x3D, 0x7A, 0x6C, 0x6B, 0x6C, 0x6C, 0x7A, 0x6C, 0x6C, 0x6C, 0x6C, 0x3D, 0x3A, 
    0x3D, 0x3D, 0x6C, 0x3D, 0x6C, 0x3D, 0x7A, 0x3D, 0x3D, 0x6B, 0x3D, 0x3C, 0x3C, 0x3C, 0x6A, 0x3D, 
    0x3A, 0x3D, 0x6C, 0x3C, 0x6C, 0x3D, 0x6C, 0x7A, 0x6F, 0x7A, 0x7B, 0x7A, 0x7A, 0x7A, 0x6C, 0x5B, 
    0x3C, 0x2D, 0x07, 0x00, 0x06, 0x49, 0x46, 0x19, 0x1D, 0x1D, 0x1E, 0x42, 0x1E, 0x1E, 0x42, 0x1E, 
    0x1B, 0x1E, 0x1D, 0x1E, 0x1C, 0x1E, 0x1B, 0x1E, 0x1C, 0x1C, 0x61, 0xA4, 0xA1, 0x96, 0x74, 0x74, 
    0x78, 0x71, 0x00, 0x01, 0x01, 0x03, 0x01, 0x01, 0x02, 0x08, 0x01, 0x09, 0x05, 0x08, 0x01, 0x01, 
    0x01, 0x09, 0x03, 0x01, 0x01, 0x03, 0x04, 0x08, 0x05, 0x03, 0x04, 0x09, 0x05, 0x01, 0x05, 0x01, 
    0x05, 0x03, 0x05, 0x03, 0x05, 0x01, 0x05, 0x01, 0x05, 0x01, 0x05, 0x01, 0x05, 0x04, 0x05, 0x01, 
    0x05, 0x05, 0x05, 0x01, 0x05, 0x03, 0x05, 0x03, 0x04, 0x05, 0x13, 0x07, 0x12, 0x07, 0x13, 0x07, 
    0x13, 0x0B, 0x12, 0x13, 0x05, 0x07, 0x04, 0x04, 0x00, 0x02, 0x0B, 0x11, 0x1A, 0x29, 0x1A, 0x11, 
    0x1A, 0x65, 0x6D, 0x69, 0x6E, 0x6E, 0x69, 0x6A, 0x29, 0x0C, 0x07, 0x00, 0x1E, 0xE5, 0x9D, 0x7F, 
    0x3D, 0x5B, 0x5B, 0x7E, 0x7A, 0x7A, 0x7A, 0x6C, 0x7A, 0x7A, 0x79, 0x7B, 0x6D, 0x7A, 0x7A, 0x6D, 
    0x7A, 0x7B, 0x7A, 0x7B, 0x7B, 0x7A, 0x7A, 0x6C, 0x7A, 0x6C, 0x6C, 0x6B, 0x6C, 0x6C, 0x6B, 0x6B, 
    0x3A, 0x3A, 0x6A, 0x31, 0x31, 0x31, 0x2F, 0x25, 0x2A, 0x0C, 0x00, 0x00, 0x00, 0x00, 0x0C, 0x25, 
    0x30, 0x31, 0x31, 0x3A, 0x3A, 0x6A, 0x6B, 0x6C, 0x6C, 0x7A, 0x79, 0x6D, 0x79, 0x7F, 0x79, 0x7B, 
    0x7A, 0x6C, 0x7A, 0x6C, 0x3C, 0x3C, 0x6B, 0x6C, 0x5B, 0x3D, 0x5A, 0x57, 0x54, 0x5B, 0x3C, 0x6C, 
    0x5B, 0x7A, 0x7A, 0x6C, 0x5B, 0x6C, 0x6C, 0x7B, 0x7A, 0x7B, 0x7A, 0x7A, 0x7A, 0x6C, 0x6C, 0x6C, 
    0x6C, 0x6C, 0x6C, 0x6C, 0x7A, 0x6B, 0x6C, 0x6B, 0x79, 0x6C, 0x3D, 0x6A, 0x3D, 0x6B, 0x3C, 0x6B, 
    0x3C, 0x6B, 0x6B, 0x6B, 0x6B, 0x6C, 0x7A, 0x6C, 0x7A, 0x7A, 0x6D, 0x7A, 0x7A, 0x6C, 0x3C, 0x3C, 
    0x1A, 0x19, 0x19, 0x19, 0x45, 0xB2, 0x50, 0x19, 0x1B, 0x1E, 0x1E, 0x1E, 0x41, 0x1E, 0x1D, 0x1E, 
    0x1E, 0x1D, 0x1D, 0x1D, 0x1D, 0x1B, 0x1D, 0x1D, 0x1D, 0x1D, 0x5F, 0x9D, 0xA1, 0xA1, 0x93, 0x78, 
    0x72, 0x78, 0x20, 0x00, 0x03, 0x01, 0x03, 0x01, 0x03, 0x01, 0x03, 0x03, 0x09, 0x00, 0x03, 0x01, 
    0x09, 0x01, 0x03, 0x01, 0x03, 0x01, 0x03, 0x01, 0x07, 0x09, 0x03, 0x07, 0x03, 0x01, 0x03, 0x05, 
    0x03, 0x01, 0x02, 0x01, 0x03, 0x02, 0x03, 0x00, 0x02, 0x02, 0x02, 0x04, 0x03, 0x00, 0x03, 0x00, 
    0x03, 0x04, 0x03, 0x02, 0x03, 0x07, 0x02, 0x07, 0x02, 0x06, 0x07, 0x07, 0x07, 0x13, 0x07, 0x13, 
    0x06, 0x13, 0x06, 0x06, 0x07, 0x04, 0x02, 0x00, 0x02, 0x00, 0x00, 0x00, 0x02, 0x0B, 0x0F, 0x1A, 
    0x21, 0x11, 0x21, 0x25, 0x3A, 0x6A, 0x3A, 0x11, 0x11, 0x03, 0x00, 0x53, 0xE5, 0x9F, 0x3D, 0x3D, 
    0x6C, 0x5B, 0x6C, 0x7A, 0x6C, 0x5B, 0x6F, 0x7A, 0x6C, 0x7A, 0x7A, 0x6F, 0x7E, 0x7A, 0x7E, 0x6C, 
    0x6C, 0x7A, 0x6D, 0x7A, 0x7E, 0x6F, 0x6C, 0x6C, 0x6C, 0x6C, 0x6C, 0x6C, 0x6D, 0x6C, 0x6B, 0x3C, 
    0x6C, 0x6B, 0x3A, 0x31, 0x3A, 0x25, 0x31, 0x25, 0x22, 0x21, 0x00, 0x00, 0x00, 0x01, 0x21, 0x2C, 
    0x30, 0x31, 0x35, 0x6A, 0x6A, 0x3A, 0x6C, 0x3D, 0x6F, 0x7A, 0x7A, 0x7A, 0x7E, 0x7E, 0x6F, 0x7A, 
    0x6D, 0x6C, 0x6B, 0x5B, 0x6B, 0x3C, 0x6C, 0x6C, 0x7A, 0x6B, 0x2D, 0x53, 0x5A, 0x37, 0x3D, 0x5B, 
    0x6C, 0x3D, 0x6F, 0x3D, 0x6C, 0x6C, 0x6F, 0x7A, 0x6F, 0x7A, 0x7A, 0x7A, 0x6F, 0x7A, 0x6C, 0x6C, 
    0x6C, 0x6C, 0x6C, 0x3D, 0x7A, 0x5B, 0x6C, 0x5B, 0x6C, 0x3D, 0x3D, 0x6B, 0x3D, 0x3C, 0x6A, 0x3D, 
    0x6C, 0x3D, 0x6C, 0x3D, 0x6C, 0x6C, 0x6C, 0x7A, 0x6C, 0x7A, 0x6F, 0x6C, 0x3D, 0x3D, 0x3C, 0x3B, 
    0x0B, 0x1D, 0x55, 0x1D, 0x8E, 0xBD, 0xB2, 0x16, 0x1D, 0x1E, 0x1E, 0x1E, 0x1E, 0x1D, 0x1E, 0x1D, 
    0x1D, 0x1E, 0x1B, 0x1D, 0x1C, 0x1D, 0x1B, 0x1E, 0x1D, 0x1D, 0x55, 0x8B, 0xA4, 0xA1, 0x96, 0x74, 
    0x72, 0x74, 0x26, 0x00, 0x08, 0x01, 0x01, 0x01, 0x01, 0x03, 0x01, 0x09, 0x08, 0x03, 0x01, 0x03, 
    0x01, 0x09, 0x01, 0x09, 0x01, 0x09, 0x01, 0x03, 0x01, 0x09, 0x05, 0x03, 0x07, 0x03, 0x05, 0x02, 
    0x05, 0x03, 0x05, 0x03, 0x05, 0x03, 0x05, 0x03, 0x01, 0x01, 0x02, 0x01, 0x04, 0x01, 0x05, 0x02, 
    0x05, 0x03, 0x05, 0x03, 0x07, 0x05, 0x07, 0x03, 0x05, 0x0E, 0x12, 0x07, 0x13, 0x13, 0x12, 0x13, 
    0x13, 0x13, 0x13, 0x07, 0x06, 0x07, 0x05, 0x00, 0x04, 0x02, 0x00, 0x04, 0x00, 0x02, 0x00, 0x03, 
    0x0E, 0x11, 0x1A, 0x11, 0x11, 0x2C, 0x29, 0x2B, 0x0B, 0x00, 0x57, 0xE4, 0x82, 0x6A, 0x5B, 0x6C, 
    0x5B, 0x6F, 0x5B, 0x6C, 0x7A, 0x6F, 0x5B, 0x7A, 0x7E, 0x7A, 0x7B, 0x7A, 0x6D, 0x7F, 0x7A, 0x7B, 
    0x7A, 0x7B, 0x6F, 0x7F, 0x7A, 0x7F, 0x7B, 0x6C, 0x7A, 0x7A, 0x6C, 0x6C, 0x7A, 0x6C, 0x6C, 0x6C, 
    0x6B, 0x6B, 0x3A, 0x3A, 0x31, 0x31, 0x30, 0x31, 0x2F, 0x22, 0x27, 0x03, 0x00, 0x21, 0x24, 0x2F, 
    0x31, 0x3A, 0x3A, 0x6A, 0x6B, 0x6B, 0x6B, 0x6C, 0x7A, 0x7A, 0x6F, 0x7A, 0x7A, 0x7F, 0x7A, 0x7F, 
    0x79, 0x6D, 0x5B, 0x6C, 0x6B, 0x6C, 0x3D, 0x6C, 0x7A, 0x3D, 0x2D, 0x2D, 0x59, 0x3A, 0x5B, 0x7A, 
    0x7A, 0x3D, 0x3D, 0x3D, 0x7A, 0x6C, 0x7A, 0x7F, 0x7B, 0x7F, 0x7E, 0x6C, 0x7A, 0x6C, 0x7A, 0x7A, 
    0x7A, 0x6C, 0x7A, 0x6C, 0x7A, 0x3D, 0x6C, 0x6C, 0x3D, 0x6C, 0x3C, 0x6C, 0x3C, 0x6C, 0x3C, 0x6A, 
    0x6C, 0x3D, 0x6C, 0x6C, 0x6C, 0x6C, 0x7B, 0x7A, 0x7B, 0x6C, 0x7A, 0x6C, 0x6C, 0x3D, 0x3C, 0x3B, 
    0x0E, 0x00, 0x1B, 0x47, 0xB9, 0xBF, 0xBC, 0x45, 0x1B, 0x1D, 0x1D, 0x42, 0x1E, 0x1E, 0x1E, 0x1E, 
    0x1E, 0x1D, 0x1E, 0x1D, 0x1D, 0x1B, 0x1E, 0x1D, 0x1E, 0x1B, 0x48, 0x62, 0xA4, 0xA1, 0x96, 0x74, 
    0x78, 0x78, 0x67, 0x00, 0x08, 0x02, 0x03, 0x01, 0x03, 0x01, 0x03, 0x08, 0x03, 0x03, 0x03, 0x03, 
    0x09, 0x01, 0x03, 0x05, 0x03, 0x01, 0x03, 0x05, 0x03, 0x09, 0x03, 0x05, 0x03, 0x01, 0x03, 0x05, 
    0x03, 0x05, 0x02, 0x01, 0x03, 0x01, 0x02, 0x00, 0x03, 0x04, 0x03, 0x00, 0x03, 0x04, 0x02, 0x05, 
    0x03, 0x05, 0x03, 0x07, 0x03, 0x07, 0x0B, 0x07, 0x07, 0x13, 0x07, 0x13, 0x07, 0x13, 0x13, 0x13, 
    0x07, 0x12, 0x07, 0x05, 0x06, 0x04, 0x02, 0x00, 0x02, 0x00, 0x04, 0x00, 0x02, 0x00, 0x04, 0x00, 
    0x00, 0x02, 0x0B, 0x11, 0x11, 0x10, 0x11, 0x10, 0x00, 0x17, 0x9C, 0x7E, 0x3A, 0x6C, 0x6C, 0x3D, 
    0x6C, 0x7A, 0x6C, 0x5B, 0x6F, 0x5B, 0x6D, 0x7A, 0x6C, 0x6F, 0x7E, 0x7A, 0x6F, 0x79, 0x7F, 0x7A, 
    0x7B, 0x7A, 0x6C, 0x7A, 0x7F, 0x7E, 0x7B, 0x7A, 0x6C, 0x7A, 0x6D, 0x3D, 0x7A, 0x7B, 0x6C, 0x6C, 
    0x3D, 0x6B, 0x6A, 0x3A, 0x6A, 0x31, 0x31, 0x25, 0x30, 0x22, 0x2C, 0x0B, 0x09, 0x2A, 0x24, 0x30, 
    0x31, 0x26, 0x3A, 0x6A, 0x6A, 0x6C, 0x6C, 0x7A, 0x6D, 0x6D, 0x7A, 0x79, 0x6F, 0x7B, 0x7E, 0x7A, 
    0x6F, 0x7B, 0x7E, 0x6C, 0x6C, 0x3D, 0x6B, 0x6C, 0x6C, 0x3B, 0x2D, 0x54, 0x3C, 0x5B, 0x6C, 0x3D, 
    0x6C, 0x3D, 0x6C, 0x7A, 0x6C, 0x7A, 0x7F, 0x6D, 0x7E, 0x7A, 0x7F, 0x6C, 0x7A, 0x7B, 0x7A, 0x7A, 
    0x6D, 0x7A, 0x6C, 0x7B, 0x6C, 0x7A, 0x6C, 0x6C, 0x6C, 0x3D, 0x6C, 0x3D, 0x6B, 0x3C, 0x6C, 0x3A, 
    0x6C, 0x6C, 0x6B, 0x6C, 0x6C, 0x3D, 0x7B, 0x7A, 0x6F, 0x7A, 0x6F, 0x6C, 0x6C, 0x3C, 0x3B, 0x1C, 
    0x0E, 0x42, 0x00, 0x4E, 0xBF, 0xC8, 0xBC, 0x4E, 0x17, 0x41, 0x1D, 0x1D, 0x1E, 0x1D, 0x1E, 0x40, 
    0x40, 0x1C, 0x42, 0x1E, 0x1B, 0x1C, 0x1B, 0x1E, 0x1E, 0x1E, 0x42, 0x60, 0xA3, 0xA4, 0xA1, 0x93, 
    0x78, 0x74, 0x75, 0x00, 0x08, 0x01, 0x01, 0x08, 0x01, 0x03, 0x05, 0x03, 0x08, 0x09, 0x01, 0x09, 
    0x05, 0x03, 0x08, 0x08, 0x05, 0x09, 0x08, 0x03, 0x01, 0x09, 0x05, 0x09, 0x07, 0x03, 0x05, 0x03, 
    0x05, 0x03, 0x05, 0x03, 0x05, 0x05, 0x05, 0x01, 0x05, 0x01, 0x05, 0x01, 0x05, 0x01, 0x05, 0x03, 
    0x05, 0x07, 0x05, 0x07, 0x07, 0x15, 0x07, 0x0B, 0x06, 0x13, 0x13, 0x13, 0x12, 0x13, 0x12, 0x13, 
    0x13, 0x07, 0x13, 0x07, 0x05, 0x07, 0x04, 0x04, 0x00, 0x01, 0x04, 0x01, 0x00, 0x04, 0x00, 0x00, 
    0x00, 0x04, 0x00, 0x04, 0x07, 0x11, 0x1A, 0x1A, 0x0B, 0x1A, 0x2B, 0x2C, 0x59, 0x6C, 0x3C, 0x6C, 
    0x3C, 0x6B, 0x7A, 0x6B, 0x7A, 0x6C, 0x7A, 0x6C, 0x7A, 0x6F, 0x7A, 0x7B, 0x7B, 0x7F, 0x7A, 0x7F, 
    0x7A, 0x7B, 0x7B, 0x7A, 0x79, 0x7F, 0x7B, 0x7B, 0x7A, 0x7B, 0x7B, 0x6C, 0x7A, 0x7B, 0x7A, 0x6D, 
    0x6C, 0x6C, 0x6B, 0x6B, 0x3C, 0x6A, 0x31, 0x31, 0x25, 0x30, 0x30, 0x29, 0x0C, 0x2A, 0x2A, 0x31, 
    0x31, 0x35, 0x6B, 0x6A, 0x6A, 0x69, 0x6C, 0x7B, 0x7A, 0x7B, 0x7B, 0x7F, 0x79, 0x6F, 0x7B, 0x7B, 
    0x7A, 0x7A, 0x79, 0x6C, 0x6B, 0x5B, 0x6C, 0x6C, 0x6B, 0x2B, 0x19, 0x37, 0x3C, 0x5B, 0x7A, 0x5B, 
    0x6B, 0x6B, 0x7A, 0x7B, 0x7A, 0x7F, 0x7E, 0x7F, 0x7F, 0x7B, 0x7B, 0x7B, 0x7A, 0x7F, 0x7A, 0x7B, 
    0x7A, 0x7B, 0x7E, 0x7B, 0x7A, 0x7A, 0x79, 0x3D, 0x7A, 0x6C, 0x6B, 0x6C, 0x6B, 0x6B, 0x6A, 0x6C, 
    0x3D, 0x6C, 0x6C, 0x6C, 0x7A, 0x6F, 0x7A, 0x7A, 0x7A, 0x6C, 0x5B, 0x6C, 0x6B, 0x3C, 0x2E, 0x00, 
    0x42, 0x62, 0x56, 0xB6, 0xCB, 0xC8, 0xCC, 0xB3, 0x16, 0x1D, 0x1B, 0x1E, 0x40, 0x1E, 0x1D, 0x1E, 
    0x1E, 0x1D, 0x1E, 0x41, 0x1E, 0x1D, 0x1D, 0x41, 0x1E, 0x41, 0x1E, 0x5F, 0xA3, 0xA4, 0xA1, 0x74, 
    0x74, 0x74, 0x72, 0x21, 0x00, 0x01, 0x01, 0x01, 0x02, 0x03, 0x03, 0x01, 0x09, 0x03, 0x09, 0x03, 
    0x03, 0x05, 0x09, 0x04, 0x03, 0x03, 0x09, 0x04, 0x03, 0x09, 0x03, 0x05, 0x03, 0x01, 0x03, 0x05, 
    0x03, 0x01, 0x03, 0x01, 0x02, 0x01, 0x02, 0x02, 0x02, 0x04, 0x03, 0x02, 0x03, 0x05, 0x03, 0x07, 
    0x03, 0x07, 0x09, 0x07, 0x0B, 0x07, 0x10, 0x15, 0x07, 0x13, 0x07, 0x13, 0x07, 0x13, 0x0E, 0x13, 
    0x07, 0x06, 0x13, 0x06, 0x05, 0x06, 0x02, 0x00, 0x01, 0x00, 0x04, 0x00, 0x04, 0x00, 0x00, 0x04, 
    0x00, 0x00, 0x02, 0x00, 0x00, 0x00, 0x02, 0x10, 0x11, 0x18, 0x11, 0x0B, 0x21, 0x30, 0x38, 0x3D, 
    0x6C, 0x3C, 0x3D, 0x3D, 0x6C, 0x6C, 0x6C, 0x7A, 0x6D, 0x7A, 0x6C, 0x7A, 0x6F, 0x7A, 0x6F, 0x7E, 
    0x7F, 0x7E, 0x7E, 0x7A, 0x6F, 0x7E, 0x7F, 0x7E, 0x7A, 0x7B, 0x6F, 0x7A, 0x6C, 0x7A, 0x6F, 0x6B, 
    0x6C, 0x6C, 0x6C, 0x6B, 0x6B, 0x31, 0x6A, 0x31, 0x31, 0x2F, 0x30, 0x2C, 0x0B, 0x2C, 0x30, 0x30, 
    0x3A, 0x3A, 0x6A, 0x3C, 0x6C, 0x6C, 0x6C, 0x6C, 0x7E, 0x6F, 0x7E, 0x7E, 0x7F, 0x7A, 0x7E, 0x6F, 
    0x7F, 0x6D, 0x6C, 0x6C, 0x6C, 0x6C, 0x6C, 0x6C, 0x32, 0x00, 0x28, 0x3B, 0x3D, 0x3D, 0x3D, 0x3D, 
    0x6C, 0x6C, 0x7A, 0x7A, 0x7B, 0x7E, 0x7F, 0x7E, 0x7F, 0x7E, 0x7F, 0x7A, 0x7A, 0x6F, 0x7E, 0x7B, 
    0x6F, 0x7E, 0x7E, 0x7A, 0x6F, 0x7A, 0x6C, 0x6C, 0x6C, 0x3D, 0x3D, 0x3D, 0x6A, 0x3D, 0x6A, 0x3D, 
    0x6C, 0x6C, 0x6C, 0x6C, 0x6C, 0x7A, 0x6F, 0x7A, 0x6D, 0x6C, 0x6C, 0x6C, 0x3C, 0x3B, 0x2D, 0x18, 
    0x5F, 0xB0, 0x61, 0xCC, 0xCC, 0xD1, 0xC8, 0xBC, 0x33, 0x1B, 0x1D, 0x1D, 0x1E, 0x1D, 0x1B, 0x1D, 
    0x42, 0x1E, 0x42, 0x1E, 0x1D, 0x1E, 0x1D, 0x1E, 0x1D, 0x1E, 0x1E, 0x56, 0x8B, 0xA4, 0xA1, 0x96, 
    0x78, 0x74, 0x78, 0x26, 0x00, 0x09, 0x01, 0x01, 0x01, 0x01, 0x01, 0x03, 0x05, 0x09, 0x08, 0x09, 
    0x01, 0x03, 0x01, 0x09, 0x01, 0x09, 0x08, 0x03, 0x05, 0x09, 0x07, 0x09, 0x07, 0x03, 0x05, 0x03, 
    0x05, 0x03, 0x05, 0x03, 0x05, 0x01, 0x05, 0x03, 0x01, 0x02, 0x05, 0x02, 0x05, 0x03, 0x09, 0x07, 
    0x07, 0x0B, 0x07, 0x0B, 0x15, 0x10, 0x15, 0x19, 0x06, 0x13, 0x13, 0x13, 0x13, 0x13, 0x13, 0x13, 
    0x13, 0x07, 0x12, 0x07, 0x07, 0x07, 0x04, 0x04, 0x02, 0x00, 0x02, 0x00, 0x02, 0x00, 0x04, 0x02, 
    0x00, 0x04, 0x00, 0x00, 0x04, 0x00, 0x00, 0x00, 0x05, 0x10, 0x1A, 0x11, 0x0C, 0x0C, 0x11, 0x2C, 
    0x3B, 0x6C, 0x6B, 0x3D, 0x6C, 0x6C, 0x7A, 0x6C, 0x7A, 0x6C, 0x7B, 0x6F, 0x7A, 0x7E, 0x7A, 0x7A, 
    0x7B, 0x6F, 0x7A, 0x7B, 0x7E, 0x7B, 0x79, 0x7F, 0x7A, 0x7A, 0x7B, 0x7B, 0x7A, 0x6C, 0x7A, 0x7B, 
    0x7B, 0x6C, 0x6D, 0x6C, 0x6B, 0x6A, 0x3A, 0x6A, 0x31, 0x26, 0x30, 0x30, 0x0C, 0x2C, 0x31, 0x26, 
    0x3A, 0x6A, 0x6A, 0x6C, 0x6C, 0x6C, 0x7E, 0x6D, 0x7A, 0x7A, 0x79, 0x6F, 0x7B, 0x7A, 0x7A, 0x7B, 
    0x7A, 0x7A, 0x7A, 0x7A, 0x6C, 0x6C, 0x3D, 0x3B, 0x1E, 0x2D, 0x2E, 0x3C, 0x3C, 0x3D, 0x3D, 0x6B, 
    0x7A, 0x7A, 0x7E, 0x7F, 0x7A, 0x7F, 0x7F, 0x7F, 0x7F, 0x7F, 0x7F, 0x7F, 0x7A, 0x7F, 0x7A, 0x7F, 
    0x7A, 0x7F, 0x7B, 0x7B, 0x7A, 0x7A, 0x7A, 0x6C, 0x7A, 0x6C, 0x3C, 0x6C, 0x3C, 0x6C, 0x6B, 0x6A, 
    0x6C, 0x3D, 0x6C, 0x6D, 0x6C, 0x7A, 0x7B, 0x6C, 0x3D, 0x6D, 0x5B, 0x6C, 0x3C, 0x3B, 0x53, 0x57, 
    0x5F, 0x52, 0x8F, 0xCD, 0xCC, 0xD2, 0xD4, 0xBC, 0x4F, 0x13, 0x41, 0x42, 0x1D, 0x1E, 0x1D, 0x1E, 
    0x1E, 0x41, 0x1E, 0x1D, 0x42, 0x1D, 0x1C, 0x1D, 0x1E, 0x1D, 0x1C, 0x47, 0x8B, 0xA4, 0xA1, 0x96, 
    0x96, 0x72, 0x74, 0x66, 0x00, 0x01, 0x01, 0x01, 0x01, 0x01, 0x03, 0x01, 0x09, 0x08, 0x03, 0x03, 
    0x03, 0x05, 0x09, 0x01, 0x03, 0x03, 0x03, 0x05, 0x03, 0x07, 0x03, 0x07, 0x09, 0x01, 0x03, 0x01, 
    0x03, 0x05, 0x02, 0x05, 0x03, 0x05, 0x03, 0x01, 0x02, 0x01, 0x03, 0x05, 0x03, 0x07, 0x07, 0x05, 
    0x0B, 0x07, 0x0B, 0x15, 0x0B, 0x17, 0x14, 0x19, 0x07, 0x13, 0x13, 0x0D, 0x13, 0x13, 0x0E, 0x12, 
    0x13, 0x13, 0x07, 0x07, 0x05, 0x04, 0x02, 0x04, 0x00, 0x02, 0x04, 0x00, 0x02, 0x00, 0x04, 0x00, 
    0x02, 0x00, 0x04, 0x00, 0x02, 0x00, 0x01, 0x04, 0x00, 0x00, 0x02, 0x07, 0x10, 0x11, 0x10, 0x0B, 
    0x0F, 0x29, 0x39, 0x3C, 0x7A, 0x6B, 0x6C, 0x3D, 0x6C, 0x5B, 0x6D, 0x5B, 0x6D, 0x7A, 0x6F, 0x7B, 
    0x6F, 0x80, 0x7F, 0x7B, 0x7F, 0x6C, 0x7E, 0x7F, 0x7F, 0x7E, 0x7A, 0x7B, 0x6F, 0x7A, 0x6D, 0x7A, 
    0x7A, 0x7A, 0x6C, 0x6B, 0x6D, 0x6B, 0x6A, 0x3A, 0x65, 0x3A, 0x3A, 0x31, 0x30, 0x0B, 0x3B, 0x39, 
    0x6A, 0x3D, 0x6B, 0x6C, 0x6C, 0x7B, 0x6C, 0x7A, 0x7E, 0x7E, 0x7E, 0x7B, 0x7E, 0x7A, 0x7F, 0x6D, 
    0x7E, 0x7A, 0x6D, 0x6B, 0x6B, 0x3C, 0x3B, 0x1A, 0x19, 0x54, 0x38, 0x3C, 0x3D, 0x3C, 0x6C, 0x5B, 
    0x6C, 0x7A, 0x6F, 0x79, 0x6F, 0x7F, 0x7F, 0x80, 0x7F, 0x7F, 0x7B, 0x7F, 0x7E, 0x7A, 0x6F, 0x79, 
    0x7E, 0x7A, 0x7A, 0x7A, 0x6F, 0x6C, 0x6C, 0x6C, 0x6C, 0x3D, 0x6B, 0x3D, 0x6C, 0x3C, 0x6C, 0x3D, 
    0x6C, 0x6C, 0x6C, 0x7A, 0x6C, 0x7B, 0x7E, 0x6F, 0x6C, 0x7A, 0x6C, 0x6C, 0x5B, 0x3B, 0x37, 0x54, 
    0x60, 0x44, 0xB5, 0xD3, 0xD2, 0xD4, 0xD1, 0xCC, 0xB2, 0x33, 0x1B, 0x1D, 0x1E, 0x1D, 0x42, 0x1D, 
    0x42, 0x1E, 0x42, 0x1E, 0x42, 0x1E, 0x1D, 0x1C, 0x1E, 0x1E, 0x41, 0x42, 0x89, 0xA4, 0xA4, 0x96, 
    0x96, 0x74, 0x72, 0x71, 0x00, 0x01, 0x02, 0x01, 0x01, 0x03, 0x01, 0x05, 0x01, 0x09, 0x05, 0x09, 
    0x08, 0x03, 0x05, 0x08, 0x05, 0x09, 0x01, 0x03, 0x08, 0x08, 0x05, 0x03, 0x07, 0x03, 0x05, 0x01, 
    0x05, 0x03, 0x05, 0x01, 0x05, 0x01, 0x05, 0x05, 0x05, 0x03, 0x05, 0x05, 0x07, 0x09, 0x07, 0x0B, 
    0x0B, 0x0B, 0x15, 0x19, 0x15, 0x19, 0x19, 0x19, 0x07, 0x13, 0x13, 0x13, 0x13, 0x13, 0x13, 0x13, 
    0x12, 0x07, 0x13, 0x12, 0x05, 0x07, 0x04, 0x00, 0x01, 0x00, 0x04, 0x04, 0x00, 0x01, 0x00, 0x04, 
    0x00, 0x01, 0x00, 0x04, 0x00, 0x04, 0x00, 0x00, 0x00, 0x04, 0x00, 0x00, 0x04, 0x0B, 0x0C, 0x11, 
    0x0C, 0x11, 0x0B, 0x21, 0x2C, 0x3C, 0x3C, 0x6C, 0x6B, 0x6C, 0x7A, 0x6C, 0x7A, 0x7B, 0x79, 0x7B, 
    0x7A, 0x7B, 0x7B, 0x7F, 0x7B, 0x7F, 0x7E, 0x7B, 0x79, 0x7F, 0x7A, 0x7A, 0x79, 0x7B, 0x7A, 0x6D, 
    0x79, 0x7B, 0x7A, 0x7A, 0x7A, 0x6D, 0x6B, 0x6C, 0x6B, 0x6A, 0x6B, 0x6A, 0x3C, 0x09, 0x2E, 0x3C, 
    0x3C, 0x6B, 0x6B, 0x6C, 0x7A, 0x6D, 0x7A, 0x7E, 0x7B, 0x7B, 0x7A, 0x7F, 0x7A, 0x7F, 0x7A, 0x7B, 
    0x6D, 0x7A, 0x5B, 0x6C, 0x6B, 0x3B, 0x0C, 0x1C, 0x44, 0x37, 0x3B, 0x3D, 0x3C, 0x6C, 0x3C, 0x6C, 
    0x5B, 0x7F, 0x7B, 0x7F, 0x7F, 0x81, 0x81, 0x83, 0x80, 0x83, 0x80, 0x7F, 0x7B, 0x7A, 0x7B, 0x7A, 
    0x7B, 0x6D, 0x7A, 0x6D, 0x7A, 0x6C, 0x6B, 0x7A, 0x6B, 0x6B, 0x6B, 0x6C, 0x3C, 0x6C, 0x6A, 0x6C, 
    0x6C, 0x6C, 0x7A, 0x7B, 0x7A, 0x7B, 0x79, 0x7A, 0x7B, 0x7A, 0x7A, 0x6B, 0x5B, 0x3C, 0x3C, 0x3C, 
    0x28, 0x48, 0xBC, 0xD2, 0xD5, 0xD4, 0xD2, 0xCC, 0xBC, 0x45, 0x1B, 0x1E, 0x41, 0x1C, 0x1D, 0x1E, 
    0x34, 0x42, 0x1E, 0x42, 0x34, 0x1D, 0x1E, 0x1D, 0x1D, 0x1D, 0x1C, 0x40, 0x62, 0xA3, 0xA4, 0x96, 
    0x96, 0x78, 0x73, 0x73, 0x0F, 0x00, 0x03, 0x01, 0x01, 0x01, 0x03, 0x01, 0x03, 0x09, 0x03, 0x03, 
    0x03, 0x01, 0x03, 0x01, 0x03, 0x09, 0x03, 0x03, 0x03, 0x07, 0x09, 0x07, 0x08, 0x01, 0x03, 0x05, 
    0x03, 0x01, 0x03, 0x01, 0x03, 0x01, 0x03, 0x01, 0x03, 0x02, 0x09, 0x07, 0x07, 0x09, 0x07, 0x07, 
    0x10, 0x15, 0x10, 0x19, 0x10, 0x19, 0x1A, 0x19, 0x07, 0x13, 0x0E, 0x13, 0x17, 0x07, 0x13, 0x13, 
    0x07, 0x07, 0x07, 0x07, 0x05, 0x06, 0x02, 0x02, 0x04, 0x00, 0x04, 0x00, 0x00, 0x04, 0x00, 0x00, 
    0x04, 0x00, 0x04, 0x00, 0x00, 0x00, 0x00, 0x00, 0x02, 0x00, 0x00, 0x00, 0x02, 0x00, 0x04, 0x03, 
    0x10, 0x11, 0x0F, 0x1A, 0x10, 0x11, 0x2B, 0x3B, 0x3D, 0x6C, 0x6C, 0x6B, 0x6C, 0x7A, 0x6F, 0x7E, 
    0x7E, 0x6D, 0x7E, 0x7E, 0x7F, 0x7E, 0x7B, 0x7A, 0x7E, 0x7B, 0x7E, 0x7A, 0x6F, 0x7A, 0x6F, 0x7A, 
    0x6C, 0x7A, 0x6F, 0x7A, 0x6C, 0x6B, 0x7A, 0x6C, 0x69, 0x6B, 0x6B, 0x3C, 0x6C, 0x2C, 0x09, 0x3C, 
    0x6C, 0x6B, 0x6F, 0x6C, 0x6C, 0x7A, 0x6F, 0x7A, 0x6F, 0x7A, 0x7E, 0x7E, 0x6F, 0x7A, 0x6F, 0x7A, 
    0x6C, 0x7A, 0x6C, 0x3D, 0x3B, 0x0B, 0x10, 0x19, 0x1E, 0x2C, 0x32, 0x3C, 0x3D, 0x3D, 0x3D, 0x7A, 
    0x7E, 0x7A, 0x7B, 0x7E, 0x7F, 0x81, 0x7F, 0x81, 0x7F, 0x80, 0x7B, 0x79, 0x7E, 0x7A, 0x6F, 0x7A, 
    0x6F, 0x6C, 0x6D, 0x6B, 0x6C, 0x6C, 0x6B, 0x3D, 0x6C, 0x3C, 0x3D, 0x3C, 0x6A, 0x3D, 0x6A, 0x3D, 
    0x6C, 0x6C, 0x6C, 0x7A, 0x6C, 0x7A, 0x6F, 0x7A, 0x6F, 0x7A, 0x6C, 0x6C, 0x6C, 0x3D, 0x3D, 0x3C, 
    0x0A, 0x4F, 0xD2, 0xD1, 0xD5, 0xD5, 0xD1, 0xD1, 0xBC, 0x4F, 0x16, 0x41, 0x1D, 0x41, 0x1C, 0x1D, 
    0x42, 0x42, 0x42, 0x1E, 0x40, 0x1E, 0x1E, 0x1E, 0x1D, 0x1E, 0x41, 0x2D, 0x61, 0x8D, 0xA4, 0xA1, 
    0x74, 0x74, 0x71, 0x72, 0x25, 0x00, 0x08, 0x01, 0x01, 0x01, 0x01, 0x01, 0x01, 0x03, 0x01, 0x09, 
    0x01, 0x09, 0x08, 0x03, 0x05, 0x09, 0x08, 0x03, 0x05, 0x09, 0x07, 0x03, 0x07, 0x03, 0x01, 0x03, 
    0x05, 0x03, 0x05, 0x03, 0x05, 0x03, 0x05, 0x03, 0x05, 0x03, 0x07, 0x07, 0x07, 0x0B, 0x0B, 0x15, 
    0x15, 0x14, 0x19, 0x14, 0x19, 0x1A, 0x19, 0x19, 0x07, 0x17, 0x13, 0x13, 0x13, 0x13, 0x13, 0x13, 
    0x13, 0x13, 0x12, 0x07, 0x07, 0x05, 0x04, 0x00, 0x02, 0x01, 0x04, 0x02, 0x00, 0x02, 0x04, 0x02, 
    0x00, 0x02, 0x00, 0x02, 0x00, 0x01, 0x04, 0x00, 0x00, 0x02, 0x00, 0x04, 0x02, 0x00, 0x04, 0x00, 
    0x02, 0x0B, 0x0B, 0x11, 0x11, 0x11, 0x0B, 0x0C, 0x29, 0x39, 0x3D, 0x6C, 0x6C, 0x6C, 0x7A, 0x6C, 
    0x7A, 0x7E, 0x7E, 0x7A, 0x79, 0x7F, 0x7F, 0x7F, 0x7A, 0x7F, 0x7A, 0x7F, 0x7B, 0x7A, 0x7A, 0x7A, 
    0x7B, 0x7A, 0x7A, 0x7B, 0x7A, 0x6D, 0x7A, 0x7A, 0x6C, 0x6D, 0x6C, 0x6C, 0x6B, 0x5B, 0x05, 0x2C, 
    0x7A, 0x6C, 0x6C, 0x6C, 0x7A, 0x7B, 0x7A, 0x7E, 0x7E, 0x7A, 0x7B, 0x7E, 0x7A, 0x7B, 0x7A, 0x7B, 
    0x7A, 0x6C, 0x7A, 0x3D, 0x29, 0x19, 0x1E, 0x53, 0x2D, 0x30, 0x32, 0x39, 0x3C, 0x6C, 0x5B, 0x7B, 
    0x7A, 0x7F, 0x7F, 0x7F, 0x81, 0x7D, 0x81, 0x81, 0x81, 0x7F, 0x7B, 0x7A, 0x7A, 0x5B, 0x7A, 0x6C, 
    0x7A, 0x7A, 0x7A, 0x6C, 0x7A, 0x6D, 0x5B, 0x6C, 0x6B, 0x6C, 0x3A, 0x6C, 0x3D, 0x6C, 0x6B, 0x3D, 
    0x6C, 0x6C, 0x6C, 0x7A, 0x7B, 0x7A, 0x7E, 0x7A, 0x7A, 0x7A, 0x7A, 0x6C, 0x7A, 0x6C, 0x3D, 0x3C, 
    0x08, 0xBA, 0xD2, 0xD5, 0xD5, 0xD5, 0xD4, 0xD5, 0xC8, 0xB2, 0x3F, 0x1D, 0x1D, 0x1D, 0x1D, 0x1E, 
    0x42, 0x42, 0x34, 0x42, 0x1E, 0x1D, 0x34, 0x1D, 0x41, 0x1D, 0x1E, 0x1E, 0x5F, 0x8B, 0xA4, 0xA1, 
    0x93, 0x74, 0x71, 0x71, 0x66, 0x00, 0x00, 0x00, 0x01, 0x01, 0x02, 0x01, 0x01, 0x01, 0x09, 0x01, 
    0x03, 0x05, 0x03, 0x05, 0x03, 0x08, 0x03, 0x05, 0x03, 0x07, 0x03, 0x09, 0x03, 0x01, 0x03, 0x05, 
    0x03, 0x01, 0x03, 0x05, 0x03, 0x05, 0x03, 0x05, 0x03, 0x07, 0x0B, 0x07, 0x0B, 0x15, 0x10, 0x15, 
    0x10, 0x19, 0x1A, 0x19, 0x1C, 0x1C, 0x19, 0x18, 0x13, 0x13, 0x0E, 0x13, 0x13, 0x13, 0x0E, 0x12, 
    0x13, 0x07, 0x07, 0x07, 0x07, 0x04, 0x02, 0x04, 0x01, 0x00, 0x02, 0x00, 0x01, 0x00, 0x04, 0x00, 
    0x02, 0x00, 0x04, 0x00, 0x04, 0x00, 0x04, 0x00, 0x02, 0x00, 0x04, 0x00, 0x00, 0x00, 0x02, 0x00, 
    0x04, 0x00, 0x00, 0x07, 0x11, 0x11, 0x11, 0x11, 0x11, 0x0B, 0x21, 0x32, 0x3C, 0x3D, 0x6C, 0x6C, 
    0x6C, 0x7A, 0x7E, 0x7A, 0x7B, 0x7A, 0x7F, 0x7E, 0x7F, 0x79, 0x7F, 0x7E, 0x7F, 0x7A, 0x6F, 0x7A, 
    0x6F, 0x7A, 0x7B, 0x7A, 0x6D, 0x7A, 0x7A, 0x7B, 0x7A, 0x7A, 0x6C, 0x7A, 0x7A, 0x7B, 0x32, 0x00, 
    0x3D, 0x6B, 0x7A, 0x7A, 0x6F, 0x7B, 0x7E, 0x7A, 0x6F, 0x7A, 0x7E, 0x7A, 0x6F, 0x7E, 0x7A, 0x7A, 
    0x6F, 0x7A, 0x6B, 0x2C, 0x08, 0x53, 0x18, 0x54, 0x32, 0x32, 0x3B, 0x3D, 0x3C, 0x3D, 0x6D, 0x7A, 
    0x6D, 0x7A, 0x7F, 0x7D, 0x7F, 0x81, 0x81, 0x7E, 0x7F, 0x7A, 0x7A, 0x7A, 0x7A, 0x6B, 0x6D, 0x7A, 
    0x6D, 0x7A, 0x6D, 0x7A, 0x6D, 0x3D, 0x6C, 0x6C, 0x6B, 0x3C, 0x6C, 0x3A, 0x6C, 0x3A, 0x6C, 0x6B, 
    0x6C, 0x7A, 0x6C, 0x7A, 0x6F, 0x5B, 0x6F, 0x79, 0x7B, 0x7A, 0x7A, 0x7A, 0x6C, 0x3D, 0x7A, 0x2C, 
    0x33, 0xBF, 0xD4, 0xD5, 0xD5, 0xD5, 0xD5, 0xD4, 0xD2, 0xB9, 0x49, 0x16, 0x34, 0x1D, 0x41, 0x1D, 
    0x42, 0x42, 0x42, 0x42, 0x40, 0x1E, 0x42, 0x1C, 0x41, 0x1C, 0x42, 0x1E, 0x56, 0x9B, 0xA4, 0xA1, 
    0x96, 0x74, 0x73, 0x71, 0x64, 0x63, 0x22, 0x03, 0x00, 0x00, 0x01, 0x01, 0x01, 0x01, 0x01, 0x01, 
    0x08, 0x03, 0x08, 0x01, 0x01, 0x03, 0x05, 0x09, 0x05, 0x03, 0x04, 0x09, 0x05, 0x01, 0x05, 0x01, 
    0x05, 0x05, 0x05, 0x03, 0x05, 0x09, 0x05, 0x09, 0x07, 0x0B, 0x0B, 0x0B, 0x15, 0x0C, 0x15, 0x1A, 
    0x19, 0x14, 0x1A, 0x1A, 0x1C, 0x1C, 0x1B, 0x1A, 0x13, 0x13, 0x13, 0x13, 0x13, 0x13, 0x15, 0x13, 
    0x12, 0x13, 0x13, 0x06, 0x05, 0x07, 0x04, 0x02, 0x04, 0x00, 0x04, 0x04, 0x04, 0x00, 0x01, 0x04, 
    0x00, 0x02, 0x00, 0x04, 0x00, 0x00, 0x00, 0x00, 0x04, 0x00, 0x04, 0x00, 0x04, 0x00, 0x04, 0x00, 
    0x00, 0x04, 0x00, 0x00, 0x00, 0x0B, 0x0B, 0x11, 0x0C, 0x11, 0x0C, 0x11, 0x21, 0x32, 0x3C, 0x6C, 
    0x6C, 0x6C, 0x6C, 0x7A, 0x7E, 0x7B, 0x7B, 0x7F, 0x7B, 0x7F, 0x7A, 0x7F, 0x7B, 0x7B, 0x7B, 0x7A, 
    0x7B, 0x7A, 0x7A, 0x7B, 0x7A, 0x7B, 0x6C, 0x7A, 0x6D, 0x7B, 0x7A, 0x7B, 0x7E, 0x7A, 0x79, 0x0C, 
    0x28, 0x6C, 0x7A, 0x6D, 0x7A, 0x6F, 0x7A, 0x7A, 0x7B, 0x7A, 0x7B, 0x7A, 0x7A, 0x6D, 0x7A, 0x7A, 
    0x5B, 0x6C, 0x3C, 0x29, 0x14, 0x18, 0x19, 0x30, 0x3B, 0x3C, 0x3C, 0x6B, 0x7A, 0x7A, 0x7A, 0x7A, 
    0x7B, 0x7F, 0x81, 0x83, 0x82, 0x83, 0x7A, 0x7F, 0x7B, 0x7A, 0x7A, 0x7A, 0x7A, 0x7A, 0x7A, 0x6B, 
    0x7A, 0x6B, 0x7A, 0x6C, 0x6C, 0x6C, 0x6B, 0x6C, 0x3D, 0x6A, 0x3D, 0x6A, 0x3D, 0x6B, 0x6B, 0x6C, 
    0x6C, 0x6C, 0x7A, 0x6C, 0x7A, 0x6D, 0x7A, 0x7A, 0x6F, 0x7A, 0x7E, 0x6C, 0x7B, 0x6C, 0x5B, 0x08, 
    0xAE, 0xD2, 0xD4, 0xD5, 0xD9, 0xD9, 0xD8, 0xD5, 0xD1, 0xBF, 0x4F, 0x1B, 0x41, 0x1C, 0x1B, 0x1E, 
    0x48, 0x42, 0x48, 0x41, 0x34, 0x42, 0x1E, 0x1D, 0x1E, 0x1D, 0x1E, 0x1D, 0x53, 0x89, 0xA0, 0xA1, 
    0x93, 0x93, 0x94, 0x92, 0x74, 0x68, 0x67, 0x65, 0x24, 0x0C, 0x00, 0x00, 0x01, 0x03, 0x03, 0x01, 
    0x03, 0x01, 0x03, 0x01, 0x03, 0x01, 0x03, 0x03, 0x02, 0x03, 0x05, 0x01, 0x03, 0x01, 0x03, 0x05, 
    0x03, 0x01, 0x03, 0x07, 0x03, 0x07, 0x05, 0x07, 0x0B, 0x0B, 0x0B, 0x13, 0x10, 0x15, 0x14, 0x19, 
    0x1A, 0x19, 0x1A, 0x1C, 0x19, 0x1C, 0x1A, 0x19, 0x07, 0x13, 0x17, 0x13, 0x17, 0x13, 0x17, 0x13, 
    0x07, 0x13, 0x07, 0x06, 0x07, 0x06, 0x02, 0x00, 0x01, 0x00, 0x02, 0x00, 0x00, 0x00, 0x02, 0x00, 
    0x00, 0x00, 0x04, 0x00, 0x00, 0x02, 0x04, 0x00, 0x04, 0x00, 0x02, 0x00, 0x02, 0x00, 0x04, 0x00, 
    0x04, 0x00, 0x00, 0x00, 0x00, 0x00, 0x00, 0x06, 0x10, 0x10, 0x11, 0x11, 0x10, 0x09, 0x21, 0x2C, 
    0x3C, 0x3D, 0x6C, 0x3D, 0x6D, 0x7A, 0x7E, 0x7E, 0x7B, 0x7E, 0x7E, 0x79, 0x7E, 0x7A, 0x7E, 0x79, 
    0x7E, 0x7A, 0x7E, 0x7B, 0x6F, 0x79, 0x7A, 0x7A, 0x6D, 0x7A, 0x6C, 0x7A, 0x6C, 0x7A, 0x7E, 0x5A, 
    0x00, 0x3C, 0x6F, 0x7A, 0x6F, 0x7A, 0x6F, 0x7B, 0x6F, 0x7A, 0x6F, 0x7A, 0x7E, 0x7A, 0x6F, 0x7A, 
    0x6C, 0x3D, 0x2C, 0x1A, 0x1E, 0x18, 0x37, 0x39, 0x3D, 0x3D, 0x3D, 0x7A, 0x7E, 0x7E, 0x7E, 0x7A, 
    0x7F, 0x7F, 0x81, 0x81, 0x7F, 0x79, 0x7E, 0x7A, 0x7A, 0x7A, 0x7A, 0x7A, 0x6C, 0x7A, 0x6C, 0x6C, 
    0x6B, 0x6C, 0x6B, 0x6C, 0x6B, 0x6B, 0x6B, 0x3C, 0x6C, 0x3C, 0x6A, 0x3C, 0x6B, 0x3C, 0x6C, 0x6C, 
    0x3D, 0x6C, 0x6C, 0x7A, 0x6D, 0x7A, 0x6C, 0x7B, 0x6F, 0x7A, 0x6C, 0x6C, 0x6F, 0x6B, 0x3B, 0x0B, 
    0xB6, 0xD1, 0xD5, 0xD9, 0xD5, 0xD9, 0xD7, 0xD5, 0xD5, 0xCC, 0xB2, 0x16, 0x1D, 0x1D, 0x1D, 0x1D, 
    0x42, 0x48, 0x42, 0x42, 0x41, 0x1E, 0x42, 0x1C, 0x42, 0x42, 0x1D, 0x1E, 0x42, 0x62, 0xA3, 0xA2, 
    0xA7, 0x99, 0x97, 0x97, 0x93, 0x96, 0x78, 0x73, 0x6E, 0x64, 0x26, 0x22, 0x01, 0x00, 0x02, 0x01, 
    0x01, 0x01, 0x01, 0x03, 0x01, 0x01, 0x05, 0x03, 0x01, 0x03, 0x01, 0x01, 0x05, 0x03, 0x01, 0x03, 
    0x01, 0x03, 0x05, 0x09, 0x07, 0x07, 0x03, 0x0B, 0x15, 0x0B, 0x14, 0x10, 0x10, 0x19, 0x1A, 0x14, 
    0x19, 0x1A, 0x1C, 0x1A, 0x1C, 0x1C, 0x1C, 0x1C, 0x07, 0x19, 0x17, 0x13, 0x13, 0x13, 0x17, 0x13, 
    0x13, 0x13, 0x12, 0x07, 0x05, 0x07, 0x04, 0x04, 0x02, 0x00, 0x04, 0x02, 0x04, 0x04, 0x04, 0x01, 
    0x02, 0x04, 0x00, 0x01, 0x00, 0x02, 0x00, 0x02, 0x00, 0x04, 0x00, 0x04, 0x00, 0x04, 0x00, 0x00, 
    0x00, 0x04, 0x00, 0x04, 0x00, 0x00, 0x00, 0x00, 0x00, 0x07, 0x0B, 0x11, 0x11, 0x11, 0x11, 0x0C, 
    0x11, 0x2E, 0x3C, 0x3D, 0x7A, 0x6C, 0x7A, 0x7A, 0x7B, 0x7A, 0x7B, 0x7F, 0x79, 0x7B, 0x7E, 0x6F, 
    0x7B, 0x7F, 0x7A, 0x7A, 0x79, 0x6F, 0x79, 0x7F, 0x79, 0x7F, 0x7B, 0x7E, 0x7A, 0x7E, 0x7A, 0x7E, 
    0x2B, 0x2A, 0x7A, 0x6F, 0x7A, 0x7E, 0x7A, 0x7E, 0x7A, 0x7E, 0x5B, 0x6F, 0x7A, 0x7A, 0x7A, 0x6C, 
    0x6C, 0x3A, 0x0C, 0x00, 0x19, 0x21, 0x3B, 0x3D, 0x3D, 0x3D, 0x7A, 0x7F, 0x7E, 0x7B, 0x7F, 0x7F, 
    0x7F, 0x7F, 0x80, 0x7F, 0x79, 0x7F, 0x7B, 0x7A, 0x6C, 0x7A, 0x7A, 0x7A, 0x6C, 0x3D, 0x6B, 0x6B, 
    0x3A, 0x6C, 0x6B, 0x6B, 0x6B, 0x6B, 0x3C, 0x6A, 0x3C, 0x6A, 0x3A, 0x6B, 0x3A, 0x6B, 0x6B, 0x6B, 
    0x6C, 0x6C, 0x7A, 0x6C, 0x7A, 0x6D, 0x6C, 0x7A, 0x6F, 0x7A, 0x7E, 0x6C, 0x3D, 0x6C, 0x2A, 0x49, 
    0xBF, 0xD5, 0xD5, 0xD7, 0xD9, 0xD9, 0xD9, 0xD5, 0xD4, 0xC8, 0xBC, 0x49, 0x1B, 0x1D, 0x1D, 0x1E, 
    0x48, 0x42, 0x48, 0x42, 0x34, 0x42, 0x1E, 0x1E, 0x1E, 0x41, 0x1E, 0x1D, 0x42, 0x62, 0xE4, 0xA9, 
    0xAA, 0xF3, 0xA8, 0xA7, 0x99, 0x94, 0x94, 0x93, 0x96, 0x92, 0x77, 0x67, 0x65, 0x24, 0x09, 0x00, 
    0x00, 0x01, 0x01, 0x01, 0x01, 0x01, 0x02, 0x01, 0x02, 0x05, 0x03, 0x01, 0x09, 0x01, 0x03, 0x01, 
    0x03, 0x05, 0x03, 0x07, 0x09, 0x05, 0x0B, 0x0B, 0x0B, 0x19, 0x10, 0x15, 0x1A, 0x15, 0x1A, 0x19, 
    0x1A, 0x1C, 0x1C, 0x1C, 0x18, 0x1C, 0x18, 0x1C, 0x07, 0x13, 0x15, 0x13, 0x17, 0x13, 0x13, 0x13, 
    0x13, 0x0D, 0x07, 0x07, 0x05, 0x04, 0x02, 0x00, 0x02, 0x00, 0x01, 0x00, 0x04, 0x01, 0x00, 0x00, 
    0x00, 0x00, 0x01, 0x00, 0x02, 0x00, 0x04, 0x01, 0x04, 0x00, 0x02, 0x00, 0x02, 0x00, 0x02, 0x00, 
    0x00, 0x02, 0x00, 0x00, 0x00, 0x04, 0x04, 0x00, 0x00, 0x00, 0x00, 0x06, 0x10, 0x10, 0x11, 0x11, 
    0x11, 0x0C, 0x0F, 0x2C, 0x3C, 0x7A, 0x6C, 0x7A, 0x7F, 0x79, 0x7E, 0x7E, 0x7F, 0x7A, 0x7F, 0x7E, 
    0x7F, 0x7A, 0x7E, 0x7B, 0x7E, 0x7B, 0x7A, 0x7A, 0x7E, 0x7A, 0x7E, 0x79, 0x7E, 0x7B, 0x7E, 0x7E, 
    0x5B, 0x0B, 0x38, 0x6C, 0x7E, 0x7A, 0x6F, 0x79, 0x7E, 0x7A, 0x7A, 0x7A, 0x7A, 0x7A, 0x6C, 0x6C, 
    0x3D, 0x2B, 0x02, 0x07, 0x10, 0x2E, 0x3C, 0x5B, 0x6C, 0x7A, 0x7E, 0x7E, 0x6F, 0x7E, 0x7F, 0x81, 
    0x7F, 0x7F, 0x7F, 0x7B, 0x7F, 0x7A, 0x7A, 0x7A, 0x7A, 0x7B, 0x6C, 0x6C, 0x6C, 0x6A, 0x6C, 0x3C, 
    0x3A, 0x3C, 0x6A, 0x3C, 0x6A, 0x3A, 0x3A, 0x3C, 0x6A, 0x3A, 0x6A, 0x3C, 0x6B, 0x3D, 0x6A, 0x3D, 
    0x6C, 0x6B, 0x7A, 0x7A, 0x6C, 0x5B, 0x6D, 0x6C, 0x7A, 0x7A, 0x7E, 0x7A, 0x6C, 0x3D, 0x0C, 0x8F, 
    0xD2, 0xD5, 0xD5, 0xD9, 0xDC, 0xD9, 0xD9, 0xD9, 0xD5, 0xD3, 0xCC, 0x4E, 0x19, 0x1D, 0x1D, 0x42, 
    0x40, 0x48, 0x42, 0x42, 0x41, 0x1E, 0x40, 0x1E, 0x1E, 0x1E, 0x42, 0x1D, 0x1B, 0x5C, 0x89, 0xE4, 
    0xA6, 0xF3, 0xF3, 0xF3, 0xAA, 0xA9, 0xA7, 0x98, 0x93, 0x93, 0x96, 0x74, 0x77, 0x75, 0x69, 0x26, 
    0x0C, 0x00, 0x00, 0x00, 0x01, 0x01, 0x05, 0x01, 0x01, 0x01, 0x01, 0x01, 0x05, 0x01, 0x05, 0x05, 
    0x05, 0x09, 0x05, 0x0B, 0x0B, 0x09, 0x15, 0x0C, 0x15, 0x14, 0x1A, 0x14, 0x1A, 0x1A, 0x1A, 0x1C, 
    0x1C, 0x29, 0x1C, 0x1C, 0x1C, 0x2D, 0x1C, 0x1C, 0x13, 0x19, 0x13, 0x19, 0x13, 0x13, 0x13, 0x13, 
    0x13, 0x13, 0x13, 0x13, 0x07, 0x07, 0x04, 0x01, 0x04, 0x04, 0x02, 0x00, 0x04, 0x04, 0x04, 0x01, 
    0x04, 0x05, 0x00, 0x04, 0x01, 0x00, 0x00, 0x02, 0x00, 0x01, 0x00, 0x04, 0x00, 0x00, 0x04, 0x02, 
    0x00, 0x02, 0x00, 0x04, 0x00, 0x00, 0x00, 0x04, 0x04, 0x00, 0x01, 0x00, 0x01, 0x03, 0x15, 0x11, 
    0x0C, 0x11, 0x0C, 0x11, 0x11, 0x32, 0x3C, 0x6C, 0x6C, 0x7B, 0x7A, 0x7B, 0x7B, 0x7B, 0x79, 0x7F, 
    0x7B, 0x7F, 0x7A, 0x7B, 0x79, 0x7F, 0x79, 0x7B, 0x79, 0x7F, 0x7E, 0x7F, 0x7A, 0x7F, 0x7E, 0x7F, 
    0x79, 0x3B, 0x2C, 0x7A, 0x7A, 0x7E, 0x7A, 0x7E, 0x79, 0x6F, 0x7A, 0x6C, 0x7A, 0x3D, 0x6C, 0x6C, 
    0x32, 0x0B, 0x1B, 0x48, 0x01, 0x2C, 0x3D, 0x7A, 0x7A, 0x7F, 0x7B, 0x81, 0x7F, 0x7F, 0x7F, 0x81, 
    0x81, 0x7F, 0x79, 0x7F, 0x7A, 0x7B, 0x7A, 0x7B, 0x7A, 0x6C, 0x6B, 0x6A, 0x6B, 0x6B, 0x6B, 0x6B, 
    0x3A, 0x6A, 0x3D, 0x6B, 0x6B, 0x6A, 0x3C, 0x6A, 0x3A, 0x6B, 0x6B, 0x6A, 0x3C, 0x6B, 0x6B, 0x6B, 
    0x6B, 0x6C, 0x7A, 0x6C, 0x7A, 0x7A, 0x7A, 0x6C, 0x6C, 0x7A, 0x7A, 0x6C, 0x5B, 0x1A, 0x34, 0xBE, 
    0xD1, 0xD7, 0xD9, 0xD9, 0xDC, 0xDC, 0xD9, 0xD9, 0xD4, 0xD1, 0xCC, 0xB3, 0x1D, 0x1D, 0x1B, 0x42, 
    0x48, 0x42, 0x48, 0x42, 0x34, 0x42, 0x1E, 0x1D, 0x1D, 0x1D, 0x1E, 0x1D, 0x53, 0x5F, 0x5F, 0x56, 
    0x62, 0x9B, 0xA5, 0xF2, 0xF3, 0xF3, 0xF3, 0xAA, 0xA7, 0x99, 0x97, 0x93, 0x93, 0x96, 0x73, 0x75, 
    0x67, 0x26, 0x20, 0x09, 0x00, 0x00, 0x03, 0x01, 0x03, 0x02, 0x03, 0x01, 0x03, 0x01, 0x03, 0x01, 
    0x03, 0x07, 0x03, 0x07, 0x0B, 0x0B, 0x0B, 0x0B, 0x10, 0x19, 0x1A, 0x10, 0x1A, 0x18, 0x1A, 0x1C, 
    0x1A, 0x18, 0x18, 0x1E, 0x18, 0x1E, 0x18, 0x1C, 0x07, 0x17, 0x17, 0x13, 0x17, 0x13, 0x17, 0x13, 
    0x13, 0x12, 0x07, 0x06, 0x05, 0x06, 0x02, 0x04, 0x00, 0x02, 0x01, 0x00, 0x04, 0x01, 0x00, 0x02, 
    0x00, 0x04, 0x00, 0x00, 0x04, 0x00, 0x04, 0x00, 0x04, 0x00, 0x04, 0x00, 0x00, 0x04, 0x00, 0x00, 
    0x00, 0x00, 0x00, 0x00, 0x00, 0x02, 0x00, 0x00, 0x00, 0x00, 0x02, 0x00, 0x00, 0x00, 0x00, 0x07, 
    0x10, 0x10, 0x11, 0x11, 0x11, 0x0B, 0x21, 0x2E, 0x3D, 0x7A, 0x6C, 0x7A, 0x7E, 0x7A, 0x6F, 0x7B, 
    0x7F, 0x7E, 0x7F, 0x79, 0x7E, 0x7E, 0x7E, 0x7F, 0x7F, 0x80, 0x7F, 0x7E, 0x7B, 0x7E, 0x7F, 0x7E, 
    0x7E, 0x7E, 0x21, 0x3C, 0x6F, 0x7A, 0x7A, 0x7A, 0x6F, 0x7A, 0x6C, 0x5B, 0x6C, 0x3D, 0x3D, 0x3B, 
    0x2B, 0x17, 0x57, 0x60, 0x5C, 0x06, 0x2C, 0x7E, 0x7F, 0x7E, 0x7F, 0x7E, 0x7F, 0x81, 0x81, 0x81, 
    0x7F, 0x7E, 0x7B, 0x7A, 0x6F, 0x7A, 0x6C, 0x7A, 0x6C, 0x6A, 0x6A, 0x3C, 0x3D, 0x3C, 0x3A, 0x3A, 
    0x39, 0x3A, 0x3A, 0x3A, 0x3A, 0x3D, 0x3A, 0x6A, 0x31, 0x3A, 0x3A, 0x6A, 0x6A, 0x3C, 0x6A, 0x6B, 
    0x6C, 0x6C, 0x6C, 0x6C, 0x6D, 0x6B, 0x7A, 0x6B, 0x6C, 0x7A, 0x6B, 0x6C, 0x2E, 0x05, 0x51, 0xCC, 
    0xD5, 0xD5, 0xD7, 0xD9, 0xD7, 0xD9, 0xD7, 0xD9, 0xD5, 0xD3, 0xD3, 0xB3, 0x33, 0x1D, 0x1D, 0x42, 
    0x42, 0x48, 0x42, 0x42, 0x42, 0x1E, 0x42, 0x1E, 0x41, 0x1E, 0x42, 0x53, 0x1E, 0x19, 0x5F, 0x57, 
    0x47, 0x47, 0x4D, 0x62, 0xE5, 0xA5, 0xF6, 0xF3, 0xF6, 0xAA, 0xAA, 0x99, 0x97, 0x97, 0x96, 0x96, 
    0x78, 0x71, 0x6E, 0x66, 0x24, 0x1F, 0x00, 0x00, 0x00, 0x01, 0x02, 0x01, 0x05, 0x03, 0x05, 0x03, 
    0x07, 0x07, 0x03, 0x0B, 0x15, 0x0B, 0x15, 0x10, 0x10, 0x1A, 0x1A, 0x1A, 0x1C, 0x1A, 0x18, 0x29, 
    0x1C, 0x2D, 0x1C, 0x2D, 0x1C, 0x1E, 0x1C, 0x18, 0x13, 0x19, 0x13, 0x19, 0x13, 0x13, 0x13, 0x13, 
    0x13, 0x13, 0x13, 0x07, 0x07, 0x05, 0x04, 0x02, 0x04, 0x00, 0x04, 0x00, 0x04, 0x01, 0x04, 0x00, 
    0x04, 0x02, 0x00, 0x02, 0x04, 0x00, 0x02, 0x00, 0x02, 0x00, 0x02, 0x00, 0x02, 0x04, 0x02, 0x00, 
    0x02, 0x04, 0x02, 0x00, 0x02, 0x00, 0x02, 0x01, 0x00, 0x00, 0x04, 0x00, 0x04, 0x01, 0x00, 0x00, 
    0x00, 0x0B, 0x0B, 0x11, 0x0C, 0x11, 0x11, 0x0F, 0x29, 0x39, 0x6C, 0x6C, 0x7A, 0x7B, 0x7A, 0x7B, 
    0x7A, 0x7F, 0x7F, 0x7F, 0x79, 0x7F, 0x79, 0x7F, 0x7E, 0x7F, 0x79, 0x7F, 0x7E, 0x7F, 0x7E, 0x7E, 
    0x7E, 0x7F, 0x59, 0x2C, 0x7A, 0x6F, 0x7A, 0x7A, 0x7A, 0x6C, 0x5B, 0x6F, 0x5B, 0x6A, 0x29, 0x18, 
    0x2D, 0x56, 0xB0, 0x60, 0x61, 0x62, 0x17, 0x2B, 0x79, 0x80, 0x7F, 0x7F, 0x7F, 0x7F, 0x81, 0x7F, 
    0x7F, 0x7F, 0x7E, 0x6C, 0x6B, 0x6F, 0x5B, 0x6C, 0x6B, 0x6B, 0x6B, 0x6B, 0x6A, 0x3A, 0x3A, 0x3A, 
    0x2F, 0x39, 0x31, 0x3A, 0x30, 0x31, 0x31, 0x6A, 0x3A, 0x3A, 0x3A, 0x6A, 0x3A, 0x6A, 0x6B, 0x6B, 
    0x6B, 0x6B, 0x3D, 0x6D, 0x5B, 0x6C, 0x7A, 0x6C, 0x3D, 0x6C, 0x7A, 0x3B, 0x17, 0x2B, 0xB2, 0xD1, 
    0xD5, 0xD7, 0xD9, 0xDC, 0xD9, 0xDC, 0xDC, 0xD9, 0xD4, 0xD1, 0xCC, 0xBC, 0x45, 0x1D, 0x1B, 0x42, 
    0x48, 0x42, 0x48, 0x42, 0x42, 0x42, 0x34, 0x1D, 0x1D, 0x1E, 0x1B, 0x55, 0x55, 0x1B, 0x53, 0x5F, 
    0x52, 0x42, 0x1E, 0x5F, 0xAF, 0xB0, 0x9C, 0xA5, 0xA9, 0xF3, 0xAA, 0xAA, 0xA8, 0xA7, 0x97, 0x97, 
    0x96, 0x96, 0x95, 0x75, 0x6E, 0x69, 0x25, 0x21, 0x03, 0x00, 0x00, 0x01, 0x03, 0x07, 0x03, 0x07, 
    0x09, 0x05, 0x0B, 0x0B, 0x10, 0x0B, 0x10, 0x19, 0x11, 0x1A, 0x1A, 0x1A, 0x1C, 0x1A, 0x2B, 0x1A, 
    0x2D, 0x1C, 0x2D, 0x1C, 0x18, 0x1E, 0x1C, 0x1C, 0x10, 0x17, 0x19, 0x17, 0x17, 0x13, 0x17, 0x13, 
    0x13, 0x13, 0x07, 0x07, 0x06, 0x04, 0x03, 0x02, 0x00, 0x01, 0x02, 0x00, 0x01, 0x00, 0x04, 0x04, 
    0x01, 0x00, 0x04, 0x01, 0x00, 0x00, 0x02, 0x04, 0x01, 0x00, 0x04, 0x01, 0x04, 0x01, 0x00, 0x00, 
    0x04, 0x00, 0x00, 0x00, 0x04, 0x00, 0x04, 0x00, 0x04, 0x00, 0x04, 0x00, 0x04, 0x00, 0x00, 0x04, 
    0x02, 0x00, 0x03, 0x07, 0x10, 0x0C, 0x11, 0x11, 0x11, 0x0C, 0x21, 0x3B, 0x6C, 0x7A, 0x6C, 0x7A, 
    0x7F, 0x7A, 0x7B, 0x7E, 0x7F, 0x7F, 0x7B, 0x7E, 0x7F, 0x79, 0x7F, 0x7E, 0x7F, 0x7E, 0x7F, 0x7E, 
    0x7F, 0x7E, 0x7E, 0x36, 0x3D, 0x6F, 0x6C, 0x5B, 0x6F, 0x7A, 0x6C, 0x38, 0x2C, 0x03, 0x02, 0x07, 
    0x1B, 0x56, 0xC2, 0xB0, 0x62, 0x5F, 0x44, 0x00, 0x09, 0x3B, 0x7E, 0x7F, 0x7F, 0x7E, 0x83, 0x7E, 
    0x7F, 0x7A, 0x6C, 0x6C, 0x7A, 0x6C, 0x6B, 0x3C, 0x6A, 0x3C, 0x3A, 0x3A, 0x3A, 0x31, 0x31, 0x30, 
    0x30, 0x2C, 0x31, 0x30, 0x32, 0x31, 0x31, 0x2F, 0x31, 0x3A, 0x3A, 0x6A, 0x65, 0x3A, 0x3A, 0x6B, 
    0x6A, 0x3C, 0x6C, 0x79, 0x6C, 0x6C, 0x6B, 0x7A, 0x3D, 0x7A, 0x3D, 0x05, 0x2D, 0x48, 0xBC, 0xD1, 
    0xD5, 0xD9, 0xD9, 0xD7, 0xDC, 0xD9, 0xD8, 0xD8, 0xD5, 0xD3, 0xCD, 0xB3, 0x45, 0x1D, 0x1D, 0x42, 
    0x48, 0x48, 0x48, 0x48, 0x42, 0x42, 0x40, 0x1E, 0x1D, 0x1E, 0x1D, 0x1E, 0x55, 0x1E, 0x1B, 0x53, 
    0x55, 0x60, 0x55, 0x44, 0x55, 0x5F, 0xAF, 0xB0, 0xE2, 0xA3, 0xA9, 0xA8, 0xAA, 0xA8, 0xA8, 0xA7, 
    0xA2, 0xA2, 0xA1, 0xA1, 0xA0, 0x77, 0x7C, 0x6E, 0x65, 0x24, 0x0B, 0x00, 0x00, 0x01, 0x03, 0x0B, 
    0x0B, 0x0B, 0x0B, 0x15, 0x0C, 0x11, 0x15, 0x11, 0x14, 0x1A, 0x1C, 0x1A, 0x1C, 0x2D, 0x1C, 0x2B, 
    0x1C, 0x2D, 0x1C, 0x44, 0x28, 0x1E, 0x1C, 0x1E, 0x15, 0x17, 0x13, 0x1B, 0x17, 0x19, 0x13, 0x13, 
    0x13, 0x13, 0x13, 0x07, 0x06, 0x07, 0x04, 0x01, 0x04, 0x01, 0x04, 0x05, 0x04, 0x01, 0x04, 0x05, 
    0x04, 0x01, 0x00, 0x02, 0x04, 0x00, 0x04, 0x00, 0x04, 0x01, 0x02, 0x00, 0x00, 0x04, 0x02, 0x00, 
    0x02, 0x04, 0x02, 0x01, 0x00, 0x02, 0x00, 0x04, 0x00, 0x02, 0x00, 0x00, 0x04, 0x00, 0x01, 0x00, 
    0x00, 0x04, 0x00, 0x00, 0x05, 0x0B, 0x0B, 0x11, 0x0C, 0x21, 0x11, 0x0F, 0x2B, 0x3A, 0x7A, 0x7B, 
    0x7A, 0x6F, 0x79, 0x7B, 0x7A, 0x81, 0x7F, 0x81, 0x7B, 0x7F, 0x81, 0x7F, 0x7B, 0x81, 0x7E, 0x7F, 
    0x7F, 0x7F, 0x7F, 0x7A, 0x2A, 0x6F, 0x6C, 0x6C, 0x3D, 0x39, 0x27, 0x01, 0x00, 0x03, 0x00, 0x00, 
    0x57, 0x9C, 0x8A, 0x87, 0x87, 0x80, 0x62, 0x60, 0x19, 0x00, 0x14, 0x5B, 0x80, 0x7F, 0x7B, 0x7F, 
    0x7A, 0x6D, 0x7A, 0x6D, 0x7A, 0x6C, 0x6B, 0x6B, 0x3C, 0x6A, 0x3A, 0x3C, 0x31, 0x31, 0x2F, 0x2F, 
    0x2A, 0x2F, 0x32, 0x2F, 0x30, 0x30, 0x2F, 0x30, 0x2F, 0x31, 0x31, 0x6A, 0x3A, 0x65, 0x3C, 0x6A, 
    0x6B, 0x6B, 0x3C, 0x6C, 0x79, 0x3D, 0x7A, 0x7A, 0x6B, 0x6C, 0x2C, 0x1E, 0x44, 0x51, 0xCC, 0xD1, 
    0xD8, 0xD9, 0xD9, 0xD9, 0xD8, 0xD7, 0xD8, 0xD5, 0xD3, 0xCD, 0xB9, 0x4F, 0x3E, 0x3F, 0x1B, 0x1E, 
    0x48, 0x48, 0x48, 0x47, 0x48, 0x42, 0x1E, 0x1D, 0x1E, 0x1D, 0x1E, 0x1B, 0x17, 0x19, 0x19, 0x42, 
    0x52, 0x55, 0x60, 0x61, 0x62, 0x42, 0x53, 0x62, 0xB0, 0x90, 0xB0, 0x9F, 0xA5, 0xA9, 0xAA, 0xF2, 
    0xF2, 0xF2, 0xA6, 0xA6, 0xA6, 0xA6, 0xA6, 0xA3, 0x8D, 0x7C, 0x6F, 0x3C, 0x2B, 0x05, 0x00, 0x00, 
    0x0B, 0x0B, 0x0E, 0x0B, 0x10, 0x10, 0x10, 0x0C, 0x10, 0x1A, 0x1A, 0x29, 0x18, 0x1C, 0x2B, 0x1E, 
    0x18, 0x28, 0x18, 0x2D, 0x1E, 0x1E, 0x1E, 0x1C, 0x19, 0x17, 0x15, 0x17, 0x15, 0x17, 0x17, 0x13, 
    0x17, 0x13, 0x07, 0x07, 0x07, 0x07, 0x01, 0x02, 0x04, 0x00, 0x04, 0x00, 0x00, 0x04, 0x00, 0x00, 
    0x00, 0x01, 0x02, 0x04, 0x02, 0x04, 0x01, 0x02, 0x00, 0x02, 0x04, 0x00, 0x01, 0x02, 0x02, 0x00, 
    0x02, 0x00, 0x00, 0x04, 0x00, 0x04, 0x00, 0x00, 0x00, 0x00, 0x00, 0x00, 0x01, 0x00, 0x00, 0x00, 
    0x00, 0x04, 0x00, 0x01, 0x02, 0x00, 0x03, 0x0B, 0x10, 0x11, 0x11, 0x11, 0x11, 0x0F, 0x2C, 0x3D, 
    0x6F, 0x7A, 0x6F, 0x7A, 0x7B, 0x7B, 0x7B, 0x7F, 0x7B, 0x7F, 0x7B, 0x7F, 0x7F, 0x7F, 0x7F, 0x7E, 
    0x7F, 0x7E, 0x6F, 0x7A, 0x3A, 0x38, 0x3D, 0x2A, 0x0C, 0x00, 0x00, 0x03, 0x00, 0x00, 0x54, 0x9C, 
    0x9F, 0x7D, 0x7F, 0x7F, 0x7F, 0x85, 0x82, 0x8A, 0x9B, 0x5D, 0x19, 0x00, 0x2B, 0x5B, 0x7B, 0x7A, 
    0x6D, 0x6C, 0x6C, 0x7A, 0x6B, 0x3C, 0x6B, 0x3A, 0x3A, 0x3A, 0x3A, 0x30, 0x31, 0x30, 0x32, 0x2B, 
    0x2B, 0x2D, 0x2C, 0x2C, 0x2F, 0x2C, 0x30, 0x2C, 0x31, 0x31, 0x31, 0x31, 0x3A, 0x3A, 0x3A, 0x3A, 
    0x6A, 0x6B, 0x3D, 0x6C, 0x6C, 0x7A, 0x6B, 0x7A, 0x6B, 0x3C, 0x10, 0x54, 0x36, 0xB2, 0xD1, 0xD1, 
    0xD5, 0xD9, 0xD7, 0xD9, 0xD7, 0xD8, 0xD5, 0xD3, 0xD1, 0xBD, 0x4F, 0x45, 0x45, 0x45, 0x18, 0x3F, 
    0x40, 0x48, 0x40, 0x48, 0x42, 0x42, 0x42, 0x1E, 0x1D, 0x1E, 0x1D, 0x1E, 0x19, 0x19, 0x13, 0x42, 
    0x1D, 0x0E, 0x07, 0x1A, 0x55, 0x61, 0x43, 0x48, 0x5F, 0x5F, 0x61, 0xAF, 0xB0, 0x8A, 0xEB, 0xEE, 
    0xF2, 0xF6, 0xF5, 0xF2, 0xEE, 0xEE, 0xEE, 0xF2, 0xEE, 0xA6, 0xEB, 0xA3, 0x8C, 0x81, 0x5A, 0x18, 
    0x00, 0x00, 0x07, 0x10, 0x15, 0x14, 0x15, 0x11, 0x1A, 0x1A, 0x18, 0x29, 0x1A, 0x2D, 0x1C, 0x2B, 
    0x1C, 0x2D, 0x1C, 0x2D, 0x2D, 0x1C, 0x1E, 0x1C, 0x15, 0x19, 0x17, 0x19, 0x17, 0x19, 0x13, 0x17, 
    0x13, 0x13, 0x13, 0x07, 0x07, 0x06, 0x04, 0x01, 0x01, 0x00, 0x02, 0x01, 0x00, 0x02, 0x05, 0x04, 
    0x00, 0x04, 0x01, 0x00, 0x00, 0x01, 0x00, 0x04, 0x01, 0x00, 0x02, 0x00, 0x04, 0x00, 0x02, 0x00, 
    0x02, 0x01, 0x00, 0x02, 0x00, 0x02, 0x00, 0x04, 0x02, 0x02, 0x04, 0x00, 0x02, 0x00, 0x02, 0x02, 
    0x00, 0x02, 0x00, 0x04, 0x00, 0x04, 0x00, 0x01, 0x07, 0x10, 0x11, 0x11, 0x11, 0x11, 0x0C, 0x21, 
    0x3B, 0x6C, 0x7B, 0x6F, 0x7A, 0x7F, 0x7B, 0x7F, 0x7B, 0x7F, 0x7F, 0x7F, 0x7F, 0x7B, 0x7F, 0x7F, 
    0x7A, 0x7B, 0x7A, 0x6C, 0x39, 0x11, 0x08, 0x00, 0x00, 0x03, 0x00, 0x00, 0x54, 0x9B, 0xE3, 0x82, 
    0x7A, 0x7F, 0x81, 0x7D, 0x81, 0x82, 0x81, 0x7F, 0x80, 0x82, 0x88, 0x5D, 0x19, 0x00, 0x2C, 0x3D, 
    0x6C, 0x7A, 0x6D, 0x6C, 0x3C, 0x6A, 0x6B, 0x3A, 0x3C, 0x3A, 0x2F, 0x31, 0x2F, 0x2C, 0x29, 0x28, 
    0x29, 0x29, 0x29, 0x2A, 0x2A, 0x25, 0x2A, 0x2A, 0x30, 0x30, 0x30, 0x26, 0x31, 0x65, 0x3A, 0x3A, 
    0x6A, 0x6A, 0x3C, 0x6B, 0x5B, 0x6C, 0x3D, 0x6C, 0x5B, 0x37, 0x06, 0x54, 0x47, 0xBD, 0xD2, 0xD5, 
    0xD3, 0xD7, 0xD8, 0xD5, 0xD8, 0xD5, 0xD3, 0xD2, 0xBD, 0xAC, 0x4B, 0x45, 0x45, 0x46, 0x16, 0x1B, 
    0x34, 0x40, 0x48, 0x42, 0x48, 0x42, 0x34, 0x1D, 0x1E, 0x1D, 0x1D, 0x1D, 0x1D, 0x19, 0x19, 0x1B, 
    0x17, 0x04, 0x00, 0x04, 0x06, 0x1D, 0x48, 0x48, 0x42, 0x1B, 0x15, 0x1E, 0x5F, 0xAF, 0xB0, 0xB0, 
    0xE6, 0xF0, 0xEE, 0xF5, 0xF5, 0xF5, 0xF2, 0xF1, 0xF5, 0xF5, 0xF5, 0xF1, 0xF0, 0xED, 0xED, 0xE3, 
    0x88, 0x57, 0x10, 0x00, 0x01, 0x14, 0x1A, 0x10, 0x1A, 0x1A, 0x1A, 0x29, 0x2D, 0x1C, 0x2D, 0x2D, 
    0x2D, 0x2D, 0x1E, 0x2B, 0x2D, 0x1E, 0x2D, 0x1E, 0x19, 0x17, 0x19, 0x15, 0x1B, 0x17, 0x17, 0x13, 
    0x17, 0x13, 0x13, 0x12, 0x0E, 0x06, 0x03, 0x04, 0x00, 0x04, 0x02, 0x00, 0x04, 0x01, 0x04, 0x00, 
    0x02, 0x00, 0x02, 0x00, 0x02, 0x04, 0x02, 0x00, 0x02, 0x00, 0x05, 0x00, 0x02, 0x01, 0x04, 0x00, 
    0x04, 0x00, 0x02, 0x00, 0x01, 0x04, 0x00, 0x02, 0x01, 0x00, 0x00, 0x04, 0x02, 0x00, 0x04, 0x00, 
    0x01, 0x04, 0x02, 0x00, 0x02, 0x00, 0x02, 0x00, 0x00, 0x00, 0x0B, 0x0B, 0x11, 0x11, 0x11, 0x11, 
    0x0C, 0x1A, 0x3C, 0x6C, 0x6C, 0x7A, 0x6F, 0x7B, 0x6F, 0x7F, 0x7B, 0x6F, 0x7F, 0x7F, 0x7F, 0x7A, 
    0x6F, 0x6C, 0x39, 0x11, 0x01, 0x00, 0x01, 0x05, 0x00, 0x00, 0x54, 0x9C, 0x9F, 0x88, 0x7F, 0x7F, 
    0x7D, 0x7D, 0x7D, 0x81, 0x7D, 0x81, 0x82, 0x81, 0x81, 0x81, 0x7F, 0x85, 0x85, 0x5D, 0x1A, 0x00, 
    0x2C, 0x3C, 0x6C, 0x3C, 0x6B, 0x3A, 0x31, 0x39, 0x3A, 0x2F, 0x30, 0x30, 0x2C, 0x2A, 0x29, 0x1A, 
    0x1A, 0x1A, 0x2D, 0x29, 0x29, 0x2A, 0x21, 0x2A, 0x2E, 0x2C, 0x2C, 0x30, 0x30, 0x31, 0x35, 0x32, 
    0x65, 0x3A, 0x6A, 0x3D, 0x6C, 0x7A, 0x6C, 0x3D, 0x5B, 0x2B, 0x04, 0x08, 0x8E, 0xCC, 0xD2, 0xD3, 
    0xD5, 0xD5, 0xD5, 0xD5, 0xD1, 0xD4, 0xCD, 0xBD, 0xAD, 0xAC, 0x8E, 0x4F, 0x45, 0x3E, 0x1D, 0x16, 
    0x42, 0x48, 0x47, 0x48, 0x42, 0x42, 0x42, 0x42, 0x1B, 0x1E, 0x1E, 0x1E, 0x1E, 0x1E, 0x1B, 0x19, 
    0x15, 0x07, 0x04, 0x04, 0x13, 0x1C, 0x42, 0x42, 0x40, 0x1E, 0x40, 0x1B, 0x1B, 0x40, 0x5F, 0xB0, 
    0xB0, 0xB1, 0xE3, 0xED, 0xF1, 0xF5, 0xFC, 0xF5, 0xF5, 0xEE, 0xF5, 0xF5, 0xF5, 0xF5, 0xF4, 0xF1, 
    0xEF, 0xED, 0xE3, 0x86, 0x53, 0x00, 0x00, 0x0B, 0x19, 0x14, 0x1C, 0x1A, 0x1C, 0x1A, 0x1C, 0x28, 
    0x2D, 0x2D, 0x1E, 0x2D, 0x1E, 0x2D, 0x1E, 0x1C, 0x15, 0x19, 0x1B, 0x13, 0x1B, 0x1B, 0x13, 0x19, 
    0x17, 0x15, 0x13, 0x13, 0x13, 0x07, 0x05, 0x01, 0x04, 0x01, 0x04, 0x01, 0x04, 0x01, 0x04, 0x01, 
    0x05, 0x04, 0x04, 0x01, 0x00, 0x01, 0x04, 0x01, 0x00, 0x01, 0x04, 0x00, 0x04, 0x01, 0x04, 0x02, 
    0x00, 0x01, 0x04, 0x00, 0x02, 0x01, 0x00, 0x00, 0x04, 0x02, 0x00, 0x04, 0x00, 0x01, 0x00, 0x04, 
    0x00, 0x00, 0x01, 0x04, 0x00, 0x04, 0x00, 0x04, 0x00, 0x04, 0x00, 0x04, 0x0B, 0x14, 0x0C, 0x11, 
    0x11, 0x11, 0x0B, 0x2C, 0x3C, 0x6F, 0x7A, 0x6D, 0x7A, 0x7B, 0x7B, 0x6F, 0x7A, 0x6D, 0x7A, 0x6C, 
    0x2C, 0x0A, 0x00, 0x00, 0x00, 0x03, 0x00, 0x00, 0x52, 0x9E, 0xE4, 0x84, 0x7E, 0x6F, 0x7D, 0x82, 
    0x82, 0x82, 0x82, 0x82, 0x82, 0x82, 0x81, 0x81, 0x81, 0x81, 0x80, 0x7F, 0x7A, 0x81, 0x80, 0x58, 
    0x2D, 0x10, 0x29, 0x30, 0x3A, 0x3A, 0x65, 0x3A, 0x2F, 0x2F, 0x2A, 0x29, 0x29, 0x28, 0x29, 0x1C, 
    0x1A, 0x14, 0x1C, 0x1C, 0x29, 0x29, 0x29, 0x29, 0x28, 0x2C, 0x28, 0x2C, 0x2C, 0x2F, 0x2F, 0x39, 
    0x2F, 0x31, 0x3C, 0x6B, 0x7A, 0x7A, 0x7A, 0x3C, 0x5B, 0x2B, 0x07, 0x01, 0xB2, 0xD2, 0xD3, 0xD5, 
    0xD3, 0xD5, 0xD4, 0xD4, 0xD3, 0xBF, 0xAC, 0xAD, 0xB8, 0xCC, 0xCC, 0xB3, 0x4F, 0x45, 0x46, 0x1B, 
    0x1E, 0x40, 0x48, 0x48, 0x48, 0x42, 0x1E, 0x1D, 0x1E, 0x1B, 0x1E, 0x1E, 0x1E, 0x1E, 0x1E, 0x1B, 
    0x19, 0x16, 0x15, 0x1B, 0x1E, 0x42, 0x34, 0x1D, 0x42, 0x48, 0x55, 0x40, 0x40, 0x61, 0xB0, 0xAF, 
    0xB0, 0xB0, 0xC2, 0xC2, 0xE7, 0xE8, 0xF0, 0xF5, 0xF5, 0xFC, 0xF5, 0xF5, 0xF5, 0xF5, 0xF5, 0xF5, 
    0xFC, 0xF4, 0xF1, 0xEF, 0xE6, 0xE2, 0x5E, 0x19, 0x00, 0x07, 0x19, 0x19, 0x19, 0x1A, 0x1C, 0x1A, 
    0x2B, 0x1C, 0x2D, 0x1C, 0x1E, 0x1E, 0x2D, 0x1C, 0x15, 0x19, 0x19, 0x19, 0x19, 0x17, 0x15, 0x17, 
    0x17, 0x13, 0x17, 0x13, 0x07, 0x07, 0x02, 0x04, 0x02, 0x02, 0x02, 0x00, 0x04, 0x02, 0x00, 0x02, 
    0x00, 0x02, 0x02, 0x02, 0x02, 0x04, 0x02, 0x01, 0x02, 0x04, 0x02, 0x00, 0x02, 0x04, 0x00, 0x00, 
    0x04, 0x00, 0x02, 0x00, 0x01, 0x04, 0x00, 0x05, 0x00, 0x00, 0x04, 0x00, 0x00, 0x00, 0x00, 0x04, 
    0x00, 0x00, 0x00, 0x00, 0x04, 0x00, 0x00, 0x04, 0x00, 0x00, 0x02, 0x00, 0x00, 0x00, 0x10, 0x10, 
    0x11, 0x11, 0x0F, 0x10, 0x11, 0x2C, 0x3D, 0x6C, 0x6F, 0x3D, 0x6D, 0x6F, 0x6C, 0x3C, 0x2C, 0x08, 
    0x00, 0x00, 0x00, 0x05, 0x00, 0x00, 0x36, 0x9C, 0x9D, 0x9B, 0x6F, 0x7E, 0x7D, 0x81, 0x82, 0x83, 
    0x7D, 0x84, 0x82, 0x82, 0x84, 0x82, 0x82, 0x88, 0x7D, 0x81, 0x7F, 0x7D, 0x7F, 0x7E, 0x7E, 0x7E, 
    0x7E, 0x58, 0x37, 0x18, 0x29, 0x2C, 0x31, 0x3A, 0x30, 0x30, 0x2A, 0x29, 0x1A, 0x19, 0x1A, 0x1A, 
    0x19, 0x13, 0x19, 0x19, 0x14, 0x1A, 0x1A, 0x1C, 0x2B, 0x1C, 0x2B, 0x2B, 0x2A, 0x2A, 0x2C, 0x2C, 
    0x30, 0x31, 0x3C, 0x3C, 0x6C, 0x5B, 0x6C, 0x3D, 0x3D, 0x55, 0x52, 0x61, 0xBD, 0xD1, 0xD1, 0xD1, 
    0xD1, 0xD1, 0xD1, 0xD3, 0xCD, 0x4F, 0x49, 0xBD, 0xD3, 0xD3, 0xD2, 0xBD, 0xB3, 0x4F, 0x4B, 0x16, 
    0x41, 0x42, 0x42, 0x42, 0x40, 0x42, 0x42, 0x1E, 0x1D, 0x1E, 0x1D, 0x1E, 0x42, 0x42, 0x42, 0x42, 
    0x42, 0x42, 0x48, 0x42, 0x41, 0x42, 0x42, 0x48, 0x47, 0x48, 0x40, 0x5F, 0x61, 0x61, 0x55, 0x42, 
    0x15, 0x1C, 0x42, 0x60, 0xC2, 0xE2, 0xC2, 0xE2, 0xEF, 0xF5, 0xF5, 0xF5, 0xF5, 0xF5, 0xF5, 0xF5, 
    0xF5, 0xF5, 0xFC, 0xFC, 0xF4, 0xF4, 0xEF, 0xE8, 0xB1, 0x53, 0x00, 0x00, 0x19, 0x1A, 0x1B, 0x19, 
    0x18, 0x18, 0x1C, 0x2D, 0x1E, 0x1C, 0x1E, 0x1E, 0x19, 0x1B, 0x17, 0x1B, 0x1B, 0x19, 0x19, 0x19, 
    0x13, 0x17, 0x13, 0x13, 0x13, 0x07, 0x07, 0x03, 0x04, 0x01, 0x02, 0x01, 0x00, 0x05, 0x00, 0x04, 
    0x04, 0x00, 0x04, 0x01, 0x04, 0x02, 0x04, 0x04, 0x02, 0x00, 0x04, 0x01, 0x04, 0x04, 0x04, 0x02, 
    0x00, 0x04, 0x02, 0x05, 0x00, 0x01, 0x00, 0x02, 0x00, 0x02, 0x00, 0x02, 0x04, 0x02, 0x00, 0x02, 
    0x04, 0x01, 0x02, 0x00, 0x04, 0x02, 0x00, 0x02, 0x04, 0x00, 0x02, 0x00, 0x04, 0x00, 0x00, 0x03, 
    0x15, 0x11, 0x11, 0x11, 0x10, 0x11, 0x11, 0x2E, 0x3A, 0x3D, 0x6C, 0x3C, 0x29, 0x01, 0x00, 0x00, 
    0x00, 0x03, 0x00, 0x00, 0x2D, 0x9B, 0xE4, 0x8C, 0x6C, 0x7F, 0x7D, 0x83, 0x82, 0x84, 0x82, 0x82, 
    0x82, 0x82, 0x88, 0x8C, 0x88, 0x82, 0x82, 0x82, 0x7D, 0x82, 0x80, 0x81, 0x81, 0x7F, 0x7A, 0x7E, 
    0x5B, 0x6C, 0x7A, 0x6C, 0x59, 0x37, 0x2D, 0x2C, 0x2A, 0x2C, 0x2C, 0x2C, 0x2A, 0x14, 0x13, 0x15, 
    0x04, 0x04, 0x04, 0x04, 0x13, 0x19, 0x19, 0x1A, 0x1A, 0x1C, 0x1A, 0x1A, 0x29, 0x2A, 0x2A, 0x25, 
    0x39, 0x3A, 0x3C, 0x3C, 0x3D, 0x6C, 0x5B, 0x3D, 0x59, 0x56, 0x56, 0xC1, 0xCC, 0xD2, 0xD3, 0xD4, 
    0xD1, 0xD1, 0xCD, 0xBE, 0xAC, 0x16, 0xAC, 0xCD, 0xD4, 0xD3, 0xD3, 0xCC, 0xB9, 0xB3, 0x4B, 0x41, 
    0x41, 0x41, 0x34, 0x41, 0x48, 0x48, 0x34, 0x41, 0x1E, 0x41, 0x1E, 0x1E, 0x1E, 0x48, 0x44, 0x42, 
    0x44, 0x42, 0x42, 0x42, 0x48, 0x42, 0x48, 0x43, 0x1E, 0x42, 0x5F, 0x5F, 0x42, 0x13, 0x1C, 0x1B, 
    0x1B, 0x1B, 0x1B, 0x44, 0x5C, 0xB0, 0xC2, 0xB0, 0xB0, 0xB1, 0xED, 0xF5, 0xF5, 0xF5, 0xF5, 0xF5, 
    0xF5, 0xF5, 0xF5, 0xF5, 0xF5, 0xFC, 0xFC, 0xFB, 0xF4, 0xF8, 0xE3, 0x5C, 0x00, 0x00, 0x07, 0x1D, 
    0x1C, 0x1B, 0x1A, 0x1C, 0x1C, 0x1C, 0x1E, 0x1C, 0x10, 0x19, 0x19, 0x19, 0x19, 0x1B, 0x19, 0x15, 
    0x1B, 0x13, 0x15, 0x13, 0x07, 0x07, 0x05, 0x06, 0x03, 0x04, 0x03, 0x04, 0x01, 0x02, 0x00, 0x01, 
    0x02, 0x04, 0x01, 0x00, 0x02, 0x01, 0x00, 0x00, 0x02, 0x00, 0x01, 0x04, 0x00, 0x04, 0x00, 0x01, 
    0x04, 0x01, 0x00, 0x00, 0x02, 0x04, 0x02, 0x00, 0x04, 0x01, 0x00, 0x05, 0x00, 0x00, 0x02, 0x00, 
    0x02, 0x00, 0x04, 0x00, 0x02, 0x00, 0x01, 0x04, 0x00, 0x02, 0x00, 0x04, 0x02, 0x00, 0x04, 0x00, 
    0x00, 0x07, 0x10, 0x11, 0x11, 0x11, 0x11, 0x0B, 0x0F, 0x2C, 0x20, 0x01, 0x00, 0x00, 0x00, 0x03, 
    0x00, 0x00, 0x18, 0x87, 0x9D, 0x9B, 0x6F, 0x6F, 0x7F, 0x7D, 0x7D, 0x7F, 0x82, 0x82, 0x82, 0x82, 
    0x82, 0x82, 0x8C, 0x88, 0x84, 0x88, 0x82, 0x85, 0x82, 0x85, 0x82, 0x81, 0x7D, 0x7E, 0x7E, 0x7E, 
    0x6D, 0x6C, 0x6B, 0x6B, 0x6A, 0x3C, 0x3A, 0x30, 0x2C, 0x29, 0x29, 0x1A, 0x29, 0x19, 0x0B, 0x00, 
    0x00, 0x00, 0x00, 0x00, 0x00, 0x12, 0x1A, 0x15, 0x14, 0x1A, 0x29, 0x29, 0x29, 0x29, 0x2A, 0x2A, 
    0x30, 0x2F, 0x6A, 0x3D, 0x3D, 0x3D, 0x6C, 0x5B, 0x37, 0x42, 0x56, 0xB2, 0xCC, 0xCC, 0xD2, 0xCC, 
    0xD2, 0xCC, 0xBA, 0x4B, 0x3E, 0x3E, 0xB3, 0xCB, 0xD4, 0xD4, 0xD4, 0xD3, 0xBD, 0xB3, 0x4F, 0x45, 
    0x46, 0x42, 0x41, 0x48, 0x41, 0x41, 0x42, 0x1E, 0x41, 0x1E, 0x42, 0x42, 0x44, 0x48, 0x42, 0x53, 
    0x47, 0x53, 0x47, 0x53, 0x42, 0x48, 0x42, 0x42, 0x55, 0x5F, 0x47, 0x1B, 0x1B, 0x1E, 0x1B, 0x1D, 
    0x1D, 0x1E, 0x42, 0x56, 0x62, 0x60, 0xB0, 0x60, 0x60, 0x55, 0x16, 0x8B, 0xF1, 0xF5, 0xF5, 0xF5, 
    0xF5, 0xF5, 0xF5, 0xF5, 0xF5, 0xF5, 0xF5, 0xFC, 0xFC, 0xFC, 0xFB, 0xFB, 0xEA, 0xB1, 0x44, 0x00, 
    0x00, 0x1C, 0x1C, 0x1C, 0x1C, 0x1C, 0x1C, 0x1C, 0x15, 0x19, 0x19, 0x14, 0x19, 0x1B, 0x1B, 0x19, 
    0x19, 0x19, 0x15, 0x15, 0x13, 0x13, 0x06, 0x07, 0x05, 0x02, 0x05, 0x01, 0x01, 0x01, 0x04, 0x01, 
    0x04, 0x05, 0x04, 0x01, 0x05, 0x05, 0x04, 0x01, 0x04, 0x01, 0x04, 0x05, 0x04, 0x01, 0x04, 0x00, 
    0x04, 0x01, 0x04, 0x01, 0x00, 0x01, 0x04, 0x02, 0x04, 0x02, 0x04, 0x04, 0x05, 0x01, 0x00, 0x01, 
    0x04, 0x00, 0x02, 0x00, 0x04, 0x02, 0x00, 0x01, 0x00, 0x01, 0x00, 0x04, 0x00, 0x01, 0x00, 0x04, 
    0x00, 0x00, 0x00, 0x0B, 0x0B, 0x11, 0x14, 0x21, 0x11, 0x11, 0x0B, 0x00, 0x00, 0x00, 0x00, 0x00, 
    0x03, 0x80, 0x9F, 0x8C, 0x6C, 0x6C, 0x81, 0x7F, 0x7F, 0x83, 0x81, 0x82, 0x82, 0x84, 0x8C, 0x84, 
    0x88, 0x84, 0x8C, 0x8C, 0x88, 0x84, 0x88, 0x82, 0x81, 0x82, 0x82, 0x7D, 0x81, 0x7F, 0x79, 0x7B, 
    0x7A, 0x6C, 0x6B, 0x6B, 0x3C, 0x6A, 0x31, 0x31, 0x2F, 0x25, 0x2A, 0x2A, 0x29, 0x27, 0x07, 0x00, 
    0x00, 0x00, 0x00, 0x00, 0x00, 0x04, 0x15, 0x0B, 0x1C, 0x28, 0x28, 0x2B, 0x28, 0x2A, 0x2A, 0x2C, 
    0x32, 0x31, 0x3C, 0x6B, 0x6B, 0x6B, 0x7A, 0x3D, 0x55, 0x61, 0xAF, 0xBA, 0xCC, 0xCC, 0xCC, 0xCD, 
    0xCB, 0xB2, 0x45, 0x3F, 0x46, 0x3E, 0xAD, 0xCD, 0xCB, 0xD3, 0xD3, 0xD3, 0xCA, 0xB9, 0x4F, 0x4C, 
    0x46, 0x41, 0x41, 0x41, 0x48, 0x1D, 0x1E, 0x1D, 0x1E, 0x1D, 0x1E, 0x42, 0x48, 0x48, 0x53, 0x48, 
    0x47, 0x55, 0x48, 0x55, 0x48, 0x40, 0x1E, 0x56, 0x56, 0x41, 0x19, 0x1C, 0x1D, 0x1D, 0x1D, 0x1D, 
    0x1E, 0x1B, 0x1D, 0x17, 0x19, 0x17, 0x00, 0x00, 0x00, 0x00, 0x09, 0x8A, 0xED, 0xED, 0xEF, 0xF1, 
    0xF5, 0xF5, 0xF5, 0xF5, 0xF5, 0xF5, 0xF5, 0xF5, 0xF5, 0xFC, 0xFC, 0xFD, 0xFC, 0xFB, 0xF8, 0xE7, 
    0x60, 0x05, 0x00, 0x19, 0x1C, 0x1B, 0x1C, 0x1B, 0x19, 0x19, 0x18, 0x17, 0x1B, 0x19, 0x19, 0x19, 
    0x1B, 0x17, 0x19, 0x13, 0x0E, 0x13, 0x07, 0x03, 0x07, 0x06, 0x03, 0x00, 0x03, 0x04, 0x03, 0x00, 
    0x03, 0x00, 0x02, 0x02, 0x03, 0x00, 0x02, 0x02, 0x02, 0x04, 0x02, 0x02, 0x00, 0x02, 0x04, 0x04, 
    0x02, 0x02, 0x04, 0x00, 0x04, 0x01, 0x04, 0x00, 0x04, 0x00, 0x02, 0x00, 0x02, 0x00, 0x00, 0x01, 
    0x00, 0x01, 0x04, 0x00, 0x02, 0x00, 0x00, 0x04, 0x00, 0x00, 0x00, 0x01, 0x00, 0x00, 0x00, 0x00, 
    0x00, 0x01, 0x00, 0x00, 0x04, 0x07, 0x11, 0x11, 0x11, 0x11, 0x0C, 0x00, 0x02, 0x00, 0x10, 0x5A, 
    0x9E, 0x88, 0x6F, 0x3C, 0x6F, 0x7E, 0x7B, 0x7F, 0x7F, 0x81, 0x82, 0x7D, 0x84, 0x82, 0x84, 0x8C, 
    0x84, 0x8C, 0x9E, 0x88, 0x84, 0x8C, 0x82, 0x81, 0x88, 0x82, 0x82, 0x81, 0x7D, 0x7E, 0x7F, 0x6F, 
    0x6C, 0x6C, 0x6D, 0x6C, 0x6A, 0x6B, 0x3A, 0x31, 0x31, 0x31, 0x30, 0x2A, 0x22, 0x29, 0x03, 0x00, 
    0x00, 0x00, 0x00, 0x00, 0x00, 0x00, 0x07, 0x0B, 0x19, 0x14, 0x19, 0x1A, 0x1C, 0x1A, 0x29, 0x29, 
    0x2C, 0x2C, 0x39, 0x32, 0x3C, 0x59, 0x3D, 0x3B, 0x2D, 0x47, 0x4A, 0xB3, 0xBC, 0xBD, 0xBC, 0xB4, 
    0x4E, 0x16, 0x16, 0x45, 0x45, 0x3E, 0x4B, 0xB8, 0xBF, 0xCC, 0xCD, 0xCC, 0xB3, 0x4F, 0x45, 0x4C, 
    0x4B, 0x41, 0x41, 0x41, 0x42, 0x1E, 0x41, 0x1E, 0x1D, 0x1E, 0x1D, 0x1E, 0x42, 0x53, 0x55, 0x55, 
    0x55, 0x55, 0x47, 0x48, 0x42, 0x55, 0x56, 0x1E, 0x19, 0x1E, 0x1B, 0x1D, 0x1B, 0x1B, 0x19, 0x17, 
    0x05, 0x00, 0x00, 0x00, 0x00, 0x00, 0x00, 0x1A, 0x53, 0x5C, 0xE2, 0xE8, 0xE2, 0xE2, 0xB1, 0xB1, 
    0xE4, 0xF0, 0xF1, 0xF5, 0xF5, 0xF5, 0xF5, 0xF5, 0xF5, 0xF5, 0xF5, 0xFC, 0xFC, 0xFD, 0xFD, 0xFB, 
    0xFB, 0xEA, 0xB1, 0x1E, 0x00, 0x07, 0x1C, 0x1E, 0x19, 0x1B, 0x19, 0x18, 0x1B, 0x1B, 0x1B, 0x19, 
    0x19, 0x19, 0x19, 0x19, 0x13, 0x15, 0x13, 0x07, 0x07, 0x07, 0x05, 0x02, 0x05, 0x02, 0x05, 0x01, 
    0x02, 0x03, 0x04, 0x01, 0x04, 0x01, 0x04, 0x00, 0x04, 0x00, 0x01, 0x05, 0x00, 0x01, 0x04, 0x01, 
    0x04, 0x01, 0x04, 0x01, 0x02, 0x00, 0x01, 0x02, 0x01, 0x00, 0x05, 0x00, 0x02, 0x01, 0x04, 0x05, 
    0x00, 0x02, 0x04, 0x00, 0x04, 0x02, 0x00, 0x02, 0x00, 0x02, 0x04, 0x02, 0x00, 0x02, 0x02, 0x04, 
    0x00, 0x00, 0x04, 0x00, 0x00, 0x00, 0x05, 0x10, 0x11, 0x21, 0x09, 0x00, 0x01, 0x00, 0x38, 0x82, 
    0x3D, 0x3A, 0x6C, 0x7A, 0x7A, 0x7F, 0x7F, 0x7F, 0x81, 0x7F, 0x83, 0x84, 0x82, 0x84, 0x88, 0x84, 
    0x8C, 0x84, 0x8C, 0x84, 0x8C, 0x8C, 0x88, 0x84, 0x85, 0x82, 0x82, 0x7F, 0x81, 0x7F, 0x7E, 0x7F, 
    0x7A, 0x6D, 0x6C, 0x6C, 0x6B, 0x6B, 0x6B, 0x3A, 0x31, 0x31, 0x25, 0x25, 0x2A, 0x2A, 0x0B, 0x00, 
    0x00, 0x00, 0x00, 0x00, 0x00, 0x04, 0x15, 0x14, 0x1A, 0x29, 0x29, 0x29, 0x2A, 0x2C, 0x2C, 0x30, 
    0x32, 0x3C, 0x3C, 0x3D, 0x6C, 0x5B, 0x58, 0x38, 0x42, 0x56, 0x47, 0x46, 0x50, 0x4C, 0x45, 0x16, 
    0x17, 0x16, 0x3E, 0x16, 0x4B, 0xAC, 0xB3, 0xB3, 0xB8, 0xB3, 0xB8, 0xAB, 0x46, 0x3E, 0x3F, 0x4A, 
    0x4C, 0x3F, 0x3F, 0x3F, 0x1D, 0x41, 0x1D, 0x1D, 0x42, 0x1D, 0x1E, 0x1D, 0x42, 0x44, 0x55, 0x47, 
    0x53, 0x47, 0x53, 0x48, 0x55, 0x48, 0x1B, 0x1B, 0x1D, 0x1B, 0x19, 0x17, 0x0E, 0x04, 0x01, 0x04, 
    0x00, 0x00, 0x00, 0x00, 0x18, 0x5C, 0xB1, 0xE7, 0xE8, 0xEA, 0xE8, 0xE7, 0xB1, 0xE3, 0xB1, 0x91, 
    0xB1, 0xB0, 0xE5, 0xE6, 0xF1, 0xF5, 0xFC, 0xFC, 0xF5, 0xF5, 0xFC, 0xF5, 0xFC, 0xFC, 0xFC, 0xFD, 
    0xFB, 0xFB, 0xFB, 0xF8, 0xE2, 0x60, 0x07, 0x00, 0x10, 0x1C, 0x19, 0x19, 0x1C, 0x19, 0x19, 0x1B, 
    0x19, 0x19, 0x15, 0x19, 0x15, 0x0E, 0x07, 0x0E, 0x07, 0x07, 0x07, 0x05, 0x03, 0x05, 0x03, 0x02, 
    0x02, 0x04, 0x03, 0x00, 0x03, 0x04, 0x03, 0x04, 0x02, 0x02, 0x02, 0x02, 0x01, 0x01, 0x04, 0x00, 
    0x01, 0x04, 0x01, 0x02, 0x02, 0x00, 0x02, 0x04, 0x02, 0x00, 0x02, 0x00, 0x04, 0x01, 0x01, 0x00, 
    0x02, 0x00, 0x04, 0x00, 0x01, 0x02, 0x00, 0x04, 0x00, 0x02, 0x00, 0x00, 0x01, 0x04, 0x00, 0x01, 
    0x00, 0x05, 0x00, 0x01, 0x00, 0x02, 0x00, 0x00, 0x03, 0x0C, 0x05, 0x00, 0x00, 0x00, 0x09, 0x0C, 
    0x39, 0x6C, 0x6C, 0x7A, 0x7A, 0x7E, 0x7F, 0x7F, 0x7F, 0x81, 0x82, 0x82, 0x84, 0x82, 0x82, 0x9B, 
    0x84, 0x88, 0x8C, 0x9E, 0x84, 0x88, 0x84, 0x81, 0x82, 0x82, 0x84, 0x85, 0x82, 0x7D, 0x7F, 0x7E, 
    0x6C, 0x7B, 0x6C, 0x6D, 0x6A, 0x6B, 0x6A, 0x3A, 0x6A, 0x31, 0x25, 0x30, 0x22, 0x2A, 0x11, 0x00, 
    0x00, 0x00, 0x00, 0x00, 0x00, 0x07, 0x14, 0x14, 0x29, 0x29, 0x2C, 0x2A, 0x25, 0x25, 0x30, 0x31, 
    0x3A, 0x3C, 0x6C, 0x5B, 0x5B, 0x5B, 0x5B, 0x54, 0x56, 0x56, 0x47, 0x3F, 0x47, 0x1D, 0x3F, 0x3F, 
    0x3F, 0x16, 0x45, 0x4F, 0xBC, 0xCB, 0xCC, 0xD3, 0xCD, 0xBD, 0xB3, 0xAB, 0x4B, 0x4B, 0x3E, 0x16, 
    0x4B, 0x3F, 0x1B, 0x3F, 0x3F, 0x1B, 0x40, 0x1D, 0x1B, 0x1E, 0x1E, 0x2D, 0x42, 0x48, 0x48, 0x55, 
    0x55, 0x53, 0x44, 0x42, 0x41, 0x19, 0x1B, 0x19, 0x15, 0x07, 0x05, 0x03, 0x00, 0x00, 0x00, 0x00, 
    0x00, 0x42, 0x62, 0xE2, 0xE9, 0xEA, 0xE8, 0xE3, 0xB1, 0x87, 0x80, 0x80, 0x5B, 0x3D, 0x3C, 0x5B, 
    0x58, 0x5E, 0xB1, 0xB1, 0xB1, 0xE8, 0xF0, 0xF5, 0xFC, 0xFC, 0xFC, 0xF5, 0xF5, 0xFC, 0xFC, 0xFC, 
    0xFC, 0xFC, 0xFB, 0xFD, 0xFB, 0xFB, 0xEA, 0x62, 0x15, 0x00, 0x13, 0x1C, 0x1C, 0x1A, 0x1B, 0x19, 
    0x1B, 0x1B, 0x1B, 0x19, 0x15, 0x19, 0x13, 0x15, 0x15, 0x0B, 0x07, 0x07, 0x07, 0x07, 0x05, 0x03, 
    0x05, 0x02, 0x05, 0x03, 0x06, 0x01, 0x04, 0x05, 0x04, 0x01, 0x04, 0x01, 0x04, 0x03, 0x04, 0x01, 
    0x04, 0x01, 0x04, 0x01, 0x04, 0x01, 0x04, 0x01, 0x04, 0x01, 0x02, 0x01, 0x04, 0x01, 0x04, 0x01, 
    0x05, 0x01, 0x04, 0x00, 0x04, 0x02, 0x04, 0x04, 0x00, 0x05, 0x00, 0x04, 0x00, 0x04, 0x00, 0x02, 
    0x00, 0x04, 0x00, 0x04, 0x00, 0x01, 0x00, 0x04, 0x00, 0x00, 0x00, 0x00, 0x00, 0x00, 0x0B, 0x11, 
    0x21, 0x32, 0x3C, 0x7A, 0x7A, 0x7B, 0x7F, 0x7F, 0x7F, 0x83, 0x81, 0x84, 0x8C, 0x84, 0x82, 0x84, 
    0x8C, 0x84, 0x84, 0x8C, 0x8C, 0x8C, 0x8C, 0x84, 0x88, 0x84, 0x81, 0x82, 0x81, 0x81, 0x7F, 0x7F, 
    0x7A, 0x7B, 0x6C, 0x6D, 0x6B, 0x6D, 0x6A, 0x6A, 0x31, 0x31, 0x30, 0x25, 0x2A, 0x2A, 0x29, 0x0C, 
    0x04, 0x00, 0x00, 0x00, 0x0B, 0x1A, 0x14, 0x29, 0x29, 0x22, 0x29, 0x24, 0x30, 0x30, 0x2F, 0x3A, 
    0x3C, 0x6B, 0x7A, 0x7A, 0x5B, 0x7A, 0x5B, 0x2D, 0x1D, 0x56, 0x4D, 0x47, 0x47, 0x3F, 0x3F, 0x3F, 
    0x3E, 0x45, 0xB8, 0xCD, 0xD4, 0xD4, 0xD4, 0xD5, 0xD4, 0xD4, 0xCB, 0xCC, 0xB3, 0x4B, 0x46, 0x3E, 
    0x4B, 0x46, 0xAD, 0xB3, 0xBA, 0xAD, 0x1D, 0x1D, 0x41, 0x1D, 0x1D, 0x1D, 0x34, 0x42, 0x48, 0x42, 
    0x42, 0x41, 0x1B, 0x1B, 0x10, 0x07, 0x07, 0x04, 0x00, 0x00, 0x00, 0x00, 0x00, 0x19, 0x57, 0x91, 
    0xE2, 0xE7, 0xE8, 0xE7, 0xE3, 0x87, 0x5B, 0x5B, 0x3D, 0x3D, 0x6C, 0x7A, 0x7A, 0x5B, 0x7E, 0x5B, 
    0x5B, 0x5B, 0x3C, 0x58, 0x62, 0x89, 0xB1, 0xE2, 0xED, 0xF4, 0xF5, 0xFE, 0xFC, 0xFC, 0xF5, 0xFC, 
    0xFC, 0xFC, 0xFE, 0xFC, 0xFD, 0xFB, 0xFB, 0xFB, 0xF8, 0xE2, 0x52, 0x00, 0x00, 0x1B, 0x18, 0x19, 
    0x1C, 0x19, 0x19, 0x15, 0x19, 0x17, 0x15, 0x13, 0x0E, 0x13, 0x13, 0x07, 0x0B, 0x02, 0x05, 0x07, 
    0x02, 0x05, 0x03, 0x02, 0x02, 0x04, 0x03, 0x02, 0x03, 0x04, 0x02, 0x04, 0x02, 0x00, 0x03, 0x02, 
    0x03, 0x00, 0x02, 0x04, 0x02, 0x04, 0x02, 0x02, 0x02, 0x02, 0x02, 0x04, 0x02, 0x04, 0x03, 0x02, 
    0x02, 0x00, 0x02, 0x02, 0x02, 0x04, 0x02, 0x00, 0x02, 0x00, 0x01, 0x00, 0x00, 0x01, 0x00, 0x00, 
    0x00, 0x00, 0x00, 0x02, 0x00, 0x00, 0x00, 0x00, 0x00, 0x00, 0x00, 0x00, 0x00, 0x00, 0x03, 0x0C, 
    0x0C, 0x0C, 0x21, 0x3B, 0x6D, 0x7A, 0x7B, 0x7F, 0x83, 0x7F, 0x7F, 0x7D, 0x82, 0x82, 0x82, 0x82, 
    0x84, 0x82, 0x84, 0x88, 0x84, 0x8C, 0x84, 0x82, 0x82, 0x82, 0x82, 0x81, 0x7D, 0x81, 0x7F, 0x7E, 
    0x6F, 0x7A, 0x6D, 0x6C, 0x6C, 0x6A, 0x6A, 0x3A, 0x3A, 0x3A, 0x31, 0x30, 0x30, 0x2A, 0x22, 0x29, 
    0x29, 0x11, 0x10, 0x1A, 0x1A, 0x1A, 0x21, 0x29, 0x2C, 0x24, 0x22, 0x30, 0x30, 0x25, 0x31, 0x3A, 
    0x6B, 0x3D, 0x79, 0x5B, 0x5B, 0x5B, 0x5B, 0x19, 0x19, 0x4D, 0x5F, 0x47, 0x4D, 0x46, 0x3F, 0x3E, 
    0x33, 0xB3, 0xCD, 0xD3, 0xD4, 0xD5, 0xD5, 0xD9, 0xD7, 0xD8, 0xD5, 0xD4, 0xD2, 0xB9, 0x45, 0x45, 
    0xAB, 0xB2, 0xCA, 0xC8, 0xCC, 0xCD, 0xB9, 0x41, 0x1D, 0x41, 0x1B, 0x1D, 0x42, 0x1E, 0x1D, 0x1D, 
    0x19, 0x07, 0x00, 0x00, 0x00, 0x00, 0x00, 0x00, 0x00, 0x19, 0x57, 0x62, 0xE2, 0xE8, 0xE8, 0xE5, 
    0x9C, 0x87, 0x58, 0x3D, 0x5B, 0x6C, 0x7A, 0x7A, 0x7A, 0x7A, 0x79, 0x7A, 0x7E, 0x7A, 0x79, 0x7E, 
    0x5B, 0x7A, 0x5B, 0x7A, 0x59, 0x3D, 0x5D, 0x86, 0x91, 0xE5, 0xE6, 0xF1, 0xFC, 0xFC, 0xFC, 0xFC, 
    0xFC, 0xF5, 0xFC, 0xFC, 0xFC, 0xFE, 0xFB, 0xFD, 0xFB, 0xFD, 0xFA, 0xE8, 0x60, 0x07, 0x00, 0x19, 
    0x1B, 0x1C, 0x19, 0x19, 0x17, 0x19, 0x15, 0x19, 0x13, 0x10, 0x13, 0x0B, 0x07, 0x13, 0x07, 0x03, 
    0x07, 0x07, 0x05, 0x03, 0x05, 0x03, 0x04, 0x03, 0x04, 0x03, 0x04, 0x03, 0x02, 0x05, 0x04, 0x01, 
    0x04, 0x05, 0x04, 0x03, 0x04, 0x01, 0x04, 0x01, 0x04, 0x01, 0x00, 0x03, 0x00, 0x01, 0x04, 0x01, 
    0x02, 0x05, 0x00, 0x04, 0x04, 0x00, 0x04, 0x02, 0x00, 0x04, 0x01, 0x02, 0x02, 0x00, 0x02, 0x01, 
    0x02, 0x04, 0x00, 0x01, 0x00, 0x04, 0x00, 0x02, 0x00, 0x04, 0x00, 0x00, 0x00, 0x01, 0x05, 0x03, 
    0x07, 0x11, 0x0C, 0x11, 0x2C, 0x3D, 0x79, 0x7E, 0x7F, 0x7F, 0x7F, 0x83, 0x81, 0x82, 0x82, 0x83, 
    0x82, 0x84, 0x84, 0x84, 0x8C, 0x84, 0x8C, 0x84, 0x85, 0x84, 0x82, 0x82, 0x81, 0x7F, 0x7F, 0x7B, 
    0x7B, 0x6D, 0x7A, 0x6D, 0x6F, 0x6A, 0x6C, 0x6A, 0x6A, 0x3A, 0x31, 0x31, 0x2A, 0x25, 0x2A, 0x2A, 
    0x29, 0x29, 0x27, 0x21, 0x21, 0x21, 0x2A, 0x20, 0x2A, 0x30, 0x24, 0x2F, 0x30, 0x31, 0x3A, 0x6B, 
    0x6C, 0x6B, 0x7A, 0x6C, 0x5B, 0x7A, 0x54, 0x10, 0x1B, 0x41, 0x41, 0x47, 0x46, 0x4C, 0x4B, 0x46, 
    0x45, 0xBE, 0xCB, 0xD2, 0xD9, 0xD9, 0xD9, 0xD9, 0xD9, 0xD9, 0xD8, 0xD5, 0xD4, 0xCB, 0xAC, 0x16, 
    0xB2, 0xBF, 0xD2, 0xD4, 0xD1, 0xD4, 0xD2, 0xB9, 0x47, 0x16, 0x1E, 0x1D, 0x19, 0x13, 0x03, 0x00, 
    0x00, 0x00, 0x00, 0x00, 0x00, 0x1B, 0x57, 0x62, 0xB1, 0xE2, 0xE3, 0xE3, 0x8A, 0x86, 0x3D, 0x3D, 
    0x3D, 0x5B, 0x7A, 0x7E, 0x7E, 0x79, 0x7E, 0x5B, 0x7E, 0x7E, 0x7E, 0x7A, 0x7E, 0x80, 0x7E, 0x79, 
    0x7E, 0x7A, 0x7A, 0x7E, 0x7A, 0x5B, 0x5B, 0x5A, 0x3D, 0x60, 0x86, 0xB0, 0xE6, 0xF5, 0xF5, 0xFC, 
    0xF5, 0xFC, 0xFC, 0xFC, 0xF5, 0xFD, 0xFC, 0xFD, 0xFD, 0xFB, 0xFB, 0xFB, 0xFB, 0xEA, 0x91, 0x1E, 
    0x00, 0x19, 0x1D, 0x1B, 0x19, 0x19, 0x15, 0x17, 0x19, 0x13, 0x19, 0x13, 0x0B, 0x13, 0x07, 0x0B, 
    0x07, 0x05, 0x03, 0x07, 0x02, 0x05, 0x03, 0x05, 0x02, 0x04, 0x03, 0x04, 0x03, 0x00, 0x03, 0x04, 
    0x02, 0x04, 0x03, 0x04, 0x03, 0x04, 0x03, 0x00, 0x03, 0x00, 0x03, 0x04, 0x03, 0x02, 0x00, 0x00, 
    0x03, 0x00, 0x01, 0x02, 0x00, 0x01, 0x02, 0x04, 0x00, 0x04, 0x02, 0x00, 0x04, 0x00, 0x01, 0x00, 
    0x04, 0x00, 0x00, 0x00, 0x04, 0x00, 0x02, 0x00, 0x04, 0x00, 0x00, 0x00, 0x00, 0x01, 0x03, 0x00, 
    0x00, 0x00, 0x0B, 0x0C, 0x11, 0x0C, 0x39, 0x7A, 0x7F, 0x7F, 0x81, 0x7F, 0x7F, 0x7D, 0x82, 0x83, 
    0x82, 0x82, 0x83, 0x84, 0x84, 0x82, 0x84, 0x82, 0x82, 0x84, 0x82, 0x81, 0x81, 0x81, 0x7F, 0x7E, 
    0x7F, 0x7A, 0x6D, 0x6C, 0x6D, 0x6B, 0x6C, 0x6B, 0x6A, 0x3A, 0x65, 0x31, 0x26, 0x30, 0x30, 0x29, 
    0x2A, 0x2B, 0x29, 0x2A, 0x22, 0x29, 0x22, 0x2A, 0x25, 0x2C, 0x25, 0x2F, 0x26, 0x3A, 0x6A, 0x6C, 
    0x6C, 0x5B, 0x7B, 0x6C, 0x7A, 0x5B, 0x2B, 0x1D, 0x1D, 0x3F, 0x46, 0x4C, 0xAD, 0xB3, 0xB2, 0xAC, 
    0x4C, 0xBD, 0xD4, 0xD4, 0xDC, 0xD9, 0xDC, 0xDC, 0xDC, 0xD9, 0xD9, 0xD9, 0xD5, 0xD4, 0xBA, 0x45, 
    0xCA, 0xD2, 0xD4, 0xD4, 0xD4, 0xD2, 0xD1, 0xD2, 0xB3, 0x41, 0x19, 0x07, 0x00, 0x00, 0x00, 0x00, 
    0x00, 0x00, 0x04, 0x00, 0x53, 0xE3, 0xE2, 0x9C, 0x87, 0x86, 0x5E, 0x7A, 0x7A, 0x7E, 0x79, 0x7E, 
    0x79, 0x80, 0x5B, 0x7E, 0x79, 0x7E, 0x7A, 0x7F, 0x80, 0x7E, 0x7B, 0x80, 0x7E, 0x7F, 0x81, 0x7F, 
    0x80, 0x7E, 0x80, 0x7E, 0x7E, 0x7E, 0x79, 0x7E, 0x79, 0x5B, 0x3C, 0xE2, 0x56, 0x89, 0xEA, 0xF4, 
    0xFC, 0xFC, 0xFC, 0xFC, 0xFC, 0xFC, 0xFC, 0xFC, 0xFD, 0xFD, 0xFD, 0xFD, 0xFB, 0xFB, 0xFB, 0xEA, 
    0xB1, 0x44, 0x00, 0x13, 0x1B, 0x1B, 0x1B, 0x19, 0x15, 0x17, 0x15, 0x19, 0x15, 0x0B, 0x13, 0x15, 
    0x0B, 0x07, 0x07, 0x07, 0x05, 0x07, 0x05, 0x07, 0x05, 0x05, 0x04, 0x03, 0x04, 0x03, 0x04, 0x01, 
    0x04, 0x05, 0x05, 0x01, 0x05, 0x02, 0x05, 0x01, 0x04, 0x01, 0x04, 0x01, 0x04, 0x01, 0x04, 0x05, 
    0x04, 0x01, 0x04, 0x05, 0x04, 0x00, 0x04, 0x01, 0x04, 0x01, 0x00, 0x00, 0x00, 0x04, 0x00, 0x04, 
    0x00, 0x00, 0x04, 0x00, 0x00, 0x04, 0x00, 0x01, 0x00, 0x00, 0x04, 0x00, 0x01, 0x09, 0x05, 0x01, 
    0x01, 0x00, 0x00, 0x03, 0x0B, 0x0F, 0x0B, 0x27, 0x3B, 0x7A, 0x7F, 0x7F, 0x7F, 0x7F, 0x81, 0x7F, 
    0x81, 0x83, 0x82, 0x84, 0x82, 0x8C, 0x8C, 0x84, 0x81, 0x83, 0x81, 0x81, 0x81, 0x81, 0x7F, 0x7F, 
    0x7B, 0x7B, 0x7B, 0x6D, 0x7A, 0x6D, 0x6B, 0x69, 0x6A, 0x6B, 0x31, 0x31, 0x31, 0x26, 0x30, 0x30, 
    0x2A, 0x2A, 0x29, 0x2A, 0x2A, 0x22, 0x2F, 0x25, 0x2F, 0x2F, 0x31, 0x31, 0x31, 0x6B, 0x6B, 0x6C, 
    0x7A, 0x7B, 0x7A, 0x7A, 0x79, 0x5B, 0x19, 0x34, 0x41, 0x47, 0x50, 0xB2, 0xCA, 0xBD, 0xCC, 0xBD, 
    0xAC, 0xBE, 0xD4, 0xD5, 0xD9, 0xD9, 0xD9, 0xDC, 0xDC, 0xDC, 0xD9, 0xDA, 0xD8, 0xD4, 0xCB, 0xAC, 
    0xBF, 0xD2, 0xD4, 0xD4, 0xD5, 0xD4, 0xD2, 0xD1, 0xB9, 0x3F, 0x09, 0x06, 0x01, 0x00, 0x00, 0x00, 
    0x00, 0x00, 0x00, 0x1D, 0x60, 0x86, 0x5E, 0x7E, 0x7E, 0x5E, 0x7F, 0x80, 0x7E, 0x7E, 0x7E, 0x7E, 
    0x7E, 0x7E, 0x7E, 0x7E, 0x80, 0x7E, 0x7F, 0x7E, 0x7F, 0x7E, 0x81, 0x80, 0x7F, 0x80, 0x7F, 0x7E, 
    0x7F, 0x80, 0x7D, 0x7E, 0x7E, 0x80, 0x7E, 0x7E, 0x7E, 0x7E, 0x7A, 0x89, 0x5C, 0x00, 0x51, 0xC6, 
    0xC7, 0xFA, 0xFD, 0xFC, 0xF6, 0xFC, 0xFD, 0xFC, 0xFD, 0xFD, 0xF5, 0xFB, 0xFD, 0xFB, 0xFD, 0xFB, 
    0xFB, 0xF8, 0xE2, 0x53, 0x00, 0x06, 0x19, 0x1B, 0x19, 0x17, 0x19, 0x17, 0x17, 0x13, 0x10, 0x13, 
    0x07, 0x0E, 0x07, 0x07, 0x0B, 0x02, 0x03, 0x07, 0x03, 0x06, 0x02, 0x02, 0x02, 0x00, 0x02, 0x02, 
    0x03, 0x04, 0x03, 0x06, 0x03, 0x04, 0x03, 0x02, 0x03, 0x04, 0x02, 0x02, 0x02, 0x04, 0x02, 0x02, 
    0x02, 0x02, 0x02, 0x00, 0x02, 0x02, 0x02, 0x04, 0x00, 0x04, 0x00, 0x01, 0x00, 0x01, 0x02, 0x00, 
    0x01, 0x04, 0x02, 0x00, 0x00, 0x00, 0x00, 0x00, 0x00, 0x00, 0x00, 0x00, 0x03, 0x03, 0x03, 0x05, 
    0x02, 0x00, 0x00, 0x00, 0x00, 0x07, 0x0F, 0x0C, 0x0A, 0x21, 0x3C, 0x7A, 0x6F, 0x7F, 0x7F, 0x7F, 
    0x7F, 0x7D, 0x83, 0x7F, 0x82, 0x82, 0x82, 0x82, 0x82, 0x81, 0x82, 0x81, 0x82, 0x81, 0x7F, 0x7F, 
    0x7B, 0x7A, 0x6F, 0x7A, 0x6F, 0x7A, 0x69, 0x6C, 0x6D, 0x3A, 0x69, 0x3A, 0x6A, 0x31, 0x31, 0x2F, 
    0x25, 0x2A, 0x21, 0x21, 0x25, 0x2F, 0x25, 0x25, 0x26, 0x30, 0x31, 0x3A, 0x6A, 0x6C, 0x6D, 0x3D, 
    0x6D, 0x7A, 0x6C, 0x7A, 0x7A, 0x38, 0x18, 0x53, 0x4A, 0xB3, 0xBC, 0xBD, 0xCC, 0xCC, 0xCC, 0xCC, 
    0xB2, 0xBD, 0xD5, 0xD5, 0xD9, 0xD9, 0xDC, 0xDC, 0xDC, 0xDC, 0xDC, 0xD9, 0xD5, 0xD2, 0xBF, 0xAC, 
    0xBE, 0xD2, 0xD2, 0xD6, 0xD5, 0xD4, 0xD2, 0xD2, 0x50, 0x08, 0x0B, 0x02, 0x00, 0x00, 0x00, 0x00, 
    0x00, 0x00, 0x00, 0x5C, 0x60, 0x7E, 0x5E, 0x80, 0x80, 0x7D, 0x80, 0x7E, 0x80, 0x7F, 0x79, 0x7F, 
    0x7A, 0x7E, 0x7A, 0x7E, 0x79, 0x7F, 0x7E, 0x7E, 0x81, 0x7F, 0x81, 0x7F, 0x81, 0x7F, 0x80, 0x7D, 
    0x81, 0x7F, 0x81, 0x7F, 0x80, 0x7E, 0x80, 0x7E, 0x80, 0x7E, 0x80, 0x7E, 0x91, 0x18, 0x00, 0x4E, 
    0xB9, 0xBC, 0xCF, 0xF7, 0xFA, 0xFD, 0xFC, 0xFD, 0xF4, 0xFD, 0xFC, 0xFE, 0xFD, 0xFD, 0xFD, 0xFD, 
    0xFB, 0xFB, 0xFB, 0xF8, 0xE2, 0x57, 0x00, 0x00, 0x19, 0x19, 0x19, 0x19, 0x19, 0x0E, 0x13, 0x15, 
    0x13, 0x0B, 0x13, 0x13, 0x07, 0x07, 0x05, 0x03, 0x05, 0x07, 0x05, 0x03, 0x04, 0x03, 0x04, 0x02, 
    0x05, 0x02, 0x05, 0x02, 0x05, 0x06, 0x05, 0x02, 0x05, 0x02, 0x04, 0x03, 0x04, 0x03, 0x04, 0x01, 
    0x04, 0x01, 0x02, 0x01, 0x04, 0x01, 0x04, 0x01, 0x04, 0x02, 0x00, 0x02, 0x04, 0x00, 0x04, 0x00, 
    0x00, 0x01, 0x00, 0x04, 0x00, 0x02, 0x00, 0x04, 0x00, 0x00, 0x00, 0x03, 0x0B, 0x09, 0x0B, 0x09, 
    0x05, 0x03, 0x01, 0x00, 0x00, 0x00, 0x01, 0x0B, 0x10, 0x0F, 0x0C, 0x2C, 0x3C, 0x6F, 0x7F, 0x7F, 
    0x7F, 0x7F, 0x7D, 0x81, 0x83, 0x83, 0x82, 0x82, 0x81, 0x7F, 0x81, 0x81, 0x7D, 0x7F, 0x81, 0x7F, 
    0x7A, 0x7F, 0x7A, 0x6D, 0x7B, 0x6C, 0x6D, 0x6C, 0x6D, 0x6C, 0x6A, 0x6A, 0x65, 0x6A, 0x31, 0x26, 
    0x30, 0x25, 0x2A, 0x24, 0x25, 0x25, 0x2F, 0x31, 0x31, 0x31, 0x31, 0x6A, 0x6B, 0x6C, 0x7A, 0x6C, 
    0x7B, 0x7B, 0x7A, 0x7A, 0x7A, 0x2B, 0x42, 0x47, 0xAD, 0xBD, 0xCC, 0xCD, 0xCC, 0xD2, 0xCC, 0xBF, 
    0xB9, 0xBD, 0xD4, 0xD5, 0xD8, 0xDC, 0xD8, 0xDB, 0xDC, 0xDB, 0xD9, 0xD9, 0xD8, 0xD4, 0xBF, 0x4F, 
    0xBE, 0xCB, 0xD2, 0xD4, 0xD4, 0xD2, 0xD2, 0xBA, 0x18, 0x0B, 0x0B, 0x02, 0x00, 0x00, 0x00, 0x00, 
    0x00, 0x00, 0x1C, 0x62, 0x5E, 0x80, 0x80, 0x80, 0x81, 0x80, 0x81, 0x80, 0x7E, 0x80, 0x7E, 0x7E, 
    0x7E, 0x7B, 0x7F, 0x7E, 0x7E, 0x7A, 0x7F, 0x81, 0x7F, 0x81, 0x7B, 0x81, 0x7F, 0x81, 0x83, 0x7D, 
    0x81, 0x81, 0x7F, 0x81, 0x7F, 0x7E, 0x7F, 0x7E, 0x80, 0x80, 0x7E, 0x7E, 0x62, 0x60, 0x00, 0x3F, 
    0xAD, 0xB4, 0xB9, 0xBE, 0xC0, 0xD0, 0xFA, 0xFB, 0xFE, 0xFC, 0xFC, 0xFD, 0xFD, 0xFB, 0xFD, 0xFD, 
    0xFD, 0xFD, 0xFD, 0xFB, 0xFD, 0xFB, 0xE8, 0x60, 0x00, 0x00, 0x15, 0x1B, 0x19, 0x17, 0x19, 0x13, 
    0x10, 0x13, 0x0B, 0x0E, 0x07, 0x0B, 0x0E, 0x03, 0x07, 0x05, 0x03, 0x05, 0x02, 0x04, 0x03, 0x04, 
    0x03, 0x04, 0x03, 0x04, 0x03, 0x04, 0x03, 0x04, 0x03, 0x04, 0x03, 0x04, 0x02, 0x02, 0x02, 0x01, 
    0x02, 0x04, 0x01, 0x04, 0x01, 0x00, 0x04, 0x04, 0x02, 0x00, 0x01, 0x00, 0x04, 0x01, 0x00, 0x04, 
    0x01, 0x04, 0x00, 0x00, 0x01, 0x00, 0x00, 0x00, 0x00, 0x00, 0x00, 0x0B, 0x09, 0x0C, 0x11, 0x0B, 
    0x0C, 0x07, 0x09, 0x01, 0x01, 0x00, 0x00, 0x00, 0x03, 0x0B, 0x11, 0x0C, 0x0F, 0x2C, 0x6D, 0x7B, 
    0x7F, 0x7E, 0x7F, 0x81, 0x7F, 0x7D, 0x82, 0x82, 0x83, 0x7D, 0x7F, 0x7D, 0x7F, 0x81, 0x7F, 0x7F, 
    0x7F, 0x7A, 0x7F, 0x6C, 0x6D, 0x6C, 0x6D, 0x6D, 0x6C, 0x6C, 0x69, 0x6A, 0x6A, 0x6A, 0x3A, 0x26, 
    0x26, 0x2F, 0x25, 0x2C, 0x31, 0x30, 0x26, 0x31, 0x65, 0x3A, 0x6A, 0x6C, 0x6C, 0x6C, 0x6D, 0x7A, 
    0x7C, 0x7E, 0x6D, 0x7A, 0x7A, 0x19, 0x1E, 0x4D, 0xB2, 0xBD, 0xCC, 0xCC, 0xD2, 0xCD, 0xCD, 0xBD, 
    0xB3, 0xB9, 0xD4, 0xD4, 0xD9, 0xD9, 0xDC, 0xDC, 0xDC, 0xD8, 0xDC, 0xD8, 0xD5, 0xD4, 0xBA, 0x3E, 
    0xB8, 0xCE, 0xCB, 0xD2, 0xD4, 0xD2, 0xBF, 0x46, 0x08, 0x0B, 0x05, 0x00, 0x00, 0x00, 0x00, 0x00, 
    0x00, 0x00, 0x57, 0x62, 0x58, 0x81, 0x80, 0x80, 0x81, 0x81, 0x7F, 0x81, 0x81, 0x7F, 0x81, 0x7B, 
    0x80, 0x7F, 0x7B, 0x7F, 0x81, 0x7F, 0x7B, 0x7F, 0x7B, 0x7F, 0x81, 0x7F, 0x81, 0x7F, 0x81, 0x81, 
    0x83, 0x81, 0x81, 0x7F, 0x81, 0x7F, 0x81, 0x7F, 0x81, 0x7E, 0x7E, 0x7F, 0x79, 0x91, 0x53, 0x00, 
    0x50, 0xB3, 0xB9, 0xB9, 0xB8, 0xB9, 0xB8, 0xC4, 0xE7, 0xF8, 0xFB, 0xFD, 0xFC, 0xFC, 0xFD, 0xF4, 
    0xFD, 0xFD, 0xFD, 0xFD, 0xFB, 0xFD, 0xFB, 0xFB, 0xEA, 0x91, 0x19, 0x00, 0x13, 0x19, 0x19, 0x0E, 
    0x15, 0x15, 0x13, 0x15, 0x13, 0x0B, 0x07, 0x07, 0x07, 0x03, 0x05, 0x07, 0x05, 0x02, 0x05, 0x03, 
    0x05, 0x07, 0x05, 0x07, 0x05, 0x07, 0x05, 0x07, 0x05, 0x02, 0x05, 0x03, 0x04, 0x03, 0x04, 0x01, 
    0x04, 0x01, 0x04, 0x01, 0x02, 0x01, 0x04, 0x04, 0x04, 0x01, 0x02, 0x00, 0x00, 0x02, 0x04, 0x00, 
    0x00, 0x04, 0x00, 0x02, 0x00, 0x04, 0x00, 0x05, 0x00, 0x00, 0x05, 0x0C, 0x0C, 0x11, 0x0C, 0x11, 
    0x0C, 0x0B, 0x09, 0x09, 0x01, 0x00, 0x00, 0x00, 0x00, 0x01, 0x03, 0x0C, 0x0C, 0x0C, 0x21, 0x3A, 
    0x7A, 0x7F, 0x7B, 0x7F, 0x7B, 0x7F, 0x81, 0x81, 0x81, 0x83, 0x81, 0x7F, 0x81, 0x81, 0x81, 0x7E, 
    0x6D, 0x7B, 0x79, 0x6D, 0x7A, 0x7B, 0x6C, 0x6D, 0x6D, 0x6C, 0x6B, 0x6D, 0x69, 0x6A, 0x6A, 0x6A, 
    0x31, 0x31, 0x24, 0x31, 0x31, 0x65, 0x31, 0x3A, 0x3C, 0x6B, 0x6B, 0x6D, 0x6C, 0x6D, 0x7B, 0x6D, 
    0x7F, 0x7B, 0x7A, 0x7F, 0x3C, 0x53, 0x48, 0x4C, 0xB9, 0xBD, 0xCC, 0xCD, 0xD2, 0xCC, 0xCD, 0xBE, 
    0xAC, 0xAD, 0xCB, 0xD4, 0xD9, 0xD9, 0xD9, 0xDC, 0xD9, 0xD9, 0xD9, 0xD5, 0xD8, 0xD2, 0x4F, 0x45, 
    0x4E, 0xBA, 0xBE, 0xBE, 0xC0, 0xBA, 0x4D, 0x08, 0x10, 0x09, 0x02, 0x00, 0x00, 0x00, 0x00, 0x00, 
    0x00, 0x1C, 0x5C, 0x60, 0x5E, 0x80, 0x81, 0x80, 0x80, 0x81, 0x81, 0x80, 0x81, 0x79, 0x81, 0x80, 
    0x7F, 0x7F, 0x7B, 0x7E, 0x81, 0x7E, 0x7B, 0x79, 0x7F, 0x7B, 0x7F, 0x7B, 0x7B, 0x7F, 0x7F, 0x7F, 
    0x7F, 0x7F, 0x7F, 0x7F, 0x83, 0x7E, 0x7F, 0x81, 0x7B, 0x7E, 0x7F, 0x80, 0x7E, 0x5E, 0x87, 0x00, 
    0x0D, 0xB9, 0xBC, 0xBD, 0xBD, 0xBD, 0xB2, 0x3E, 0x12, 0x4B, 0xB7, 0xF9, 0xFA, 0xFD, 0xFE, 0xFD, 
    0xFD, 0xFD, 0xF4, 0xFD, 0xFD, 0xFD, 0xFD, 0xFB, 0xFB, 0xFB, 0xEA, 0xB1, 0x48, 0x00, 0x00, 0x19, 
    0x19, 0x13, 0x0B, 0x13, 0x07, 0x07, 0x13, 0x07, 0x0B, 0x06, 0x07, 0x07, 0x03, 0x07, 0x03, 0x04, 
    0x02, 0x05, 0x02, 0x06, 0x03, 0x06, 0x02, 0x02, 0x03, 0x04, 0x03, 0x04, 0x02, 0x00, 0x02, 0x04, 
    0x02, 0x00, 0x02, 0x02, 0x02, 0x00, 0x02, 0x02, 0x00, 0x01, 0x04, 0x00, 0x01, 0x00, 0x04, 0x01, 
    0x04, 0x00, 0x01, 0x00, 0x00, 0x00, 0x00, 0x00, 0x00, 0x01, 0x09, 0x0C, 0x21, 0x10, 0x0F, 0x11, 
    0x0C, 0x0B, 0x11, 0x0B, 0x09, 0x01, 0x01, 0x00, 0x00, 0x00, 0x00, 0x01, 0x09, 0x0B, 0x11, 0x0B, 
    0x20, 0x3D, 0x7E, 0x7E, 0x7E, 0x7E, 0x7F, 0x81, 0x82, 0x7D, 0x7F, 0x7F, 0x7D, 0x7B, 0x7F, 0x7E, 
    0x6C, 0x6C, 0x6C, 0x7B, 0x6D, 0x6C, 0x6D, 0x6C, 0x6D, 0x6C, 0x69, 0x6B, 0x6B, 0x6B, 0x6A, 0x3A, 
    0x35, 0x31, 0x26, 0x31, 0x3A, 0x39, 0x3A, 0x3A, 0x6A, 0x6B, 0x6C, 0x6C, 0x6D, 0x7F, 0x7F, 0x7F, 
    0x7F, 0x7A, 0x6F, 0x7E, 0x37, 0x42, 0x56, 0x4B, 0xB3, 0xBD, 0xBD, 0xCC, 0xCD, 0xCC, 0xBC, 0xB9, 
    0x4C, 0x4B, 0xB8, 0xD4, 0xD5, 0xD8, 0xD9, 0xD9, 0xDC, 0xD9, 0xD9, 0xD8, 0xD5, 0xCB, 0x45, 0x8E, 
    0x17, 0x4C, 0x50, 0x8F, 0x50, 0x46, 0x0A, 0x10, 0x07, 0x03, 0x02, 0x00, 0x00, 0x00, 0x00, 0x00, 
    0x17, 0x57, 0x57, 0x60, 0x5B, 0x81, 0x7F, 0x81, 0x80, 0x7D, 0x81, 0x81, 0x80, 0x81, 0x81, 0x81, 
    0x81, 0x7F, 0x7F, 0x7F, 0x81, 0x7F, 0x7B, 0x6D, 0x7B, 0x6D, 0x7B, 0x6D, 0x6C, 0x6D, 0x7A, 0x7B, 
    0x7B, 0x83, 0x7F, 0x7F, 0x7F, 0x7F, 0x81, 0x7F, 0x7E, 0x7F, 0x7D, 0x7F, 0x80, 0x5D, 0x89, 0x52, 
    0x00, 0x4C, 0xBD, 0xCC, 0xCC, 0xCC, 0xCC, 0xAC, 0x3F, 0xB2, 0xD3, 0xD3, 0xD3, 0xE0, 0xF9, 0xFB, 
    0xFD, 0xFE, 0xFD, 0xFD, 0xFB, 0xF5, 0xFB, 0xF5, 0xFB, 0xFB, 0xFB, 0xF4, 0xF8, 0xE2, 0x57, 0x00, 
    0x00, 0x15, 0x19, 0x19, 0x13, 0x07, 0x17, 0x07, 0x0B, 0x07, 0x07, 0x05, 0x05, 0x07, 0x05, 0x07, 
    0x05, 0x07, 0x05, 0x05, 0x05, 0x05, 0x05, 0x02, 0x04, 0x03, 0x05, 0x03, 0x02, 0x03, 0x04, 0x03, 
    0x04, 0x03, 0x04, 0x03, 0x04, 0x03, 0x01, 0x04, 0x00, 0x02, 0x00, 0x02, 0x04, 0x00, 0x00, 0x01, 
    0x00, 0x04, 0x00, 0x04, 0x00, 0x01, 0x00, 0x00, 0x00, 0x09, 0x0C, 0x21, 0x2B, 0x29, 0x0C, 0x0F, 
    0x0C, 0x11, 0x11, 0x0F, 0x0B, 0x09, 0x01, 0x01, 0x00, 0x00, 0x00, 0x00, 0x04, 0x03, 0x09, 0x11, 
    0x0B, 0x0F, 0x32, 0x6C, 0x7F, 0x7F, 0x7E, 0x7F, 0x81, 0x7F, 0x81, 0x7F, 0x7F, 0x7F, 0x7F, 0x7E, 
    0x6C, 0x6D, 0x7A, 0x6C, 0x7B, 0x6B, 0x7A, 0x6D, 0x6B, 0x6C, 0x6C, 0x6D, 0x6B, 0x6A, 0x3A, 0x6A, 
    0x6A, 0x35, 0x31, 0x3A, 0x6A, 0x6A, 0x3C, 0x6B, 0x6B, 0x69, 0x6C, 0x6D, 0x7A, 0x6F, 0x81, 0x7F, 
    0x7B, 0x7F, 0x7F, 0x7E, 0x2D, 0x53, 0x16, 0x16, 0x4F, 0xB9, 0xBD, 0xBE, 0xBE, 0xBA, 0xB4, 0x4F, 
    0x3E, 0x45, 0x4B, 0xB8, 0xD4, 0xD6, 0xD9, 0xD9, 0xD9, 0xD9, 0xD9, 0xD5, 0xD4, 0xBA, 0x3E, 0x49, 
    0x3F, 0x45, 0x3F, 0x1D, 0x3F, 0x18, 0x11, 0x0B, 0x03, 0x01, 0x00, 0x00, 0x00, 0x00, 0x00, 0x05, 
    0x53, 0x53, 0x60, 0x57, 0x7E, 0x80, 0x81, 0x81, 0x81, 0x80, 0x81, 0x80, 0x7D, 0x81, 0x7F, 0x80, 
    0x83, 0x7E, 0x7F, 0x79, 0x7B, 0x7A, 0x6D, 0x6C, 0x6C, 0x6B, 0x69, 0x6B, 0x69, 0x6C, 0x6D, 0x6D, 
    0x6D, 0x7A, 0x7B, 0x7F, 0x7B, 0x7F, 0x81, 0x7A, 0x7F, 0x81, 0x83, 0x7F, 0x7F, 0x7E, 0x80, 0x62, 
    0x00, 0x00, 0xB2, 0xCC, 0xCC, 0xCC, 0xCC, 0xB3, 0xAD, 0xCD, 0xD4, 0xD6, 0xD5, 0xD3, 0xD3, 0xC0, 
    0xC7, 0xFA, 0xFB, 0xFE, 0xFC, 0xFE, 0xFD, 0xFD, 0xFD, 0xF4, 0xF5, 0xFB, 0xFB, 0xF4, 0xF8, 0xE2, 
    0x62, 0x06, 0x00, 0x07, 0x15, 0x17, 0x13, 0x13, 0x0E, 0x07, 0x07, 0x07, 0x07, 0x03, 0x03, 0x05, 
    0x02, 0x07, 0x02, 0x07, 0x03, 0x06, 0x07, 0x06, 0x03, 0x06, 0x03, 0x01, 0x02, 0x04, 0x03, 0x00, 
    0x03, 0x02, 0x03, 0x04, 0x03, 0x00, 0x02, 0x00, 0x02, 0x00, 0x05, 0x00, 0x02, 0x01, 0x00, 0x04, 
    0x00, 0x02, 0x00, 0x01, 0x00, 0x04, 0x00, 0x00, 0x01, 0x0B, 0x0F, 0x37, 0x37, 0x29, 0x0F, 0x11, 
    0x11, 0x11, 0x0F, 0x10, 0x11, 0x0B, 0x0A, 0x03, 0x08, 0x00, 0x00, 0x00, 0x00, 0x00, 0x03, 0x0B, 
    0x0B, 0x0B, 0x0A, 0x21, 0x39, 0x7B, 0x7F, 0x7E, 0x7E, 0x7E, 0x7F, 0x7F, 0x6F, 0x79, 0x7F, 0x7A, 
    0x6D, 0x7A, 0x7F, 0x7A, 0x6C, 0x7E, 0x6D, 0x6C, 0x6D, 0x6C, 0x6D, 0x6B, 0x69, 0x6B, 0x6A, 0x3A, 
    0x65, 0x31, 0x6A, 0x3A, 0x6A, 0x6B, 0x6B, 0x6A, 0x6C, 0x6C, 0x6D, 0x7A, 0x7F, 0x7A, 0x7F, 0x7F, 
    0x7B, 0x7E, 0x7F, 0x5B, 0x1E, 0x48, 0x1D, 0x16, 0x3E, 0xAC, 0xAC, 0xAC, 0x4F, 0xAC, 0x50, 0xAC, 
    0xAC, 0x4B, 0x3E, 0x4B, 0xB2, 0xD4, 0xD4, 0xDA, 0xD4, 0xD8, 0xD5, 0xD4, 0xCD, 0xAC, 0x45, 0x4F, 
    0x46, 0x46, 0x16, 0x1D, 0x1D, 0x1A, 0x10, 0x09, 0x01, 0x00, 0x00, 0x00, 0x00, 0x00, 0x00, 0x1E, 
    0x48, 0x2D, 0x57, 0x5D, 0x7A, 0x81, 0x80, 0x81, 0x81, 0x81, 0x81, 0x81, 0x81, 0x81, 0x81, 0x81, 
    0x80, 0x7F, 0x7E, 0x7C, 0x7A, 0x6D, 0x6B, 0x6D, 0x6B, 0x69, 0x6B, 0x6C, 0x6B, 0x6D, 0x6B, 0x6D, 
    0x7A, 0x6D, 0x7B, 0x7F, 0x7B, 0x7F, 0x7B, 0x7B, 0x7F, 0x81, 0x7F, 0x81, 0x81, 0x7D, 0x79, 0x5B, 
    0x14, 0x00, 0x16, 0xBA, 0xCC, 0xCC, 0xCC, 0xB4, 0xAD, 0xD2, 0xD3, 0xD3, 0xD8, 0xD4, 0xC0, 0xAC, 
    0xAB, 0xAC, 0xC5, 0xFA, 0xFB, 0xFD, 0xFD, 0xFC, 0xFD, 0xFD, 0xFB, 0xF5, 0xF4, 0xF4, 0xF4, 0xF4, 
    0xF8, 0xEA, 0x62, 0x19, 0x00, 0x05, 0x15, 0x15, 0x13, 0x0E, 0x07, 0x0B, 0x07, 0x07, 0x07, 0x07, 
    0x05, 0x07, 0x05, 0x07, 0x05, 0x02, 0x05, 0x05, 0x05, 0x02, 0x05, 0x01, 0x01, 0x01, 0x05, 0x01, 
    0x04, 0x01, 0x05, 0x01, 0x04, 0x05, 0x04, 0x01, 0x04, 0x01, 0x04, 0x00, 0x04, 0x00, 0x01, 0x00, 
    0x01, 0x04, 0x00, 0x04, 0x00, 0x01, 0x00, 0x00, 0x0B, 0x0A, 0x2B, 0x58, 0x3B, 0x2B, 0x27, 0x11, 
    0x0C, 0x11, 0x11, 0x11, 0x0C, 0x0F, 0x0B, 0x0B, 0x08, 0x08, 0x00, 0x00, 0x00, 0x00, 0x00, 0x01, 
    0x05, 0x0B, 0x0B, 0x0C, 0x0B, 0x22, 0x3C, 0x7B, 0x79, 0x6F, 0x79, 0x7F, 0x7B, 0x6F, 0x7B, 0x6D, 
    0x7A, 0x6D, 0x7A, 0x7B, 0x7A, 0x6D, 0x7A, 0x6D, 0x6B, 0x6C, 0x6C, 0x6C, 0x6B, 0x6B, 0x6B, 0x6B, 
    0x6B, 0x6A, 0x3A, 0x6A, 0x6A, 0x6B, 0x6B, 0x6D, 0x7A, 0x6D, 0x7A, 0x7B, 0x7B, 0x6F, 0x79, 0x7F, 
    0x7F, 0x7F, 0x81, 0x2E, 0x04, 0x48, 0x16, 0x16, 0x46, 0x46, 0x3E, 0x4C, 0xB3, 0xBA, 0xB8, 0xBE, 
    0xBD, 0xBA, 0xB3, 0x4B, 0x46, 0xAD, 0xCA, 0xCE, 0xD4, 0xD4, 0xCE, 0xBE, 0xB4, 0x4C, 0xBC, 0xB4, 
    0x3F, 0x16, 0x3F, 0x1D, 0x18, 0x11, 0x09, 0x03, 0x00, 0x00, 0x00, 0x00, 0x00, 0x00, 0x00, 0x42, 
    0x62, 0x62, 0x57, 0x5E, 0x79, 0x5E, 0x7F, 0x81, 0x7D, 0x81, 0x82, 0x85, 0x7D, 0x81, 0x82, 0x85, 
    0x7F, 0x7E, 0x7A, 0x5B, 0x6D, 0x6B, 0x69, 0x6B, 0x6A, 0x6B, 0x6C, 0x6B, 0x69, 0x6B, 0x6B, 0x6C, 
    0x69, 0x6C, 0x6C, 0x7A, 0x7F, 0x7A, 0x6C, 0x7F, 0x7F, 0x81, 0x7F, 0x81, 0x82, 0x7E, 0x7E, 0x80, 
    0x5A, 0x06, 0x00, 0x45, 0xBC, 0xCB, 0xBE, 0x50, 0xAC, 0xCD, 0xD5, 0xD1, 0xD4, 0xBA, 0x50, 0x50, 
    0xAE, 0xAB, 0x4B, 0xAB, 0xC1, 0xD0, 0xF8, 0xFB, 0xFE, 0xFB, 0xFD, 0xFD, 0xFD, 0xFB, 0xF5, 0xF4, 
    0xF4, 0xEF, 0xEF, 0xEA, 0x91, 0x44, 0x00, 0x00, 0x07, 0x17, 0x0B, 0x13, 0x07, 0x07, 0x0B, 0x02, 
    0x03, 0x05, 0x03, 0x02, 0x03, 0x07, 0x03, 0x07, 0x02, 0x07, 0x03, 0x03, 0x03, 0x01, 0x03, 0x02, 
    0x03, 0x00, 0x03, 0x04, 0x02, 0x02, 0x02, 0x02, 0x02, 0x04, 0x00, 0x02, 0x01, 0x00, 0x00, 0x04, 
    0x00, 0x00, 0x00, 0x00, 0x00, 0x00, 0x00, 0x01, 0x0F, 0x11, 0x5A, 0x5E, 0x38, 0x2E, 0x2B, 0x0F, 
    0x11, 0x11, 0x0F, 0x11, 0x11, 0x11, 0x11, 0x11, 0x09, 0x09, 0x09, 0x04, 0x00, 0x00, 0x00, 0x00, 
    0x00, 0x02, 0x03, 0x0B, 0x0F, 0x0B, 0x0F, 0x2C, 0x6C, 0x6F, 0x7A, 0x7A, 0x7E, 0x7A, 0x6D, 0x7A, 
    0x6F, 0x6C, 0x6D, 0x7A, 0x6D, 0x6B, 0x6C, 0x6B, 0x7B, 0x6B, 0x6D, 0x6C, 0x6D, 0x3D, 0x6C, 0x3A, 
    0x6A, 0x3A, 0x6A, 0x3C, 0x6B, 0x6C, 0x6F, 0x6C, 0x6D, 0x7A, 0x7B, 0x7E, 0x7F, 0x7E, 0x7F, 0x7E, 
    0x7E, 0x7E, 0x5B, 0x54, 0x10, 0x17, 0x16, 0x16, 0x4C, 0x4C, 0x4E, 0xB9, 0xCC, 0xCC, 0xCD, 0xD3, 
    0xD2, 0xCC, 0xBE, 0xAC, 0x4C, 0x45, 0x4B, 0xAB, 0xB5, 0xB8, 0xBA, 0x4F, 0x4C, 0x46, 0xB2, 0xB3, 
    0x46, 0x46, 0x4C, 0x34, 0x29, 0x0C, 0x0B, 0x01, 0x00, 0x00, 0x00, 0x00, 0x00, 0x00, 0x07, 0x62, 
    0x91, 0x62, 0x62, 0x5E, 0x79, 0x7E, 0x80, 0x81, 0x80, 0x81, 0x81, 0x81, 0x81, 0x80, 0x81, 0x81, 
    0x80, 0x7A, 0x6C, 0x3C, 0x6B, 0x6A, 0x6B, 0x6A, 0x3A, 0x65, 0x3C, 0x6A, 0x6B, 0x6B, 0x6B, 0x6B, 
    0x6B, 0x6B, 0x6B, 0x6B, 0x7A, 0x6C, 0x7A, 0x7F, 0x81, 0x7F, 0x80, 0x83, 0x79, 0x7E, 0x82, 0x82, 
    0x80, 0x37, 0x00, 0x01, 0x4C, 0xB3, 0x4E, 0x4D, 0x4B, 0xAD, 0xB3, 0xBA, 0xB4, 0xAB, 0xAC, 0xAE, 
    0xAD, 0xAB, 0x4D, 0x50, 0x4B, 0xAE, 0xAE, 0xC1, 0xE9, 0xFB, 0xFD, 0xFC, 0xFC, 0xF4, 0xFB, 0xFD, 
    0xFB, 0xF4, 0xF4, 0xEF, 0xF4, 0xEA, 0xE2, 0x60, 0x07, 0x00, 0x07, 0x10, 0x13, 0x07, 0x07, 0x07, 
    0x07, 0x07, 0x07, 0x05, 0x07, 0x03, 0x06, 0x03, 0x05, 0x07, 0x05, 0x02, 0x05, 0x02, 0x05, 0x03, 
    0x05, 0x02, 0x04, 0x03, 0x04, 0x01, 0x04, 0x01, 0x02, 0x01, 0x00, 0x00, 0x02, 0x00, 0x01, 0x02, 
    0x00, 0x02, 0x00, 0x02, 0x01, 0x00, 0x04, 0x09, 0x0A, 0x38, 0x80, 0x5B, 0x5A, 0x3B, 0x2E, 0x21, 
    0x11, 0x11, 0x0C, 0x21, 0x10, 0x11, 0x0C, 0x11, 0x0C, 0x09, 0x09, 0x09, 0x01, 0x00, 0x00, 0x00, 
    0x00, 0x00, 0x00, 0x03, 0x07, 0x0B, 0x0C, 0x0C, 0x0C, 0x39, 0x6C, 0x7A, 0x7A, 0x6C, 0x6C, 0x6C, 
    0x7A, 0x6D, 0x7A, 0x6C, 0x7A, 0x6D, 0x7A, 0x6D, 0x7A, 0x7B, 0x7B, 0x6C, 0x6C, 0x6B, 0x7A, 0x6C, 
    0x6C, 0x6B, 0x6B, 0x6F, 0x7A, 0x6D, 0x7A, 0x6D, 0x7B, 0x7F, 0x7E, 0x7F, 0x7A, 0x7E, 0x6C, 0x7B, 
    0x5B, 0x3D, 0x0B, 0x5A, 0x53, 0x0D, 0x41, 0x46, 0x4B, 0xB2, 0xBE, 0xCB, 0xD4, 0xD4, 0xD8, 0xD4, 
    0xD8, 0xCB, 0xCB, 0xBE, 0xAB, 0x4C, 0x46, 0x46, 0x46, 0x46, 0x4B, 0x46, 0x4B, 0x50, 0x46, 0x50, 
    0x50, 0x50, 0x47, 0x1C, 0x0F, 0x0B, 0x03, 0x00, 0x00, 0x00, 0x00, 0x00, 0x00, 0x00, 0x1C, 0x62, 
    0x5D, 0x5E, 0x58, 0x5B, 0x7E, 0x80, 0x7D, 0x81, 0x81, 0x80, 0x81, 0x80, 0x81, 0x7D, 0x7F, 0x80, 
    0x7F, 0x7A, 0x6C, 0x3C, 0x32, 0x3C, 0x3A, 0x31, 0x3A, 0x31, 0x3A, 0x31, 0x3A, 0x3C, 0x3C, 0x3C, 
    0x3A, 0x3D, 0x6B, 0x6B, 0x6B, 0x3C, 0x6C, 0x7B, 0x7F, 0x81, 0x7F, 0x79, 0x7D, 0x82, 0x82, 0x81, 
    0x7D, 0x80, 0x36, 0x00, 0x1D, 0x07, 0x17, 0x4C, 0x50, 0x4C, 0x4C, 0x4B, 0x50, 0xB4, 0xBA, 0xCA, 
    0xBE, 0xB3, 0x51, 0xB5, 0xAE, 0x50, 0x4D, 0xAB, 0x4F, 0xAF, 0xF8, 0xFB, 0xFD, 0xFD, 0xF4, 0xF4, 
    0xF4, 0xF4, 0xF5, 0xF4, 0xF4, 0xF4, 0xEF, 0xF4, 0xE8, 0x62, 0x19, 0x00, 0x05, 0x13, 0x0E, 0x07, 
    0x07, 0x05, 0x03, 0x07, 0x05, 0x07, 0x07, 0x05, 0x07, 0x02, 0x03, 0x06, 0x03, 0x07, 0x03, 0x05, 
    0x02, 0x05, 0x03, 0x04, 0x03, 0x04, 0x03, 0x00, 0x00, 0x04, 0x01, 0x02, 0x04, 0x01, 0x02, 0x00, 
    0x04, 0x00, 0x05, 0x00, 0x00, 0x00, 0x03, 0x0B, 0x20, 0x5E, 0x80, 0x5D, 0x5E, 0x38, 0x3B, 0x2B, 
    0x21, 0x11, 0x11, 0x11, 0x0C, 0x11, 0x10, 0x0C, 0x10, 0x11, 0x09, 0x09, 0x03, 0x01, 0x00, 0x00, 
    0x00, 0x00, 0x00, 0x00, 0x03, 0x03, 0x0B, 0x0B, 0x0F, 0x0B, 0x20, 0x3B, 0x6A, 0x6B, 0x6C, 0x6C, 
    0x6D, 0x6C, 0x6C, 0x6C, 0x6D, 0x7A, 0x6C, 0x6C, 0x6C, 0x7A, 0x6D, 0x6B, 0x6D, 0x6C, 0x3D, 0x6C, 
    0x6B, 0x3C, 0x6C, 0x6C, 0x6C, 0x7B, 0x6C, 0x7E, 0x7F, 0x7A, 0x6D, 0x7A, 0x7A, 0x7A, 0x6C, 0x3C, 
    0x2E, 0x0B, 0x07, 0x15, 0x18, 0x3E, 0x46, 0x4F, 0xB4, 0xCD, 0xD2, 0xD3, 0xD5, 0xD8, 0xD5, 0xD8, 
    0xD5, 0xD3, 0xD4, 0xCB, 0xBA, 0x46, 0x4C, 0x46, 0x4B, 0x3E, 0x4B, 0xAC, 0xB8, 0xBB, 0x50, 0x50, 
    0xAD, 0xAE, 0x4D, 0x21, 0x0C, 0x0B, 0x00, 0x00, 0x00, 0x00, 0x00, 0x00, 0x00, 0x13, 0x5F, 0x5D, 
    0x58, 0x5B, 0x5E, 0x79, 0x7A, 0x7E, 0x80, 0x81, 0x81, 0x81, 0x80, 0x81, 0x81, 0x81, 0x80, 0x7F, 
    0x7E, 0x7A, 0x7A, 0x6B, 0x32, 0x2C, 0x31, 0x31, 0x31, 0x31, 0x32, 0x31, 0x2F, 0x3A, 0x32, 0x3A, 
    0x3C, 0x3A, 0x3C, 0x6B, 0x32, 0x6B, 0x6B, 0x7A, 0x7B, 0x7A, 0x7A, 0x81, 0x83, 0x81, 0x85, 0x84, 
    0x85, 0x82, 0x80, 0x2E, 0x3E, 0x5F, 0x17, 0xAD, 0xB4, 0xAD, 0xAB, 0xAC, 0xB8, 0xBE, 0xCB, 0xCB, 
    0xCB, 0xCA, 0xB8, 0xAE, 0x50, 0xAE, 0x50, 0x51, 0xAE, 0x4F, 0xAB, 0xC1, 0xF7, 0xFB, 0xFD, 0xFC, 
    0xFC, 0xF4, 0xF4, 0xF4, 0xF4, 0xF4, 0xF4, 0xF4, 0xEF, 0xEF, 0xE8, 0x62, 0x1E, 0x00, 0x04, 0x0B, 
    0x07, 0x07, 0x07, 0x03, 0x05, 0x07, 0x04, 0x07, 0x05, 0x05, 0x05, 0x07, 0x05, 0x07, 0x05, 0x03, 
    0x05, 0x03, 0x05, 0x01, 0x05, 0x01, 0x04, 0x01, 0x04, 0x01, 0x00, 0x01, 0x00, 0x00, 0x04, 0x01, 
    0x00, 0x04, 0x00, 0x02, 0x00, 0x01, 0x0B, 0x0F, 0x5A, 0x88, 0x87, 0x7D, 0x58, 0x5D, 0x59, 0x2E, 
    0x2B, 0x21, 0x14, 0x11, 0x0C, 0x0F, 0x0C, 0x0F, 0x0C, 0x11, 0x0C, 0x09, 0x09, 0x0A, 0x01, 0x00, 
    0x00, 0x00, 0x00, 0x00, 0x00, 0x00, 0x05, 0x09, 0x0B, 0x0C, 0x0C, 0x11, 0x2A, 0x3A, 0x6B, 0x6C, 
    0x6B, 0x6C, 0x7A, 0x6C, 0x6C, 0x6C, 0x7B, 0x7B, 0x7A, 0x6D, 0x6C, 0x6C, 0x7A, 0x6C, 0x6C, 0x7A, 
    0x6C, 0x6C, 0x6C, 0x6D, 0x7A, 0x7B, 0x7A, 0x7B, 0x7A, 0x7A, 0x7A, 0x7A, 0x7A, 0x7A, 0x2E, 0x10, 
    0x06, 0x0B, 0x0B, 0x07, 0x41, 0x47, 0x4C, 0xB2, 0xCB, 0xD2, 0xD4, 0xD4, 0xD8, 0xD5, 0xD8, 0xD9, 
    0xD8, 0xD9, 0xD4, 0xD4, 0xBE, 0xAB, 0x3E, 0x46, 0x46, 0x4C, 0xB8, 0xBF, 0xBE, 0xBE, 0xBA, 0xAD, 
    0xB5, 0xAE, 0x56, 0x0A, 0x11, 0x03, 0x00, 0x00, 0x00, 0x00, 0x00, 0x00, 0x00, 0x55, 0x5C, 0x5B, 
    0x5B, 0x5E, 0x5B, 0x5D, 0x7E, 0x80, 0x7E, 0x80, 0x7F, 0x80, 0x7D, 0x81, 0x81, 0x7E, 0x7E, 0x79, 
    0x6D, 0x6C, 0x6B, 0x3C, 0x3B, 0x29, 0x2C, 0x31, 0x32, 0x30, 0x30, 0x30, 0x30, 0x2C, 0x25, 0x2C, 
    0x30, 0x30, 0x39, 0x2C, 0x3A, 0x3A, 0x6B, 0x7A, 0x3D, 0x38, 0x7F, 0x7E, 0x7F, 0x81, 0x82, 0x82, 
    0x82, 0x82, 0x82, 0x85, 0x37, 0x4D, 0x4D, 0xB3, 0xBE, 0xBD, 0xB3, 0xB9, 0xBF, 0xCB, 0xD4, 0xD3, 
    0xD4, 0xD3, 0xBD, 0xB4, 0xAC, 0xAC, 0x50, 0x50, 0xAE, 0x50, 0xB5, 0xB3, 0xAC, 0xB9, 0xC7, 0xF7, 
    0xFB, 0xFC, 0xFD, 0xF5, 0xF4, 0xF1, 0xF4, 0xF4, 0xF4, 0xEF, 0xEF, 0xEA, 0xE6, 0x91, 0x2D, 0x00, 
    0x00, 0x07, 0x07, 0x07, 0x05, 0x07, 0x03, 0x07, 0x05, 0x06, 0x07, 0x03, 0x05, 0x07, 0x02, 0x05, 
    0x02, 0x07, 0x02, 0x04, 0x03, 0x00, 0x02, 0x02, 0x02, 0x02, 0x00, 0x05, 0x00, 0x00, 0x01, 0x02, 
    0x00, 0x00, 0x00, 0x00, 0x00, 0x03, 0x09, 0x2B, 0x7D, 0x87, 0x80, 0x86, 0x80, 0x5D, 0x5A, 0x3B, 
    0x36, 0x29, 0x0F, 0x11, 0x11, 0x11, 0x11, 0x11, 0x11, 0x0C, 0x10, 0x11, 0x0A, 0x09, 0x09, 0x08, 
    0x00, 0x00, 0x00, 0x00, 0x00, 0x00, 0x00, 0x02, 0x03, 0x07, 0x09, 0x0C, 0x10, 0x0F, 0x2C, 0x6B, 
    0x6B, 0x6B, 0x6C, 0x6B, 0x6D, 0x6C, 0x6C, 0x7A, 0x6D, 0x7A, 0x6D, 0x6C, 0x6B, 0x6C, 0x6B, 0x3D, 
    0x6C, 0x3C, 0x6C, 0x7A, 0x6C, 0x7A, 0x6D, 0x7A, 0x6C, 0x7A, 0x7A, 0x3D, 0x3B, 0x11, 0x06, 0x06, 
    0x00, 0x0B, 0x0E, 0x04, 0x41, 0x4C, 0xAD, 0xBE, 0xD4, 0xD4, 0xD6, 0xD8, 0xD9, 0xD9, 0xD9, 0xD9, 
    0xD9, 0xD8, 0xD5, 0xD4, 0xCB, 0xAD, 0x46, 0x46, 0x4C, 0xB8, 0xCD, 0xD2, 0xD2, 0xCC, 0xCB, 0xB4, 
    0xAC, 0x51, 0x11, 0x0F, 0x0B, 0x00, 0x00, 0x00, 0x00, 0x00, 0x00, 0x00, 0x41, 0x5C, 0x5A, 0x5B, 
    0x5A, 0x7A, 0x5B, 0x5B, 0x79, 0x7E, 0x80, 0x7D, 0x80, 0x81, 0x80, 0x7B, 0x80, 0x7F, 0x79, 0x7B, 
    0x7A, 0x6C, 0x6C, 0x3C, 0x3A, 0x39, 0x0C, 0x30, 0x32, 0x30, 0x30, 0x30, 0x2F, 0x2F, 0x2F, 0x30, 
    0x2F, 0x31, 0x2E, 0x31, 0x32, 0x3C, 0x3C, 0x3B, 0x3C, 0x6B, 0x7A, 0x7A, 0x81, 0x82, 0x85, 0x82, 
    0x81, 0x82, 0x82, 0x8C, 0x80, 0x57, 0x16, 0xAE, 0xBD, 0xCD, 0xB8, 0xCB, 0xD4, 0xD4, 0xD4, 0xD8, 
    0xD3, 0xD4, 0xCB, 0xB8, 0xB8, 0xB3, 0xB4, 0xAC, 0xB4, 0xBD, 0xBD, 0xBC, 0xCA, 0xB3, 0xAC, 0xAB, 
    0xB4, 0xE9, 0xFB, 0xFD, 0xFC, 0xFC, 0xFC, 0xF4, 0xF4, 0xF4, 0xF4, 0xEF, 0xEF, 0xEF, 0xE8, 0x89, 
    0x1E, 0x00, 0x00, 0x07, 0x07, 0x07, 0x04, 0x07, 0x05, 0x07, 0x05, 0x07, 0x05, 0x07, 0x05, 0x03, 
    0x05, 0x07, 0x05, 0x02, 0x04, 0x05, 0x00, 0x01, 0x04, 0x01, 0x02, 0x00, 0x02, 0x02, 0x00, 0x00, 
    0x04, 0x02, 0x00, 0x02, 0x01, 0x0C, 0x0C, 0x5D, 0x9B, 0x88, 0x87, 0x80, 0x5E, 0x5B, 0x58, 0x38, 
    0x37, 0x2C, 0x29, 0x11, 0x0C, 0x0F, 0x0C, 0x10, 0x0C, 0x0F, 0x0C, 0x11, 0x15, 0x0A, 0x0A, 0x0A, 
    0x01, 0x00, 0x00, 0x00, 0x00, 0x00, 0x00, 0x00, 0x00, 0x01, 0x05, 0x09, 0x0C, 0x11, 0x0C, 0x21, 
    0x39, 0x6B, 0x6B, 0x6C, 0x6B, 0x6D, 0x7A, 0x6D, 0x7A, 0x6C, 0x7A, 0x6D, 0x6B, 0x6C, 0x6C, 0x6B, 
    0x6C, 0x6B, 0x6C, 0x6C, 0x6C, 0x7A, 0x7A, 0x7A, 0x7A, 0x3D, 0x3B, 0x2C, 0x12, 0x00, 0x04, 0x04, 
    0x00, 0x09, 0x00, 0x0E, 0x3F, 0x4D, 0xBA, 0xBF, 0xD4, 0xD5, 0xD9, 0xD9, 0xD9, 0xD9, 0xD9, 0xD9, 
    0xD9, 0xD9, 0xD8, 0xD4, 0xCB, 0xB4, 0x46, 0x46, 0xAC, 0xCD, 0xD4, 0xD3, 0xD4, 0xD4, 0xD4, 0xBF, 
    0x50, 0x55, 0x1F, 0x11, 0x09, 0x00, 0x00, 0x00, 0x00, 0x00, 0x07, 0x00, 0x53, 0x5A, 0x58, 0x5B, 
    0x5B, 0x5B, 0x7A, 0x7A, 0x7E, 0x7E, 0x7E, 0x80, 0x7F, 0x80, 0x7E, 0x80, 0x7E, 0x7E, 0x7F, 0x7A, 
    0x6D, 0x6B, 0x6B, 0x3C, 0x31, 0x3A, 0x32, 0x0B, 0x2C, 0x2A, 0x2A, 0x2A, 0x30, 0x2A, 0x25, 0x2C, 
    0x30, 0x2E, 0x2C, 0x32, 0x39, 0x32, 0x30, 0x3C, 0x3C, 0x3C, 0x7B, 0x7E, 0x7F, 0x81, 0x81, 0x84, 
    0x82, 0x85, 0x82, 0x82, 0x82, 0x86, 0x37, 0x4B, 0xBE, 0xCC, 0xBA, 0xCB, 0xD4, 0xD4, 0xD8, 0xD4, 
    0xD4, 0xCB, 0xCB, 0xBE, 0xCB, 0xCC, 0xB8, 0xB8, 0xCC, 0xCC, 0xD3, 0xCB, 0xCC, 0xBD, 0xBA, 0xAD, 
    0x4F, 0x4F, 0xB4, 0xE9, 0xFB, 0xFB, 0xFC, 0xFC, 0xF5, 0xF4, 0xF5, 0xEF, 0xF4, 0xEF, 0xEF, 0xE6, 
    0xE6, 0x89, 0x53, 0x00, 0x00, 0x07, 0x07, 0x07, 0x07, 0x06, 0x05, 0x06, 0x07, 0x02, 0x03, 0x07, 
    0x02, 0x04, 0x03, 0x04, 0x03, 0x02, 0x03, 0x04, 0x02, 0x00, 0x00, 0x04, 0x01, 0x00, 0x04, 0x02, 
    0x01, 0x00, 0x00, 0x01, 0x09, 0x0B, 0x3B, 0x88, 0x82, 0x86, 0x7D, 0x86, 0x80, 0x5E, 0x7E, 0x5D, 
    0x59, 0x37, 0x2C, 0x29, 0x0F, 0x0C, 0x0C, 0x10, 0x0F, 0x11, 0x10, 0x0C, 0x0F, 0x11, 0x11, 0x0A, 
    0x0A, 0x01, 0x01, 0x00, 0x00, 0x00, 0x00, 0x00, 0x00, 0x00, 0x00, 0x01, 0x03, 0x09, 0x11, 0x11, 
    0x11, 0x2C, 0x3C, 0x3C, 0x3D, 0x3C, 0x6B, 0x6B, 0x6C, 0x3C, 0x6B, 0x3C, 0x6B, 0x3C, 0x6B, 0x3D, 
    0x6C, 0x3C, 0x6C, 0x3D, 0x3D, 0x5B, 0x6C, 0x3D, 0x3B, 0x29, 0x0B, 0x00, 0x02, 0x04, 0x00, 0x00, 
    0x00, 0x41, 0x61, 0x4D, 0x46, 0xAD, 0xBE, 0xCD, 0xD4, 0xD5, 0xD9, 0xD9, 0xD9, 0xDC, 0xDC, 0xDC, 
    0xD9, 0xD8, 0xD5, 0xD4, 0xD4, 0xB8, 0x4B, 0xAB, 0xC0, 0xD4, 0xD4, 0xD4, 0xD5, 0xD8, 0xD4, 0xCD, 
    0x51, 0x2B, 0x21, 0x0C, 0x00, 0x00, 0x00, 0x00, 0x19, 0x1E, 0x55, 0x1E, 0x44, 0x5B, 0x59, 0x3C, 
    0x3C, 0x7A, 0x58, 0x79, 0x79, 0x7E, 0x80, 0x7E, 0x80, 0x7F, 0x80, 0x7E, 0x79, 0x7F, 0x7B, 0x6B, 
    0x6B, 0x6B, 0x3C, 0x3A, 0x31, 0x3A, 0x30, 0x2A, 0x0B, 0x2C, 0x21, 0x29, 0x29, 0x2A, 0x27, 0x2C, 
    0x2A, 0x2C, 0x2C, 0x2C, 0x2A, 0x2A, 0x3C, 0x3C, 0x7A, 0x7B, 0x7A, 0x7B, 0x81, 0x7F, 0x81, 0x81, 
    0x83, 0x81, 0x81, 0x81, 0x88, 0x85, 0x86, 0x57, 0xB3, 0xBA, 0xBA, 0xCB, 0xCB, 0xD4, 0xD3, 0xD8, 
    0xD4, 0xCD, 0xCB, 0xD3, 0xD8, 0xD8, 0xCC, 0xCA, 0xD3, 0xD3, 0xD8, 0xD8, 0xD3, 0xCB, 0xBD, 0xBA, 
    0xAC, 0xAE, 0xAB, 0x4F, 0xAC, 0xC7, 0xFA, 0xFB, 0xFC, 0xFC, 0xFC, 0xF5, 0xF4, 0xF1, 0xEF, 0xF4, 
    0xED, 0xEF, 0xE5, 0x89, 0x52, 0x00, 0x00, 0x07, 0x07, 0x07, 0x05, 0x07, 0x05, 0x07, 0x05, 0x03, 
    0x05, 0x07, 0x04, 0x01, 0x04, 0x01, 0x04, 0x01, 0x00, 0x03, 0x00, 0x04, 0x02, 0x00, 0x04, 0x00, 
    0x01, 0x04, 0x00, 0x03, 0x09, 0x21, 0x5E, 0x88, 0x85, 0x9B, 0x87, 0x87, 0x86, 0x7D, 0x80, 0x80, 
    0x58, 0x37, 0x2E, 0x2B, 0x1A, 0x11, 0x0C, 0x11, 0x11, 0x0F, 0x0C, 0x0C, 0x0C, 0x0C, 0x0C, 0x11, 
    0x0A, 0x0A, 0x08, 0x01, 0x00, 0x00, 0x00, 0x00, 0x00, 0x00, 0x00, 0x00, 0x00, 0x03, 0x07, 0x0B, 
    0x0C, 0x0F, 0x21, 0x30, 0x3C, 0x3C, 0x5B, 0x6B, 0x3C, 0x3C, 0x3B, 0x39, 0x30, 0x32, 0x2F, 0x32, 
    0x2C, 0x2C, 0x2C, 0x32, 0x2C, 0x2C, 0x2B, 0x10, 0x05, 0x00, 0x04, 0x04, 0x00, 0x00, 0x16, 0x46, 
    0x46, 0x46, 0x4D, 0x47, 0x47, 0xB4, 0xCD, 0xD4, 0xD4, 0xDA, 0xD9, 0xD9, 0xD9, 0xD9, 0xD8, 0xDC, 
    0xD9, 0xD9, 0xD8, 0xDA, 0xCB, 0xB8, 0x4B, 0xBA, 0xCB, 0xD4, 0xD4, 0xD5, 0xD9, 0xD5, 0xD4, 0xD4, 
    0x56, 0x22, 0x21, 0x09, 0x07, 0x15, 0x03, 0x1E, 0x53, 0x56, 0x91, 0x61, 0x54, 0x59, 0x3D, 0x38, 
    0x3D, 0x5B, 0x7A, 0x5B, 0x7E, 0x79, 0x7E, 0x7E, 0x7E, 0x7E, 0x7E, 0x79, 0x7E, 0x7A, 0x6D, 0x6C, 
    0x6C, 0x6C, 0x6A, 0x3C, 0x31, 0x32, 0x30, 0x32, 0x2B, 0x14, 0x2B, 0x1A, 0x0B, 0x01, 0x03, 0x0B, 
    0x29, 0x29, 0x21, 0x29, 0x2C, 0x3B, 0x6B, 0x3D, 0x6B, 0x6C, 0x6B, 0x7B, 0x6F, 0x7F, 0x7F, 0x83, 
    0x82, 0x82, 0x82, 0x81, 0x7D, 0x81, 0x80, 0x87, 0x47, 0xAC, 0xBA, 0xBD, 0xCD, 0xCB, 0xD4, 0xCB, 
    0xCD, 0xCB, 0xD8, 0xD3, 0xD8, 0xD3, 0xD3, 0xCC, 0xD4, 0xD8, 0xD4, 0xD8, 0xD3, 0xD3, 0xCC, 0xBD, 
    0xAD, 0xAC, 0x50, 0xAD, 0x4C, 0x4F, 0xB3, 0xC4, 0xF9, 0xFB, 0xFB, 0xF5, 0xFC, 0xF4, 0xF1, 0xF4, 
    0xF0, 0xEF, 0xEF, 0xE6, 0xE5, 0xB1, 0x52, 0x00, 0x00, 0x07, 0x07, 0x07, 0x05, 0x06, 0x03, 0x05, 
    0x03, 0x06, 0x02, 0x04, 0x02, 0x02, 0x02, 0x00, 0x02, 0x04, 0x01, 0x00, 0x01, 0x00, 0x04, 0x00, 
    0x04, 0x00, 0x03, 0x09, 0x11, 0x5A, 0x9E, 0x87, 0x88, 0x9B, 0x88, 0x87, 0x87, 0x87, 0x5E, 0x5E, 
    0x5D, 0x38, 0x38, 0x37, 0x2B, 0x29, 0x0F, 0x11, 0x11, 0x11, 0x11, 0x11, 0x0F, 0x11, 0x11, 0x10, 
    0x0A, 0x09, 0x0A, 0x09, 0x01, 0x00, 0x00, 0x00, 0x00, 0x00, 0x00, 0x00, 0x00, 0x00, 0x00, 0x03, 
    0x09, 0x0B, 0x11, 0x11, 0x2B, 0x32, 0x39, 0x2C, 0x2A, 0x29, 0x21, 0x11, 0x11, 0x0C, 0x0A, 0x09, 
    0x09, 0x03, 0x03, 0x00, 0x00, 0x00, 0x00, 0x00, 0x02, 0x00, 0x00, 0x00, 0x3F, 0x50, 0x4C, 0x4F, 
    0x4B, 0x45, 0x46, 0x4D, 0x4C, 0xB4, 0xCD, 0xD2, 0xD5, 0xD8, 0xD9, 0xD9, 0xDC, 0xDC, 0xDC, 0xD9, 
    0xD9, 0xD8, 0xD5, 0xD4, 0xD2, 0xB8, 0x50, 0xBE, 0xD4, 0xD4, 0xD5, 0xD8, 0xD5, 0xD5, 0xD5, 0xD4, 
    0x2C, 0x22, 0x2B, 0x53, 0x55, 0x56, 0x57, 0x5F, 0x48, 0x57, 0x57, 0x56, 0x54, 0x59, 0x3B, 0x3D, 
    0x5B, 0x7A, 0x5E, 0x7E, 0x5E, 0x7E, 0x79, 0x7E, 0x79, 0x7E, 0x7B, 0x7E, 0x7A, 0x7B, 0x7B, 0x6B, 
    0x6D, 0x6B, 0x6B, 0x6A, 0x31, 0x30, 0x30, 0x2C, 0x2A, 0x11, 0x14, 0x01, 0x00, 0x00, 0x00, 0x00, 
    0x07, 0x29, 0x14, 0x2A, 0x32, 0x3C, 0x32, 0x3B, 0x3C, 0x6D, 0x6C, 0x7B, 0x7F, 0x7C, 0x7F, 0x7F, 
    0x80, 0x83, 0x81, 0x81, 0x81, 0x7D, 0x79, 0x7D, 0x5C, 0x4F, 0xB8, 0xBA, 0xBD, 0xBE, 0xCB, 0xCB, 
    0xD3, 0xD4, 0xD8, 0xD8, 0xD8, 0xD8, 0xD8, 0xCB, 0xD4, 0xD9, 0xD8, 0xD9, 0xD8, 0xD5, 0xD4, 0xCD, 
    0xBA, 0xB4, 0x50, 0xAD, 0x50, 0xAD, 0xBE, 0xB9, 0xB9, 0xC0, 0xF7, 0xF8, 0xFC, 0xFC, 0xF5, 0xFC, 
    0xF1, 0xF0, 0xF4, 0xF0, 0xED, 0xED, 0xE8, 0x89, 0x54, 0x00, 0x00, 0x05, 0x07, 0x07, 0x05, 0x07, 
    0x05, 0x03, 0x06, 0x03, 0x04, 0x03, 0x04, 0x01, 0x00, 0x01, 0x02, 0x00, 0x02, 0x00, 0x02, 0x00, 
    0x02, 0x00, 0x07, 0x0B, 0x2E, 0x7D, 0x88, 0x88, 0x88, 0x87, 0x8A, 0x7D, 0x87, 0x7D, 0x80, 0x86, 
    0x80, 0x5D, 0x5B, 0x38, 0x37, 0x2C, 0x2B, 0x21, 0x11, 0x0F, 0x11, 0x11, 0x0C, 0x11, 0x11, 0x0C, 
    0x0B, 0x11, 0x0A, 0x1F, 0x09, 0x01, 0x00, 0x00, 0x00, 0x00, 0x00, 0x00, 0x00, 0x00, 0x00, 0x02, 
    0x00, 0x03, 0x0B, 0x0F, 0x0C, 0x21, 0x11, 0x11, 0x0C, 0x0C, 0x0C, 0x0B, 0x09, 0x09, 0x05, 0x03, 
    0x01, 0x01, 0x01, 0x00, 0x00, 0x00, 0x04, 0x00, 0x00, 0x01, 0x46, 0x8F, 0xB5, 0xB4, 0x4F, 0x4F, 
    0x4B, 0x4B, 0x46, 0x4D, 0x50, 0xB2, 0xCB, 0xD4, 0xD6, 0xD5, 0xD9, 0xD9, 0xD8, 0xD9, 0xDC, 0xD9, 
    0xD8, 0xDA, 0xD4, 0xD4, 0xCB, 0xB4, 0xB4, 0xCB, 0xD4, 0xD5, 0xD8, 0xD6, 0xD8, 0xDA, 0xD4, 0xD4, 
    0x25, 0x2C, 0x18, 0x48, 0x57, 0x55, 0x56, 0x57, 0x53, 0x57, 0x56, 0x19, 0x36, 0x59, 0x3D, 0x3C, 
    0x5B, 0x5B, 0x5B, 0x5B, 0x7E, 0x80, 0x7E, 0x5B, 0x7E, 0x7E, 0x7E, 0x7A, 0x7E, 0x7A, 0x6D, 0x6C, 
    0x6D, 0x6B, 0x6A, 0x3A, 0x3A, 0x32, 0x30, 0x2C, 0x22, 0x2E, 0x09, 0x00, 0x00, 0x00, 0x00, 0x00, 
    0x00, 0x0C, 0x29, 0x2C, 0x32, 0x32, 0x32, 0x3A, 0x6B, 0x6B, 0x6B, 0x79, 0x7B, 0x7F, 0x81, 0x7F, 
    0x83, 0x81, 0x82, 0x81, 0x7F, 0x81, 0x7F, 0x7A, 0x87, 0x51, 0xB9, 0xB9, 0xBC, 0xBD, 0xBE, 0xBE, 
    0xD4, 0xD8, 0xD8, 0xD8, 0xD8, 0xD8, 0xD8, 0xCB, 0xD4, 0xD8, 0xD9, 0xD9, 0xD9, 0xD9, 0xD5, 0xD4, 
    0xCB, 0xB4, 0xAD, 0xAE, 0xAD, 0xCA, 0xBE, 0xCB, 0xBE, 0xB8, 0xBA, 0xAD, 0xC5, 0xFD, 0xF5, 0xFD, 
    0xF5, 0xF5, 0xF4, 0xF0, 0xF0, 0xF0, 0xED, 0xE6, 0xE5, 0x91, 0x54, 0x07, 0x00, 0x00, 0x03, 0x07, 
    0x03, 0x06, 0x03, 0x04, 0x03, 0x04, 0x02, 0x04, 0x02, 0x04, 0x00, 0x02, 0x04, 0x00, 0x01, 0x04, 
    0x04, 0x01, 0x09, 0x1A, 0x7E, 0x88, 0x88, 0x88, 0x88, 0x87, 0x9B, 0x86, 0x88, 0x86, 0x87, 0x87, 
    0x7D, 0x86, 0x5D, 0x5B, 0x38, 0x3B, 0x2B, 0x2B, 0x21, 0x11, 0x11, 0x11, 0x0F, 0x11, 0x0F, 0x0B, 
    0x0C, 0x11, 0x0F, 0x1F, 0x0F, 0x0A, 0x01, 0x00, 0x00, 0x00, 0x00, 0x00, 0x00, 0x00, 0x00, 0x00, 
    0x00, 0x02, 0x01, 0x07, 0x0B, 0x0B, 0x0B, 0x0B, 0x09, 0x07, 0x01, 0x01, 0x03, 0x01, 0x03, 0x04, 
    0x01, 0x00, 0x00, 0x00, 0x02, 0x00, 0x00, 0x06, 0x46, 0x8F, 0xB5, 0xBA, 0xBA, 0xB8, 0xB2, 0xB9, 
    0xB3, 0xAC, 0x4C, 0x4D, 0x51, 0xB8, 0xCD, 0xD4, 0xD5, 0xD9, 0xDA, 0xD9, 0xD9, 0xDC, 0xD9, 0xD9, 
    0xD9, 0xD9, 0xD4, 0xD4, 0xBE, 0xAC, 0xBA, 0xCB, 0xD6, 0xD4, 0xD5, 0xD4, 0xD5, 0xD4, 0xD5, 0xD4, 
    0x24, 0x2B, 0x00, 0x2D, 0x56, 0x57, 0x53, 0x5F, 0x55, 0x52, 0x53, 0x52, 0x54, 0x3C, 0x59, 0x3D, 
    0x5B, 0x7A, 0x79, 0x7E, 0x5B, 0x7A, 0x79, 0x7E, 0x79, 0x7E, 0x7A, 0x7A, 0x7B, 0x7B, 0x7A, 0x6D, 
    0x6B, 0x6B, 0x6B, 0x3A, 0x31, 0x31, 0x2F, 0x25, 0x2C, 0x2C, 0x05, 0x00, 0x00, 0x00, 0x00, 0x00, 
    0x00, 0x00, 0x00, 0x09, 0x0C, 0x2A, 0x2E, 0x31, 0x3C, 0x6D, 0x6B, 0x6C, 0x6D, 0x7B, 0x7B, 0x7F, 
    0x81, 0x7B, 0x81, 0x7F, 0x81, 0x7F, 0x80, 0x6C, 0x86, 0x5D, 0x4F, 0xBE, 0xCA, 0xBE, 0xCB, 0xCB, 
    0xCB, 0xDA, 0xD8, 0xD8, 0xD8, 0xD8, 0xD8, 0xD4, 0xD4, 0xDA, 0xD9, 0xD9, 0xD8, 0xD9, 0xD8, 0xD4, 
    0xD3, 0xBE, 0xAC, 0x51, 0xB8, 0xBE, 0xCB, 0xCB, 0xCB, 0xBE, 0xAD, 0x4C, 0x55, 0xE6, 0xEF, 0xF5, 
    0xFC, 0xF5, 0xF5, 0xF5, 0xF1, 0xF1, 0xF0, 0xF0, 0xEF, 0xE4, 0xE5, 0x8A, 0x62, 0x2D, 0x00, 0x05, 
    0x07, 0x05, 0x04, 0x07, 0x04, 0x01, 0x04, 0x01, 0x01, 0x01, 0x00, 0x01, 0x04, 0x00, 0x00, 0x00, 
    0x00, 0x0B, 0x11, 0x37, 0x88, 0x88, 0x87, 0x88, 0x87, 0x88, 0x87, 0x7D, 0x87, 0x82, 0x86, 0x85, 
    0x86, 0x80, 0x86, 0x5B, 0x5B, 0x3D, 0x37, 0x2E, 0x2B, 0x21, 0x27, 0x0F, 0x0C, 0x11, 0x0B, 0x0B, 
    0x10, 0x11, 0x11, 0x1F, 0x1F, 0x1F, 0x0A, 0x01, 0x01, 0x00, 0x00, 0x00, 0x00, 0x00, 0x00, 0x00, 
    0x00, 0x00, 0x00, 0x01, 0x07, 0x09, 0x0B, 0x09, 0x05, 0x03, 0x05, 0x01, 0x05, 0x01, 0x00, 0x00, 
    0x00, 0x04, 0x00, 0x00, 0x00, 0x13, 0x4D, 0xAE, 0xBA, 0xBA, 0xBA, 0xBA, 0xBE, 0xBF, 0xCC, 0xCD, 
    0xCC, 0xCB, 0xB3, 0x4C, 0x51, 0xBA, 0xCB, 0xD6, 0xD4, 0xD6, 0xD9, 0xD9, 0xD9, 0xD9, 0xDC, 0xD9, 
    0xD8, 0xDA, 0xD4, 0xCB, 0xB4, 0xAE, 0xCA, 0xD4, 0xD4, 0xD4, 0xD4, 0xD4, 0xD4, 0xD4, 0xD4, 0xD2, 
    0x2B, 0x62, 0x91, 0xB0, 0x91, 0xE2, 0x5C, 0x5F, 0x91, 0x41, 0x53, 0x60, 0x5A, 0x38, 0x3C, 0x3C, 
    0x3D, 0x5B, 0x6F, 0x5E, 0x7E, 0x79, 0x7E, 0x5B, 0x7E, 0x5B, 0x7E, 0x7A, 0x7E, 0x7A, 0x6D, 0x6C, 
    0x69, 0x6D, 0x69, 0x6B, 0x6A, 0x3C, 0x3A, 0x31, 0x30, 0x32, 0x03, 0x00, 0x00, 0x00, 0x00, 0x00, 
    0x10, 0x1A, 0x10, 0x07, 0x00, 0x00, 0x00, 0x09, 0x2A, 0x32, 0x3C, 0x6B, 0x6D, 0x7B, 0x7B, 0x7E, 
    0x7B, 0x7E, 0x7F, 0x7F, 0x7F, 0x7E, 0x7F, 0x7A, 0x5B, 0x62, 0x1D, 0xB3, 0xBF, 0xBD, 0xBF, 0xCC, 
    0xCB, 0xD4, 0xD8, 0xD8, 0xD8, 0xD8, 0xD4, 0xCB, 0xD4, 0xD8, 0xD9, 0xD9, 0xDC, 0xD9, 0xD9, 0xD8, 
    0xD3, 0xCA, 0xB4, 0xAE, 0xAC, 0xBD, 0xCB, 0xCC, 0xBE, 0x4F, 0x34, 0x5A, 0x87, 0x80, 0x87, 0xE5, 
    0xEF, 0xF4, 0xF5, 0xF4, 0xF5, 0xF1, 0xF1, 0xF4, 0xF0, 0xED, 0xED, 0xE8, 0xE5, 0x62, 0x03, 0x07, 
    0x03, 0x06, 0x07, 0x02, 0x02, 0x04, 0x03, 0x02, 0x02, 0x00, 0x04, 0x02, 0x01, 0x00, 0x01, 0x00, 
    0x03, 0x10, 0x2B, 0x80, 0x9B, 0x82, 0x9B, 0x88, 0x88, 0x9B, 0x88, 0x86, 0x9B, 0x8A, 0x87, 0x87, 
    0x82, 0x86, 0x7D, 0x5D, 0x7E, 0x5A, 0x38, 0x38, 0x2C, 0x36, 0x20, 0x1A, 0x0F, 0x0B, 0x0B, 0x11, 
    0x11, 0x10, 0x0F, 0x10, 0x21, 0x20, 0x1F, 0x0A, 0x09, 0x01, 0x00, 0x00, 0x00, 0x00, 0x00, 0x00, 
    0x00, 0x00, 0x00, 0x00, 0x00, 0x01, 0x03, 0x05, 0x01, 0x02, 0x01, 0x00, 0x00, 0x00, 0x00, 0x00, 
    0x00, 0x00, 0x00, 0x1E, 0x4A, 0xAE, 0xB2, 0xB9, 0xB9, 0xBE, 0xBF, 0xCD, 0xCD, 0xD4, 0xD4, 0xD3, 
    0xD3, 0xD3, 0xBD, 0xB3, 0x4B, 0xB8, 0xD2, 0xD6, 0xD5, 0xD5, 0xD9, 0xD9, 0xD9, 0xDC, 0xD9, 0xD8, 
    0xDA, 0xD4, 0xD2, 0xB8, 0xAD, 0xAC, 0xBF, 0xD2, 0xD2, 0xD4, 0xD6, 0xD4, 0xD2, 0xD2, 0xC9, 0xBF, 
    0x55, 0xB1, 0xE8, 0xE7, 0xE7, 0xE7, 0xE2, 0x48, 0xB0, 0x62, 0x52, 0x58, 0x3B, 0x3D, 0x5B, 0x6C, 
    0x7A, 0x5B, 0x7A, 0x7E, 0x5D, 0x5B, 0x7A, 0x80, 0x7E, 0x7A, 0x7E, 0x7A, 0x7A, 0x7B, 0x7A, 0x6D, 
    0x6B, 0x6D, 0x6B, 0x69, 0x65, 0x6A, 0x31, 0x31, 0x2F, 0x3B, 0x2E, 0x00, 0x00, 0x00, 0x00, 0x1A, 
    0x2C, 0x30, 0x32, 0x3C, 0x3B, 0x32, 0x2B, 0x1A, 0x15, 0x04, 0x05, 0x11, 0x2C, 0x3C, 0x6B, 0x7B, 
    0x7A, 0x7F, 0x7F, 0x7F, 0x81, 0x7F, 0x7A, 0x6F, 0x3D, 0x52, 0x56, 0x3E, 0xB8, 0xBF, 0xCA, 0xBF, 
    0xCB, 0xCB, 0xD4, 0xD3, 0xD8, 0xD5, 0xD4, 0xCB, 0xD8, 0xD9, 0xD9, 0xDC, 0xD8, 0xDC, 0xD9, 0xD8, 
    0xD8, 0xBE, 0xAD, 0xAD, 0xB4, 0xBA, 0xB8, 0xB3, 0x45, 0x36, 0x58, 0x81, 0x86, 0x7D, 0x80, 0x80, 
    0x80, 0x8B, 0xED, 0xF4, 0xF5, 0xF5, 0xF1, 0xF1, 0xF4, 0xF0, 0xEC, 0x9D, 0x8A, 0x86, 0x2D, 0x00, 
    0x07, 0x02, 0x05, 0x07, 0x05, 0x05, 0x04, 0x01, 0x04, 0x01, 0x00, 0x02, 0x00, 0x00, 0x02, 0x02, 
    0x15, 0x2B, 0x38, 0x88, 0x88, 0x80, 0x87, 0x88, 0x9B, 0x9B, 0x88, 0x87, 0x9B, 0x9C, 0x8A, 0x9B, 
    0x87, 0x85, 0x7D, 0x5E, 0x5E, 0x7E, 0x58, 0x5A, 0x59, 0x37, 0x2C, 0x2B, 0x1A, 0x0C, 0x0B, 0x11, 
    0x11, 0x11, 0x11, 0x0F, 0x0F, 0x1F, 0x22, 0x23, 0x0A, 0x01, 0x01, 0x01, 0x00, 0x00, 0x00, 0x00, 
    0x00, 0x00, 0x00, 0x00, 0x00, 0x00, 0x00, 0x00, 0x00, 0x00, 0x00, 0x00, 0x00, 0x00, 0x00, 0x00, 
    0x02, 0x48, 0x47, 0xAF, 0xB5, 0xB3, 0xB3, 0xBA, 0xBD, 0xBE, 0xCD, 0xCD, 0xD4, 0xD4, 0xD4, 0xD8, 
    0xD3, 0xD3, 0xCC, 0xB9, 0x50, 0xBA, 0xCB, 0xD4, 0xD6, 0xD5, 0xDA, 0xD9, 0xD8, 0xDA, 0xD8, 0xD9, 
    0xD8, 0xD4, 0xCE, 0xB4, 0xAC, 0xB4, 0xCD, 0xCD, 0xCD, 0xD2, 0xCE, 0xD2, 0xCD, 0xBF, 0xBB, 0x4E, 
    0x52, 0xE7, 0xEA, 0xEA, 0xEA, 0xE8, 0xEA, 0xB1, 0x5C, 0x5E, 0x5A, 0x37, 0x38, 0x5B, 0x5B, 0x5B, 
    0x7A, 0x7A, 0x7E, 0x7E, 0x5B, 0x5B, 0x7E, 0x5B, 0x5B, 0x7A, 0x5B, 0x7A, 0x7A, 0x6F, 0x6C, 0x7B, 
    0x6D, 0x6B, 0x69, 0x6B, 0x69, 0x3A, 0x6A, 0x6A, 0x31, 0x30, 0x6A, 0x37, 0x1A, 0x1A, 0x2B, 0x2A, 
    0x30, 0x30, 0x39, 0x31, 0x3A, 0x3C, 0x6B, 0x6C, 0x7A, 0x5B, 0x3D, 0x59, 0x37, 0x2D, 0x2B, 0x2D, 
    0x2E, 0x2E, 0x3B, 0x3B, 0x3B, 0x3B, 0x3B, 0x3B, 0x2B, 0x00, 0x0E, 0x01, 0x45, 0xB9, 0xBE, 0xBE, 
    0xCB, 0xCB, 0xCC, 0xCB, 0xD4, 0xD3, 0xCB, 0xBD, 0xD5, 0xD8, 0xD9, 0xDC, 0xDB, 0xD9, 0xD9, 0xD8, 
    0xD8, 0xCA, 0x50, 0xAD, 0x51, 0x4C, 0x3E, 0x1C, 0x5A, 0x79, 0x80, 0x80, 0x7D, 0x81, 0x7D, 0x86, 
    0x80, 0x81, 0x7E, 0x88, 0xEB, 0xF4, 0xF5, 0xF4, 0xF1, 0xF1, 0xEB, 0xE4, 0x9D, 0x8A, 0x5E, 0x07, 
    0x07, 0x07, 0x07, 0x05, 0x05, 0x04, 0x07, 0x04, 0x02, 0x00, 0x02, 0x04, 0x00, 0x01, 0x00, 0x07, 
    0x29, 0x37, 0x81, 0x8A, 0x80, 0x5E, 0x80, 0x8A, 0x87, 0x8A, 0x88, 0x86, 0x88, 0x9B, 0x9B, 0x88, 
    0x85, 0x88, 0x87, 0x80, 0x7D, 0x80, 0x5D, 0x5B, 0x5B, 0x38, 0x36, 0x36, 0x2B, 0x0B, 0x11, 0x21, 
    0x1A, 0x11, 0x1A, 0x11, 0x11, 0x11, 0x21, 0x20, 0x20, 0x0A, 0x08, 0x01, 0x01, 0x00, 0x00, 0x00, 
    0x00, 0x00, 0x00, 0x00, 0x00, 0x00, 0x00, 0x00, 0x00, 0x00, 0x00, 0x00, 0x00, 0x00, 0x1B, 0x3F, 
    0x4D, 0x4D, 0x45, 0x4F, 0xAC, 0xB3, 0xB9, 0xBD, 0xBD, 0xCC, 0xD2, 0xD2, 0xD4, 0xD4, 0xD5, 0xD4, 
    0xD5, 0xD3, 0xD1, 0xBD, 0xAD, 0xB8, 0xD4, 0xD4, 0xD6, 0xD8, 0xD9, 0xD9, 0xD9, 0xDC, 0xD9, 0xD9, 
    0xD5, 0xD4, 0xBE, 0xB4, 0x50, 0xB4, 0xBE, 0xC0, 0xBF, 0xCE, 0xBF, 0xBE, 0xB5, 0x49, 0x03, 0x00, 
    0xE2, 0xEA, 0xE8, 0x86, 0x58, 0x58, 0x5E, 0x80, 0x58, 0x3C, 0x3B, 0x3C, 0x59, 0x3D, 0x5B, 0x5B, 
    0x7E, 0x7E, 0x79, 0x7E, 0x7E, 0x5B, 0x7E, 0x7A, 0x7A, 0x7A, 0x6C, 0x7A, 0x7A, 0x7A, 0x7A, 0x6D, 
    0x6D, 0x6D, 0x6B, 0x6B, 0x6B, 0x6A, 0x6B, 0x6A, 0x3A, 0x31, 0x2F, 0x3C, 0x32, 0x3C, 0x32, 0x2F, 
    0x2F, 0x31, 0x6B, 0x6A, 0x31, 0x65, 0x6B, 0x6B, 0x6C, 0x6D, 0x7B, 0x7C, 0x7F, 0x83, 0x80, 0x7E, 
    0x5D, 0x5B, 0x59, 0x37, 0x44, 0x18, 0x19, 0x07, 0x0E, 0x19, 0x19, 0x06, 0x1C, 0x50, 0xB8, 0xBB, 
    0xCA, 0xBE, 0xCB, 0xCB, 0xCB, 0xCB, 0xB8, 0xCB, 0xD8, 0xDA, 0xD8, 0xD9, 0xD8, 0xD9, 0xD8, 0xD5, 
    0xD4, 0xBE, 0x51, 0x4D, 0x3E, 0x19, 0x60, 0x87, 0x80, 0x7E, 0x80, 0x81, 0x85, 0x82, 0x81, 0x81, 
    0x80, 0x84, 0x7D, 0x7D, 0x7E, 0x85, 0xEB, 0xF0, 0xF1, 0xF0, 0xEB, 0xED, 0xE4, 0x9F, 0x86, 0x44, 
    0x00, 0x13, 0x05, 0x07, 0x05, 0x02, 0x05, 0x05, 0x04, 0x01, 0x04, 0x01, 0x02, 0x01, 0x00, 0x1A, 
    0x2E, 0x79, 0x8B, 0x8C, 0x8A, 0x82, 0x5E, 0x8A, 0x8A, 0x8A, 0x87, 0x88, 0x8A, 0x88, 0x8A, 0x9B, 
    0x87, 0x82, 0x87, 0x88, 0x86, 0x80, 0x5E, 0x7E, 0x5D, 0x5A, 0x3B, 0x2C, 0x11, 0x2B, 0x1A, 0x29, 
    0x1A, 0x21, 0x1A, 0x11, 0x0C, 0x21, 0x0F, 0x1F, 0x23, 0x23, 0x1F, 0x09, 0x01, 0x00, 0x00, 0x00, 
    0x00, 0x00, 0x00, 0x00, 0x00, 0x00, 0x00, 0x00, 0x00, 0x00, 0x00, 0x00, 0x00, 0x01, 0x4D, 0x51, 
    0x4B, 0x45, 0x45, 0x4B, 0xAC, 0xB3, 0xB9, 0xBD, 0xBD, 0xCD, 0xCB, 0xD4, 0xD4, 0xD4, 0xD8, 0xD4, 
    0xD8, 0xD4, 0xCC, 0xBE, 0x50, 0xBE, 0xCE, 0xD4, 0xD6, 0xD5, 0xD9, 0xDA, 0xD8, 0xD9, 0xD9, 0xD4, 
    0xD4, 0xD4, 0xBB, 0xAD, 0xAB, 0xAE, 0xB8, 0xBB, 0xBB, 0xBB, 0x4E, 0x16, 0x01, 0x00, 0x00, 0x56, 
    0x89, 0x5E, 0x25, 0x3B, 0x38, 0x3C, 0x3D, 0x3C, 0x3D, 0x38, 0x3D, 0x5B, 0x3D, 0x5B, 0x3D, 0x7A, 
    0x7E, 0x5B, 0x80, 0x7E, 0x7E, 0x5B, 0x6F, 0x5B, 0x7A, 0x5B, 0x6F, 0x5B, 0x6C, 0x5B, 0x6D, 0x6B, 
    0x6D, 0x6C, 0x69, 0x6B, 0x69, 0x6A, 0x69, 0x65, 0x6A, 0x3A, 0x3A, 0x32, 0x2C, 0x31, 0x31, 0x2F, 
    0x3A, 0x32, 0x3A, 0x3A, 0x6A, 0x3A, 0x69, 0x6C, 0x6D, 0x6D, 0x6D, 0x7A, 0x6F, 0x7F, 0x7F, 0x7A, 
    0x6F, 0x7F, 0x7F, 0x80, 0x7D, 0x80, 0x80, 0x80, 0x5D, 0x5B, 0x5E, 0x36, 0x56, 0x47, 0x50, 0xB4, 
    0xB4, 0xBA, 0xBA, 0xB8, 0xB8, 0xB3, 0xB8, 0xBD, 0xD4, 0xD8, 0xD5, 0xD8, 0xD9, 0xD9, 0xD8, 0xD3, 
    0xCD, 0xB4, 0x46, 0x3E, 0x57, 0x86, 0x87, 0x7E, 0x7E, 0x80, 0x7F, 0x81, 0x82, 0x82, 0x7D, 0x80, 
    0x7D, 0x82, 0x7F, 0x81, 0x82, 0x81, 0x6F, 0x5E, 0x9E, 0xEC, 0xEC, 0xED, 0xE6, 0xE4, 0x8A, 0x5E, 
    0x07, 0x06, 0x05, 0x07, 0x05, 0x06, 0x03, 0x04, 0x02, 0x00, 0x02, 0x02, 0x02, 0x00, 0x10, 0x2D, 
    0x38, 0x8C, 0x9E, 0x87, 0x88, 0x87, 0x80, 0x89, 0x9B, 0x89, 0x87, 0x87, 0x88, 0x88, 0x88, 0x9B, 
    0x9B, 0x88, 0x9B, 0x86, 0x7D, 0x80, 0x7D, 0x5E, 0x5D, 0x5B, 0x38, 0x2B, 0x2B, 0x37, 0x2B, 0x2B, 
    0x21, 0x18, 0x11, 0x11, 0x11, 0x0B, 0x11, 0x11, 0x20, 0x23, 0x23, 0x1F, 0x03, 0x08, 0x01, 0x00, 
    0x00, 0x00, 0x00, 0x00, 0x00, 0x00, 0x00, 0x00, 0x00, 0x00, 0x00, 0x00, 0x00, 0x00, 0x0E, 0x51, 
    0x4E, 0x45, 0x45, 0x46, 0x49, 0x4F, 0xB3, 0xB9, 0xBD, 0xCC, 0xCC, 0xCC, 0xD4, 0xD3, 0xD3, 0xD3, 
    0xD4, 0xD3, 0xCC, 0xBA, 0x4C, 0xB8, 0xCD, 0xD4, 0xD5, 0xD5, 0xD5, 0xD9, 0xD7, 0xD8, 0xD5, 0xD4, 
    0xD4, 0xCB, 0xB4, 0x4C, 0x4C, 0x4C, 0x51, 0xAD, 0x46, 0x0E, 0x00, 0x00, 0x00, 0x57, 0xE2, 0xE2, 
    0x31, 0x3C, 0x3C, 0x5B, 0x5B, 0x5B, 0x5B, 0x7A, 0x7A, 0x7A, 0x5B, 0x3D, 0x5B, 0x7A, 0x5B, 0x6C, 
    0x7A, 0x7E, 0x7A, 0x7E, 0x5B, 0x7E, 0x7A, 0x6C, 0x5B, 0x7A, 0x5B, 0x6C, 0x7A, 0x3D, 0x7A, 0x6C, 
    0x6D, 0x6D, 0x6B, 0x6D, 0x6B, 0x6B, 0x6B, 0x6A, 0x6B, 0x6A, 0x6A, 0x30, 0x32, 0x31, 0x2F, 0x2F, 
    0x30, 0x3A, 0x31, 0x3A, 0x6B, 0x69, 0x6B, 0x69, 0x6D, 0x6D, 0x7B, 0x6D, 0x7B, 0x6F, 0x7A, 0x6D, 
    0x7A, 0x7B, 0x7A, 0x7E, 0x79, 0x7E, 0x79, 0x7B, 0x7A, 0x7A, 0x3D, 0x80, 0x52, 0x13, 0x3F, 0xAE, 
    0xAE, 0xAE, 0xB5, 0xB4, 0xB4, 0xB3, 0xB8, 0xCD, 0xD3, 0xD4, 0xD9, 0xD8, 0xD8, 0xD5, 0xD4, 0xCB, 
    0xB3, 0x3E, 0x55, 0x87, 0x8A, 0x81, 0x80, 0x81, 0x7D, 0x81, 0x83, 0x81, 0x81, 0x82, 0x81, 0x81, 
    0x85, 0x84, 0x81, 0x7D, 0x81, 0x7F, 0x7F, 0x81, 0x80, 0xEB, 0xF0, 0xED, 0xED, 0xEB, 0xE5, 0x89, 
    0x36, 0x00, 0x07, 0x07, 0x07, 0x07, 0x05, 0x07, 0x04, 0x01, 0x04, 0x01, 0x04, 0x00, 0x2B, 0x37, 
    0x86, 0x9D, 0x87, 0x87, 0x87, 0x9B, 0x87, 0x9B, 0x89, 0x87, 0x87, 0x8A, 0xB1, 0x9B, 0x8A, 0x89, 
    0x87, 0x88, 0x87, 0x9B, 0x86, 0x86, 0x5E, 0x7E, 0x58, 0x5D, 0x37, 0x36, 0x59, 0x38, 0x36, 0x36, 
    0x2B, 0x2B, 0x1A, 0x29, 0x11, 0x11, 0x0B, 0x21, 0x11, 0x20, 0x23, 0x23, 0x1F, 0x03, 0x01, 0x01, 
    0x00, 0x00, 0x00, 0x00, 0x00, 0x00, 0x00, 0x00, 0x00, 0x00, 0x00, 0x00, 0x00, 0x00, 0x00, 0x0E, 
    0x4D, 0x4C, 0x3E, 0x46, 0x33, 0x46, 0x4B, 0xAD, 0xB3, 0xBA, 0xCA, 0xBF, 0xCA, 0xCC, 0xCC, 0xCD, 
    0xCB, 0xBE, 0xB8, 0x4B, 0x3F, 0xB8, 0xCE, 0xD2, 0xD4, 0xD5, 0xD8, 0xD5, 0xD8, 0xD5, 0xD5, 0xD4, 
    0xCB, 0xC0, 0xB4, 0x49, 0x4C, 0x3E, 0x0D, 0x1A, 0x08, 0x00, 0x00, 0x53, 0x60, 0x91, 0x86, 0x3C, 
    0x38, 0x3C, 0x3D, 0x5B, 0x7A, 0x7A, 0x6C, 0x6C, 0x5B, 0x7E, 0x5B, 0x5B, 0x6C, 0x5B, 0x7A, 0x5B, 
    0x7A, 0x79, 0x7E, 0x7A, 0x7E, 0x7A, 0x3D, 0x5B, 0x3D, 0x5B, 0x3D, 0x3D, 0x6C, 0x3D, 0x6C, 0x6B, 
    0x7A, 0x6C, 0x6D, 0x6B, 0x69, 0x6A, 0x69, 0x6B, 0x65, 0x6A, 0x6A, 0x2A, 0x31, 0x31, 0x3A, 0x31, 
    0x31, 0x3A, 0x6A, 0x3A, 0x6B, 0x6B, 0x6B, 0x6D, 0x6D, 0x6D, 0x6F, 0x7A, 0x7F, 0x7A, 0x7F, 0x7A, 
    0x7F, 0x7A, 0x6F, 0x7B, 0x7E, 0x7A, 0x7E, 0x7A, 0x7A, 0x79, 0x5B, 0x5B, 0x87, 0x53, 0x0D, 0x47, 
    0xAE, 0xAE, 0xAE, 0xAE, 0xAE, 0xAE, 0xB4, 0xCA, 0xD2, 0xD4, 0xD5, 0xD3, 0xD4, 0xCB, 0xBC, 0x4B, 
    0x44, 0x60, 0x87, 0x85, 0x7D, 0x85, 0x7D, 0x80, 0x7D, 0x81, 0x81, 0x7D, 0x82, 0x82, 0x82, 0x80, 
    0x82, 0x82, 0x7F, 0x81, 0x7F, 0x7D, 0x7F, 0x7D, 0x7E, 0x8B, 0xF1, 0xF0, 0xEF, 0xE6, 0xE4, 0xE3, 
    0x5D, 0x04, 0x13, 0x07, 0x05, 0x07, 0x06, 0x07, 0x05, 0x06, 0x03, 0x04, 0x00, 0x10, 0x37, 0x5D, 
    0x9D, 0x88, 0x87, 0x87, 0x87, 0x86, 0x5E, 0x86, 0x87, 0x89, 0x89, 0x89, 0x9B, 0x89, 0x9B, 0x88, 
    0x88, 0x87, 0x88, 0x87, 0x87, 0x86, 0x7D, 0x5E, 0x5E, 0x5B, 0x37, 0x58, 0x5D, 0x5A, 0x5A, 0x54, 
    0x37, 0x2B, 0x2B, 0x1A, 0x11, 0x10, 0x11, 0x11, 0x11, 0x11, 0x21, 0x63, 0x63, 0x1F, 0x09, 0x01, 
    0x01, 0x00, 0x00, 0x00, 0x00, 0x00, 0x00, 0x00, 0x00, 0x00, 0x00, 0x00, 0x00, 0x00, 0x00, 0x00, 
    0x01, 0x3F, 0x46, 0x46, 0x4C, 0xAD, 0xAD, 0x50, 0x4D, 0x4C, 0x51, 0x50, 0xAD, 0xB4, 0xB5, 0xB4, 
    0xB4, 0xAE, 0x50, 0x46, 0x3F, 0xB4, 0xCB, 0xCB, 0xD4, 0xD4, 0xD6, 0xD4, 0xD5, 0xD4, 0xCD, 0xCB, 
    0xC0, 0xC0, 0xAD, 0x3E, 0x41, 0x61, 0x91, 0x91, 0x53, 0x1B, 0x57, 0x5E, 0x5B, 0x39, 0x31, 0x5B, 
    0x5B, 0x6C, 0x7A, 0x7E, 0x7A, 0x7E, 0x7A, 0x7E, 0x79, 0x7A, 0x79, 0x7A, 0x7A, 0x6C, 0x6C, 0x7E, 
    0x7A, 0x7A, 0x79, 0x7E, 0x7A, 0x7A, 0x5B, 0x3D, 0x5B, 0x3D, 0x5B, 0x6C, 0x3C, 0x6C, 0x3D, 0x6B, 
    0x7A, 0x6B, 0x6D, 0x6D, 0x6B, 0x69, 0x6B, 0x6A, 0x6B, 0x69, 0x31, 0x2C, 0x31, 0x31, 0x65, 0x3A, 
    0x31, 0x6A, 0x65, 0x69, 0x6B, 0x69, 0x6D, 0x6D, 0x7B, 0x7B, 0x7B, 0x7B, 0x6D, 0x7B, 0x7B, 0x6F, 
    0x7B, 0x7F, 0x79, 0x7F, 0x79, 0x7F, 0x80, 0x7E, 0x79, 0x7E, 0x7B, 0x7A, 0x79, 0x87, 0x42, 0x5F, 
    0xAF, 0xAF, 0xAE, 0xC1, 0xAE, 0xAF, 0xAF, 0xBB, 0xCB, 0xCB, 0xD4, 0xD4, 0xCB, 0x4F, 0x41, 0x5D, 
    0x86, 0x81, 0x85, 0x82, 0x81, 0x82, 0x81, 0x81, 0x80, 0x83, 0x81, 0x81, 0x82, 0x82, 0x81, 0x81, 
    0x81, 0x84, 0x81, 0x81, 0x81, 0x81, 0x85, 0x81, 0x81, 0x81, 0xED, 0xF0, 0xEF, 0xED, 0xE6, 0xE4, 
    0x89, 0x1C, 0x04, 0x13, 0x07, 0x07, 0x07, 0x06, 0x05, 0x05, 0x05, 0x02, 0x05, 0x2E, 0x59, 0x88, 
    0x9D, 0x86, 0x86, 0x80, 0x86, 0x86, 0x87, 0x80, 0x89, 0x8A, 0x89, 0x8A, 0x8A, 0x88, 0x87, 0x89, 
    0x87, 0x87, 0x87, 0x88, 0x86, 0x86, 0x86, 0x86, 0x5E, 0x59, 0x5A, 0x86, 0x5E, 0x5D, 0x5D, 0x58, 
    0x5A, 0x37, 0x29, 0x2B, 0x1A, 0x11, 0x10, 0x11, 0x1A, 0x11, 0x0F, 0x1F, 0x23, 0x63, 0x1F, 0x03, 
    0x08, 0x00, 0x00, 0x00, 0x00, 0x00, 0x00, 0x00, 0x00, 0x00, 0x00, 0x00, 0x00, 0x00, 0x00, 0x00, 
    0x04, 0x03, 0x41, 0x51, 0xB4, 0xB4, 0xB4, 0xAD, 0xAC, 0x51, 0x4D, 0x4D, 0x51, 0x51, 0x4D, 0x4D, 
    0x4D, 0x61, 0x4D, 0x51, 0x43, 0x50, 0xCA, 0xCE, 0xD4, 0xD2, 0xD4, 0xD4, 0xCB, 0xCE, 0xCB, 0xBB, 
    0xB4, 0x49, 0x12, 0x62, 0xE7, 0xE2, 0x62, 0x5A, 0x58, 0x5E, 0x58, 0x6C, 0x7A, 0x3D, 0x59, 0x7A, 
    0x6C, 0x5B, 0x7A, 0x7A, 0x7E, 0x7E, 0x7F, 0x80, 0x7F, 0x7E, 0x6F, 0x79, 0x7A, 0x7A, 0x3D, 0x7A, 
    0x7E, 0x7A, 0x6F, 0x7A, 0x7E, 0x7A, 0x6C, 0x5B, 0x3D, 0x3D, 0x3D, 0x38, 0x3D, 0x5B, 0x3D, 0x59, 
    0x6B, 0x6C, 0x6B, 0x69, 0x6B, 0x69, 0x6B, 0x6B, 0x69, 0x6A, 0x30, 0x30, 0x6A, 0x3A, 0x3A, 0x3A, 
    0x3A, 0x6B, 0x69, 0x6B, 0x6B, 0x6C, 0x6D, 0x6D, 0x6F, 0x7B, 0x7F, 0x6D, 0x6F, 0x7B, 0x7F, 0x7E, 
    0x7F, 0x7E, 0x7F, 0x7E, 0x7F, 0x7E, 0x7E, 0x7E, 0x7D, 0x7E, 0x7E, 0x7E, 0x7A, 0x7E, 0x5E, 0x1D, 
    0x5F, 0xAF, 0xAF, 0xAE, 0xAF, 0xAF, 0xAF, 0xAE, 0xAE, 0xBA, 0xBF, 0xB3, 0x4C, 0x58, 0x87, 0x86, 
    0x7D, 0x80, 0x82, 0x82, 0x82, 0x7D, 0x82, 0x81, 0x82, 0x81, 0x82, 0x81, 0x83, 0x81, 0x7D, 0x80, 
    0x82, 0x81, 0x7F, 0x7D, 0x83, 0x7F, 0x7F, 0x81, 0x7D, 0x7E, 0xEB, 0xF0, 0xF0, 0xEF, 0xED, 0xE6, 
    0xE3, 0x57, 0x00, 0x07, 0x07, 0x07, 0x07, 0x06, 0x07, 0x04, 0x07, 0x00, 0x18, 0x59, 0x80, 0xE5, 
    0x9B, 0x86, 0x7D, 0x86, 0x86, 0x86, 0x87, 0x5D, 0x87, 0x89, 0x9B, 0x89, 0x9C, 0x89, 0x89, 0x89, 
    0x9B, 0x87, 0x87, 0x86, 0x86, 0x86, 0x80, 0x87, 0x5D, 0x5A, 0x87, 0x5E, 0x62, 0x5E, 0x5E, 0x5E, 
    0x5A, 0x5A, 0x37, 0x2B, 0x21, 0x18, 0x21, 0x11, 0x1A, 0x1A, 0x11, 0x11, 0x20, 0x23, 0x63, 0x1F, 
    0x03, 0x08, 0x01, 0x00, 0x00, 0x00, 0x00, 0x00, 0x00, 0x00, 0x00, 0x00, 0x00, 0x00, 0x00, 0x00, 
    0x00, 0x04, 0x00, 0x4D, 0xB2, 0xB3, 0xB2, 0xB4, 0xAD, 0x51, 0x4D, 0x51, 0xAE, 0x4D, 0x5F, 0x4D, 
    0x61, 0x51, 0x51, 0x51, 0x4D, 0x50, 0xBA, 0xCB, 0xBF, 0xCD, 0xCE, 0xBF, 0xC0, 0xBA, 0x4E, 0x3F, 
    0x00, 0x44, 0x62, 0x62, 0x57, 0x2E, 0x38, 0x5B, 0x5B, 0x5B, 0x3D, 0x7A, 0x7E, 0x3C, 0x3D, 0x7A, 
    0x7A, 0x7A, 0x7A, 0x7F, 0x79, 0x7F, 0x79, 0x7F, 0x7F, 0x7F, 0x81, 0x7F, 0x79, 0x7F, 0x79, 0x7E, 
    0x7A, 0x7E, 0x79, 0x6C, 0x7A, 0x3D, 0x5B, 0x6C, 0x5B, 0x5B, 0x3C, 0x3D, 0x3C, 0x3D, 0x3C, 0x3D, 
    0x3C, 0x6B, 0x6D, 0x6B, 0x6B, 0x69, 0x6B, 0x6A, 0x6A, 0x6A, 0x2F, 0x6B, 0x3C, 0x6A, 0x3C, 0x65, 
    0x6B, 0x6A, 0x6C, 0x69, 0x6D, 0x6D, 0x6D, 0x6D, 0x6D, 0x7F, 0x7B, 0x7F, 0x7B, 0x6F, 0x7A, 0x7F, 
    0x7F, 0x6F, 0x7F, 0x7F, 0x7E, 0x7F, 0x81, 0x7E, 0x7F, 0x7F, 0x80, 0x7F, 0x7E, 0x7A, 0x80, 0x5A, 
    0x00, 0x61, 0x61, 0xAF, 0x61, 0xAF, 0x51, 0xAF, 0x61, 0x50, 0x4B, 0x57, 0x87, 0x87, 0x7E, 0x82, 
    0x82, 0x82, 0x82, 0x84, 0x81, 0x82, 0x82, 0x81, 0x82, 0x81, 0x81, 0x81, 0x81, 0x82, 0x83, 0x7F, 
    0x81, 0x83, 0x7F, 0x81, 0x7D, 0x7F, 0x7F, 0x7F, 0x80, 0x7E, 0x8B, 0xF0, 0xF1, 0xEF, 0xED, 0xEF, 
    0xE4, 0x87, 0x07, 0x13, 0x05, 0x13, 0x07, 0x07, 0x06, 0x07, 0x04, 0x0B, 0x36, 0x80, 0x9F, 0x9D, 
    0x86, 0x86, 0x5E, 0x80, 0x5E, 0x5E, 0x5E, 0x5E, 0x86, 0x89, 0x89, 0x89, 0x89, 0x87, 0x89, 0x87, 
    0x89, 0x88, 0x87, 0x9B, 0x86, 0x86, 0x86, 0x5E, 0x5A, 0x62, 0x87, 0x80, 0x5E, 0x87, 0x5E, 0x86, 
    0x5E, 0x5D, 0x5A, 0x36, 0x2B, 0x21, 0x11, 0x11, 0x0C, 0x11, 0x1A, 0x11, 0x0F, 0x20, 0x23, 0x63, 
    0x1F, 0x03, 0x01, 0x01, 0x00, 0x00, 0x00, 0x00, 0x00, 0x00, 0x00, 0x00, 0x00, 0x00, 0x00, 0x00, 
    0x00, 0x00, 0x02, 0x01, 0x4D, 0xBB, 0xB3, 0xB4, 0xAD, 0x51, 0x51, 0x51, 0x4D, 0x47, 0x4D, 0x47, 
    0x4D, 0x61, 0x5F, 0x51, 0x4D, 0x4D, 0xB4, 0xBA, 0xBE, 0xC0, 0xBA, 0xB5, 0x45, 0x01, 0x00, 0x00, 
    0x5F, 0x62, 0x53, 0x2B, 0x32, 0x3B, 0x5B, 0x6C, 0x5B, 0x6B, 0x5B, 0x7A, 0x79, 0x5B, 0x3C, 0x7A, 
    0x7A, 0x7A, 0x6D, 0x7B, 0x7F, 0x7F, 0x7F, 0x7E, 0x7F, 0x79, 0x7A, 0x7A, 0x7F, 0x7F, 0x7F, 0x79, 
    0x7F, 0x7A, 0x7A, 0x7A, 0x6C, 0x3D, 0x3D, 0x3C, 0x3D, 0x3C, 0x3D, 0x3C, 0x3C, 0x59, 0x3C, 0x3C, 
    0x5B, 0x6B, 0x7A, 0x6C, 0x6D, 0x6B, 0x69, 0x69, 0x6B, 0x2F, 0x3A, 0x6B, 0x6A, 0x6B, 0x69, 0x3C, 
    0x6B, 0x6B, 0x6D, 0x7B, 0x7C, 0x7B, 0x6D, 0x7B, 0x7F, 0x7A, 0x7F, 0x6D, 0x7F, 0x7F, 0x7F, 0x7E, 
    0x7F, 0x7F, 0x7F, 0x7F, 0x7B, 0x81, 0x7F, 0x81, 0x7F, 0x81, 0x7F, 0x81, 0x7F, 0x7E, 0x7A, 0x80, 
    0x52, 0x00, 0x1B, 0x3F, 0x40, 0x40, 0x40, 0x43, 0x12, 0x47, 0x86, 0x87, 0x7E, 0x7E, 0x7D, 0x81, 
    0x84, 0x82, 0x83, 0x84, 0x84, 0x85, 0x83, 0x81, 0x81, 0x81, 0x83, 0x7D, 0x82, 0x81, 0x82, 0x80, 
    0x83, 0x82, 0x7F, 0x81, 0x83, 0x7F, 0x7F, 0x7D, 0x7E, 0x80, 0x7E, 0xED, 0xF1, 0xF0, 0xEF, 0xEF, 
    0xE6, 0xB1, 0x36, 0x04, 0x07, 0x07, 0x06, 0x07, 0x05, 0x07, 0x06, 0x18, 0x5D, 0x88, 0xE4, 0x87, 
    0x5E, 0x5E, 0x58, 0x5D, 0x5E, 0x5E, 0x87, 0x5E, 0x87, 0x86, 0x87, 0x87, 0x87, 0x87, 0x89, 0x89, 
    0x89, 0x87, 0x87, 0x87, 0x87, 0x89, 0x5E, 0x5D, 0x5D, 0x62, 0x87, 0x87, 0x87, 0x86, 0x87, 0x5E, 
    0x80, 0x5E, 0x5D, 0x59, 0x37, 0x2B, 0x21, 0x11, 0x1A, 0x10, 0x10, 0x1A, 0x21, 0x11, 0x1F, 0x23, 
    0x63, 0x1F, 0x03, 0x08, 0x00, 0x00, 0x00, 0x00, 0x00, 0x00, 0x00, 0x00, 0x00, 0x00, 0x00, 0x00, 
    0x00, 0x00, 0x00, 0x06, 0x00, 0x47, 0xB5, 0xB3, 0xAD, 0x51, 0x51, 0x51, 0x5F, 0x47, 0x47, 0x47, 
    0x4D, 0x4D, 0x4D, 0x4D, 0x51, 0x51, 0xAB, 0xAC, 0xB5, 0x50, 0x16, 0x00, 0x00, 0x00, 0x02, 0x19, 
    0x57, 0x42, 0x2B, 0x38, 0x3D, 0x3C, 0x6C, 0x5B, 0x6C, 0x5B, 0x6C, 0x79, 0x6F, 0x3C, 0x3D, 0x7A, 
    0x7A, 0x6C, 0x7A, 0x7E, 0x7B, 0x7F, 0x79, 0x7F, 0x81, 0x7F, 0x79, 0x7F, 0x79, 0x81, 0x7B, 0x7A, 
    0x7E, 0x7A, 0x7A, 0x3D, 0x7A, 0x6C, 0x3C, 0x5B, 0x3C, 0x3D, 0x3B, 0x3C, 0x3C, 0x3C, 0x3D, 0x6B, 
    0x5B, 0x6B, 0x6B, 0x6B, 0x7B, 0x6D, 0x6B, 0x69, 0x6B, 0x31, 0x6B, 0x6B, 0x6B, 0x6D, 0x6B, 0x69, 
    0x6B, 0x7C, 0x7B, 0x6D, 0x7B, 0x7B, 0x7C, 0x7F, 0x7B, 0x7F, 0x7B, 0x7B, 0x7B, 0x7F, 0x7B, 0x7F, 
    0x7F, 0x7B, 0x7F, 0x7F, 0x7F, 0x7F, 0x81, 0x7F, 0x80, 0x81, 0x81, 0x7F, 0x81, 0x7D, 0x79, 0x6C, 
    0x5E, 0x54, 0x00, 0x00, 0x00, 0x00, 0x00, 0x00, 0x62, 0x9B, 0x5E, 0x7E, 0x81, 0x82, 0x81, 0x82, 
    0x85, 0x83, 0x84, 0x84, 0x84, 0x84, 0x81, 0x83, 0x82, 0x81, 0x81, 0x83, 0x81, 0x81, 0x81, 0x81, 
    0x83, 0x7F, 0x83, 0x81, 0x82, 0x7F, 0x81, 0x81, 0x81, 0x81, 0x79, 0x9D, 0xF1, 0xF1, 0xEF, 0xEF, 
    0xEF, 0xE5, 0x60, 0x04, 0x13, 0x13, 0x07, 0x13, 0x07, 0x05, 0x15, 0x3B, 0x80, 0x9F, 0x9F, 0x80, 
    0x5E, 0x5E, 0x5E, 0x86, 0x86, 0x86, 0x5E, 0x86, 0x86, 0x87, 0x86, 0x86, 0x86, 0x87, 0x89, 0x87, 
    0x89, 0x89, 0xB1, 0x87, 0x87, 0x89, 0x5E, 0x58, 0x89, 0x87, 0x86, 0x87, 0x87, 0x87, 0x87, 0x87, 
    0x86, 0x5E, 0x5E, 0x5D, 0x59, 0x3B, 0x36, 0x2B, 0x21, 0x11, 0x0C, 0x11, 0x1A, 0x21, 0x0F, 0x1F, 
    0x23, 0x63, 0x1F, 0x01, 0x01, 0x01, 0x00, 0x00, 0x00, 0x00, 0x00, 0x00, 0x00, 0x00, 0x00, 0x00, 
    0x00, 0x00, 0x00, 0x00, 0x06, 0x01, 0x47, 0xAE, 0x50, 0x51, 0x61, 0x51, 0x51, 0x4D, 0x47, 0x55, 
    0x4D, 0x51, 0x4D, 0x51, 0x4D, 0x47, 0x43, 0x3F, 0x07, 0x00, 0x00, 0x06, 0x04, 0x1D, 0x1B, 0x1A, 
    0x44, 0x54, 0x3C, 0x3D, 0x7A, 0x7A, 0x7A, 0x7A, 0x79, 0x7B, 0x7E, 0x7F, 0x79, 0x6B, 0x6B, 0x7A, 
};
