static const __attribute__((aligned(4))) __not_in_flash() unsigned char texture_owl[] = {
    0xFB, 0x56, 0x99, 0x46, 0x97, 0x46, 0x98, 0x46, 0x97, 0x46, 0x98, 0x46, 0xD9, 0x4A, 0xFC, 0x52, 
    0x5D, 0x5B, 0x7E, 0x5F, 0xBE, 0x6B, 0xBF, 0x6F, 0xDE, 0x73, 0xDF, 0x77, 0xFF, 0x7B, 0xDF, 0x7B, 
    0xFF, 0x7B, 0xDF, 0x7B, 0xFE, 0x77, 0xDF, 0x73, 0xDE, 0x73, 0x9F, 0x6B, 0x9E, 0x63, 0x5E, 0x5F, 
    0x5D, 0x5B, 0x1C, 0x57, 0x1B, 0x57, 0x1B, 0x57, 0x1A, 0x57, 0x1A, 0x57, 0x1A, 0x5B, 0x1B, 0x5B, 
    0x3A, 0x5F, 0x1B, 0x5F, 0x3A, 0x5F, 0x1B, 0x5F, 0x3B, 0x5F, 0x1B, 0x5F, 0x3B, 0x5F, 0x1B, 0x5B, 
    0x3B, 0x5F, 0x1C, 0x5B, 0x1B, 0x57, 0xDA, 0x52, 0xD8, 0x52, 0xB7, 0x4E, 0x94, 0x4E, 0x73, 0x4E, 
    0xB3, 0x52, 0xB5, 0x56, 0xD6, 0x5A, 0xD7, 0x56, 0xF5, 0x5A, 0xD5, 0x56, 0xF5, 0x5A, 0xD5, 0x56, 
    0xD5, 0x56, 0xD5, 0x56, 0xF5, 0x5A, 0xD5, 0x56, 0xF4, 0x56, 0xD4, 0x56, 0xB3, 0x52, 0xB3, 0x52, 
    0xD3, 0x52, 0xD4, 0x52, 0xD4, 0x56, 0xD5, 0x52, 0xD4, 0x56, 0xB4, 0x52, 0xB6, 0x52, 0xB8, 0x52, 
    0xB8, 0x52, 0x96, 0x4A, 0x93, 0x4E, 0x71, 0x4A, 0x6F, 0x4A, 0x70, 0x4A, 0xB3, 0x4E, 0xD8, 0x4E, 
    0x1C, 0x5B, 0x3D, 0x5B, 0x3C, 0x5F, 0xFB, 0x56, 0xD8, 0x4E, 0x97, 0x46, 0xB8, 0x4E, 0xDA, 0x4E, 
    0x1B, 0x5B, 0x1D, 0x5B, 0x3C, 0x5B, 0x1D, 0x5B, 0x3D, 0x5F, 0x3D, 0x5B, 0x3C, 0x5F, 0x1C, 0x5B, 
    0x1A, 0x5B, 0xFA, 0x5A, 0x19, 0x5F, 0x1A, 0x5B, 0x3A, 0x5F, 0x3B, 0x63, 0x3B, 0x63, 0x1A, 0x5B, 
    0xF8, 0x5A, 0xD7, 0x52, 0xD7, 0x52, 0xB7, 0x4E, 0xD5, 0x52, 0xB4, 0x4E, 0xB3, 0x4E, 0x71, 0x4A, 
    0x4F, 0x46, 0xCC, 0x39, 0x89, 0x35, 0x8A, 0x31, 0x0E, 0x42, 0x53, 0x4A, 0x95, 0x4E, 0x97, 0x4E, 
    0xB7, 0x52, 0x97, 0x4E, 0xB6, 0x4E, 0x97, 0x4E, 0xB6, 0x4E, 0xB8, 0x4E, 0xD8, 0x52, 0xB8, 0x4E, 
    0xD8, 0x4E, 0xD8, 0x4E, 0xD8, 0x52, 0xFA, 0x52, 0x1A, 0x57, 0x3C, 0x5B, 0x5C, 0x5F, 0x5D, 0x5F, 
    0x5D, 0x5F, 0x5E, 0x5F, 0x7D, 0x63, 0x7E, 0x63, 0x7D, 0x63, 0x7E, 0x63, 0x7D, 0x63, 0x5D, 0x63, 
    0x5C, 0x63, 0x3B, 0x5F, 0x3A, 0x5F, 0x19, 0x5F, 0x15, 0x5F, 0xD3, 0x56, 0xD3, 0x5A, 0xD4, 0x56, 
    0xB4, 0x56, 0x94, 0x4E, 0x93, 0x4E, 0x73, 0x4A, 0x93, 0x4E, 0x96, 0x4E, 0xB7, 0x4E, 0x97, 0x4A, 
    0x96, 0x4A, 0x97, 0x4A, 0xF9, 0x56, 0x3D, 0x5F, 0x7D, 0x63, 0x7E, 0x67, 0xBE, 0x6B, 0xBF, 0x6B, 
    0xBE, 0x6F, 0xBF, 0x73, 0xDE, 0x73, 0xDF, 0x73, 0xDE, 0x73, 0x9F, 0x6B, 0x9D, 0x67, 0x5D, 0x5F, 
    0x3C, 0x5B, 0x1C, 0x57, 0xFA, 0x56, 0xD9, 0x4E, 0xD7, 0x4E, 0x96, 0x4A, 0xB6, 0x4E, 0xB8, 0x52, 
    0xD8, 0x52, 0xB8, 0x52, 0xB7, 0x4E, 0x96, 0x4A, 0xB5, 0x4A, 0x95, 0x46, 0x94, 0x46, 0x95, 0x46, 
    0xB6, 0x4E, 0xD8, 0x52, 0xF9, 0x5A, 0x1B, 0x5F, 0x5C, 0x67, 0x7D, 0x6B, 0xBD, 0x73, 0xBE, 0x77, 
    0xFE, 0x7F, 0xFF, 0x7F, 0xFE, 0x7F, 0xFE, 0x7B, 0xFE, 0x7F, 0xDC, 0x7B, 0x12, 0x63, 0x35, 0x6B, 
    0xD9, 0x77, 0x8F, 0x52, 0x58, 0x6F, 0x58, 0x67, 0xD1, 0x56, 0x90, 0x52, 0xF3, 0x5A, 0xD4, 0x56, 
    0xD4, 0x56, 0xD7, 0x56, 0x18, 0x5B, 0x1B, 0x5F, 0x7C, 0x67, 0x9E, 0x6B, 0xBE, 0x73, 0xBF, 0x73, 
    0x7D, 0x6B, 0xD8, 0x5E, 0x98, 0x5E, 0xBF, 0x73, 0xFF, 0x7B, 0x9E, 0x6B, 0x3B, 0x63, 0x9A, 0x56, 
    0xBE, 0x73, 0xDF, 0x7B, 0xFF, 0x7B, 0xDF, 0x77, 0xDE, 0x77, 0xDF, 0x73, 0xDE, 0x73, 0xBF, 0x6F, 
    0x9E, 0x6B, 0x7E, 0x67, 0x5C, 0x67, 0x3C, 0x63, 0x3C, 0x63, 0x3C, 0x63, 0x3B, 0x63, 0xF9, 0x5A, 
    0xF7, 0x5A, 0xD8, 0x5E, 0x3A, 0x67, 0x5D, 0x6B, 0x9D, 0x6F, 0x5D, 0x6B, 0x5B, 0x6B, 0x1A, 0x63, 
    0xDC, 0x52, 0x98, 0x46, 0x78, 0x42, 0x98, 0x46, 0x78, 0x46, 0x97, 0x46, 0xBA, 0x4A, 0xFB, 0x52, 
    0x3E, 0x5B, 0x9E, 0x63, 0x9F, 0x67, 0xBF, 0x6F, 0xBF, 0x73, 0xDF, 0x77, 0xDF, 0x77, 0xDF, 0x7B, 
    0xDF, 0x7B, 0xDF, 0x7B, 0xDF, 0x77, 0xDF, 0x77, 0xBF, 0x6F, 0x9E, 0x6B, 0x7E, 0x63, 0x5D, 0x5F, 
    0x3D, 0x57, 0x1C, 0x5B, 0xFB, 0x56, 0xFA, 0x56, 0xFB, 0x56, 0x1A, 0x5B, 0x1B, 0x5B, 0x1A, 0x5F, 
    0x1B, 0x5B, 0x1A, 0x5F, 0x1B, 0x5F, 0x3B, 0x63, 0x1B, 0x5F, 0x3B, 0x5F, 0x1C, 0x5F, 0x3C, 0x5F, 
    0x1D, 0x5F, 0x3C, 0x5F, 0xFC, 0x5A, 0xFA, 0x5A, 0xDA, 0x56, 0xD8, 0x56, 0x96, 0x4E, 0x94, 0x52, 
    0x94, 0x52, 0xD5, 0x5A, 0xD7, 0x5A, 0xF7, 0x5A, 0xD6, 0x5A, 0xF6, 0x5A, 0xD6, 0x56, 0xD5, 0x5A, 
    0xD6, 0x56, 0xD5, 0x5A, 0xD6, 0x5A, 0xF5, 0x5A, 0xD5, 0x56, 0xD4, 0x56, 0xB5, 0x52, 0xD4, 0x56, 
    0xB4, 0x52, 0xD4, 0x56, 0xD5, 0x56, 0xD4, 0x56, 0xB4, 0x52, 0xB4, 0x56, 0x96, 0x52, 0xB7, 0x52, 
    0xB8, 0x4E, 0x95, 0x4E, 0x73, 0x4A, 0x70, 0x4A, 0x50, 0x46, 0x70, 0x4A, 0x93, 0x4E, 0xD8, 0x52, 
    0xFC, 0x56, 0x1D, 0x5F, 0x3E, 0x5F, 0x3D, 0x5F, 0xFB, 0x52, 0xB8, 0x4A, 0x98, 0x4A, 0xB9, 0x4E, 
    0xDB, 0x52, 0x1C, 0x5B, 0x1D, 0x5B, 0x3D, 0x5F, 0x3E, 0x5F, 0x3D, 0x63, 0x1D, 0x5F, 0x1B, 0x5B, 
    0xFB, 0x5A, 0xF9, 0x5A, 0xFA, 0x5A, 0x19, 0x5F, 0x1B, 0x5F, 0x3B, 0x63, 0x1C, 0x63, 0x1A, 0x5F, 
    0xD9, 0x56, 0xD7, 0x56, 0xB7, 0x52, 0xB7, 0x52, 0xB6, 0x4E, 0xB4, 0x52, 0x93, 0x4E, 0x70, 0x4A, 
    0x2F, 0x42, 0xEC, 0x3D, 0x8A, 0x35, 0x89, 0x35, 0xCE, 0x3D, 0x52, 0x4A, 0x75, 0x4E, 0x96, 0x52, 
    0x97, 0x52, 0xB7, 0x52, 0x97, 0x4E, 0xB7, 0x4E, 0xB8, 0x4E, 0xD8, 0x52, 0xD9, 0x52, 0xD9, 0x52, 
    0xD9, 0x52, 0xF9, 0x56, 0xDA, 0x52, 0x1A, 0x5B, 0x1C, 0x5B, 0x5C, 0x5F, 0x5E, 0x5F, 0x7E, 0x63, 
    0x5E, 0x63, 0x7E, 0x67, 0x7E, 0x63, 0x7E, 0x67, 0x7E, 0x63, 0x7E, 0x67, 0x5D, 0x63, 0x5C, 0x63, 
    0x3C, 0x63, 0x3B, 0x63, 0x1B, 0x5F, 0x18, 0x5F, 0xF6, 0x5E, 0xD3, 0x5A, 0xD3, 0x56, 0xD4, 0x56, 
    0x94, 0x52, 0x94, 0x52, 0x74, 0x4E, 0x73, 0x4E, 0x74, 0x4E, 0x96, 0x4E, 0x97, 0x4E, 0x97, 0x4E, 
    0x77, 0x4A, 0xB7, 0x4E, 0xFA, 0x56, 0x3C, 0x63, 0x5E, 0x63, 0x9E, 0x6B, 0x9F, 0x6B, 0xBF, 0x6F, 
    0xBF, 0x73, 0xDF, 0x77, 0xDF, 0x73, 0xDF, 0x77, 0xBF, 0x73, 0xBE, 0x6F, 0x7E, 0x67, 0x5D, 0x63, 
    0x3D, 0x5F, 0x1C, 0x5B, 0xFB, 0x56, 0xD9, 0x56, 0xB8, 0x4E, 0xB6, 0x4E, 0x97, 0x4E, 0xB7, 0x52, 
    0xB8, 0x52, 0xD8, 0x56, 0xB8, 0x4E, 0xB6, 0x4E, 0x96, 0x4A, 0x95, 0x4E, 0x75, 0x46, 0x95, 0x4A, 
    0x96, 0x4A, 0xD7, 0x52, 0xF9, 0x56, 0x3B, 0x5F, 0x5D, 0x67, 0x7D, 0x6B, 0x9E, 0x6F, 0xDE, 0x77, 
    0xDF, 0x7B, 0xFF, 0x7F, 0xFF, 0x7F, 0xFF, 0x7F, 0xFF, 0x7F, 0xFE, 0x7F, 0xBA, 0x7B, 0xF1, 0x62, 
    0x18, 0x6B, 0xB1, 0x5A, 0x18, 0x67, 0x7A, 0x6F, 0x4F, 0x4A, 0xB2, 0x56, 0xD4, 0x5A, 0xF4, 0x5A, 
    0xD6, 0x5A, 0xF7, 0x5A, 0xF9, 0x5A, 0x3B, 0x63, 0x5D, 0x67, 0x9E, 0x6F, 0x9F, 0x6F, 0xDF, 0x77, 
    0x7E, 0x6F, 0xB7, 0x62, 0xFB, 0x66, 0xDF, 0x7B, 0xBF, 0x77, 0x7D, 0x6B, 0xBA, 0x56, 0xDA, 0x5A, 
    0xBF, 0x73, 0xDF, 0x7B, 0xDF, 0x77, 0xDF, 0x77, 0xBF, 0x77, 0xDE, 0x73, 0xBF, 0x6F, 0x9E, 0x6F, 
    0x7E, 0x6B, 0x7D, 0x67, 0x3D, 0x63, 0x3C, 0x63, 0x1C, 0x63, 0x3C, 0x63, 0x1B, 0x5F, 0xF8, 0x5E, 
    0xD8, 0x5A, 0xF8, 0x5E, 0x1A, 0x63, 0x7C, 0x6F, 0x7D, 0x6F, 0x5C, 0x6F, 0x3C, 0x6B, 0x3A, 0x67, 
    0xDA, 0x4E, 0x78, 0x42, 0x77, 0x42, 0x78, 0x42, 0x97, 0x46, 0x77, 0x42, 0xD9, 0x4A, 0xFB, 0x4E, 
    0x3D, 0x5B, 0x7F, 0x5F, 0x9E, 0x67, 0x9F, 0x67, 0xBE, 0x6F, 0xBF, 0x73, 0xDE, 0x77, 0xDF, 0x77, 
    0xDE, 0x7B, 0xDF, 0x77, 0xDE, 0x77, 0xBF, 0x73, 0xBE, 0x6F, 0x9F, 0x67, 0x7E, 0x5F, 0x3D, 0x5B, 
    0x3C, 0x57, 0xFC, 0x52, 0xFA, 0x56, 0xFA, 0x52, 0xFA, 0x56, 0xFA, 0x56, 0x1A, 0x5B, 0x1B, 0x5B, 
    0x1A, 0x5B, 0x1B, 0x5B, 0x3A, 0x5F, 0x1B, 0x5F, 0x3B, 0x5F, 0x1C, 0x5F, 0x3C, 0x5F, 0x3D, 0x5F, 
    0x3D, 0x5F, 0x3D, 0x5F, 0x3C, 0x5F, 0xFC, 0x5A, 0xFA, 0x5A, 0xD9, 0x56, 0xB6, 0x52, 0x95, 0x52, 
    0xB4, 0x56, 0xD6, 0x5A, 0xF7, 0x5E, 0xF8, 0x5A, 0xF7, 0x5A, 0xD6, 0x56, 0xF5, 0x5A, 0xD6, 0x56, 
    0xD5, 0x56, 0xD6, 0x56, 0xF5, 0x5A, 0xD6, 0x56, 0xF5, 0x5A, 0xD5, 0x56, 0xD4, 0x56, 0xD5, 0x56, 
    0xF4, 0x56, 0xD4, 0x56, 0xD4, 0x56, 0xD4, 0x52, 0xD3, 0x56, 0xB3, 0x52, 0xB4, 0x52, 0x97, 0x4E, 
    0xB6, 0x4E, 0x95, 0x4A, 0x92, 0x4E, 0x50, 0x46, 0x6F, 0x4A, 0x50, 0x4A, 0x92, 0x4E, 0xB8, 0x4E, 
    0xFA, 0x56, 0x1D, 0x5B, 0x3D, 0x5F, 0x3E, 0x5F, 0x3C, 0x5B, 0xDA, 0x4E, 0xB7, 0x4A, 0x98, 0x4A, 
    0xD9, 0x52, 0xFB, 0x56, 0x1C, 0x5B, 0x1D, 0x5B, 0x5D, 0x63, 0x3E, 0x5F, 0x3D, 0x5F, 0x1C, 0x5B, 
    0x1A, 0x5B, 0xFA, 0x5A, 0x19, 0x5B, 0xF9, 0x5A, 0x1A, 0x5F, 0x3B, 0x5F, 0x3B, 0x63, 0xFA, 0x5A, 
    0xF8, 0x56, 0xB8, 0x52, 0xD7, 0x52, 0xB7, 0x4E, 0xB5, 0x52, 0x93, 0x4E, 0x91, 0x4E, 0x50, 0x46, 
    0x2E, 0x46, 0xED, 0x3D, 0xAA, 0x39, 0x6A, 0x31, 0xCC, 0x3D, 0x31, 0x46, 0x94, 0x52, 0x96, 0x4E, 
    0xB7, 0x52, 0x97, 0x4E, 0xB7, 0x4E, 0xB8, 0x4E, 0xD8, 0x4E, 0xD9, 0x4E, 0xF9, 0x52, 0xDA, 0x52, 
    0xFA, 0x56, 0xFA, 0x56, 0x1A, 0x5B, 0x1C, 0x57, 0x5C, 0x5F, 0x5E, 0x5F, 0x9E, 0x67, 0x7E, 0x67, 
    0x9E, 0x67, 0x9E, 0x67, 0x9E, 0x6B, 0x9E, 0x67, 0x9E, 0x67, 0x5E, 0x63, 0x5D, 0x63, 0x3C, 0x5F, 
    0x3B, 0x63, 0x1B, 0x5F, 0x1A, 0x5F, 0x18, 0x5B, 0x15, 0x5F, 0xD3, 0x56, 0xD3, 0x5A, 0xB4, 0x56, 
    0x93, 0x52, 0x94, 0x4E, 0x93, 0x4E, 0x73, 0x4A, 0x73, 0x4A, 0x75, 0x4A, 0xB7, 0x52, 0x97, 0x4E, 
    0x97, 0x4E, 0x97, 0x4A, 0xF9, 0x56, 0x3D, 0x5F, 0x7D, 0x67, 0x9F, 0x67, 0xBE, 0x6F, 0xBF, 0x6F, 
    0xDE, 0x73, 0xDF, 0x73, 0xDF, 0x77, 0xDF, 0x73, 0xDE, 0x73, 0xBF, 0x6F, 0x9E, 0x67, 0x5E, 0x5F, 
    0x5D, 0x5F, 0x1D, 0x5B, 0x1B, 0x5B, 0xFA, 0x52, 0xD8, 0x52, 0xB7, 0x4E, 0xB6, 0x4E, 0xB7, 0x4E, 
    0xD7, 0x52, 0xB8, 0x52, 0xB7, 0x52, 0x97, 0x4E, 0xB6, 0x4E, 0x96, 0x4A, 0x95, 0x4A, 0x95, 0x4A, 
    0xB6, 0x4E, 0xB7, 0x4E, 0xF9, 0x56, 0x1B, 0x5F, 0x5C, 0x67, 0x7D, 0x6B, 0x9D, 0x6F, 0xBE, 0x73, 
    0xFE, 0x7F, 0xFF, 0x7F, 0xFF, 0x7F, 0xFF, 0x7F, 0xFE, 0x7F, 0xFF, 0x7F, 0xFE, 0x7F, 0xB9, 0x77, 
    0xCF, 0x5E, 0x6E, 0x52, 0xB2, 0x5A, 0xB3, 0x56, 0x92, 0x56, 0x39, 0x67, 0x37, 0x63, 0x17, 0x5F, 
    0x16, 0x5F, 0xF8, 0x5A, 0x19, 0x5B, 0x1B, 0x5F, 0x5C, 0x67, 0x9E, 0x6B, 0xBE, 0x73, 0xBF, 0x73, 
    0x9C, 0x6F, 0x75, 0x5E, 0x3B, 0x6B, 0xDF, 0x77, 0xDE, 0x73, 0x7D, 0x67, 0xB8, 0x52, 0xDB, 0x5A, 
    0xBE, 0x73, 0xDF, 0x73, 0xDF, 0x77, 0xBF, 0x73, 0xBE, 0x73, 0xBF, 0x6F, 0x9E, 0x6F, 0x7E, 0x67, 
    0x7D, 0x67, 0x5D, 0x63, 0x5C, 0x63, 0x1C, 0x5F, 0x3B, 0x63, 0x1C, 0x5F, 0x1A, 0x5F, 0xD8, 0x5A, 
    0xF7, 0x5E, 0xD8, 0x5E, 0x19, 0x67, 0x5C, 0x6B, 0x7C, 0x6F, 0x5C, 0x6B, 0x5B, 0x6B, 0x1A, 0x67, 
    0xBA, 0x4A, 0x98, 0x46, 0x78, 0x42, 0x77, 0x46, 0x77, 0x42, 0x77, 0x42, 0x99, 0x4A, 0xFB, 0x52, 
    0x1D, 0x57, 0x5E, 0x5F, 0x7F, 0x63, 0x9E, 0x67, 0x9F, 0x6B, 0xBF, 0x73, 0xBF, 0x73, 0xDF, 0x77, 
    0xBF, 0x77, 0xDF, 0x77, 0xBF, 0x73, 0xBE, 0x73, 0x9F, 0x6B, 0x7E, 0x67, 0x3E, 0x5B, 0x3D, 0x5B, 
    0xFC, 0x56, 0xFB, 0x56, 0xDB, 0x52, 0xFA, 0x56, 0xDA, 0x52, 0xFA, 0x56, 0xFB, 0x56, 0xFA, 0x5A, 
    0xFB, 0x5A, 0x1B, 0x5F, 0x1B, 0x5F, 0x3B, 0x5F, 0x1C, 0x5F, 0x3C, 0x5F, 0x1D, 0x5F, 0x3D, 0x63, 
    0x3E, 0x5F, 0x3D, 0x63, 0x1D, 0x5F, 0x3C, 0x63, 0xFC, 0x5A, 0xD9, 0x5A, 0xB7, 0x52, 0xB5, 0x56, 
    0xB5, 0x56, 0xD6, 0x5E, 0xD7, 0x5E, 0xF7, 0x5E, 0xD7, 0x5A, 0xF6, 0x5A, 0xD6, 0x5A, 0xD6, 0x5A, 
    0xD6, 0x56, 0xD6, 0x5A, 0xD6, 0x5A, 0xF6, 0x5A, 0xD5, 0x56, 0xD4, 0x56, 0xB5, 0x56, 0xD6, 0x5A, 
    0xD6, 0x56, 0xD5, 0x5A, 0xD5, 0x56, 0xD3, 0x56, 0xB3, 0x52, 0xB3, 0x56, 0x94, 0x52, 0x95, 0x52, 
    0x96, 0x4E, 0x94, 0x4E, 0x72, 0x4A, 0x70, 0x4A, 0x50, 0x4A, 0x70, 0x4A, 0x73, 0x4E, 0xB7, 0x52, 
    0xDB, 0x56, 0xFC, 0x5A, 0x1E, 0x5F, 0x3E, 0x63, 0x3E, 0x5F, 0xFB, 0x56, 0xB9, 0x4E, 0x97, 0x4A, 
    0x99, 0x4A, 0xDA, 0x52, 0xFC, 0x5A, 0x3D, 0x5F, 0x3E, 0x5F, 0x3D, 0x63, 0x3D, 0x5F, 0x1C, 0x5F, 
    0x1B, 0x5B, 0x1A, 0x5B, 0xF9, 0x5A, 0xF9, 0x5E, 0xFA, 0x5E, 0x1B, 0x63, 0x1B, 0x5F, 0xF9, 0x5E, 
    0xD9, 0x56, 0xD7, 0x56, 0xB7, 0x52, 0xB6, 0x52, 0xB5, 0x4E, 0x92, 0x4E, 0x71, 0x4A, 0x4F, 0x4A, 
    0x2F, 0x46, 0x0D, 0x42, 0xCC, 0x3D, 0x8A, 0x39, 0x8B, 0x39, 0x10, 0x4A, 0x55, 0x4E, 0x96, 0x52, 
    0x98, 0x52, 0xB7, 0x52, 0x98, 0x4E, 0xB8, 0x52, 0xB9, 0x52, 0xDA, 0x56, 0xDB, 0x52, 0xFB, 0x56, 
    0xFB, 0x56, 0x1B, 0x5B, 0x1C, 0x5B, 0x3C, 0x5F, 0x5E, 0x5F, 0x7E, 0x67, 0x9F, 0x6B, 0xBF, 0x6F, 
    0x9F, 0x6B, 0x9E, 0x6B, 0x9F, 0x6B, 0x9E, 0x6B, 0x7F, 0x67, 0x7D, 0x67, 0x3D, 0x63, 0x3C, 0x63, 
    0x1B, 0x5F, 0x1A, 0x5F, 0xFA, 0x5E, 0x17, 0x5F, 0xF5, 0x5A, 0xB2, 0x56, 0xB3, 0x56, 0xB3, 0x56, 
    0x74, 0x4E, 0x94, 0x52, 0x74, 0x4E, 0x53, 0x4A, 0x53, 0x46, 0x74, 0x4E, 0x97, 0x4E, 0x97, 0x52, 
    0x77, 0x4A, 0xB8, 0x4E, 0xDA, 0x56, 0x3C, 0x5F, 0x5E, 0x63, 0x9E, 0x6B, 0x9F, 0x6F, 0xBF, 0x73, 
    0xBF, 0x73, 0xDF, 0x77, 0xDF, 0x77, 0xDF, 0x77, 0xBF, 0x73, 0xBF, 0x6F, 0x7F, 0x67, 0x5E, 0x63, 
    0x3E, 0x5F, 0x3C, 0x5F, 0xFC, 0x5A, 0xFA, 0x5A, 0xD9, 0x56, 0xD7, 0x56, 0xB7, 0x52, 0xB7, 0x52, 
    0xB8, 0x52, 0xD8, 0x56, 0xB8, 0x52, 0xB7, 0x52, 0x97, 0x4E, 0xB7, 0x52, 0x97, 0x4A, 0x96, 0x4E, 
    0x97, 0x4E, 0xD7, 0x52, 0xD9, 0x56, 0x1B, 0x63, 0x3D, 0x67, 0x7D, 0x6B, 0x7E, 0x6B, 0xBE, 0x77, 
    0xDF, 0x7B, 0xFF, 0x7F, 0xDF, 0x7F, 0xFF, 0x7F, 0xDF, 0x7F, 0xFF, 0x7F, 0xDF, 0x7F, 0xFE, 0x7F, 
    0x56, 0x6B, 0x6E, 0x52, 0x0C, 0x46, 0x4E, 0x4E, 0x1A, 0x67, 0x7B, 0x6F, 0x3A, 0x67, 0x38, 0x63, 
    0xF8, 0x5E, 0xF8, 0x5E, 0xF9, 0x5A, 0x3B, 0x63, 0x5D, 0x67, 0x9D, 0x6F, 0x9F, 0x73, 0x9E, 0x73, 
    0x3B, 0x67, 0x33, 0x5E, 0x3C, 0x6B, 0xDF, 0x7B, 0x9F, 0x73, 0x3C, 0x63, 0x99, 0x52, 0xDA, 0x5E, 
    0x9F, 0x6F, 0xBF, 0x73, 0x9F, 0x6F, 0xBE, 0x6F, 0x9F, 0x6B, 0x9E, 0x6B, 0x7E, 0x67, 0x7D, 0x67, 
    0x3D, 0x63, 0x3C, 0x63, 0x1C, 0x63, 0x1B, 0x63, 0xFB, 0x5E, 0x1B, 0x5F, 0xFA, 0x5E, 0xD8, 0x5E, 
    0xD8, 0x5A, 0xD7, 0x5E, 0xF9, 0x62, 0x3B, 0x6B, 0x3C, 0x6B, 0x5C, 0x6F, 0x3C, 0x6B, 0x19, 0x6B, 
    0xDA, 0x4E, 0x99, 0x46, 0x97, 0x42, 0x77, 0x3E, 0x76, 0x42, 0x76, 0x3E, 0xB8, 0x4A, 0xDA, 0x4E, 
    0x3C, 0x57, 0x3D, 0x5B, 0x7D, 0x5F, 0x7E, 0x5F, 0x9E, 0x67, 0x9F, 0x6B, 0xBE, 0x6F, 0xBF, 0x73, 
    0xDE, 0x73, 0xDE, 0x73, 0xDE, 0x73, 0xBF, 0x6B, 0x9E, 0x67, 0x7E, 0x5F, 0x3C, 0x5B, 0x1C, 0x57, 
    0xFB, 0x56, 0xFB, 0x52, 0xFA, 0x52, 0xDA, 0x52, 0xF9, 0x52, 0xFA, 0x52, 0xF9, 0x56, 0xFA, 0x56, 
    0x1A, 0x5B, 0x1B, 0x5B, 0x3B, 0x5F, 0x3C, 0x5B, 0x3C, 0x5F, 0x3C, 0x5B, 0x5C, 0x5F, 0x3D, 0x5F, 
    0x5D, 0x63, 0x3D, 0x5F, 0x5D, 0x63, 0x3D, 0x5F, 0x1B, 0x5F, 0xDA, 0x56, 0xD7, 0x56, 0xB5, 0x52, 
    0xB4, 0x56, 0xD5, 0x56, 0xF6, 0x5E, 0xF7, 0x5E, 0x16, 0x5F, 0xF6, 0x5A, 0xF5, 0x5A, 0xF6, 0x56, 
    0xF5, 0x5A, 0xD6, 0x56, 0xF5, 0x5A, 0xF6, 0x56, 0xF4, 0x56, 0xB4, 0x52, 0xD4, 0x56, 0xD6, 0x52, 
    0xF7, 0x56, 0xD6, 0x56, 0xD5, 0x56, 0xB3, 0x52, 0xD2, 0x52, 0xB3, 0x52, 0xB3, 0x52, 0x94, 0x4E, 
    0x94, 0x4E, 0x73, 0x4A, 0x91, 0x4A, 0x71, 0x4A, 0x70, 0x4A, 0x71, 0x4A, 0x91, 0x4E, 0xB7, 0x4E, 
    0xDA, 0x52, 0xFC, 0x56, 0x3C, 0x5B, 0x3E, 0x5F, 0x5D, 0x5F, 0x1C, 0x57, 0xF9, 0x52, 0xB8, 0x4A, 
    0xB7, 0x4A, 0xD9, 0x4E, 0x1B, 0x57, 0x1D, 0x5B, 0x3D, 0x5F, 0x3D, 0x5F, 0x5D, 0x5F, 0x3D, 0x5B, 
    0x3B, 0x5B, 0x1A, 0x57, 0x18, 0x5B, 0xF9, 0x56, 0x19, 0x5F, 0x1A, 0x5F, 0x19, 0x5F, 0xF9, 0x56, 
    0xF7, 0x56, 0xB8, 0x52, 0xB6, 0x52, 0xB6, 0x4E, 0xB3, 0x4E, 0x91, 0x4A, 0x70, 0x4A, 0x4F, 0x46, 
    0x4E, 0x46, 0x2D, 0x42, 0x0C, 0x3E, 0xAB, 0x35, 0xAA, 0x35, 0xEF, 0x41, 0x73, 0x4E, 0x95, 0x4E, 
    0xB6, 0x52, 0xB7, 0x4E, 0xB7, 0x4E, 0xD9, 0x4E, 0xF9, 0x52, 0xFB, 0x52, 0x1B, 0x57, 0x1C, 0x57, 
    0x3C, 0x5B, 0x3C, 0x5B, 0x5C, 0x5F, 0x5D, 0x5F, 0x7D, 0x63, 0x9E, 0x67, 0xBE, 0x6F, 0xBF, 0x6B, 
    0xBE, 0x6B, 0x9F, 0x6B, 0xBE, 0x6B, 0x9F, 0x6B, 0x9E, 0x67, 0x7E, 0x63, 0x5C, 0x63, 0x3C, 0x5B, 
    0x1A, 0x5F, 0xF9, 0x5A, 0xF8, 0x5A, 0xF7, 0x5A, 0xF4, 0x5A, 0x91, 0x52, 0xB1, 0x52, 0xB3, 0x52, 
    0x93, 0x52, 0x94, 0x4E, 0x93, 0x4E, 0x53, 0x46, 0x52, 0x4A, 0x53, 0x46, 0x95, 0x4A, 0x97, 0x4A, 
    0x97, 0x4A, 0x98, 0x4A, 0xF9, 0x56, 0x1C, 0x5B, 0x7D, 0x63, 0x9E, 0x67, 0xBE, 0x6F, 0xBF, 0x6F, 
    0xDE, 0x77, 0xDF, 0x73, 0xDF, 0x77, 0xDF, 0x73, 0xDE, 0x73, 0xBF, 0x6B, 0x9E, 0x67, 0x5E, 0x5F, 
    0x5D, 0x5F, 0x3C, 0x5B, 0x1B, 0x5B, 0xFB, 0x5A, 0xF9, 0x5A, 0xD8, 0x56, 0xD7, 0x56, 0xD7, 0x52, 
    0xD7, 0x56, 0xD8, 0x52, 0xD7, 0x52, 0xB7, 0x4E, 0xB6, 0x4E, 0xB7, 0x4E, 0xB6, 0x4E, 0x96, 0x4A, 
    0xB6, 0x4E, 0xD8, 0x4E, 0xF9, 0x56, 0x1B, 0x5F, 0x5C, 0x67, 0x5D, 0x67, 0x7C, 0x6B, 0xBE, 0x73, 
    0xDE, 0x7B, 0xFF, 0x7B, 0xFE, 0x7F, 0xFF, 0x7B, 0xFF, 0x7F, 0xFF, 0x7F, 0xDD, 0x7B, 0x9D, 0x73, 
    0xDB, 0x77, 0xF2, 0x5E, 0x8E, 0x52, 0x71, 0x52, 0x7C, 0x6F, 0x7C, 0x6B, 0x59, 0x67, 0x38, 0x63, 
    0x17, 0x5F, 0x18, 0x5B, 0x19, 0x5F, 0x3B, 0x5F, 0x5C, 0x67, 0x7D, 0x6B, 0xBE, 0x73, 0x9E, 0x6F, 
    0x3A, 0x6B, 0x14, 0x56, 0x7D, 0x6F, 0xDF, 0x77, 0xBE, 0x6F, 0x1B, 0x5F, 0xB7, 0x52, 0xDA, 0x5A, 
    0x9E, 0x6B, 0x9E, 0x6B, 0x9E, 0x6B, 0x9E, 0x67, 0x9D, 0x67, 0x7D, 0x67, 0x7D, 0x67, 0x5D, 0x63, 
    0x5C, 0x63, 0x1C, 0x5F, 0x1A, 0x5F, 0xFB, 0x5A, 0x1A, 0x5F, 0xFA, 0x5A, 0xF8, 0x5A, 0xD7, 0x5A, 
    0xD6, 0x5A, 0xB6, 0x5A, 0xF7, 0x62, 0x3A, 0x67, 0x5B, 0x6B, 0x5C, 0x6B, 0x5A, 0x6B, 0x19, 0x67, 
    0xBB, 0x4E, 0xB9, 0x4E, 0x78, 0x42, 0x76, 0x42, 0x56, 0x3E, 0x76, 0x42, 0x98, 0x4A, 0xDA, 0x52, 
    0xFC, 0x52, 0x3D, 0x5B, 0x3E, 0x5B, 0x5E, 0x5F, 0x7F, 0x63, 0x9E, 0x67, 0x9F, 0x6B, 0xBE, 0x6F, 
    0xBF, 0x6F, 0xBE, 0x6F, 0x9F, 0x6F, 0x9E, 0x6B, 0x7F, 0x63, 0x5D, 0x5B, 0x1C, 0x57, 0xFB, 0x52, 
    0xDB, 0x52, 0xDA, 0x52, 0xDA, 0x4E, 0xD9, 0x52, 0xDA, 0x52, 0xF9, 0x52, 0xDA, 0x52, 0xFA, 0x56, 
    0xFB, 0x5A, 0x1B, 0x5F, 0x1C, 0x5F, 0x3C, 0x5F, 0x3D, 0x5F, 0x3D, 0x5F, 0x3D, 0x5F, 0x3D, 0x63, 
    0x3D, 0x5F, 0x5D, 0x63, 0x3E, 0x63, 0x3D, 0x63, 0x1C, 0x5F, 0xFA, 0x5A, 0xB8, 0x56, 0xB6, 0x56, 
    0xB5, 0x56, 0xD5, 0x5A, 0xD6, 0x5E, 0xF6, 0x5E, 0xF7, 0x5E, 0xF6, 0x5E, 0xD6, 0x5A, 0xF6, 0x5A, 
    0xD6, 0x56, 0xF6, 0x5A, 0xD6, 0x5A, 0xF6, 0x5A, 0xD5, 0x56, 0xD4, 0x56, 0xB5, 0x56, 0xD7, 0x56, 
    0xD8, 0x56, 0xD7, 0x56, 0xB6, 0x56, 0xD4, 0x56, 0xB4, 0x52, 0xB4, 0x56, 0x94, 0x52, 0x94, 0x4E, 
    0x74, 0x4A, 0x72, 0x4A, 0x72, 0x4A, 0x72, 0x4E, 0x71, 0x4A, 0x70, 0x4E, 0x72, 0x4A, 0xB5, 0x52, 
    0xDA, 0x52, 0xFB, 0x56, 0xFC, 0x5A, 0x3D, 0x5F, 0x3E, 0x5F, 0x3D, 0x5F, 0xFB, 0x52, 0xD8, 0x4E, 
    0xB8, 0x4A, 0xD9, 0x4E, 0xFB, 0x56, 0x1C, 0x5B, 0x1D, 0x5B, 0x3D, 0x5F, 0x3E, 0x5F, 0x3D, 0x5F, 
    0x1D, 0x5B, 0x1B, 0x5B, 0xF9, 0x56, 0xF8, 0x5A, 0xF9, 0x5A, 0x19, 0x5F, 0xF9, 0x5A, 0xF8, 0x56, 
    0xD8, 0x52, 0xD7, 0x52, 0xB7, 0x4E, 0xB5, 0x4E, 0x93, 0x4E, 0x71, 0x4A, 0x50, 0x46, 0x6F, 0x4A, 
    0x4F, 0x46, 0x4E, 0x46, 0x0E, 0x3E, 0xCB, 0x39, 0x8B, 0x35, 0xED, 0x41, 0x32, 0x4A, 0x95, 0x52, 
    0x97, 0x4E, 0xB7, 0x52, 0xB9, 0x4E, 0xD9, 0x56, 0xFB, 0x52, 0x1B, 0x57, 0x1D, 0x5B, 0x3D, 0x5F, 
    0x3D, 0x5F, 0x5D, 0x63, 0x5E, 0x63, 0x7E, 0x67, 0x7E, 0x67, 0xBE, 0x6F, 0xBF, 0x6F, 0xBE, 0x73, 
    0x9F, 0x6B, 0x9E, 0x6B, 0x9F, 0x6B, 0x9F, 0x6B, 0x9F, 0x67, 0x7E, 0x67, 0x3D, 0x5F, 0x3B, 0x5F, 
    0xFA, 0x5A, 0xF8, 0x5A, 0xD8, 0x56, 0xF6, 0x5A, 0xB3, 0x52, 0x90, 0x4E, 0x71, 0x4E, 0x92, 0x52, 
    0x94, 0x52, 0x94, 0x52, 0x74, 0x4E, 0x73, 0x4E, 0x53, 0x4A, 0x73, 0x4A, 0x75, 0x4A, 0x76, 0x4A, 
    0x77, 0x46, 0xB7, 0x4E, 0xDA, 0x52, 0x1B, 0x5B, 0x3D, 0x5F, 0x7E, 0x67, 0x9F, 0x6B, 0xBE, 0x6F, 
    0xBF, 0x73, 0xDF, 0x77, 0xDF, 0x77, 0xDF, 0x77, 0xBF, 0x73, 0xBE, 0x6F, 0x7E, 0x67, 0x5D, 0x63, 
    0x3E, 0x5F, 0x3C, 0x5F, 0x1C, 0x5F, 0x1B, 0x5F, 0xFA, 0x5A, 0xF8, 0x5E, 0xD8, 0x5A, 0xD7, 0x56, 
    0xD7, 0x56, 0xD7, 0x56, 0xB7, 0x52, 0xD7, 0x52, 0xB7, 0x52, 0xB7, 0x52, 0x97, 0x4E, 0xB6, 0x4E, 
    0xB7, 0x4E, 0xD8, 0x52, 0xFA, 0x56, 0x3B, 0x5F, 0x3C, 0x63, 0x5C, 0x67, 0x5D, 0x6B, 0x9D, 0x73, 
    0xBE, 0x77, 0xFE, 0x7F, 0xDF, 0x7B, 0xFF, 0x7F, 0xFF, 0x7F, 0xFF, 0x7F, 0xBD, 0x77, 0xD5, 0x5E, 
    0x59, 0x6B, 0xF3, 0x62, 0x14, 0x63, 0x8F, 0x52, 0xF9, 0x62, 0x7C, 0x6F, 0x5B, 0x6B, 0x39, 0x67, 
    0x19, 0x5F, 0x19, 0x5F, 0x1A, 0x5F, 0x3B, 0x63, 0x5D, 0x67, 0x7D, 0x6F, 0x9E, 0x6F, 0x9D, 0x73, 
    0xBA, 0x66, 0xB9, 0x66, 0x7D, 0x6F, 0xDF, 0x77, 0x7E, 0x6B, 0xF9, 0x5A, 0xB9, 0x56, 0xFA, 0x5E, 
    0x7E, 0x67, 0x9D, 0x6B, 0x7E, 0x67, 0x7D, 0x67, 0x5D, 0x67, 0x5D, 0x67, 0x3D, 0x63, 0x3C, 0x63, 
    0x1C, 0x5F, 0x1B, 0x5F, 0xFB, 0x5E, 0xFA, 0x5E, 0xDA, 0x5A, 0xF9, 0x5A, 0xD8, 0x56, 0xD6, 0x5A, 
    0xB5, 0x56, 0xB5, 0x5A, 0xD7, 0x5E, 0x3A, 0x6B, 0x3B, 0x6B, 0x5B, 0x6F, 0x3B, 0x6B, 0x18, 0x67, 
    0xDA, 0x52, 0xB9, 0x4A, 0x97, 0x46, 0x56, 0x3E, 0x75, 0x3E, 0x76, 0x42, 0xB8, 0x4A, 0xDA, 0x4E, 
    0xFB, 0x52, 0x1C, 0x57, 0x3D, 0x5B, 0x3E, 0x5B, 0x7E, 0x5F, 0x7E, 0x63, 0x9E, 0x67, 0x9F, 0x6B, 
    0xBE, 0x6B, 0x9F, 0x6B, 0x9E, 0x6B, 0x7F, 0x63, 0x7D, 0x5F, 0x1D, 0x57, 0xFB, 0x52, 0xDA, 0x4E, 
    0xD9, 0x4E, 0xB9, 0x4A, 0xD9, 0x4E, 0xD9, 0x4E, 0xF9, 0x52, 0xDA, 0x52, 0xFA, 0x52, 0xFB, 0x56, 
    0x1B, 0x5B, 0x1C, 0x5B, 0x3C, 0x5F, 0x3D, 0x5F, 0x5D, 0x5F, 0x3D, 0x5F, 0x5D, 0x5F, 0x3D, 0x5F, 
    0x5D, 0x63, 0x3E, 0x5F, 0x5D, 0x63, 0x3D, 0x5F, 0x1C, 0x5F, 0xFB, 0x56, 0xD8, 0x56, 0xB7, 0x56, 
    0xB4, 0x5A, 0xB4, 0x5A, 0xD5, 0x5E, 0xD6, 0x5E, 0xF6, 0x5E, 0xF6, 0x5A, 0xF5, 0x5A, 0xF6, 0x5A, 
    0xF6, 0x5A, 0xD6, 0x56, 0xF6, 0x5A, 0xD6, 0x5A, 0xD4, 0x56, 0xB4, 0x52, 0xD4, 0x56, 0xD8, 0x52, 
    0xD8, 0x56, 0xD8, 0x52, 0xD6, 0x56, 0xB5, 0x56, 0xD4, 0x56, 0xB4, 0x52, 0xB4, 0x52, 0x95, 0x4E, 
    0x94, 0x4A, 0x73, 0x46, 0x72, 0x4A, 0x72, 0x4A, 0x71, 0x4E, 0x71, 0x4A, 0x90, 0x4A, 0xB4, 0x4E, 
    0xD8, 0x52, 0xDB, 0x52, 0x1B, 0x5B, 0x1D, 0x5B, 0x3D, 0x5F, 0x3D, 0x5B, 0x1B, 0x57, 0xD9, 0x4E, 
    0xB8, 0x4E, 0xB9, 0x4E, 0xFA, 0x56, 0xFC, 0x56, 0xFB, 0x5A, 0x1C, 0x5B, 0x3D, 0x63, 0x3D, 0x5F, 
    0x3C, 0x5F, 0x1C, 0x57, 0xF9, 0x56, 0xF8, 0x56, 0xF8, 0x5A, 0xF9, 0x5A, 0xF8, 0x5A, 0xD8, 0x52, 
    0xD7, 0x52, 0xB7, 0x4E, 0xB6, 0x4E, 0x95, 0x4E, 0x92, 0x4E, 0x71, 0x46, 0x70, 0x4A, 0x70, 0x46, 
    0x70, 0x4A, 0x50, 0x46, 0x4F, 0x46, 0xCD, 0x39, 0xAA, 0x39, 0xCD, 0x3D, 0x51, 0x4A, 0x75, 0x4E, 
    0xB6, 0x52, 0xB8, 0x4E, 0xD9, 0x52, 0xDA, 0x52, 0x1B, 0x57, 0x1D, 0x57, 0x3D, 0x5B, 0x5E, 0x5F, 
    0x7E, 0x63, 0x7E, 0x63, 0x9E, 0x67, 0x9E, 0x6B, 0xBE, 0x6F, 0xBF, 0x6F, 0xDE, 0x73, 0xBF, 0x6F, 
    0x9E, 0x6B, 0x7E, 0x63, 0x7E, 0x67, 0x7E, 0x67, 0x9E, 0x67, 0x7E, 0x63, 0x5D, 0x63, 0x1B, 0x5B, 
    0x19, 0x5B, 0xD8, 0x56, 0xD6, 0x56, 0xD5, 0x56, 0xB1, 0x52, 0x70, 0x4A, 0x70, 0x4E, 0x93, 0x4E, 
    0xB4, 0x52, 0x95, 0x4E, 0xB5, 0x4E, 0x96, 0x4E, 0x95, 0x4E, 0x75, 0x4A, 0x75, 0x4A, 0x76, 0x46, 
    0x75, 0x46, 0x97, 0x46, 0xD9, 0x52, 0xFB, 0x56, 0x3C, 0x5F, 0x5E, 0x63, 0x9E, 0x6B, 0x9F, 0x6B, 
    0xDE, 0x73, 0xDF, 0x73, 0xDF, 0x77, 0xDF, 0x73, 0xDE, 0x73, 0x9F, 0x6B, 0x9E, 0x67, 0x5E, 0x63, 
    0x5D, 0x63, 0x3D, 0x5F, 0x3C, 0x63, 0x1B, 0x5F, 0x1A, 0x63, 0x19, 0x5F, 0x18, 0x5F, 0xF8, 0x5A, 
    0xF7, 0x5A, 0xD7, 0x56, 0xD7, 0x56, 0xB7, 0x52, 0xD7, 0x52, 0xB7, 0x4E, 0xB6, 0x4E, 0x97, 0x4E, 
    0xD7, 0x52, 0xD9, 0x52, 0xF9, 0x5A, 0x1C, 0x5F, 0x5C, 0x63, 0x5D, 0x67, 0x7C, 0x6B, 0x7D, 0x6B, 
    0xDE, 0x77, 0xDF, 0x7B, 0xFE, 0x7F, 0xFF, 0x7B, 0xDE, 0x7B, 0xDE, 0x77, 0xBB, 0x77, 0x90, 0x52, 
    0x8E, 0x52, 0x4E, 0x4A, 0x8E, 0x52, 0x6E, 0x4E, 0x72, 0x52, 0x5B, 0x6B, 0x7B, 0x6F, 0x5A, 0x67, 
    0x39, 0x63, 0x1A, 0x5F, 0x3A, 0x63, 0x5C, 0x67, 0x7D, 0x6B, 0x7D, 0x6B, 0xBD, 0x73, 0x5D, 0x6F, 
    0x96, 0x5E, 0xFA, 0x62, 0x9D, 0x6F, 0xBF, 0x73, 0x7D, 0x6B, 0x98, 0x52, 0xB7, 0x52, 0xFB, 0x5A, 
    0x7E, 0x67, 0x7E, 0x67, 0x5D, 0x67, 0x3D, 0x63, 0x3C, 0x63, 0x3C, 0x5F, 0x3B, 0x63, 0x1B, 0x5F, 
    0x1A, 0x5F, 0xFA, 0x5A, 0xF9, 0x5E, 0xD9, 0x5A, 0xD8, 0x5A, 0xB8, 0x56, 0xD6, 0x56, 0xB6, 0x56, 
    0xB4, 0x56, 0x95, 0x56, 0xD7, 0x5E, 0x1A, 0x67, 0x5B, 0x6B, 0x3B, 0x6B, 0x39, 0x6B, 0xF8, 0x62, 
    0xBA, 0x4E, 0x98, 0x4A, 0x57, 0x42, 0x55, 0x42, 0x55, 0x3E, 0x76, 0x46, 0x99, 0x4A, 0xDA, 0x52, 
    0xDC, 0x52, 0x1C, 0x57, 0x1D, 0x57, 0x3D, 0x5B, 0x3E, 0x5B, 0x5E, 0x63, 0x7F, 0x63, 0x9F, 0x67, 
    0x7F, 0x67, 0x9F, 0x67, 0x7F, 0x63, 0x7E, 0x63, 0x3E, 0x5B, 0x1C, 0x57, 0xDB, 0x52, 0xB9, 0x4E, 
    0x98, 0x4A, 0xB8, 0x4E, 0xB9, 0x4E, 0xD9, 0x4E, 0xD9, 0x4E, 0xD9, 0x52, 0xDA, 0x52, 0xFB, 0x56, 
    0x1C, 0x5B, 0x3C, 0x5F, 0x3D, 0x5F, 0x3D, 0x5F, 0x3E, 0x5F, 0x3D, 0x63, 0x3E, 0x5F, 0x5D, 0x63, 
    0x3E, 0x63, 0x5D, 0x63, 0x3E, 0x63, 0x3D, 0x63, 0x1C, 0x5F, 0xFA, 0x5A, 0xD9, 0x56, 0xD7, 0x5A, 
    0xB5, 0x56, 0xB4, 0x5A, 0xB5, 0x5A, 0xD5, 0x5E, 0xD6, 0x5E, 0xF6, 0x5E, 0xF7, 0x5A, 0xF6, 0x5E, 
    0xD6, 0x5A, 0xF6, 0x5A, 0xD6, 0x5A, 0xF6, 0x5A, 0xD5, 0x56, 0xD3, 0x56, 0xB4, 0x52, 0xD7, 0x56, 
    0xB9, 0x56, 0xB7, 0x56, 0xB6, 0x52, 0xD5, 0x56, 0xB5, 0x56, 0xB4, 0x56, 0x95, 0x52, 0x95, 0x4E, 
    0x74, 0x4A, 0x73, 0x4A, 0x53, 0x46, 0x73, 0x4E, 0x52, 0x4A, 0x70, 0x4A, 0x50, 0x4A, 0x92, 0x4E, 
    0xB7, 0x4E, 0xD9, 0x56, 0xFC, 0x56, 0x1C, 0x5B, 0x1E, 0x5F, 0x3D, 0x5F, 0xFC, 0x56, 0xDA, 0x52, 
    0xB9, 0x4E, 0xB9, 0x4E, 0xDB, 0x52, 0xDA, 0x56, 0xBA, 0x52, 0x3C, 0x63, 0x3E, 0x63, 0x3D, 0x63, 
    0x1D, 0x5B, 0x1B, 0x5B, 0xDA, 0x56, 0xF8, 0x56, 0xD8, 0x56, 0xF8, 0x5A, 0xD8, 0x56, 0xD7, 0x56, 
    0xB7, 0x52, 0xB7, 0x52, 0xB6, 0x4E, 0xB4, 0x52, 0x92, 0x4E, 0x71, 0x4A, 0x71, 0x4A, 0x91, 0x4E, 
    0x72, 0x4A, 0x92, 0x4E, 0x51, 0x46, 0x0F, 0x42, 0xAC, 0x39, 0xCC, 0x3D, 0x11, 0x46, 0x74, 0x4E, 
    0x97, 0x4E, 0xB8, 0x52, 0xDA, 0x52, 0xFB, 0x56, 0x1C, 0x57, 0x3D, 0x5F, 0x5E, 0x5F, 0x7E, 0x67, 
    0x7F, 0x67, 0x9E, 0x6B, 0x9F, 0x6B, 0xBE, 0x6F, 0xBF, 0x73, 0xBE, 0x73, 0xBF, 0x73, 0xBE, 0x73, 
    0x5E, 0x67, 0x3D, 0x63, 0x3D, 0x5F, 0x5D, 0x63, 0x5E, 0x63, 0x7E, 0x67, 0x3D, 0x5F, 0x1B, 0x5F, 
    0xFA, 0x56, 0xF7, 0x56, 0xD6, 0x52, 0xB4, 0x56, 0x71, 0x4E, 0x70, 0x4E, 0x71, 0x4A, 0x93, 0x52, 
    0x96, 0x52, 0xB7, 0x52, 0xB8, 0x52, 0xB8, 0x52, 0x98, 0x4E, 0x98, 0x52, 0x77, 0x4A, 0x76, 0x4A, 
    0x55, 0x42, 0x76, 0x4A, 0xB8, 0x4E, 0xFA, 0x56, 0x1C, 0x5B, 0x5D, 0x63, 0x7E, 0x63, 0x9E, 0x6B, 
    0xBF, 0x6F, 0xDF, 0x77, 0xBF, 0x77, 0xDF, 0x77, 0xBF, 0x73, 0xBF, 0x6F, 0x7F, 0x67, 0x5D, 0x63, 
    0x3E, 0x63, 0x3D, 0x63, 0x3D, 0x63, 0x3B, 0x63, 0x1B, 0x63, 0x19, 0x63, 0x19, 0x63, 0x18, 0x63, 
    0xF8, 0x5E, 0xF7, 0x5A, 0xD8, 0x56, 0xF7, 0x5A, 0xD8, 0x56, 0xD7, 0x56, 0xB7, 0x52, 0xB7, 0x52, 
    0xB8, 0x52, 0xF9, 0x56, 0xFA, 0x5A, 0x1B, 0x63, 0x3C, 0x63, 0x5C, 0x67, 0x5D, 0x67, 0x7D, 0x6F, 
    0x9E, 0x73, 0xDE, 0x7B, 0xDF, 0x7B, 0xDE, 0x7B, 0x7C, 0x6F, 0xBD, 0x7B, 0x9B, 0x73, 0xD3, 0x5E, 
    0xF2, 0x5E, 0x6E, 0x52, 0x2C, 0x4A, 0x4D, 0x4E, 0x4F, 0x52, 0x92, 0x5A, 0x3B, 0x6F, 0x7B, 0x6F, 
    0x5B, 0x67, 0x5B, 0x67, 0x3C, 0x67, 0x7C, 0x6B, 0x7E, 0x6F, 0x9E, 0x73, 0x9E, 0x73, 0xD9, 0x6A, 
    0xB6, 0x5E, 0x5B, 0x67, 0x9E, 0x6F, 0xBE, 0x73, 0x5D, 0x67, 0xB8, 0x56, 0x98, 0x52, 0xFA, 0x5E, 
    0x5E, 0x63, 0x5D, 0x67, 0x3D, 0x63, 0x3C, 0x63, 0x1C, 0x5F, 0x1B, 0x5F, 0xFB, 0x5E, 0xFA, 0x5E, 
    0xDA, 0x5A, 0xF9, 0x5A, 0xD9, 0x5A, 0xD8, 0x5A, 0xB8, 0x56, 0xB7, 0x56, 0x96, 0x56, 0xB5, 0x56, 
    0x94, 0x56, 0x94, 0x5A, 0xD7, 0x5E, 0x1A, 0x67, 0x1B, 0x6B, 0x3A, 0x6B, 0x1A, 0x67, 0xF7, 0x66, 
    0xB8, 0x4A, 0x77, 0x42, 0x76, 0x42, 0x55, 0x3E, 0x74, 0x42, 0x76, 0x42, 0xB8, 0x46, 0xDA, 0x4A, 
    0xFA, 0x52, 0xFC, 0x52, 0x1C, 0x57, 0x1C, 0x57, 0x3D, 0x57, 0x3D, 0x5B, 0x7D, 0x5F, 0x7E, 0x5F, 
    0x9E, 0x63, 0x7F, 0x5F, 0x7E, 0x5F, 0x3D, 0x5B, 0x1C, 0x57, 0xFB, 0x52, 0xD9, 0x4E, 0x97, 0x46, 
    0x95, 0x46, 0x96, 0x46, 0xB7, 0x4A, 0xB8, 0x4A, 0xD8, 0x4E, 0xD9, 0x4E, 0xF9, 0x52, 0xFB, 0x56, 
    0x1B, 0x5B, 0x1C, 0x5B, 0x3C, 0x5F, 0x3D, 0x5F, 0x3D, 0x5F, 0x3D, 0x5F, 0x5D, 0x5F, 0x5E, 0x5F, 
    0x5D, 0x63, 0x5E, 0x63, 0x5D, 0x63, 0x3D, 0x5F, 0x3B, 0x5F, 0xFA, 0x56, 0xD8, 0x56, 0xD7, 0x56, 
    0xD5, 0x5A, 0xB4, 0x56, 0xD4, 0x5A, 0xD5, 0x5E, 0xF5, 0x5E, 0xF6, 0x5E, 0x16, 0x5F, 0xF6, 0x5A, 
    0xF5, 0x5A, 0xD6, 0x56, 0xF6, 0x5A, 0xD6, 0x56, 0xF4, 0x56, 0xB3, 0x52, 0xD3, 0x52, 0xB5, 0x52, 
    0xB6, 0x52, 0xB7, 0x4E, 0xB5, 0x52, 0xB5, 0x52, 0xD4, 0x56, 0xB5, 0x52, 0xB5, 0x52, 0x95, 0x4E, 
    0x94, 0x4A, 0x73, 0x46, 0x72, 0x46, 0x73, 0x46, 0x70, 0x4A, 0x50, 0x46, 0x6F, 0x4A, 0x71, 0x4A, 
    0xB5, 0x4E, 0xD9, 0x4E, 0xFA, 0x56, 0xFC, 0x56, 0x3C, 0x5F, 0x3E, 0x5F, 0x1C, 0x5B, 0xFB, 0x52, 
    0xD9, 0x4E, 0xB9, 0x4E, 0xD9, 0x52, 0x98, 0x4E, 0x97, 0x4E, 0x1C, 0x5F, 0x5D, 0x63, 0x3D, 0x5F, 
    0x3C, 0x5F, 0xFB, 0x56, 0xF9, 0x56, 0xD8, 0x52, 0xD6, 0x52, 0xD7, 0x52, 0xF7, 0x56, 0xD7, 0x52, 
    0xD6, 0x52, 0xD6, 0x52, 0xD4, 0x52, 0xB4, 0x4E, 0xB2, 0x4E, 0x92, 0x4A, 0xB2, 0x4E, 0x93, 0x4A, 
    0xB3, 0x4E, 0x94, 0x4A, 0x93, 0x4A, 0x52, 0x46, 0x2F, 0x42, 0xEE, 0x3D, 0x30, 0x46, 0x74, 0x4A, 
    0xB7, 0x52, 0xD9, 0x52, 0xFA, 0x52, 0xFB, 0x56, 0x3C, 0x5B, 0x5E, 0x5B, 0x9E, 0x67, 0x9F, 0x67, 
    0xBE, 0x6F, 0xBF, 0x6F, 0xDE, 0x73, 0xBF, 0x73, 0xDE, 0x77, 0xDF, 0x73, 0xDE, 0x73, 0x9E, 0x6B, 
    0x5C, 0x63, 0x1C, 0x5B, 0x1B, 0x5B, 0xFC, 0x56, 0x5D, 0x63, 0x5E, 0x63, 0x5C, 0x5F, 0x1B, 0x5B, 
    0xF9, 0x56, 0xD7, 0x52, 0xD5, 0x52, 0xB3, 0x4E, 0x91, 0x4E, 0x71, 0x4A, 0x91, 0x4E, 0x94, 0x4E, 
    0xB6, 0x52, 0xB8, 0x52, 0xD8, 0x52, 0xB8, 0x52, 0xB8, 0x52, 0x98, 0x4E, 0x97, 0x4E, 0x76, 0x46, 
    0x54, 0x42, 0x55, 0x42, 0x96, 0x4A, 0xD9, 0x4E, 0x1A, 0x57, 0x3D, 0x5B, 0x7D, 0x63, 0x9E, 0x67, 
    0xBE, 0x6F, 0xDF, 0x73, 0xDE, 0x77, 0xDF, 0x73, 0xDE, 0x73, 0xBF, 0x6B, 0x9E, 0x67, 0x5D, 0x63, 
    0x5D, 0x63, 0x5D, 0x63, 0x5C, 0x63, 0x3C, 0x63, 0x3A, 0x63, 0x3A, 0x63, 0x39, 0x63, 0x18, 0x63, 
    0x37, 0x63, 0x18, 0x5F, 0x18, 0x5F, 0x19, 0x5F, 0x38, 0x5F, 0x19, 0x5B, 0xF7, 0x56, 0xD7, 0x52, 
    0xD7, 0x52, 0xF9, 0x56, 0x1A, 0x5B, 0x1B, 0x5F, 0x5C, 0x63, 0x3C, 0x63, 0x5C, 0x67, 0x7D, 0x6B, 
    0xBD, 0x73, 0xDE, 0x77, 0xFE, 0x7B, 0x7B, 0x6F, 0x9B, 0x6F, 0xBC, 0x77, 0x9A, 0x73, 0x37, 0x6B, 
    0xD9, 0x7B, 0x79, 0x6B, 0x36, 0x67, 0x39, 0x67, 0x15, 0x63, 0x0B, 0x4E, 0xD4, 0x6A, 0x7A, 0x6F, 
    0x9B, 0x6F, 0x7C, 0x6B, 0x9C, 0x6B, 0x9D, 0x6F, 0xBD, 0x73, 0xBE, 0x73, 0x9E, 0x73, 0x97, 0x62, 
    0x5A, 0x6B, 0xDF, 0x73, 0xBE, 0x73, 0x9E, 0x6B, 0x3B, 0x63, 0x97, 0x4E, 0x96, 0x52, 0xFA, 0x5A, 
    0x5C, 0x63, 0x3C, 0x5F, 0x3B, 0x5F, 0x1B, 0x5B, 0x1A, 0x5F, 0xFA, 0x5A, 0xF9, 0x5A, 0xF9, 0x56, 
    0xD8, 0x56, 0xD8, 0x56, 0xD7, 0x56, 0xB7, 0x52, 0xB6, 0x52, 0xB6, 0x52, 0xB5, 0x56, 0xB5, 0x56, 
    0xB4, 0x56, 0x94, 0x56, 0xD6, 0x5E, 0x19, 0x63, 0x39, 0x67, 0x1A, 0x67, 0x18, 0x67, 0xD7, 0x5E, 
    0x57, 0x42, 0x56, 0x42, 0x56, 0x3E, 0x54, 0x3E, 0x55, 0x3E, 0x76, 0x46, 0x98, 0x46, 0xD9, 0x4E, 
    0xDB, 0x4E, 0xFB, 0x56, 0xFC, 0x52, 0xFC, 0x56, 0x1D, 0x57, 0x3D, 0x5B, 0x3D, 0x5B, 0x5D, 0x5B, 
    0x5E, 0x5B, 0x5E, 0x5F, 0x3E, 0x5B, 0x1C, 0x57, 0xFC, 0x52, 0xDA, 0x52, 0x98, 0x46, 0x74, 0x42, 
    0x73, 0x42, 0x94, 0x46, 0x96, 0x46, 0xB7, 0x4A, 0xB8, 0x4E, 0xD8, 0x4E, 0xDA, 0x52, 0xFB, 0x56, 
    0xFC, 0x56, 0x1C, 0x5B, 0x1C, 0x5B, 0x1C, 0x5B, 0x1D, 0x5B, 0x3D, 0x5F, 0x3D, 0x5F, 0x5D, 0x63, 
    0x5E, 0x63, 0x5E, 0x63, 0x3E, 0x63, 0x3D, 0x63, 0xFC, 0x5A, 0xFA, 0x56, 0xD9, 0x52, 0xD8, 0x56, 
    0xB7, 0x5A, 0xD5, 0x5A, 0xB5, 0x5A, 0xD5, 0x5E, 0xD6, 0x5E, 0xF6, 0x5E, 0xF7, 0x5E, 0xF6, 0x5E, 
    0xD7, 0x5A, 0xF6, 0x5A, 0xD7, 0x5A, 0xF6, 0x5A, 0xD6, 0x56, 0xB2, 0x56, 0xB3, 0x52, 0xB4, 0x52, 
    0x95, 0x4E, 0xB5, 0x52, 0x95, 0x52, 0xB4, 0x56, 0xB5, 0x56, 0xD4, 0x56, 0xB5, 0x52, 0xB5, 0x52, 
    0x75, 0x4A, 0x73, 0x4A, 0x53, 0x46, 0x72, 0x4A, 0x50, 0x46, 0x6F, 0x4A, 0x50, 0x46, 0x70, 0x4A, 
    0x94, 0x4A, 0xB8, 0x52, 0xBA, 0x52, 0xFB, 0x56, 0x1D, 0x5B, 0x3D, 0x5F, 0x1D, 0x5B, 0xFB, 0x56, 
    0xDB, 0x52, 0xB9, 0x52, 0x98, 0x4E, 0x34, 0x46, 0x55, 0x4A, 0xD9, 0x56, 0x1D, 0x5F, 0x3D, 0x63, 
    0x1D, 0x5B, 0x1B, 0x5B, 0xDA, 0x52, 0xD8, 0x52, 0xB7, 0x52, 0xD6, 0x52, 0xD8, 0x52, 0xD7, 0x56, 
    0xB7, 0x52, 0xD6, 0x56, 0xB5, 0x52, 0xD4, 0x56, 0xB4, 0x52, 0xD3, 0x52, 0xB5, 0x52, 0xB5, 0x52, 
    0xB6, 0x4E, 0xB6, 0x4E, 0xB7, 0x4E, 0xB6, 0x4E, 0x74, 0x46, 0x31, 0x46, 0x31, 0x46, 0x74, 0x4E, 
    0x97, 0x4E, 0xD9, 0x56, 0xDB, 0x52, 0x1C, 0x5B, 0x3D, 0x5B, 0x7E, 0x63, 0x9F, 0x67, 0xBE, 0x6F, 
    0xBF, 0x6F, 0xDE, 0x73, 0xBF, 0x73, 0xDE, 0x77, 0xDF, 0x77, 0xDE, 0x77, 0xBF, 0x73, 0x7E, 0x6B, 
    0xDB, 0x56, 0xDA, 0x56, 0xBA, 0x52, 0xB9, 0x52, 0xFC, 0x5A, 0x5E, 0x63, 0x3D, 0x5F, 0x1B, 0x5B, 
    0xF9, 0x56, 0xD6, 0x56, 0xB5, 0x52, 0xB3, 0x52, 0x93, 0x4E, 0x92, 0x52, 0x94, 0x4E, 0x95, 0x4E, 
    0x97, 0x4E, 0xB7, 0x52, 0x98, 0x52, 0xB7, 0x52, 0x98, 0x4E, 0x98, 0x4E, 0x77, 0x4A, 0x55, 0x46, 
    0x34, 0x42, 0x54, 0x46, 0x76, 0x46, 0xB8, 0x4E, 0xDA, 0x52, 0x1C, 0x5B, 0x3D, 0x5F, 0x7E, 0x67, 
    0x9F, 0x6B, 0xBE, 0x73, 0xBF, 0x73, 0xDF, 0x77, 0xBF, 0x73, 0xBE, 0x6F, 0x9F, 0x67, 0x7D, 0x67, 
    0x5D, 0x63, 0x5D, 0x67, 0x5D, 0x63, 0x5C, 0x67, 0x3B, 0x67, 0x3A, 0x67, 0x1A, 0x63, 0x38, 0x67, 
    0x18, 0x67, 0x59, 0x6B, 0x5A, 0x6B, 0x59, 0x6B, 0x5A, 0x67, 0x59, 0x67, 0x18, 0x5F, 0xF7, 0x56, 
    0xD8, 0x56, 0xF9, 0x5A, 0xFB, 0x5A, 0x3B, 0x5F, 0x3C, 0x63, 0x3C, 0x67, 0x3D, 0x67, 0x7C, 0x6B, 
    0x9D, 0x6F, 0xDD, 0x77, 0x9C, 0x73, 0x7B, 0x6F, 0x9D, 0x73, 0xBC, 0x77, 0x5A, 0x6B, 0x58, 0x6F, 
    0xBD, 0x7B, 0xDD, 0x7B, 0x9D, 0x73, 0xBD, 0x77, 0x5A, 0x6B, 0xB2, 0x5E, 0x4D, 0x62, 0xF5, 0x6A, 
    0x5A, 0x6F, 0x9B, 0x6F, 0x9E, 0x73, 0xBE, 0x77, 0xBF, 0x73, 0xBE, 0x77, 0xFB, 0x6A, 0xB7, 0x66, 
    0x9D, 0x6F, 0xDF, 0x77, 0xBF, 0x6F, 0x9E, 0x6F, 0x1B, 0x5F, 0x96, 0x52, 0x56, 0x4E, 0xFA, 0x5E, 
    0x3D, 0x63, 0x3C, 0x63, 0x1B, 0x5B, 0xFA, 0x5A, 0xD9, 0x5A, 0xF8, 0x5A, 0xD9, 0x56, 0xD7, 0x5A, 
    0xB7, 0x52, 0xB6, 0x56, 0xB7, 0x52, 0xB6, 0x56, 0x97, 0x52, 0xB6, 0x56, 0xB7, 0x56, 0xB6, 0x5A, 
    0x95, 0x56, 0xB5, 0x5A, 0xD7, 0x5E, 0xF8, 0x62, 0xF9, 0x62, 0xF8, 0x62, 0xD8, 0x62, 0xD6, 0x5E, 
    0x56, 0x3E, 0x56, 0x3E, 0x54, 0x3E, 0x55, 0x3E, 0x75, 0x42, 0x76, 0x42, 0xB8, 0x4A, 0xDA, 0x4E, 
    0xFA, 0x52, 0xDB, 0x52, 0xFB, 0x52, 0xFC, 0x52, 0x1C, 0x57, 0x1D, 0x57, 0x1C, 0x57, 0x1D, 0x57, 
    0x5D, 0x5B, 0x3D, 0x57, 0x3C, 0x57, 0xFC, 0x52, 0xFA, 0x52, 0xB9, 0x4A, 0x97, 0x46, 0x74, 0x3E, 
    0x71, 0x42, 0x73, 0x42, 0x94, 0x46, 0x96, 0x46, 0xB7, 0x4A, 0xB9, 0x4E, 0xD9, 0x52, 0xDB, 0x52, 
    0xFA, 0x56, 0xFB, 0x56, 0xFA, 0x56, 0xFB, 0x56, 0x1B, 0x5B, 0x1C, 0x5B, 0x3C, 0x5F, 0x3D, 0x5F, 
    0x5D, 0x63, 0x3E, 0x5F, 0x5D, 0x63, 0x3D, 0x5F, 0x1B, 0x5B, 0xDA, 0x52, 0xD9, 0x56, 0xD9, 0x56, 
    0xF7, 0x5A, 0xD5, 0x5A, 0xD4, 0x5A, 0xB5, 0x5A, 0xF5, 0x5E, 0xF6, 0x5E, 0xF6, 0x5E, 0xF7, 0x5A, 
    0xF6, 0x5A, 0xF7, 0x5A, 0xF7, 0x5A, 0xD7, 0x56, 0xD5, 0x5A, 0xB3, 0x52, 0xB2, 0x52, 0xB3, 0x4E, 
    0xB3, 0x4E, 0x94, 0x4E, 0xB4, 0x52, 0xB4, 0x52, 0xD3, 0x56, 0xB4, 0x52, 0xB4, 0x52, 0x95, 0x4E, 
    0x94, 0x4E, 0x74, 0x46, 0x73, 0x46, 0x52, 0x42, 0x4F, 0x46, 0x4F, 0x46, 0x4F, 0x46, 0x50, 0x46, 
    0x92, 0x4E, 0xB7, 0x4E, 0xD9, 0x52, 0xDB, 0x52, 0x1C, 0x5B, 0x1D, 0x5B, 0x3C, 0x5B, 0xFC, 0x56, 
    0xFB, 0x56, 0xB9, 0x4E, 0x55, 0x4A, 0xB0, 0x39, 0x32, 0x46, 0x97, 0x4E, 0xFB, 0x5A, 0x1D, 0x5F, 
    0x1C, 0x5B, 0xFB, 0x56, 0xF9, 0x52, 0xD8, 0x4E, 0xD6, 0x52, 0xB7, 0x4E, 0xD7, 0x52, 0xD7, 0x52, 
    0xD6, 0x56, 0xD6, 0x52, 0xD5, 0x56, 0xD6, 0x56, 0xF5, 0x5A, 0xF5, 0x56, 0xF6, 0x56, 0xD7, 0x52, 
    0xD7, 0x52, 0xD8, 0x4E, 0xD8, 0x52, 0xD8, 0x4E, 0xB7, 0x4E, 0x75, 0x46, 0x52, 0x46, 0x54, 0x4A, 
    0x96, 0x52, 0xD9, 0x52, 0xFB, 0x56, 0x1C, 0x57, 0x5D, 0x5F, 0x7E, 0x63, 0xBE, 0x6F, 0xBF, 0x6F, 
    0xDE, 0x77, 0xBE, 0x73, 0xDE, 0x77, 0xDF, 0x77, 0xFE, 0x7B, 0xDF, 0x77, 0xBE, 0x73, 0x5D, 0x63, 
    0xD9, 0x56, 0x98, 0x4E, 0x98, 0x52, 0x78, 0x4A, 0xBA, 0x52, 0x1D, 0x5F, 0x5D, 0x63, 0x1C, 0x5B, 
    0xF9, 0x56, 0xD7, 0x52, 0xD5, 0x52, 0xB4, 0x52, 0xB3, 0x52, 0x94, 0x4E, 0x94, 0x4E, 0x96, 0x4E, 
    0xB6, 0x52, 0x97, 0x4E, 0x97, 0x4E, 0x97, 0x4E, 0x97, 0x4E, 0x98, 0x4A, 0x96, 0x4A, 0x55, 0x42, 
    0x53, 0x42, 0x54, 0x42, 0x96, 0x4A, 0x98, 0x4A, 0xD9, 0x52, 0xFB, 0x56, 0x3C, 0x5F, 0x5E, 0x5F, 
    0x9E, 0x6B, 0xBF, 0x6F, 0xDF, 0x73, 0xBF, 0x73, 0xDE, 0x73, 0xBF, 0x6F, 0x9E, 0x6B, 0x7E, 0x63, 
    0x7D, 0x67, 0x5D, 0x63, 0x5C, 0x67, 0x3C, 0x67, 0x5B, 0x67, 0x3B, 0x67, 0x39, 0x67, 0x39, 0x67, 
    0x38, 0x6B, 0x59, 0x6B, 0x9A, 0x6F, 0x9B, 0x6F, 0x9B, 0x73, 0x7B, 0x6B, 0x59, 0x67, 0x19, 0x5F, 
    0xF8, 0x5A, 0xF9, 0x56, 0x1A, 0x5B, 0x1B, 0x5F, 0x3C, 0x63, 0x3C, 0x63, 0x5C, 0x67, 0x5D, 0x67, 
    0x9C, 0x6F, 0xBC, 0x73, 0x59, 0x67, 0x7C, 0x6F, 0xBC, 0x77, 0x9C, 0x73, 0x58, 0x6B, 0x38, 0x67, 
    0xDD, 0x7B, 0xBE, 0x77, 0xDD, 0x77, 0x9D, 0x6F, 0x5A, 0x67, 0xB5, 0x5E, 0x6C, 0x62, 0x8F, 0x5E, 
    0xF4, 0x66, 0x5A, 0x6F, 0xBD, 0x77, 0x9E, 0x73, 0xBD, 0x77, 0xFA, 0x66, 0x74, 0x5A, 0x3A, 0x67, 
    0xDE, 0x77, 0xDF, 0x77, 0xBE, 0x73, 0x9E, 0x6B, 0x1A, 0x5F, 0x97, 0x4E, 0x95, 0x4E, 0xFB, 0x5E, 
    0x3C, 0x63, 0x1C, 0x5F, 0x1A, 0x5B, 0xD9, 0x56, 0xD7, 0x56, 0xB7, 0x52, 0xD7, 0x56, 0xB6, 0x52, 
    0xB5, 0x52, 0x95, 0x4E, 0xB5, 0x52, 0xB7, 0x52, 0xB7, 0x56, 0xB7, 0x56, 0xD7, 0x5A, 0xB7, 0x56, 
    0xD6, 0x5A, 0xD6, 0x5A, 0xF7, 0x5E, 0xF8, 0x5E, 0xF7, 0x62, 0xD7, 0x5E, 0xD6, 0x5E, 0x95, 0x5A, 
    0x57, 0x3E, 0x55, 0x3E, 0x35, 0x3E, 0x54, 0x42, 0x56, 0x42, 0x97, 0x46, 0x99, 0x4A, 0xDA, 0x52, 
    0xDB, 0x52, 0xDA, 0x52, 0xDB, 0x52, 0xFB, 0x56, 0xFC, 0x56, 0xFC, 0x56, 0xFD, 0x56, 0x1D, 0x5B, 
    0x1D, 0x57, 0x1C, 0x57, 0xFC, 0x52, 0xDA, 0x52, 0xBA, 0x4E, 0xB9, 0x4E, 0x98, 0x46, 0x74, 0x46, 
    0x53, 0x42, 0x73, 0x46, 0x74, 0x46, 0x95, 0x4A, 0x76, 0x46, 0xB7, 0x4A, 0xB9, 0x4E, 0xD9, 0x52, 
    0xDA, 0x52, 0xDA, 0x56, 0xDA, 0x56, 0xFB, 0x5A, 0xFC, 0x5A, 0x3C, 0x5F, 0x3D, 0x5F, 0x3D, 0x63, 
    0x3E, 0x5F, 0x3D, 0x63, 0x3D, 0x5F, 0x3C, 0x5F, 0xFC, 0x56, 0xDA, 0x56, 0xBA, 0x52, 0xDA, 0x5A, 
    0xD9, 0x5A, 0xD6, 0x5A, 0x94, 0x5A, 0xB4, 0x5E, 0xD5, 0x5E, 0xF6, 0x62, 0xF7, 0x5E, 0xF7, 0x5E, 
    0xF7, 0x5A, 0xF8, 0x5A, 0xF9, 0x5A, 0xF8, 0x5A, 0xD7, 0x5A, 0xB3, 0x56, 0x93, 0x52, 0xB3, 0x52, 
    0x94, 0x4E, 0xB4, 0x52, 0xB4, 0x52, 0xB3, 0x56, 0xB4, 0x52, 0xB3, 0x56, 0x94, 0x52, 0xB5, 0x52, 
    0x96, 0x4E, 0x94, 0x4A, 0x54, 0x46, 0x51, 0x46, 0x30, 0x42, 0x4F, 0x46, 0x50, 0x46, 0x70, 0x4A, 
    0x72, 0x4A, 0xB6, 0x4E, 0xBA, 0x52, 0xDA, 0x56, 0xDC, 0x56, 0x1C, 0x5B, 0xFD, 0x5A, 0x1C, 0x5B, 
    0xFC, 0x56, 0xB9, 0x52, 0xD1, 0x39, 0x6C, 0x31, 0xAE, 0x35, 0x95, 0x52, 0x1C, 0x5F, 0xFB, 0x5A, 
    0xFC, 0x5A, 0xFB, 0x5A, 0xDA, 0x52, 0xD8, 0x52, 0xB7, 0x4E, 0xB7, 0x52, 0xB8, 0x52, 0xD7, 0x56, 
    0xD7, 0x56, 0xD6, 0x5A, 0xD6, 0x56, 0xF6, 0x5A, 0xF7, 0x5A, 0xF6, 0x5E, 0xF7, 0x56, 0xF8, 0x56, 
    0xD9, 0x52, 0xF9, 0x56, 0xDA, 0x52, 0xD9, 0x56, 0xBA, 0x52, 0x97, 0x4E, 0x75, 0x4A, 0x53, 0x4A, 
    0x77, 0x4E, 0xD9, 0x56, 0xFC, 0x56, 0x3D, 0x5B, 0x5E, 0x5F, 0x9E, 0x6B, 0x9F, 0x6F, 0xDF, 0x77, 
    0xBF, 0x77, 0xDF, 0x7B, 0xDF, 0x7B, 0xDF, 0x7B, 0xDF, 0x7B, 0xDF, 0x7B, 0x7E, 0x6B, 0x3B, 0x5F, 
    0xB9, 0x56, 0x56, 0x4A, 0x57, 0x4E, 0x77, 0x4A, 0x79, 0x4E, 0xFC, 0x5A, 0x3E, 0x63, 0x1C, 0x5F, 
    0xDA, 0x56, 0xD7, 0x56, 0xB6, 0x52, 0xB4, 0x52, 0x94, 0x52, 0xB4, 0x52, 0x96, 0x4E, 0x96, 0x52, 
    0x97, 0x4E, 0x97, 0x52, 0x97, 0x4E, 0x97, 0x4E, 0x98, 0x4E, 0x98, 0x4E, 0x78, 0x4A, 0x76, 0x46, 
    0x55, 0x46, 0x76, 0x4A, 0x77, 0x4A, 0x97, 0x4E, 0xB9, 0x52, 0xFA, 0x56, 0x1C, 0x5B, 0x5D, 0x63, 
    0x7F, 0x67, 0xBF, 0x6F, 0xBF, 0x73, 0xDF, 0x77, 0xBF, 0x73, 0xBF, 0x73, 0x9F, 0x6B, 0x9E, 0x6B, 
    0x5E, 0x67, 0x7D, 0x6B, 0x5D, 0x67, 0x5C, 0x6B, 0x3C, 0x67, 0x5B, 0x6B, 0x3A, 0x67, 0x39, 0x6B, 
    0x39, 0x6B, 0x7A, 0x73, 0x7B, 0x73, 0x9B, 0x77, 0x9C, 0x73, 0x9B, 0x73, 0x7B, 0x6F, 0x59, 0x6B, 
    0xF9, 0x5E, 0xF9, 0x5A, 0xFA, 0x5A, 0x1B, 0x5F, 0x1C, 0x63, 0x3C, 0x67, 0x3D, 0x67, 0x5C, 0x6B, 
    0x7C, 0x6B, 0x79, 0x6B, 0x17, 0x5F, 0x39, 0x67, 0x7B, 0x6F, 0x7B, 0x6F, 0x9B, 0x73, 0x17, 0x67, 
    0xBD, 0x7B, 0xBD, 0x77, 0x7C, 0x6F, 0x7B, 0x6B, 0xF9, 0x62, 0x71, 0x5A, 0xB1, 0x5E, 0x8E, 0x5E, 
    0x8E, 0x5E, 0xF4, 0x6A, 0x39, 0x73, 0x39, 0x73, 0x18, 0x6F, 0x74, 0x62, 0xD8, 0x5E, 0x9D, 0x73, 
    0xDF, 0x77, 0xDF, 0x7B, 0xBF, 0x73, 0x9E, 0x6F, 0x1B, 0x5F, 0xB8, 0x56, 0x76, 0x4E, 0xFB, 0x5E, 
    0x1D, 0x63, 0x1B, 0x5F, 0xFA, 0x5A, 0xD8, 0x5A, 0xB7, 0x52, 0xB5, 0x56, 0x95, 0x52, 0x94, 0x52, 
    0x95, 0x52, 0x95, 0x52, 0x96, 0x52, 0xB7, 0x56, 0xB8, 0x56, 0xD8, 0x5A, 0xD8, 0x5A, 0xD8, 0x5E, 
    0xD8, 0x5A, 0xF7, 0x5E, 0xD8, 0x5E, 0xF7, 0x62, 0xD7, 0x5E, 0xD6, 0x5E, 0xB6, 0x5A, 0x94, 0x56, 
    0x76, 0x42, 0x55, 0x3A, 0x54, 0x3E, 0x55, 0x3E, 0x96, 0x46, 0x98, 0x46, 0xB8, 0x4A, 0xDA, 0x4E, 
    0xFA, 0x52, 0xDA, 0x4E, 0xD9, 0x4E, 0xDA, 0x4E, 0xFB, 0x52, 0xFC, 0x52, 0x1B, 0x57, 0xFC, 0x52, 
    0xFB, 0x52, 0xFB, 0x4E, 0xDA, 0x4E, 0xB9, 0x4A, 0xD8, 0x4E, 0xB9, 0x4A, 0xB7, 0x4A, 0x96, 0x42, 
    0x94, 0x42, 0x95, 0x42, 0x94, 0x46, 0x74, 0x46, 0x94, 0x46, 0x95, 0x46, 0xB7, 0x4A, 0xB8, 0x4E, 
    0xD9, 0x52, 0xDA, 0x52, 0x1A, 0x57, 0x1C, 0x57, 0x3C, 0x5F, 0x3D, 0x5B, 0x5C, 0x5F, 0x3D, 0x5F, 
    0x5D, 0x5F, 0x3D, 0x5B, 0x3C, 0x5F, 0x1C, 0x5B, 0x1B, 0x57, 0xDA, 0x52, 0xDA, 0x56, 0xDA, 0x56, 
    0xF9, 0x56, 0xD7, 0x56, 0xB3, 0x5A, 0xB4, 0x5A, 0xD4, 0x5E, 0xF6, 0x5E, 0x16, 0x5F, 0xF7, 0x5E, 
    0x17, 0x5F, 0xF8, 0x5A, 0xF8, 0x5A, 0xF8, 0x56, 0xF6, 0x5A, 0xB3, 0x56, 0xB2, 0x52, 0xB3, 0x4E, 
    0xB3, 0x52, 0xB4, 0x4E, 0xD3, 0x52, 0xB3, 0x52, 0xD3, 0x56, 0xB4, 0x52, 0xD4, 0x52, 0xB5, 0x4E, 
    0xB6, 0x4E, 0x95, 0x4A, 0x73, 0x46, 0x52, 0x42, 0x50, 0x46, 0x50, 0x42, 0x70, 0x46, 0x71, 0x46, 
    0x90, 0x4A, 0x95, 0x4A, 0xB8, 0x4E, 0xB9, 0x4E, 0xF9, 0x52, 0xFB, 0x52, 0x1B, 0x57, 0xFC, 0x56, 
    0xFB, 0x56, 0x77, 0x4A, 0x8D, 0x31, 0x4B, 0x29, 0x8B, 0x31, 0x39, 0x63, 0x5B, 0x6B, 0xFB, 0x56, 
    0x1C, 0x5B, 0xFB, 0x52, 0xD9, 0x52, 0xB8, 0x4E, 0xD6, 0x4E, 0xB7, 0x4E, 0xD8, 0x52, 0xD8, 0x52, 
    0xF7, 0x56, 0xF7, 0x56, 0xF6, 0x5A, 0xF7, 0x5A, 0x17, 0x5B, 0xF7, 0x5A, 0x17, 0x5B, 0xF9, 0x56, 
    0xF9, 0x56, 0xFA, 0x56, 0x1A, 0x57, 0xFB, 0x56, 0xFA, 0x56, 0xB9, 0x4E, 0x96, 0x4A, 0x74, 0x46, 
    0x95, 0x4E, 0xD9, 0x52, 0x1B, 0x5B, 0x3D, 0x5B, 0x7E, 0x63, 0x9E, 0x6B, 0xDE, 0x73, 0xDF, 0x73, 
    0xDE, 0x77, 0xDF, 0x77, 0xFE, 0x7B, 0xDF, 0x7B, 0xFE, 0x7B, 0xDF, 0x77, 0x9D, 0x6B, 0x1B, 0x5F, 
    0xD7, 0x56, 0x13, 0x42, 0x54, 0x4A, 0x36, 0x46, 0x77, 0x4A, 0xDB, 0x52, 0x3D, 0x5F, 0x1C, 0x5B, 
    0xF9, 0x56, 0xD8, 0x52, 0xD6, 0x52, 0xB5, 0x4E, 0xB4, 0x52, 0xB5, 0x4E, 0xB6, 0x52, 0xB7, 0x4E, 
    0xB7, 0x52, 0xB7, 0x4E, 0xB7, 0x4E, 0xB8, 0x4E, 0xB8, 0x4E, 0xB9, 0x4E, 0xB8, 0x4E, 0x97, 0x4A, 
    0xB6, 0x4A, 0x97, 0x4A, 0xB7, 0x4A, 0xB8, 0x4A, 0xD8, 0x52, 0xDA, 0x52, 0x1B, 0x5B, 0x3D, 0x5B, 
    0x7D, 0x63, 0x9F, 0x6B, 0xDE, 0x73, 0xBF, 0x73, 0xDE, 0x73, 0xBF, 0x6F, 0xBE, 0x6F, 0x9E, 0x67, 
    0x9D, 0x67, 0x7D, 0x67, 0x7C, 0x6B, 0x5C, 0x67, 0x5B, 0x67, 0x5B, 0x67, 0x5A, 0x6B, 0x59, 0x6B, 
    0x79, 0x6F, 0x9A, 0x73, 0xBB, 0x77, 0x9C, 0x73, 0xBB, 0x73, 0x9B, 0x73, 0x9A, 0x6F, 0x7A, 0x6B, 
    0x59, 0x67, 0x19, 0x5B, 0x19, 0x5B, 0x1B, 0x5B, 0x3B, 0x63, 0x3C, 0x63, 0x5C, 0x67, 0x5C, 0x67, 
    0x58, 0x67, 0xF4, 0x5A, 0xD2, 0x56, 0xF6, 0x5A, 0x9A, 0x6F, 0x7C, 0x6F, 0xDC, 0x77, 0xF6, 0x5E, 
    0xBB, 0x73, 0x9C, 0x6F, 0x38, 0x63, 0x18, 0x63, 0x93, 0x56, 0x4E, 0x4E, 0xF1, 0x5E, 0xAF, 0x5A, 
    0x8C, 0x5A, 0x6D, 0x5A, 0x8E, 0x66, 0x90, 0x6A, 0x6E, 0x66, 0x95, 0x62, 0x5B, 0x6B, 0xDF, 0x77, 
    0xFF, 0x7B, 0xDF, 0x77, 0xDE, 0x73, 0x9E, 0x6B, 0x3B, 0x5F, 0xD9, 0x56, 0xD8, 0x56, 0xFB, 0x5A, 
    0x3C, 0x63, 0x1C, 0x5B, 0xF9, 0x5A, 0xD8, 0x56, 0xB5, 0x52, 0x94, 0x4E, 0x93, 0x52, 0x94, 0x4E, 
    0xB4, 0x52, 0x96, 0x52, 0xB6, 0x56, 0xB7, 0x56, 0xF8, 0x5A, 0xD9, 0x56, 0xF9, 0x5A, 0xF9, 0x5A, 
    0xF8, 0x5E, 0xF8, 0x5E, 0xF7, 0x5E, 0xF7, 0x5E, 0xD6, 0x5A, 0xB6, 0x56, 0xB4, 0x56, 0x74, 0x52, 
    0x57, 0x42, 0x55, 0x3E, 0x56, 0x3E, 0x75, 0x42, 0x98, 0x46, 0xB8, 0x4A, 0xB9, 0x4A, 0xD9, 0x52, 
    0xDA, 0x4E, 0xDA, 0x52, 0xB9, 0x4E, 0xD9, 0x4E, 0xDB, 0x52, 0xDA, 0x52, 0xDB, 0x52, 0xFB, 0x52, 
    0xDB, 0x52, 0xDA, 0x52, 0xB9, 0x4A, 0xB8, 0x4A, 0xB9, 0x4A, 0xB8, 0x4E, 0x98, 0x4A, 0x96, 0x46, 
    0x96, 0x46, 0x96, 0x4A, 0x96, 0x46, 0x95, 0x46, 0x74, 0x46, 0x94, 0x46, 0x97, 0x4A, 0xB8, 0x4E, 
    0xB9, 0x4E, 0xD9, 0x52, 0xFB, 0x56, 0x3C, 0x5F, 0x3D, 0x5F, 0x3C, 0x5F, 0x3D, 0x5B, 0x3D, 0x5F, 
    0x3D, 0x5F, 0x3C, 0x5F, 0x1C, 0x5B, 0x1B, 0x5B, 0xFB, 0x56, 0xDA, 0x56, 0xDB, 0x52, 0xDA, 0x56, 
    0xDA, 0x56, 0xD7, 0x5A, 0xB4, 0x56, 0xB3, 0x5A, 0xD5, 0x5E, 0xF5, 0x62, 0xF6, 0x5E, 0xF6, 0x62, 
    0xF8, 0x5A, 0xF9, 0x5A, 0xFA, 0x5A, 0xF8, 0x5A, 0xD6, 0x5A, 0xD3, 0x5A, 0xB2, 0x52, 0xB3, 0x52, 
    0xB5, 0x52, 0xB5, 0x52, 0xB5, 0x52, 0xD3, 0x56, 0xB3, 0x56, 0xD4, 0x56, 0xB5, 0x52, 0xB5, 0x52, 
    0xB7, 0x4E, 0xB6, 0x4E, 0x75, 0x46, 0x72, 0x46, 0x52, 0x46, 0x51, 0x46, 0x52, 0x46, 0x72, 0x4A, 
    0x71, 0x4A, 0x92, 0x4E, 0x96, 0x4A, 0xB8, 0x4E, 0xB9, 0x4E, 0xD9, 0x52, 0xDB, 0x52, 0xFB, 0x56, 
    0xDB, 0x56, 0x34, 0x46, 0x4B, 0x2D, 0x2A, 0x29, 0x32, 0x4A, 0xBD, 0x7B, 0x9D, 0x73, 0x3C, 0x63, 
    0xFC, 0x5A, 0xFB, 0x56, 0xDA, 0x4E, 0xD9, 0x4E, 0xB8, 0x4E, 0xD8, 0x52, 0xD9, 0x52, 0xF9, 0x56, 
    0xF9, 0x56, 0x18, 0x5B, 0xF8, 0x5A, 0x17, 0x5F, 0xF8, 0x5A, 0x18, 0x5F, 0xF9, 0x5A, 0x1A, 0x5B, 
    0xFB, 0x56, 0x1B, 0x5B, 0x1C, 0x5B, 0x1B, 0x5B, 0xFC, 0x56, 0xDA, 0x52, 0x98, 0x4A, 0x74, 0x4A, 
    0x76, 0x4A, 0xD9, 0x56, 0xFC, 0x5A, 0x5D, 0x5F, 0x7E, 0x63, 0xBE, 0x6F, 0xBF, 0x73, 0xDE, 0x7B, 
    0xDF, 0x77, 0xDF, 0x7B, 0xDF, 0x7B, 0xFE, 0x7B, 0xDF, 0x7B, 0xDF, 0x7B, 0x5D, 0x67, 0x3B, 0x67, 
    0xB8, 0x5A, 0xCF, 0x3D, 0xD1, 0x3D, 0x14, 0x42, 0x57, 0x46, 0xB9, 0x52, 0x1D, 0x5F, 0x3C, 0x5F, 
    0xFA, 0x56, 0xD8, 0x56, 0xB7, 0x52, 0xB5, 0x52, 0xB6, 0x4E, 0xB6, 0x52, 0xB7, 0x4E, 0xD8, 0x52, 
    0xB9, 0x52, 0xD8, 0x52, 0xB9, 0x52, 0xD9, 0x52, 0xDA, 0x52, 0xD9, 0x52, 0xDA, 0x52, 0xD9, 0x52, 
    0xB9, 0x4E, 0xD8, 0x52, 0xB9, 0x4E, 0xD8, 0x52, 0xD9, 0x4E, 0xF9, 0x56, 0xFB, 0x56, 0x3C, 0x5F, 
    0x5D, 0x5F, 0x9E, 0x6B, 0xBF, 0x6F, 0xDF, 0x77, 0xBF, 0x73, 0xDF, 0x73, 0xBF, 0x6F, 0x9E, 0x6B, 
    0x7E, 0x67, 0x7D, 0x6B, 0x5D, 0x67, 0x5C, 0x6B, 0x5C, 0x67, 0x5B, 0x6B, 0x5B, 0x6B, 0x79, 0x6F, 
    0x7A, 0x6F, 0x9A, 0x77, 0x9C, 0x77, 0xBC, 0x77, 0x9C, 0x73, 0xBB, 0x77, 0x9B, 0x73, 0x9A, 0x73, 
    0x5A, 0x6B, 0x39, 0x63, 0x19, 0x5B, 0x1A, 0x5F, 0x1B, 0x5F, 0x3C, 0x63, 0x3C, 0x63, 0x5B, 0x67, 
    0x16, 0x5F, 0xD2, 0x5A, 0xD4, 0x5A, 0x38, 0x67, 0x9B, 0x6F, 0x5A, 0x6B, 0xBC, 0x73, 0xF6, 0x62, 
    0x17, 0x67, 0x59, 0x6F, 0x94, 0x56, 0x4F, 0x4E, 0x2E, 0x4A, 0x6E, 0x52, 0x6F, 0x52, 0xAF, 0x5A, 
    0xB1, 0x5A, 0xB3, 0x5E, 0xD5, 0x66, 0x4C, 0x5E, 0xED, 0x55, 0xF8, 0x6A, 0x9E, 0x73, 0xFF, 0x7B, 
    0xDF, 0x7B, 0xDF, 0x7B, 0xBF, 0x73, 0x9E, 0x6F, 0x1C, 0x5F, 0xFB, 0x5E, 0x1C, 0x5F, 0x1B, 0x5F, 
    0x1D, 0x63, 0x1B, 0x5F, 0xFA, 0x5A, 0xD8, 0x56, 0x96, 0x52, 0x93, 0x52, 0x74, 0x4E, 0x94, 0x52, 
    0x96, 0x52, 0xB6, 0x52, 0xB8, 0x56, 0xD8, 0x5A, 0xD9, 0x5A, 0xF9, 0x5E, 0xFA, 0x5A, 0x19, 0x5F, 
    0xF9, 0x5E, 0x19, 0x5F, 0xF9, 0x5E, 0xF7, 0x5E, 0xB7, 0x5A, 0xB5, 0x56, 0x75, 0x52, 0x73, 0x4E, 
    0x76, 0x42, 0x56, 0x3E, 0x55, 0x3E, 0x76, 0x42, 0xB8, 0x4A, 0x99, 0x4A, 0xB9, 0x4E, 0xBA, 0x4E, 
    0xD9, 0x4E, 0xB9, 0x4E, 0xB8, 0x4E, 0xB9, 0x4E, 0xD9, 0x4E, 0xBA, 0x4E, 0xDA, 0x52, 0xBA, 0x4E, 
    0xD9, 0x4E, 0xB9, 0x4A, 0x96, 0x4A, 0x97, 0x46, 0xB8, 0x4A, 0xB8, 0x4A, 0xB7, 0x4A, 0x97, 0x46, 
    0xB6, 0x4A, 0xB8, 0x4A, 0xB7, 0x4A, 0x96, 0x46, 0x94, 0x46, 0x74, 0x46, 0xB5, 0x4A, 0x97, 0x4A, 
    0xB7, 0x4E, 0xD9, 0x4E, 0x1B, 0x57, 0x3D, 0x5B, 0x3D, 0x5F, 0x3D, 0x5B, 0x3C, 0x5B, 0x1D, 0x5B, 
    0x3C, 0x5B, 0x1C, 0x57, 0x1B, 0x5B, 0xFC, 0x56, 0xFB, 0x56, 0xDB, 0x52, 0xDA, 0x56, 0xDB, 0x52, 
    0xD9, 0x56, 0xD8, 0x52, 0xB4, 0x5A, 0xB4, 0x5A, 0xD4, 0x5E, 0xD6, 0x5E, 0xF5, 0x5E, 0xF6, 0x5E, 
    0x18, 0x5F, 0xFA, 0x5A, 0xF9, 0x5A, 0xF8, 0x5A, 0xF5, 0x5A, 0xD4, 0x56, 0xD2, 0x56, 0xB3, 0x52, 
    0xD5, 0x52, 0xB7, 0x52, 0xD5, 0x56, 0xB4, 0x56, 0xD3, 0x56, 0xD5, 0x56, 0xD4, 0x56, 0xB5, 0x52, 
    0xD7, 0x52, 0xB8, 0x4E, 0x95, 0x4A, 0x74, 0x46, 0x72, 0x46, 0x52, 0x46, 0x73, 0x46, 0x73, 0x46, 
    0x70, 0x4A, 0x71, 0x46, 0x94, 0x4A, 0x97, 0x4A, 0xB7, 0x4E, 0xB8, 0x4E, 0xD9, 0x52, 0xDB, 0x52, 
    0xDA, 0x56, 0xF2, 0x3D, 0x4A, 0x2D, 0x2A, 0x29, 0xD6, 0x5E, 0xBE, 0x7B, 0xBD, 0x77, 0x5C, 0x67, 
    0x1B, 0x5B, 0xFB, 0x52, 0xDA, 0x52, 0xDA, 0x4E, 0xD9, 0x52, 0xDA, 0x52, 0x1A, 0x5B, 0x1B, 0x5B, 
    0x1A, 0x5B, 0x19, 0x5B, 0x18, 0x5F, 0x19, 0x5B, 0x19, 0x5F, 0x1A, 0x5B, 0x1A, 0x5F, 0x1B, 0x5B, 
    0x3B, 0x5F, 0x3C, 0x5B, 0x3C, 0x5F, 0x1C, 0x5B, 0x1C, 0x5B, 0xDB, 0x52, 0xB9, 0x4E, 0x76, 0x46, 
    0x95, 0x4A, 0xD9, 0x52, 0x1C, 0x5B, 0x3E, 0x5F, 0x9E, 0x67, 0xBF, 0x6F, 0xDE, 0x77, 0xDF, 0x77, 
    0xFE, 0x7B, 0xDF, 0x7B, 0xFE, 0x7B, 0xDF, 0x7B, 0xFE, 0x7B, 0xBF, 0x73, 0x5B, 0x67, 0x3B, 0x67, 
    0xF8, 0x62, 0x11, 0x46, 0xAE, 0x35, 0xD1, 0x39, 0x35, 0x42, 0x58, 0x46, 0x1C, 0x5B, 0x1C, 0x5B, 
    0x1A, 0x57, 0xD8, 0x52, 0xD7, 0x52, 0xB6, 0x52, 0xB6, 0x52, 0xB7, 0x52, 0xD8, 0x52, 0xD9, 0x52, 
    0xFA, 0x56, 0xFA, 0x52, 0xFA, 0x56, 0xFA, 0x56, 0xFA, 0x56, 0xFB, 0x56, 0xFA, 0x56, 0xFB, 0x56, 
    0xFA, 0x56, 0xDA, 0x52, 0xFA, 0x56, 0xDA, 0x52, 0xFA, 0x56, 0xFB, 0x56, 0x1B, 0x57, 0x1C, 0x5B, 
    0x5D, 0x5F, 0x7E, 0x63, 0xBE, 0x6F, 0xBF, 0x73, 0xDF, 0x77, 0xDF, 0x73, 0xDE, 0x73, 0x9F, 0x6B, 
    0x9E, 0x6B, 0x7E, 0x67, 0x7D, 0x6B, 0x5D, 0x67, 0x5C, 0x67, 0x3B, 0x67, 0x7A, 0x6B, 0x7A, 0x6F, 
    0x9A, 0x73, 0x9B, 0x73, 0xBB, 0x77, 0xBC, 0x73, 0xBB, 0x77, 0x9C, 0x73, 0xBB, 0x77, 0x9B, 0x73, 
    0x9A, 0x6F, 0x39, 0x67, 0x18, 0x5F, 0xF9, 0x5A, 0x3A, 0x5F, 0x3B, 0x5F, 0x5A, 0x63, 0x38, 0x63, 
    0x14, 0x5F, 0xD2, 0x56, 0xD2, 0x56, 0x15, 0x5F, 0x36, 0x67, 0xF5, 0x5A, 0x57, 0x67, 0xD4, 0x5A, 
    0xB0, 0x5A, 0xD4, 0x5E, 0x71, 0x52, 0xEA, 0x41, 0x09, 0x42, 0x8F, 0x52, 0x8F, 0x56, 0xD3, 0x5A, 
    0x58, 0x67, 0x9D, 0x6B, 0x39, 0x67, 0x72, 0x5A, 0x34, 0x56, 0x3C, 0x6B, 0xFF, 0x7B, 0xDF, 0x7B, 
    0xFF, 0x7B, 0xDF, 0x77, 0xDE, 0x73, 0x9E, 0x6B, 0x3C, 0x63, 0x1C, 0x5F, 0x5C, 0x63, 0x3D, 0x63, 
    0x3C, 0x63, 0x1C, 0x5F, 0xF9, 0x5A, 0xB8, 0x52, 0xB5, 0x52, 0x94, 0x4E, 0x93, 0x52, 0x95, 0x52, 
    0xB6, 0x52, 0xB7, 0x52, 0xD8, 0x56, 0xD9, 0x56, 0xF9, 0x5A, 0xFA, 0x5A, 0x1A, 0x5F, 0x1A, 0x5F, 
    0x1A, 0x5F, 0xFA, 0x5E, 0x19, 0x5F, 0xF8, 0x5A, 0xD6, 0x5A, 0x95, 0x52, 0x73, 0x4E, 0x53, 0x4A, 
    0x57, 0x42, 0x56, 0x42, 0x56, 0x3E, 0x77, 0x46, 0x99, 0x4A, 0xB8, 0x4A, 0xBA, 0x4E, 0xB9, 0x4E, 
    0xB9, 0x4E, 0xB9, 0x4E, 0x99, 0x4A, 0xB8, 0x4E, 0xB9, 0x4E, 0xB9, 0x4E, 0x99, 0x4A, 0xB9, 0x4E, 
    0x99, 0x4A, 0x95, 0x4A, 0x54, 0x42, 0x75, 0x46, 0x98, 0x4A, 0xB8, 0x4E, 0x98, 0x4A, 0xB8, 0x4E, 
    0xB9, 0x4E, 0xB8, 0x52, 0x98, 0x4E, 0x97, 0x4E, 0x75, 0x46, 0x94, 0x4A, 0x75, 0x46, 0x95, 0x46, 
    0x97, 0x4A, 0xD9, 0x52, 0xFC, 0x56, 0x1C, 0x5B, 0x1D, 0x5B, 0x3C, 0x5B, 0x1D, 0x57, 0x1C, 0x5B, 
    0x1D, 0x5B, 0x1C, 0x5B, 0xFC, 0x56, 0xFB, 0x56, 0xFC, 0x56, 0xDB, 0x56, 0xDB, 0x52, 0xDA, 0x52, 
    0xB9, 0x52, 0xB7, 0x56, 0x95, 0x56, 0xB4, 0x5A, 0xB5, 0x5A, 0xD5, 0x62, 0xD6, 0x5E, 0xF6, 0x5E, 
    0xF8, 0x5A, 0xFA, 0x5A, 0xFA, 0x5A, 0xF8, 0x5A, 0xD6, 0x5A, 0xD4, 0x5A, 0xB4, 0x56, 0xD4, 0x56, 
    0xB7, 0x52, 0xB7, 0x56, 0xB7, 0x52, 0xD4, 0x5A, 0xB3, 0x56, 0xD4, 0x5A, 0xB5, 0x56, 0xD5, 0x56, 
    0xB8, 0x52, 0xB8, 0x52, 0x97, 0x4E, 0x74, 0x4A, 0x54, 0x46, 0x74, 0x46, 0x54, 0x46, 0x73, 0x4A, 
    0x50, 0x46, 0x6F, 0x4A, 0x73, 0x4A, 0x95, 0x4A, 0x97, 0x4A, 0xB7, 0x4E, 0xB9, 0x4E, 0xFB, 0x56, 
    0xB9, 0x52, 0x8E, 0x35, 0x2B, 0x29, 0x2A, 0x29, 0x53, 0x4E, 0x9C, 0x77, 0x9E, 0x77, 0x5B, 0x6B, 
    0xFC, 0x5A, 0xFB, 0x56, 0xDB, 0x52, 0xDA, 0x56, 0xDB, 0x56, 0x1B, 0x5B, 0x1C, 0x5B, 0x3C, 0x5F, 
    0x1B, 0x5F, 0x1A, 0x5F, 0x1A, 0x5F, 0x1A, 0x5F, 0x1A, 0x5F, 0x3A, 0x5F, 0x1B, 0x5F, 0x3B, 0x5F, 
    0x3D, 0x5F, 0x3D, 0x5F, 0x3D, 0x5F, 0x3D, 0x5F, 0x1D, 0x5B, 0xFB, 0x56, 0xBA, 0x52, 0x97, 0x4E, 
    0x75, 0x4A, 0xB8, 0x52, 0xFC, 0x5A, 0x5E, 0x63, 0x7F, 0x67, 0xBE, 0x73, 0xBF, 0x77, 0xDF, 0x7B, 
    0xDF, 0x7B, 0xDF, 0x7F, 0xDF, 0x7B, 0xDF, 0x7F, 0xDF, 0x7B, 0xBE, 0x73, 0x3B, 0x63, 0x3B, 0x6B, 
    0x95, 0x56, 0x73, 0x52, 0x4C, 0x31, 0x8D, 0x35, 0xD2, 0x39, 0x36, 0x46, 0xDC, 0x5A, 0x1C, 0x5F, 
    0xFA, 0x56, 0xD8, 0x56, 0xB8, 0x52, 0xB6, 0x52, 0xB7, 0x52, 0xD7, 0x52, 0xD9, 0x52, 0xFA, 0x56, 
    0xFB, 0x5A, 0x1B, 0x5B, 0x1C, 0x5B, 0x1C, 0x5B, 0x1C, 0x5B, 0x1C, 0x5B, 0x1C, 0x5B, 0x1C, 0x5B, 
    0xFC, 0x5A, 0x1B, 0x5B, 0xFC, 0x56, 0xFB, 0x5A, 0xFC, 0x56, 0x1B, 0x5B, 0xFC, 0x5A, 0x3C, 0x5F, 
    0x3D, 0x5F, 0x7E, 0x67, 0x9F, 0x6B, 0xBF, 0x73, 0xBF, 0x73, 0xDF, 0x77, 0xBF, 0x73, 0xBF, 0x6F, 
    0x9F, 0x6B, 0x9E, 0x6B, 0x5E, 0x6B, 0x5D, 0x6B, 0x3C, 0x67, 0x5B, 0x6B, 0x5B, 0x6B, 0x7A, 0x73, 
    0x7B, 0x73, 0x9B, 0x77, 0x9C, 0x77, 0xBC, 0x77, 0x9C, 0x77, 0xBC, 0x77, 0x9C, 0x73, 0x9B, 0x77, 
    0x7B, 0x6F, 0x5A, 0x6B, 0xF8, 0x5E, 0x18, 0x5F, 0x1A, 0x5F, 0x3A, 0x63, 0x17, 0x5F, 0x14, 0x5F, 
    0xF4, 0x5E, 0xD1, 0x5A, 0x6F, 0x4E, 0x6E, 0x52, 0xB0, 0x56, 0xAF, 0x56, 0x90, 0x56, 0x8F, 0x56, 
    0x2B, 0x4E, 0x51, 0x52, 0xF8, 0x62, 0x4D, 0x4A, 0xEA, 0x41, 0x8E, 0x56, 0xD4, 0x5E, 0x38, 0x67, 
    0x9D, 0x73, 0x9D, 0x73, 0xF9, 0x62, 0x7C, 0x6F, 0xDC, 0x62, 0x7D, 0x6F, 0xDF, 0x7B, 0xFF, 0x7F, 
    0xDF, 0x7B, 0xDF, 0x7B, 0xBF, 0x73, 0x9E, 0x6F, 0x5E, 0x67, 0x5D, 0x67, 0x5E, 0x67, 0x5D, 0x67, 
    0x1D, 0x63, 0x1B, 0x5F, 0xDA, 0x5A, 0xB7, 0x56, 0x96, 0x52, 0x94, 0x52, 0x95, 0x52, 0xB6, 0x56, 
    0xB8, 0x56, 0xD8, 0x5A, 0xD9, 0x5A, 0xF9, 0x5E, 0xFA, 0x5E, 0x1A, 0x5F, 0xFB, 0x5E, 0x1B, 0x63, 
    0x1B, 0x5F, 0x1A, 0x63, 0xFA, 0x5E, 0xF8, 0x5E, 0xB7, 0x5A, 0x94, 0x52, 0x53, 0x4A, 0x73, 0x4E, 
    0x76, 0x42, 0x55, 0x3E, 0x54, 0x3E, 0x77, 0x42, 0xB8, 0x46, 0x98, 0x46, 0xD9, 0x4E, 0xB9, 0x4A, 
    0xD8, 0x4E, 0xB8, 0x4A, 0xB8, 0x4A, 0x98, 0x4A, 0xB7, 0x4A, 0x97, 0x46, 0x97, 0x46, 0x97, 0x46, 
    0x96, 0x46, 0x53, 0x3E, 0x73, 0x42, 0x76, 0x46, 0xB7, 0x4A, 0xB8, 0x4A, 0xD8, 0x4E, 0xD9, 0x4E, 
    0xF9, 0x52, 0xD9, 0x4E, 0xD9, 0x52, 0xB9, 0x4E, 0xB7, 0x4A, 0x95, 0x46, 0x94, 0x46, 0x75, 0x42, 
    0xB6, 0x4A, 0xD9, 0x4E, 0x1B, 0x57, 0x1C, 0x57, 0x3C, 0x5B, 0x3D, 0x5B, 0x3C, 0x5B, 0x3D, 0x5B, 
    0x3C, 0x5B, 0x1C, 0x57, 0x1B, 0x57, 0xFB, 0x52, 0xFB, 0x56, 0xDB, 0x52, 0xDA, 0x52, 0xB9, 0x4E, 
    0xB7, 0x4E, 0x95, 0x4E, 0xB3, 0x52, 0xB4, 0x56, 0xD4, 0x5A, 0xD5, 0x5A, 0xD4, 0x5A, 0xD5, 0x5A, 
    0x17, 0x5B, 0xFA, 0x56, 0x1A, 0x5B, 0xF8, 0x5A, 0x15, 0x5B, 0xD4, 0x56, 0xD3, 0x56, 0xD4, 0x56, 
    0xD6, 0x56, 0xB7, 0x52, 0xD6, 0x52, 0xD5, 0x52, 0xD2, 0x56, 0xD4, 0x56, 0xD5, 0x56, 0xD5, 0x52, 
    0xD6, 0x52, 0xD8, 0x52, 0xB7, 0x4E, 0x76, 0x46, 0x95, 0x4A, 0x75, 0x46, 0x74, 0x4A, 0x74, 0x4A, 
    0x6F, 0x4A, 0x4E, 0x42, 0x70, 0x46, 0x74, 0x46, 0x95, 0x4A, 0xB7, 0x4A, 0xD9, 0x4E, 0xFB, 0x56, 
    0x76, 0x4E, 0x6C, 0x2D, 0x4A, 0x2D, 0x09, 0x25, 0x69, 0x31, 0x38, 0x67, 0xBC, 0x77, 0x5B, 0x6B, 
    0x1B, 0x5F, 0xFB, 0x52, 0xFA, 0x56, 0xFB, 0x52, 0x1B, 0x57, 0x1C, 0x5B, 0x5C, 0x63, 0x5D, 0x5F, 
    0x5C, 0x5F, 0x3B, 0x5F, 0x3A, 0x5F, 0x1B, 0x5B, 0x3A, 0x5F, 0x3B, 0x5F, 0x5B, 0x5F, 0x3C, 0x5F, 
    0x5C, 0x5F, 0x3D, 0x5F, 0x3D, 0x5F, 0x3D, 0x5B, 0x3C, 0x5B, 0x1C, 0x57, 0xDA, 0x52, 0x98, 0x4A, 
    0x95, 0x46, 0xB8, 0x4E, 0x1B, 0x5B, 0x5E, 0x5F, 0x9E, 0x6B, 0xBE, 0x6F, 0xDE, 0x77, 0xDF, 0x77, 
    0xFE, 0x7B, 0xDF, 0x7B, 0xFE, 0x7B, 0xDF, 0x77, 0xDE, 0x77, 0x7D, 0x6B, 0x5A, 0x67, 0x3A, 0x6B, 
    0x51, 0x4A, 0xD6, 0x5E, 0x4A, 0x29, 0x4C, 0x2D, 0x8D, 0x31, 0x14, 0x3E, 0xDA, 0x56, 0x1B, 0x5B, 
    0xF9, 0x56, 0xD8, 0x52, 0xD7, 0x52, 0xD7, 0x4E, 0xD7, 0x52, 0xD8, 0x52, 0xF9, 0x56, 0xFB, 0x56, 
    0x3B, 0x5B, 0x3C, 0x5B, 0x5C, 0x5F, 0x3D, 0x5B, 0x5C, 0x5F, 0x3D, 0x5B, 0x3C, 0x5B, 0x3D, 0x5B, 
    0x3C, 0x5B, 0x3C, 0x5B, 0x3C, 0x5B, 0x1C, 0x5B, 0x3C, 0x5B, 0x3C, 0x5B, 0x3C, 0x5B, 0x3D, 0x5B, 
    0x5D, 0x5F, 0x7E, 0x5F, 0x9E, 0x6B, 0xBF, 0x6F, 0xDE, 0x73, 0xDF, 0x73, 0xDE, 0x73, 0xBF, 0x6F, 
    0xBE, 0x6B, 0x9E, 0x6B, 0x7D, 0x6B, 0x5D, 0x67, 0x5B, 0x67, 0x3B, 0x67, 0x7A, 0x6B, 0x7A, 0x6F, 
    0x9A, 0x73, 0x9B, 0x73, 0xBB, 0x77, 0xBC, 0x73, 0xBB, 0x77, 0x9C, 0x73, 0xBB, 0x77, 0x9B, 0x73, 
    0x9A, 0x73, 0x7A, 0x6B, 0x38, 0x63, 0xF8, 0x5A, 0x18, 0x5F, 0x18, 0x5F, 0xF3, 0x5A, 0xF3, 0x5A, 
    0xF2, 0x5A, 0xB1, 0x52, 0x4C, 0x4A, 0x4D, 0x4A, 0x6D, 0x4E, 0x4D, 0x4A, 0x6F, 0x52, 0x4D, 0x4A, 
    0x2C, 0x4E, 0xD7, 0x5E, 0x7A, 0x6B, 0x91, 0x4E, 0x2B, 0x46, 0x90, 0x52, 0x58, 0x67, 0x9B, 0x6F, 
    0xDD, 0x77, 0x19, 0x67, 0x7A, 0x6B, 0x7D, 0x6B, 0x1B, 0x63, 0xBE, 0x73, 0xFF, 0x7F, 0xFF, 0x7B, 
    0xFF, 0x7B, 0xDF, 0x77, 0xDE, 0x73, 0xBF, 0x6F, 0x9E, 0x6B, 0x7E, 0x67, 0x7D, 0x67, 0x5D, 0x63, 
    0x3C, 0x63, 0x1C, 0x5B, 0xF9, 0x5A, 0xB7, 0x52, 0xB5, 0x52, 0x95, 0x4E, 0xB5, 0x52, 0xD7, 0x52, 
    0xF8, 0x56, 0xF9, 0x56, 0xF9, 0x5A, 0xFA, 0x5A, 0x1A, 0x5F, 0x1B, 0x5F, 0x3B, 0x63, 0x3C, 0x5F, 
    0x3B, 0x63, 0x1C, 0x5F, 0x1A, 0x5F, 0xF9, 0x5A, 0xD6, 0x56, 0x95, 0x4E, 0x73, 0x4E, 0x75, 0x4A, 
    0x77, 0x42, 0x54, 0x3E, 0x55, 0x3E, 0x97, 0x46, 0x98, 0x46, 0xB8, 0x4A, 0xBA, 0x4E, 0xB9, 0x4E, 
    0xB9, 0x4A, 0xB8, 0x4E, 0x98, 0x4A, 0x97, 0x4A, 0x77, 0x46, 0x76, 0x46, 0x77, 0x42, 0x75, 0x46, 
    0x54, 0x42, 0x52, 0x42, 0x55, 0x42, 0x97, 0x4A, 0xB8, 0x4E, 0xD8, 0x4E, 0xDA, 0x52, 0xF9, 0x52, 
    0xDA, 0x52, 0xFA, 0x56, 0xDB, 0x52, 0xD9, 0x52, 0xB9, 0x4E, 0x96, 0x4A, 0x75, 0x42, 0x95, 0x46, 
    0x97, 0x4A, 0xD9, 0x52, 0xFC, 0x56, 0x3C, 0x5B, 0x3D, 0x5B, 0x5D, 0x5F, 0x3E, 0x5F, 0x5D, 0x5F, 
    0x3D, 0x5B, 0x3C, 0x5B, 0x1C, 0x57, 0x1B, 0x57, 0xFB, 0x52, 0xDA, 0x52, 0xBA, 0x4E, 0xB8, 0x4E, 
    0x76, 0x4A, 0x73, 0x4A, 0x73, 0x4E, 0xB4, 0x56, 0xB5, 0x5A, 0xB4, 0x5A, 0xB4, 0x56, 0xF5, 0x5A, 
    0xF8, 0x56, 0x1A, 0x5B, 0x1B, 0x5B, 0x19, 0x5B, 0xF7, 0x5A, 0xD4, 0x5A, 0xB3, 0x56, 0xD4, 0x56, 
    0xB6, 0x56, 0xB6, 0x52, 0xB6, 0x52, 0xB3, 0x56, 0xB2, 0x52, 0xD3, 0x56, 0xD5, 0x56, 0xD5, 0x56, 
    0xD6, 0x52, 0xD8, 0x52, 0xB8, 0x4E, 0x96, 0x4E, 0x97, 0x4A, 0x96, 0x4E, 0x76, 0x4A, 0x94, 0x4A, 
    0x70, 0x4A, 0x4D, 0x46, 0x4F, 0x46, 0x72, 0x4A, 0x75, 0x46, 0xB7, 0x4E, 0xB9, 0x4E, 0xDA, 0x56, 
    0x14, 0x46, 0x4B, 0x2D, 0x2A, 0x29, 0x09, 0x29, 0x08, 0x29, 0x94, 0x56, 0x7C, 0x73, 0x5B, 0x6F, 
    0x1B, 0x5F, 0xFB, 0x56, 0xFC, 0x56, 0x1B, 0x5B, 0x1C, 0x5B, 0x3D, 0x5F, 0x5E, 0x63, 0x7D, 0x67, 
    0x5D, 0x63, 0x3C, 0x63, 0x1B, 0x5F, 0x3B, 0x5F, 0x3C, 0x5F, 0x3C, 0x63, 0x3C, 0x5F, 0x5C, 0x63, 
    0x3D, 0x5F, 0x5D, 0x63, 0x3E, 0x5F, 0x3D, 0x5F, 0x1D, 0x5B, 0x1C, 0x5B, 0xDB, 0x52, 0xB8, 0x4E, 
    0x96, 0x46, 0xB7, 0x4E, 0xFC, 0x56, 0x5D, 0x5F, 0x9F, 0x67, 0xDE, 0x73, 0xDF, 0x77, 0xDE, 0x7B, 
    0xDF, 0x7B, 0xDF, 0x7B, 0xDF, 0x7B, 0xDE, 0x7B, 0xBE, 0x73, 0x7C, 0x6B, 0x5B, 0x6B, 0x18, 0x67, 
    0x52, 0x4E, 0xB4, 0x5A, 0xAE, 0x39, 0x4B, 0x2D, 0x4C, 0x2D, 0xD2, 0x3D, 0x99, 0x4E, 0xFB, 0x5A, 
    0xDA, 0x56, 0xD8, 0x52, 0xD8, 0x52, 0xD7, 0x52, 0xD8, 0x52, 0xF9, 0x56, 0xFA, 0x56, 0x1B, 0x5B, 
    0x3C, 0x5F, 0x5D, 0x63, 0x5E, 0x63, 0x7D, 0x63, 0x5E, 0x5F, 0x5D, 0x63, 0x5E, 0x5F, 0x5D, 0x63, 
    0x5E, 0x5F, 0x5D, 0x5F, 0x3D, 0x5F, 0x3D, 0x5F, 0x3D, 0x5F, 0x3C, 0x5F, 0x3D, 0x5B, 0x5D, 0x5F, 
    0x5E, 0x5F, 0x7E, 0x63, 0x7E, 0x67, 0xBE, 0x6F, 0xBF, 0x6F, 0xDF, 0x73, 0xBF, 0x6F, 0xBE, 0x6F, 
    0x9E, 0x6B, 0x9E, 0x6B, 0x7E, 0x6B, 0x7D, 0x6B, 0x5C, 0x67, 0x5B, 0x67, 0x5A, 0x6B, 0x7A, 0x6F, 
    0x7A, 0x73, 0xBB, 0x77, 0x9C, 0x77, 0xBB, 0x77, 0x9C, 0x73, 0xBB, 0x77, 0x9C, 0x73, 0xBB, 0x77, 
    0x9B, 0x73, 0x7A, 0x6F, 0x39, 0x63, 0xF7, 0x5E, 0xF7, 0x5A, 0xF4, 0x5A, 0xD3, 0x56, 0xF3, 0x5A, 
    0xD3, 0x5A, 0xD2, 0x5A, 0x72, 0x52, 0xD4, 0x5E, 0xB2, 0x56, 0xD3, 0x5A, 0x38, 0x67, 0x90, 0x5A, 
    0xB5, 0x5A, 0x5C, 0x6B, 0x5B, 0x6B, 0xF7, 0x5E, 0x2D, 0x4A, 0xF4, 0x5E, 0x5A, 0x6B, 0xBD, 0x73, 
    0x5B, 0x6B, 0xF6, 0x5E, 0x5B, 0x6B, 0xFA, 0x62, 0x5D, 0x67, 0xFF, 0x7B, 0xDF, 0x7B, 0xFF, 0x7B, 
    0xDF, 0x7B, 0xDF, 0x7B, 0xBF, 0x73, 0xBE, 0x73, 0x9E, 0x6B, 0x7E, 0x6B, 0x5E, 0x67, 0x5D, 0x67, 
    0x3D, 0x63, 0x1B, 0x5F, 0xDA, 0x56, 0xB7, 0x56, 0x96, 0x52, 0xB5, 0x52, 0xB7, 0x56, 0xD8, 0x5A, 
    0xFA, 0x5A, 0x1A, 0x5F, 0xFB, 0x5E, 0x1B, 0x63, 0x1C, 0x5F, 0x3B, 0x63, 0x3C, 0x63, 0x3C, 0x67, 
    0x3D, 0x63, 0x3C, 0x63, 0xFB, 0x5E, 0xF9, 0x5A, 0xB7, 0x56, 0x95, 0x52, 0x75, 0x4E, 0x95, 0x4E, 
    0x56, 0x42, 0x34, 0x3A, 0x75, 0x42, 0x98, 0x46, 0xB8, 0x4A, 0xB9, 0x4A, 0xD9, 0x4E, 0xB9, 0x4A, 
    0xB8, 0x4E, 0xB8, 0x4A, 0x97, 0x46, 0x76, 0x42, 0x76, 0x46, 0x56, 0x42, 0x75, 0x42, 0x54, 0x42, 
    0x30, 0x3E, 0x31, 0x3E, 0x75, 0x46, 0xB9, 0x4A, 0xD9, 0x52, 0xB9, 0x4E, 0xD9, 0x52, 0xDA, 0x52, 
    0xFA, 0x56, 0xFB, 0x56, 0xFA, 0x56, 0xDA, 0x52, 0xD9, 0x52, 0x97, 0x4A, 0x95, 0x46, 0x96, 0x46, 
    0xB7, 0x4E, 0xDA, 0x4E, 0x1B, 0x57, 0x3D, 0x5B, 0x5D, 0x5F, 0x5E, 0x5F, 0x7E, 0x63, 0x5E, 0x5F, 
    0x7E, 0x63, 0x5E, 0x5F, 0x3C, 0x5B, 0x1C, 0x57, 0x1B, 0x57, 0xDA, 0x52, 0xD8, 0x4E, 0x97, 0x4A, 
    0x94, 0x46, 0x52, 0x42, 0x72, 0x4E, 0x94, 0x52, 0xB4, 0x56, 0x94, 0x56, 0xB4, 0x56, 0xD6, 0x56, 
    0xF7, 0x56, 0x1B, 0x5B, 0x3B, 0x5F, 0x1B, 0x5B, 0x18, 0x5B, 0xD5, 0x56, 0xD2, 0x56, 0xB3, 0x56, 
    0xD3, 0x56, 0xB4, 0x52, 0xB3, 0x56, 0xB2, 0x52, 0xB1, 0x56, 0xB3, 0x56, 0xD5, 0x56, 0xD6, 0x52, 
    0xD5, 0x52, 0xD7, 0x52, 0xD7, 0x52, 0x97, 0x4E, 0xB7, 0x4E, 0x97, 0x4E, 0x96, 0x4E, 0x94, 0x4A, 
    0x70, 0x4A, 0x4E, 0x46, 0x6E, 0x46, 0x71, 0x46, 0x72, 0x46, 0x95, 0x4A, 0xD7, 0x4E, 0xB9, 0x4E, 
    0x12, 0x46, 0x2B, 0x29, 0x4A, 0x29, 0x09, 0x25, 0x29, 0x29, 0xEF, 0x41, 0x39, 0x6B, 0x5B, 0x6B, 
    0x3A, 0x63, 0xFB, 0x56, 0x1B, 0x5B, 0x1C, 0x57, 0x3C, 0x5F, 0x5E, 0x5F, 0x7E, 0x67, 0x7E, 0x67, 
    0x7D, 0x67, 0x3D, 0x63, 0x3C, 0x63, 0x3C, 0x5F, 0x5C, 0x63, 0x5C, 0x63, 0x5C, 0x63, 0x5D, 0x5F, 
    0x5C, 0x63, 0x3D, 0x5F, 0x3D, 0x5F, 0x3D, 0x5B, 0x3D, 0x5F, 0x1D, 0x5B, 0xFB, 0x56, 0xB9, 0x4E, 
    0x96, 0x4A, 0x97, 0x4A, 0xFA, 0x56, 0x3D, 0x5B, 0x9E, 0x67, 0xBF, 0x6F, 0xDE, 0x77, 0xDF, 0x77, 
    0xDE, 0x7B, 0xDF, 0x77, 0xDE, 0x77, 0xBF, 0x73, 0x9D, 0x6F, 0x5B, 0x67, 0x5A, 0x6F, 0xF7, 0x62, 
    0x18, 0x67, 0x52, 0x52, 0x30, 0x4A, 0x2B, 0x29, 0x4A, 0x2D, 0x8F, 0x31, 0x76, 0x4A, 0xDB, 0x56, 
    0xF9, 0x56, 0xD8, 0x52, 0xD8, 0x52, 0xD8, 0x52, 0xF8, 0x56, 0xFA, 0x52, 0x1A, 0x5B, 0x1C, 0x5B, 
    0x5C, 0x5F, 0x5E, 0x63, 0x9E, 0x67, 0x7E, 0x63, 0x7E, 0x67, 0x7E, 0x63, 0x7E, 0x67, 0x7E, 0x63, 
    0x7E, 0x67, 0x7E, 0x63, 0x7D, 0x63, 0x5E, 0x5F, 0x5D, 0x5F, 0x3D, 0x5B, 0x3C, 0x5F, 0x5D, 0x5F, 
    0x7D, 0x63, 0x7E, 0x63, 0x9E, 0x67, 0x9E, 0x6B, 0xBE, 0x6F, 0xBF, 0x6F, 0xBF, 0x6F, 0x9F, 0x6B, 
    0xBE, 0x6B, 0x9E, 0x6B, 0x9D, 0x6B, 0x5D, 0x67, 0x5C, 0x67, 0x5B, 0x67, 0x5A, 0x6B, 0x5A, 0x6F, 
    0x9A, 0x73, 0x9B, 0x73, 0xBB, 0x77, 0xBC, 0x77, 0xBB, 0x77, 0x9C, 0x73, 0xBB, 0x77, 0x9C, 0x73, 
    0x9B, 0x73, 0x7B, 0x6F, 0x59, 0x67, 0xF7, 0x5E, 0xF4, 0x5A, 0xB2, 0x52, 0xF3, 0x5A, 0xF3, 0x5A, 
    0xAF, 0x52, 0x90, 0x4E, 0x16, 0x5F, 0xF6, 0x5E, 0x16, 0x5F, 0x39, 0x63, 0x59, 0x6B, 0xB2, 0x56, 
    0x39, 0x67, 0x7D, 0x6B, 0x9D, 0x6F, 0xF9, 0x5E, 0x6E, 0x4E, 0x36, 0x67, 0x9A, 0x6F, 0x7B, 0x6F, 
    0xF3, 0x62, 0xF6, 0x5E, 0x59, 0x6B, 0xDA, 0x5E, 0xBE, 0x73, 0xDF, 0x7B, 0xFF, 0x7B, 0xDF, 0x7B, 
    0xFF, 0x7B, 0xDF, 0x77, 0xDE, 0x77, 0xBF, 0x6F, 0x9E, 0x6B, 0x7E, 0x67, 0x7D, 0x67, 0x5E, 0x63, 
    0x3C, 0x63, 0x1C, 0x5F, 0xF9, 0x5A, 0xB8, 0x52, 0xB6, 0x52, 0xB7, 0x52, 0xD8, 0x5A, 0xF9, 0x5A, 
    0x1A, 0x5F, 0x1B, 0x5F, 0x3B, 0x63, 0x3C, 0x63, 0x5C, 0x63, 0x5D, 0x63, 0x5D, 0x67, 0x5D, 0x63, 
    0x5D, 0x67, 0x1C, 0x63, 0x1A, 0x5F, 0xF9, 0x5A, 0xD7, 0x56, 0xB6, 0x52, 0x95, 0x4E, 0x96, 0x4E, 
    0x15, 0x3E, 0x34, 0x3E, 0x57, 0x42, 0x98, 0x4A, 0x99, 0x4A, 0xB9, 0x4E, 0xBA, 0x4E, 0xB9, 0x4E, 
    0x99, 0x4A, 0x98, 0x4A, 0x77, 0x46, 0x75, 0x46, 0x55, 0x42, 0x75, 0x42, 0x55, 0x42, 0x31, 0x42, 
    0x0F, 0x3A, 0x30, 0x3E, 0x76, 0x42, 0xB8, 0x4E, 0xB9, 0x4E, 0xD9, 0x52, 0xD9, 0x52, 0xFA, 0x56, 
    0xFC, 0x56, 0xFB, 0x5A, 0xFB, 0x56, 0xFA, 0x56, 0xBA, 0x52, 0xB7, 0x4E, 0x76, 0x46, 0x96, 0x4A, 
    0xB8, 0x4A, 0xD9, 0x52, 0xFC, 0x56, 0x3D, 0x5F, 0x5E, 0x5F, 0x7E, 0x63, 0x7F, 0x63, 0x7E, 0x67, 
    0x7F, 0x63, 0x7E, 0x63, 0x3E, 0x5F, 0x3C, 0x5B, 0xFC, 0x56, 0xFA, 0x56, 0xB9, 0x4E, 0x97, 0x4A, 
    0x74, 0x46, 0x52, 0x46, 0x52, 0x4A, 0x72, 0x52, 0x73, 0x52, 0x93, 0x56, 0xB5, 0x56, 0xD6, 0x56, 
    0xF9, 0x56, 0x3B, 0x5F, 0x3D, 0x5F, 0x3C, 0x5F, 0xFB, 0x5A, 0xF7, 0x5A, 0xB4, 0x56, 0xB2, 0x56, 
    0xB3, 0x56, 0xB2, 0x56, 0x92, 0x52, 0xB1, 0x56, 0xB2, 0x52, 0xD3, 0x56, 0xB6, 0x56, 0xD6, 0x56, 
    0xB6, 0x52, 0xD5, 0x52, 0xB7, 0x4E, 0xB7, 0x4E, 0x97, 0x4E, 0xB7, 0x52, 0x97, 0x4E, 0x94, 0x4E, 
    0x71, 0x4A, 0x4E, 0x4A, 0x4F, 0x46, 0x4F, 0x46, 0x50, 0x46, 0x72, 0x4A, 0x97, 0x4A, 0xB7, 0x4E, 
    0xF2, 0x41, 0x29, 0x29, 0x2A, 0x29, 0x29, 0x29, 0x6C, 0x35, 0x4A, 0x31, 0x95, 0x56, 0x5A, 0x73, 
    0x1B, 0x63, 0x1B, 0x5B, 0xFC, 0x5A, 0x1C, 0x5B, 0x1D, 0x5F, 0x5E, 0x67, 0x7F, 0x67, 0x9E, 0x6B, 
    0x7E, 0x67, 0x5D, 0x67, 0x3D, 0x63, 0x3C, 0x63, 0x3D, 0x63, 0x5C, 0x67, 0x5D, 0x63, 0x5D, 0x63, 
    0x3D, 0x63, 0x3D, 0x63, 0x3D, 0x5F, 0x3D, 0x5F, 0x3D, 0x5B, 0x3D, 0x5B, 0xFC, 0x56, 0xB9, 0x52, 
    0x77, 0x4A, 0x96, 0x4A, 0xDA, 0x52, 0x3C, 0x5B, 0x5E, 0x63, 0xBE, 0x73, 0xBF, 0x77, 0xDE, 0x7B, 
    0xBF, 0x77, 0xDE, 0x77, 0xBF, 0x73, 0xBE, 0x73, 0x7D, 0x6B, 0x3A, 0x67, 0x19, 0x6B, 0xF6, 0x66, 
    0x5B, 0x6F, 0x93, 0x5A, 0x10, 0x4A, 0x2A, 0x29, 0x2B, 0x2D, 0x4B, 0x2D, 0x14, 0x42, 0xDA, 0x56, 
    0xDA, 0x56, 0xD8, 0x56, 0xD9, 0x52, 0xF9, 0x56, 0xFA, 0x56, 0x1A, 0x5B, 0x1C, 0x5B, 0x3C, 0x5F, 
    0x5E, 0x63, 0x7E, 0x67, 0x9F, 0x67, 0x9E, 0x6B, 0x7F, 0x6B, 0x9E, 0x6B, 0x9F, 0x6B, 0x9E, 0x6B, 
    0x7F, 0x67, 0x9E, 0x67, 0x7F, 0x67, 0x7E, 0x63, 0x3E, 0x5F, 0x3D, 0x5F, 0x3D, 0x5F, 0x5D, 0x63, 
    0x5E, 0x63, 0x7E, 0x67, 0x7F, 0x67, 0x9E, 0x6B, 0x9F, 0x6B, 0x9F, 0x6F, 0x9F, 0x6B, 0x9E, 0x6B, 
    0x9E, 0x6B, 0x9E, 0x6B, 0x7E, 0x6B, 0x7D, 0x6B, 0x5C, 0x67, 0x5B, 0x6B, 0x5B, 0x6B, 0x7A, 0x6F, 
    0x7A, 0x73, 0x9B, 0x77, 0x9C, 0x77, 0xBB, 0x77, 0x9C, 0x73, 0x9B, 0x77, 0x9C, 0x73, 0x9B, 0x77, 
    0x9C, 0x73, 0x7A, 0x73, 0x5A, 0x6B, 0xF6, 0x5E, 0xB2, 0x52, 0xF2, 0x5A, 0xF4, 0x5E, 0xF2, 0x5A, 
    0x8F, 0x4E, 0xD1, 0x56, 0x17, 0x63, 0x17, 0x67, 0x19, 0x67, 0x7A, 0x6F, 0x17, 0x63, 0xD5, 0x5E, 
    0x5C, 0x6B, 0x9D, 0x73, 0x9E, 0x6F, 0x3A, 0x67, 0x92, 0x56, 0x36, 0x67, 0x7B, 0x6F, 0x57, 0x6B, 
    0xD0, 0x5A, 0xD3, 0x5E, 0x74, 0x56, 0xFB, 0x66, 0xBF, 0x77, 0xFF, 0x7B, 0xDF, 0x7B, 0xDF, 0x7B, 
    0xDF, 0x7B, 0xDF, 0x7B, 0xBF, 0x73, 0xBE, 0x73, 0x9F, 0x6B, 0x7E, 0x6B, 0x5E, 0x67, 0x5D, 0x67, 
    0x3D, 0x63, 0x1B, 0x5F, 0xDA, 0x5A, 0xD8, 0x56, 0xB8, 0x52, 0xD8, 0x56, 0xD9, 0x5A, 0x1A, 0x5F, 
    0x1C, 0x5F, 0x3C, 0x63, 0x3D, 0x63, 0x5C, 0x67, 0x5D, 0x67, 0x7D, 0x6B, 0x5E, 0x67, 0x5D, 0x6B, 
    0x3D, 0x67, 0x3C, 0x63, 0xFB, 0x5E, 0xFA, 0x5E, 0xD9, 0x56, 0xD7, 0x56, 0x97, 0x4E, 0x97, 0x52, 
    0x33, 0x3E, 0x55, 0x3E, 0x97, 0x46, 0x98, 0x46, 0xB8, 0x4A, 0xB9, 0x4E, 0xD9, 0x4E, 0xB9, 0x4A, 
    0xB8, 0x4A, 0x98, 0x46, 0x75, 0x42, 0x75, 0x42, 0x74, 0x42, 0x55, 0x3E, 0x52, 0x42, 0x0F, 0x3A, 
    0x0D, 0x3A, 0x31, 0x3A, 0x95, 0x46, 0x97, 0x46, 0xB7, 0x4A, 0xB8, 0x4A, 0xD8, 0x4E, 0xFA, 0x52, 
    0x1B, 0x57, 0xFB, 0x56, 0x1B, 0x57, 0xFB, 0x52, 0xD9, 0x52, 0xB8, 0x4A, 0x96, 0x4A, 0x97, 0x46, 
    0xB7, 0x4E, 0xDA, 0x4E, 0x1C, 0x5B, 0x3D, 0x5B, 0x7E, 0x63, 0x7E, 0x63, 0x9E, 0x67, 0x9F, 0x67, 
    0xBE, 0x67, 0x7F, 0x63, 0x5E, 0x63, 0x3D, 0x5B, 0x1C, 0x5B, 0xFB, 0x52, 0xD9, 0x4E, 0xB7, 0x46, 
    0x94, 0x46, 0x53, 0x42, 0x71, 0x4A, 0x51, 0x4A, 0x71, 0x4E, 0x72, 0x4E, 0xB4, 0x56, 0xD7, 0x52, 
    0x18, 0x5B, 0x3C, 0x5F, 0x5D, 0x63, 0x3D, 0x5F, 0x1B, 0x5B, 0xF8, 0x56, 0xD4, 0x56, 0xB2, 0x52, 
    0xB2, 0x56, 0xB2, 0x52, 0xB1, 0x52, 0xB2, 0x52, 0xB1, 0x56, 0xB3, 0x52, 0xD5, 0x56, 0xD7, 0x52, 
    0xD5, 0x52, 0xB4, 0x4E, 0xD5, 0x52, 0xB6, 0x4E, 0xB6, 0x4E, 0xB6, 0x4E, 0xB6, 0x4E, 0x94, 0x4A, 
    0x90, 0x4E, 0x4E, 0x46, 0x4E, 0x46, 0x4E, 0x42, 0x4E, 0x42, 0x50, 0x42, 0x94, 0x4A, 0x96, 0x4A, 
    0xF0, 0x3D, 0x09, 0x21, 0x08, 0x25, 0x4A, 0x2D, 0xEE, 0x3D, 0x08, 0x25, 0x30, 0x4A, 0x59, 0x6F, 
    0x3A, 0x67, 0x1B, 0x5B, 0x1B, 0x5B, 0x1C, 0x5B, 0x5D, 0x63, 0x7E, 0x67, 0x9E, 0x6B, 0x9F, 0x6B, 
    0x9E, 0x6B, 0x5D, 0x63, 0x5C, 0x63, 0x5C, 0x63, 0x5C, 0x63, 0x5D, 0x63, 0x7D, 0x67, 0x5D, 0x63, 
    0x5C, 0x63, 0x3D, 0x5F, 0x5D, 0x5F, 0x3D, 0x5B, 0x5D, 0x5F, 0x3D, 0x5B, 0x1B, 0x57, 0xBA, 0x4E, 
    0x96, 0x4A, 0x75, 0x46, 0xD8, 0x4E, 0x1B, 0x57, 0x5D, 0x5F, 0x9E, 0x6B, 0xDE, 0x73, 0xDE, 0x77, 
    0xDE, 0x77, 0xDE, 0x73, 0xDE, 0x73, 0x9E, 0x6B, 0x7C, 0x67, 0x39, 0x67, 0x16, 0x67, 0x17, 0x67, 
    0x9B, 0x77, 0xD5, 0x5E, 0x6A, 0x31, 0x4B, 0x29, 0x4A, 0x2D, 0x2A, 0x25, 0xF2, 0x39, 0xB9, 0x52, 
    0xF9, 0x56, 0xD9, 0x52, 0xF9, 0x52, 0xFA, 0x52, 0x1A, 0x57, 0x1B, 0x57, 0x3C, 0x5B, 0x5D, 0x5F, 
    0x9E, 0x67, 0x9F, 0x67, 0xBE, 0x6B, 0x9E, 0x6B, 0xBE, 0x6F, 0xBE, 0x6B, 0xBE, 0x6F, 0xBF, 0x6B, 
    0xBE, 0x6B, 0x9E, 0x67, 0x9E, 0x67, 0x7E, 0x63, 0x7D, 0x63, 0x3D, 0x5F, 0x5D, 0x5F, 0x3D, 0x5F, 
    0x7D, 0x63, 0x7E, 0x63, 0x7E, 0x63, 0x7E, 0x63, 0x9E, 0x67, 0x7E, 0x63, 0x9E, 0x67, 0x7E, 0x67, 
    0x9E, 0x67, 0x7E, 0x67, 0x9D, 0x6B, 0x7D, 0x67, 0x7C, 0x67, 0x5C, 0x67, 0x7B, 0x6B, 0x7A, 0x6F, 
    0x9A, 0x73, 0x9B, 0x73, 0xBA, 0x77, 0x9B, 0x73, 0xBB, 0x73, 0x9C, 0x73, 0xBB, 0x73, 0x9B, 0x73, 
    0xBB, 0x73, 0x7B, 0x6F, 0x58, 0x6B, 0xD4, 0x56, 0xD1, 0x56, 0xF3, 0x5A, 0x13, 0x5F, 0xD2, 0x56, 
    0xAF, 0x52, 0xD3, 0x56, 0x36, 0x63, 0x17, 0x63, 0x59, 0x6B, 0x5A, 0x6B, 0xB3, 0x56, 0x18, 0x5F, 
    0x7B, 0x6B, 0x9D, 0x6F, 0x9C, 0x6F, 0x19, 0x5F, 0xB1, 0x56, 0x36, 0x67, 0x79, 0x6F, 0x14, 0x63, 
    0xF0, 0x5E, 0x6E, 0x52, 0x31, 0x4E, 0x5D, 0x67, 0xDE, 0x77, 0xDF, 0x77, 0xFF, 0x7B, 0xDF, 0x77, 
    0xFE, 0x77, 0xDF, 0x77, 0xDE, 0x73, 0xBF, 0x6F, 0xBE, 0x6B, 0x7E, 0x67, 0x7D, 0x67, 0x5D, 0x63, 
    0x5C, 0x63, 0x1B, 0x5B, 0xF9, 0x5A, 0xD8, 0x56, 0xD8, 0x56, 0xD9, 0x56, 0x1A, 0x5F, 0x3B, 0x5F, 
    0x5C, 0x63, 0x5D, 0x63, 0x7D, 0x67, 0x7D, 0x67, 0x7D, 0x67, 0x7E, 0x67, 0x9E, 0x6B, 0x5E, 0x67, 
    0x5C, 0x67, 0x3C, 0x5F, 0x1B, 0x5F, 0x1B, 0x5B, 0xF9, 0x5A, 0xD8, 0x52, 0xB7, 0x52, 0x97, 0x4E, 
    0x35, 0x3E, 0x56, 0x42, 0x78, 0x42, 0x98, 0x4A, 0x99, 0x4A, 0xD9, 0x52, 0xBA, 0x4E, 0xB9, 0x4E, 
    0x99, 0x4A, 0x97, 0x46, 0x56, 0x42, 0x74, 0x42, 0x55, 0x42, 0x53, 0x42, 0x30, 0x3E, 0x0D, 0x3A, 
    0xEE, 0x39, 0x2F, 0x3E, 0x53, 0x42, 0x73, 0x46, 0x95, 0x46, 0xB7, 0x4A, 0xB9, 0x4E, 0xFA, 0x56, 
    0xDB, 0x56, 0xFA, 0x56, 0xFB, 0x56, 0xFA, 0x56, 0xD9, 0x52, 0xB7, 0x4E, 0x97, 0x4A, 0xB6, 0x4A, 
    0xB8, 0x4A, 0xFA, 0x52, 0x1D, 0x5B, 0x5E, 0x5F, 0x7E, 0x63, 0x9E, 0x67, 0x9F, 0x67, 0xBF, 0x6B, 
    0x9F, 0x67, 0x9E, 0x67, 0x5F, 0x5F, 0x5D, 0x5F, 0x1D, 0x5B, 0xFB, 0x56, 0xDA, 0x4E, 0xB7, 0x4E, 
    0x75, 0x46, 0x73, 0x46, 0x52, 0x46, 0x51, 0x4A, 0x52, 0x4E, 0x72, 0x52, 0x95, 0x52, 0xD7, 0x56, 
    0xFA, 0x5A, 0x3C, 0x63, 0x5E, 0x63, 0x5D, 0x63, 0x1C, 0x5B, 0xF9, 0x5A, 0xD5, 0x56, 0xB1, 0x56, 
    0xB2, 0x52, 0xB1, 0x56, 0xB2, 0x52, 0xB2, 0x56, 0xB2, 0x52, 0xD3, 0x56, 0xD5, 0x56, 0xD6, 0x56, 
    0xB6, 0x52, 0xB4, 0x52, 0xB4, 0x4E, 0xB4, 0x4E, 0x95, 0x4E, 0xB4, 0x4E, 0x94, 0x4E, 0xB3, 0x4E, 
    0x71, 0x4A, 0x6E, 0x4A, 0x4F, 0x46, 0x4E, 0x46, 0x2F, 0x42, 0x4E, 0x46, 0x53, 0x46, 0x94, 0x4E, 
    0xD0, 0x39, 0x08, 0x25, 0xE8, 0x1C, 0x4A, 0x2D, 0xCE, 0x3D, 0x07, 0x25, 0x10, 0x4A, 0x58, 0x6F, 
    0x3A, 0x67, 0x1B, 0x5F, 0xFC, 0x5A, 0x3C, 0x5F, 0x5E, 0x63, 0x9E, 0x6B, 0x9F, 0x6F, 0xBF, 0x73, 
    0x9F, 0x6F, 0x7D, 0x6B, 0x5D, 0x67, 0x5D, 0x67, 0x5D, 0x63, 0x7D, 0x67, 0x5D, 0x63, 0x5D, 0x63, 
    0x3D, 0x5F, 0x5D, 0x63, 0x3D, 0x5F, 0x3D, 0x5F, 0x3E, 0x5F, 0x3D, 0x5F, 0xFC, 0x56, 0xDA, 0x52, 
    0x77, 0x4A, 0x75, 0x46, 0x98, 0x4A, 0xFA, 0x56, 0x1D, 0x5B, 0x9E, 0x67, 0xBF, 0x73, 0xDE, 0x77, 
    0xBF, 0x77, 0xDE, 0x77, 0xBF, 0x6F, 0x9D, 0x6B, 0x5C, 0x63, 0x38, 0x6B, 0xF5, 0x6A, 0x37, 0x6F, 
    0x5A, 0x73, 0xB4, 0x5A, 0x2A, 0x2D, 0x4B, 0x2D, 0x2A, 0x29, 0x28, 0x25, 0xB1, 0x35, 0xB8, 0x52, 
    0xDA, 0x56, 0xF9, 0x56, 0xDA, 0x52, 0xFA, 0x56, 0x1C, 0x5B, 0x3C, 0x5B, 0x3D, 0x5F, 0x7D, 0x63, 
    0x9F, 0x67, 0xBE, 0x6F, 0xBF, 0x6F, 0xBE, 0x73, 0xBF, 0x73, 0xBE, 0x77, 0xBF, 0x73, 0xBE, 0x73, 
    0xBF, 0x6F, 0xBE, 0x6B, 0x9F, 0x67, 0x7E, 0x67, 0x5E, 0x63, 0x5D, 0x5F, 0x3D, 0x5F, 0x5D, 0x5F, 
    0x5E, 0x5F, 0x5E, 0x63, 0x5E, 0x63, 0x7D, 0x63, 0x5E, 0x63, 0x5D, 0x63, 0x5E, 0x63, 0x7D, 0x63, 
    0x5E, 0x63, 0x7E, 0x67, 0x7E, 0x67, 0x7D, 0x6B, 0x5D, 0x67, 0x5C, 0x6B, 0x5C, 0x6B, 0x7B, 0x6F, 
    0x7B, 0x73, 0x9A, 0x73, 0x9B, 0x73, 0x9B, 0x73, 0x9C, 0x73, 0x9B, 0x77, 0x9C, 0x73, 0x9B, 0x77, 
    0x9B, 0x73, 0x9A, 0x73, 0x17, 0x63, 0xB2, 0x56, 0xB2, 0x56, 0xD1, 0x56, 0xF3, 0x5A, 0xD2, 0x5A, 
    0xB2, 0x56, 0xF4, 0x5E, 0x17, 0x63, 0x17, 0x63, 0x59, 0x6B, 0xF5, 0x5E, 0xB5, 0x5A, 0x5A, 0x6B, 
    0x5C, 0x6B, 0x9C, 0x6F, 0x7D, 0x6B, 0x19, 0x63, 0x92, 0x52, 0x16, 0x67, 0x7B, 0x6B, 0x15, 0x67, 
    0xAF, 0x5A, 0x4C, 0x56, 0xB6, 0x5A, 0x9E, 0x73, 0xBF, 0x73, 0xDF, 0x77, 0xDF, 0x77, 0xDF, 0x77, 
    0xDF, 0x77, 0xDF, 0x77, 0xBF, 0x73, 0xBE, 0x6F, 0x9F, 0x6B, 0x9E, 0x6B, 0x7E, 0x67, 0x5D, 0x67, 
    0x3D, 0x63, 0x1B, 0x5F, 0xFA, 0x5A, 0xF9, 0x5A, 0xD9, 0x56, 0xFA, 0x5E, 0x1B, 0x5F, 0x5C, 0x63, 
    0x5D, 0x67, 0x7D, 0x67, 0x7E, 0x67, 0x9E, 0x6B, 0x9E, 0x6B, 0x9E, 0x6F, 0x7F, 0x6B, 0x7D, 0x6B, 
    0x3D, 0x63, 0x3C, 0x63, 0x1C, 0x5F, 0x1B, 0x5F, 0xFA, 0x5A, 0xF9, 0x5A, 0xB8, 0x52, 0xB7, 0x52, 
    0x55, 0x3E, 0x57, 0x42, 0x77, 0x46, 0x98, 0x46, 0xB9, 0x4E, 0xBA, 0x4E, 0xB9, 0x4E, 0xB9, 0x4A, 
    0xB8, 0x4A, 0x78, 0x46, 0x75, 0x42, 0x53, 0x3E, 0x52, 0x42, 0x31, 0x3E, 0x2D, 0x3A, 0x0D, 0x3A, 
    0x0D, 0x3A, 0x0E, 0x3A, 0x2E, 0x3E, 0x30, 0x3E, 0x72, 0x42, 0x95, 0x46, 0xB7, 0x4E, 0xD9, 0x4E, 
    0xF9, 0x52, 0xFA, 0x52, 0xF9, 0x56, 0xDA, 0x52, 0xD9, 0x52, 0xB8, 0x4E, 0xB6, 0x4A, 0x96, 0x4A, 
    0xD7, 0x4E, 0xDA, 0x52, 0x3C, 0x5B, 0x5E, 0x5F, 0x9E, 0x67, 0x9F, 0x67, 0xBF, 0x6B, 0x9F, 0x6B, 
    0xBF, 0x6B, 0x9F, 0x63, 0x7E, 0x63, 0x3E, 0x5F, 0x3D, 0x5B, 0xFC, 0x56, 0xFA, 0x52, 0xB8, 0x4E, 
    0x96, 0x4A, 0x74, 0x46, 0x51, 0x4A, 0x51, 0x4A, 0x71, 0x4E, 0x72, 0x4E, 0xB4, 0x56, 0xD7, 0x52, 
    0x19, 0x5B, 0x3D, 0x5F, 0x5D, 0x67, 0x3E, 0x63, 0x1B, 0x5F, 0xFA, 0x56, 0xD5, 0x56, 0xB2, 0x52, 
    0xB1, 0x56, 0xB2, 0x52, 0xB2, 0x56, 0xB3, 0x56, 0xD2, 0x56, 0xB3, 0x56, 0xD4, 0x56, 0xB6, 0x52, 
    0xD7, 0x52, 0xB5, 0x4E, 0xB2, 0x4E, 0x93, 0x4A, 0x93, 0x4A, 0x93, 0x4A, 0x92, 0x4E, 0x91, 0x4A, 
    0x70, 0x4E, 0x4F, 0x46, 0x4E, 0x46, 0x4F, 0x46, 0x4E, 0x46, 0x2F, 0x42, 0x71, 0x46, 0x74, 0x4A, 
    0xCE, 0x39, 0xE8, 0x1C, 0xE7, 0x1C, 0x29, 0x29, 0xCE, 0x3D, 0x6B, 0x31, 0x50, 0x4E, 0x38, 0x6F, 
    0x59, 0x6B, 0x1B, 0x5F, 0x1C, 0x5B, 0x1D, 0x5F, 0x7D, 0x67, 0x9F, 0x6B, 0xBE, 0x73, 0xBF, 0x73, 
    0xBE, 0x73, 0x7E, 0x6B, 0x7D, 0x6B, 0x5D, 0x67, 0x7C, 0x67, 0x5D, 0x63, 0x7D, 0x67, 0x5D, 0x63, 
    0x5D, 0x63, 0x3D, 0x5F, 0x5D, 0x5F, 0x3D, 0x5B, 0x5D, 0x5F, 0x3D, 0x5B, 0x1C, 0x5B, 0xBA, 0x4E, 
    0x97, 0x4A, 0x75, 0x42, 0x96, 0x4A, 0xDA, 0x52, 0x1C, 0x5B, 0x7E, 0x63, 0xBE, 0x73, 0xBF, 0x73, 
    0xDE, 0x77, 0xBF, 0x73, 0xBE, 0x6F, 0x7D, 0x63, 0x5B, 0x67, 0x17, 0x67, 0x14, 0x6F, 0x17, 0x6F, 
    0x38, 0x6F, 0xAD, 0x3D, 0x49, 0x2D, 0x4B, 0x2D, 0x4A, 0x2D, 0x08, 0x21, 0x8D, 0x2D, 0x98, 0x4A, 
    0xFA, 0x56, 0xDA, 0x52, 0xFA, 0x56, 0xFB, 0x56, 0x3C, 0x5B, 0x3C, 0x5B, 0x5D, 0x5F, 0x7E, 0x63, 
    0xBE, 0x6B, 0xBF, 0x6F, 0xDE, 0x73, 0xBF, 0x73, 0xDE, 0x77, 0xDF, 0x77, 0xDE, 0x77, 0xBF, 0x73, 
    0xBE, 0x73, 0x9F, 0x6F, 0x9E, 0x6B, 0x7E, 0x63, 0x7D, 0x63, 0x5D, 0x5F, 0x5D, 0x5F, 0x3D, 0x5F, 
    0x5D, 0x63, 0x5E, 0x5F, 0x5D, 0x63, 0x3D, 0x5F, 0x3C, 0x5F, 0x3D, 0x5F, 0x3C, 0x5F, 0x3D, 0x5F, 
    0x5D, 0x63, 0x5D, 0x63, 0x7D, 0x67, 0x5D, 0x67, 0x7C, 0x67, 0x5C, 0x67, 0x7C, 0x6B, 0x7C, 0x6B, 
    0x9B, 0x73, 0x7A, 0x6F, 0x9A, 0x73, 0x9B, 0x73, 0x9B, 0x73, 0x9C, 0x73, 0x9B, 0x73, 0x9B, 0x73, 
    0x9B, 0x73, 0x7A, 0x6B, 0xF5, 0x5E, 0xB3, 0x56, 0xB0, 0x56, 0xB1, 0x52, 0xD2, 0x5A, 0xD2, 0x56, 
    0xF2, 0x5A, 0x15, 0x5F, 0x16, 0x63, 0x37, 0x63, 0x34, 0x63, 0xB2, 0x56, 0x38, 0x67, 0x5A, 0x67, 
    0x7B, 0x6B, 0x7C, 0x6B, 0x7B, 0x6B, 0x1A, 0x5F, 0xB3, 0x56, 0xF5, 0x5E, 0x9A, 0x6F, 0x17, 0x63, 
    0x6E, 0x56, 0x2D, 0x52, 0x1A, 0x67, 0x9E, 0x6F, 0xDE, 0x73, 0xBF, 0x73, 0xDE, 0x73, 0xBF, 0x73, 
    0xDE, 0x73, 0xBF, 0x73, 0xBE, 0x73, 0x9F, 0x6B, 0x9E, 0x6B, 0x7E, 0x67, 0x7D, 0x67, 0x5D, 0x63, 
    0x3C, 0x63, 0x1B, 0x5F, 0x19, 0x5B, 0xF9, 0x5A, 0xF9, 0x5A, 0x1B, 0x5F, 0x3C, 0x63, 0x5D, 0x63, 
    0x7D, 0x6B, 0x7E, 0x67, 0x9E, 0x6B, 0x9F, 0x6B, 0xBE, 0x6F, 0x9F, 0x6F, 0x9E, 0x6F, 0x7E, 0x67, 
    0x5C, 0x67, 0x3D, 0x63, 0x3C, 0x63, 0x1C, 0x5F, 0x1B, 0x5F, 0xFA, 0x56, 0xD8, 0x56, 0xB8, 0x52, 
    0x36, 0x3E, 0x76, 0x42, 0x57, 0x42, 0x98, 0x4A, 0xBA, 0x4E, 0xB9, 0x4E, 0xBA, 0x4E, 0xB9, 0x4E, 
    0x99, 0x4A, 0x77, 0x46, 0x56, 0x42, 0x52, 0x42, 0x30, 0x3E, 0x2F, 0x3E, 0xED, 0x39, 0xEC, 0x39, 
    0xCC, 0x35, 0xEC, 0x39, 0x0E, 0x3A, 0x2F, 0x42, 0x31, 0x42, 0x73, 0x46, 0x76, 0x4A, 0xB7, 0x4E, 
    0xB9, 0x52, 0xD9, 0x56, 0xD9, 0x52, 0xD9, 0x56, 0xD9, 0x52, 0xB7, 0x52, 0x96, 0x4A, 0x95, 0x4E, 
    0xB8, 0x4E, 0xFB, 0x56, 0x1D, 0x5B, 0x7E, 0x63, 0x9F, 0x67, 0xBF, 0x6F, 0x9F, 0x6B, 0xBF, 0x6B, 
    0x9F, 0x67, 0x9E, 0x67, 0x5F, 0x63, 0x5E, 0x5F, 0x1D, 0x5B, 0x1C, 0x5B, 0xDB, 0x52, 0xD9, 0x52, 
    0x77, 0x4A, 0x74, 0x46, 0x53, 0x46, 0x72, 0x4E, 0x52, 0x4E, 0x72, 0x52, 0x95, 0x52, 0xD8, 0x56, 
    0xFB, 0x5A, 0x3D, 0x63, 0x3E, 0x63, 0x3D, 0x63, 0xFC, 0x5A, 0xFA, 0x5A, 0xD6, 0x56, 0xB2, 0x56, 
    0x92, 0x56, 0xB2, 0x56, 0xB3, 0x56, 0xD3, 0x5A, 0xB3, 0x56, 0xD3, 0x56, 0xB5, 0x56, 0xD6, 0x56, 
    0xB8, 0x52, 0xB6, 0x52, 0x92, 0x4A, 0x91, 0x4A, 0x72, 0x4A, 0x71, 0x4A, 0x71, 0x4A, 0x70, 0x4E, 
    0x70, 0x4A, 0x6F, 0x4E, 0x4F, 0x4A, 0x4F, 0x46, 0x2F, 0x46, 0x4F, 0x46, 0x52, 0x4A, 0x73, 0x4E, 
    0xAE, 0x35, 0xE7, 0x20, 0xC7, 0x1C, 0x08, 0x25, 0xF1, 0x45, 0x53, 0x4E, 0x52, 0x52, 0x38, 0x73, 
    0x39, 0x6B, 0x1A, 0x63, 0xFC, 0x5A, 0x3D, 0x63, 0x5E, 0x67, 0x9E, 0x6F, 0xBF, 0x73, 0xBF, 0x77, 
    0x9F, 0x73, 0x9E, 0x73, 0x7E, 0x6B, 0x7D, 0x6B, 0x5D, 0x67, 0x5D, 0x67, 0x5E, 0x63, 0x5D, 0x63, 
    0x3D, 0x63, 0x5D, 0x63, 0x3E, 0x5F, 0x5D, 0x5F, 0x3E, 0x5F, 0x3D, 0x5F, 0x1D, 0x5B, 0xDA, 0x52, 
    0x78, 0x4A, 0x75, 0x46, 0x75, 0x46, 0xB8, 0x52, 0xFC, 0x56, 0x7D, 0x63, 0x9F, 0x6F, 0xDE, 0x77, 
    0xBF, 0x77, 0xBE, 0x77, 0x9F, 0x6B, 0x5D, 0x67, 0x3A, 0x63, 0x16, 0x6F, 0xF4, 0x6E, 0xF5, 0x6E, 
    0xD7, 0x66, 0x52, 0x52, 0x09, 0x29, 0x6B, 0x31, 0x2A, 0x29, 0x08, 0x25, 0x4C, 0x29, 0x76, 0x4A, 
    0xDB, 0x56, 0xFA, 0x56, 0xFB, 0x56, 0x1B, 0x5B, 0x1D, 0x5B, 0x3C, 0x5F, 0x5E, 0x63, 0x9E, 0x6B, 
    0x9F, 0x6F, 0xBF, 0x73, 0xBF, 0x73, 0xDF, 0x77, 0xBF, 0x77, 0xDF, 0x7B, 0xDF, 0x77, 0xDF, 0x77, 
    0xBF, 0x73, 0xBF, 0x73, 0x9F, 0x6B, 0x9E, 0x6B, 0x5E, 0x63, 0x5D, 0x63, 0x3D, 0x5F, 0x3D, 0x63, 
    0x3E, 0x5F, 0x3D, 0x63, 0x3D, 0x5F, 0x3D, 0x5F, 0x1C, 0x5B, 0x1C, 0x5B, 0x1C, 0x5B, 0x3C, 0x5F, 
    0x1D, 0x5F, 0x3D, 0x63, 0x3E, 0x63, 0x5D, 0x6B, 0x5D, 0x67, 0x5C, 0x6B, 0x3D, 0x67, 0x5C, 0x6B, 
    0x7C, 0x6F, 0x7A, 0x73, 0x7A, 0x6F, 0x9A, 0x73, 0x7C, 0x73, 0x9C, 0x77, 0x9C, 0x73, 0x9B, 0x73, 
    0x7B, 0x73, 0x59, 0x6B, 0xD5, 0x5A, 0xB1, 0x56, 0xB2, 0x56, 0xB1, 0x56, 0xB2, 0x56, 0xD2, 0x5A, 
    0xD3, 0x5A, 0xF4, 0x5E, 0xF6, 0x5E, 0x35, 0x67, 0xD2, 0x5A, 0xF5, 0x62, 0x39, 0x6B, 0x5A, 0x6B, 
    0x5B, 0x67, 0x5B, 0x6B, 0x5C, 0x6B, 0x3A, 0x67, 0xD5, 0x5A, 0xF4, 0x5E, 0x5B, 0x6B, 0xF5, 0x5E, 
    0xB4, 0x5E, 0x31, 0x56, 0x3C, 0x67, 0x9E, 0x73, 0x9F, 0x6F, 0xBE, 0x73, 0x9F, 0x6F, 0xBE, 0x73, 
    0x9F, 0x6F, 0xBE, 0x6F, 0x9F, 0x6F, 0x9E, 0x6B, 0x7E, 0x67, 0x7E, 0x6B, 0x5E, 0x67, 0x5D, 0x67, 
    0x1C, 0x63, 0x1A, 0x5F, 0xFA, 0x5A, 0xFA, 0x5E, 0xFB, 0x5E, 0x3B, 0x63, 0x3D, 0x63, 0x7D, 0x6B, 
    0x7E, 0x6B, 0x9E, 0x6F, 0x9F, 0x6F, 0xBF, 0x73, 0xBF, 0x73, 0xBF, 0x73, 0x9F, 0x6B, 0x7D, 0x6B, 
    0x5D, 0x67, 0x5D, 0x67, 0x3D, 0x63, 0x3C, 0x63, 0x1C, 0x5F, 0xFA, 0x5A, 0xB9, 0x56, 0xB8, 0x56, 
    0x55, 0x3E, 0x56, 0x42, 0x76, 0x42, 0x78, 0x46, 0xB8, 0x4E, 0xB9, 0x4A, 0xB8, 0x4A, 0x98, 0x46, 
    0x97, 0x46, 0x77, 0x42, 0x74, 0x42, 0x31, 0x3E, 0x2E, 0x3A, 0x0D, 0x3A, 0xEB, 0x35, 0xCB, 0x31, 
    0xEB, 0x35, 0xEC, 0x35, 0x0C, 0x3A, 0x2F, 0x3E, 0x4F, 0x42, 0x51, 0x42, 0x93, 0x46, 0x96, 0x4A, 
    0xD7, 0x4E, 0xD8, 0x4E, 0xD8, 0x52, 0xD8, 0x52, 0xD7, 0x52, 0xB7, 0x4E, 0xB5, 0x4E, 0x94, 0x4A, 
    0xD7, 0x4E, 0xFB, 0x52, 0x3C, 0x5B, 0x7F, 0x63, 0xBF, 0x6B, 0xBF, 0x6B, 0xBF, 0x6F, 0x9F, 0x67, 
    0x9E, 0x67, 0x7E, 0x63, 0x5D, 0x5F, 0x3E, 0x5B, 0x3C, 0x5B, 0x1C, 0x57, 0xFA, 0x52, 0xB9, 0x4E, 
    0x95, 0x46, 0x74, 0x42, 0x73, 0x4A, 0x73, 0x4A, 0x92, 0x4E, 0x73, 0x4E, 0xB4, 0x52, 0xD9, 0x56, 
    0x1B, 0x5B, 0x1C, 0x5F, 0x3C, 0x63, 0x1D, 0x5F, 0x1B, 0x5B, 0xDA, 0x56, 0xD5, 0x56, 0xB2, 0x52, 
    0xB1, 0x56, 0xB2, 0x52, 0xD2, 0x56, 0xB3, 0x56, 0xD3, 0x56, 0xB4, 0x56, 0xD4, 0x56, 0xD6, 0x52, 
    0xD7, 0x52, 0xB7, 0x4E, 0xB2, 0x4A, 0x70, 0x46, 0x70, 0x46, 0x4F, 0x42, 0x6F, 0x46, 0x70, 0x4A, 
    0x8F, 0x4E, 0x6F, 0x4A, 0x6E, 0x4A, 0x4F, 0x46, 0x4F, 0x46, 0x50, 0x46, 0x71, 0x4A, 0x74, 0x4A, 
    0xAD, 0x35, 0xC7, 0x18, 0xC6, 0x1C, 0xC7, 0x1C, 0x52, 0x4E, 0x95, 0x56, 0x71, 0x52, 0x58, 0x6F, 
    0x58, 0x6F, 0x1A, 0x63, 0x1B, 0x5F, 0x3D, 0x5F, 0x7D, 0x67, 0x9E, 0x6B, 0xBE, 0x73, 0xBF, 0x73, 
    0xBE, 0x73, 0x9F, 0x6F, 0x9D, 0x6F, 0x7D, 0x67, 0x7C, 0x67, 0x5D, 0x63, 0x7D, 0x63, 0x5D, 0x5F, 
    0x5C, 0x63, 0x5D, 0x5F, 0x5D, 0x5F, 0x5D, 0x5F, 0x5D, 0x5F, 0x5D, 0x5B, 0x3C, 0x5B, 0xDA, 0x52, 
    0x97, 0x4A, 0x55, 0x42, 0x73, 0x46, 0x96, 0x4A, 0xFA, 0x56, 0x5D, 0x5F, 0xBE, 0x6F, 0xDF, 0x73, 
    0xDE, 0x77, 0xBE, 0x73, 0x9E, 0x6B, 0x5C, 0x63, 0x59, 0x67, 0x16, 0x6B, 0x13, 0x73, 0x91, 0x5E, 
    0x0F, 0x46, 0xCE, 0x3D, 0x28, 0x25, 0x4B, 0x2D, 0x4A, 0x2D, 0x08, 0x21, 0x4A, 0x29, 0x55, 0x42, 
    0xFA, 0x56, 0xFA, 0x52, 0x1A, 0x57, 0x1C, 0x57, 0x3C, 0x5B, 0x3D, 0x5B, 0x7D, 0x63, 0x9E, 0x67, 
    0xBE, 0x6F, 0xBF, 0x73, 0xDE, 0x77, 0xDF, 0x77, 0xFE, 0x7B, 0xDF, 0x77, 0xFE, 0x7B, 0xDF, 0x77, 
    0xDE, 0x77, 0xBF, 0x73, 0xBE, 0x6F, 0x9E, 0x67, 0x9D, 0x63, 0x5D, 0x5F, 0x5D, 0x5F, 0x3D, 0x5B, 
    0x5D, 0x5F, 0x3D, 0x5B, 0x3C, 0x5B, 0x1C, 0x57, 0x1B, 0x57, 0xFB, 0x56, 0x1B, 0x57, 0x1C, 0x5B, 
    0x3B, 0x5F, 0x3D, 0x5F, 0x5C, 0x63, 0x5D, 0x63, 0x5C, 0x67, 0x3D, 0x63, 0x5C, 0x67, 0x5C, 0x63, 
    0x7A, 0x6B, 0x7B, 0x6F, 0x79, 0x6F, 0x7A, 0x6B, 0x9A, 0x73, 0x9B, 0x73, 0x9B, 0x73, 0x9B, 0x6F, 
    0x9A, 0x6F, 0x17, 0x63, 0xD3, 0x56, 0xB2, 0x52, 0x13, 0x5F, 0xB0, 0x52, 0xB0, 0x52, 0xB1, 0x56, 
    0xF2, 0x5A, 0x15, 0x5F, 0x34, 0x63, 0x13, 0x63, 0xD0, 0x5A, 0x37, 0x67, 0x79, 0x6B, 0x59, 0x67, 
    0x59, 0x67, 0x5A, 0x67, 0x5B, 0x67, 0x3A, 0x63, 0xF5, 0x5E, 0xD2, 0x5A, 0x36, 0x63, 0xF5, 0x5E, 
    0xD3, 0x5A, 0x75, 0x56, 0x7D, 0x6B, 0x9E, 0x6B, 0xBD, 0x6F, 0x9E, 0x6B, 0x9E, 0x6F, 0x9E, 0x6B, 
    0x9E, 0x6B, 0x9E, 0x67, 0x9D, 0x6B, 0x7E, 0x67, 0x7D, 0x67, 0x5D, 0x63, 0x5D, 0x67, 0x3C, 0x63, 
    0x3A, 0x5F, 0xFA, 0x5A, 0x1A, 0x5B, 0x1B, 0x5B, 0x3B, 0x5F, 0x3C, 0x63, 0x7D, 0x67, 0x7E, 0x67, 
    0xBE, 0x6F, 0xBF, 0x6F, 0xDE, 0x73, 0xBF, 0x73, 0xDE, 0x73, 0xBF, 0x6F, 0xBE, 0x6F, 0x7E, 0x6B, 
    0x7D, 0x67, 0x5D, 0x67, 0x5C, 0x67, 0x3D, 0x63, 0x3B, 0x5F, 0xFA, 0x56, 0xD8, 0x56, 0xB8, 0x52, 
    0x35, 0x3E, 0x55, 0x42, 0x56, 0x42, 0x77, 0x4A, 0x98, 0x4A, 0x98, 0x4A, 0x98, 0x4A, 0x97, 0x46, 
    0x56, 0x42, 0x76, 0x46, 0x34, 0x3E, 0x30, 0x3E, 0x0E, 0x3A, 0xEB, 0x39, 0xCB, 0x31, 0xEB, 0x35, 
    0xCC, 0x35, 0xEB, 0x39, 0x0D, 0x3A, 0x2F, 0x3E, 0x30, 0x3E, 0x50, 0x42, 0x52, 0x42, 0x94, 0x4A, 
    0x96, 0x4A, 0xD6, 0x4E, 0xD7, 0x4E, 0xD7, 0x52, 0xB7, 0x52, 0xB6, 0x52, 0x94, 0x4E, 0xB3, 0x4E, 
    0xB7, 0x4E, 0xFB, 0x56, 0x3E, 0x5B, 0x7E, 0x67, 0x9F, 0x6B, 0xBF, 0x6F, 0x9F, 0x6B, 0x9F, 0x6B, 
    0x7F, 0x63, 0x7E, 0x63, 0x3E, 0x5B, 0x3D, 0x5B, 0x1C, 0x57, 0xFB, 0x56, 0xDA, 0x4E, 0xB7, 0x4A, 
    0x76, 0x46, 0x74, 0x46, 0x75, 0x4A, 0x94, 0x4E, 0x74, 0x4E, 0x93, 0x52, 0x94, 0x52, 0xD8, 0x56, 
    0xFB, 0x5A, 0x1C, 0x5F, 0xFC, 0x5E, 0x1B, 0x5F, 0xDA, 0x5A, 0xD9, 0x5A, 0xB6, 0x56, 0xB2, 0x56, 
    0xB2, 0x52, 0xB1, 0x56, 0xB2, 0x52, 0xB2, 0x56, 0xB4, 0x56, 0xD3, 0x56, 0xB4, 0x56, 0xD4, 0x56, 
    0xB8, 0x52, 0xD8, 0x52, 0x94, 0x4A, 0x6F, 0x4A, 0x4F, 0x46, 0x4E, 0x46, 0x4F, 0x46, 0x6F, 0x4A, 
    0x70, 0x4A, 0x6F, 0x4E, 0x50, 0x4A, 0x6F, 0x4A, 0x50, 0x46, 0x71, 0x4A, 0x72, 0x4A, 0x73, 0x4E, 
    0x6C, 0x2D, 0xC7, 0x1C, 0xC7, 0x1C, 0xC6, 0x1C, 0x11, 0x46, 0x73, 0x52, 0x94, 0x5A, 0x58, 0x77, 
    0x38, 0x6F, 0x39, 0x67, 0x1B, 0x5F, 0x3D, 0x63, 0x5E, 0x67, 0x9E, 0x6F, 0x9F, 0x6F, 0xBE, 0x73, 
    0xBF, 0x73, 0xBE, 0x73, 0x7E, 0x6F, 0x7D, 0x6B, 0x5D, 0x63, 0x5D, 0x63, 0x5D, 0x63, 0x5D, 0x63, 
    0x3D, 0x5F, 0x5D, 0x63, 0x5E, 0x5F, 0x5D, 0x5F, 0x5E, 0x5F, 0x5D, 0x5F, 0x1D, 0x5B, 0xFB, 0x56, 
    0x99, 0x4A, 0x76, 0x46, 0x52, 0x42, 0x94, 0x4A, 0xDA, 0x52, 0x5D, 0x5F, 0x9F, 0x6B, 0xDE, 0x77, 
    0xBF, 0x73, 0xBE, 0x73, 0x7E, 0x67, 0x5C, 0x67, 0x18, 0x67, 0x35, 0x73, 0x13, 0x73, 0x2E, 0x56, 
    0xC7, 0x1C, 0x28, 0x25, 0x09, 0x25, 0x29, 0x29, 0x2A, 0x29, 0x08, 0x25, 0x0A, 0x25, 0x54, 0x42, 
    0xFB, 0x56, 0xFA, 0x56, 0xFB, 0x56, 0x1C, 0x5B, 0x3D, 0x5B, 0x5D, 0x5F, 0x7E, 0x63, 0x9E, 0x6B, 
    0xBF, 0x6F, 0xDE, 0x77, 0xDF, 0x77, 0xFE, 0x7B, 0xDF, 0x7B, 0xFF, 0x7F, 0xDF, 0x7B, 0xFF, 0x7B, 
    0xDF, 0x77, 0xDE, 0x77, 0xBF, 0x6F, 0xBE, 0x6B, 0x7E, 0x67, 0x5D, 0x63, 0x3D, 0x5F, 0x3C, 0x5F, 
    0x1D, 0x5B, 0x3C, 0x5B, 0xFC, 0x56, 0xFB, 0x56, 0xDB, 0x56, 0xFA, 0x56, 0xDB, 0x56, 0xFB, 0x5A, 
    0x1C, 0x5B, 0x3C, 0x5F, 0x3D, 0x5F, 0x3D, 0x63, 0x3D, 0x63, 0x3C, 0x63, 0x1C, 0x63, 0x3B, 0x63, 
    0x3B, 0x63, 0x7A, 0x6F, 0x5A, 0x6B, 0x79, 0x6F, 0x7A, 0x6F, 0x9A, 0x73, 0x7B, 0x6F, 0x9A, 0x73, 
    0x5A, 0x6B, 0xD5, 0x5A, 0xB3, 0x56, 0xF3, 0x5A, 0xB1, 0x56, 0x8F, 0x52, 0x90, 0x52, 0xB0, 0x56, 
    0xD3, 0x5A, 0x14, 0x5F, 0xF3, 0x5E, 0x13, 0x63, 0xD2, 0x5E, 0x58, 0x6B, 0x5A, 0x6B, 0x59, 0x67, 
    0x39, 0x67, 0x39, 0x67, 0x3A, 0x63, 0x39, 0x67, 0xF5, 0x5E, 0xAF, 0x56, 0x6F, 0x4E, 0x6E, 0x52, 
    0xEC, 0x49, 0xD8, 0x62, 0x7E, 0x6B, 0x7D, 0x6B, 0x7E, 0x67, 0x7D, 0x6B, 0x7E, 0x67, 0x7D, 0x6B, 
    0x7E, 0x67, 0x7D, 0x67, 0x5E, 0x67, 0x7D, 0x67, 0x5D, 0x63, 0x5C, 0x67, 0x3C, 0x63, 0x3B, 0x63, 
    0xFA, 0x5E, 0xF9, 0x5E, 0xFA, 0x5A, 0x1B, 0x63, 0x1C, 0x63, 0x5C, 0x67, 0x5E, 0x67, 0x9E, 0x6B, 
    0x9F, 0x6F, 0xDF, 0x73, 0xBF, 0x73, 0xDF, 0x77, 0xDF, 0x73, 0xDF, 0x73, 0x9F, 0x6F, 0x9E, 0x6F, 
    0x7E, 0x6B, 0x7D, 0x6B, 0x5D, 0x67, 0x5C, 0x67, 0x1C, 0x5F, 0xF9, 0x5A, 0xD9, 0x56, 0xD8, 0x56, 
    0x33, 0x3E, 0x34, 0x3E, 0x56, 0x42, 0x77, 0x46, 0x97, 0x4A, 0x77, 0x46, 0x97, 0x46, 0x77, 0x42, 
    0x54, 0x42, 0x54, 0x3E, 0x32, 0x3E, 0x10, 0x3A, 0x0E, 0x3A, 0xCB, 0x35, 0xCA, 0x35, 0xCB, 0x31, 
    0xEB, 0x35, 0xEC, 0x35, 0x0D, 0x3A, 0x30, 0x3E, 0x50, 0x42, 0x51, 0x3E, 0x71, 0x42, 0x73, 0x46, 
    0xB5, 0x4A, 0xB6, 0x4A, 0xD6, 0x4E, 0xB7, 0x4E, 0xD6, 0x52, 0xB5, 0x4E, 0xB3, 0x4E, 0xB4, 0x4E, 
    0xD7, 0x52, 0xFB, 0x52, 0x3D, 0x5F, 0x7F, 0x63, 0xBF, 0x6B, 0x9F, 0x6B, 0xBF, 0x6B, 0x9F, 0x63, 
    0x7E, 0x63, 0x5E, 0x5F, 0x3C, 0x5B, 0xFC, 0x52, 0xFA, 0x52, 0xDA, 0x4E, 0xB8, 0x4A, 0x97, 0x46, 
    0x96, 0x46, 0x75, 0x46, 0x95, 0x4A, 0x95, 0x4A, 0x94, 0x4E, 0x73, 0x4E, 0x93, 0x4E, 0xB7, 0x52, 
    0xFA, 0x5A, 0xFB, 0x5A, 0xFA, 0x5A, 0xDA, 0x5A, 0xD9, 0x5A, 0xB7, 0x56, 0xD5, 0x56, 0xB3, 0x52, 
    0xB1, 0x56, 0xB2, 0x52, 0xB1, 0x56, 0xB3, 0x56, 0xD4, 0x5A, 0xB4, 0x56, 0xD3, 0x56, 0xB4, 0x52, 
    0xD6, 0x52, 0xB7, 0x4E, 0xB5, 0x4E, 0x70, 0x46, 0x4E, 0x46, 0x4F, 0x46, 0x6E, 0x46, 0x6F, 0x4A, 
    0x6F, 0x4E, 0x70, 0x4A, 0x90, 0x4E, 0x71, 0x4A, 0x70, 0x4A, 0x72, 0x46, 0x72, 0x4A, 0x53, 0x4A, 
    0x6C, 0x31, 0xA7, 0x18, 0xE7, 0x1C, 0xA6, 0x14, 0x4A, 0x31, 0xCF, 0x41, 0xD4, 0x62, 0x57, 0x73, 
    0x57, 0x73, 0x39, 0x67, 0x3B, 0x63, 0x3D, 0x5F, 0x5D, 0x67, 0x7E, 0x6B, 0x9E, 0x6F, 0x9E, 0x6F, 
    0xBE, 0x73, 0x9F, 0x6F, 0x9D, 0x6F, 0x5D, 0x67, 0x5C, 0x67, 0x3D, 0x63, 0x5C, 0x5F, 0x3D, 0x5F, 
    0x5D, 0x5F, 0x5E, 0x5F, 0x7E, 0x63, 0x5E, 0x5F, 0x7E, 0x5F, 0x5E, 0x5F, 0x5D, 0x5B, 0xFC, 0x56, 
    0xB9, 0x4E, 0x77, 0x46, 0x53, 0x46, 0x53, 0x46, 0xD9, 0x52, 0x3D, 0x5B, 0x9E, 0x6B, 0xBF, 0x73, 
    0xDE, 0x77, 0xBE, 0x6F, 0x7D, 0x67, 0x3C, 0x63, 0x37, 0x6B, 0x36, 0x6F, 0x35, 0x77, 0xED, 0x49, 
    0xE7, 0x20, 0x29, 0x29, 0x08, 0x21, 0x09, 0x25, 0x29, 0x29, 0x09, 0x25, 0x29, 0x25, 0x34, 0x3E, 
    0xFA, 0x56, 0xFB, 0x56, 0x1B, 0x57, 0x1C, 0x5B, 0x3C, 0x5F, 0x5D, 0x5F, 0x9E, 0x67, 0x9E, 0x6B, 
    0xDE, 0x73, 0xDF, 0x77, 0xFE, 0x7B, 0xDF, 0x7B, 0xFE, 0x7F, 0xFF, 0x7B, 0xFE, 0x7F, 0xDF, 0x7B, 
    0xFF, 0x7B, 0xDF, 0x77, 0xDF, 0x77, 0x9F, 0x6B, 0x9E, 0x67, 0x5E, 0x5F, 0x3C, 0x5F, 0x1C, 0x5B, 
    0x1C, 0x5B, 0xFC, 0x56, 0xFB, 0x56, 0xDA, 0x52, 0xD9, 0x52, 0xDA, 0x52, 0xFA, 0x56, 0xFB, 0x56, 
    0x1C, 0x5B, 0x1D, 0x5B, 0x3C, 0x5F, 0x3D, 0x5F, 0x3C, 0x63, 0x1C, 0x5F, 0x1B, 0x5F, 0x1B, 0x5F, 
    0x3A, 0x63, 0x5A, 0x67, 0x79, 0x6F, 0x59, 0x6B, 0x79, 0x6F, 0x7A, 0x6F, 0x99, 0x6F, 0x7A, 0x6B, 
    0x37, 0x63, 0x92, 0x4E, 0xF4, 0x5A, 0xD4, 0x5A, 0x8F, 0x4E, 0x6F, 0x4E, 0x8F, 0x4E, 0x70, 0x4E, 
    0xF3, 0x5E, 0xD2, 0x56, 0x35, 0x63, 0x14, 0x5F, 0x14, 0x63, 0x7A, 0x6B, 0x79, 0x6B, 0x39, 0x67, 
    0x38, 0x67, 0x19, 0x63, 0x39, 0x63, 0x39, 0x63, 0xF3, 0x5E, 0x8E, 0x52, 0x4C, 0x4E, 0x0B, 0x46, 
    0xEB, 0x49, 0xFA, 0x62, 0x7D, 0x6B, 0x5D, 0x67, 0x7D, 0x67, 0x5D, 0x67, 0x7D, 0x67, 0x5D, 0x63, 
    0x7C, 0x67, 0x5D, 0x63, 0x5D, 0x67, 0x3D, 0x63, 0x5C, 0x63, 0x3C, 0x5F, 0x3B, 0x63, 0xFA, 0x5A, 
    0xF9, 0x5A, 0xFA, 0x5A, 0x1A, 0x5F, 0x1C, 0x5F, 0x3C, 0x67, 0x5D, 0x67, 0x7D, 0x6B, 0x9E, 0x6B, 
    0xBE, 0x73, 0xBF, 0x73, 0xDF, 0x77, 0xDF, 0x73, 0xDF, 0x77, 0xBF, 0x73, 0xBE, 0x73, 0x9E, 0x6F, 
    0x9E, 0x6F, 0x7E, 0x6B, 0x7D, 0x67, 0x3D, 0x63, 0x1B, 0x5F, 0xFA, 0x56, 0xF9, 0x56, 0xD9, 0x56, 
    0x13, 0x3A, 0x34, 0x42, 0x36, 0x42, 0x77, 0x46, 0x78, 0x46, 0x97, 0x4A, 0x77, 0x46, 0x76, 0x42, 
    0x34, 0x3E, 0x32, 0x3E, 0x12, 0x3A, 0x31, 0x3E, 0xEE, 0x39, 0xCA, 0x35, 0xCA, 0x31, 0xEB, 0x35, 
    0xEC, 0x35, 0xEC, 0x39, 0x0E, 0x3A, 0x31, 0x42, 0x52, 0x42, 0x51, 0x42, 0x51, 0x42, 0x72, 0x46, 
    0x95, 0x4A, 0xB5, 0x4E, 0x96, 0x4E, 0xB5, 0x52, 0xB5, 0x4E, 0xB4, 0x52, 0x94, 0x4E, 0xB4, 0x52, 
    0xD8, 0x52, 0xFB, 0x56, 0x1D, 0x5B, 0x7E, 0x63, 0x7F, 0x67, 0x9F, 0x6B, 0x7F, 0x67, 0x7E, 0x63, 
    0x5E, 0x5F, 0x3D, 0x5F, 0x1C, 0x57, 0xFA, 0x52, 0xBA, 0x4E, 0xB8, 0x4E, 0x98, 0x4A, 0xB8, 0x4E, 
    0xB8, 0x4A, 0x96, 0x4A, 0x96, 0x4A, 0x95, 0x4E, 0x74, 0x4E, 0x73, 0x4E, 0x53, 0x4E, 0x94, 0x52, 
    0xD9, 0x5A, 0xFA, 0x5A, 0xDA, 0x56, 0xD8, 0x56, 0xB8, 0x56, 0xB6, 0x56, 0xB5, 0x52, 0xB3, 0x56, 
    0x92, 0x52, 0xB1, 0x56, 0xB2, 0x56, 0xB2, 0x56, 0xB5, 0x56, 0xD5, 0x56, 0xB5, 0x56, 0xD4, 0x56, 
    0xB6, 0x52, 0xB6, 0x52, 0x96, 0x4E, 0x70, 0x4A, 0x4F, 0x42, 0x6F, 0x4A, 0x50, 0x4A, 0x6F, 0x4E, 
    0x70, 0x4E, 0x90, 0x4E, 0x72, 0x4E, 0x92, 0x4E, 0x72, 0x4A, 0x72, 0x4A, 0x74, 0x4A, 0x53, 0x4A, 
    0x4C, 0x2D, 0xC7, 0x1C, 0xC7, 0x1C, 0xA5, 0x18, 0xA6, 0x18, 0x4A, 0x2D, 0xB4, 0x5E, 0x36, 0x77, 
    0x37, 0x73, 0x38, 0x6F, 0x1B, 0x63, 0x3C, 0x63, 0x3D, 0x63, 0x7D, 0x6B, 0x7E, 0x6B, 0x9E, 0x6F, 
    0x7E, 0x6F, 0x9E, 0x6F, 0x5E, 0x6B, 0x5D, 0x67, 0x3D, 0x63, 0x3C, 0x5F, 0x1D, 0x5F, 0x3C, 0x5F, 
    0x3D, 0x5F, 0x7E, 0x63, 0x7E, 0x63, 0x7E, 0x63, 0x5E, 0x5F, 0x7E, 0x63, 0x3E, 0x5F, 0x1C, 0x5B, 
    0xBB, 0x52, 0x98, 0x4E, 0x55, 0x46, 0x52, 0x46, 0xB9, 0x4E, 0x1C, 0x5B, 0x7E, 0x63, 0xBE, 0x73, 
    0xBF, 0x73, 0xBE, 0x6F, 0x5D, 0x63, 0x3B, 0x63, 0x17, 0x6B, 0x35, 0x73, 0x37, 0x77, 0x2F, 0x52, 
    0xE8, 0x20, 0xEE, 0x49, 0xE8, 0x20, 0xE8, 0x20, 0xE9, 0x24, 0x08, 0x25, 0x0A, 0x25, 0x34, 0x42, 
    0xDB, 0x56, 0xFA, 0x5A, 0xFB, 0x56, 0x1B, 0x5B, 0x3D, 0x5B, 0x5D, 0x63, 0x7E, 0x67, 0xBE, 0x6F, 
    0xBF, 0x73, 0xDF, 0x7B, 0xDF, 0x7B, 0xFF, 0x7F, 0xDF, 0x7F, 0xFF, 0x7F, 0xDF, 0x7F, 0xFF, 0x7F, 
    0xDF, 0x7B, 0xDF, 0x7B, 0xBF, 0x77, 0xBF, 0x73, 0x7F, 0x67, 0x5D, 0x63, 0x1D, 0x5B, 0x1B, 0x5B, 
    0xDB, 0x56, 0xFB, 0x56, 0xDB, 0x52, 0xDA, 0x52, 0xBA, 0x52, 0xD9, 0x52, 0xDA, 0x52, 0xFB, 0x5A, 
    0xFC, 0x5A, 0x1C, 0x5F, 0x1D, 0x5F, 0x3D, 0x63, 0x1D, 0x5F, 0x1C, 0x5F, 0xFB, 0x5A, 0xFB, 0x5E, 
    0xFB, 0x5A, 0x39, 0x63, 0x59, 0x6B, 0x58, 0x6B, 0x59, 0x6B, 0x79, 0x6F, 0x59, 0x6B, 0x58, 0x6B, 
    0xD6, 0x5A, 0xB4, 0x56, 0xF5, 0x5E, 0xD2, 0x56, 0x6F, 0x4E, 0x8F, 0x52, 0x70, 0x4E, 0xB1, 0x5A, 
    0xD3, 0x5A, 0xF3, 0x5E, 0x36, 0x67, 0xF2, 0x5E, 0x16, 0x67, 0x7A, 0x6F, 0x5A, 0x6B, 0x38, 0x67, 
    0x18, 0x63, 0x17, 0x63, 0x18, 0x5F, 0x18, 0x63, 0xB4, 0x5A, 0xB2, 0x5A, 0x4E, 0x4E, 0x0B, 0x4A, 
    0xF0, 0x4D, 0x3B, 0x6B, 0x5D, 0x67, 0x5C, 0x67, 0x3D, 0x63, 0x5C, 0x63, 0x3D, 0x63, 0x3C, 0x63, 
    0x3D, 0x63, 0x3C, 0x63, 0x3D, 0x63, 0x3C, 0x63, 0x1C, 0x5F, 0x1B, 0x63, 0xFB, 0x5E, 0xF9, 0x5E, 
    0xD9, 0x5A, 0xF9, 0x5E, 0xFB, 0x5E, 0x3C, 0x63, 0x3D, 0x67, 0x5D, 0x6B, 0x7E, 0x6B, 0x9E, 0x6F, 
    0xBF, 0x6F, 0xDF, 0x77, 0xDF, 0x77, 0xDF, 0x7B, 0xDF, 0x77, 0xDF, 0x77, 0xBF, 0x73, 0xBE, 0x73, 
    0x9F, 0x6F, 0x9E, 0x6F, 0x7E, 0x67, 0x5C, 0x67, 0x1B, 0x5B, 0xFA, 0x5A, 0xDA, 0x5A, 0xD9, 0x5A, 
    0x32, 0x3E, 0x35, 0x3E, 0x56, 0x42, 0x77, 0x42, 0x97, 0x4A, 0x98, 0x46, 0x96, 0x46, 0x55, 0x3E, 
    0x52, 0x3E, 0x12, 0x36, 0x32, 0x3A, 0x31, 0x3A, 0x0C, 0x3A, 0xCA, 0x31, 0xC9, 0x31, 0xEB, 0x31, 
    0xEB, 0x35, 0x0C, 0x36, 0x2E, 0x3E, 0x31, 0x3E, 0x73, 0x42, 0x72, 0x42, 0x71, 0x42, 0x72, 0x42, 
    0x94, 0x4A, 0x95, 0x4A, 0xB5, 0x4E, 0xB5, 0x4E, 0xB4, 0x4E, 0xB4, 0x4E, 0xB4, 0x4E, 0xB5, 0x4E, 
    0xF8, 0x52, 0xFB, 0x52, 0x3C, 0x5B, 0x5E, 0x5F, 0x7E, 0x63, 0x7F, 0x63, 0x7E, 0x63, 0x7E, 0x5F, 
    0x5D, 0x5F, 0x3D, 0x57, 0x1B, 0x57, 0xD9, 0x4E, 0xB7, 0x4A, 0x97, 0x46, 0xB7, 0x4A, 0xB9, 0x4A, 
    0xD9, 0x4E, 0xB8, 0x4E, 0xB6, 0x4E, 0x96, 0x4A, 0x93, 0x4E, 0x53, 0x4A, 0x51, 0x4A, 0x73, 0x4E, 
    0xB6, 0x56, 0xD9, 0x56, 0xD8, 0x56, 0xB7, 0x52, 0xB6, 0x52, 0xB5, 0x4E, 0xB3, 0x52, 0xB3, 0x52, 
    0xB1, 0x52, 0xB2, 0x52, 0xB1, 0x56, 0xB3, 0x52, 0xD4, 0x56, 0xD6, 0x52, 0xD5, 0x56, 0xB5, 0x52, 
    0xD5, 0x52, 0xB6, 0x4E, 0xB6, 0x4E, 0x73, 0x46, 0x6E, 0x46, 0x4F, 0x46, 0x6F, 0x4A, 0x6F, 0x4A, 
    0x90, 0x4E, 0x90, 0x4E, 0x91, 0x4E, 0x94, 0x4A, 0x93, 0x4A, 0x73, 0x4A, 0x93, 0x4A, 0x53, 0x46, 
    0x4A, 0x29, 0xA6, 0x14, 0xC6, 0x18, 0xA5, 0x14, 0xA5, 0x18, 0x08, 0x25, 0x2F, 0x4E, 0x14, 0x73, 
    0x35, 0x73, 0x17, 0x6B, 0x38, 0x63, 0x1B, 0x5F, 0x3B, 0x63, 0x5D, 0x67, 0x7D, 0x6B, 0x7D, 0x6B, 
    0x7D, 0x6B, 0x7D, 0x6B, 0x7C, 0x6B, 0x3C, 0x63, 0x3B, 0x5F, 0x1C, 0x5B, 0x3C, 0x5B, 0x3D, 0x5B, 
    0x5D, 0x5F, 0x7E, 0x5F, 0x7E, 0x63, 0x7E, 0x5F, 0x7D, 0x5F, 0x7E, 0x5F, 0x7D, 0x5F, 0x3D, 0x5B, 
    0xFB, 0x56, 0xB9, 0x4A, 0x75, 0x46, 0x53, 0x46, 0xB7, 0x4E, 0xFB, 0x52, 0x7D, 0x63, 0x9E, 0x6B, 
    0xBE, 0x73, 0x9E, 0x6B, 0x5C, 0x63, 0x3B, 0x63, 0x15, 0x6B, 0x35, 0x73, 0x77, 0x77, 0xB4, 0x5E, 
    0x28, 0x29, 0xAC, 0x39, 0x07, 0x21, 0xE8, 0x20, 0x09, 0x25, 0xE8, 0x20, 0x29, 0x25, 0x14, 0x3E, 
    0xFA, 0x56, 0xFA, 0x56, 0xFA, 0x56, 0x1B, 0x57, 0x3C, 0x5F, 0x5D, 0x5F, 0x9E, 0x67, 0xBE, 0x6B, 
    0xDE, 0x73, 0xDF, 0x77, 0xFE, 0x7F, 0xFF, 0x7B, 0xFE, 0x7F, 0xFF, 0x7F, 0xFF, 0x7F, 0xFF, 0x7B, 
    0xFE, 0x7F, 0xDF, 0x7B, 0xDE, 0x77, 0xBF, 0x6F, 0x9E, 0x67, 0x5D, 0x5F, 0x3B, 0x5B, 0xFB, 0x52, 
    0xFA, 0x52, 0xDA, 0x52, 0xDA, 0x52, 0xD9, 0x4E, 0xD8, 0x52, 0xD9, 0x4E, 0xFA, 0x56, 0xFB, 0x56, 
    0x1B, 0x5B, 0x1C, 0x5B, 0x3C, 0x5F, 0x3D, 0x5F, 0x3C, 0x5F, 0x1C, 0x5B, 0xFA, 0x5A, 0xDA, 0x56, 
    0xF9, 0x5A, 0xF8, 0x5A, 0x36, 0x63, 0x36, 0x63, 0x36, 0x67, 0x38, 0x67, 0x57, 0x67, 0x17, 0x5F, 
    0xF5, 0x5A, 0xD5, 0x56, 0xF4, 0x5A, 0x91, 0x4E, 0x8F, 0x4E, 0x6F, 0x4E, 0x8F, 0x52, 0xD2, 0x56, 
    0xD2, 0x5A, 0xF3, 0x5E, 0xF1, 0x5A, 0x13, 0x5F, 0x57, 0x6B, 0x7A, 0x6B, 0x79, 0x6B, 0x39, 0x67, 
    0x37, 0x63, 0x17, 0x5F, 0x37, 0x5F, 0x18, 0x5F, 0x39, 0x67, 0x3A, 0x67, 0xB1, 0x56, 0x0A, 0x46, 
    0x74, 0x5A, 0x5C, 0x67, 0x5C, 0x67, 0x3C, 0x63, 0x3B, 0x63, 0x3B, 0x5F, 0x3B, 0x5F, 0x3B, 0x5F, 
    0x3B, 0x5F, 0x3C, 0x5F, 0x3B, 0x5F, 0x1C, 0x5F, 0x1B, 0x5F, 0x1A, 0x5B, 0x19, 0x5F, 0xD8, 0x5A, 
    0xF8, 0x5A, 0xF9, 0x5A, 0x1A, 0x5F, 0x3C, 0x63, 0x5C, 0x67, 0x5E, 0x67, 0x9E, 0x6B, 0x9E, 0x6B, 
    0xDE, 0x73, 0xDF, 0x73, 0xFF, 0x77, 0xDF, 0x77, 0xFF, 0x77, 0xDF, 0x77, 0xDF, 0x77, 0xBF, 0x73, 
    0xDE, 0x73, 0x9E, 0x6B, 0x9D, 0x6B, 0x3C, 0x63, 0x3A, 0x5F, 0xFA, 0x5A, 0xF9, 0x5A, 0xFA, 0x56, 
    0x13, 0x3E, 0x55, 0x42, 0x57, 0x42, 0x77, 0x46, 0x78, 0x46, 0x77, 0x46, 0x55, 0x42, 0x53, 0x3E, 
    0x33, 0x3A, 0x11, 0x3A, 0x12, 0x3A, 0x0F, 0x3E, 0xCB, 0x35, 0xC9, 0x35, 0xCA, 0x31, 0xEB, 0x35, 
    0xCC, 0x35, 0x0C, 0x3A, 0x0F, 0x3E, 0x51, 0x42, 0x74, 0x42, 0x93, 0x46, 0x73, 0x46, 0x72, 0x46, 
    0x73, 0x46, 0x93, 0x4A, 0x94, 0x4A, 0x94, 0x4E, 0x94, 0x4E, 0xB3, 0x4E, 0x95, 0x4E, 0xB5, 0x4E, 
    0xD8, 0x52, 0xFA, 0x56, 0x1C, 0x57, 0x3D, 0x5F, 0x5E, 0x5F, 0x5E, 0x5F, 0x5E, 0x5F, 0x5E, 0x5F, 
    0x3E, 0x5F, 0x1C, 0x5B, 0xDB, 0x52, 0xB8, 0x4E, 0x98, 0x46, 0xB7, 0x4A, 0xB9, 0x4A, 0xDA, 0x52, 
    0xDB, 0x52, 0xD9, 0x52, 0xB8, 0x4E, 0xB6, 0x4E, 0x74, 0x4A, 0x73, 0x4E, 0x32, 0x4A, 0x51, 0x4E, 
    0x75, 0x52, 0xB7, 0x56, 0xB9, 0x56, 0xB8, 0x56, 0x96, 0x4E, 0xB4, 0x52, 0x94, 0x4E, 0xB3, 0x52, 
    0x92, 0x52, 0xB1, 0x56, 0xB2, 0x56, 0xB2, 0x56, 0xB4, 0x56, 0xD6, 0x56, 0xB7, 0x52, 0xB7, 0x56, 
    0xB6, 0x52, 0xB6, 0x52, 0x96, 0x4A, 0x94, 0x4A, 0x50, 0x46, 0x4E, 0x46, 0x4F, 0x46, 0x6F, 0x4A, 
    0x70, 0x4E, 0x90, 0x4E, 0x92, 0x4E, 0x94, 0x4E, 0x75, 0x4A, 0x74, 0x4A, 0x74, 0x4A, 0x52, 0x46, 
    0x2A, 0x25, 0x85, 0x14, 0xA6, 0x18, 0xA5, 0x14, 0x64, 0x10, 0xC6, 0x1C, 0x6A, 0x39, 0x13, 0x6F, 
    0x15, 0x73, 0x15, 0x6F, 0x18, 0x67, 0x19, 0x63, 0x1B, 0x63, 0x5C, 0x67, 0x5D, 0x6B, 0x5C, 0x6B, 
    0x5D, 0x67, 0x5C, 0x6B, 0x3C, 0x67, 0x1C, 0x63, 0xFC, 0x5A, 0x1B, 0x5B, 0xFC, 0x5A, 0x3C, 0x5B, 
    0x3E, 0x5F, 0x7E, 0x63, 0x7E, 0x63, 0x7E, 0x63, 0x5E, 0x5F, 0x7E, 0x63, 0x5E, 0x5F, 0x5D, 0x5F, 
    0xFC, 0x56, 0xB9, 0x4E, 0x76, 0x46, 0x52, 0x4A, 0x97, 0x4E, 0xFA, 0x56, 0x3D, 0x5F, 0x9E, 0x6B, 
    0x9F, 0x6F, 0x9E, 0x6B, 0x3C, 0x5F, 0x3A, 0x67, 0x15, 0x6B, 0x34, 0x77, 0x58, 0x77, 0xB3, 0x62, 
    0xE7, 0x24, 0xE6, 0x20, 0xC7, 0x1C, 0x08, 0x25, 0xE8, 0x20, 0x08, 0x25, 0x09, 0x25, 0x13, 0x3E, 
    0xDA, 0x56, 0xFA, 0x56, 0xFB, 0x56, 0x1B, 0x5B, 0x3D, 0x5B, 0x5D, 0x63, 0x7E, 0x67, 0xBE, 0x6F, 
    0xBF, 0x73, 0xDF, 0x7B, 0xDF, 0x7B, 0xFF, 0x7F, 0xFF, 0x7F, 0xFF, 0x7F, 0xFF, 0x7F, 0xFF, 0x7F, 
    0xDF, 0x7F, 0xFF, 0x7F, 0xBF, 0x77, 0xBE, 0x73, 0x9F, 0x67, 0x5D, 0x63, 0x1C, 0x5B, 0xFA, 0x56, 
    0xDB, 0x52, 0xDA, 0x52, 0xBA, 0x4E, 0xD9, 0x52, 0xB9, 0x4E, 0xD9, 0x52, 0xDB, 0x52, 0xFB, 0x5A, 
    0x1C, 0x5B, 0x3C, 0x5F, 0x1D, 0x5F, 0x3D, 0x63, 0x1D, 0x5F, 0x1B, 0x5F, 0xDB, 0x56, 0xDA, 0x56, 
    0xDA, 0x56, 0xD7, 0x56, 0xD6, 0x5A, 0xF4, 0x5E, 0xF5, 0x5E, 0x15, 0x63, 0xF6, 0x5E, 0xF6, 0x5E, 
    0xB5, 0x56, 0xD4, 0x5A, 0x93, 0x52, 0x70, 0x4E, 0x70, 0x4E, 0x6F, 0x4E, 0x91, 0x52, 0xD3, 0x5A, 
    0xB3, 0x5A, 0xB1, 0x56, 0xD3, 0x5A, 0x36, 0x67, 0x59, 0x6B, 0x7A, 0x6F, 0x5A, 0x6B, 0x58, 0x6B, 
    0x17, 0x63, 0x16, 0x63, 0x17, 0x5F, 0x38, 0x63, 0x5A, 0x67, 0x38, 0x67, 0x6F, 0x52, 0x0A, 0x4A, 
    0xB8, 0x5E, 0x5C, 0x6B, 0x3C, 0x63, 0x3B, 0x63, 0x1B, 0x5F, 0x1A, 0x5F, 0x1A, 0x5B, 0x1A, 0x5F, 
    0x1B, 0x5B, 0x1A, 0x5F, 0x1B, 0x5F, 0x1A, 0x5F, 0xFA, 0x5A, 0xF9, 0x5E, 0xD9, 0x5A, 0xD8, 0x5A, 
    0xD8, 0x5A, 0xF9, 0x5E, 0x1B, 0x5F, 0x3C, 0x67, 0x3D, 0x67, 0x7D, 0x6B, 0x7E, 0x6B, 0xBE, 0x6F, 
    0xBF, 0x73, 0xDF, 0x77, 0xDF, 0x77, 0xDF, 0x7B, 0xDF, 0x77, 0xDF, 0x7B, 0xDF, 0x77, 0xDF, 0x77, 
    0xBF, 0x73, 0xBE, 0x6F, 0x7E, 0x6B, 0x3C, 0x63, 0x1B, 0x5F, 0x1A, 0x5F, 0xFA, 0x5A, 0xFA, 0x5A, 
    0x32, 0x3E, 0x35, 0x3E, 0x56, 0x42, 0x57, 0x42, 0x76, 0x46, 0x56, 0x42, 0x53, 0x3E, 0x33, 0x3A, 
    0x31, 0x3A, 0x0F, 0x36, 0x0E, 0x3A, 0xEC, 0x35, 0xC9, 0x31, 0xC9, 0x31, 0xCA, 0x35, 0xCB, 0x35, 
    0xEB, 0x35, 0x0D, 0x3A, 0x2F, 0x3E, 0x52, 0x3E, 0x94, 0x46, 0x95, 0x46, 0x94, 0x46, 0x74, 0x46, 
    0x92, 0x4A, 0x72, 0x46, 0x92, 0x4A, 0x93, 0x4A, 0xB2, 0x4E, 0x93, 0x4A, 0xB4, 0x4E, 0x95, 0x4A, 
    0xD7, 0x52, 0xFA, 0x52, 0x1B, 0x57, 0x1C, 0x57, 0x3C, 0x5B, 0x3D, 0x5B, 0x5D, 0x5F, 0x3E, 0x5F, 
    0x5D, 0x5F, 0x1C, 0x57, 0xD9, 0x52, 0xB8, 0x4A, 0xB7, 0x4A, 0xB8, 0x4A, 0xD9, 0x52, 0xFB, 0x52, 
    0xFB, 0x56, 0xDA, 0x52, 0xD9, 0x52, 0x96, 0x4A, 0x94, 0x4A, 0x54, 0x4A, 0x52, 0x4A, 0x31, 0x46, 
    0x72, 0x4E, 0x96, 0x52, 0xB7, 0x56, 0xB8, 0x52, 0xB6, 0x52, 0x94, 0x4E, 0xB3, 0x52, 0x93, 0x52, 
    0xB1, 0x52, 0xB2, 0x52, 0xB2, 0x56, 0xB3, 0x56, 0xD3, 0x56, 0xB7, 0x52, 0xD8, 0x56, 0xB8, 0x52, 
    0xD6, 0x52, 0xB5, 0x4E, 0xB4, 0x4E, 0x94, 0x4A, 0x70, 0x46, 0x4E, 0x42, 0x4E, 0x46, 0x6F, 0x4A, 
    0x90, 0x4E, 0x71, 0x4E, 0x91, 0x4E, 0x94, 0x4E, 0x95, 0x4A, 0x75, 0x46, 0x73, 0x4A, 0x52, 0x42, 
    0x4A, 0x29, 0x85, 0x10, 0xA5, 0x14, 0x85, 0x14, 0x84, 0x14, 0xA6, 0x18, 0x0F, 0x42, 0xF3, 0x6A, 
    0x33, 0x77, 0x15, 0x6F, 0x17, 0x67, 0xF9, 0x62, 0x19, 0x63, 0x3C, 0x63, 0x5C, 0x67, 0x3C, 0x67, 
    0x5B, 0x67, 0x3C, 0x67, 0x3B, 0x63, 0xFC, 0x5E, 0xFB, 0x5A, 0xDB, 0x56, 0xFB, 0x56, 0x1C, 0x5B, 
    0x5D, 0x5F, 0x7E, 0x63, 0x9E, 0x63, 0x7E, 0x5F, 0x7E, 0x5F, 0x5E, 0x5F, 0x7E, 0x63, 0x5E, 0x5F, 
    0x1C, 0x57, 0xBA, 0x4E, 0x75, 0x4A, 0x31, 0x46, 0x95, 0x4E, 0xDA, 0x52, 0x3C, 0x5F, 0x9E, 0x67, 
    0xBE, 0x6F, 0x9E, 0x67, 0x5B, 0x63, 0x19, 0x63, 0x14, 0x6F, 0x35, 0x73, 0x35, 0x77, 0xED, 0x45, 
    0x28, 0x29, 0xE7, 0x20, 0xE6, 0x20, 0xE8, 0x20, 0x07, 0x25, 0xE8, 0x20, 0x08, 0x25, 0xF2, 0x3D, 
    0xF9, 0x56, 0xDA, 0x56, 0xFA, 0x56, 0xFB, 0x56, 0x3C, 0x5B, 0x5D, 0x5F, 0x9E, 0x67, 0xBF, 0x6F, 
    0xDE, 0x77, 0xDF, 0x7B, 0xFE, 0x7F, 0xFF, 0x7F, 0xFF, 0x7F, 0xFF, 0x7F, 0xFF, 0x7F, 0xFF, 0x7F, 
    0xFE, 0x7F, 0xDF, 0x7B, 0xDE, 0x77, 0xBF, 0x6F, 0x9E, 0x67, 0x5D, 0x5F, 0x1C, 0x5B, 0xFB, 0x52, 
    0xFA, 0x56, 0xDA, 0x52, 0xD9, 0x52, 0xB9, 0x4E, 0xD9, 0x52, 0xDA, 0x52, 0xFA, 0x56, 0xFC, 0x5A, 
    0x3C, 0x5F, 0x1D, 0x5F, 0x3C, 0x5F, 0x3D, 0x5F, 0x3C, 0x5F, 0x1C, 0x5B, 0xFA, 0x5A, 0xDA, 0x56, 
    0xD9, 0x56, 0xB7, 0x4E, 0xB4, 0x52, 0x92, 0x52, 0x91, 0x52, 0xB3, 0x52, 0xD3, 0x56, 0xB4, 0x52, 
    0xB3, 0x52, 0x93, 0x4E, 0x71, 0x4E, 0x70, 0x4A, 0x90, 0x4E, 0x70, 0x4E, 0x91, 0x56, 0xD4, 0x5A, 
    0xB1, 0x56, 0xB1, 0x52, 0x36, 0x63, 0x38, 0x67, 0x79, 0x6B, 0x5A, 0x6B, 0x79, 0x6B, 0x59, 0x67, 
    0x16, 0x63, 0xF6, 0x5E, 0x36, 0x63, 0x17, 0x5F, 0x15, 0x5F, 0xD1, 0x56, 0x6C, 0x52, 0x0C, 0x4A, 
    0xF8, 0x62, 0x3B, 0x63, 0x3A, 0x63, 0x1A, 0x5F, 0x19, 0x5B, 0xF9, 0x5A, 0x19, 0x5B, 0xFA, 0x5A, 
    0x19, 0x5B, 0xFA, 0x5A, 0x19, 0x5B, 0xF9, 0x5A, 0xF9, 0x5A, 0xD9, 0x5A, 0xF8, 0x5E, 0xD7, 0x5A, 
    0xD7, 0x5A, 0xFA, 0x5A, 0x3B, 0x63, 0x3C, 0x63, 0x5D, 0x67, 0x7E, 0x67, 0x9E, 0x6B, 0x9E, 0x6B, 
    0xBE, 0x73, 0xDF, 0x73, 0xFF, 0x77, 0xDF, 0x77, 0xFF, 0x7B, 0xDF, 0x77, 0xFF, 0x7B, 0xDF, 0x77, 
    0xDF, 0x77, 0x9F, 0x6F, 0x7D, 0x67, 0x3C, 0x63, 0x3B, 0x63, 0x1B, 0x5F, 0x1A, 0x5F, 0xFB, 0x5A, 
    0x13, 0x3E, 0x34, 0x42, 0x36, 0x42, 0x56, 0x46, 0x57, 0x42, 0x55, 0x42, 0x34, 0x3E, 0x33, 0x3E, 
    0x11, 0x3A, 0x0D, 0x3A, 0xCB, 0x35, 0xC9, 0x35, 0xA9, 0x31, 0xC9, 0x35, 0xCA, 0x31, 0xEB, 0x35, 
    0xEC, 0x35, 0x0E, 0x3E, 0x30, 0x3E, 0x52, 0x42, 0x76, 0x42, 0x96, 0x46, 0x97, 0x46, 0x94, 0x4A, 
    0x73, 0x46, 0x71, 0x4A, 0x72, 0x46, 0x71, 0x4A, 0x71, 0x4A, 0x93, 0x4E, 0x96, 0x4A, 0x95, 0x4E, 
    0x96, 0x4E, 0xD8, 0x52, 0xFB, 0x52, 0x1B, 0x57, 0xFC, 0x56, 0x1C, 0x5B, 0x1D, 0x5B, 0x3D, 0x5F, 
    0x3E, 0x5F, 0x1C, 0x5B, 0xBA, 0x4E, 0xB8, 0x4E, 0x99, 0x4A, 0xD9, 0x52, 0xDB, 0x56, 0xFC, 0x5A, 
    0xFC, 0x56, 0xFB, 0x5A, 0xDA, 0x52, 0xB7, 0x4E, 0x76, 0x4A, 0x74, 0x4A, 0x54, 0x4A, 0x30, 0x4A, 
    0x30, 0x4A, 0x94, 0x52, 0x97, 0x52, 0xB7, 0x52, 0x76, 0x4E, 0x72, 0x4E, 0x72, 0x4E, 0x92, 0x52, 
    0x92, 0x52, 0xB1, 0x56, 0xB3, 0x56, 0xB3, 0x56, 0xB4, 0x56, 0xD6, 0x56, 0xB8, 0x52, 0xD8, 0x56, 
    0xB7, 0x52, 0xB4, 0x52, 0x94, 0x4E, 0x93, 0x4E, 0x51, 0x46, 0x4D, 0x42, 0x2E, 0x46, 0x6F, 0x4A, 
    0x70, 0x4E, 0x91, 0x52, 0x71, 0x4E, 0x93, 0x4E, 0x75, 0x4A, 0x95, 0x4A, 0x54, 0x46, 0x52, 0x46, 
    0x2B, 0x29, 0x84, 0x14, 0x85, 0x14, 0x84, 0x14, 0x43, 0x0C, 0x6B, 0x2D, 0x75, 0x4E, 0xD3, 0x66, 
    0x13, 0x77, 0x14, 0x73, 0xF7, 0x66, 0x18, 0x67, 0xFA, 0x62, 0x1B, 0x63, 0x1C, 0x63, 0x3B, 0x67, 
    0x1B, 0x63, 0x1B, 0x63, 0x1C, 0x5F, 0xFB, 0x5E, 0xBA, 0x52, 0xDA, 0x56, 0xDB, 0x56, 0x1C, 0x5B, 
    0x3E, 0x5F, 0x7E, 0x63, 0x7F, 0x63, 0x7E, 0x63, 0x5E, 0x5F, 0x5E, 0x63, 0x5E, 0x5F, 0x5E, 0x63, 
    0xFD, 0x5A, 0xBA, 0x52, 0x55, 0x4A, 0x0F, 0x46, 0x75, 0x4E, 0xD9, 0x56, 0x1D, 0x5B, 0x7E, 0x67, 
    0x9F, 0x6B, 0x9E, 0x6B, 0x3C, 0x63, 0x18, 0x67, 0xF4, 0x6E, 0x34, 0x77, 0xD3, 0x6A, 0x48, 0x35, 
    0x4A, 0x31, 0x08, 0x29, 0xC7, 0x20, 0xE7, 0x24, 0xE8, 0x20, 0xE7, 0x20, 0xE8, 0x20, 0x12, 0x42, 
    0xDA, 0x56, 0xFA, 0x56, 0xDA, 0x56, 0x1B, 0x5B, 0x1C, 0x5B, 0x5D, 0x63, 0x7F, 0x67, 0xBE, 0x73, 
    0xBF, 0x77, 0xFF, 0x7F, 0xDF, 0x7F, 0xFF, 0x7F, 0xFF, 0x7F, 0xFF, 0x7F, 0xFF, 0x7F, 0xFF, 0x7F, 
    0xDF, 0x7F, 0xFF, 0x7F, 0xBF, 0x77, 0xBE, 0x73, 0x7F, 0x67, 0x5D, 0x63, 0x1D, 0x5B, 0xFB, 0x5A, 
    0xDB, 0x56, 0xDA, 0x52, 0xBA, 0x52, 0xDA, 0x52, 0xDA, 0x52, 0xFA, 0x56, 0xFC, 0x56, 0x1C, 0x5F, 
    0x1D, 0x5F, 0x3D, 0x5F, 0x1D, 0x5F, 0x3D, 0x63, 0x1D, 0x5F, 0x1B, 0x5F, 0xDB, 0x56, 0xD9, 0x56, 
    0xB9, 0x52, 0xB6, 0x4E, 0x74, 0x4E, 0x51, 0x4E, 0x30, 0x4A, 0x50, 0x4A, 0x51, 0x4A, 0x71, 0x4E, 
    0x52, 0x4A, 0x50, 0x4A, 0x50, 0x4A, 0x70, 0x4E, 0x50, 0x4A, 0x70, 0x4E, 0x93, 0x56, 0xD3, 0x5A, 
    0x92, 0x52, 0xD4, 0x5E, 0x18, 0x63, 0x59, 0x6B, 0x5A, 0x6B, 0x5A, 0x6B, 0x5A, 0x6B, 0x59, 0x6B, 
    0xF7, 0x5E, 0xF4, 0x5E, 0xF6, 0x5E, 0xD2, 0x56, 0x6F, 0x4E, 0x8D, 0x52, 0x4D, 0x4E, 0x2C, 0x52, 
    0xF8, 0x62, 0x3A, 0x63, 0x1A, 0x5F, 0x19, 0x5F, 0xF9, 0x5A, 0xF8, 0x5A, 0xF8, 0x56, 0xF8, 0x5A, 
    0xF9, 0x5A, 0xF8, 0x5A, 0xD9, 0x5A, 0xD8, 0x5A, 0xD8, 0x5A, 0xD8, 0x5E, 0xD8, 0x5A, 0xD7, 0x5A, 
    0xB8, 0x5A, 0xFA, 0x62, 0x1C, 0x63, 0x3C, 0x67, 0x3D, 0x67, 0x7D, 0x6B, 0x7E, 0x6B, 0x9E, 0x6F, 
    0xBF, 0x73, 0xDF, 0x77, 0xDF, 0x77, 0xDF, 0x7B, 0xDF, 0x7B, 0xDF, 0x7B, 0xDF, 0x7B, 0xDF, 0x7B, 
    0xBF, 0x73, 0x9E, 0x6F, 0x5D, 0x67, 0x3C, 0x67, 0x1C, 0x63, 0x1B, 0x5F, 0xFB, 0x5A, 0xFA, 0x5E, 
    0x12, 0x3E, 0x34, 0x3E, 0x54, 0x3E, 0x55, 0x3E, 0x76, 0x42, 0x56, 0x3E, 0x53, 0x3E, 0x33, 0x3A, 
    0x30, 0x3A, 0xEC, 0x35, 0xC8, 0x31, 0xA8, 0x2D, 0xC8, 0x31, 0xC9, 0x31, 0xE9, 0x35, 0xEB, 0x31, 
    0x0C, 0x36, 0x0E, 0x3A, 0x2F, 0x3E, 0x53, 0x42, 0x95, 0x42, 0x96, 0x42, 0x96, 0x46, 0x74, 0x42, 
    0x71, 0x46, 0x70, 0x46, 0x6F, 0x42, 0x4F, 0x42, 0x4F, 0x42, 0x72, 0x46, 0x96, 0x4A, 0x97, 0x4A, 
    0x95, 0x4A, 0xB7, 0x4E, 0xD8, 0x52, 0xFA, 0x52, 0xFA, 0x52, 0x1C, 0x57, 0x3C, 0x5B, 0x3D, 0x5B, 
    0x5D, 0x5F, 0x1C, 0x57, 0xD9, 0x52, 0xB9, 0x4A, 0xD9, 0x4E, 0xFB, 0x52, 0x1C, 0x5B, 0x1C, 0x5B, 
    0x3C, 0x5B, 0x1C, 0x57, 0xFA, 0x56, 0xB8, 0x4E, 0x97, 0x4E, 0x76, 0x4A, 0x74, 0x4A, 0x31, 0x46, 
    0x2F, 0x46, 0x52, 0x4A, 0x95, 0x4E, 0x96, 0x4E, 0x95, 0x4E, 0x72, 0x4A, 0x70, 0x4A, 0x71, 0x4A, 
    0x90, 0x52, 0x92, 0x52, 0xD3, 0x56, 0xB5, 0x52, 0xD4, 0x52, 0xD6, 0x52, 0xD7, 0x56, 0xD7, 0x52, 
    0xD6, 0x52, 0xB3, 0x4E, 0xB1, 0x4E, 0x71, 0x46, 0x6F, 0x46, 0x2D, 0x42, 0x4D, 0x46, 0x6F, 0x46, 
    0x90, 0x4E, 0x91, 0x4E, 0x90, 0x4E, 0x92, 0x4A, 0x94, 0x4A, 0x75, 0x46, 0x73, 0x46, 0x32, 0x42, 
    0x4A, 0x29, 0x85, 0x10, 0xA4, 0x14, 0x64, 0x10, 0x41, 0x0C, 0x6B, 0x2D, 0xB5, 0x52, 0xD3, 0x62, 
    0x11, 0x77, 0x13, 0x73, 0x15, 0x6B, 0x17, 0x63, 0x18, 0x63, 0x1A, 0x5F, 0x1A, 0x63, 0x1A, 0x5F, 
    0x19, 0x5F, 0xFA, 0x5A, 0x1A, 0x5F, 0xDA, 0x56, 0xB9, 0x52, 0xBA, 0x4E, 0xFA, 0x56, 0x1C, 0x57, 
    0x5D, 0x5B, 0x7E, 0x5F, 0x7E, 0x63, 0x7E, 0x5F, 0x5D, 0x5F, 0x5E, 0x5B, 0x7D, 0x5F, 0x5E, 0x5F, 
    0x1C, 0x5B, 0xBA, 0x4E, 0x73, 0x4A, 0x0F, 0x42, 0x73, 0x4E, 0xD9, 0x52, 0x3C, 0x5B, 0x7E, 0x5F, 
    0x9E, 0x67, 0x9E, 0x63, 0x5B, 0x63, 0xF6, 0x62, 0x12, 0x6F, 0xF2, 0x72, 0x6E, 0x5E, 0xAA, 0x41, 
    0xAA, 0x41, 0x08, 0x25, 0xC6, 0x1C, 0xE8, 0x20, 0xE7, 0x20, 0xE8, 0x20, 0x08, 0x25, 0x13, 0x42, 
    0xF9, 0x5A, 0xD9, 0x52, 0xF9, 0x56, 0xFB, 0x56, 0x3C, 0x5B, 0x5D, 0x5F, 0x9E, 0x6B, 0xBE, 0x6F, 
    0xDE, 0x77, 0xDF, 0x7B, 0xFE, 0x7F, 0xFF, 0x7F, 0xFF, 0x7F, 0xFF, 0x7F, 0xFF, 0x7F, 0xFF, 0x7F, 
    0xFE, 0x7F, 0xDF, 0x7B, 0xDE, 0x77, 0xBE, 0x6B, 0x9E, 0x67, 0x5D, 0x5F, 0x3C, 0x5B, 0xFC, 0x56, 
    0xFA, 0x56, 0xDA, 0x52, 0xFA, 0x52, 0xFA, 0x52, 0xFA, 0x56, 0x1B, 0x57, 0x3B, 0x5B, 0x3D, 0x5B, 
    0x5D, 0x5F, 0x3D, 0x5F, 0x3C, 0x5F, 0x3D, 0x5F, 0x3C, 0x5F, 0x1B, 0x57, 0xF9, 0x56, 0xB9, 0x52, 
    0xB7, 0x4E, 0x95, 0x4A, 0x72, 0x4A, 0x50, 0x46, 0x4F, 0x46, 0x2F, 0x42, 0x2F, 0x46, 0x2F, 0x42, 
    0x2F, 0x46, 0x2F, 0x42, 0x4F, 0x46, 0x4F, 0x46, 0x4F, 0x4A, 0x51, 0x4A, 0xB3, 0x56, 0xB3, 0x52, 
    0xB3, 0x56, 0xF6, 0x5A, 0x37, 0x63, 0x38, 0x67, 0x59, 0x6B, 0x5A, 0x67, 0x79, 0x6B, 0x18, 0x63, 
    0xF4, 0x5A, 0xD3, 0x56, 0xB1, 0x52, 0x6E, 0x4A, 0x4B, 0x46, 0x8D, 0x4E, 0x6B, 0x4E, 0x2D, 0x4E, 
    0x17, 0x63, 0x19, 0x5B, 0x18, 0x5F, 0xF8, 0x5A, 0xF7, 0x5A, 0xD7, 0x56, 0xF6, 0x56, 0xD7, 0x56, 
    0xF6, 0x56, 0xD6, 0x56, 0xD6, 0x56, 0xD6, 0x56, 0xD6, 0x5A, 0xD7, 0x56, 0xD7, 0x5A, 0xD7, 0x5A, 
    0xD8, 0x5E, 0xFA, 0x5E, 0x3B, 0x63, 0x3C, 0x63, 0x5D, 0x67, 0x7D, 0x67, 0x9D, 0x6B, 0x9E, 0x6B, 
    0xDE, 0x73, 0xDF, 0x73, 0xFF, 0x77, 0xDF, 0x77, 0xFF, 0x7B, 0xDF, 0x7B, 0xFF, 0x7B, 0xDF, 0x77, 
    0xDE, 0x73, 0x9E, 0x6B, 0x7C, 0x67, 0x3C, 0x63, 0x3B, 0x63, 0x1B, 0x5F, 0x1A, 0x5B, 0xFB, 0x5A, 
    0x13, 0x3E, 0x34, 0x42, 0x35, 0x3E, 0x55, 0x42, 0x56, 0x42, 0x55, 0x42, 0x33, 0x3E, 0x11, 0x3A, 
    0x10, 0x3A, 0xEB, 0x35, 0xA9, 0x2D, 0xC8, 0x31, 0xA9, 0x2D, 0xC8, 0x31, 0xCA, 0x31, 0xEA, 0x35, 
    0xEC, 0x35, 0x0E, 0x3E, 0x2F, 0x3A, 0x73, 0x42, 0x55, 0x42, 0x75, 0x42, 0x55, 0x42, 0x72, 0x46, 
    0x50, 0x42, 0x4F, 0x42, 0x2E, 0x3E, 0x0C, 0x3E, 0x0D, 0x3A, 0x4F, 0x42, 0x95, 0x46, 0xB7, 0x4E, 
    0x77, 0x4A, 0x95, 0x4A, 0x97, 0x4E, 0xD9, 0x52, 0xDA, 0x52, 0xFB, 0x56, 0x1C, 0x5B, 0x3D, 0x5F, 
    0x3D, 0x5B, 0x1C, 0x5B, 0xDA, 0x4E, 0xD9, 0x4E, 0xDA, 0x4E, 0x1C, 0x5B, 0x1D, 0x5B, 0x3D, 0x5F, 
    0x1D, 0x5F, 0x1C, 0x5B, 0xFC, 0x56, 0xD9, 0x52, 0x98, 0x4E, 0x97, 0x4E, 0x76, 0x4A, 0x52, 0x4A, 
    0x30, 0x46, 0x51, 0x4A, 0x74, 0x4A, 0x94, 0x4E, 0x74, 0x4A, 0x71, 0x4A, 0x51, 0x4A, 0x71, 0x4E, 
    0x71, 0x4E, 0x91, 0x52, 0xB3, 0x52, 0xD4, 0x56, 0xB6, 0x52, 0xD6, 0x56, 0xB6, 0x52, 0xD6, 0x56, 
    0xB5, 0x52, 0xB3, 0x52, 0x71, 0x4A, 0x6F, 0x4A, 0x4F, 0x46, 0x4E, 0x46, 0x4E, 0x46, 0x6F, 0x4A, 
    0x71, 0x4E, 0x91, 0x4E, 0x71, 0x4E, 0x91, 0x4E, 0x74, 0x4A, 0x74, 0x4A, 0x53, 0x46, 0x32, 0x42, 
    0x4C, 0x29, 0x85, 0x14, 0x65, 0x10, 0x83, 0x10, 0x64, 0x10, 0xC6, 0x1C, 0x6C, 0x31, 0x70, 0x5A, 
    0xF0, 0x72, 0xF1, 0x76, 0x15, 0x6F, 0x17, 0x67, 0xF8, 0x62, 0xFA, 0x5E, 0xFB, 0x5E, 0x1B, 0x63, 
    0xFA, 0x5A, 0xFA, 0x5A, 0xDA, 0x56, 0xB9, 0x52, 0x99, 0x4E, 0xB9, 0x52, 0xDB, 0x52, 0x1C, 0x5B, 
    0x1D, 0x5B, 0x5D, 0x5F, 0x7E, 0x5F, 0x5E, 0x5F, 0x3E, 0x5B, 0x3D, 0x5F, 0x3E, 0x5B, 0x5D, 0x5F, 
    0x1D, 0x57, 0xB9, 0x52, 0x54, 0x46, 0x0E, 0x46, 0x52, 0x4A, 0xD8, 0x56, 0xFC, 0x5A, 0x5D, 0x63, 
    0x7E, 0x63, 0x7E, 0x67, 0x5D, 0x63, 0xF5, 0x66, 0xD2, 0x6E, 0xCF, 0x6E, 0xCB, 0x49, 0x2D, 0x52, 
    0x0E, 0x52, 0x6A, 0x39, 0xC7, 0x20, 0xE7, 0x24, 0xE7, 0x20, 0xE7, 0x20, 0x09, 0x25, 0x53, 0x4A, 
    0xDA, 0x5A, 0xD9, 0x56, 0xDA, 0x52, 0x1B, 0x5B, 0x1C, 0x5B, 0x5D, 0x63, 0x9F, 0x67, 0xDE, 0x73, 
    0xDF, 0x77, 0xFE, 0x7F, 0xDF, 0x7F, 0xFF, 0x7F, 0xFF, 0x7F, 0xFF, 0x7F, 0xFF, 0x7F, 0xFF, 0x7F, 
    0xDF, 0x7B, 0xFF, 0x7B, 0xBF, 0x73, 0xBE, 0x6B, 0x7E, 0x63, 0x5D, 0x5F, 0x1D, 0x5B, 0x1C, 0x5B, 
    0xFB, 0x56, 0xFA, 0x56, 0xDB, 0x52, 0x1B, 0x57, 0x1C, 0x57, 0x3C, 0x5B, 0x1D, 0x5B, 0x3D, 0x5F, 
    0x3D, 0x5F, 0x5D, 0x63, 0x3D, 0x5F, 0x3D, 0x5F, 0x1D, 0x5B, 0x1B, 0x5B, 0xDA, 0x56, 0xD8, 0x52, 
    0x98, 0x4E, 0x95, 0x4A, 0x52, 0x46, 0x2F, 0x46, 0x10, 0x42, 0x2F, 0x46, 0x0E, 0x3E, 0x0D, 0x42, 
    0xEE, 0x3D, 0x0E, 0x42, 0x2F, 0x46, 0x2E, 0x4A, 0x30, 0x4A, 0x71, 0x4E, 0x93, 0x52, 0xB3, 0x56, 
    0xB4, 0x56, 0xF5, 0x5E, 0x17, 0x5F, 0x38, 0x67, 0x39, 0x67, 0x59, 0x6B, 0x5A, 0x67, 0x17, 0x63, 
    0xB3, 0x56, 0xB1, 0x52, 0x6F, 0x4A, 0x2C, 0x42, 0xEA, 0x3D, 0x8D, 0x52, 0x4C, 0x4E, 0x4D, 0x52, 
    0xD6, 0x5E, 0x17, 0x5F, 0xF7, 0x5A, 0xF6, 0x5A, 0xD6, 0x56, 0xD5, 0x56, 0xB6, 0x56, 0xD5, 0x56, 
    0xB5, 0x52, 0xB4, 0x56, 0xB5, 0x52, 0xB5, 0x56, 0xB6, 0x56, 0xD6, 0x5A, 0xB8, 0x5A, 0xD7, 0x5E, 
    0xD8, 0x5A, 0x1A, 0x63, 0x1C, 0x63, 0x3C, 0x67, 0x5D, 0x67, 0x7D, 0x6B, 0x7E, 0x6B, 0x9E, 0x6F, 
    0xBF, 0x6F, 0xDF, 0x77, 0xDF, 0x77, 0xFF, 0x7B, 0xDF, 0x7B, 0xFF, 0x7B, 0xDF, 0x7B, 0xDF, 0x7B, 
    0xBF, 0x73, 0x9E, 0x6F, 0x5D, 0x67, 0x5C, 0x67, 0x1C, 0x5F, 0x1B, 0x5F, 0xFB, 0x5A, 0xFA, 0x5E, 
    0x12, 0x3E, 0x35, 0x3E, 0x34, 0x3E, 0x34, 0x3E, 0x54, 0x42, 0x35, 0x3E, 0x31, 0x3A, 0xEE, 0x35, 
    0xED, 0x39, 0xCA, 0x31, 0xC8, 0x31, 0xA8, 0x2D, 0xC8, 0x31, 0xC9, 0x31, 0xEA, 0x35, 0xEB, 0x35, 
    0xEB, 0x35, 0xED, 0x35, 0x2E, 0x3A, 0x53, 0x3E, 0x74, 0x42, 0x55, 0x42, 0x52, 0x42, 0x51, 0x42, 
    0x4F, 0x42, 0x2E, 0x3E, 0x0C, 0x3A, 0xEC, 0x35, 0xEC, 0x35, 0x0E, 0x3A, 0x73, 0x46, 0x98, 0x4A, 
    0x97, 0x4A, 0x75, 0x46, 0x94, 0x4A, 0x97, 0x4A, 0xD9, 0x52, 0xDB, 0x52, 0x1B, 0x5B, 0x1C, 0x57, 
    0x3C, 0x5B, 0x1C, 0x57, 0xDA, 0x52, 0xDA, 0x4E, 0xFA, 0x52, 0x1D, 0x5B, 0x5D, 0x5F, 0x3E, 0x5F, 
    0x5D, 0x63, 0x1D, 0x5B, 0x1B, 0x5B, 0xDA, 0x52, 0xB8, 0x52, 0x98, 0x4E, 0x96, 0x4A, 0x54, 0x46, 
    0x51, 0x4A, 0x52, 0x4A, 0x72, 0x4A, 0x73, 0x4A, 0x73, 0x4E, 0x51, 0x4A, 0x71, 0x4A, 0x72, 0x4E, 
    0x91, 0x4E, 0x92, 0x4E, 0xB2, 0x52, 0xB4, 0x52, 0xB5, 0x52, 0xB5, 0x52, 0xD4, 0x56, 0xB5, 0x52, 
    0xD4, 0x52, 0x93, 0x4E, 0x90, 0x4A, 0x70, 0x46, 0x6F, 0x4A, 0x4F, 0x46, 0x6E, 0x46, 0x70, 0x4A, 
    0x90, 0x4E, 0x91, 0x4E, 0x90, 0x4E, 0x72, 0x4A, 0x93, 0x4A, 0x74, 0x46, 0x73, 0x46, 0x32, 0x42, 
    0x6B, 0x29, 0x85, 0x14, 0x84, 0x10, 0x64, 0x0C, 0x83, 0x10, 0x84, 0x14, 0x42, 0x08, 0x89, 0x39, 
    0xCE, 0x72, 0xF0, 0x72, 0x14, 0x6F, 0x18, 0x67, 0x18, 0x63, 0xFA, 0x5A, 0x1B, 0x5F, 0xFC, 0x5A, 
    0xFA, 0x5A, 0xBA, 0x52, 0xB8, 0x52, 0x98, 0x4A, 0x98, 0x4A, 0xB9, 0x4E, 0xFA, 0x56, 0x1C, 0x57, 
    0x3C, 0x5B, 0x3D, 0x5B, 0x5D, 0x5F, 0x3E, 0x5B, 0x3C, 0x5B, 0x3D, 0x5B, 0x3C, 0x5B, 0x3D, 0x5B, 
    0x1C, 0x5B, 0xBA, 0x4E, 0x74, 0x4A, 0xEE, 0x41, 0x50, 0x4A, 0xB8, 0x52, 0x1B, 0x5B, 0x3D, 0x5B, 
    0x7D, 0x63, 0x7E, 0x63, 0x7C, 0x63, 0xF5, 0x62, 0xD0, 0x6E, 0x8F, 0x6A, 0x68, 0x3D, 0xED, 0x49, 
    0x91, 0x62, 0x0D, 0x4E, 0xE7, 0x20, 0xE8, 0x20, 0xE7, 0x24, 0xE7, 0x20, 0x29, 0x29, 0x54, 0x4A, 
    0xF9, 0x5A, 0xD8, 0x52, 0xF9, 0x56, 0xFB, 0x56, 0x3C, 0x5B, 0x5D, 0x5F, 0x9E, 0x6B, 0xBF, 0x73, 
    0xDE, 0x7B, 0xDF, 0x7B, 0xFE, 0x7F, 0xFF, 0x7F, 0xFF, 0x7F, 0xFF, 0x7F, 0xFF, 0x7F, 0xFF, 0x7B, 
    0xFE, 0x7F, 0xDF, 0x77, 0xBE, 0x73, 0x9E, 0x67, 0x7D, 0x63, 0x3D, 0x5F, 0x3C, 0x5F, 0x1C, 0x57, 
    0xFB, 0x56, 0xFB, 0x56, 0x1B, 0x57, 0x1D, 0x5B, 0x3C, 0x5B, 0x3D, 0x5B, 0x5D, 0x5F, 0x3D, 0x5F, 
    0x5D, 0x5F, 0x3D, 0x5F, 0x5D, 0x5F, 0x3D, 0x5B, 0x1C, 0x5B, 0xFB, 0x56, 0xFA, 0x56, 0xB9, 0x4E, 
    0xB7, 0x4E, 0x75, 0x4A, 0x51, 0x46, 0x10, 0x42, 0x2F, 0x42, 0x0F, 0x3E, 0x0E, 0x3E, 0xEE, 0x39, 
    0xED, 0x3D, 0x0E, 0x42, 0x2E, 0x46, 0x2F, 0x46, 0x4F, 0x4A, 0x72, 0x4E, 0x93, 0x56, 0x93, 0x52, 
    0xB3, 0x56, 0xD5, 0x5A, 0xF6, 0x5E, 0x17, 0x5F, 0x38, 0x67, 0x39, 0x67, 0x38, 0x67, 0x17, 0x63, 
    0xF3, 0x5A, 0x92, 0x52, 0x6E, 0x4A, 0xEA, 0x39, 0x09, 0x3E, 0x8D, 0x52, 0x6C, 0x52, 0x4E, 0x4E, 
    0xD3, 0x5A, 0xD5, 0x5A, 0xF5, 0x5A, 0xD5, 0x56, 0xD5, 0x5A, 0xD5, 0x56, 0xD4, 0x56, 0xB4, 0x52, 
    0xB2, 0x52, 0x93, 0x4E, 0xB3, 0x52, 0x94, 0x52, 0xB5, 0x56, 0xB7, 0x56, 0xD7, 0x5E, 0xD8, 0x5A, 
    0xD8, 0x5E, 0xFA, 0x5E, 0x3B, 0x63, 0x3C, 0x63, 0x5D, 0x67, 0x5E, 0x67, 0x9E, 0x6B, 0x9E, 0x6B, 
    0xBE, 0x73, 0xDF, 0x73, 0xFF, 0x77, 0xDF, 0x77, 0xFF, 0x7B, 0xDF, 0x77, 0xFF, 0x7B, 0xDF, 0x77, 
    0xDE, 0x73, 0x9E, 0x6B, 0x7D, 0x67, 0x3C, 0x63, 0x3B, 0x63, 0x1B, 0x5F, 0xFA, 0x5A, 0xFB, 0x5A, 
    0xF2, 0x3D, 0x33, 0x42, 0x13, 0x3E, 0x32, 0x3E, 0x13, 0x3E, 0x11, 0x3E, 0xEF, 0x39, 0xCC, 0x35, 
    0xCC, 0x35, 0xC9, 0x31, 0xA8, 0x2D, 0xC8, 0x31, 0xA9, 0x31, 0xC9, 0x35, 0xCB, 0x35, 0xEC, 0x39, 
    0xEC, 0x35, 0xEC, 0x39, 0x0E, 0x3A, 0x52, 0x42, 0x55, 0x42, 0x53, 0x42, 0x31, 0x3E, 0x2F, 0x42, 
    0x2F, 0x3E, 0x2E, 0x3E, 0xED, 0x39, 0xCB, 0x35, 0xCC, 0x35, 0xED, 0x39, 0x31, 0x3E, 0x96, 0x4A, 
    0x77, 0x46, 0x54, 0x46, 0x33, 0x42, 0x74, 0x4A, 0xB9, 0x4E, 0xDA, 0x52, 0xDB, 0x56, 0x1C, 0x5B, 
    0x1C, 0x5B, 0xFB, 0x56, 0xBA, 0x4E, 0xD9, 0x52, 0xFC, 0x56, 0x3D, 0x5F, 0x3E, 0x63, 0x5E, 0x63, 
    0x3E, 0x5F, 0x1D, 0x5F, 0xFC, 0x56, 0xDA, 0x56, 0xBA, 0x52, 0xB8, 0x52, 0x97, 0x4A, 0x75, 0x4A, 
    0x54, 0x46, 0x53, 0x4A, 0x53, 0x46, 0x72, 0x4A, 0x52, 0x4A, 0x71, 0x4A, 0x52, 0x4A, 0x93, 0x52, 
    0x72, 0x4E, 0x91, 0x52, 0x93, 0x52, 0xB4, 0x56, 0xB5, 0x52, 0xB4, 0x56, 0x93, 0x52, 0xB3, 0x52, 
    0x93, 0x52, 0x92, 0x52, 0x71, 0x4A, 0x90, 0x4E, 0x71, 0x4A, 0x70, 0x4A, 0x50, 0x4A, 0x70, 0x4E, 
    0x71, 0x4E, 0x91, 0x4E, 0x71, 0x4A, 0x71, 0x4E, 0x73, 0x4A, 0x74, 0x4A, 0x74, 0x46, 0x53, 0x46, 
    0x6D, 0x2D, 0xA6, 0x18, 0x65, 0x10, 0x63, 0x10, 0x64, 0x10, 0xA5, 0x18, 0x64, 0x10, 0xE5, 0x24, 
    0x6D, 0x66, 0xEF, 0x76, 0xF4, 0x72, 0x17, 0x6B, 0xF9, 0x62, 0xF9, 0x5E, 0xDB, 0x5A, 0xFC, 0x5A, 
    0xDB, 0x56, 0xB9, 0x52, 0x78, 0x4A, 0x77, 0x4A, 0x78, 0x4A, 0xB9, 0x52, 0xDB, 0x56, 0x1C, 0x5B, 
    0x1D, 0x5B, 0x3D, 0x5F, 0x3E, 0x5B, 0x3D, 0x5F, 0x1D, 0x5B, 0x1C, 0x5B, 0x1D, 0x57, 0x1C, 0x5B, 
    0xFC, 0x56, 0xBA, 0x52, 0x54, 0x46, 0xED, 0x41, 0x10, 0x4A, 0xB7, 0x56, 0xDB, 0x56, 0x1C, 0x5F, 
    0x3E, 0x5F, 0x7E, 0x63, 0x7E, 0x63, 0xF5, 0x66, 0xAF, 0x6E, 0x6D, 0x66, 0x27, 0x35, 0x07, 0x31, 
    0x2F, 0x56, 0x0D, 0x4E, 0xC7, 0x1C, 0x07, 0x25, 0xE8, 0x20, 0xE7, 0x20, 0x2A, 0x29, 0x74, 0x52, 
    0xD9, 0x56, 0xD8, 0x56, 0xD9, 0x52, 0xFA, 0x5A, 0x1C, 0x5B, 0x5D, 0x63, 0x9F, 0x6B, 0xBE, 0x73, 
    0xDF, 0x77, 0xFF, 0x7F, 0xDF, 0x7F, 0xFF, 0x7F, 0xDF, 0x7F, 0xFF, 0x7F, 0xDF, 0x7F, 0xFF, 0x7F, 
    0xDF, 0x7B, 0xDF, 0x77, 0x9F, 0x6F, 0x9E, 0x6B, 0x5E, 0x63, 0x5D, 0x5F, 0x3D, 0x5B, 0x1C, 0x5B, 
    0xFC, 0x56, 0x1C, 0x5B, 0x1D, 0x5B, 0x3D, 0x5F, 0x3E, 0x5F, 0x5D, 0x63, 0x3E, 0x5F, 0x5D, 0x63, 
    0x5E, 0x5F, 0x5D, 0x63, 0x3D, 0x5F, 0x3C, 0x5F, 0xFC, 0x5A, 0xFB, 0x5A, 0xDA, 0x56, 0xB8, 0x52, 
    0x97, 0x4A, 0x95, 0x4A, 0x33, 0x46, 0x30, 0x46, 0x10, 0x3E, 0x0F, 0x42, 0xEE, 0x3D, 0xED, 0x3D, 
    0xEE, 0x3D, 0x0D, 0x42, 0x0F, 0x46, 0x2F, 0x46, 0x31, 0x4A, 0x71, 0x52, 0x73, 0x52, 0x93, 0x52, 
    0x94, 0x52, 0xB4, 0x5A, 0xD5, 0x5A, 0xF5, 0x5E, 0xF6, 0x5E, 0x17, 0x67, 0x18, 0x63, 0x37, 0x63, 
    0xF6, 0x5E, 0xD3, 0x56, 0x70, 0x4A, 0xEB, 0x3D, 0x0C, 0x46, 0x8D, 0x56, 0x6E, 0x56, 0x6E, 0x52, 
    0x92, 0x56, 0xB3, 0x56, 0xB4, 0x56, 0xB3, 0x56, 0xB4, 0x52, 0xB3, 0x56, 0x93, 0x52, 0x92, 0x52, 
    0x72, 0x4E, 0x72, 0x4E, 0x73, 0x4E, 0x94, 0x56, 0x96, 0x56, 0xB7, 0x5A, 0xB8, 0x5A, 0xD7, 0x5E, 
    0xD8, 0x5A, 0xF9, 0x62, 0x1B, 0x63, 0x3C, 0x67, 0x3D, 0x67, 0x7D, 0x6B, 0x7E, 0x6B, 0x9E, 0x6F, 
    0xBF, 0x73, 0xDF, 0x77, 0xDF, 0x77, 0xDF, 0x7B, 0xDF, 0x7B, 0xFF, 0x7B, 0xDF, 0x77, 0xDF, 0x77, 
    0xBF, 0x73, 0x9E, 0x6F, 0x5D, 0x67, 0x3C, 0x67, 0x1B, 0x5F, 0x1A, 0x5F, 0xFB, 0x5A, 0xFB, 0x5E, 
    0x10, 0x3A, 0x11, 0x3A, 0x11, 0x3E, 0x12, 0x3A, 0x11, 0x3E, 0xEE, 0x35, 0xEC, 0x35, 0xCB, 0x31, 
    0xCA, 0x31, 0xA9, 0x2D, 0xC8, 0x31, 0xC9, 0x2D, 0xC9, 0x31, 0xCA, 0x31, 0x0C, 0x3A, 0x0F, 0x3A, 
    0x2E, 0x3A, 0x0E, 0x36, 0x2E, 0x3A, 0x32, 0x3E, 0x53, 0x42, 0x31, 0x3E, 0x2E, 0x3E, 0x2F, 0x3A, 
    0x4F, 0x3E, 0x30, 0x3E, 0x2D, 0x3A, 0xEC, 0x31, 0xEB, 0x35, 0xEC, 0x31, 0x2E, 0x3A, 0x73, 0x42, 
    0x95, 0x46, 0x54, 0x42, 0x31, 0x3E, 0x52, 0x3E, 0xB5, 0x4A, 0xB8, 0x4A, 0xD9, 0x52, 0xFB, 0x52, 
    0xFA, 0x56, 0xD9, 0x4E, 0xB8, 0x4A, 0xD9, 0x4E, 0x1B, 0x57, 0x3E, 0x5F, 0x5E, 0x63, 0x5E, 0x63, 
    0x5D, 0x5F, 0x1C, 0x5B, 0x1B, 0x57, 0xDB, 0x52, 0xFA, 0x52, 0xB8, 0x4E, 0xB6, 0x4A, 0x96, 0x46, 
    0x95, 0x4A, 0x75, 0x46, 0x73, 0x46, 0x52, 0x46, 0x71, 0x4A, 0x51, 0x46, 0x71, 0x4A, 0x94, 0x4E, 
    0x91, 0x4E, 0x91, 0x4E, 0xB2, 0x52, 0xB4, 0x52, 0xB4, 0x52, 0xB3, 0x4E, 0xB1, 0x4E, 0x91, 0x4A, 
    0x90, 0x4E, 0x90, 0x4A, 0x90, 0x4E, 0x91, 0x4E, 0xB1, 0x4E, 0x91, 0x4A, 0x90, 0x4A, 0x71, 0x4A, 
    0x91, 0x4E, 0x71, 0x4A, 0x70, 0x4A, 0x70, 0x46, 0x92, 0x4A, 0x74, 0x46, 0x93, 0x4A, 0x74, 0x46, 
    0xCE, 0x35, 0xA6, 0x14, 0xA4, 0x14, 0x63, 0x0C, 0x83, 0x10, 0x85, 0x14, 0x83, 0x10, 0xA5, 0x18, 
    0x4C, 0x5E, 0xCE, 0x72, 0x12, 0x73, 0x17, 0x6B, 0x17, 0x63, 0xF9, 0x5A, 0xFA, 0x56, 0xFB, 0x56, 
    0xFA, 0x56, 0xBA, 0x4E, 0x97, 0x4A, 0x76, 0x46, 0x97, 0x4A, 0xB9, 0x4E, 0xFA, 0x56, 0x1C, 0x57, 
    0x3C, 0x5B, 0x1C, 0x5B, 0x3C, 0x5B, 0x3D, 0x5B, 0x3C, 0x5B, 0x1C, 0x57, 0x1B, 0x57, 0xFC, 0x56, 
    0xFB, 0x56, 0xBA, 0x52, 0x73, 0x4A, 0xED, 0x3D, 0x0E, 0x46, 0x95, 0x52, 0xF9, 0x56, 0x1C, 0x57, 
    0x5C, 0x5F, 0x7E, 0x5F, 0x9D, 0x67, 0xF5, 0x66, 0x8C, 0x6E, 0x2C, 0x56, 0xAA, 0x3D, 0xC6, 0x20, 
    0x48, 0x31, 0x69, 0x35, 0xE6, 0x20, 0xE7, 0x20, 0xE7, 0x20, 0xE7, 0x20, 0x4A, 0x2D, 0x75, 0x4E, 
    0xF8, 0x56, 0xD8, 0x52, 0xF8, 0x52, 0xFA, 0x56, 0x3B, 0x5B, 0x5D, 0x5F, 0x9E, 0x6B, 0xBF, 0x6F, 
    0xDE, 0x77, 0xDF, 0x7B, 0xFE, 0x7F, 0xFF, 0x7B, 0xFF, 0x7F, 0xFF, 0x7B, 0xFE, 0x7B, 0xDF, 0x7B, 
    0xFE, 0x77, 0xDF, 0x73, 0xBE, 0x6F, 0x9E, 0x67, 0x7D, 0x63, 0x5D, 0x5B, 0x5C, 0x5B, 0x1C, 0x57, 
    0x1B, 0x5B, 0x1C, 0x57, 0x3C, 0x5B, 0x5D, 0x5F, 0x5D, 0x63, 0x5E, 0x5F, 0x7D, 0x63, 0x5D, 0x5F, 
    0x7D, 0x63, 0x5D, 0x5F, 0x5C, 0x5F, 0x3C, 0x5B, 0x1B, 0x5B, 0xFB, 0x56, 0xF9, 0x52, 0xB8, 0x4E, 
    0xB7, 0x4E, 0x96, 0x4A, 0x73, 0x4A, 0x30, 0x42, 0x0F, 0x3E, 0x0F, 0x3E, 0x0D, 0x3E, 0xED, 0x39, 
    0xED, 0x3D, 0xED, 0x3D, 0x0D, 0x42, 0x2F, 0x46, 0x50, 0x4A, 0x51, 0x4A, 0x71, 0x4E, 0x72, 0x4E, 
    0x92, 0x52, 0x93, 0x52, 0xB3, 0x56, 0xD4, 0x56, 0xF4, 0x5A, 0x16, 0x5F, 0x16, 0x63, 0x16, 0x5F, 
    0x15, 0x5B, 0xD3, 0x52, 0x8F, 0x4E, 0x2D, 0x42, 0x6D, 0x4E, 0xAF, 0x56, 0xAF, 0x56, 0x8F, 0x52, 
    0xB0, 0x52, 0x92, 0x52, 0xB2, 0x52, 0x92, 0x4E, 0xB1, 0x52, 0x92, 0x4E, 0xB1, 0x52, 0x91, 0x4E, 
    0x90, 0x4E, 0x71, 0x4A, 0x92, 0x4E, 0x95, 0x52, 0xB5, 0x56, 0xD7, 0x5A, 0xF7, 0x5E, 0xD8, 0x5A, 
    0xF8, 0x5A, 0xF9, 0x5E, 0x1A, 0x63, 0x3C, 0x63, 0x5C, 0x67, 0x7E, 0x67, 0x9D, 0x6B, 0x9E, 0x6B, 
    0xDE, 0x73, 0xDF, 0x73, 0xDF, 0x77, 0xDF, 0x77, 0xFF, 0x77, 0xDF, 0x77, 0xFF, 0x77, 0xDF, 0x73, 
    0xBE, 0x73, 0x9E, 0x6B, 0x7C, 0x67, 0x3C, 0x63, 0x1A, 0x5F, 0xFA, 0x5A, 0xFA, 0x5A, 0xFB, 0x5A, 
    0xCE, 0x39, 0xEF, 0x39, 0xF0, 0x39, 0x11, 0x3E, 0xEF, 0x39, 0xEC, 0x39, 0xCC, 0x35, 0xCB, 0x35, 
    0xAA, 0x31, 0xA8, 0x31, 0xA8, 0x31, 0xC8, 0x31, 0xCA, 0x31, 0xCA, 0x35, 0x0E, 0x3A, 0x2F, 0x3E, 
    0x10, 0x3A, 0x30, 0x3E, 0x31, 0x3E, 0x32, 0x3E, 0x33, 0x3E, 0x2F, 0x3E, 0x0F, 0x3A, 0x2F, 0x3E, 
    0x31, 0x3E, 0x53, 0x3E, 0x11, 0x3A, 0x0C, 0x3A, 0xCC, 0x35, 0xEC, 0x35, 0xEE, 0x35, 0x2F, 0x3E, 
    0x73, 0x42, 0x55, 0x46, 0x13, 0x3E, 0x31, 0x3E, 0x53, 0x42, 0x96, 0x4A, 0xB9, 0x4A, 0xD9, 0x4E, 
    0xB9, 0x4E, 0xB7, 0x4A, 0x98, 0x46, 0xD9, 0x52, 0x1C, 0x57, 0x5D, 0x63, 0x5E, 0x63, 0x5E, 0x63, 
    0x3D, 0x5F, 0x1C, 0x5B, 0xFC, 0x56, 0xFA, 0x56, 0xB9, 0x4E, 0xB7, 0x4E, 0x97, 0x4A, 0xB7, 0x4E, 
    0x98, 0x4A, 0x96, 0x4A, 0x55, 0x46, 0x71, 0x4A, 0x51, 0x46, 0x50, 0x4A, 0x51, 0x4A, 0x93, 0x4E, 
    0x92, 0x4E, 0x91, 0x4E, 0x92, 0x4E, 0xB3, 0x52, 0xB4, 0x52, 0xB3, 0x52, 0x91, 0x4E, 0x90, 0x4E, 
    0x70, 0x4A, 0x8F, 0x4A, 0x91, 0x4E, 0xB2, 0x52, 0x93, 0x52, 0x91, 0x52, 0x71, 0x4A, 0x91, 0x4E, 
    0x71, 0x4A, 0x70, 0x4A, 0x50, 0x46, 0x70, 0x4A, 0x72, 0x4A, 0x93, 0x4A, 0x74, 0x46, 0x94, 0x4A, 
    0xF1, 0x3D, 0xA6, 0x18, 0x65, 0x10, 0x63, 0x10, 0x63, 0x10, 0x84, 0x14, 0x63, 0x0C, 0xA5, 0x18, 
    0x2C, 0x56, 0xAC, 0x72, 0xF2, 0x72, 0x16, 0x6F, 0x18, 0x63, 0xF9, 0x5E, 0xDA, 0x56, 0xFB, 0x56, 
    0xDB, 0x56, 0xDA, 0x52, 0x98, 0x4A, 0x97, 0x4A, 0x98, 0x4A, 0xB9, 0x52, 0xDB, 0x56, 0x1B, 0x5B, 
    0xFC, 0x56, 0x1C, 0x5B, 0x1D, 0x5B, 0x1C, 0x5B, 0x1D, 0x57, 0x1C, 0x57, 0xFB, 0x52, 0xFB, 0x56, 
    0xDB, 0x56, 0xDA, 0x56, 0x55, 0x4A, 0xED, 0x41, 0xEE, 0x45, 0x73, 0x52, 0xB8, 0x56, 0xFB, 0x5A, 
    0x1D, 0x5B, 0x7D, 0x63, 0x7E, 0x67, 0xF4, 0x6A, 0x6B, 0x6A, 0x2D, 0x5A, 0x73, 0x56, 0x28, 0x2D, 
    0xC7, 0x1C, 0xE6, 0x24, 0xC6, 0x1C, 0x07, 0x25, 0xE7, 0x20, 0xE6, 0x20, 0x6C, 0x31, 0x95, 0x52, 
    0xD8, 0x56, 0xD7, 0x56, 0xD8, 0x52, 0xFA, 0x56, 0x1C, 0x5B, 0x5D, 0x63, 0x7E, 0x67, 0xBE, 0x6F, 
    0xBF, 0x73, 0xDE, 0x7B, 0xDF, 0x7B, 0xFF, 0x7F, 0xDF, 0x7B, 0xDF, 0x7B, 0xDF, 0x7B, 0xDF, 0x7B, 
    0xBF, 0x77, 0xDF, 0x73, 0x9F, 0x6B, 0x7E, 0x67, 0x5E, 0x5F, 0x5D, 0x5F, 0x3D, 0x5B, 0x3C, 0x5B, 
    0x1D, 0x5B, 0x3C, 0x5B, 0x3D, 0x5F, 0x5D, 0x63, 0x5E, 0x63, 0x7E, 0x63, 0x5E, 0x63, 0x5D, 0x63, 
    0x5E, 0x5F, 0x5D, 0x63, 0x3D, 0x5F, 0x3C, 0x5F, 0xFC, 0x5A, 0xFA, 0x56, 0xDA, 0x52, 0xB8, 0x52, 
    0x98, 0x4E, 0x96, 0x4E, 0x75, 0x4A, 0x51, 0x46, 0x10, 0x3E, 0x0E, 0x3E, 0xEE, 0x3D, 0xED, 0x3D, 
    0xED, 0x3D, 0x0D, 0x42, 0x0E, 0x42, 0x2F, 0x46, 0x31, 0x4A, 0x51, 0x4E, 0x52, 0x4E, 0x72, 0x52, 
    0x73, 0x52, 0x92, 0x52, 0x93, 0x52, 0xB3, 0x56, 0xB3, 0x56, 0xF4, 0x5A, 0xF6, 0x5E, 0x15, 0x5F, 
    0xD5, 0x56, 0xB2, 0x56, 0x71, 0x4E, 0x8F, 0x4E, 0x90, 0x52, 0xAF, 0x5A, 0x8F, 0x56, 0x8F, 0x56, 
    0x90, 0x4E, 0x91, 0x52, 0x92, 0x4E, 0x91, 0x52, 0x91, 0x4E, 0x91, 0x52, 0x91, 0x4E, 0x90, 0x4E, 
    0x50, 0x4A, 0x70, 0x4E, 0x73, 0x4E, 0xB5, 0x56, 0xB7, 0x56, 0xF8, 0x5E, 0xF9, 0x5E, 0xF8, 0x5E, 
    0xD9, 0x5E, 0xFA, 0x5E, 0x1B, 0x5F, 0x3B, 0x63, 0x3D, 0x67, 0x7D, 0x6B, 0x7E, 0x6B, 0xBE, 0x6F, 
    0xBF, 0x73, 0xDF, 0x77, 0xDF, 0x73, 0xDF, 0x77, 0xDF, 0x77, 0xDF, 0x77, 0xBF, 0x73, 0xDF, 0x73, 
    0x9F, 0x6F, 0x9D, 0x6B, 0x5D, 0x67, 0x3B, 0x63, 0xFA, 0x5A, 0xF9, 0x5A, 0xFA, 0x5A, 0xFB, 0x5E, 
    0xCC, 0x35, 0xCD, 0x39, 0xEE, 0x3D, 0x10, 0x3E, 0xEE, 0x3D, 0xCB, 0x35, 0xCA, 0x35, 0xAA, 0x31, 
    0xA8, 0x31, 0xA8, 0x2D, 0xA7, 0x31, 0xA8, 0x31, 0xC9, 0x31, 0xCA, 0x31, 0x0C, 0x3A, 0x0F, 0x3A, 
    0x30, 0x3E, 0x32, 0x3E, 0x52, 0x42, 0x33, 0x3E, 0x31, 0x3E, 0x10, 0x3A, 0x30, 0x3E, 0x11, 0x3A, 
    0x32, 0x3E, 0x35, 0x3E, 0x53, 0x3E, 0xED, 0x35, 0xCA, 0x31, 0xCA, 0x31, 0xEB, 0x35, 0xEC, 0x35, 
    0x2E, 0x3A, 0x54, 0x3E, 0x74, 0x42, 0x53, 0x3E, 0x72, 0x42, 0x75, 0x42, 0xB6, 0x46, 0x96, 0x46, 
    0x95, 0x46, 0x95, 0x42, 0xB7, 0x4A, 0xDA, 0x4E, 0x1C, 0x5B, 0x3E, 0x5F, 0x5D, 0x63, 0x3E, 0x5F, 
    0x3D, 0x5F, 0x1C, 0x57, 0xFA, 0x56, 0xB9, 0x4E, 0xB7, 0x4E, 0x98, 0x4A, 0xB8, 0x4E, 0xB8, 0x4E, 
    0xB8, 0x4E, 0x97, 0x4A, 0x75, 0x4A, 0x52, 0x46, 0x70, 0x4A, 0x50, 0x46, 0x70, 0x4A, 0x73, 0x4E, 
    0x91, 0x4E, 0x71, 0x4E, 0x90, 0x4E, 0x92, 0x4E, 0xB2, 0x52, 0x92, 0x4E, 0x91, 0x4E, 0x71, 0x4A, 
    0x8F, 0x4A, 0x70, 0x4A, 0xB1, 0x4E, 0xB3, 0x52, 0xD3, 0x56, 0x92, 0x52, 0x91, 0x4E, 0x71, 0x4A, 
    0x91, 0x4E, 0x71, 0x46, 0x70, 0x4A, 0x71, 0x46, 0x91, 0x4A, 0x73, 0x4A, 0x94, 0x4A, 0x95, 0x4A, 
    0x53, 0x46, 0xE8, 0x1C, 0x64, 0x10, 0x43, 0x0C, 0x63, 0x10, 0x84, 0x10, 0x62, 0x0C, 0xA5, 0x18, 
    0x0B, 0x52, 0x6C, 0x66, 0xF0, 0x72, 0x15, 0x6B, 0x17, 0x67, 0xF8, 0x5E, 0xD9, 0x56, 0xDB, 0x52, 
    0xFB, 0x56, 0xDB, 0x52, 0xD9, 0x4E, 0x98, 0x4A, 0xB8, 0x4E, 0xB9, 0x4E, 0xFA, 0x56, 0xFC, 0x56, 
    0x1C, 0x5B, 0x1C, 0x57, 0x1C, 0x5B, 0x1C, 0x57, 0x1C, 0x57, 0xFB, 0x52, 0xFA, 0x52, 0xDA, 0x52, 
    0xDA, 0x52, 0xBA, 0x52, 0x95, 0x4E, 0x0F, 0x42, 0x0D, 0x46, 0x52, 0x4E, 0xD7, 0x5A, 0xFA, 0x5A, 
    0x3C, 0x5B, 0x5E, 0x5F, 0x7D, 0x67, 0xF4, 0x66, 0x8A, 0x6E, 0x2E, 0x56, 0x71, 0x56, 0x29, 0x2D, 
    0x84, 0x18, 0xA5, 0x18, 0xC5, 0x1C, 0xE8, 0x20, 0xE6, 0x20, 0xC7, 0x1C, 0x8C, 0x35, 0x96, 0x52, 
    0xF8, 0x5A, 0xD8, 0x52, 0xD8, 0x52, 0xFA, 0x52, 0x1B, 0x5B, 0x3D, 0x5F, 0x7D, 0x67, 0x9E, 0x6B, 
    0xBE, 0x73, 0xDF, 0x77, 0xDE, 0x7B, 0xDF, 0x77, 0xDE, 0x7B, 0xDF, 0x77, 0xDE, 0x77, 0xBF, 0x73, 
    0xDE, 0x73, 0xBF, 0x6F, 0x9E, 0x6B, 0x7E, 0x63, 0x5D, 0x5F, 0x5D, 0x5B, 0x3C, 0x5F, 0x1C, 0x5B, 
    0x3C, 0x5B, 0x3D, 0x5B, 0x5D, 0x5F, 0x7E, 0x63, 0x9E, 0x67, 0x7E, 0x63, 0x7E, 0x63, 0x5E, 0x63, 
    0x7D, 0x63, 0x5E, 0x63, 0x5D, 0x63, 0x3D, 0x5B, 0x1B, 0x5B, 0xDA, 0x52, 0xD9, 0x52, 0xB9, 0x4E, 
    0xB8, 0x52, 0x97, 0x4E, 0x96, 0x4E, 0x53, 0x46, 0x30, 0x42, 0xEF, 0x3D, 0xED, 0x3D, 0xED, 0x3D, 
    0xED, 0x3D, 0xEE, 0x3D, 0x0E, 0x46, 0x2F, 0x46, 0x50, 0x4A, 0x51, 0x4A, 0x71, 0x4E, 0x72, 0x4E, 
    0x92, 0x52, 0x72, 0x4E, 0x92, 0x52, 0x92, 0x52, 0xB2, 0x52, 0xB3, 0x56, 0xF4, 0x5A, 0xD5, 0x5A, 
    0xD3, 0x56, 0x92, 0x4E, 0x90, 0x4E, 0x4F, 0x4A, 0x8F, 0x52, 0x6E, 0x52, 0x8E, 0x52, 0x8F, 0x52, 
    0x8F, 0x52, 0x71, 0x4E, 0x90, 0x4E, 0x71, 0x4E, 0x90, 0x52, 0x91, 0x4E, 0x90, 0x4E, 0x70, 0x4A, 
    0x6F, 0x4E, 0x71, 0x4A, 0x93, 0x52, 0xB6, 0x56, 0xF8, 0x5A, 0xFA, 0x5E, 0x19, 0x63, 0xFA, 0x5E, 
    0x19, 0x5F, 0xFA, 0x5E, 0x1A, 0x63, 0x1C, 0x63, 0x5C, 0x67, 0x5D, 0x67, 0x9E, 0x6B, 0x9F, 0x6F, 
    0xBE, 0x73, 0xBF, 0x73, 0xDF, 0x77, 0xBF, 0x73, 0xDE, 0x73, 0xBF, 0x73, 0xDE, 0x73, 0xBF, 0x6F, 
    0x9E, 0x6F, 0x7E, 0x67, 0x5C, 0x67, 0x1B, 0x5F, 0x19, 0x5B, 0xD9, 0x56, 0xF9, 0x5A, 0xFB, 0x5A, 
    0xCE, 0x39, 0xCE, 0x39, 0xCD, 0x39, 0xEE, 0x3D, 0xCD, 0x39, 0xC9, 0x35, 0xA9, 0x31, 0xA8, 0x35, 
    0x88, 0x31, 0xA7, 0x31, 0x88, 0x2D, 0xA8, 0x31, 0xA9, 0x31, 0xCA, 0x35, 0xEC, 0x39, 0x0D, 0x3E, 
    0x10, 0x3E, 0x32, 0x42, 0x34, 0x3E, 0x53, 0x42, 0x12, 0x3E, 0x11, 0x3E, 0x12, 0x3A, 0x31, 0x3E, 
    0x34, 0x3E, 0x35, 0x42, 0x34, 0x3E, 0x0E, 0x3A, 0xAA, 0x31, 0xC9, 0x31, 0xCB, 0x31, 0xEB, 0x35, 
    0xEE, 0x39, 0x52, 0x42, 0x76, 0x42, 0x96, 0x4A, 0x75, 0x46, 0x74, 0x46, 0x73, 0x42, 0x51, 0x3E, 
    0x10, 0x3A, 0x73, 0x42, 0x97, 0x46, 0xD9, 0x52, 0xFC, 0x5A, 0x3D, 0x5F, 0x3D, 0x5F, 0x3D, 0x5F, 
    0x1D, 0x5B, 0xFB, 0x5A, 0xB9, 0x52, 0x96, 0x4E, 0x97, 0x4A, 0xB8, 0x4E, 0xB9, 0x4E, 0xB9, 0x52, 
    0xB9, 0x52, 0x98, 0x4E, 0x76, 0x4A, 0x73, 0x4A, 0x51, 0x46, 0x50, 0x4A, 0x51, 0x46, 0x71, 0x4E, 
    0x71, 0x4E, 0x90, 0x4E, 0x71, 0x4E, 0x90, 0x4E, 0x71, 0x4E, 0x91, 0x4E, 0x72, 0x4E, 0x91, 0x4E, 
    0x70, 0x4A, 0x70, 0x4E, 0x92, 0x4E, 0xD4, 0x56, 0xB4, 0x56, 0xB3, 0x56, 0x93, 0x4E, 0x92, 0x4E, 
    0x72, 0x4A, 0x71, 0x4A, 0x51, 0x46, 0x71, 0x4A, 0x72, 0x4A, 0x93, 0x4E, 0x75, 0x4A, 0x96, 0x4E, 
    0x75, 0x4E, 0x2A, 0x29, 0x65, 0x10, 0x63, 0x10, 0x43, 0x0C, 0x84, 0x14, 0x43, 0x0C, 0x63, 0x10, 
    0xAA, 0x45, 0x8D, 0x6A, 0x8F, 0x6A, 0x14, 0x73, 0x17, 0x6B, 0xF8, 0x62, 0xDA, 0x56, 0xDA, 0x56, 
    0xDB, 0x56, 0xFB, 0x56, 0xDB, 0x52, 0xD9, 0x52, 0xBA, 0x4E, 0xDA, 0x52, 0xDB, 0x56, 0xFC, 0x5A, 
    0xFC, 0x56, 0x1C, 0x5B, 0xFC, 0x56, 0x1C, 0x57, 0xFC, 0x56, 0xFB, 0x56, 0xBA, 0x52, 0xD9, 0x52, 
    0xBA, 0x52, 0xD9, 0x52, 0x77, 0x4E, 0x31, 0x4A, 0xEE, 0x41, 0x30, 0x4E, 0x97, 0x56, 0xDA, 0x5A, 
    0xFC, 0x5A, 0x3D, 0x5F, 0x3D, 0x5F, 0xD2, 0x6A, 0x6A, 0x6A, 0x0C, 0x52, 0x0F, 0x4E, 0x07, 0x29, 
    0x64, 0x14, 0xA5, 0x1C, 0xA6, 0x18, 0xE7, 0x20, 0xC7, 0x20, 0xE7, 0x24, 0xAF, 0x3D, 0xD7, 0x5E, 
    0xD9, 0x5A, 0xD7, 0x56, 0xB8, 0x52, 0xF9, 0x56, 0xFB, 0x56, 0x3C, 0x5F, 0x5E, 0x5F, 0x9E, 0x67, 
    0x9F, 0x6B, 0xBF, 0x73, 0xBF, 0x73, 0xDE, 0x77, 0xBF, 0x73, 0xBE, 0x77, 0xBF, 0x73, 0xBE, 0x73, 
    0x9F, 0x73, 0xBE, 0x6F, 0x7E, 0x67, 0x7D, 0x63, 0x3E, 0x5F, 0x3D, 0x5F, 0x1D, 0x5B, 0x3C, 0x5F, 
    0x1D, 0x5B, 0x3D, 0x5F, 0x5E, 0x63, 0x9E, 0x67, 0x7F, 0x67, 0x9E, 0x6B, 0x7F, 0x67, 0x7E, 0x67, 
    0x7F, 0x67, 0x7E, 0x67, 0x5E, 0x63, 0x3D, 0x5F, 0xFC, 0x5A, 0xD9, 0x56, 0xB9, 0x52, 0xB8, 0x52, 
    0x99, 0x4E, 0xB8, 0x52, 0x97, 0x4E, 0x74, 0x4A, 0x31, 0x42, 0x0F, 0x42, 0xEE, 0x3D, 0xED, 0x3D, 
    0xEE, 0x3D, 0x0E, 0x42, 0x0F, 0x42, 0x2F, 0x4A, 0x31, 0x4A, 0x51, 0x4E, 0x52, 0x4E, 0x72, 0x52, 
    0x73, 0x4E, 0x72, 0x52, 0x72, 0x4E, 0x92, 0x52, 0x72, 0x4E, 0x92, 0x52, 0x93, 0x52, 0xB3, 0x56, 
    0x93, 0x52, 0x91, 0x4E, 0x4F, 0x46, 0x4E, 0x4A, 0x4E, 0x4E, 0x4C, 0x4E, 0x6E, 0x4E, 0x8E, 0x52, 
    0x70, 0x4E, 0x70, 0x52, 0x71, 0x4E, 0x70, 0x4E, 0x70, 0x4E, 0x70, 0x4E, 0x70, 0x4E, 0x6F, 0x4E, 
    0x50, 0x4A, 0x71, 0x4E, 0xB5, 0x56, 0xF8, 0x5E, 0xFA, 0x5E, 0x3B, 0x67, 0x1B, 0x63, 0x1A, 0x63, 
    0xFB, 0x5E, 0x1A, 0x63, 0x1B, 0x63, 0x3B, 0x63, 0x3D, 0x63, 0x5D, 0x6B, 0x7E, 0x6B, 0x9E, 0x6F, 
    0x9F, 0x6F, 0xBF, 0x73, 0x9F, 0x73, 0xBE, 0x73, 0x9F, 0x73, 0xBF, 0x73, 0x9F, 0x6F, 0x9E, 0x6F, 
    0x7E, 0x6B, 0x7D, 0x6B, 0x3C, 0x63, 0x1A, 0x63, 0xD9, 0x5A, 0xF8, 0x5A, 0xDA, 0x5A, 0xFB, 0x5E, 
    0x0E, 0x3E, 0x10, 0x3E, 0xEC, 0x39, 0xCB, 0x35, 0xC9, 0x35, 0xA8, 0x31, 0xA7, 0x31, 0xA8, 0x31, 
    0xA7, 0x31, 0xA7, 0x2D, 0xA7, 0x31, 0xA8, 0x31, 0xC8, 0x31, 0xC9, 0x31, 0xEA, 0x35, 0xEB, 0x35, 
    0x2E, 0x3E, 0x30, 0x3A, 0x52, 0x3E, 0x32, 0x3E, 0x30, 0x3E, 0x11, 0x3A, 0x31, 0x3A, 0x33, 0x3A, 
    0x32, 0x3E, 0x34, 0x3E, 0x53, 0x3E, 0x0F, 0x36, 0xC9, 0x31, 0xA9, 0x2D, 0xC9, 0x31, 0xCB, 0x31, 
    0x2E, 0x3A, 0x53, 0x3E, 0x96, 0x46, 0x97, 0x4A, 0xB7, 0x4A, 0x96, 0x46, 0x73, 0x42, 0x0F, 0x3A, 
    0x0D, 0x3A, 0x52, 0x3E, 0xB6, 0x4A, 0xD9, 0x4E, 0x1B, 0x5B, 0x1C, 0x5B, 0x3C, 0x5B, 0x1C, 0x5B, 
    0x1B, 0x5B, 0xDA, 0x52, 0xB7, 0x4E, 0x75, 0x46, 0x96, 0x4A, 0xB8, 0x4E, 0xD8, 0x4E, 0xB9, 0x4E, 
    0xD9, 0x52, 0xB8, 0x4E, 0x96, 0x4A, 0x74, 0x46, 0x71, 0x4A, 0x51, 0x46, 0x70, 0x4A, 0x70, 0x46, 
    0x90, 0x4E, 0x70, 0x4A, 0x90, 0x4E, 0x70, 0x4A, 0x8F, 0x4E, 0x71, 0x4A, 0x92, 0x4E, 0x92, 0x4E, 
    0x91, 0x4E, 0x91, 0x4E, 0xB2, 0x52, 0xD5, 0x56, 0xF4, 0x56, 0xB4, 0x52, 0xB2, 0x52, 0x92, 0x4A, 
    0x91, 0x4A, 0x72, 0x46, 0x91, 0x4A, 0x72, 0x4A, 0x92, 0x4E, 0x94, 0x4A, 0xB5, 0x4A, 0x97, 0x4A, 
    0xB6, 0x52, 0x6C, 0x31, 0xA5, 0x18, 0x64, 0x0C, 0x62, 0x0C, 0x63, 0x0C, 0x83, 0x10, 0x22, 0x00, 
    0x68, 0x39, 0x8E, 0x6A, 0xAE, 0x6E, 0xF3, 0x72, 0x16, 0x6B, 0xF8, 0x5E, 0xF9, 0x56, 0xDB, 0x52, 
    0xFB, 0x56, 0xFB, 0x52, 0xFB, 0x52, 0xDA, 0x52, 0xFA, 0x52, 0xDA, 0x52, 0xFB, 0x56, 0xFC, 0x56, 
    0x1B, 0x57, 0xFC, 0x56, 0x1C, 0x57, 0xFC, 0x52, 0xFA, 0x52, 0xDA, 0x4E, 0xD8, 0x4E, 0xB9, 0x4E, 
    0xD9, 0x52, 0xD9, 0x52, 0xB7, 0x4E, 0x32, 0x46, 0xED, 0x41, 0x0F, 0x46, 0x94, 0x56, 0xD9, 0x5A, 
    0x1B, 0x5B, 0x1C, 0x5B, 0x1A, 0x5F, 0x90, 0x62, 0x49, 0x62, 0x69, 0x39, 0x49, 0x35, 0xA5, 0x18, 
    0x83, 0x14, 0x84, 0x14, 0xC5, 0x18, 0xE7, 0x1C, 0xC5, 0x1C, 0xE7, 0x20, 0xEF, 0x45, 0xF8, 0x5E, 
    0xF8, 0x5A, 0xD8, 0x52, 0xD7, 0x52, 0xD9, 0x52, 0xFA, 0x56, 0x1C, 0x5B, 0x5C, 0x5F, 0x5D, 0x5F, 
    0x9D, 0x67, 0x9E, 0x6B, 0xBE, 0x6F, 0xBF, 0x6F, 0xBE, 0x6F, 0x9F, 0x6B, 0xBE, 0x6F, 0x9F, 0x6B, 
    0xBE, 0x6F, 0x9E, 0x67, 0x7D, 0x63, 0x5D, 0x5F, 0x5D, 0x5B, 0x3D, 0x5B, 0x3C, 0x5B, 0x3C, 0x5B, 
    0x3C, 0x5F, 0x5D, 0x5F, 0x7D, 0x63, 0x9F, 0x67, 0xBE, 0x6B, 0x9F, 0x6B, 0x9E, 0x6B, 0x9E, 0x67, 
    0x9E, 0x67, 0x7E, 0x63, 0x7D, 0x63, 0x3D, 0x5F, 0x1B, 0x5B, 0xDA, 0x52, 0xD8, 0x52, 0xB8, 0x4E, 
    0xB8, 0x52, 0xB8, 0x4E, 0xB7, 0x4E, 0x75, 0x46, 0x51, 0x42, 0x0F, 0x3E, 0x0D, 0x3E, 0xED, 0x3D, 
    0x0D, 0x42, 0x0E, 0x42, 0x2E, 0x46, 0x2F, 0x46, 0x50, 0x4A, 0x50, 0x4A, 0x71, 0x4E, 0x72, 0x4E, 
    0x92, 0x4E, 0x72, 0x4E, 0x91, 0x4E, 0x72, 0x4E, 0x91, 0x4E, 0x71, 0x4E, 0x91, 0x4E, 0x92, 0x4E, 
    0x91, 0x4E, 0x4F, 0x46, 0x2D, 0x42, 0x2D, 0x46, 0x6D, 0x4A, 0x2B, 0x46, 0x4C, 0x4A, 0x6E, 0x4E, 
    0x8E, 0x4E, 0x6F, 0x4A, 0x6F, 0x4E, 0x6F, 0x4A, 0x8F, 0x4E, 0x6F, 0x4A, 0x8F, 0x4E, 0x6F, 0x4A, 
    0x6F, 0x4E, 0x93, 0x4E, 0xF6, 0x5A, 0x1A, 0x5F, 0x3B, 0x63, 0x3C, 0x63, 0x3B, 0x67, 0x1B, 0x63, 
    0x3B, 0x63, 0x1B, 0x5F, 0x3B, 0x63, 0x3C, 0x63, 0x5C, 0x63, 0x5D, 0x67, 0x9D, 0x6B, 0x9E, 0x6B, 
    0xBE, 0x6F, 0x9F, 0x6F, 0xBE, 0x6F, 0x9E, 0x6F, 0xBE, 0x6F, 0x9E, 0x6F, 0x9E, 0x6F, 0x9E, 0x6B, 
    0x9D, 0x6B, 0x5D, 0x67, 0x5B, 0x63, 0x1A, 0x5F, 0xF8, 0x5A, 0xD8, 0x56, 0xF9, 0x5A, 0xFA, 0x5A, 
    0xCF, 0x39, 0x10, 0x3E, 0xCE, 0x39, 0xAA, 0x35, 0xA9, 0x31, 0xA8, 0x31, 0x88, 0x2D, 0xA7, 0x31, 
    0x87, 0x31, 0xA7, 0x31, 0x87, 0x2D, 0xA7, 0x31, 0xA8, 0x31, 0xC9, 0x35, 0xCA, 0x35, 0xEB, 0x39, 
    0x0D, 0x3A, 0x0F, 0x3E, 0x11, 0x3E, 0x31, 0x3E, 0x11, 0x3A, 0x10, 0x3E, 0x34, 0x3E, 0x75, 0x42, 
    0x11, 0x3A, 0x30, 0x3E, 0x11, 0x3A, 0x0D, 0x36, 0xA9, 0x31, 0xC9, 0x31, 0xCB, 0x31, 0xEC, 0x35, 
    0x0F, 0x3E, 0x53, 0x42, 0x77, 0x46, 0xB8, 0x4E, 0xB9, 0x4E, 0xD9, 0x4E, 0x97, 0x4A, 0x52, 0x42, 
    0x0F, 0x3A, 0x51, 0x42, 0x97, 0x46, 0xD9, 0x52, 0xFB, 0x56, 0x1B, 0x5B, 0xFC, 0x5A, 0x1B, 0x5B, 
    0xFB, 0x56, 0xD9, 0x52, 0x97, 0x4A, 0x75, 0x46, 0x97, 0x46, 0xB8, 0x4E, 0xB9, 0x4E, 0xD9, 0x52, 
    0xBA, 0x52, 0xB9, 0x52, 0x98, 0x4A, 0x75, 0x4A, 0x73, 0x46, 0x71, 0x4A, 0x71, 0x4A, 0x70, 0x4A, 
    0x70, 0x4A, 0x90, 0x4E, 0x70, 0x4E, 0x70, 0x4E, 0x70, 0x4A, 0x70, 0x4E, 0x72, 0x4E, 0x93, 0x52, 
    0x94, 0x52, 0xB3, 0x52, 0xD5, 0x56, 0xF5, 0x5A, 0xD6, 0x5A, 0xD4, 0x56, 0xB4, 0x52, 0xB3, 0x4E, 
    0x93, 0x4A, 0x92, 0x4E, 0x93, 0x4A, 0xB3, 0x4E, 0xB4, 0x52, 0xB4, 0x52, 0x96, 0x4A, 0xB7, 0x4E, 
    0xB8, 0x52, 0xAE, 0x39, 0xA7, 0x18, 0x84, 0x10, 0x43, 0x0C, 0x63, 0x10, 0x63, 0x0C, 0x22, 0x04, 
    0x28, 0x31, 0x8E, 0x66, 0xD0, 0x72, 0x12, 0x77, 0x16, 0x6B, 0x18, 0x67, 0xDA, 0x5A, 0xFA, 0x56, 
    0xDB, 0x52, 0xFB, 0x56, 0xFC, 0x56, 0xFB, 0x56, 0xDB, 0x52, 0xFA, 0x56, 0xFC, 0x56, 0x1B, 0x57, 
    0xFC, 0x56, 0xFC, 0x56, 0xFC, 0x56, 0xFB, 0x56, 0xDB, 0x52, 0xD9, 0x52, 0x99, 0x4E, 0xB8, 0x4E, 
    0xB9, 0x4E, 0xD9, 0x52, 0x98, 0x4E, 0x52, 0x4A, 0xCD, 0x41, 0xED, 0x45, 0x73, 0x52, 0xD8, 0x5A, 
    0xFB, 0x5A, 0x1B, 0x5B, 0x76, 0x4E, 0x4C, 0x5E, 0x0B, 0x5A, 0x27, 0x31, 0x85, 0x18, 0x84, 0x18, 
    0x84, 0x14, 0x83, 0x14, 0xA5, 0x18, 0xC5, 0x1C, 0xA5, 0x1C, 0x28, 0x2D, 0x10, 0x4A, 0xF8, 0x62, 
    0xF9, 0x5A, 0xD7, 0x52, 0xB8, 0x52, 0xD8, 0x52, 0xDA, 0x56, 0x1B, 0x5B, 0x1C, 0x5B, 0x5C, 0x5F, 
    0x5E, 0x63, 0x7E, 0x67, 0x7F, 0x67, 0x9E, 0x6B, 0x9F, 0x67, 0x9E, 0x67, 0x9F, 0x67, 0x9E, 0x6B, 
    0x9F, 0x67, 0x7E, 0x67, 0x5E, 0x5F, 0x3D, 0x5F, 0x1D, 0x5B, 0x3C, 0x5B, 0x1D, 0x5B, 0x3C, 0x5F, 
    0x3D, 0x5F, 0x7D, 0x63, 0x7E, 0x67, 0xBE, 0x6F, 0xBF, 0x6B, 0xBE, 0x6F, 0x9F, 0x6B, 0x9E, 0x6B, 
    0x9E, 0x6B, 0x9E, 0x67, 0x7E, 0x63, 0x5D, 0x5F, 0xFC, 0x5A, 0xDA, 0x56, 0xB9, 0x52, 0xB8, 0x52, 
    0xB9, 0x52, 0xB9, 0x52, 0xB8, 0x4E, 0x95, 0x4A, 0x52, 0x42, 0x30, 0x42, 0xEF, 0x3D, 0x0E, 0x42, 
    0x0F, 0x42, 0x0E, 0x46, 0x0F, 0x46, 0x2F, 0x4A, 0x30, 0x46, 0x50, 0x4A, 0x51, 0x4A, 0x72, 0x4E, 
    0x72, 0x4E, 0x72, 0x4E, 0x72, 0x4E, 0x71, 0x4E, 0x71, 0x4E, 0x71, 0x4E, 0x71, 0x4A, 0x71, 0x4E, 
    0x50, 0x4A, 0x2E, 0x46, 0x0D, 0x42, 0x2C, 0x46, 0x2B, 0x46, 0x09, 0x42, 0x2A, 0x46, 0x6D, 0x4E, 
    0x6F, 0x4E, 0x6F, 0x4E, 0x4F, 0x4A, 0x6F, 0x4E, 0x6F, 0x4E, 0x6F, 0x4E, 0x6F, 0x4E, 0x6F, 0x4E, 
    0x71, 0x4E, 0xD5, 0x56, 0xF8, 0x5A, 0x3B, 0x63, 0x3C, 0x67, 0x5C, 0x6B, 0x3D, 0x67, 0x3C, 0x67, 
    0x1C, 0x63, 0x3C, 0x67, 0x1C, 0x63, 0x3B, 0x63, 0x3C, 0x63, 0x5C, 0x6B, 0x5E, 0x6B, 0x9E, 0x6F, 
    0x9E, 0x6F, 0x9E, 0x6F, 0x9E, 0x6F, 0x9E, 0x6F, 0x9E, 0x6F, 0x9E, 0x6F, 0x7E, 0x6B, 0x7D, 0x6F, 
    0x7D, 0x67, 0x5D, 0x67, 0x3C, 0x63, 0x1A, 0x5F, 0xD8, 0x56, 0xD7, 0x56, 0xD8, 0x56, 0xF9, 0x5A, 
    0xCD, 0x39, 0xCE, 0x39, 0xED, 0x3D, 0xAB, 0x31, 0xA8, 0x31, 0x87, 0x2D, 0xA7, 0x31, 0x87, 0x2D, 
    0xA7, 0x31, 0x87, 0x2D, 0xA7, 0x31, 0xA7, 0x2D, 0xA7, 0x31, 0xC9, 0x31, 0xEA, 0x35, 0xEC, 0x35, 
    0x0D, 0x3E, 0x10, 0x3A, 0x30, 0x3E, 0x32, 0x3E, 0x32, 0x3E, 0x33, 0x3E, 0x54, 0x3E, 0x34, 0x3E, 
    0x2F, 0x3A, 0x0D, 0x36, 0x0C, 0x3A, 0xCA, 0x31, 0xE9, 0x31, 0xCB, 0x31, 0xEC, 0x35, 0xED, 0x39, 
    0x2E, 0x3E, 0x53, 0x3E, 0x76, 0x46, 0x98, 0x4A, 0xB9, 0x4E, 0xDA, 0x52, 0xB9, 0x4E, 0x76, 0x46, 
    0x50, 0x42, 0x31, 0x3E, 0x96, 0x4A, 0xB9, 0x4E, 0xFA, 0x56, 0xFB, 0x56, 0x1B, 0x5B, 0xFB, 0x56, 
    0xFA, 0x56, 0xB9, 0x4E, 0x75, 0x46, 0x55, 0x42, 0x96, 0x46, 0x98, 0x4A, 0xD9, 0x4E, 0xDA, 0x52, 
    0xDA, 0x56, 0xDA, 0x52, 0xB8, 0x4E, 0x96, 0x4A, 0x73, 0x4A, 0x72, 0x4A, 0x91, 0x4E, 0x70, 0x4A, 
    0x90, 0x4E, 0x70, 0x4A, 0x90, 0x4E, 0x70, 0x4A, 0x6F, 0x4E, 0x70, 0x4A, 0x91, 0x4E, 0x93, 0x4E, 
    0xB4, 0x52, 0xB5, 0x56, 0xF6, 0x5A, 0xF6, 0x5A, 0xF5, 0x5A, 0xD5, 0x56, 0xD4, 0x52, 0xB4, 0x4E, 
    0xB3, 0x4E, 0x94, 0x4E, 0xB4, 0x52, 0xB5, 0x52, 0xD4, 0x56, 0xB5, 0x52, 0xB5, 0x4E, 0xB8, 0x4E, 
    0xD9, 0x56, 0xF1, 0x41, 0xA5, 0x18, 0x84, 0x10, 0x63, 0x0C, 0x64, 0x10, 0x62, 0x0C, 0x42, 0x08, 
    0x05, 0x29, 0xEB, 0x55, 0xAE, 0x6E, 0xF2, 0x72, 0x15, 0x6F, 0x18, 0x67, 0x1A, 0x5F, 0xFB, 0x56, 
    0xFB, 0x56, 0xFC, 0x52, 0x1C, 0x57, 0xFC, 0x52, 0xFB, 0x56, 0xFB, 0x52, 0xFB, 0x56, 0xFC, 0x56, 
    0x1C, 0x57, 0xFC, 0x56, 0xFC, 0x56, 0xFC, 0x52, 0xFA, 0x52, 0xB9, 0x4E, 0xB8, 0x4E, 0xB9, 0x4E, 
    0xD9, 0x52, 0xB9, 0x52, 0xB8, 0x52, 0x54, 0x46, 0xED, 0x41, 0xCD, 0x41, 0x51, 0x4E, 0xB7, 0x56, 
    0x1A, 0x5F, 0xD9, 0x56, 0xCE, 0x39, 0xEB, 0x4D, 0x2D, 0x56, 0x4A, 0x35, 0x83, 0x14, 0x64, 0x10, 
    0xA4, 0x18, 0x84, 0x14, 0xC5, 0x1C, 0xE7, 0x24, 0xC5, 0x1C, 0x49, 0x2D, 0x51, 0x52, 0xF8, 0x5E, 
    0xF8, 0x5A, 0xD8, 0x52, 0xD8, 0x52, 0xD9, 0x52, 0xF9, 0x56, 0xFB, 0x56, 0x1B, 0x5B, 0x1C, 0x5B, 
    0x5C, 0x5F, 0x5D, 0x5F, 0x7D, 0x63, 0x5E, 0x63, 0x7D, 0x63, 0x7E, 0x63, 0x7D, 0x63, 0x7E, 0x63, 
    0x7D, 0x63, 0x5E, 0x5F, 0x3C, 0x5F, 0x1D, 0x5B, 0x3C, 0x5B, 0x1C, 0x57, 0x3C, 0x5B, 0x3D, 0x5B, 
    0x5D, 0x5F, 0x7E, 0x63, 0x9E, 0x6B, 0xBF, 0x6F, 0xBE, 0x6F, 0xBF, 0x6F, 0xBE, 0x6F, 0x9F, 0x6B, 
    0xBE, 0x6B, 0x9F, 0x67, 0x7E, 0x67, 0x3D, 0x5F, 0x1B, 0x5B, 0xDA, 0x56, 0xD9, 0x52, 0xB9, 0x4E, 
    0xB9, 0x52, 0xB9, 0x52, 0xB8, 0x52, 0x96, 0x4A, 0x73, 0x46, 0x30, 0x42, 0x0F, 0x42, 0x0F, 0x42, 
    0x2E, 0x46, 0x0F, 0x46, 0x2F, 0x46, 0x0F, 0x46, 0x2F, 0x46, 0x30, 0x46, 0x50, 0x4A, 0x72, 0x4A, 
    0x92, 0x4E, 0x72, 0x4A, 0x71, 0x4E, 0x71, 0x4A, 0x71, 0x4E, 0x51, 0x4A, 0x70, 0x4A, 0x50, 0x46, 
    0x4E, 0x46, 0x0E, 0x42, 0x2C, 0x42, 0x0C, 0x42, 0x09, 0x42, 0xE8, 0x3D, 0x29, 0x46, 0x4D, 0x4A, 
    0x6E, 0x4E, 0x6F, 0x4A, 0x6E, 0x4E, 0x6F, 0x4A, 0x6E, 0x4E, 0x6F, 0x4A, 0x6E, 0x4E, 0x6F, 0x4A, 
    0xB2, 0x52, 0xD7, 0x56, 0x1A, 0x5F, 0x3C, 0x63, 0x5C, 0x67, 0x5D, 0x67, 0x5C, 0x6B, 0x3D, 0x67, 
    0x3C, 0x67, 0x3C, 0x63, 0x3C, 0x67, 0x3C, 0x63, 0x5C, 0x67, 0x5D, 0x67, 0x7D, 0x6B, 0x7E, 0x6B, 
    0x9D, 0x6F, 0x7E, 0x6B, 0x9D, 0x6F, 0x7E, 0x6B, 0x9D, 0x6F, 0x7E, 0x6B, 0x7D, 0x6B, 0x7D, 0x6B, 
    0x7C, 0x6B, 0x3C, 0x63, 0x3B, 0x63, 0xF9, 0x5A, 0xD7, 0x56, 0xB7, 0x52, 0xD7, 0x56, 0xD9, 0x56, 
    0xAE, 0x39, 0xCD, 0x39, 0xCD, 0x39, 0xA9, 0x35, 0x88, 0x31, 0x87, 0x31, 0x87, 0x31, 0x87, 0x31, 
    0x87, 0x31, 0xA7, 0x31, 0x87, 0x31, 0xA7, 0x31, 0xA8, 0x31, 0xC9, 0x35, 0xCB, 0x35, 0x0C, 0x3E, 
    0x0F, 0x3E, 0x30, 0x3E, 0x12, 0x3E, 0x32, 0x42, 0x34, 0x42, 0x53, 0x42, 0x11, 0x3E, 0x0F, 0x3E, 
    0xEE, 0x39, 0xE9, 0x35, 0xC9, 0x31, 0xC9, 0x35, 0xCB, 0x35, 0xEC, 0x39, 0xED, 0x39, 0x0E, 0x3E, 
    0x0F, 0x3A, 0x30, 0x3E, 0x55, 0x46, 0x98, 0x4E, 0x99, 0x4E, 0xB9, 0x52, 0xBA, 0x52, 0x98, 0x4E, 
    0x54, 0x46, 0x51, 0x46, 0x76, 0x46, 0xB8, 0x52, 0xDB, 0x56, 0xFB, 0x5A, 0xFC, 0x5A, 0xFB, 0x5A, 
    0xDB, 0x52, 0xB8, 0x4E, 0x55, 0x42, 0x54, 0x42, 0x56, 0x42, 0x97, 0x4A, 0xB9, 0x4E, 0xDA, 0x56, 
    0xDB, 0x56, 0xDA, 0x56, 0xB9, 0x52, 0x97, 0x4E, 0x74, 0x4A, 0x72, 0x4E, 0x72, 0x4A, 0x91, 0x4E, 
    0x71, 0x4E, 0x91, 0x52, 0x70, 0x4E, 0x70, 0x4E, 0x50, 0x4A, 0x70, 0x4E, 0x72, 0x4A, 0x93, 0x52, 
    0x95, 0x52, 0xD6, 0x5A, 0xD7, 0x5A, 0xF6, 0x5E, 0xD6, 0x5A, 0xD5, 0x56, 0xB5, 0x52, 0xB4, 0x52, 
    0xB5, 0x52, 0xB5, 0x52, 0xB6, 0x52, 0xD6, 0x5A, 0xD6, 0x56, 0xD6, 0x56, 0xB7, 0x52, 0xD9, 0x52, 
    0xDB, 0x56, 0x33, 0x4A, 0xA7, 0x1C, 0x84, 0x14, 0x64, 0x10, 0x63, 0x10, 0x43, 0x0C, 0x63, 0x10, 
    0x64, 0x14, 0x26, 0x39, 0x4D, 0x66, 0xD0, 0x72, 0xF4, 0x6E, 0x17, 0x6B, 0xFB, 0x5E, 0xFB, 0x5A, 
    0xDB, 0x52, 0xFB, 0x56, 0xFC, 0x56, 0x1C, 0x57, 0xFC, 0x56, 0x1C, 0x57, 0xFC, 0x56, 0x1C, 0x5B, 
    0xFC, 0x56, 0xFC, 0x5A, 0xFC, 0x56, 0xFB, 0x56, 0xDA, 0x52, 0xB9, 0x4E, 0x99, 0x4E, 0xB9, 0x52, 
    0xBA, 0x52, 0xDA, 0x56, 0xB9, 0x52, 0x75, 0x4E, 0xF0, 0x45, 0xCC, 0x41, 0x11, 0x4A, 0xD7, 0x5A, 
    0xFA, 0x62, 0x95, 0x52, 0x09, 0x29, 0x49, 0x39, 0x6A, 0x39, 0x6A, 0x39, 0x43, 0x0C, 0x63, 0x10, 
    0x64, 0x14, 0x84, 0x14, 0x08, 0x29, 0x6A, 0x35, 0xA5, 0x1C, 0x8A, 0x3D, 0x73, 0x5E, 0xD7, 0x62, 
    0xD8, 0x56, 0xD8, 0x56, 0xB8, 0x52, 0xD9, 0x56, 0xDA, 0x56, 0xFA, 0x56, 0xFB, 0x56, 0x1C, 0x5B, 
    0x1D, 0x5B, 0x3C, 0x5F, 0x3D, 0x5B, 0x3D, 0x5F, 0x3D, 0x5F, 0x5D, 0x5F, 0x3D, 0x5F, 0x5D, 0x5F, 
    0x3D, 0x5F, 0x3D, 0x5F, 0x1D, 0x5B, 0x1C, 0x5B, 0xFC, 0x56, 0x1C, 0x5B, 0x1D, 0x5B, 0x3D, 0x5F, 
    0x5E, 0x5F, 0x7E, 0x67, 0x9F, 0x6B, 0xBF, 0x73, 0xBF, 0x6F, 0xBF, 0x73, 0xBF, 0x6F, 0xBF, 0x73, 
    0x9F, 0x6B, 0x9E, 0x6B, 0x7E, 0x63, 0x5D, 0x63, 0xFC, 0x5A, 0xFA, 0x5A, 0xBA, 0x52, 0xD9, 0x56, 
    0xBA, 0x52, 0xD9, 0x56, 0xB9, 0x52, 0xB7, 0x4E, 0x75, 0x4A, 0x51, 0x46, 0x10, 0x42, 0x0F, 0x42, 
    0x10, 0x46, 0x2F, 0x4A, 0x10, 0x46, 0x2F, 0x4A, 0x10, 0x46, 0x30, 0x4A, 0x31, 0x4A, 0x72, 0x4E, 
    0x73, 0x4E, 0x72, 0x4E, 0x52, 0x4E, 0x71, 0x4E, 0x51, 0x4A, 0x51, 0x4A, 0x51, 0x46, 0x4F, 0x46, 
    0x0E, 0x42, 0x0D, 0x46, 0x0E, 0x46, 0x2C, 0x46, 0xE9, 0x41, 0xE7, 0x41, 0x09, 0x46, 0x4C, 0x4E, 
    0x4E, 0x4E, 0x6F, 0x4E, 0x4F, 0x4A, 0x6F, 0x4E, 0x4F, 0x4A, 0x6E, 0x4E, 0x4F, 0x4A, 0x90, 0x52, 
    0xB5, 0x56, 0xF8, 0x5E, 0x1B, 0x63, 0x5C, 0x67, 0x5D, 0x67, 0x5D, 0x6B, 0x5D, 0x6B, 0x5D, 0x6B, 
    0x3D, 0x67, 0x5D, 0x6B, 0x3D, 0x67, 0x3C, 0x67, 0x3C, 0x67, 0x5C, 0x6B, 0x5D, 0x6B, 0x7D, 0x6B, 
    0x7E, 0x6B, 0x7E, 0x6F, 0x7E, 0x6B, 0x7D, 0x6F, 0x7E, 0x6B, 0x7D, 0x6B, 0x5D, 0x6B, 0x7D, 0x6B, 
    0x5D, 0x67, 0x3C, 0x67, 0x1B, 0x63, 0xF9, 0x5E, 0xB7, 0x56, 0xB6, 0x56, 0xB8, 0x56, 0xD8, 0x5A, 
    0xCD, 0x39, 0xCC, 0x35, 0xC9, 0x35, 0x88, 0x2D, 0xA7, 0x31, 0x87, 0x2D, 0xA6, 0x2D, 0x87, 0x2D, 
    0xA6, 0x31, 0x87, 0x2D, 0xA7, 0x31, 0xA7, 0x2D, 0xC8, 0x31, 0xCA, 0x35, 0x0B, 0x3A, 0x0E, 0x3A, 
    0x2F, 0x3E, 0x32, 0x3E, 0x52, 0x3E, 0x31, 0x3E, 0x50, 0x3E, 0x0E, 0x3A, 0x0B, 0x36, 0xEA, 0x35, 
    0xE9, 0x35, 0xC9, 0x31, 0xC8, 0x31, 0xC9, 0x31, 0x0B, 0x36, 0x0D, 0x36, 0x0D, 0x3A, 0x0E, 0x3A, 
    0x2D, 0x3A, 0x2F, 0x3A, 0x72, 0x42, 0x76, 0x46, 0x97, 0x4A, 0x98, 0x4A, 0xB8, 0x4E, 0x98, 0x4E, 
    0x96, 0x4A, 0x53, 0x42, 0x94, 0x46, 0xB8, 0x4A, 0xFA, 0x56, 0x1C, 0x57, 0x1B, 0x5B, 0xFC, 0x56, 
    0xFA, 0x52, 0x98, 0x4A, 0x75, 0x42, 0x33, 0x3E, 0x53, 0x3E, 0x76, 0x42, 0xD9, 0x4E, 0xFB, 0x52, 
    0xFA, 0x56, 0xDA, 0x52, 0xD8, 0x52, 0xB7, 0x4A, 0x94, 0x4A, 0x93, 0x4A, 0x91, 0x4E, 0x91, 0x4E, 
    0x91, 0x52, 0x91, 0x4E, 0x90, 0x4E, 0x70, 0x4A, 0x6F, 0x4A, 0x50, 0x4A, 0x70, 0x4A, 0x94, 0x4E, 
    0xB5, 0x52, 0xD7, 0x56, 0xF6, 0x5A, 0xF6, 0x5A, 0xF5, 0x5A, 0xD5, 0x52, 0xD4, 0x52, 0xD5, 0x52, 
    0xD5, 0x52, 0xD6, 0x52, 0xF6, 0x56, 0xF7, 0x56, 0xF6, 0x5A, 0xF7, 0x56, 0xF7, 0x56, 0xD9, 0x52, 
    0xFB, 0x5A, 0x55, 0x4E, 0xE6, 0x20, 0x85, 0x14, 0x83, 0x10, 0x63, 0x0C, 0x62, 0x0C, 0x42, 0x0C, 
    0x62, 0x0C, 0xC4, 0x20, 0xE9, 0x55, 0x8E, 0x6A, 0xF2, 0x6E, 0x16, 0x6B, 0x3A, 0x63, 0x1C, 0x57, 
    0xFA, 0x56, 0xFB, 0x52, 0x1B, 0x57, 0x1C, 0x57, 0x3C, 0x57, 0x1C, 0x57, 0x1C, 0x57, 0x1C, 0x57, 
    0x1C, 0x57, 0xFC, 0x56, 0xFB, 0x56, 0xFB, 0x52, 0xFA, 0x52, 0xB9, 0x4E, 0xD9, 0x4E, 0xDA, 0x52, 
    0xFA, 0x56, 0xDB, 0x56, 0xD9, 0x52, 0x97, 0x4E, 0x52, 0x4A, 0x0F, 0x42, 0xB4, 0x56, 0xF8, 0x5E, 
    0xD6, 0x5A, 0xAE, 0x39, 0x07, 0x25, 0x07, 0x25, 0x48, 0x31, 0x28, 0x29, 0x41, 0x0C, 0x63, 0x10, 
    0x83, 0x14, 0x84, 0x14, 0x07, 0x29, 0x07, 0x25, 0xE6, 0x24, 0xCC, 0x45, 0xB2, 0x62, 0xD7, 0x5A, 
    0xD7, 0x52, 0xD7, 0x4E, 0xD7, 0x52, 0xD9, 0x52, 0xF9, 0x56, 0xDA, 0x52, 0xFA, 0x56, 0xFB, 0x56, 
    0x1B, 0x5B, 0x1C, 0x57, 0x1B, 0x5B, 0x1C, 0x57, 0x1B, 0x5B, 0x1C, 0x57, 0x3C, 0x5B, 0x3C, 0x5B, 
    0x3C, 0x5B, 0x1C, 0x57, 0x1B, 0x5B, 0xFB, 0x56, 0x1B, 0x57, 0x1C, 0x57, 0x3C, 0x5B, 0x3D, 0x5B, 
    0x7D, 0x63, 0x7E, 0x63, 0xBE, 0x6B, 0xBF, 0x6F, 0xDE, 0x6F, 0xBF, 0x6F, 0xDE, 0x73, 0xBF, 0x6F, 
    0xBE, 0x6F, 0x9F, 0x67, 0x7D, 0x63, 0x3D, 0x5F, 0x1B, 0x5B, 0xFB, 0x56, 0xFA, 0x56, 0xDA, 0x52, 
    0xFA, 0x56, 0xDA, 0x52, 0xD8, 0x52, 0xB8, 0x4E, 0x95, 0x4A, 0x73, 0x46, 0x50, 0x46, 0x30, 0x42, 
    0x4F, 0x46, 0x30, 0x46, 0x4F, 0x46, 0x2F, 0x46, 0x2F, 0x46, 0x30, 0x46, 0x51, 0x4A, 0x72, 0x4A, 
    0x72, 0x4E, 0x72, 0x4A, 0x71, 0x4A, 0x51, 0x46, 0x70, 0x4A, 0x51, 0x46, 0x50, 0x46, 0x2F, 0x42, 
    0x2D, 0x42, 0x0E, 0x42, 0x2D, 0x46, 0x0B, 0x42, 0x08, 0x42, 0x09, 0x42, 0x29, 0x46, 0x4C, 0x4A, 
    0x6D, 0x4A, 0x4E, 0x4A, 0x6E, 0x4A, 0x4F, 0x4A, 0x6E, 0x4A, 0x4E, 0x4A, 0x6E, 0x4E, 0xB2, 0x52, 
    0xF6, 0x5A, 0xF9, 0x5A, 0x3B, 0x63, 0x5C, 0x67, 0x7C, 0x6B, 0x5D, 0x67, 0x7C, 0x6B, 0x5D, 0x67, 
    0x7D, 0x6B, 0x5D, 0x67, 0x5C, 0x67, 0x5C, 0x67, 0x5C, 0x67, 0x5C, 0x67, 0x7C, 0x6B, 0x7D, 0x67, 
    0x9D, 0x6B, 0x7D, 0x6B, 0x9D, 0x6B, 0x7D, 0x67, 0x7D, 0x6B, 0x7D, 0x67, 0x7C, 0x6B, 0x5D, 0x67, 
    0x5C, 0x67, 0x3C, 0x63, 0x1A, 0x5F, 0xF8, 0x5A, 0xD6, 0x56, 0xB7, 0x52, 0xD7, 0x56, 0xD9, 0x56, 
    0xCF, 0x35, 0xCB, 0x35, 0x88, 0x31, 0x87, 0x31, 0x87, 0x2D, 0x87, 0x31, 0x87, 0x2D, 0x86, 0x31, 
    0x87, 0x2D, 0xA7, 0x31, 0x87, 0x31, 0xA7, 0x31, 0xA9, 0x35, 0xEB, 0x39, 0x0E, 0x3A, 0x2F, 0x3E, 
    0x31, 0x3E, 0x52, 0x42, 0x31, 0x3E, 0x0C, 0x3A, 0xEB, 0x35, 0xE9, 0x35, 0xC9, 0x31, 0xC9, 0x35, 
    0xC9, 0x31, 0xC8, 0x31, 0xC9, 0x31, 0x2B, 0x3A, 0x2F, 0x3E, 0x50, 0x42, 0x30, 0x3E, 0x2F, 0x3E, 
    0x0E, 0x3A, 0x2D, 0x3E, 0x31, 0x3E, 0x74, 0x46, 0x76, 0x46, 0x76, 0x4A, 0x77, 0x4A, 0x97, 0x4E, 
    0x98, 0x4E, 0x75, 0x4A, 0x75, 0x46, 0xB7, 0x4E, 0xDA, 0x52, 0x1C, 0x5B, 0x1D, 0x5B, 0xFB, 0x5A, 
    0xBA, 0x52, 0xB8, 0x4E, 0x76, 0x46, 0x32, 0x3E, 0x33, 0x3E, 0x96, 0x46, 0xBA, 0x4E, 0xFB, 0x56, 
    0xFB, 0x56, 0xFA, 0x56, 0xB9, 0x52, 0xB7, 0x4E, 0x96, 0x4A, 0x93, 0x4E, 0x92, 0x4E, 0x92, 0x52, 
    0x92, 0x52, 0xB1, 0x52, 0x91, 0x4E, 0x90, 0x4E, 0x70, 0x4A, 0x6F, 0x4A, 0x50, 0x4A, 0x93, 0x52, 
    0xB6, 0x52, 0xD6, 0x5A, 0xD7, 0x5A, 0xF6, 0x5A, 0xD6, 0x56, 0xD5, 0x56, 0xD6, 0x56, 0xD6, 0x56, 
    0xD7, 0x56, 0xF7, 0x5A, 0xF8, 0x5A, 0x17, 0x5B, 0xF8, 0x5A, 0xF7, 0x5A, 0xF8, 0x56, 0xFA, 0x56, 
    0xFC, 0x56, 0xB7, 0x56, 0x28, 0x2D, 0x84, 0x14, 0x64, 0x10, 0xA4, 0x14, 0x85, 0x14, 0x62, 0x10, 
    0x42, 0x0C, 0x83, 0x18, 0x26, 0x39, 0x0A, 0x5A, 0xB1, 0x6E, 0x15, 0x6F, 0x1B, 0x67, 0x1C, 0x5F, 
    0xFC, 0x56, 0xFB, 0x56, 0xFC, 0x56, 0x1C, 0x5B, 0x1D, 0x57, 0x3C, 0x5B, 0x1D, 0x57, 0x1C, 0x5B, 
    0x1D, 0x57, 0x1C, 0x57, 0xFC, 0x56, 0xFB, 0x56, 0xDA, 0x52, 0xD9, 0x52, 0xBA, 0x52, 0xDA, 0x56, 
    0xFC, 0x56, 0xFB, 0x5A, 0xDB, 0x56, 0xB8, 0x52, 0x55, 0x4A, 0x95, 0x56, 0xF9, 0x62, 0xD7, 0x5E, 
    0x32, 0x46, 0x08, 0x25, 0xE7, 0x24, 0xE6, 0x24, 0xE7, 0x24, 0xA4, 0x18, 0x42, 0x0C, 0xE6, 0x20, 
    0x84, 0x14, 0x83, 0x18, 0x08, 0x29, 0x07, 0x25, 0x27, 0x31, 0x0C, 0x52, 0x93, 0x62, 0xD7, 0x5A, 
    0xB8, 0x52, 0xD7, 0x52, 0xB8, 0x52, 0xD9, 0x52, 0xDA, 0x56, 0xFA, 0x56, 0xDB, 0x56, 0xFA, 0x56, 
    0xFB, 0x56, 0x1B, 0x5B, 0xFB, 0x56, 0xFB, 0x56, 0xFB, 0x52, 0xFB, 0x56, 0xFC, 0x56, 0x1B, 0x5B, 
    0xFC, 0x56, 0x1B, 0x5B, 0xFC, 0x56, 0xFB, 0x56, 0xFC, 0x56, 0x1C, 0x5B, 0x3D, 0x5B, 0x5D, 0x5F, 
    0x5E, 0x5F, 0x9E, 0x67, 0x9F, 0x6B, 0xBF, 0x6F, 0xBF, 0x6F, 0xBE, 0x73, 0xBF, 0x6F, 0xBE, 0x6F, 
    0x9F, 0x6B, 0x9E, 0x6B, 0x5E, 0x63, 0x5C, 0x5F, 0x1C, 0x5B, 0x1B, 0x5B, 0xFB, 0x5A, 0xFB, 0x5A, 
    0xDB, 0x56, 0xDA, 0x56, 0xB9, 0x52, 0xB8, 0x52, 0x97, 0x4A, 0x95, 0x4E, 0x73, 0x4A, 0x51, 0x4A, 
    0x31, 0x4A, 0x51, 0x4A, 0x51, 0x4A, 0x50, 0x4A, 0x30, 0x4A, 0x50, 0x4A, 0x52, 0x4A, 0x72, 0x4E, 
    0x72, 0x4A, 0x71, 0x4E, 0x52, 0x4A, 0x51, 0x4A, 0x51, 0x46, 0x51, 0x4A, 0x51, 0x46, 0x4F, 0x46, 
    0x0E, 0x42, 0x2D, 0x46, 0x0D, 0x42, 0x0A, 0x42, 0x09, 0x42, 0x29, 0x46, 0x2A, 0x4A, 0x4B, 0x4E, 
    0x4D, 0x4A, 0x4D, 0x4A, 0x4E, 0x4A, 0x4E, 0x4A, 0x4F, 0x4A, 0x6E, 0x4E, 0x70, 0x4E, 0xD4, 0x56, 
    0xF8, 0x5A, 0x1A, 0x5F, 0x3C, 0x63, 0x5C, 0x6B, 0x5D, 0x67, 0x7D, 0x6B, 0x5D, 0x67, 0x5D, 0x6B, 
    0x5E, 0x6B, 0x7D, 0x6B, 0x5D, 0x67, 0x5D, 0x6B, 0x5D, 0x67, 0x5C, 0x6B, 0x5D, 0x67, 0x7D, 0x6B, 
    0x7E, 0x6B, 0x7D, 0x6B, 0x7D, 0x6B, 0x7D, 0x6B, 0x5D, 0x6B, 0x7D, 0x6B, 0x5D, 0x67, 0x5C, 0x67, 
    0x3C, 0x63, 0x3B, 0x63, 0xFA, 0x5E, 0xF8, 0x5A, 0xB7, 0x56, 0xD7, 0x56, 0xB8, 0x56, 0xD8, 0x5A, 
    0xF0, 0x39, 0xAB, 0x31, 0x87, 0x31, 0x87, 0x2D, 0x87, 0x31, 0x87, 0x2D, 0xA6, 0x31, 0x87, 0x2D, 
    0x86, 0x31, 0x87, 0x2D, 0xA7, 0x31, 0xA8, 0x31, 0xC9, 0x35, 0xEC, 0x39, 0x2E, 0x3E, 0x2F, 0x3E, 
    0x50, 0x42, 0x30, 0x3E, 0x0C, 0x3A, 0xEA, 0x35, 0xE9, 0x35, 0xC9, 0x31, 0xC8, 0x31, 0xC9, 0x31, 
    0xE9, 0x35, 0xEA, 0x31, 0x2C, 0x3A, 0x72, 0x42, 0xB5, 0x46, 0xB7, 0x46, 0xB6, 0x46, 0x95, 0x42, 
    0x73, 0x42, 0x50, 0x3E, 0x50, 0x3E, 0x53, 0x3E, 0x73, 0x42, 0x75, 0x46, 0x75, 0x4A, 0x77, 0x4A, 
    0x97, 0x4E, 0x76, 0x46, 0x74, 0x46, 0x97, 0x4A, 0xD9, 0x52, 0xFC, 0x56, 0x1C, 0x5B, 0xFC, 0x56, 
    0xDA, 0x52, 0x99, 0x4A, 0x97, 0x4A, 0x54, 0x3E, 0x52, 0x42, 0x97, 0x46, 0xF9, 0x52, 0xFB, 0x56, 
    0xFA, 0x56, 0xDA, 0x52, 0xD8, 0x52, 0xB7, 0x4E, 0xB5, 0x4E, 0x94, 0x4E, 0xB3, 0x52, 0xB3, 0x52, 
    0xB2, 0x56, 0xB2, 0x52, 0x91, 0x52, 0x71, 0x4E, 0x6F, 0x4E, 0x4F, 0x4A, 0x6F, 0x4A, 0x72, 0x4E, 
    0xB5, 0x56, 0xD6, 0x56, 0xF6, 0x5A, 0xD6, 0x5A, 0xD6, 0x5A, 0xD6, 0x56, 0xF6, 0x5A, 0xF7, 0x56, 
    0x17, 0x5B, 0xF8, 0x5A, 0x18, 0x5F, 0xF9, 0x5A, 0x18, 0x5B, 0xF9, 0x5A, 0x19, 0x5B, 0xFB, 0x56, 
    0x1B, 0x57, 0xDA, 0x5A, 0xCC, 0x3D, 0x63, 0x10, 0x62, 0x10, 0x08, 0x29, 0x07, 0x25, 0x21, 0x04, 
    0x62, 0x0C, 0x63, 0x10, 0x04, 0x29, 0x67, 0x3D, 0x4D, 0x5E, 0xB3, 0x66, 0xF8, 0x62, 0xDA, 0x5A, 
    0x1B, 0x5B, 0xFC, 0x56, 0x1B, 0x57, 0x1D, 0x57, 0x3D, 0x5B, 0x1D, 0x57, 0x3C, 0x57, 0x1D, 0x57, 
    0x1C, 0x5B, 0xFC, 0x56, 0xFB, 0x56, 0xDB, 0x52, 0xDA, 0x52, 0xDA, 0x52, 0xFA, 0x56, 0xFB, 0x56, 
    0x1C, 0x5B, 0x1D, 0x5B, 0x1B, 0x5F, 0xDA, 0x56, 0x95, 0x4E, 0xD8, 0x5A, 0x18, 0x63, 0x73, 0x4E, 
    0x8C, 0x35, 0x4B, 0x2D, 0xE6, 0x24, 0x84, 0x18, 0x62, 0x14, 0x84, 0x14, 0x83, 0x14, 0x07, 0x25, 
    0x83, 0x14, 0x84, 0x14, 0xC4, 0x1C, 0x84, 0x14, 0x88, 0x41, 0x0D, 0x56, 0xB3, 0x62, 0xB7, 0x56, 
    0xB7, 0x52, 0xB7, 0x4E, 0xD7, 0x52, 0xD8, 0x52, 0xD9, 0x56, 0xDA, 0x56, 0xDA, 0x56, 0xDA, 0x52, 
    0xFA, 0x56, 0xFB, 0x56, 0xFA, 0x56, 0xDA, 0x52, 0xD9, 0x52, 0xDA, 0x52, 0xFA, 0x56, 0xFB, 0x56, 
    0xFB, 0x56, 0xFB, 0x56, 0x1B, 0x5B, 0xFC, 0x56, 0x1B, 0x57, 0x1D, 0x57, 0x3D, 0x5F, 0x5D, 0x5F, 
    0x7D, 0x63, 0x7E, 0x67, 0xBE, 0x6B, 0xBF, 0x6F, 0xBE, 0x73, 0xBF, 0x6F, 0xBE, 0x6F, 0xBF, 0x6B, 
    0xBE, 0x6B, 0x7E, 0x67, 0x7D, 0x63, 0x3D, 0x5B, 0x3C, 0x5F, 0x1C, 0x5B, 0x1B, 0x5B, 0xFC, 0x5A, 
    0xFA, 0x5A, 0xDA, 0x56, 0xD9, 0x52, 0xB9, 0x4E, 0xB7, 0x52, 0x97, 0x4A, 0x95, 0x4E, 0x73, 0x4A, 
    0x71, 0x4E, 0x52, 0x4A, 0x71, 0x4E, 0x52, 0x4A, 0x71, 0x4E, 0x52, 0x4A, 0x72, 0x4E, 0x73, 0x4A, 
    0x72, 0x4E, 0x72, 0x4A, 0x71, 0x4A, 0x51, 0x46, 0x71, 0x4A, 0x52, 0x46, 0x51, 0x4A, 0x51, 0x46, 
    0x2E, 0x46, 0x0D, 0x42, 0x2A, 0x42, 0x0A, 0x42, 0x08, 0x42, 0x09, 0x42, 0x2A, 0x4A, 0x4C, 0x4A, 
    0x6C, 0x4E, 0x2D, 0x46, 0x4D, 0x4A, 0x2E, 0x4A, 0x4E, 0x4A, 0x4E, 0x4A, 0x90, 0x4E, 0xD5, 0x56, 
    0xF8, 0x5A, 0x1B, 0x5F, 0x5C, 0x67, 0x5D, 0x67, 0x7D, 0x6B, 0x5D, 0x67, 0x7D, 0x6B, 0x5D, 0x67, 
    0x7D, 0x6B, 0x7E, 0x6B, 0x7D, 0x6B, 0x5D, 0x6B, 0x7C, 0x6B, 0x5D, 0x67, 0x7C, 0x6B, 0x7D, 0x6B, 
    0x7D, 0x6F, 0x7E, 0x6B, 0x7D, 0x6B, 0x7D, 0x6B, 0x7D, 0x6B, 0x5D, 0x67, 0x7D, 0x6B, 0x5D, 0x67, 
    0x5C, 0x67, 0x1B, 0x5F, 0x19, 0x5F, 0xD8, 0x56, 0xD7, 0x56, 0xD8, 0x56, 0xD8, 0x5A, 0xD8, 0x56, 
    0x13, 0x3E, 0xAB, 0x35, 0x88, 0x2D, 0x87, 0x31, 0x87, 0x2D, 0x87, 0x31, 0x87, 0x2D, 0x86, 0x31, 
    0x86, 0x2D, 0x86, 0x31, 0x87, 0x31, 0xA7, 0x31, 0xA9, 0x35, 0xEC, 0x39, 0x0E, 0x3E, 0x2F, 0x3E, 
    0x0F, 0x3E, 0x0D, 0x3A, 0xCA, 0x35, 0xE9, 0x35, 0xC9, 0x31, 0xC8, 0x31, 0xC9, 0x31, 0xEA, 0x35, 
    0x0C, 0x3A, 0x2E, 0x3E, 0x72, 0x42, 0xB7, 0x4A, 0xBA, 0x4A, 0xDA, 0x52, 0xDA, 0x4E, 0xB9, 0x4E, 
    0x98, 0x46, 0x74, 0x46, 0x31, 0x3E, 0x30, 0x3E, 0x32, 0x3E, 0x74, 0x46, 0x56, 0x46, 0x76, 0x4A, 
    0x77, 0x4A, 0x75, 0x4A, 0x54, 0x42, 0x96, 0x4A, 0xB9, 0x52, 0xFB, 0x5A, 0xFC, 0x5A, 0xFB, 0x5A, 
    0xBA, 0x52, 0xB8, 0x4E, 0x77, 0x46, 0x75, 0x46, 0x75, 0x42, 0xB8, 0x4E, 0xDA, 0x52, 0xFA, 0x56, 
    0xDA, 0x52, 0xD9, 0x56, 0xB9, 0x52, 0xB7, 0x4E, 0x96, 0x4E, 0xB5, 0x52, 0xB5, 0x52, 0xD4, 0x56, 
    0xB4, 0x56, 0xB2, 0x56, 0x92, 0x52, 0x91, 0x52, 0x71, 0x4E, 0x6F, 0x4E, 0x4F, 0x4A, 0x70, 0x4E, 
    0x94, 0x52, 0xD5, 0x5A, 0xD6, 0x5A, 0xD6, 0x5A, 0xD6, 0x5A, 0xD6, 0x5A, 0xD7, 0x5A, 0xF8, 0x5E, 
    0xF9, 0x5A, 0x19, 0x5F, 0xF9, 0x5E, 0x19, 0x5F, 0xF9, 0x5A, 0x19, 0x5F, 0xFA, 0x5A, 0x1B, 0x5B, 
    0xFC, 0x56, 0x1B, 0x5B, 0x11, 0x4A, 0x83, 0x18, 0x64, 0x14, 0x28, 0x2D, 0x09, 0x29, 0x21, 0x08, 
    0x43, 0x0C, 0x42, 0x10, 0xA3, 0x1C, 0x26, 0x35, 0xAA, 0x49, 0x6F, 0x5E, 0x95, 0x5E, 0x75, 0x56, 
    0xDA, 0x56, 0x1C, 0x5B, 0xFC, 0x56, 0x1C, 0x5B, 0x1D, 0x5B, 0x3D, 0x5B, 0x1D, 0x57, 0x1C, 0x5B, 
    0xFD, 0x56, 0x1C, 0x57, 0xDB, 0x56, 0xDB, 0x56, 0xDB, 0x52, 0xDA, 0x56, 0xDB, 0x56, 0x1C, 0x5B, 
    0x1D, 0x5F, 0x3C, 0x63, 0xFB, 0x5A, 0xB8, 0x56, 0x56, 0x4E, 0x74, 0x52, 0x53, 0x4E, 0xEF, 0x41, 
    0x2A, 0x29, 0xCE, 0x3D, 0x2A, 0x2D, 0x63, 0x18, 0x84, 0x18, 0xC5, 0x20, 0xC6, 0x1C, 0x6A, 0x35, 
    0x64, 0x14, 0x84, 0x18, 0x85, 0x18, 0xC5, 0x20, 0x8A, 0x45, 0x2D, 0x5A, 0xB6, 0x5E, 0xD7, 0x56, 
    0xB7, 0x4E, 0xB6, 0x4E, 0xB7, 0x4E, 0xB8, 0x52, 0xB9, 0x52, 0xDA, 0x56, 0xDA, 0x52, 0xDA, 0x56, 
    0xDB, 0x56, 0xDA, 0x56, 0xBA, 0x52, 0xD9, 0x52, 0xB9, 0x4E, 0xD9, 0x52, 0xBA, 0x52, 0xDA, 0x56, 
    0xDB, 0x56, 0xFB, 0x5A, 0xFC, 0x56, 0x1C, 0x5B, 0x1D, 0x5B, 0x3D, 0x5F, 0x3E, 0x5F, 0x5D, 0x63, 
    0x5E, 0x63, 0x9E, 0x6B, 0x9F, 0x6B, 0xBE, 0x6F, 0xBF, 0x6F, 0xBF, 0x73, 0x9F, 0x6F, 0xBE, 0x6F, 
    0x9F, 0x6B, 0x7E, 0x67, 0x5E, 0x63, 0x3D, 0x63, 0x1D, 0x5F, 0x3C, 0x5F, 0x1D, 0x5F, 0x1C, 0x5F, 
    0xFC, 0x5A, 0xDA, 0x5A, 0xBA, 0x52, 0xB9, 0x56, 0xB8, 0x52, 0xB7, 0x52, 0x97, 0x4E, 0x94, 0x52, 
    0x73, 0x4E, 0x93, 0x52, 0x74, 0x4E, 0x93, 0x52, 0x73, 0x4E, 0x73, 0x4E, 0x74, 0x4E, 0x93, 0x52, 
    0x93, 0x52, 0x92, 0x52, 0x72, 0x4E, 0x71, 0x4A, 0x52, 0x4A, 0x52, 0x4A, 0x52, 0x4A, 0x71, 0x4A, 
    0x2E, 0x46, 0x0A, 0x46, 0x09, 0x42, 0x08, 0x42, 0xC7, 0x39, 0xE8, 0x41, 0x0A, 0x46, 0x4B, 0x4A, 
    0x4D, 0x4A, 0x2C, 0x4A, 0x2D, 0x46, 0x2D, 0x4A, 0x2E, 0x4A, 0x4E, 0x4E, 0x71, 0x4E, 0xD5, 0x5A, 
    0xF9, 0x5A, 0x3B, 0x63, 0x3D, 0x67, 0x5D, 0x6B, 0x5D, 0x67, 0x5D, 0x6B, 0x5E, 0x67, 0x5D, 0x6B, 
    0x5E, 0x6B, 0x7D, 0x6F, 0x7E, 0x6B, 0x7D, 0x6F, 0x5D, 0x6B, 0x7C, 0x6F, 0x5D, 0x6B, 0x7D, 0x6F, 
    0x7E, 0x6B, 0x7E, 0x6F, 0x7E, 0x6B, 0x7D, 0x6B, 0x5E, 0x6B, 0x7D, 0x6B, 0x5D, 0x67, 0x5C, 0x67, 
    0x3D, 0x63, 0x1B, 0x63, 0xFA, 0x5A, 0xD8, 0x5A, 0xD8, 0x56, 0xD8, 0x5A, 0xB8, 0x56, 0xD8, 0x5A, 
    0x33, 0x42, 0xAA, 0x31, 0xA8, 0x31, 0x87, 0x2D, 0xA7, 0x31, 0x87, 0x2D, 0xA7, 0x31, 0x86, 0x2D, 
    0xA6, 0x31, 0x86, 0x2D, 0xA6, 0x31, 0xA7, 0x2D, 0xC8, 0x35, 0xEB, 0x35, 0x0D, 0x3E, 0x0D, 0x3A, 
    0x0C, 0x3A, 0xEC, 0x35, 0xE9, 0x35, 0xC9, 0x31, 0xE8, 0x31, 0xC8, 0x31, 0xE9, 0x35, 0xEC, 0x35, 
    0x4E, 0x3E, 0x52, 0x3E, 0xB5, 0x46, 0xD9, 0x4A, 0xFB, 0x52, 0xFC, 0x52, 0xFB, 0x52, 0xDB, 0x4E, 
    0xD9, 0x4E, 0x98, 0x46, 0x73, 0x42, 0x30, 0x3A, 0x72, 0x3E, 0x75, 0x42, 0x95, 0x46, 0x76, 0x42, 
    0x75, 0x46, 0x55, 0x42, 0x73, 0x42, 0x76, 0x46, 0xD8, 0x4E, 0xDB, 0x52, 0xFB, 0x56, 0xFB, 0x56, 
    0xDA, 0x52, 0x97, 0x46, 0x75, 0x42, 0x76, 0x42, 0x96, 0x46, 0xB8, 0x4E, 0xF9, 0x56, 0xFA, 0x52, 
    0xF9, 0x52, 0xD9, 0x52, 0xD7, 0x52, 0xB7, 0x4E, 0xB6, 0x4E, 0xB6, 0x4E, 0xD5, 0x52, 0xD5, 0x52, 
    0xD3, 0x56, 0xB3, 0x52, 0xB1, 0x52, 0x91, 0x4E, 0x90, 0x4E, 0x70, 0x4A, 0x6E, 0x4A, 0x4F, 0x4A, 
    0x91, 0x4E, 0xB3, 0x52, 0xD4, 0x56, 0xB5, 0x56, 0xD5, 0x5A, 0xD6, 0x56, 0xF7, 0x5A, 0xF8, 0x5A, 
    0x18, 0x5F, 0x19, 0x5B, 0x19, 0x5F, 0x19, 0x5B, 0x19, 0x5F, 0x1A, 0x5B, 0x1A, 0x5B, 0x1C, 0x57, 
    0x3C, 0x57, 0x1C, 0x57, 0x95, 0x52, 0xC5, 0x20, 0x83, 0x14, 0x07, 0x29, 0x06, 0x25, 0x42, 0x08, 
    0x62, 0x0C, 0x42, 0x0C, 0xA3, 0x1C, 0xE5, 0x2C, 0x67, 0x3D, 0x0D, 0x52, 0xB2, 0x62, 0xB4, 0x5E, 
    0x73, 0x52, 0xB8, 0x52, 0x1B, 0x57, 0x1D, 0x57, 0x3C, 0x5B, 0x3D, 0x57, 0x3C, 0x5B, 0x1C, 0x57, 
    0x1C, 0x5B, 0x1C, 0x57, 0xFB, 0x56, 0xDB, 0x52, 0xFA, 0x56, 0xDA, 0x52, 0x1A, 0x57, 0x1C, 0x5B, 
    0x1A, 0x5F, 0xD9, 0x56, 0x95, 0x52, 0xD0, 0x39, 0x31, 0x46, 0x12, 0x42, 0x94, 0x56, 0x32, 0x4A, 
    0xAC, 0x39, 0xCE, 0x3D, 0x0F, 0x4A, 0xC6, 0x20, 0x06, 0x25, 0xC5, 0x1C, 0xA3, 0x18, 0xC5, 0x1C, 
    0xC4, 0x1C, 0x63, 0x10, 0xC4, 0x18, 0x07, 0x2D, 0xC9, 0x49, 0x4F, 0x5A, 0xD6, 0x5A, 0xB7, 0x4E, 
    0xB6, 0x4E, 0xB6, 0x4A, 0xB6, 0x4E, 0xB7, 0x4E, 0xD8, 0x52, 0xDA, 0x52, 0xDA, 0x56, 0xDA, 0x52, 
    0xFA, 0x56, 0xDA, 0x52, 0xD9, 0x4E, 0xB8, 0x4A, 0xB7, 0x4A, 0xB8, 0x4A, 0xD9, 0x52, 0xDA, 0x52, 
    0xFA, 0x56, 0xFB, 0x56, 0x1B, 0x5B, 0x1C, 0x57, 0x3C, 0x5B, 0x3D, 0x5B, 0x5D, 0x5F, 0x5D, 0x5F, 
    0x7D, 0x63, 0x9E, 0x67, 0xBE, 0x6B, 0xBF, 0x6B, 0xBE, 0x6F, 0xBF, 0x6F, 0xBE, 0x6B, 0x9E, 0x67, 
    0x9E, 0x67, 0x7E, 0x63, 0x7D, 0x63, 0x5D, 0x5F, 0x5C, 0x5F, 0x3D, 0x5F, 0x5C, 0x5F, 0x1C, 0x5B, 
    0x1B, 0x5B, 0xFA, 0x56, 0xD9, 0x56, 0xD9, 0x52, 0xD8, 0x52, 0xB8, 0x52, 0xB6, 0x52, 0x96, 0x4E, 
    0x94, 0x52, 0x95, 0x4E, 0x94, 0x52, 0x94, 0x4E, 0x93, 0x4E, 0x74, 0x4E, 0x93, 0x4E, 0x94, 0x4E, 
    0xB3, 0x52, 0xB3, 0x52, 0xB2, 0x52, 0x72, 0x4E, 0x92, 0x4E, 0x73, 0x4A, 0x92, 0x4E, 0x71, 0x4A, 
    0x2B, 0x42, 0x08, 0x3E, 0x06, 0x3E, 0xE6, 0x39, 0xE6, 0x3D, 0x09, 0x42, 0x29, 0x46, 0x4B, 0x4A, 
    0x6C, 0x4E, 0x2C, 0x46, 0x2C, 0x46, 0x2D, 0x46, 0x4D, 0x4A, 0x4E, 0x4A, 0x91, 0x52, 0xD6, 0x56, 
    0x18, 0x5B, 0x3B, 0x63, 0x5C, 0x67, 0x5D, 0x67, 0x7D, 0x6B, 0x5D, 0x67, 0x7D, 0x6B, 0x5D, 0x67, 
    0x7D, 0x6B, 0x7E, 0x6B, 0x9D, 0x6F, 0x7E, 0x6B, 0x9D, 0x6F, 0x7D, 0x6B, 0x9C, 0x6F, 0x7D, 0x6B, 
    0x9D, 0x6F, 0x7E, 0x6B, 0x9D, 0x6B, 0x7D, 0x6B, 0x7D, 0x6B, 0x5D, 0x67, 0x7C, 0x6B, 0x5D, 0x67, 
    0x5C, 0x67, 0x1B, 0x5F, 0x19, 0x5B, 0xD8, 0x56, 0xD7, 0x5A, 0xD8, 0x56, 0xD7, 0x56, 0xD8, 0x56, 
    0x12, 0x42, 0xA9, 0x31, 0xAA, 0x31, 0x87, 0x31, 0x87, 0x2D, 0x87, 0x31, 0x87, 0x31, 0x86, 0x31, 
    0x86, 0x2D, 0xA6, 0x31, 0x87, 0x2D, 0xA7, 0x31, 0xA8, 0x31, 0xEB, 0x39, 0x0D, 0x3A, 0x0D, 0x3E, 
    0xED, 0x39, 0x0C, 0x3A, 0xEA, 0x35, 0xE8, 0x35, 0xC9, 0x31, 0xE9, 0x35, 0xEA, 0x35, 0x0C, 0x3E, 
    0x30, 0x3E, 0x74, 0x46, 0xB9, 0x4E, 0xDA, 0x56, 0xFC, 0x56, 0x1C, 0x57, 0xFC, 0x56, 0xFB, 0x56, 
    0xDB, 0x52, 0xD9, 0x52, 0x76, 0x46, 0x73, 0x42, 0x76, 0x46, 0x96, 0x4A, 0x77, 0x46, 0x75, 0x46, 
    0x55, 0x42, 0x53, 0x42, 0x54, 0x42, 0x96, 0x46, 0xB9, 0x4E, 0xDA, 0x56, 0xDB, 0x56, 0xFA, 0x56, 
    0xBA, 0x52, 0x96, 0x46, 0x54, 0x3E, 0x75, 0x46, 0x97, 0x46, 0xD8, 0x52, 0xDA, 0x56, 0xF9, 0x56, 
    0xD9, 0x52, 0xD8, 0x52, 0xB8, 0x4E, 0xB7, 0x52, 0xB7, 0x4E, 0xB7, 0x52, 0xB7, 0x52, 0xD5, 0x56, 
    0xD4, 0x56, 0xD3, 0x56, 0x92, 0x52, 0x91, 0x52, 0x71, 0x4E, 0x6F, 0x4E, 0x4F, 0x4A, 0x4F, 0x4A, 
    0x50, 0x4A, 0x92, 0x52, 0x93, 0x52, 0xB3, 0x56, 0xB5, 0x56, 0xD6, 0x5A, 0xD7, 0x5A, 0xF7, 0x5A, 
    0xF9, 0x5A, 0x19, 0x5F, 0x1A, 0x5F, 0x1A, 0x5F, 0x1A, 0x5B, 0x1A, 0x5F, 0x1B, 0x5B, 0x3B, 0x5B, 
    0x1D, 0x5B, 0x3C, 0x5B, 0xDA, 0x56, 0x8A, 0x39, 0x84, 0x18, 0x06, 0x29, 0xC5, 0x1C, 0x41, 0x0C, 
    0x63, 0x0C, 0x41, 0x0C, 0xE7, 0x28, 0xE5, 0x28, 0x07, 0x31, 0xCB, 0x4D, 0x91, 0x62, 0xB2, 0x62, 
    0x93, 0x62, 0x32, 0x4E, 0xDA, 0x5A, 0xDA, 0x5A, 0xDA, 0x56, 0xFB, 0x5A, 0x1C, 0x5B, 0x1C, 0x5B, 
    0x1C, 0x5B, 0xFB, 0x5A, 0xB9, 0x52, 0xB8, 0x52, 0x97, 0x4E, 0xB7, 0x56, 0x96, 0x4E, 0x95, 0x52, 
    0x96, 0x52, 0xF9, 0x62, 0x34, 0x4A, 0x8D, 0x31, 0xAF, 0x35, 0x74, 0x52, 0x32, 0x4A, 0x30, 0x4A, 
    0x8C, 0x35, 0xAC, 0x3D, 0x31, 0x4E, 0x6A, 0x35, 0x8C, 0x39, 0x28, 0x2D, 0xC6, 0x1C, 0x6A, 0x35, 
    0xC6, 0x20, 0x42, 0x10, 0xA5, 0x18, 0x47, 0x39, 0xEB, 0x51, 0x92, 0x5E, 0xB7, 0x52, 0xB6, 0x52, 
    0xB6, 0x4E, 0xB5, 0x4E, 0x96, 0x4A, 0xB6, 0x4E, 0xB9, 0x4E, 0xD9, 0x56, 0xDA, 0x52, 0xDA, 0x56, 
    0xDB, 0x52, 0xDA, 0x52, 0xB9, 0x4E, 0x97, 0x4A, 0x98, 0x4A, 0xB8, 0x4E, 0xB9, 0x4E, 0xDA, 0x56, 
    0xDB, 0x56, 0xFB, 0x5A, 0xFC, 0x56, 0x1C, 0x5B, 0x3D, 0x5B, 0x5D, 0x5F, 0x5E, 0x5F, 0x5D, 0x63, 
    0x7E, 0x63, 0x9E, 0x6B, 0x9F, 0x6B, 0xBF, 0x6F, 0x9F, 0x6F, 0xBE, 0x6F, 0x9E, 0x67, 0x9E, 0x67, 
    0x7E, 0x63, 0x7E, 0x67, 0x5E, 0x63, 0x7D, 0x63, 0x5E, 0x5F, 0x5D, 0x63, 0x3D, 0x5F, 0x3C, 0x5F, 
    0xFC, 0x5A, 0xFA, 0x5A, 0xDA, 0x56, 0xD9, 0x56, 0xB9, 0x52, 0xB8, 0x56, 0xB8, 0x52, 0xB7, 0x56, 
    0x96, 0x52, 0x95, 0x52, 0x95, 0x52, 0x94, 0x52, 0x74, 0x4E, 0x94, 0x52, 0x95, 0x52, 0xB4, 0x56, 
    0xB3, 0x52, 0xD2, 0x56, 0xB3, 0x56, 0xB2, 0x52, 0x92, 0x4E, 0x92, 0x52, 0x71, 0x4A, 0x4D, 0x4A, 
    0x09, 0x42, 0x07, 0x42, 0xE7, 0x3D, 0xE6, 0x3D, 0xE7, 0x3D, 0x2A, 0x4A, 0x2B, 0x46, 0x4A, 0x4A, 
    0x4C, 0x4E, 0x4C, 0x4E, 0x0C, 0x46, 0x2D, 0x4A, 0x2D, 0x46, 0x4D, 0x4A, 0x92, 0x52, 0xD6, 0x5A, 
    0xF9, 0x5A, 0x3B, 0x63, 0x5D, 0x67, 0x5D, 0x6B, 0x5E, 0x67, 0x5D, 0x6B, 0x5E, 0x67, 0x5D, 0x6B, 
    0x5E, 0x6B, 0x7D, 0x6F, 0x7E, 0x6F, 0x9D, 0x6F, 0x7E, 0x6F, 0x9D, 0x6F, 0x7D, 0x6F, 0x9D, 0x6F, 
    0x7E, 0x6F, 0x9D, 0x6F, 0x7E, 0x6B, 0x9E, 0x6F, 0x7E, 0x6B, 0x7D, 0x6B, 0x5D, 0x6B, 0x5C, 0x6B, 
    0x3C, 0x63, 0x1A, 0x63, 0xF9, 0x5A, 0xD8, 0x5A, 0xD8, 0x56, 0xD8, 0x5A, 0xB8, 0x56, 0xD7, 0x56, 
    0xED, 0x39, 0x88, 0x2D, 0xA9, 0x31, 0x88, 0x2D, 0x86, 0x31, 0x87, 0x2D, 0x86, 0x31, 0x86, 0x2D, 
    0xA6, 0x31, 0x86, 0x2D, 0xA6, 0x31, 0x87, 0x2D, 0xA8, 0x31, 0xCA, 0x35, 0xEB, 0x39, 0xEC, 0x35, 
    0xEB, 0x39, 0xEB, 0x35, 0xE9, 0x35, 0xC8, 0x31, 0xE8, 0x35, 0xEA, 0x31, 0x0B, 0x3A, 0x2F, 0x3E, 
    0x73, 0x46, 0x96, 0x4A, 0xD9, 0x52, 0xDB, 0x52, 0xFC, 0x56, 0xFD, 0x56, 0x1C, 0x5B, 0x1C, 0x57, 
    0x1C, 0x5B, 0xFB, 0x52, 0xD8, 0x4E, 0x98, 0x4A, 0xB8, 0x4E, 0xB9, 0x4A, 0xB7, 0x4A, 0x76, 0x46, 
    0x74, 0x46, 0x32, 0x3E, 0x53, 0x42, 0x77, 0x46, 0xB8, 0x4E, 0xDA, 0x52, 0xFA, 0x56, 0xDB, 0x52, 
    0xB8, 0x4A, 0x55, 0x42, 0x53, 0x42, 0x75, 0x42, 0x96, 0x46, 0xD9, 0x4E, 0xFA, 0x56, 0xFA, 0x56, 
    0xF8, 0x56, 0xD8, 0x52, 0xD7, 0x52, 0xD8, 0x52, 0xD8, 0x52, 0xD8, 0x52, 0xD7, 0x56, 0xD6, 0x56, 
    0xD4, 0x5A, 0xB3, 0x56, 0xB1, 0x56, 0x91, 0x4E, 0x90, 0x4E, 0x6F, 0x4A, 0x6E, 0x4A, 0x4F, 0x46, 
    0x6F, 0x4A, 0x71, 0x4E, 0x91, 0x52, 0x92, 0x52, 0xD4, 0x56, 0xD6, 0x5A, 0xF6, 0x5A, 0xD7, 0x5A, 
    0xF7, 0x5A, 0xF9, 0x5A, 0x19, 0x5F, 0x1A, 0x5F, 0x3A, 0x5F, 0x1A, 0x5B, 0x3B, 0x5F, 0x1C, 0x5B, 
    0x3C, 0x5B, 0x3D, 0x57, 0x3C, 0x5B, 0x52, 0x4E, 0x05, 0x2D, 0xE6, 0x24, 0xC4, 0x1C, 0x22, 0x08, 
    0x62, 0x10, 0x42, 0x08, 0x06, 0x25, 0x84, 0x18, 0xE5, 0x24, 0x69, 0x39, 0xEC, 0x49, 0x2F, 0x56, 
    0xB2, 0x62, 0xF0, 0x41, 0x53, 0x4E, 0x12, 0x46, 0x53, 0x4A, 0xB9, 0x56, 0xD8, 0x56, 0xDA, 0x56, 
    0xD8, 0x56, 0xB7, 0x52, 0x95, 0x4E, 0x75, 0x4A, 0x53, 0x4A, 0x33, 0x46, 0xB6, 0x56, 0xB8, 0x5A, 
    0xB6, 0x56, 0x33, 0x46, 0xEF, 0x3D, 0xAF, 0x39, 0x31, 0x4E, 0xCD, 0x3D, 0x6A, 0x31, 0x51, 0x52, 
    0xEE, 0x41, 0x31, 0x4A, 0x8A, 0x35, 0x6A, 0x31, 0x69, 0x31, 0x08, 0x25, 0x6A, 0x35, 0x6A, 0x35, 
    0xE5, 0x20, 0x42, 0x10, 0xC4, 0x20, 0x89, 0x3D, 0x2D, 0x56, 0xD6, 0x5E, 0xD5, 0x52, 0xB6, 0x4E, 
    0xB5, 0x4E, 0x95, 0x4A, 0xB5, 0x4E, 0x96, 0x4A, 0xD8, 0x4E, 0xD9, 0x52, 0xFA, 0x56, 0xDB, 0x52, 
    0xFA, 0x56, 0xDA, 0x52, 0xB8, 0x4E, 0x98, 0x46, 0x97, 0x4A, 0x98, 0x4A, 0xD9, 0x52, 0xDB, 0x52, 
    0xFB, 0x56, 0xFC, 0x56, 0x1C, 0x5B, 0x1D, 0x5B, 0x5D, 0x5B, 0x5D, 0x5B, 0x5D, 0x5F, 0x5D, 0x5F, 
    0x9E, 0x67, 0x9F, 0x6B, 0xBE, 0x6F, 0xBF, 0x6F, 0xBE, 0x6F, 0x9E, 0x6B, 0x9E, 0x67, 0x7E, 0x63, 
    0x7E, 0x67, 0x7E, 0x63, 0x7E, 0x67, 0x7E, 0x63, 0x7D, 0x63, 0x5E, 0x63, 0x5D, 0x63, 0x1C, 0x5B, 
    0x1B, 0x5B, 0xFB, 0x56, 0xD9, 0x56, 0xB9, 0x52, 0xD8, 0x56, 0xB8, 0x52, 0xD8, 0x56, 0xB8, 0x52, 
    0xB6, 0x56, 0x95, 0x52, 0x95, 0x52, 0x95, 0x52, 0x94, 0x52, 0x95, 0x4E, 0xB4, 0x52, 0xB5, 0x56, 
    0xB2, 0x56, 0xB1, 0x52, 0xB1, 0x56, 0xB2, 0x52, 0xB1, 0x52, 0x91, 0x4E, 0x6D, 0x4E, 0x2B, 0x46, 
    0x08, 0x42, 0x08, 0x42, 0x07, 0x42, 0xC6, 0x39, 0xE7, 0x3D, 0x4B, 0x4A, 0x4B, 0x4A, 0x2A, 0x46, 
    0x6B, 0x4E, 0x6D, 0x4E, 0x2C, 0x4A, 0x0C, 0x46, 0x2C, 0x46, 0x2E, 0x46, 0x92, 0x52, 0xD7, 0x56, 
    0xF8, 0x5A, 0x3B, 0x63, 0x5C, 0x67, 0x5D, 0x67, 0x5D, 0x6B, 0x5D, 0x67, 0x5D, 0x6B, 0x5D, 0x67, 
    0x7D, 0x6B, 0x7E, 0x6B, 0x9D, 0x6F, 0x7E, 0x6F, 0x9D, 0x6F, 0x7D, 0x6F, 0x9C, 0x6F, 0x9D, 0x6F, 
    0x9D, 0x6F, 0x9E, 0x6F, 0x9D, 0x6F, 0x7E, 0x6F, 0x9D, 0x6F, 0x7E, 0x6B, 0x7D, 0x6B, 0x5D, 0x67, 
    0x5C, 0x67, 0x1B, 0x5F, 0x19, 0x5F, 0xD8, 0x56, 0xF8, 0x5A, 0xD9, 0x56, 0xD8, 0x5A, 0xB8, 0x56, 
    0xAA, 0x35, 0x88, 0x31, 0x89, 0x31, 0x88, 0x31, 0x87, 0x2D, 0x87, 0x31, 0x67, 0x2D, 0x86, 0x31, 
    0x86, 0x2D, 0x86, 0x31, 0x86, 0x31, 0xA6, 0x31, 0x88, 0x31, 0xC9, 0x35, 0xCA, 0x35, 0xC9, 0x39, 
    0xCA, 0x35, 0xE9, 0x35, 0xC9, 0x35, 0xE8, 0x35, 0xC9, 0x35, 0xEA, 0x39, 0x0D, 0x3A, 0x52, 0x42, 
    0x76, 0x46, 0x97, 0x4A, 0xB9, 0x4E, 0xDA, 0x56, 0xFC, 0x56, 0x1D, 0x5B, 0x1E, 0x5B, 0x3D, 0x5F, 
    0x1D, 0x5B, 0x1C, 0x5B, 0xDB, 0x52, 0xD9, 0x52, 0xDB, 0x52, 0xDA, 0x56, 0xB9, 0x4E, 0x96, 0x4A, 
    0x76, 0x46, 0x53, 0x42, 0x33, 0x3E, 0x97, 0x4A, 0x99, 0x4E, 0xDA, 0x56, 0xDB, 0x56, 0xDA, 0x56, 
    0x56, 0x46, 0x53, 0x42, 0x33, 0x3E, 0x74, 0x46, 0x97, 0x4A, 0xD9, 0x56, 0xFB, 0x56, 0xFA, 0x5A, 
    0xF9, 0x56, 0xF8, 0x56, 0xD9, 0x56, 0xF8, 0x56, 0xD9, 0x56, 0xD8, 0x56, 0xD7, 0x56, 0xD5, 0x5A, 
    0xB5, 0x56, 0xB3, 0x5A, 0x92, 0x52, 0xB1, 0x52, 0x71, 0x4E, 0x6F, 0x4E, 0x4F, 0x4A, 0x4E, 0x4A, 
    0x4F, 0x4A, 0x50, 0x4E, 0x51, 0x4E, 0x71, 0x52, 0x94, 0x56, 0xD5, 0x5A, 0xD6, 0x5A, 0xD6, 0x5A, 
    0xD7, 0x5A, 0xF8, 0x5E, 0xF9, 0x5E, 0x1A, 0x63, 0x1B, 0x5F, 0x1B, 0x5F, 0x1C, 0x5F, 0x3C, 0x5F, 
    0x1D, 0x5B, 0x3D, 0x5B, 0x3D, 0x5B, 0xD7, 0x5A, 0x8A, 0x41, 0xE5, 0x24, 0xE6, 0x24, 0x41, 0x08, 
    0x43, 0x10, 0x62, 0x10, 0xA5, 0x1C, 0x63, 0x14, 0xA5, 0x18, 0x48, 0x2D, 0x29, 0x2D, 0xAC, 0x41, 
    0xEE, 0x49, 0xEF, 0x45, 0xAF, 0x39, 0xAE, 0x3D, 0xD0, 0x3D, 0x53, 0x4E, 0x33, 0x4A, 0xD7, 0x5E, 
    0x96, 0x56, 0x32, 0x4A, 0x75, 0x4E, 0xF9, 0x5E, 0x97, 0x56, 0x33, 0x4A, 0x33, 0x46, 0xB7, 0x5A, 
    0xF2, 0x41, 0x4B, 0x2D, 0x4C, 0x2D, 0xCE, 0x3D, 0xB5, 0x5E, 0x51, 0x52, 0xAD, 0x3D, 0x93, 0x5A, 
    0x6C, 0x35, 0x10, 0x4A, 0x4A, 0x31, 0x8B, 0x35, 0x6B, 0x35, 0x29, 0x2D, 0x29, 0x2D, 0x49, 0x31, 
    0x29, 0x2D, 0xE6, 0x24, 0x4A, 0x35, 0xEC, 0x49, 0x51, 0x56, 0x18, 0x67, 0xB6, 0x56, 0x94, 0x4E, 
    0x95, 0x4A, 0x95, 0x4E, 0x96, 0x4A, 0x96, 0x4E, 0xB8, 0x4E, 0xD9, 0x52, 0xDA, 0x52, 0xDA, 0x56, 
    0xDB, 0x56, 0xDA, 0x52, 0x99, 0x4E, 0x98, 0x4A, 0x98, 0x4A, 0xB8, 0x4E, 0xBA, 0x52, 0xFB, 0x5A, 
    0xFC, 0x5A, 0x1C, 0x5B, 0x1D, 0x5B, 0x3C, 0x5B, 0x3D, 0x5B, 0x5D, 0x5F, 0x5E, 0x5F, 0x7D, 0x67, 
    0x7F, 0x6B, 0xBE, 0x6F, 0xBF, 0x6F, 0xBF, 0x73, 0x9F, 0x6F, 0x9E, 0x6B, 0x7E, 0x67, 0x7E, 0x67, 
    0x5E, 0x63, 0x7E, 0x67, 0x7E, 0x63, 0x7E, 0x67, 0x7E, 0x63, 0x5D, 0x63, 0x3D, 0x5F, 0x3C, 0x5F, 
    0xFC, 0x5A, 0xFB, 0x5A, 0xDA, 0x56, 0xD9, 0x56, 0xB9, 0x52, 0xD9, 0x56, 0xB9, 0x56, 0xD8, 0x56, 
    0xB7, 0x52, 0x95, 0x52, 0x95, 0x52, 0x95, 0x52, 0x95, 0x52, 0xB5, 0x56, 0x96, 0x56, 0xB5, 0x5A, 
    0xB3, 0x56, 0xB0, 0x56, 0x90, 0x52, 0x91, 0x52, 0x91, 0x52, 0x8F, 0x52, 0x4C, 0x4A, 0x29, 0x46, 
    0xE8, 0x41, 0x08, 0x46, 0xE8, 0x3D, 0xC5, 0x39, 0xC7, 0x39, 0x4B, 0x4A, 0x2B, 0x4A, 0x2A, 0x4A, 
    0x2A, 0x4A, 0x6D, 0x4E, 0x4E, 0x4A, 0x0C, 0x46, 0x0D, 0x46, 0x2D, 0x4A, 0x72, 0x52, 0xD6, 0x5A, 
    0xD9, 0x5A, 0x3B, 0x67, 0x3D, 0x67, 0x5D, 0x6B, 0x5E, 0x67, 0x5D, 0x6B, 0x5E, 0x67, 0x5D, 0x6B, 
    0x5E, 0x6B, 0x7D, 0x6F, 0x7E, 0x6F, 0x9E, 0x73, 0x7E, 0x6F, 0x9D, 0x73, 0x7D, 0x6F, 0x9D, 0x73, 
    0x7E, 0x6F, 0x9D, 0x73, 0x7E, 0x6F, 0x9E, 0x73, 0x7E, 0x6F, 0x7E, 0x6F, 0x7E, 0x6B, 0x7D, 0x6B, 
    0x3C, 0x67, 0x3B, 0x63, 0xFA, 0x5E, 0xF9, 0x5A, 0xD9, 0x5A, 0xD8, 0x5A, 0xB8, 0x56, 0xD8, 0x56, 
    0xA8, 0x31, 0x88, 0x2D, 0xA8, 0x31, 0xA8, 0x31, 0xA7, 0x2D, 0x87, 0x2D, 0x85, 0x2D, 0x85, 0x2D, 
    0x85, 0x2D, 0x85, 0x2D, 0xA5, 0x31, 0xA6, 0x2D, 0xA7, 0x31, 0xA8, 0x31, 0xC8, 0x31, 0xC9, 0x31, 
    0xE8, 0x35, 0xC9, 0x31, 0xE8, 0x35, 0xC9, 0x31, 0xE9, 0x35, 0xEC, 0x35, 0x4E, 0x3E, 0x52, 0x42, 
    0x75, 0x46, 0x75, 0x42, 0x95, 0x4A, 0xDA, 0x52, 0x1B, 0x5B, 0x1D, 0x5B, 0x3D, 0x5F, 0x3D, 0x5B, 
    0x3D, 0x5F, 0x1D, 0x5B, 0x1B, 0x57, 0xFB, 0x52, 0x1B, 0x5B, 0x1B, 0x57, 0xF9, 0x56, 0xB8, 0x4E, 
    0x96, 0x4A, 0x75, 0x42, 0x73, 0x42, 0x75, 0x46, 0xB7, 0x4A, 0xDA, 0x52, 0xFA, 0x56, 0xBA, 0x4E, 
    0x74, 0x42, 0x32, 0x3A, 0x52, 0x3E, 0x74, 0x42, 0xB6, 0x4A, 0xFA, 0x52, 0x1A, 0x5B, 0x1A, 0x57, 
    0x19, 0x5B, 0xF9, 0x56, 0x18, 0x5B, 0xF9, 0x56, 0xF8, 0x56, 0xF7, 0x56, 0xF5, 0x56, 0xD4, 0x56, 
    0xD3, 0x56, 0xB3, 0x52, 0xB2, 0x56, 0xB2, 0x52, 0x90, 0x4E, 0x70, 0x4A, 0x6F, 0x4E, 0x4F, 0x4A, 
    0x6F, 0x4A, 0x4F, 0x4A, 0x6F, 0x4E, 0x71, 0x4E, 0xB2, 0x56, 0xD4, 0x56, 0xF5, 0x5A, 0xD6, 0x5A, 
    0xF6, 0x5A, 0xF7, 0x5A, 0x18, 0x5F, 0x1A, 0x5F, 0x3A, 0x5F, 0x3B, 0x5F, 0x3B, 0x5F, 0x3C, 0x5B, 
    0x3C, 0x5B, 0x3D, 0x57, 0x5C, 0x5B, 0x1B, 0x57, 0x0E, 0x4E, 0x05, 0x2D, 0x06, 0x29, 0x63, 0x0C, 
    0x41, 0x0C, 0x83, 0x10, 0x07, 0x29, 0x42, 0x0C, 0x83, 0x14, 0x28, 0x25, 0x48, 0x2D, 0x30, 0x4E, 
    0xCD, 0x3D, 0x52, 0x4E, 0x52, 0x4E, 0x10, 0x42, 0x10, 0x42, 0xF0, 0x41, 0xCE, 0x39, 0xCF, 0x39, 
    0xD6, 0x5A, 0xD7, 0x5A, 0xB6, 0x56, 0xF9, 0x5E, 0xD7, 0x5A, 0xD8, 0x5A, 0x19, 0x63, 0x74, 0x4E, 
    0x6C, 0x2D, 0x4A, 0x29, 0x49, 0x29, 0xCE, 0x3D, 0xEE, 0x41, 0xCD, 0x3D, 0xED, 0x41, 0xCD, 0x3D, 
    0x06, 0x25, 0x8B, 0x31, 0x8A, 0x35, 0xAC, 0x39, 0x6A, 0x31, 0xCE, 0x3D, 0x50, 0x4E, 0xEE, 0x41, 
    0x8A, 0x35, 0x6B, 0x35, 0xEC, 0x45, 0xED, 0x49, 0x92, 0x5A, 0x17, 0x63, 0x17, 0x5F, 0x94, 0x4A, 
    0xB4, 0x4E, 0x95, 0x4A, 0xB5, 0x4A, 0xB7, 0x4A, 0xD8, 0x4E, 0xD9, 0x52, 0xD9, 0x52, 0xDA, 0x52, 
    0xFA, 0x56, 0xDA, 0x52, 0xB9, 0x4E, 0xB8, 0x4A, 0xB8, 0x4E, 0xB9, 0x4E, 0xFA, 0x52, 0xFB, 0x56, 
    0x1B, 0x5B, 0x1C, 0x57, 0x1C, 0x5B, 0x3C, 0x5B, 0x5C, 0x5B, 0x5D, 0x5F, 0x7D, 0x63, 0x9E, 0x67, 
    0xBE, 0x6F, 0xBF, 0x6F, 0xDE, 0x73, 0xBF, 0x73, 0xBE, 0x73, 0x9F, 0x6B, 0x9E, 0x6B, 0x7E, 0x63, 
    0x7D, 0x63, 0x7E, 0x63, 0x9E, 0x67, 0x7E, 0x63, 0x9E, 0x67, 0x5D, 0x5F, 0x5C, 0x5F, 0x1C, 0x5B, 
    0x1B, 0x5B, 0xFB, 0x56, 0xFA, 0x56, 0xD9, 0x52, 0xD8, 0x56, 0xD9, 0x52, 0xD8, 0x56, 0xD8, 0x56, 
    0xD6, 0x52, 0x95, 0x4E, 0xB5, 0x52, 0xB6, 0x52, 0xB5, 0x56, 0xB5, 0x52, 0xD5, 0x56, 0xD5, 0x5A, 
    0xD2, 0x5A, 0x90, 0x52, 0x8F, 0x52, 0x6F, 0x4E, 0x8E, 0x4E, 0x6D, 0x4E, 0x4A, 0x4A, 0x29, 0x42, 
    0x28, 0x42, 0x29, 0x42, 0x07, 0x3E, 0xA5, 0x31, 0xA5, 0x35, 0x2A, 0x46, 0x4A, 0x4A, 0x2A, 0x46, 
    0x29, 0x46, 0x4C, 0x4A, 0x6D, 0x4E, 0x2C, 0x46, 0x2C, 0x46, 0x2D, 0x46, 0x91, 0x52, 0xD6, 0x56, 
    0xF8, 0x5A, 0x3B, 0x63, 0x5C, 0x67, 0x5D, 0x67, 0x7D, 0x6B, 0x5D, 0x67, 0x7D, 0x6B, 0x5E, 0x67, 
    0x7D, 0x6B, 0x7E, 0x6B, 0x9D, 0x6F, 0x9E, 0x6F, 0x9D, 0x6F, 0x7C, 0x6F, 0x7C, 0x6F, 0x7D, 0x6F, 
    0x9D, 0x6F, 0x9D, 0x6F, 0x9D, 0x6F, 0x9E, 0x6F, 0x9E, 0x6F, 0x9E, 0x6B, 0x9D, 0x6B, 0x7D, 0x67, 
    0x5C, 0x67, 0x3B, 0x63, 0x19, 0x5F, 0xF9, 0x5A, 0xF9, 0x5A, 0xD9, 0x56, 0xF8, 0x56, 0xD8, 0x56, 
    0x89, 0x31, 0xA8, 0x31, 0x89, 0x31, 0xA8, 0x31, 0x88, 0x2D, 0x87, 0x31, 0x66, 0x2D, 0x85, 0x2D, 
    0x85, 0x2D, 0x85, 0x2D, 0x86, 0x2D, 0xA6, 0x31, 0xA7, 0x31, 0xA7, 0x31, 0xA8, 0x31, 0xC8, 0x35, 
    0xA8, 0x31, 0xC8, 0x35, 0xC9, 0x31, 0xE9, 0x35, 0xEB, 0x35, 0x0B, 0x3A, 0x2F, 0x3E, 0x51, 0x42, 
    0x32, 0x42, 0x52, 0x42, 0x75, 0x46, 0xD9, 0x52, 0xFC, 0x56, 0x1C, 0x5B, 0x1D, 0x5B, 0x3D, 0x5F, 
    0x1D, 0x5B, 0x3C, 0x5F, 0x1C, 0x5B, 0x1B, 0x5B, 0x1C, 0x5B, 0x3C, 0x5F, 0x1B, 0x5B, 0xF9, 0x56, 
    0xB8, 0x4E, 0xB6, 0x4E, 0x95, 0x46, 0x95, 0x4A, 0x97, 0x4A, 0xB8, 0x4E, 0xBA, 0x52, 0xB9, 0x4E, 
    0x54, 0x42, 0x31, 0x3E, 0x33, 0x3E, 0x74, 0x46, 0xB8, 0x4E, 0x1A, 0x5B, 0x1B, 0x5B, 0x1A, 0x5B, 
    0x19, 0x5B, 0x19, 0x5B, 0xF9, 0x5A, 0x19, 0x5B, 0xF9, 0x56, 0xF7, 0x5A, 0xD6, 0x56, 0xD4, 0x5A, 
    0xB3, 0x56, 0xD3, 0x56, 0xB3, 0x56, 0xB2, 0x56, 0x91, 0x4E, 0x70, 0x4E, 0x70, 0x4E, 0x6F, 0x4E, 
    0x70, 0x4A, 0x70, 0x4E, 0x4F, 0x4A, 0x6F, 0x4E, 0x72, 0x52, 0xB3, 0x56, 0xB4, 0x56, 0xD5, 0x5A, 
    0xD6, 0x5A, 0xF6, 0x5A, 0xF8, 0x5A, 0x1A, 0x5F, 0x1B, 0x5F, 0x3B, 0x63, 0x3C, 0x5F, 0x3C, 0x5F, 
    0x1C, 0x5B, 0x3C, 0x5B, 0x3D, 0x57, 0x3D, 0x5B, 0x75, 0x52, 0x46, 0x39, 0xC5, 0x24, 0x63, 0x10, 
    0x21, 0x04, 0xC5, 0x1C, 0xE7, 0x24, 0xC5, 0x1C, 0x29, 0x29, 0x0F, 0x4A, 0x8C, 0x35, 0x48, 0x2D, 
    0x10, 0x46, 0x93, 0x56, 0x73, 0x52, 0xCD, 0x3D, 0xF0, 0x45, 0x8C, 0x35, 0x4B, 0x2D, 0xEF, 0x45, 
    0xF0, 0x41, 0x18, 0x63, 0xF9, 0x62, 0x95, 0x56, 0x12, 0x46, 0x95, 0x52, 0x54, 0x4E, 0x10, 0x4A, 
    0x2B, 0x2D, 0x4A, 0x2D, 0x8C, 0x35, 0xED, 0x45, 0xAD, 0x3D, 0x93, 0x5A, 0x51, 0x4E, 0x06, 0x25, 
    0x4B, 0x31, 0xCD, 0x3D, 0x6B, 0x31, 0xAC, 0x39, 0x8C, 0x39, 0x8B, 0x35, 0x0F, 0x46, 0x50, 0x52, 
    0x72, 0x56, 0xEE, 0x45, 0x10, 0x4A, 0x0E, 0x4A, 0x72, 0x52, 0xB4, 0x5A, 0xF7, 0x5E, 0x94, 0x52, 
    0x95, 0x4A, 0x95, 0x4A, 0x97, 0x4A, 0xB7, 0x4E, 0xB9, 0x4E, 0xD9, 0x52, 0xDA, 0x52, 0xDA, 0x56, 
    0xDB, 0x52, 0xDA, 0x56, 0xBA, 0x4E, 0xB9, 0x4E, 0xB9, 0x4E, 0xD9, 0x52, 0xDA, 0x52, 0xFA, 0x56, 
    0xFC, 0x56, 0x1B, 0x5B, 0x1C, 0x5B, 0x3C, 0x5B, 0x3D, 0x5B, 0x7D, 0x63, 0x7E, 0x67, 0xBE, 0x6F, 
    0xBF, 0x73, 0xDE, 0x77, 0xBF, 0x77, 0xDF, 0x77, 0xBF, 0x73, 0xBE, 0x73, 0x9F, 0x6B, 0x9E, 0x6B, 
    0x7E, 0x67, 0x9E, 0x67, 0x7E, 0x67, 0x9E, 0x67, 0x7E, 0x63, 0x5D, 0x63, 0x3D, 0x5F, 0x3C, 0x5F, 
    0x1C, 0x5B, 0x1B, 0x5B, 0xDA, 0x56, 0xD9, 0x56, 0xB9, 0x52, 0xD8, 0x56, 0xD9, 0x56, 0xD8, 0x56, 
    0xB7, 0x52, 0xB5, 0x52, 0x96, 0x52, 0xB6, 0x56, 0xB7, 0x56, 0xD6, 0x5A, 0xD7, 0x5A, 0xF5, 0x62, 
    0xB2, 0x56, 0xB0, 0x56, 0xB1, 0x56, 0x8F, 0x52, 0x6E, 0x4E, 0x6C, 0x4E, 0x4B, 0x4A, 0x2A, 0x4A, 
    0x09, 0x42, 0x08, 0x46, 0xE7, 0x3D, 0x84, 0x31, 0x85, 0x31, 0x09, 0x46, 0x2B, 0x4A, 0x29, 0x4A, 
    0x09, 0x42, 0x4A, 0x4A, 0x4D, 0x4E, 0x4C, 0x4E, 0x2D, 0x46, 0x2C, 0x4A, 0x71, 0x4E, 0xD5, 0x56, 
    0xD8, 0x5A, 0x3B, 0x63, 0x3D, 0x67, 0x5D, 0x6B, 0x5D, 0x67, 0x7D, 0x6B, 0x5E, 0x6B, 0x7D, 0x6B, 
    0x7E, 0x6B, 0x7D, 0x6F, 0x7E, 0x6F, 0x9E, 0x6F, 0x7D, 0x6F, 0x7B, 0x6F, 0x5C, 0x6B, 0x7C, 0x6F, 
    0x7D, 0x6F, 0x9D, 0x6F, 0x7E, 0x6F, 0x9E, 0x6F, 0x9E, 0x6F, 0x9E, 0x6F, 0x7E, 0x6B, 0x7D, 0x6B, 
    0x5D, 0x67, 0x3B, 0x67, 0x1B, 0x5F, 0x19, 0x5F, 0xFA, 0x5A, 0xF9, 0x5A, 0xD9, 0x56, 0xD8, 0x5A, 
    0xAA, 0x35, 0xAA, 0x31, 0xA9, 0x35, 0xA9, 0x31, 0xA8, 0x31, 0x87, 0x31, 0x85, 0x2D, 0x85, 0x2D, 
    0x85, 0x2D, 0x85, 0x2D, 0x85, 0x2D, 0x86, 0x2D, 0xA6, 0x31, 0xA8, 0x31, 0xA7, 0x31, 0xA8, 0x31, 
    0xC7, 0x31, 0xC8, 0x31, 0xE8, 0x35, 0xEA, 0x35, 0x0A, 0x3A, 0xEB, 0x35, 0x0C, 0x3A, 0x2F, 0x3E, 
    0x50, 0x42, 0x52, 0x42, 0x74, 0x46, 0x98, 0x4E, 0xFB, 0x56, 0x1C, 0x5B, 0x3C, 0x5B, 0x1D, 0x5B, 
    0x3C, 0x5F, 0x1D, 0x5B, 0x1C, 0x5B, 0xFC, 0x56, 0x3B, 0x5B, 0x3C, 0x5F, 0x3B, 0x5F, 0x1B, 0x5B, 
    0xF9, 0x56, 0xD8, 0x52, 0xD6, 0x4E, 0xB6, 0x4A, 0xB6, 0x4E, 0x97, 0x4A, 0xB8, 0x4E, 0x98, 0x4A, 
    0x74, 0x42, 0x31, 0x3A, 0x52, 0x42, 0x95, 0x46, 0xF8, 0x52, 0x1B, 0x5B, 0x3A, 0x5F, 0x1A, 0x5B, 
    0x39, 0x5F, 0x19, 0x5B, 0x39, 0x5F, 0x19, 0x5B, 0x17, 0x5B, 0xF7, 0x5A, 0xF5, 0x5A, 0xD4, 0x56, 
    0xD3, 0x56, 0xB3, 0x56, 0xD3, 0x5A, 0xB3, 0x56, 0xB1, 0x56, 0x91, 0x52, 0x90, 0x4E, 0x71, 0x4E, 
    0x91, 0x52, 0x71, 0x4E, 0x4F, 0x4A, 0x4F, 0x4A, 0x90, 0x52, 0xB3, 0x56, 0xD3, 0x5A, 0xB4, 0x56, 
    0xD4, 0x5A, 0xD6, 0x5A, 0x18, 0x5B, 0x1A, 0x5F, 0x3B, 0x63, 0x3C, 0x63, 0x3B, 0x63, 0x3C, 0x5F, 
    0x3B, 0x5F, 0x1C, 0x57, 0x3C, 0x5B, 0x1C, 0x57, 0xFA, 0x5A, 0xCD, 0x45, 0xE4, 0x28, 0x62, 0x0C, 
    0x40, 0x08, 0xA5, 0x18, 0xA3, 0x18, 0xC6, 0x1C, 0xAC, 0x3D, 0x6B, 0x35, 0x8B, 0x35, 0xE6, 0x20, 
    0xCC, 0x3D, 0xEF, 0x45, 0x69, 0x31, 0x6B, 0x35, 0x30, 0x4A, 0xEF, 0x41, 0x0E, 0x46, 0x93, 0x5A, 
    0x30, 0x4A, 0x53, 0x4E, 0xB5, 0x56, 0x74, 0x4E, 0x95, 0x52, 0xB7, 0x56, 0x51, 0x4A, 0xCE, 0x41, 
    0x6A, 0x35, 0x8C, 0x35, 0x0F, 0x4A, 0x6A, 0x35, 0xEE, 0x41, 0x52, 0x52, 0x30, 0x4E, 0x51, 0x4E, 
    0x30, 0x4E, 0x8C, 0x35, 0x49, 0x2D, 0x6C, 0x35, 0xAC, 0x3D, 0x08, 0x25, 0x0F, 0x4A, 0x72, 0x52, 
    0x72, 0x56, 0xEF, 0x45, 0xED, 0x45, 0x30, 0x4E, 0x2F, 0x4A, 0x72, 0x52, 0xB4, 0x5A, 0x94, 0x4E, 
    0x94, 0x4E, 0x96, 0x4A, 0xB7, 0x4E, 0xB8, 0x4E, 0xD9, 0x52, 0xD9, 0x52, 0xD9, 0x52, 0xDA, 0x52, 
    0xDA, 0x56, 0xDB, 0x52, 0xD9, 0x52, 0xB9, 0x4E, 0xD9, 0x52, 0xBA, 0x4E, 0xD9, 0x52, 0xDA, 0x52, 
    0xFA, 0x56, 0xFB, 0x56, 0x3C, 0x5B, 0x3D, 0x5B, 0x7D, 0x63, 0x7E, 0x67, 0xBE, 0x6F, 0xBF, 0x73, 
    0xDE, 0x77, 0xDF, 0x77, 0xDE, 0x7B, 0xDF, 0x77, 0xDE, 0x77, 0xBF, 0x73, 0xBE, 0x6F, 0x9E, 0x6B, 
    0x9E, 0x6B, 0x9E, 0x67, 0x9E, 0x67, 0x9E, 0x67, 0x7D, 0x67, 0x5D, 0x5F, 0x3C, 0x5F, 0x1C, 0x5B, 
    0x1B, 0x5F, 0xFB, 0x5A, 0xFA, 0x5A, 0xD9, 0x56, 0xD8, 0x56, 0xD9, 0x52, 0xD8, 0x56, 0xD8, 0x56, 
    0xD6, 0x56, 0x96, 0x52, 0xB6, 0x56, 0xB7, 0x56, 0xF7, 0x5A, 0xF8, 0x5A, 0x17, 0x63, 0xF5, 0x5E, 
    0xB1, 0x5A, 0xB2, 0x56, 0xD2, 0x5A, 0x90, 0x52, 0x6D, 0x4E, 0x6D, 0x4A, 0x4B, 0x4A, 0x2A, 0x46, 
    0x28, 0x46, 0x08, 0x42, 0xE6, 0x39, 0x84, 0x2D, 0x84, 0x31, 0xE9, 0x41, 0x2A, 0x4A, 0x2A, 0x46, 
    0x08, 0x46, 0x29, 0x46, 0x6B, 0x4E, 0x4C, 0x4A, 0x4C, 0x4A, 0x2D, 0x46, 0x6F, 0x4E, 0xB5, 0x52, 
    0xF7, 0x5A, 0x1B, 0x5F, 0x5C, 0x67, 0x5D, 0x67, 0x5D, 0x6B, 0x5E, 0x67, 0x7D, 0x6B, 0x5E, 0x67, 
    0x7D, 0x6B, 0x7E, 0x6B, 0x7D, 0x6F, 0x7E, 0x6B, 0x7C, 0x6F, 0x5B, 0x6B, 0x5A, 0x6B, 0x5B, 0x6B, 
    0x7C, 0x6F, 0x7D, 0x6B, 0x9D, 0x6F, 0x7E, 0x6F, 0x9D, 0x6F, 0x7E, 0x6B, 0x7D, 0x6B, 0x5D, 0x67, 
    0x5C, 0x67, 0x3C, 0x63, 0x3B, 0x63, 0x1A, 0x5F, 0x19, 0x5F, 0xF9, 0x5A, 0xF8, 0x5A, 0xD9, 0x56, 
    0xAC, 0x35, 0xCC, 0x39, 0xAA, 0x31, 0xA8, 0x35, 0x88, 0x31, 0xA7, 0x31, 0x86, 0x2D, 0x85, 0x31, 
    0x65, 0x2D, 0x85, 0x31, 0x65, 0x2D, 0x85, 0x31, 0x86, 0x2D, 0xA7, 0x31, 0xA8, 0x31, 0xA7, 0x31, 
    0x87, 0x31, 0xA7, 0x35, 0xC9, 0x35, 0xE9, 0x39, 0xEB, 0x39, 0xEB, 0x39, 0xEB, 0x35, 0x0D, 0x3E, 
    0x2F, 0x3E, 0x51, 0x42, 0x54, 0x46, 0x96, 0x4A, 0xBA, 0x52, 0xFB, 0x5A, 0x1D, 0x5B, 0x3D, 0x5F, 
    0x1D, 0x5B, 0x1C, 0x5B, 0xFC, 0x56, 0xFB, 0x56, 0xFC, 0x5A, 0x3C, 0x5F, 0x1C, 0x5F, 0x3C, 0x63, 
    0x1C, 0x5F, 0x1A, 0x5B, 0xD9, 0x56, 0xD7, 0x56, 0xB7, 0x52, 0x95, 0x4E, 0x75, 0x46, 0x76, 0x4A, 
    0x55, 0x42, 0x51, 0x42, 0x53, 0x42, 0xB5, 0x4E, 0xF9, 0x56, 0x3B, 0x5F, 0x3B, 0x5F, 0x3A, 0x63, 
    0x1A, 0x5F, 0x39, 0x5F, 0x19, 0x5F, 0x18, 0x5F, 0x18, 0x5B, 0x16, 0x5F, 0xF6, 0x5A, 0xF4, 0x5A, 
    0xB4, 0x56, 0xD4, 0x5A, 0xF5, 0x5A, 0xF4, 0x5E, 0xD4, 0x5A, 0xD3, 0x5A, 0x91, 0x52, 0x91, 0x52, 
    0xB3, 0x56, 0x92, 0x52, 0x50, 0x4E, 0x4F, 0x4E, 0x71, 0x4E, 0xB2, 0x56, 0xB4, 0x5A, 0xB4, 0x5A, 
    0xB4, 0x56, 0xD5, 0x5A, 0xF9, 0x5A, 0x1A, 0x5F, 0x1C, 0x63, 0x3C, 0x67, 0x3C, 0x63, 0x3B, 0x63, 
    0x1C, 0x5B, 0x1B, 0x5B, 0x1C, 0x57, 0x1B, 0x57, 0xFC, 0x56, 0x75, 0x56, 0x06, 0x31, 0xC4, 0x24, 
    0x63, 0x14, 0x62, 0x10, 0x84, 0x18, 0xC5, 0x20, 0x2A, 0x2D, 0x8B, 0x39, 0xCF, 0x41, 0x49, 0x31, 
    0xCD, 0x3D, 0x28, 0x2D, 0x8C, 0x39, 0x6A, 0x35, 0xE8, 0x24, 0x0E, 0x4A, 0x30, 0x52, 0xEE, 0x49, 
    0xD7, 0x62, 0x39, 0x6B, 0xF8, 0x62, 0x73, 0x52, 0x96, 0x56, 0x95, 0x56, 0xF0, 0x45, 0x50, 0x52, 
    0x31, 0x52, 0x30, 0x4E, 0x6B, 0x39, 0xAB, 0x3D, 0xD5, 0x62, 0xD5, 0x62, 0x32, 0x4E, 0x94, 0x5A, 
    0xAE, 0x3D, 0xCD, 0x41, 0x29, 0x2D, 0x8B, 0x39, 0x4A, 0x31, 0x07, 0x29, 0xAD, 0x3D, 0x0F, 0x4A, 
    0x8C, 0x39, 0x8B, 0x39, 0x10, 0x4A, 0x51, 0x56, 0x31, 0x4E, 0x73, 0x56, 0x53, 0x4E, 0x52, 0x4A, 
    0x95, 0x4E, 0xB6, 0x4E, 0xB8, 0x4E, 0xD9, 0x52, 0xBA, 0x52, 0xD9, 0x56, 0xBA, 0x52, 0xDA, 0x56, 
    0xDB, 0x56, 0xDA, 0x56, 0xDB, 0x52, 0xDA, 0x52, 0xBA, 0x52, 0xD9, 0x52, 0xBA, 0x52, 0xDA, 0x56, 
    0xDB, 0x52, 0xFB, 0x56, 0x1C, 0x5B, 0x5D, 0x5F, 0x7E, 0x67, 0x9E, 0x6F, 0xBF, 0x73, 0xDE, 0x7B, 
    0xDF, 0x7B, 0xDF, 0x7B, 0xDF, 0x7B, 0xDF, 0x7B, 0xDF, 0x77, 0xDF, 0x77, 0xBF, 0x73, 0xBE, 0x6F, 
    0x9F, 0x6B, 0x9E, 0x6B, 0x9F, 0x67, 0x9E, 0x67, 0x5E, 0x63, 0x5D, 0x63, 0x1D, 0x5F, 0x1C, 0x5F, 
    0xFC, 0x5A, 0xFB, 0x5A, 0xDA, 0x56, 0xD9, 0x56, 0xB9, 0x56, 0xD9, 0x56, 0xB9, 0x56, 0xD8, 0x5A, 
    0xB7, 0x52, 0xB6, 0x52, 0x97, 0x52, 0xD8, 0x5A, 0xF9, 0x5E, 0x19, 0x63, 0x19, 0x67, 0xD3, 0x5E, 
    0xB2, 0x56, 0xB2, 0x5A, 0x91, 0x52, 0x8F, 0x52, 0x6F, 0x4E, 0x8F, 0x52, 0x2B, 0x4A, 0x4A, 0x4A, 
    0x0A, 0x46, 0x08, 0x42, 0xA6, 0x35, 0x83, 0x2D, 0x86, 0x35, 0x09, 0x46, 0x0A, 0x46, 0x2A, 0x4A, 
    0x0A, 0x46, 0x28, 0x46, 0x4B, 0x4A, 0x4B, 0x4A, 0x0B, 0x46, 0x2C, 0x4A, 0x4F, 0x4A, 0xB4, 0x56, 
    0xD7, 0x5A, 0x1A, 0x63, 0x3C, 0x67, 0x5D, 0x67, 0x3E, 0x67, 0x5D, 0x6B, 0x5E, 0x67, 0x5D, 0x6B, 
    0x5E, 0x6B, 0x7D, 0x6F, 0x5E, 0x6F, 0x7D, 0x6F, 0x5D, 0x6B, 0x5A, 0x6B, 0x3A, 0x67, 0x5A, 0x6B, 
    0x5B, 0x6B, 0x5B, 0x6F, 0x5D, 0x6B, 0x7D, 0x6F, 0x7D, 0x6B, 0x7D, 0x6F, 0x5D, 0x6B, 0x5D, 0x6B, 
    0x3D, 0x67, 0x3C, 0x67, 0x1C, 0x63, 0x1A, 0x63, 0xFA, 0x5E, 0xF9, 0x5E, 0xD9, 0x5A, 0xD9, 0x5A, 
    0xEC, 0x35, 0xCC, 0x35, 0xC9, 0x31, 0xA8, 0x2D, 0xA7, 0x31, 0x87, 0x2D, 0x85, 0x2D, 0x85, 0x2D, 
    0x84, 0x2D, 0x85, 0x2D, 0x84, 0x2D, 0x85, 0x2D, 0xA5, 0x31, 0xA6, 0x2D, 0xA7, 0x31, 0xA7, 0x2D, 
    0xA6, 0x31, 0xA7, 0x31, 0xC8, 0x35, 0xC9, 0x35, 0xEA, 0x39, 0xEB, 0x35, 0x0B, 0x3A, 0x0C, 0x3A, 
    0x2D, 0x3E, 0x51, 0x3E, 0x73, 0x46, 0x76, 0x46, 0xD8, 0x4E, 0xFB, 0x52, 0x1B, 0x57, 0x1C, 0x57, 
    0x1C, 0x5B, 0xFB, 0x56, 0xFA, 0x52, 0xDA, 0x52, 0x1A, 0x57, 0x1B, 0x5B, 0x3B, 0x5F, 0x3C, 0x5F, 
    0x5C, 0x63, 0x3C, 0x5F, 0x19, 0x5B, 0xF8, 0x56, 0xF6, 0x56, 0x95, 0x4E, 0x73, 0x46, 0x74, 0x42, 
    0x73, 0x42, 0x51, 0x42, 0x92, 0x4A, 0xD5, 0x4E, 0x19, 0x5B, 0x3B, 0x5F, 0x5A, 0x5F, 0x3A, 0x5F, 
    0x39, 0x63, 0x39, 0x5F, 0x38, 0x63, 0x18, 0x5F, 0x37, 0x5F, 0x16, 0x5B, 0x15, 0x5B, 0xF4, 0x56, 
    0xF3, 0x5A, 0xF4, 0x5A, 0x15, 0x5F, 0x16, 0x5F, 0x36, 0x63, 0x16, 0x63, 0xD3, 0x5A, 0xB2, 0x52, 
    0xD3, 0x56, 0xB3, 0x56, 0x90, 0x4E, 0x4F, 0x4A, 0x90, 0x4E, 0xB2, 0x52, 0xD3, 0x5A, 0xB4, 0x56, 
    0xB3, 0x56, 0xD5, 0x56, 0xF8, 0x5A, 0x1A, 0x5B, 0x3B, 0x63, 0x3C, 0x63, 0x5B, 0x63, 0x3B, 0x5F, 
    0x3B, 0x5B, 0x1B, 0x57, 0x1A, 0x57, 0xFB, 0x52, 0x1B, 0x57, 0xDB, 0x56, 0xAC, 0x3D, 0x06, 0x2D, 
    0xE5, 0x24, 0x83, 0x10, 0x06, 0x25, 0x28, 0x29, 0xE6, 0x20, 0x8B, 0x35, 0x49, 0x31, 0xAC, 0x3D, 
    0x0E, 0x46, 0xAD, 0x3D, 0x27, 0x29, 0xE5, 0x1C, 0x6A, 0x31, 0x93, 0x56, 0x8A, 0x35, 0x8B, 0x39, 
    0x91, 0x56, 0x51, 0x52, 0xF6, 0x5E, 0xF7, 0x5E, 0x94, 0x52, 0xCE, 0x39, 0x51, 0x4E, 0x8B, 0x35, 
    0x0E, 0x4A, 0xCD, 0x41, 0x27, 0x29, 0x0E, 0x46, 0xB2, 0x5A, 0x0F, 0x46, 0x0E, 0x46, 0x10, 0x46, 
    0x69, 0x31, 0xCD, 0x41, 0x0D, 0x4A, 0x0E, 0x4A, 0xCC, 0x3D, 0x29, 0x29, 0x8A, 0x39, 0xCD, 0x41, 
    0x48, 0x2D, 0x29, 0x29, 0xAC, 0x3D, 0x51, 0x52, 0xD4, 0x5E, 0xB5, 0x5A, 0x93, 0x56, 0x52, 0x4A, 
    0xB5, 0x52, 0xB7, 0x4E, 0xD8, 0x52, 0xD9, 0x52, 0xF9, 0x56, 0xDA, 0x52, 0xD9, 0x52, 0xDA, 0x52, 
    0xDA, 0x56, 0xDB, 0x52, 0xFA, 0x56, 0xDA, 0x52, 0xD9, 0x52, 0xB9, 0x4E, 0xD9, 0x52, 0xB9, 0x4E, 
    0xD9, 0x52, 0xFB, 0x52, 0x3C, 0x5B, 0x5E, 0x5F, 0x9D, 0x6B, 0xBE, 0x6F, 0xDE, 0x77, 0xDF, 0x77, 
    0xFE, 0x7B, 0xDF, 0x7B, 0xFE, 0x7B, 0xDF, 0x7B, 0xFE, 0x7B, 0xDF, 0x77, 0xDE, 0x73, 0xBF, 0x6F, 
    0xBE, 0x6F, 0x9F, 0x6B, 0x9E, 0x6B, 0x7E, 0x63, 0x7D, 0x63, 0x3D, 0x5F, 0x3C, 0x5F, 0x1C, 0x5B, 
    0x1B, 0x5B, 0xFB, 0x56, 0xF9, 0x56, 0xD9, 0x52, 0xD8, 0x56, 0xB9, 0x52, 0xD8, 0x56, 0xD8, 0x56, 
    0xD7, 0x52, 0x96, 0x4E, 0xB6, 0x52, 0xD9, 0x56, 0x19, 0x5F, 0x3A, 0x63, 0x16, 0x63, 0xB2, 0x5A, 
    0xF5, 0x5E, 0x91, 0x52, 0x8F, 0x52, 0x6F, 0x4E, 0xB0, 0x52, 0xB1, 0x52, 0x6B, 0x4A, 0x2A, 0x46, 
    0x28, 0x42, 0x08, 0x3E, 0xC5, 0x35, 0x64, 0x29, 0xE6, 0x39, 0x09, 0x42, 0x29, 0x42, 0x2A, 0x46, 
    0x4A, 0x46, 0x09, 0x42, 0x29, 0x46, 0x2A, 0x46, 0x2A, 0x46, 0x0B, 0x42, 0x4D, 0x4A, 0x93, 0x52, 
    0xD5, 0x5A, 0x19, 0x5F, 0x5B, 0x63, 0x5D, 0x63, 0x5D, 0x67, 0x5D, 0x67, 0x5D, 0x67, 0x5D, 0x67, 
    0x7D, 0x6B, 0x5D, 0x6B, 0x7D, 0x6B, 0x5C, 0x67, 0x5B, 0x67, 0x39, 0x67, 0x38, 0x67, 0x3A, 0x67, 
    0x5A, 0x6B, 0x5A, 0x67, 0x5A, 0x6B, 0x5C, 0x67, 0x7C, 0x6B, 0x5C, 0x6B, 0x7C, 0x6B, 0x5C, 0x67, 
    0x5C, 0x67, 0x3C, 0x63, 0x3B, 0x63, 0x1B, 0x5F, 0x1A, 0x5F, 0xFA, 0x5A, 0xF9, 0x5A, 0xD9, 0x5A, 
    0xCD, 0x35, 0xCB, 0x35, 0xA9, 0x31, 0xA7, 0x31, 0x87, 0x2D, 0x86, 0x31, 0x86, 0x2D, 0x85, 0x2D, 
    0x65, 0x2D, 0x85, 0x31, 0x85, 0x2D, 0x85, 0x31, 0x86, 0x2D, 0xA6, 0x31, 0xA7, 0x31, 0xA7, 0x31, 
    0x87, 0x2D, 0xA7, 0x31, 0xA8, 0x31, 0xC9, 0x39, 0xEA, 0x39, 0xEB, 0x39, 0xEC, 0x39, 0x2D, 0x3E, 
    0x2F, 0x3E, 0x50, 0x42, 0x54, 0x42, 0x96, 0x4A, 0xB8, 0x4E, 0xD9, 0x52, 0xDA, 0x52, 0xDA, 0x56, 
    0xDB, 0x56, 0xFA, 0x56, 0xDA, 0x52, 0xD9, 0x52, 0xFA, 0x56, 0x1B, 0x5B, 0x1C, 0x5F, 0x5C, 0x63, 
    0x5D, 0x63, 0x7D, 0x67, 0x3C, 0x63, 0x19, 0x5F, 0xF7, 0x5A, 0xD6, 0x56, 0x74, 0x4A, 0x72, 0x46, 
    0x51, 0x42, 0x70, 0x46, 0x93, 0x4A, 0xD6, 0x56, 0x1A, 0x5B, 0x3B, 0x63, 0x3B, 0x63, 0x59, 0x63, 
    0x39, 0x63, 0x38, 0x63, 0x19, 0x63, 0x38, 0x63, 0x18, 0x5F, 0x16, 0x5F, 0xF5, 0x5A, 0xF4, 0x5A, 
    0xF5, 0x5A, 0x15, 0x5F, 0x37, 0x63, 0x58, 0x6B, 0x59, 0x6B, 0x58, 0x6B, 0x16, 0x63, 0xF4, 0x5E, 
    0xD4, 0x5A, 0xD4, 0x5A, 0x93, 0x52, 0x71, 0x4E, 0x72, 0x4E, 0xB2, 0x56, 0xB4, 0x56, 0xB3, 0x5A, 
    0xB4, 0x56, 0xD5, 0x5A, 0xF9, 0x5A, 0x19, 0x5F, 0x3B, 0x63, 0x5B, 0x67, 0x3C, 0x63, 0x3B, 0x5F, 
    0x1B, 0x5B, 0x1A, 0x5B, 0xFB, 0x56, 0xFA, 0x56, 0xDB, 0x52, 0xFC, 0x5A, 0x33, 0x4A, 0x47, 0x35, 
    0x49, 0x31, 0xE5, 0x20, 0x49, 0x2D, 0x6A, 0x35, 0x6B, 0x35, 0x6A, 0x31, 0xE7, 0x20, 0x28, 0x2D, 
    0x10, 0x4A, 0x50, 0x52, 0x4A, 0x31, 0x69, 0x31, 0xCE, 0x41, 0x72, 0x56, 0xCD, 0x41, 0xCC, 0x41, 
    0xCD, 0x41, 0x0E, 0x4A, 0x6C, 0x31, 0x94, 0x56, 0x96, 0x56, 0x74, 0x52, 0xEF, 0x45, 0xAC, 0x41, 
    0xCE, 0x41, 0xAC, 0x41, 0xCE, 0x45, 0x0E, 0x4E, 0x8C, 0x39, 0x49, 0x31, 0x4B, 0x31, 0x0E, 0x46, 
    0x8C, 0x3D, 0x6A, 0x39, 0xCC, 0x45, 0xEC, 0x45, 0x4A, 0x31, 0x27, 0x2D, 0x4A, 0x35, 0xAB, 0x3D, 
    0x08, 0x29, 0x28, 0x29, 0x29, 0x29, 0x8B, 0x39, 0x73, 0x56, 0xD5, 0x5E, 0x74, 0x56, 0x94, 0x56, 
    0xD7, 0x5A, 0xF8, 0x56, 0xDA, 0x52, 0xFA, 0x56, 0xDB, 0x56, 0xFA, 0x56, 0xDA, 0x52, 0xD9, 0x56, 
    0xBA, 0x52, 0xDA, 0x56, 0xDB, 0x56, 0xFA, 0x56, 0xBA, 0x52, 0xD9, 0x52, 0xB9, 0x4E, 0xD9, 0x52, 
    0xDA, 0x52, 0xFB, 0x56, 0x3D, 0x5B, 0x7E, 0x67, 0x9F, 0x6B, 0xDE, 0x73, 0xDF, 0x77, 0xFF, 0x7F, 
    0xDF, 0x7B, 0xFE, 0x7F, 0xDF, 0x7B, 0xFF, 0x7F, 0xDF, 0x7B, 0xDE, 0x7B, 0xBF, 0x77, 0xBE, 0x73, 
    0x9F, 0x6F, 0xBE, 0x6F, 0x9F, 0x67, 0x7E, 0x67, 0x5D, 0x5F, 0x3D, 0x5F, 0x1C, 0x5B, 0x1B, 0x5B, 
    0xFB, 0x5A, 0xFA, 0x5A, 0xDA, 0x56, 0xD8, 0x56, 0xB9, 0x52, 0xB8, 0x56, 0xB9, 0x56, 0xD8, 0x56, 
    0xB8, 0x52, 0xB6, 0x52, 0x97, 0x52, 0xF9, 0x5A, 0x1B, 0x63, 0x3A, 0x67, 0xD4, 0x5A, 0xF6, 0x5E, 
    0x19, 0x63, 0xD3, 0x5A, 0x6F, 0x4E, 0x8F, 0x52, 0xB2, 0x56, 0xAF, 0x56, 0x6C, 0x4E, 0x4A, 0x4A, 
    0x09, 0x42, 0x08, 0x3E, 0xA6, 0x35, 0x84, 0x31, 0xE8, 0x3D, 0x29, 0x46, 0xE9, 0x3D, 0x4B, 0x4A, 
    0x4B, 0x4A, 0x08, 0x46, 0x09, 0x42, 0x29, 0x46, 0x0A, 0x46, 0x2B, 0x4A, 0x2D, 0x46, 0x71, 0x52, 
    0xB5, 0x56, 0xF8, 0x5E, 0x1B, 0x63, 0x3C, 0x67, 0x3D, 0x67, 0x5D, 0x67, 0x3D, 0x67, 0x5D, 0x67, 
    0x5D, 0x67, 0x5D, 0x6B, 0x5D, 0x67, 0x5C, 0x67, 0x3B, 0x63, 0x17, 0x63, 0x18, 0x63, 0x39, 0x67, 
    0x39, 0x67, 0x39, 0x67, 0x3A, 0x67, 0x5A, 0x6B, 0x3B, 0x67, 0x5B, 0x6B, 0x3C, 0x67, 0x3C, 0x67, 
    0x3C, 0x63, 0x3C, 0x67, 0x1C, 0x63, 0x3B, 0x63, 0x1B, 0x5F, 0x19, 0x5F, 0xD9, 0x5A, 0xF9, 0x5A, 
    0xCC, 0x35, 0xCB, 0x35, 0xC8, 0x35, 0x87, 0x2D, 0x86, 0x31, 0x86, 0x2D, 0x85, 0x2D, 0x85, 0x2D, 
    0x84, 0x2D, 0x85, 0x2D, 0x85, 0x2D, 0x85, 0x2D, 0xA5, 0x31, 0xA6, 0x2D, 0xA6, 0x31, 0xA8, 0x31, 
    0xA7, 0x31, 0xA7, 0x2D, 0xA7, 0x31, 0xC9, 0x35, 0xEA, 0x39, 0xEB, 0x39, 0x0B, 0x3A, 0x0D, 0x3A, 
    0x4F, 0x42, 0x31, 0x3E, 0x73, 0x46, 0x76, 0x46, 0x96, 0x4A, 0x97, 0x4A, 0x97, 0x4A, 0x98, 0x4A, 
    0xD9, 0x52, 0xDA, 0x52, 0xD9, 0x52, 0xD8, 0x4E, 0xF9, 0x56, 0x1C, 0x5B, 0x5C, 0x5F, 0x5C, 0x63, 
    0x7C, 0x67, 0x5D, 0x67, 0x7C, 0x67, 0x3B, 0x63, 0x18, 0x5F, 0xF6, 0x5A, 0xD4, 0x52, 0x52, 0x46, 
    0x50, 0x42, 0x50, 0x46, 0xB2, 0x52, 0xF7, 0x56, 0x3A, 0x5F, 0x3B, 0x5F, 0x5A, 0x63, 0x39, 0x63, 
    0x58, 0x63, 0x39, 0x63, 0x38, 0x63, 0x38, 0x63, 0x37, 0x63, 0x16, 0x5B, 0x14, 0x5B, 0xF5, 0x5A, 
    0x15, 0x5F, 0x36, 0x63, 0x58, 0x67, 0x79, 0x6B, 0x79, 0x6F, 0x79, 0x6B, 0x78, 0x6B, 0x37, 0x67, 
    0x14, 0x5F, 0xF6, 0x5A, 0xD5, 0x5A, 0xB4, 0x52, 0xB2, 0x52, 0x93, 0x52, 0xB3, 0x56, 0xB4, 0x56, 
    0xB4, 0x5A, 0xD6, 0x56, 0xF8, 0x5A, 0xFA, 0x5A, 0x3A, 0x63, 0x3C, 0x63, 0x3B, 0x63, 0x1B, 0x5F, 
    0x19, 0x5B, 0xF9, 0x56, 0xF9, 0x56, 0xDA, 0x52, 0xFA, 0x56, 0xFB, 0x56, 0x54, 0x4E, 0x48, 0x35, 
    0x8A, 0x39, 0xAD, 0x3D, 0xCC, 0x41, 0xAC, 0x39, 0x28, 0x29, 0x08, 0x25, 0xE6, 0x20, 0xAD, 0x39, 
    0xEE, 0x41, 0xEE, 0x41, 0xED, 0x45, 0xCD, 0x41, 0x49, 0x31, 0x29, 0x2D, 0x48, 0x2D, 0x49, 0x31, 
    0xCD, 0x41, 0xCD, 0x41, 0x31, 0x4A, 0x53, 0x4E, 0xEF, 0x41, 0x52, 0x4E, 0x50, 0x52, 0x92, 0x5A, 
    0xCC, 0x41, 0xAB, 0x3D, 0x4F, 0x56, 0xAC, 0x3D, 0xEE, 0x41, 0xEF, 0x45, 0x8B, 0x35, 0xCD, 0x41, 
    0x0E, 0x4E, 0x49, 0x31, 0x69, 0x35, 0x4A, 0x35, 0x28, 0x2D, 0x07, 0x29, 0x69, 0x35, 0x49, 0x31, 
    0x69, 0x35, 0x8B, 0x39, 0xED, 0x45, 0xAC, 0x3D, 0x6A, 0x31, 0x73, 0x52, 0xB4, 0x5A, 0xD7, 0x5E, 
    0x18, 0x63, 0xF9, 0x5A, 0x1A, 0x5B, 0xFB, 0x56, 0x1A, 0x5B, 0xFA, 0x56, 0xD9, 0x56, 0xB9, 0x52, 
    0xD9, 0x52, 0xDA, 0x52, 0xFA, 0x56, 0xDB, 0x52, 0xD9, 0x52, 0xB9, 0x4E, 0xB8, 0x52, 0xB9, 0x4E, 
    0xD9, 0x52, 0xFB, 0x56, 0x3C, 0x5F, 0x7E, 0x63, 0xBE, 0x6F, 0xDF, 0x77, 0xFE, 0x7B, 0xDF, 0x7B, 
    0xFE, 0x7F, 0xFF, 0x7B, 0xFE, 0x7F, 0xFF, 0x7B, 0xFE, 0x7F, 0xDF, 0x7B, 0xDE, 0x77, 0xBF, 0x73, 
    0xBE, 0x6F, 0x9F, 0x6B, 0x9E, 0x6B, 0x7E, 0x63, 0x5D, 0x63, 0x3D, 0x5B, 0x3C, 0x5B, 0x1C, 0x5B, 
    0x1B, 0x5B, 0xFA, 0x56, 0xD9, 0x56, 0xB9, 0x52, 0xB8, 0x52, 0xB8, 0x52, 0xD8, 0x56, 0xB8, 0x52, 
    0xD7, 0x56, 0x96, 0x52, 0xB6, 0x52, 0xF9, 0x5A, 0x3B, 0x63, 0x18, 0x63, 0xD4, 0x5A, 0x3B, 0x67, 
    0x5A, 0x6B, 0x17, 0x63, 0xB0, 0x52, 0x70, 0x4E, 0xB1, 0x56, 0x6E, 0x4E, 0x6C, 0x4E, 0x2B, 0x46, 
    0x08, 0x42, 0xE8, 0x39, 0xC6, 0x39, 0xA6, 0x35, 0x08, 0x42, 0x2A, 0x46, 0xE8, 0x3D, 0x4B, 0x4A, 
    0x6B, 0x4E, 0x09, 0x42, 0x08, 0x42, 0x2A, 0x46, 0x4B, 0x4A, 0x4C, 0x4A, 0x2C, 0x46, 0x4E, 0x4A, 
    0x92, 0x52, 0xD6, 0x5A, 0x19, 0x63, 0x3C, 0x63, 0x5C, 0x67, 0x3D, 0x63, 0x5C, 0x67, 0x3D, 0x63, 
    0x5C, 0x67, 0x3D, 0x67, 0x5C, 0x67, 0x3B, 0x63, 0x18, 0x63, 0xF6, 0x5E, 0x17, 0x63, 0x19, 0x63, 
    0x39, 0x67, 0x19, 0x63, 0x38, 0x67, 0x39, 0x63, 0x39, 0x67, 0x3A, 0x63, 0x3A, 0x67, 0x3B, 0x63, 
    0x3B, 0x67, 0x3C, 0x63, 0x3B, 0x63, 0x1B, 0x5F, 0x1A, 0x5F, 0xFA, 0x5A, 0xF9, 0x5A, 0xD9, 0x5A, 
    0xAB, 0x35, 0xAA, 0x35, 0xA8, 0x31, 0x87, 0x31, 0x87, 0x31, 0x86, 0x31, 0x86, 0x2D, 0x85, 0x31, 
    0x85, 0x2D, 0x85, 0x31, 0x85, 0x2D, 0x85, 0x31, 0x86, 0x2D, 0xA6, 0x31, 0xA7, 0x31, 0xC9, 0x35, 
    0xCA, 0x35, 0xA7, 0x31, 0x88, 0x31, 0xA8, 0x35, 0xCA, 0x39, 0xEA, 0x39, 0xEB, 0x39, 0x0C, 0x3E, 
    0x10, 0x3E, 0x51, 0x46, 0x51, 0x42, 0x53, 0x46, 0x55, 0x42, 0x55, 0x46, 0x77, 0x46, 0xB8, 0x4E, 
    0xB9, 0x4E, 0xD9, 0x52, 0xB8, 0x4E, 0xD7, 0x52, 0xDA, 0x56, 0x3C, 0x5F, 0x3D, 0x5F, 0x5C, 0x67, 
    0x5D, 0x67, 0x7C, 0x67, 0x5D, 0x67, 0x5C, 0x67, 0x3A, 0x63, 0x16, 0x63, 0xD5, 0x5A, 0x73, 0x4E, 
    0x31, 0x42, 0x70, 0x4A, 0xB4, 0x52, 0xF8, 0x5A, 0x3B, 0x5F, 0x5B, 0x63, 0x3A, 0x63, 0x38, 0x63, 
    0x39, 0x63, 0x38, 0x67, 0x39, 0x63, 0x38, 0x67, 0x17, 0x5F, 0x15, 0x5F, 0xF5, 0x5A, 0x16, 0x63, 
    0x17, 0x63, 0x58, 0x67, 0x7A, 0x6B, 0x9A, 0x73, 0x7B, 0x73, 0x9A, 0x73, 0x7A, 0x6F, 0x79, 0x6F, 
    0x37, 0x67, 0x17, 0x63, 0xD7, 0x5A, 0xD5, 0x56, 0xB5, 0x56, 0xB4, 0x56, 0x94, 0x56, 0xB4, 0x5A, 
    0x94, 0x56, 0xB5, 0x5A, 0xD8, 0x56, 0xF9, 0x5E, 0x1B, 0x5F, 0x3B, 0x63, 0x1B, 0x63, 0x3A, 0x63, 
    0xFA, 0x5A, 0xF9, 0x5A, 0xD9, 0x56, 0xF9, 0x56, 0xDA, 0x52, 0xFB, 0x5A, 0x34, 0x4A, 0x48, 0x31, 
    0x6A, 0x35, 0xAC, 0x3D, 0x2A, 0x2D, 0x07, 0x29, 0x09, 0x29, 0x08, 0x25, 0x09, 0x25, 0x4A, 0x31, 
    0x2A, 0x2D, 0x08, 0x29, 0xF0, 0x45, 0xCD, 0x41, 0x2A, 0x2D, 0xE7, 0x24, 0x09, 0x29, 0x08, 0x29, 
    0x29, 0x2D, 0xEE, 0x45, 0x74, 0x56, 0x52, 0x4E, 0x54, 0x4E, 0x94, 0x5A, 0x52, 0x52, 0x70, 0x5A, 
    0x4A, 0x35, 0x69, 0x35, 0x4A, 0x31, 0x28, 0x29, 0x6C, 0x35, 0x6A, 0x35, 0x4A, 0x31, 0x28, 0x2D, 
    0x6A, 0x35, 0x07, 0x29, 0x28, 0x2D, 0x06, 0x29, 0x28, 0x2D, 0x48, 0x31, 0x28, 0x31, 0x27, 0x31, 
    0xAB, 0x45, 0xEC, 0x51, 0x2E, 0x56, 0x0E, 0x56, 0x4A, 0x2D, 0xAC, 0x39, 0x74, 0x56, 0x18, 0x6B, 
    0xF9, 0x62, 0x19, 0x5F, 0x1B, 0x5F, 0x1B, 0x5F, 0xFB, 0x5A, 0xFA, 0x5A, 0xDA, 0x52, 0xD9, 0x52, 
    0xB9, 0x4E, 0xD9, 0x52, 0xDB, 0x52, 0xDA, 0x56, 0xBA, 0x52, 0xB9, 0x52, 0x99, 0x4E, 0xB9, 0x52, 
    0xBA, 0x52, 0xFB, 0x56, 0x3D, 0x5F, 0x9E, 0x6B, 0xBF, 0x73, 0xDF, 0x7B, 0xDF, 0x7B, 0xFF, 0x7F, 
    0xDF, 0x7F, 0xFF, 0x7F, 0xFF, 0x7F, 0xFF, 0x7F, 0xDF, 0x7F, 0xFF, 0x7F, 0xDF, 0x77, 0xDF, 0x77, 
    0xBF, 0x73, 0xBF, 0x6F, 0x7F, 0x67, 0x7D, 0x63, 0x3D, 0x5F, 0x3C, 0x5F, 0x1C, 0x5B, 0x1B, 0x5B, 
    0xFB, 0x5A, 0xFA, 0x5A, 0xD9, 0x56, 0xB8, 0x52, 0x98, 0x52, 0xB7, 0x52, 0xB8, 0x52, 0xB8, 0x56, 
    0xB8, 0x52, 0xB6, 0x52, 0x97, 0x52, 0xF9, 0x5E, 0x3B, 0x63, 0xD6, 0x5E, 0xF9, 0x5E, 0x7C, 0x6F, 
    0x5B, 0x6B, 0x15, 0x67, 0xB1, 0x56, 0x90, 0x52, 0xB4, 0x5A, 0x6D, 0x52, 0x4C, 0x4A, 0x4B, 0x4A, 
    0xE9, 0x3D, 0xE8, 0x3D, 0xC8, 0x3D, 0xE8, 0x3D, 0xE9, 0x41, 0x09, 0x46, 0xE9, 0x3D, 0x6B, 0x4E, 
    0x4C, 0x4A, 0x29, 0x46, 0x09, 0x42, 0x29, 0x46, 0x4C, 0x4E, 0x6D, 0x52, 0x2D, 0x4A, 0x2C, 0x4A, 
    0x4F, 0x4E, 0xB3, 0x56, 0xD8, 0x5A, 0x1A, 0x63, 0x1C, 0x63, 0x3C, 0x67, 0x3D, 0x63, 0x3C, 0x67, 
    0x3D, 0x67, 0x3C, 0x67, 0x1C, 0x63, 0x1A, 0x63, 0xF7, 0x5E, 0xF6, 0x5E, 0xF7, 0x5E, 0x18, 0x67, 
    0x19, 0x63, 0x18, 0x67, 0x19, 0x63, 0x18, 0x67, 0x19, 0x63, 0x19, 0x63, 0x1A, 0x63, 0x1A, 0x63, 
    0x1B, 0x63, 0x1B, 0x63, 0x1C, 0x63, 0x1B, 0x63, 0xFA, 0x5E, 0xF9, 0x5E, 0xD9, 0x5A, 0xD9, 0x5A, 
    0xC9, 0x31, 0xA8, 0x31, 0xA7, 0x31, 0x86, 0x2D, 0xA6, 0x31, 0x86, 0x2D, 0xA5, 0x2D, 0x85, 0x2D, 
    0xA5, 0x2D, 0x85, 0x2D, 0xA5, 0x2D, 0x85, 0x2D, 0xA5, 0x2D, 0xA6, 0x2D, 0xC7, 0x31, 0xCA, 0x35, 
    0xE9, 0x35, 0xA8, 0x31, 0xA7, 0x31, 0xA8, 0x31, 0xC8, 0x35, 0xCA, 0x35, 0xEA, 0x39, 0xEC, 0x39, 
    0x0D, 0x3E, 0x30, 0x3E, 0x4F, 0x42, 0x30, 0x3E, 0x53, 0x42, 0x55, 0x42, 0x97, 0x4A, 0xB9, 0x4E, 
    0xD9, 0x52, 0xD9, 0x4E, 0xD7, 0x4E, 0xD8, 0x4E, 0xF9, 0x56, 0x3C, 0x5B, 0x5C, 0x63, 0x5C, 0x63, 
    0x7B, 0x67, 0x7C, 0x67, 0x7B, 0x67, 0x7C, 0x67, 0x7A, 0x67, 0x38, 0x63, 0x15, 0x5F, 0xB3, 0x4E, 
    0x71, 0x4A, 0x91, 0x4A, 0xF4, 0x56, 0x19, 0x5B, 0x5B, 0x63, 0x5B, 0x63, 0x5A, 0x63, 0x38, 0x5F, 
    0x57, 0x63, 0x38, 0x5F, 0x37, 0x63, 0x38, 0x63, 0x36, 0x5F, 0xF5, 0x5A, 0x15, 0x5F, 0x37, 0x5F, 
    0x57, 0x67, 0x79, 0x67, 0x9A, 0x6F, 0x9B, 0x73, 0xBB, 0x73, 0xBC, 0x73, 0xBB, 0x73, 0x9A, 0x6F, 
    0x79, 0x6B, 0x38, 0x63, 0x17, 0x5F, 0xD7, 0x56, 0xF5, 0x5A, 0xD5, 0x56, 0xD4, 0x56, 0x94, 0x52, 
    0xB3, 0x56, 0xB5, 0x52, 0xF7, 0x56, 0xF9, 0x56, 0x39, 0x5F, 0x3A, 0x5F, 0x3A, 0x5F, 0x1A, 0x5B, 
    0x19, 0x5B, 0xF8, 0x56, 0xF7, 0x56, 0xD8, 0x52, 0xF9, 0x52, 0xDA, 0x56, 0x52, 0x4A, 0x6A, 0x31, 
    0xAB, 0x39, 0x6B, 0x31, 0x28, 0x29, 0x4A, 0x2D, 0x07, 0x25, 0x49, 0x2D, 0xAB, 0x3D, 0x29, 0x29, 
    0x07, 0x21, 0xE8, 0x20, 0x6A, 0x31, 0x29, 0x2D, 0x28, 0x25, 0xC6, 0x18, 0xE6, 0x20, 0xE7, 0x20, 
    0x06, 0x25, 0x49, 0x2D, 0xEE, 0x41, 0x31, 0x4A, 0x10, 0x46, 0x31, 0x4A, 0x51, 0x52, 0xCC, 0x41, 
    0x8A, 0x39, 0x28, 0x29, 0xE6, 0x20, 0xC6, 0x18, 0xC5, 0x1C, 0xC6, 0x20, 0x07, 0x29, 0xA5, 0x18, 
    0xE5, 0x20, 0xE6, 0x20, 0xE5, 0x24, 0xC5, 0x20, 0x68, 0x35, 0x49, 0x31, 0x26, 0x2D, 0x48, 0x35, 
    0xA8, 0x45, 0xCB, 0x4D, 0x4D, 0x5E, 0x6F, 0x62, 0x4F, 0x52, 0xCD, 0x41, 0x6A, 0x31, 0x53, 0x4E, 
    0xF7, 0x62, 0xF8, 0x5E, 0x3A, 0x5F, 0x1B, 0x5B, 0x1A, 0x5B, 0xFA, 0x56, 0xD9, 0x56, 0xB9, 0x4E, 
    0xB8, 0x4E, 0xB9, 0x4E, 0xD9, 0x52, 0xDA, 0x52, 0xD9, 0x52, 0xB9, 0x4E, 0xB8, 0x4E, 0xB9, 0x4E, 
    0xD9, 0x52, 0xFB, 0x56, 0x5D, 0x5F, 0x9E, 0x6B, 0xDE, 0x77, 0xDF, 0x7B, 0xFE, 0x7F, 0xFF, 0x7F, 
    0xFF, 0x7F, 0xFF, 0x7F, 0xFF, 0x7F, 0xFF, 0x7F, 0xFF, 0x7F, 0xFF, 0x7B, 0xFE, 0x7B, 0xDF, 0x73, 
    0xDE, 0x73, 0xBF, 0x6F, 0x9E, 0x6B, 0x5D, 0x63, 0x5C, 0x5F, 0x1C, 0x5B, 0x1B, 0x5B, 0xFB, 0x56, 
    0xFA, 0x5A, 0xD9, 0x56, 0xD8, 0x52, 0xB7, 0x4E, 0xB6, 0x52, 0x97, 0x4E, 0xB7, 0x52, 0xB7, 0x52, 
    0xB7, 0x52, 0xB6, 0x4E, 0xB6, 0x52, 0xD9, 0x56, 0x3A, 0x63, 0xD7, 0x56, 0x5B, 0x67, 0x7D, 0x6B, 
    0x38, 0x67, 0xF3, 0x5E, 0xB0, 0x56, 0x70, 0x4E, 0xD2, 0x5A, 0x6D, 0x4E, 0x4B, 0x4A, 0x4B, 0x46, 
    0x29, 0x42, 0x09, 0x3E, 0x29, 0x42, 0x09, 0x42, 0x08, 0x42, 0xE8, 0x3D, 0x08, 0x42, 0x6C, 0x4E, 
    0x6B, 0x4A, 0x09, 0x42, 0x28, 0x42, 0x09, 0x42, 0x6B, 0x4A, 0x8E, 0x52, 0x8E, 0x52, 0x2C, 0x46, 
    0x4C, 0x4A, 0x70, 0x4E, 0xD4, 0x56, 0x18, 0x5F, 0x3A, 0x63, 0x3C, 0x63, 0x3B, 0x63, 0x3C, 0x63, 
    0x3B, 0x63, 0x3C, 0x5F, 0x3A, 0x63, 0x19, 0x5F, 0xF6, 0x5E, 0xD6, 0x5A, 0xF6, 0x5E, 0x18, 0x63, 
    0x38, 0x63, 0x18, 0x63, 0x17, 0x63, 0x18, 0x5F, 0x17, 0x63, 0x18, 0x5F, 0x19, 0x63, 0x1A, 0x5F, 
    0x1A, 0x63, 0x1B, 0x5F, 0x1A, 0x5F, 0x1A, 0x5F, 0x19, 0x5F, 0xF9, 0x5A, 0xF8, 0x5A, 0xD8, 0x56, 
    0x88, 0x31, 0xA7, 0x31, 0x87, 0x31, 0x86, 0x31, 0x86, 0x31, 0x85, 0x31, 0x86, 0x2D, 0x85, 0x31, 
    0x86, 0x2D, 0xA5, 0x31, 0x85, 0x2D, 0xA5, 0x31, 0x86, 0x2D, 0xA6, 0x31, 0xA7, 0x31, 0xC8, 0x35, 
    0xA9, 0x35, 0xC9, 0x35, 0xA9, 0x31, 0xA7, 0x31, 0xA8, 0x31, 0xC8, 0x35, 0xCA, 0x35, 0xEA, 0x39, 
    0xEC, 0x39, 0x2E, 0x3E, 0x30, 0x42, 0x50, 0x42, 0x54, 0x42, 0x76, 0x46, 0x97, 0x4A, 0xB8, 0x4E, 
    0xB9, 0x4E, 0xD8, 0x52, 0xB8, 0x4E, 0xD8, 0x52, 0xFA, 0x56, 0x3B, 0x5F, 0x3C, 0x5F, 0x5B, 0x63, 
    0x5C, 0x63, 0x7B, 0x67, 0x7C, 0x67, 0x7C, 0x6B, 0x5B, 0x67, 0x59, 0x6B, 0xF5, 0x5E, 0xB3, 0x56, 
    0x93, 0x4E, 0xB2, 0x4E, 0xD6, 0x56, 0x19, 0x5F, 0x3C, 0x63, 0x5B, 0x67, 0x3A, 0x5F, 0x38, 0x63, 
    0x17, 0x5F, 0x17, 0x5F, 0x18, 0x63, 0x38, 0x63, 0x17, 0x5F, 0x15, 0x5F, 0x16, 0x5F, 0x37, 0x67, 
    0x59, 0x67, 0x9A, 0x6F, 0x9C, 0x73, 0xBC, 0x77, 0xBD, 0x77, 0xBC, 0x77, 0xBC, 0x77, 0xBB, 0x77, 
    0x7B, 0x6F, 0x59, 0x6B, 0x19, 0x5F, 0xF8, 0x5E, 0xF7, 0x5A, 0xD5, 0x5A, 0xB5, 0x56, 0xB4, 0x56, 
    0x93, 0x52, 0xB5, 0x52, 0xB8, 0x52, 0xF8, 0x5A, 0xF9, 0x5A, 0x19, 0x5F, 0x19, 0x5F, 0x19, 0x5F, 
    0xF9, 0x5A, 0xF7, 0x5A, 0xD7, 0x56, 0xF7, 0x56, 0xD9, 0x52, 0xD8, 0x56, 0x12, 0x46, 0x6A, 0x31, 
    0x4A, 0x2D, 0x28, 0x2D, 0x8C, 0x39, 0x6A, 0x35, 0x4A, 0x31, 0x8B, 0x39, 0xAC, 0x41, 0x4A, 0x35, 
    0xE7, 0x24, 0xC6, 0x20, 0xC7, 0x1C, 0xC5, 0x1C, 0xA6, 0x18, 0xA5, 0x18, 0xC7, 0x1C, 0x49, 0x2D, 
    0x8C, 0x39, 0x0F, 0x4A, 0x8C, 0x35, 0xEF, 0x45, 0xF0, 0x41, 0x93, 0x56, 0x8C, 0x39, 0xED, 0x49, 
    0x6A, 0x35, 0x07, 0x29, 0x85, 0x14, 0x84, 0x14, 0x64, 0x10, 0xE6, 0x24, 0x08, 0x25, 0x83, 0x14, 
    0x84, 0x14, 0xC5, 0x1C, 0x84, 0x18, 0xC4, 0x20, 0x07, 0x29, 0xC5, 0x24, 0x07, 0x2D, 0x68, 0x3D, 
    0xA9, 0x49, 0xC9, 0x4D, 0x2D, 0x5E, 0xB0, 0x6E, 0xD3, 0x6E, 0x2F, 0x52, 0x08, 0x29, 0xEE, 0x41, 
    0xF8, 0x66, 0x18, 0x67, 0x1A, 0x5F, 0x1B, 0x5F, 0xFB, 0x5A, 0xFA, 0x56, 0xB9, 0x52, 0xB8, 0x4E, 
    0x98, 0x4E, 0xB8, 0x4E, 0xBA, 0x52, 0xDA, 0x52, 0xBA, 0x4E, 0xB9, 0x52, 0xB9, 0x4E, 0xD9, 0x52, 
    0xDA, 0x52, 0x1B, 0x5B, 0x5E, 0x63, 0xBE, 0x6F, 0xDF, 0x77, 0xFE, 0x7F, 0xFF, 0x7F, 0xFF, 0x7F, 
    0xFF, 0x7F, 0xFF, 0x7F, 0xFF, 0x7F, 0xFF, 0x7F, 0xFF, 0x7F, 0xFF, 0x7F, 0xDF, 0x7B, 0xDE, 0x77, 
    0xBF, 0x73, 0xBE, 0x6F, 0x9E, 0x67, 0x7D, 0x63, 0x3D, 0x5F, 0x1C, 0x5F, 0xFC, 0x5A, 0xFB, 0x5A, 
    0xDA, 0x56, 0xD9, 0x56, 0xB8, 0x52, 0xB7, 0x52, 0x97, 0x4E, 0xB7, 0x52, 0x97, 0x52, 0xB7, 0x52, 
    0xB7, 0x52, 0xB6, 0x52, 0xB7, 0x52, 0xF8, 0x5A, 0xFA, 0x5E, 0xF9, 0x5E, 0x5D, 0x67, 0x5C, 0x6B, 
    0x17, 0x63, 0xD2, 0x5A, 0xB1, 0x56, 0x6E, 0x4E, 0x90, 0x52, 0x4C, 0x4A, 0x2B, 0x46, 0x6C, 0x4E, 
    0x2C, 0x46, 0x4B, 0x4A, 0x4B, 0x4A, 0x4A, 0x4A, 0xE8, 0x3D, 0xC6, 0x39, 0x09, 0x42, 0xAD, 0x56, 
    0x4C, 0x4A, 0x29, 0x46, 0x0A, 0x42, 0x08, 0x42, 0x2A, 0x46, 0x8D, 0x52, 0x8F, 0x52, 0x4C, 0x4A, 
    0x0C, 0x42, 0x4C, 0x4A, 0x70, 0x4E, 0xD4, 0x5A, 0xF9, 0x5E, 0x1A, 0x5F, 0x1B, 0x5F, 0x3B, 0x5F, 
    0x1B, 0x5F, 0x1A, 0x5F, 0x19, 0x5F, 0x17, 0x5F, 0xD6, 0x5A, 0xF5, 0x5E, 0xD6, 0x5E, 0x17, 0x63, 
    0xF8, 0x62, 0x18, 0x63, 0xF8, 0x5E, 0x17, 0x63, 0xF8, 0x5E, 0x18, 0x5F, 0xF9, 0x5E, 0xF9, 0x5E, 
    0xFA, 0x5E, 0x1A, 0x5F, 0xFA, 0x5E, 0xFA, 0x5E, 0xF9, 0x5A, 0xF8, 0x5A, 0xD8, 0x56, 0xD7, 0x56, 
    0xA7, 0x31, 0x87, 0x2D, 0xA6, 0x31, 0x86, 0x2D, 0x85, 0x31, 0x86, 0x2D, 0x85, 0x2D, 0x86, 0x2D, 
    0xA5, 0x31, 0x86, 0x2D, 0xA5, 0x2D, 0x86, 0x2D, 0xA6, 0x31, 0xA7, 0x31, 0xA6, 0x31, 0xA7, 0x31, 
    0xC7, 0x31, 0xCA, 0x35, 0xCA, 0x35, 0xA8, 0x31, 0xA6, 0x31, 0xA8, 0x31, 0xC9, 0x35, 0xCA, 0x35, 
    0xEA, 0x39, 0xED, 0x39, 0x2F, 0x42, 0x31, 0x42, 0x73, 0x46, 0x95, 0x46, 0xB5, 0x4A, 0x96, 0x4A, 
    0xB7, 0x4E, 0xB8, 0x4A, 0xB7, 0x4E, 0xD8, 0x4E, 0xFA, 0x56, 0x1B, 0x5B, 0x3B, 0x5F, 0x3B, 0x5F, 
    0x5A, 0x63, 0x5B, 0x63, 0x7B, 0x6B, 0x7C, 0x6B, 0x7B, 0x6B, 0x59, 0x6B, 0x14, 0x5F, 0xB3, 0x52, 
    0xB3, 0x52, 0xB3, 0x52, 0xF6, 0x56, 0x1A, 0x5F, 0x5B, 0x63, 0x5C, 0x63, 0x3A, 0x5F, 0x18, 0x5B, 
    0x15, 0x5B, 0xF6, 0x5A, 0x37, 0x5F, 0x18, 0x5F, 0x37, 0x5F, 0x17, 0x5F, 0x37, 0x63, 0x38, 0x63, 
    0x79, 0x6B, 0x9B, 0x6F, 0xBC, 0x77, 0xBD, 0x77, 0xDD, 0x7B, 0xDD, 0x77, 0xDC, 0x77, 0xBC, 0x77, 
    0xBC, 0x73, 0x7B, 0x6B, 0x59, 0x67, 0x19, 0x5F, 0x17, 0x5F, 0xF7, 0x5A, 0xD5, 0x5A, 0xB4, 0x52, 
    0x93, 0x52, 0x94, 0x4E, 0xD6, 0x52, 0xD8, 0x56, 0x18, 0x5F, 0xF9, 0x5A, 0x18, 0x5F, 0xF8, 0x5A, 
    0xF7, 0x5A, 0xD7, 0x56, 0xF6, 0x56, 0xD6, 0x52, 0xF7, 0x56, 0xD8, 0x56, 0x10, 0x46, 0xAD, 0x39, 
    0x28, 0x29, 0x4A, 0x2D, 0x8A, 0x39, 0x49, 0x31, 0x28, 0x2D, 0x28, 0x2D, 0x48, 0x35, 0x29, 0x2D, 
    0x07, 0x25, 0xC6, 0x1C, 0xA4, 0x18, 0x08, 0x29, 0x49, 0x2D, 0xA5, 0x18, 0xC6, 0x1C, 0xAB, 0x39, 
    0xED, 0x45, 0xEF, 0x45, 0xEE, 0x41, 0x53, 0x4E, 0x72, 0x4E, 0xCF, 0x3D, 0x0E, 0x4A, 0x0F, 0x4E, 
    0x48, 0x31, 0xA5, 0x18, 0x63, 0x10, 0x63, 0x0C, 0x63, 0x10, 0xA5, 0x18, 0x83, 0x18, 0x63, 0x10, 
    0xA4, 0x14, 0x84, 0x14, 0xA4, 0x18, 0xA4, 0x18, 0xC4, 0x1C, 0x83, 0x18, 0x26, 0x31, 0x47, 0x35, 
    0xCA, 0x4D, 0xEB, 0x51, 0x2B, 0x5A, 0x6E, 0x66, 0xF1, 0x72, 0x91, 0x62, 0xAC, 0x41, 0x6B, 0x35, 
    0xB4, 0x5A, 0xF8, 0x5E, 0xF7, 0x5A, 0xFB, 0x5A, 0xFA, 0x5A, 0xD9, 0x52, 0xD8, 0x52, 0xB8, 0x4A, 
    0x97, 0x4E, 0x98, 0x4A, 0xB8, 0x4E, 0xB9, 0x4E, 0xD9, 0x52, 0xBA, 0x4E, 0xD9, 0x52, 0xDA, 0x52, 
    0xFA, 0x56, 0x3C, 0x5B, 0x9E, 0x67, 0xBF, 0x6F, 0xDE, 0x7B, 0xDF, 0x7B, 0xFF, 0x7F, 0xFF, 0x7F, 
    0xFF, 0x7F, 0xFF, 0x7F, 0xFF, 0x7F, 0xFF, 0x7F, 0xFF, 0x7F, 0xFF, 0x7B, 0xFE, 0x7B, 0xDF, 0x77, 
    0xDE, 0x73, 0xBF, 0x6F, 0x9E, 0x6B, 0x5D, 0x5F, 0x3C, 0x5F, 0x1C, 0x5B, 0x1B, 0x5B, 0xFB, 0x5A, 
    0xF9, 0x56, 0xD9, 0x52, 0xD7, 0x52, 0xB7, 0x4E, 0xB6, 0x52, 0x97, 0x4E, 0xB7, 0x52, 0xB7, 0x52, 
    0xB7, 0x56, 0xB8, 0x52, 0xD7, 0x56, 0xD9, 0x56, 0xF9, 0x5A, 0x1B, 0x5F, 0x5C, 0x67, 0x3C, 0x67, 
    0x37, 0x67, 0xD2, 0x56, 0xD1, 0x56, 0x2D, 0x4A, 0x4C, 0x4E, 0x2C, 0x46, 0x4B, 0x4A, 0x6D, 0x4E, 
    0x8D, 0x52, 0x6D, 0x4E, 0x6B, 0x4E, 0x4B, 0x4A, 0xE7, 0x3D, 0xA6, 0x35, 0x08, 0x42, 0xAE, 0x52, 
    0x6C, 0x4E, 0x0A, 0x42, 0x2A, 0x46, 0x09, 0x3E, 0x09, 0x42, 0x4C, 0x4A, 0xAE, 0x56, 0x6E, 0x4E, 
    0x0B, 0x46, 0x0B, 0x42, 0x2C, 0x46, 0x2E, 0x4A, 0xD4, 0x56, 0xD7, 0x56, 0xF7, 0x5A, 0xF9, 0x56, 
    0xF8, 0x5A, 0xF8, 0x5A, 0x17, 0x5F, 0xD5, 0x5A, 0xD4, 0x5A, 0xD6, 0x5A, 0xF6, 0x5E, 0xF7, 0x5E, 
    0x17, 0x63, 0xF8, 0x5E, 0x17, 0x63, 0xF8, 0x5E, 0x17, 0x5F, 0xF8, 0x5E, 0xF8, 0x5E, 0xF9, 0x5A, 
    0x19, 0x5F, 0xFA, 0x5A, 0xF9, 0x5A, 0xF9, 0x5A, 0xF8, 0x5A, 0xD8, 0x56, 0xD7, 0x56, 0xB7, 0x52, 
    0x87, 0x2D, 0x86, 0x31, 0x87, 0x2D, 0x86, 0x31, 0x66, 0x2D, 0x85, 0x31, 0x86, 0x2D, 0x85, 0x31, 
    0x86, 0x2D, 0xA6, 0x31, 0x86, 0x31, 0xA6, 0x31, 0xA7, 0x31, 0xA7, 0x35, 0xA7, 0x31, 0xA7, 0x31, 
    0xA8, 0x31, 0xCA, 0x35, 0xCC, 0x35, 0xC8, 0x35, 0x87, 0x2D, 0xA7, 0x31, 0xA8, 0x31, 0xC9, 0x35, 
    0xCA, 0x35, 0xEB, 0x39, 0x0E, 0x3E, 0x50, 0x46, 0x52, 0x46, 0x72, 0x4A, 0x74, 0x4A, 0x95, 0x4A, 
    0x97, 0x4A, 0xB8, 0x4E, 0x97, 0x4A, 0xB8, 0x52, 0xDA, 0x56, 0x1B, 0x5B, 0x1C, 0x5F, 0x5B, 0x63, 
    0x5B, 0x63, 0x7B, 0x67, 0x5C, 0x67, 0x7B, 0x6B, 0x7B, 0x6F, 0x78, 0x6B, 0xF5, 0x5E, 0xB2, 0x56, 
    0x92, 0x52, 0xB3, 0x56, 0xD8, 0x56, 0x3B, 0x5F, 0x3C, 0x63, 0x5C, 0x67, 0x1A, 0x5F, 0xF6, 0x5A, 
    0xD5, 0x56, 0xF5, 0x5A, 0xF7, 0x5E, 0x18, 0x5F, 0xF7, 0x5A, 0x16, 0x5F, 0x18, 0x5F, 0x59, 0x67, 
    0x7B, 0x6B, 0x9C, 0x73, 0xBD, 0x77, 0xDD, 0x7B, 0xDE, 0x7B, 0xDD, 0x7B, 0xBD, 0x7B, 0xDD, 0x7B, 
    0xBD, 0x77, 0x9C, 0x73, 0x5B, 0x6B, 0x39, 0x67, 0x19, 0x63, 0x17, 0x63, 0xD6, 0x5A, 0xB5, 0x56, 
    0x74, 0x4E, 0x94, 0x4E, 0x96, 0x52, 0xD7, 0x56, 0xD8, 0x5A, 0xF8, 0x5E, 0xF8, 0x5E, 0x17, 0x5F, 
    0xD7, 0x5A, 0xD5, 0x56, 0xD5, 0x52, 0xD4, 0x56, 0xB6, 0x56, 0xF8, 0x5E, 0x11, 0x42, 0x8C, 0x35, 
    0xE7, 0x24, 0x6A, 0x35, 0x4A, 0x31, 0x07, 0x29, 0xE7, 0x24, 0xE6, 0x28, 0xC6, 0x24, 0xE7, 0x28, 
    0xA6, 0x20, 0xA5, 0x1C, 0x64, 0x14, 0x49, 0x31, 0x6B, 0x35, 0xE7, 0x24, 0x22, 0x0C, 0x8B, 0x39, 
    0x10, 0x4E, 0x10, 0x4A, 0xCF, 0x41, 0xCE, 0x41, 0x11, 0x4A, 0x8C, 0x39, 0x30, 0x4E, 0xAB, 0x41, 
    0xC5, 0x20, 0x42, 0x10, 0x85, 0x18, 0xA5, 0x18, 0x43, 0x0C, 0x62, 0x10, 0x42, 0x0C, 0x63, 0x14, 
    0x64, 0x14, 0x63, 0x14, 0x64, 0x14, 0x83, 0x18, 0x63, 0x14, 0x83, 0x1C, 0xE6, 0x2C, 0x26, 0x39, 
    0xAA, 0x4D, 0x0B, 0x5E, 0x2C, 0x5E, 0x4C, 0x62, 0xD2, 0x72, 0xF3, 0x72, 0x71, 0x5A, 0x6A, 0x35, 
    0x10, 0x4A, 0xF7, 0x62, 0xD8, 0x5A, 0xFA, 0x5E, 0xDA, 0x5A, 0xD9, 0x56, 0xB8, 0x4E, 0xB7, 0x4E, 
    0x97, 0x4A, 0x97, 0x4A, 0x98, 0x4A, 0xB9, 0x52, 0xBA, 0x4E, 0xDA, 0x52, 0xDB, 0x52, 0xFB, 0x56, 
    0xFC, 0x56, 0x5D, 0x5F, 0x7F, 0x6B, 0xBE, 0x77, 0xDF, 0x7B, 0xFF, 0x7F, 0xFF, 0x7F, 0xFF, 0x7F, 
    0xFF, 0x7F, 0xFF, 0x7F, 0xFF, 0x7F, 0xFF, 0x7F, 0xFF, 0x7F, 0xFF, 0x7F, 0xDF, 0x7B, 0xDF, 0x77, 
    0xBF, 0x73, 0xBE, 0x6F, 0x7E, 0x67, 0x5D, 0x63, 0x1D, 0x5B, 0x1C, 0x5B, 0xFC, 0x5A, 0xFB, 0x5A, 
    0xDA, 0x56, 0xD9, 0x56, 0xB8, 0x52, 0xB7, 0x52, 0x97, 0x52, 0xB7, 0x52, 0x97, 0x52, 0xB8, 0x56, 
    0xB8, 0x56, 0xD8, 0x5A, 0xD9, 0x5A, 0xD8, 0x5A, 0xDA, 0x5A, 0x1B, 0x63, 0x1C, 0x63, 0x3B, 0x67, 
    0xF7, 0x62, 0xD3, 0x5A, 0xB3, 0x56, 0x2C, 0x46, 0x0C, 0x46, 0x4C, 0x4A, 0x2D, 0x4A, 0x8D, 0x52, 
    0x8E, 0x52, 0x8D, 0x52, 0x4D, 0x4E, 0x4A, 0x4A, 0xE8, 0x3D, 0xC6, 0x39, 0xE9, 0x3D, 0x8D, 0x56, 
    0x4C, 0x4A, 0x09, 0x42, 0x2B, 0x46, 0x09, 0x42, 0xE9, 0x3D, 0x2A, 0x46, 0x4D, 0x4E, 0x6E, 0x52, 
    0x4D, 0x4A, 0x0B, 0x46, 0xEB, 0x41, 0xEB, 0x41, 0x0E, 0x46, 0x71, 0x4E, 0x94, 0x4E, 0xB4, 0x52, 
    0xB5, 0x52, 0xD5, 0x5A, 0xB5, 0x56, 0xB3, 0x56, 0xB4, 0x56, 0xD5, 0x5E, 0xD6, 0x5E, 0xF6, 0x5E, 
    0xF8, 0x5E, 0xF7, 0x62, 0xF8, 0x5E, 0xF7, 0x62, 0xF8, 0x5E, 0xF8, 0x5E, 0xF9, 0x5E, 0xF9, 0x5E, 
    0xFA, 0x5E, 0xF9, 0x5E, 0xDA, 0x5A, 0xF9, 0x5A, 0xD9, 0x56, 0xD8, 0x56, 0xB7, 0x52, 0xB6, 0x56, 
    0x85, 0x2D, 0x86, 0x2D, 0x85, 0x2D, 0x86, 0x2D, 0x85, 0x2D, 0x85, 0x2D, 0xA5, 0x2D, 0x85, 0x2D, 
    0xA5, 0x2D, 0xA7, 0x31, 0xC7, 0x31, 0xA8, 0x31, 0xC7, 0x31, 0xC7, 0x31, 0xC7, 0x31, 0xA7, 0x31, 
    0xC7, 0x31, 0xA9, 0x31, 0xEA, 0x35, 0xA7, 0x31, 0xA5, 0x31, 0xA6, 0x2D, 0xC7, 0x31, 0xC8, 0x31, 
    0xE9, 0x35, 0xEA, 0x35, 0x0B, 0x3A, 0x2E, 0x3E, 0x4F, 0x42, 0x71, 0x42, 0x93, 0x46, 0x95, 0x46, 
    0x96, 0x4A, 0x97, 0x4A, 0x95, 0x46, 0x97, 0x46, 0xD8, 0x52, 0xFA, 0x56, 0x3A, 0x5B, 0x5B, 0x5F, 
    0x7A, 0x63, 0x5B, 0x63, 0x7B, 0x67, 0x7B, 0x67, 0x99, 0x6B, 0x56, 0x63, 0x14, 0x5F, 0xB2, 0x52, 
    0x90, 0x4E, 0xB3, 0x52, 0xF8, 0x56, 0x3B, 0x5F, 0x5C, 0x63, 0x3C, 0x5F, 0x19, 0x5F, 0xD6, 0x56, 
    0xD4, 0x56, 0xD5, 0x52, 0x17, 0x5B, 0x18, 0x5B, 0x17, 0x5B, 0x17, 0x5B, 0x37, 0x5F, 0x59, 0x67, 
    0x9A, 0x6F, 0xBC, 0x73, 0xDD, 0x77, 0xDE, 0x77, 0xFD, 0x7B, 0xDE, 0x7B, 0xFD, 0x7B, 0xDE, 0x7B, 
    0xDD, 0x7B, 0xBD, 0x73, 0x9B, 0x6F, 0x5A, 0x67, 0x38, 0x67, 0x18, 0x5F, 0xF6, 0x5A, 0xB5, 0x52, 
    0x94, 0x4E, 0x74, 0x4A, 0x94, 0x4E, 0xB6, 0x52, 0xF6, 0x5A, 0xF7, 0x5A, 0x16, 0x5F, 0xF6, 0x5A, 
    0xF4, 0x56, 0xB3, 0x4E, 0xB2, 0x4E, 0xB3, 0x4E, 0xD4, 0x56, 0xD7, 0x56, 0xEE, 0x3D, 0x29, 0x29, 
    0x6A, 0x35, 0x49, 0x2D, 0x07, 0x29, 0xE7, 0x24, 0x27, 0x2D, 0xE6, 0x24, 0xC4, 0x18, 0xA5, 0x18, 
    0xA4, 0x18, 0x84, 0x14, 0x83, 0x14, 0xC5, 0x1C, 0xE6, 0x20, 0x84, 0x14, 0x62, 0x0C, 0x08, 0x29, 
    0x0E, 0x46, 0xAD, 0x39, 0xEE, 0x41, 0x8C, 0x35, 0xCD, 0x3D, 0x10, 0x46, 0x0E, 0x4A, 0x8B, 0x39, 
    0xC5, 0x20, 0x84, 0x14, 0x28, 0x25, 0x4A, 0x2D, 0x21, 0x0C, 0x42, 0x0C, 0xA3, 0x14, 0x62, 0x0C, 
    0x83, 0x10, 0x63, 0x0C, 0x62, 0x10, 0x62, 0x10, 0x82, 0x14, 0x83, 0x18, 0xE4, 0x2C, 0x67, 0x3D, 
    0xE9, 0x51, 0x0B, 0x5A, 0x4B, 0x62, 0x4C, 0x62, 0xCF, 0x72, 0x34, 0x7B, 0x13, 0x73, 0xAC, 0x3D, 
    0x8B, 0x39, 0xB5, 0x5A, 0xF6, 0x5E, 0xFA, 0x5A, 0xF9, 0x5A, 0xD8, 0x52, 0xD7, 0x4E, 0x97, 0x4A, 
    0x96, 0x4A, 0x97, 0x46, 0xB7, 0x4A, 0xB8, 0x4A, 0xD9, 0x52, 0xDA, 0x52, 0xFA, 0x56, 0xFB, 0x56, 
    0x3B, 0x5B, 0x5D, 0x5F, 0xBE, 0x6B, 0xDE, 0x73, 0xFE, 0x7B, 0xFF, 0x7F, 0xFF, 0x7F, 0xFF, 0x7F, 
    0xFF, 0x7F, 0xFF, 0x7F, 0xFF, 0x7F, 0xFF, 0x7F, 0xFF, 0x7F, 0xFF, 0x7B, 0xFE, 0x7B, 0xDF, 0x73, 
    0xDE, 0x73, 0xBE, 0x6B, 0x9D, 0x67, 0x5D, 0x5F, 0x3C, 0x5B, 0x1B, 0x57, 0x1A, 0x5B, 0xFA, 0x56, 
    0xF9, 0x56, 0xD9, 0x52, 0xD7, 0x56, 0xB7, 0x52, 0xD7, 0x52, 0xB8, 0x52, 0xD7, 0x56, 0xD8, 0x56, 
    0xF8, 0x5A, 0xFA, 0x5A, 0x19, 0x5F, 0xF9, 0x5A, 0xF9, 0x5A, 0x1A, 0x5B, 0x3A, 0x63, 0x1A, 0x5F, 
    0xF6, 0x5E, 0xF6, 0x5A, 0xD3, 0x5A, 0x0C, 0x42, 0xEA, 0x3D, 0x2C, 0x46, 0x6C, 0x4E, 0x6E, 0x4E, 
    0x8D, 0x52, 0x8D, 0x4E, 0x6C, 0x4E, 0x2B, 0x46, 0x07, 0x42, 0xE7, 0x39, 0xE7, 0x3D, 0x6C, 0x4E, 
    0x6B, 0x4A, 0xE8, 0x3D, 0x4A, 0x46, 0x09, 0x3E, 0x08, 0x3E, 0x09, 0x3E, 0x2A, 0x46, 0x6D, 0x4A, 
    0x6D, 0x4E, 0x2C, 0x46, 0x2B, 0x46, 0xEB, 0x3D, 0x0C, 0x42, 0x0D, 0x3E, 0x2E, 0x42, 0x50, 0x42, 
    0x92, 0x4A, 0x93, 0x4E, 0xB3, 0x52, 0xB4, 0x52, 0xD4, 0x56, 0xD5, 0x5A, 0xF6, 0x5E, 0xF7, 0x5A, 
    0x17, 0x5F, 0xF7, 0x5E, 0x17, 0x5F, 0xF8, 0x5E, 0x18, 0x5F, 0x19, 0x5F, 0x19, 0x5F, 0xFA, 0x5A, 
    0x19, 0x5F, 0xFA, 0x5A, 0xF9, 0x5A, 0xF9, 0x56, 0xF8, 0x56, 0xD8, 0x56, 0xD6, 0x52, 0xB6, 0x52, 
    0x86, 0x2D, 0x85, 0x2D, 0x66, 0x2D, 0x85, 0x2D, 0x65, 0x2D, 0x85, 0x2D, 0x85, 0x2D, 0x85, 0x31, 
    0x86, 0x2D, 0xC8, 0x35, 0xCA, 0x35, 0xC9, 0x35, 0xA9, 0x31, 0xC7, 0x35, 0xA7, 0x31, 0xC8, 0x31, 
    0xC9, 0x31, 0xC8, 0x35, 0xA8, 0x31, 0xA7, 0x31, 0xA6, 0x2D, 0xA6, 0x31, 0xA7, 0x31, 0xC8, 0x35, 
    0xC9, 0x35, 0xEA, 0x39, 0xEC, 0x39, 0x0D, 0x3E, 0x30, 0x42, 0x72, 0x46, 0x75, 0x46, 0x96, 0x4A, 
    0x76, 0x46, 0x54, 0x46, 0x54, 0x42, 0x75, 0x46, 0x97, 0x4A, 0xD8, 0x52, 0xDA, 0x56, 0x3A, 0x5F, 
    0x3A, 0x5F, 0x59, 0x63, 0x5A, 0x63, 0x59, 0x67, 0x57, 0x63, 0x35, 0x63, 0xF4, 0x5E, 0xB2, 0x56, 
    0x50, 0x4A, 0xB3, 0x52, 0xF9, 0x56, 0x3B, 0x5F, 0x3C, 0x63, 0x3B, 0x63, 0xF9, 0x5A, 0xD5, 0x56, 
    0xB5, 0x52, 0xD6, 0x52, 0xD8, 0x56, 0x19, 0x5B, 0xF9, 0x56, 0xF8, 0x5A, 0x18, 0x5F, 0x79, 0x67, 
    0x7B, 0x6F, 0xBC, 0x73, 0xBE, 0x77, 0xDE, 0x7B, 0xDE, 0x7B, 0xFE, 0x7F, 0xDE, 0x7B, 0xFE, 0x7F, 
    0xDE, 0x7B, 0xDD, 0x7B, 0x9D, 0x73, 0x7B, 0x6F, 0x5A, 0x6B, 0x18, 0x63, 0xD7, 0x5A, 0xB5, 0x52, 
    0x75, 0x4E, 0x74, 0x4E, 0x75, 0x4E, 0x95, 0x52, 0xB6, 0x56, 0xF6, 0x5E, 0xF6, 0x5A, 0xD4, 0x56, 
    0x92, 0x4E, 0x91, 0x4E, 0x92, 0x4A, 0x92, 0x4E, 0xB5, 0x52, 0x73, 0x4E, 0x4B, 0x2D, 0xAB, 0x3D, 
    0x6B, 0x39, 0xE6, 0x24, 0xC6, 0x20, 0xE5, 0x24, 0xE7, 0x24, 0xC5, 0x20, 0x84, 0x14, 0x84, 0x18, 
    0x43, 0x10, 0x63, 0x14, 0x63, 0x10, 0x62, 0x14, 0x63, 0x14, 0x20, 0x08, 0x84, 0x14, 0x07, 0x29, 
    0x4A, 0x31, 0xCD, 0x3D, 0x11, 0x4A, 0x29, 0x2D, 0x2A, 0x2D, 0x30, 0x4E, 0xEF, 0x45, 0x27, 0x2D, 
    0xE6, 0x24, 0x28, 0x2D, 0x8C, 0x35, 0x0F, 0x4A, 0x84, 0x14, 0x29, 0x2D, 0x29, 0x29, 0x28, 0x29, 
    0xE7, 0x20, 0x83, 0x14, 0x22, 0x0C, 0x41, 0x10, 0x42, 0x10, 0x83, 0x1C, 0x06, 0x31, 0x88, 0x45, 
    0xCA, 0x51, 0xE9, 0x59, 0x0B, 0x5E, 0x4B, 0x66, 0x8D, 0x6E, 0x53, 0x7F, 0x34, 0x7B, 0x70, 0x5A, 
    0x4A, 0x31, 0x72, 0x56, 0xF8, 0x62, 0xF9, 0x5E, 0xD9, 0x5A, 0xD8, 0x56, 0xB8, 0x4E, 0xB6, 0x4E, 
    0x96, 0x4A, 0x96, 0x4A, 0x97, 0x4A, 0xB8, 0x4E, 0xB9, 0x4E, 0xFA, 0x56, 0xFB, 0x56, 0x1B, 0x5B, 
    0x3D, 0x5B, 0x7D, 0x63, 0x9F, 0x6F, 0xDE, 0x7B, 0xDF, 0x7B, 0xFF, 0x7F, 0xFF, 0x7F, 0xFF, 0x7F, 
    0xFF, 0x7F, 0xFF, 0x7F, 0xFF, 0x7F, 0xFF, 0x7F, 0xFF, 0x7F, 0xFE, 0x7F, 0xDF, 0x7B, 0xDE, 0x77, 
    0xBF, 0x73, 0xBE, 0x6F, 0x7E, 0x63, 0x5D, 0x5F, 0x1C, 0x5B, 0xFB, 0x5A, 0xDA, 0x56, 0xF9, 0x56, 
    0xD9, 0x56, 0xD8, 0x56, 0xB8, 0x56, 0xD8, 0x56, 0xB8, 0x56, 0xD8, 0x56, 0xD9, 0x56, 0xF9, 0x5A, 
    0xFA, 0x5A, 0x1A, 0x63, 0x1B, 0x5F, 0x1A, 0x5F, 0xFA, 0x5A, 0xF9, 0x5E, 0xFA, 0x5E, 0x19, 0x5F, 
    0xD7, 0x5A, 0xF7, 0x5E, 0xD5, 0x5A, 0x2D, 0x46, 0xA9, 0x39, 0x0B, 0x46, 0x4D, 0x4A, 0x6E, 0x52, 
    0x6E, 0x4E, 0x8D, 0x52, 0x6D, 0x4E, 0x4B, 0x4A, 0xE8, 0x3D, 0xE7, 0x41, 0xC8, 0x3D, 0x4B, 0x4A, 
    0x6C, 0x4A, 0x09, 0x42, 0x2B, 0x46, 0x09, 0x42, 0xE9, 0x3D, 0x09, 0x42, 0xC9, 0x39, 0x2B, 0x46, 
    0x6D, 0x4E, 0x6D, 0x4E, 0x0C, 0x42, 0x0C, 0x46, 0x0E, 0x46, 0x2E, 0x46, 0xED, 0x3D, 0x2F, 0x42, 
    0x72, 0x4A, 0x93, 0x52, 0x94, 0x52, 0xB4, 0x56, 0xB5, 0x5A, 0xD5, 0x5E, 0xF7, 0x5E, 0xF7, 0x5E, 
    0xF8, 0x5E, 0xF7, 0x62, 0xF8, 0x5E, 0x18, 0x5F, 0xF9, 0x5E, 0x19, 0x63, 0xFA, 0x5E, 0x1A, 0x5F, 
    0xFA, 0x5E, 0xFA, 0x5E, 0xFA, 0x5A, 0xF9, 0x5A, 0xD9, 0x56, 0xD8, 0x56, 0xB7, 0x52, 0xB6, 0x56, 
    0x85, 0x2D, 0x85, 0x29, 0x85, 0x2D, 0x65, 0x29, 0x85, 0x2D, 0x85, 0x2D, 0x85, 0x2D, 0x85, 0x2D, 
    0xA6, 0x31, 0xCB, 0x35, 0xEB, 0x39, 0xC9, 0x31, 0xC8, 0x35, 0xA8, 0x31, 0xC7, 0x31, 0xC9, 0x31, 
    0xC9, 0x35, 0xA8, 0x31, 0xA7, 0x31, 0xA6, 0x2D, 0xA6, 0x31, 0xA6, 0x2D, 0xA6, 0x31, 0xA8, 0x31, 
    0xC8, 0x35, 0xCA, 0x35, 0x0B, 0x3A, 0x0D, 0x3A, 0x2E, 0x42, 0x51, 0x42, 0x74, 0x46, 0x76, 0x46, 
    0x75, 0x46, 0x32, 0x3E, 0x30, 0x3E, 0x53, 0x42, 0x73, 0x46, 0x74, 0x46, 0xB5, 0x4E, 0xD7, 0x52, 
    0x17, 0x5B, 0x37, 0x5F, 0x58, 0x63, 0x38, 0x63, 0x15, 0x5F, 0x15, 0x5F, 0x15, 0x5F, 0xB3, 0x52, 
    0x4E, 0x4A, 0x92, 0x4E, 0xF8, 0x5A, 0x1B, 0x5F, 0x5C, 0x63, 0x3B, 0x5F, 0xF8, 0x5A, 0xB5, 0x52, 
    0xB4, 0x4E, 0xB7, 0x4E, 0xF8, 0x56, 0xF9, 0x56, 0x18, 0x5B, 0xF8, 0x56, 0x38, 0x5F, 0x5A, 0x67, 
    0x9B, 0x6F, 0xBD, 0x73, 0xDD, 0x7B, 0xDE, 0x7B, 0xFE, 0x7B, 0xDE, 0x7B, 0xFE, 0x7F, 0xDE, 0x7B, 
    0xFE, 0x7F, 0xDE, 0x7B, 0xBD, 0x77, 0x9C, 0x73, 0x9B, 0x6F, 0x19, 0x63, 0xF7, 0x5A, 0x96, 0x4E, 
    0x94, 0x4E, 0x74, 0x4A, 0x93, 0x4E, 0x94, 0x4E, 0xB5, 0x56, 0xD5, 0x56, 0xD3, 0x56, 0x91, 0x4E, 
    0x6F, 0x4A, 0x92, 0x4A, 0x91, 0x4E, 0x92, 0x4E, 0x94, 0x52, 0x12, 0x46, 0x6A, 0x31, 0xCD, 0x45, 
    0x68, 0x35, 0xE6, 0x24, 0xA3, 0x18, 0x83, 0x14, 0x83, 0x18, 0x84, 0x18, 0x83, 0x14, 0x84, 0x14, 
    0x62, 0x10, 0x63, 0x0C, 0x83, 0x14, 0x84, 0x14, 0x28, 0x25, 0x84, 0x10, 0x07, 0x25, 0x6B, 0x35, 
    0x8B, 0x35, 0xEF, 0x41, 0xEE, 0x3D, 0xCE, 0x3D, 0x49, 0x2D, 0xCE, 0x41, 0xEE, 0x45, 0xA4, 0x1C, 
    0x48, 0x31, 0x4A, 0x31, 0xEF, 0x45, 0x73, 0x56, 0xAC, 0x39, 0x31, 0x4A, 0xCD, 0x3D, 0x10, 0x46, 
    0xAC, 0x39, 0xE7, 0x20, 0x41, 0x0C, 0x42, 0x08, 0x61, 0x10, 0x83, 0x1C, 0x05, 0x31, 0x67, 0x41, 
    0xC8, 0x4D, 0xA8, 0x51, 0x0A, 0x5E, 0x2B, 0x62, 0x6B, 0x6A, 0x12, 0x77, 0x54, 0x7F, 0xF3, 0x66, 
    0xAB, 0x3D, 0xCD, 0x3D, 0xF6, 0x62, 0xF9, 0x5E, 0xF9, 0x5E, 0xD8, 0x56, 0xD7, 0x52, 0xB7, 0x4A, 
    0x96, 0x4A, 0x96, 0x46, 0xB7, 0x4A, 0xB8, 0x4E, 0xD9, 0x52, 0xFB, 0x52, 0x1B, 0x57, 0x1C, 0x57, 
    0x5D, 0x5F, 0x7E, 0x63, 0xBE, 0x73, 0xDF, 0x77, 0xFE, 0x7F, 0xFF, 0x7F, 0xFF, 0x7F, 0xFF, 0x7F, 
    0xFF, 0x7F, 0xFF, 0x7F, 0xFF, 0x7F, 0xFF, 0x7F, 0xFF, 0x7F, 0xDF, 0x7B, 0xDE, 0x7B, 0xBF, 0x73, 
    0xBE, 0x73, 0x9E, 0x67, 0x7D, 0x63, 0x3D, 0x5B, 0x1B, 0x5B, 0xFB, 0x56, 0xF9, 0x56, 0xD9, 0x52, 
    0xD8, 0x56, 0xD8, 0x56, 0xD8, 0x56, 0xD8, 0x56, 0xD8, 0x56, 0xD9, 0x56, 0xD9, 0x5A, 0xD9, 0x56, 
    0xF9, 0x5E, 0x1B, 0x5F, 0x3B, 0x67, 0x1B, 0x63, 0x1A, 0x5F, 0xFA, 0x5A, 0xF9, 0x5E, 0xF9, 0x5A, 
    0xF6, 0x5A, 0xF7, 0x5E, 0xF6, 0x5E, 0x4F, 0x4A, 0xEA, 0x3D, 0xEB, 0x3D, 0x4C, 0x4A, 0x6E, 0x4E, 
    0x8E, 0x52, 0x6E, 0x4E, 0x6D, 0x4E, 0x4B, 0x46, 0x08, 0x42, 0xE7, 0x3D, 0xC6, 0x39, 0x2A, 0x46, 
    0x6C, 0x4E, 0x2A, 0x46, 0x4A, 0x4A, 0x09, 0x42, 0x08, 0x3E, 0x0A, 0x42, 0xE8, 0x3D, 0xEA, 0x3D, 
    0x6C, 0x4E, 0x4C, 0x4A, 0x0A, 0x42, 0x0C, 0x42, 0x4E, 0x4A, 0x2F, 0x46, 0x2E, 0x42, 0x51, 0x46, 
    0x93, 0x4E, 0x94, 0x52, 0xB4, 0x56, 0xB5, 0x56, 0xD5, 0x5A, 0xD6, 0x5A, 0xF7, 0x5E, 0xF8, 0x5E, 
    0xF7, 0x5E, 0xF8, 0x5E, 0x18, 0x5F, 0xF8, 0x5E, 0x19, 0x5F, 0x1A, 0x5F, 0x1A, 0x5F, 0x1A, 0x5F, 
    0x1A, 0x5F, 0xFA, 0x5A, 0xFA, 0x5A, 0xFA, 0x5A, 0xF8, 0x5A, 0xD8, 0x56, 0xD7, 0x56, 0xB6, 0x52, 
    0x66, 0x2D, 0x85, 0x2D, 0x65, 0x2D, 0x65, 0x2D, 0x65, 0x2D, 0x85, 0x2D, 0x65, 0x2D, 0x85, 0x2D, 
    0xA7, 0x31, 0xEB, 0x39, 0xCB, 0x35, 0xC9, 0x35, 0xA9, 0x31, 0xA7, 0x31, 0xA8, 0x31, 0xC8, 0x31, 
    0xA8, 0x31, 0xA8, 0x31, 0xA8, 0x31, 0xA6, 0x31, 0x87, 0x2D, 0xA7, 0x31, 0xA7, 0x31, 0xA7, 0x35, 
    0xA8, 0x31, 0xC9, 0x35, 0xCB, 0x35, 0x0C, 0x3A, 0x0D, 0x3A, 0x2F, 0x3E, 0x10, 0x3E, 0x31, 0x42, 
    0x34, 0x42, 0x31, 0x42, 0x30, 0x3E, 0x51, 0x46, 0x53, 0x42, 0x72, 0x46, 0x71, 0x46, 0x93, 0x4E, 
    0x94, 0x4E, 0xF5, 0x56, 0x17, 0x5F, 0x36, 0x5F, 0xD3, 0x56, 0xD3, 0x56, 0xD5, 0x5A, 0xB3, 0x56, 
    0x50, 0x46, 0x70, 0x4A, 0xB7, 0x56, 0x1A, 0x5F, 0x3C, 0x63, 0x3B, 0x63, 0xD8, 0x5A, 0xB4, 0x52, 
    0x95, 0x4A, 0xD7, 0x52, 0xDA, 0x56, 0xFA, 0x5A, 0xF9, 0x56, 0xF8, 0x5A, 0x1A, 0x5F, 0x7A, 0x6B, 
    0x9D, 0x6F, 0xBD, 0x77, 0xBE, 0x77, 0xFE, 0x7F, 0xDF, 0x7B, 0xFE, 0x7F, 0xDF, 0x7B, 0xFE, 0x7F, 
    0xDE, 0x7B, 0xDE, 0x7F, 0xBE, 0x7B, 0xBC, 0x77, 0x9C, 0x73, 0x39, 0x67, 0xD8, 0x5A, 0x96, 0x52, 
    0x75, 0x4A, 0x74, 0x4E, 0x74, 0x4E, 0x93, 0x52, 0x95, 0x52, 0xB4, 0x56, 0x91, 0x52, 0x6E, 0x4A, 
    0x51, 0x4A, 0x72, 0x4E, 0x73, 0x4A, 0x93, 0x4E, 0x75, 0x4E, 0xEF, 0x41, 0xCD, 0x3D, 0xCC, 0x45, 
    0x6A, 0x39, 0x07, 0x2D, 0x84, 0x18, 0x84, 0x18, 0x43, 0x10, 0x83, 0x14, 0x64, 0x14, 0x63, 0x14, 
    0x63, 0x10, 0xA5, 0x18, 0x09, 0x25, 0x29, 0x29, 0x8D, 0x35, 0x8B, 0x35, 0x6B, 0x31, 0x30, 0x4A, 
    0x8D, 0x39, 0xCE, 0x41, 0x6C, 0x35, 0x29, 0x2D, 0x2A, 0x2D, 0x8C, 0x39, 0xC7, 0x20, 0xAC, 0x39, 
    0xAD, 0x3D, 0xAC, 0x3D, 0xF0, 0x49, 0x93, 0x5A, 0x52, 0x52, 0x94, 0x5A, 0x74, 0x56, 0x73, 0x56, 
    0xEF, 0x41, 0x49, 0x31, 0xE7, 0x24, 0x42, 0x10, 0x42, 0x0C, 0x83, 0x1C, 0xE5, 0x2C, 0x66, 0x41, 
    0x67, 0x45, 0xA7, 0x4D, 0xC9, 0x55, 0x09, 0x62, 0x4B, 0x6A, 0x10, 0x7B, 0x34, 0x7B, 0x34, 0x77, 
    0xCD, 0x45, 0x49, 0x31, 0x74, 0x56, 0x18, 0x63, 0xFA, 0x5E, 0xD8, 0x5A, 0xB8, 0x52, 0xB7, 0x4E, 
    0x97, 0x4A, 0x96, 0x4A, 0x98, 0x4A, 0xB8, 0x4E, 0xB9, 0x4E, 0xFA, 0x56, 0xFC, 0x56, 0x3C, 0x5B, 
    0x3E, 0x5F, 0x9E, 0x6B, 0xBF, 0x73, 0xDF, 0x7B, 0xDF, 0x7F, 0xFF, 0x7F, 0xFF, 0x7F, 0xFF, 0x7F, 
    0xFF, 0x7F, 0xFF, 0x7F, 0xFF, 0x7F, 0xFF, 0x7F, 0xDF, 0x7F, 0xFF, 0x7F, 0xDF, 0x7B, 0xBF, 0x77, 
    0x9F, 0x6F, 0x7E, 0x67, 0x3D, 0x5F, 0x3C, 0x5F, 0xFC, 0x56, 0xFA, 0x56, 0xB9, 0x52, 0xD8, 0x56, 
    0xB8, 0x52, 0xD8, 0x56, 0xB8, 0x56, 0xD8, 0x56, 0xB8, 0x56, 0xD8, 0x5A, 0xD9, 0x5A, 0xD9, 0x5A, 
    0xDA, 0x5E, 0x1A, 0x63, 0x1C, 0x63, 0x3B, 0x67, 0xFB, 0x5E, 0xF9, 0x5E, 0xD9, 0x5A, 0xF7, 0x5E, 
    0xB6, 0x5A, 0xF7, 0x5E, 0xD6, 0x5E, 0x6F, 0x52, 0x0D, 0x46, 0x0C, 0x46, 0x2D, 0x4A, 0x6E, 0x52, 
    0x6F, 0x4E, 0x6E, 0x52, 0x6D, 0x4E, 0x4B, 0x4A, 0xE9, 0x41, 0xE7, 0x3D, 0xA7, 0x39, 0x08, 0x42, 
    0x4C, 0x4A, 0x4B, 0x4A, 0x2B, 0x4A, 0x09, 0x42, 0xC8, 0x3D, 0x0A, 0x46, 0xCA, 0x3D, 0xEA, 0x41, 
    0x2C, 0x4A, 0x6C, 0x52, 0x2C, 0x4A, 0x0A, 0x46, 0x0C, 0x46, 0x0C, 0x46, 0x0D, 0x42, 0x71, 0x4E, 
    0x94, 0x52, 0xB4, 0x56, 0xB5, 0x56, 0xB5, 0x5A, 0xB6, 0x5A, 0xF6, 0x5E, 0xF8, 0x5E, 0xF7, 0x62, 
    0xF8, 0x5E, 0xF8, 0x62, 0xF9, 0x5E, 0x19, 0x5F, 0x1A, 0x5F, 0x1A, 0x63, 0x1B, 0x5F, 0x1A, 0x63, 
    0xFB, 0x5E, 0xFA, 0x5E, 0xDB, 0x5A, 0xFA, 0x5E, 0xD9, 0x5A, 0xD8, 0x5A, 0xB8, 0x56, 0xD6, 0x5A, 
    0x85, 0x2D, 0x85, 0x29, 0x84, 0x29, 0x64, 0x29, 0x84, 0x29, 0x85, 0x29, 0xA5, 0x2D, 0x86, 0x2D, 
    0xC7, 0x31, 0xCA, 0x35, 0xCA, 0x35, 0xCA, 0x31, 0xC9, 0x31, 0xA8, 0x2D, 0xC7, 0x31, 0xA8, 0x2D, 
    0xC7, 0x31, 0xA8, 0x31, 0xC7, 0x31, 0xA6, 0x2D, 0xC7, 0x31, 0xC8, 0x31, 0xC7, 0x31, 0xA7, 0x31, 
    0xC8, 0x31, 0xC9, 0x31, 0xE9, 0x35, 0xEB, 0x35, 0x0C, 0x3A, 0xED, 0x39, 0x0D, 0x3E, 0x0F, 0x3A, 
    0x2F, 0x3E, 0x0F, 0x3E, 0x2E, 0x3E, 0x51, 0x42, 0x73, 0x46, 0x72, 0x46, 0x6F, 0x46, 0x92, 0x4A, 
    0xB3, 0x4E, 0xD4, 0x52, 0x15, 0x5B, 0x15, 0x57, 0xF2, 0x52, 0xB1, 0x4A, 0xD3, 0x52, 0xB3, 0x4E, 
    0x70, 0x4A, 0x2F, 0x42, 0xB5, 0x52, 0xF9, 0x56, 0x3A, 0x5F, 0x1A, 0x5F, 0xF7, 0x56, 0xB5, 0x4A, 
    0xB5, 0x4A, 0xD9, 0x4E, 0x1A, 0x57, 0x1B, 0x57, 0x19, 0x57, 0xF9, 0x56, 0x39, 0x5F, 0x7B, 0x67, 
    0xBC, 0x6F, 0xBD, 0x73, 0xDE, 0x7B, 0xDF, 0x7B, 0xFE, 0x7B, 0xDF, 0x7B, 0xFE, 0x7F, 0xDE, 0x7B, 
    0xFE, 0x7B, 0xDE, 0x7B, 0xDD, 0x7B, 0xBD, 0x77, 0xBB, 0x73, 0x5A, 0x67, 0xF8, 0x5A, 0x97, 0x4E, 
    0x95, 0x4E, 0x74, 0x4A, 0x93, 0x4E, 0x73, 0x4E, 0xB3, 0x52, 0x93, 0x52, 0x8F, 0x4A, 0x6F, 0x46, 
    0x92, 0x4A, 0x74, 0x4A, 0x93, 0x4A, 0x74, 0x4A, 0x73, 0x4E, 0xCD, 0x41, 0xCB, 0x41, 0xAB, 0x41, 
    0x47, 0x35, 0xE6, 0x28, 0xC4, 0x1C, 0x83, 0x14, 0x62, 0x0C, 0x42, 0x0C, 0x62, 0x0C, 0x42, 0x0C, 
    0xC5, 0x18, 0x4A, 0x29, 0xCD, 0x39, 0x31, 0x46, 0x0F, 0x46, 0xEF, 0x41, 0xEE, 0x41, 0xB4, 0x5A, 
    0x0F, 0x46, 0x10, 0x42, 0x6A, 0x31, 0x4A, 0x2D, 0xCD, 0x3D, 0xAD, 0x39, 0x30, 0x4A, 0x52, 0x4E, 
    0xCD, 0x41, 0xAD, 0x3D, 0x6A, 0x35, 0x30, 0x4A, 0x93, 0x5A, 0xD5, 0x5E, 0xB3, 0x5A, 0x72, 0x52, 
    0x50, 0x4E, 0xAB, 0x39, 0x27, 0x2D, 0x42, 0x0C, 0x41, 0x0C, 0x83, 0x18, 0xE3, 0x28, 0x25, 0x35, 
    0x65, 0x41, 0x66, 0x45, 0xC7, 0x51, 0x0A, 0x5E, 0xAC, 0x72, 0xCF, 0x76, 0x74, 0x7F, 0x76, 0x77, 
    0x4D, 0x52, 0x28, 0x2D, 0x30, 0x4E, 0xB6, 0x5A, 0xF8, 0x5E, 0xD9, 0x56, 0xD7, 0x52, 0xB7, 0x4E, 
    0xB6, 0x4E, 0x97, 0x4A, 0xB7, 0x4E, 0xB8, 0x4A, 0xD8, 0x4E, 0xFA, 0x52, 0x1B, 0x57, 0x3D, 0x5B, 
    0x7D, 0x63, 0x9E, 0x67, 0xDE, 0x77, 0xDF, 0x7B, 0xFF, 0x7F, 0xFF, 0x7F, 0xFF, 0x7F, 0xFF, 0x7F, 
    0xFF, 0x7F, 0xFF, 0x7F, 0xFF, 0x7F, 0xFF, 0x7F, 0xFE, 0x7F, 0xFF, 0x7B, 0xDE, 0x77, 0xBE, 0x6F, 
    0x9E, 0x6B, 0x5D, 0x5F, 0x3C, 0x5F, 0x1C, 0x57, 0xFA, 0x56, 0xDA, 0x52, 0xD8, 0x52, 0xB8, 0x52, 
    0xD7, 0x52, 0xB8, 0x52, 0xD7, 0x56, 0xB8, 0x56, 0xD7, 0x56, 0xD8, 0x56, 0xF8, 0x5A, 0xD9, 0x5A, 
    0xF9, 0x5E, 0x1A, 0x5F, 0x3B, 0x63, 0x3B, 0x63, 0x1A, 0x63, 0xF9, 0x5A, 0xF8, 0x5A, 0xD7, 0x5A, 
    0xD5, 0x5A, 0xF7, 0x5A, 0xD4, 0x5A, 0x70, 0x4E, 0x6E, 0x52, 0x2E, 0x4A, 0x4D, 0x4A, 0x6E, 0x4E, 
    0x8E, 0x4E, 0x6E, 0x4E, 0x8D, 0x4E, 0x4C, 0x4A, 0x08, 0x42, 0xE7, 0x39, 0xC6, 0x39, 0xC7, 0x39, 
    0x4A, 0x4A, 0x4A, 0x46, 0x4A, 0x4A, 0xE8, 0x3D, 0xC6, 0x39, 0x0A, 0x42, 0x0A, 0x42, 0x0B, 0x42, 
    0x2B, 0x46, 0x6C, 0x4A, 0x8B, 0x4E, 0x4A, 0x4A, 0x28, 0x42, 0x08, 0x3E, 0x29, 0x42, 0x6F, 0x4A, 
    0xB3, 0x52, 0xB5, 0x52, 0xD5, 0x56, 0xD6, 0x56, 0xF6, 0x5A, 0xF7, 0x5A, 0xF7, 0x5E, 0xF8, 0x5E, 
    0x17, 0x5F, 0xF8, 0x5E, 0x18, 0x5F, 0x19, 0x5F, 0x39, 0x5F, 0x1A, 0x5F, 0x3A, 0x63, 0x1A, 0x5F, 
    0x1A, 0x5F, 0xFA, 0x5A, 0xFA, 0x5A, 0xFA, 0x5A, 0xF9, 0x5A, 0xD9, 0x56, 0xF7, 0x5A, 0xF7, 0x5A, 
    0x65, 0x2D, 0x85, 0x2D, 0x65, 0x29, 0x64, 0x29, 0x65, 0x29, 0x85, 0x2D, 0x86, 0x2D, 0xA6, 0x31, 
    0xA7, 0x31, 0xC9, 0x35, 0xAA, 0x31, 0xCA, 0x35, 0xCA, 0x35, 0xC8, 0x35, 0xA8, 0x31, 0xA7, 0x31, 
    0xA8, 0x31, 0xC8, 0x35, 0xA8, 0x31, 0xA7, 0x31, 0xA9, 0x31, 0xC9, 0x35, 0xA8, 0x31, 0xC8, 0x35, 
    0xC9, 0x31, 0xC9, 0x35, 0xCA, 0x35, 0xEA, 0x35, 0xCB, 0x35, 0xEB, 0x39, 0xED, 0x39, 0x0D, 0x3E, 
    0xEC, 0x39, 0xEB, 0x39, 0xEC, 0x39, 0x30, 0x42, 0x54, 0x42, 0x73, 0x46, 0x73, 0x4A, 0xB2, 0x4E, 
    0xB4, 0x4E, 0xD4, 0x56, 0xF5, 0x56, 0x15, 0x5B, 0xF5, 0x56, 0xD3, 0x56, 0xD4, 0x52, 0xB3, 0x52, 
    0x72, 0x4A, 0x4F, 0x46, 0x73, 0x4A, 0xD7, 0x56, 0xF9, 0x5A, 0xF9, 0x5A, 0xD7, 0x56, 0xB5, 0x4E, 
    0x96, 0x4A, 0xFA, 0x52, 0x1C, 0x5B, 0x1B, 0x5B, 0xFA, 0x56, 0xF9, 0x5A, 0x1A, 0x5F, 0x7B, 0x6B, 
    0x9D, 0x6F, 0xDD, 0x77, 0xDE, 0x7B, 0xDE, 0x7B, 0xDF, 0x7B, 0xFE, 0x7F, 0xDF, 0x7B, 0xFE, 0x7F, 
    0xDE, 0x7B, 0xDE, 0x7F, 0xDE, 0x7B, 0xDD, 0x7B, 0x9C, 0x73, 0x5A, 0x6B, 0xF9, 0x5A, 0xB7, 0x52, 
    0x75, 0x4A, 0x74, 0x4E, 0x73, 0x4E, 0x72, 0x4E, 0x72, 0x4E, 0x70, 0x4E, 0x4F, 0x46, 0x71, 0x4A, 
    0x74, 0x4A, 0x93, 0x4E, 0x74, 0x4A, 0x94, 0x4E, 0x33, 0x46, 0xCC, 0x45, 0xEC, 0x4D, 0xEB, 0x51, 
    0x68, 0x3D, 0x06, 0x31, 0xC5, 0x24, 0x83, 0x18, 0x42, 0x0C, 0x41, 0x08, 0x22, 0x08, 0x62, 0x10, 
    0x2A, 0x29, 0xEE, 0x41, 0x11, 0x46, 0x94, 0x56, 0x94, 0x56, 0x51, 0x4E, 0x10, 0x46, 0x72, 0x52, 
    0xAE, 0x3D, 0xAD, 0x39, 0x4A, 0x2D, 0xAD, 0x3D, 0x6C, 0x35, 0x8B, 0x35, 0x32, 0x4A, 0x52, 0x4E, 
    0x6B, 0x35, 0x0F, 0x4A, 0x6B, 0x35, 0xCC, 0x3D, 0x31, 0x4E, 0xF6, 0x66, 0x72, 0x56, 0x93, 0x5E, 
    0x30, 0x4E, 0xED, 0x49, 0x6A, 0x35, 0xA4, 0x18, 0x21, 0x0C, 0x62, 0x18, 0xC3, 0x24, 0x25, 0x39, 
    0x25, 0x3D, 0x65, 0x45, 0xA8, 0x51, 0x4A, 0x66, 0x8D, 0x72, 0xEE, 0x7A, 0x76, 0x7B, 0xD9, 0x7F, 
    0xD3, 0x66, 0x69, 0x39, 0x8C, 0x39, 0x93, 0x56, 0xD7, 0x5A, 0xF9, 0x5A, 0xD9, 0x56, 0xD8, 0x52, 
    0xB7, 0x4E, 0xB7, 0x4E, 0x98, 0x4A, 0xB8, 0x4E, 0xB9, 0x4E, 0xFA, 0x56, 0x1C, 0x57, 0x5D, 0x5F, 
    0x7E, 0x63, 0xBE, 0x6F, 0xBF, 0x77, 0xFE, 0x7F, 0xFF, 0x7F, 0xFF, 0x7F, 0xFF, 0x7F, 0xFF, 0x7F, 
    0xFF, 0x7F, 0xFF, 0x7F, 0xFF, 0x7F, 0xFF, 0x7F, 0xDF, 0x7F, 0xFF, 0x7B, 0xBF, 0x77, 0xBE, 0x6F, 
    0x7E, 0x63, 0x5C, 0x5F, 0x1C, 0x5B, 0x1B, 0x5B, 0xDA, 0x56, 0xD9, 0x56, 0xB8, 0x52, 0xB7, 0x52, 
    0xB7, 0x52, 0xB7, 0x56, 0xB8, 0x56, 0xD8, 0x5A, 0xB8, 0x56, 0xD8, 0x5A, 0xD9, 0x5A, 0xF9, 0x5E, 
    0xFA, 0x5E, 0x1A, 0x63, 0x1B, 0x63, 0x3B, 0x67, 0x1B, 0x63, 0xF9, 0x5E, 0xD8, 0x5A, 0xD6, 0x5A, 
    0xB5, 0x56, 0xF6, 0x5E, 0xB3, 0x56, 0x6F, 0x56, 0x70, 0x56, 0x6F, 0x52, 0x4E, 0x4E, 0x8E, 0x52, 
    0x8F, 0x52, 0x8E, 0x4E, 0x6D, 0x4E, 0x4B, 0x4A, 0xE9, 0x3D, 0xE8, 0x41, 0xC7, 0x39, 0xE8, 0x3D, 
    0x4B, 0x4A, 0x4A, 0x4A, 0x2A, 0x46, 0x08, 0x42, 0xA7, 0x35, 0x0A, 0x46, 0x2D, 0x46, 0x2D, 0x4A, 
    0x2D, 0x46, 0x4B, 0x4E, 0x6B, 0x4E, 0x6B, 0x52, 0x4B, 0x4A, 0x49, 0x46, 0x29, 0x42, 0x4B, 0x46, 
    0x71, 0x4E, 0xB5, 0x56, 0xB6, 0x56, 0xD6, 0x5A, 0xD7, 0x5A, 0xF7, 0x5E, 0xF8, 0x5E, 0xF8, 0x62, 
    0xF8, 0x5E, 0x18, 0x5F, 0x19, 0x5F, 0x39, 0x63, 0x1A, 0x63, 0x1A, 0x63, 0x1B, 0x5F, 0x1A, 0x63, 
    0xFA, 0x5E, 0x1A, 0x5F, 0xFA, 0x5A, 0xF9, 0x5E, 0xDA, 0x5A, 0xF8, 0x5A, 0xD8, 0x5A, 0xF7, 0x5E, 
    0x85, 0x2D, 0x65, 0x29, 0x63, 0x29, 0x64, 0x29, 0x84, 0x29, 0x86, 0x2D, 0xA8, 0x31, 0xA9, 0x31, 
    0xA7, 0x31, 0xA8, 0x31, 0xC9, 0x31, 0xCB, 0x35, 0xEA, 0x35, 0xC9, 0x31, 0xC7, 0x31, 0xA8, 0x31, 
    0xC7, 0x31, 0xA7, 0x31, 0xA6, 0x31, 0xA8, 0x31, 0xEA, 0x35, 0xCA, 0x35, 0xC8, 0x31, 0xCA, 0x31, 
    0xEA, 0x35, 0xEC, 0x35, 0x0B, 0x3A, 0xEB, 0x35, 0xEA, 0x35, 0xEB, 0x35, 0xEB, 0x39, 0xEB, 0x35, 
    0xE9, 0x35, 0xC9, 0x31, 0xEA, 0x35, 0xEE, 0x39, 0x52, 0x42, 0x95, 0x46, 0xB5, 0x4E, 0xB4, 0x4A, 
    0xB4, 0x4E, 0xD5, 0x52, 0x15, 0x5B, 0xF5, 0x5A, 0x15, 0x5B, 0xF5, 0x56, 0xF6, 0x56, 0xD7, 0x52, 
    0xB5, 0x4E, 0x73, 0x4A, 0x93, 0x4E, 0xB6, 0x52, 0xD7, 0x56, 0xD8, 0x56, 0xD6, 0x52, 0xB6, 0x4A, 
    0xB7, 0x4E, 0xFB, 0x56, 0x3C, 0x5B, 0x1B, 0x57, 0xFA, 0x56, 0xF9, 0x56, 0x39, 0x5F, 0x7B, 0x67, 
    0x9C, 0x73, 0xBE, 0x77, 0xDE, 0x7B, 0xDF, 0x7B, 0xFE, 0x7B, 0xDF, 0x7B, 0xFE, 0x7F, 0xDE, 0x7B, 
    0xFE, 0x7F, 0xDE, 0x7B, 0xDD, 0x7B, 0xBD, 0x77, 0x9C, 0x73, 0x5B, 0x67, 0x19, 0x5F, 0xB8, 0x52, 
    0x95, 0x4A, 0x73, 0x4A, 0x71, 0x4E, 0x71, 0x4A, 0x70, 0x4A, 0x4E, 0x46, 0x4F, 0x4A, 0x52, 0x4A, 
    0x73, 0x4E, 0x74, 0x4A, 0x94, 0x4E, 0x74, 0x4A, 0xEF, 0x41, 0x0E, 0x4E, 0x0C, 0x52, 0xCA, 0x4D, 
    0x88, 0x41, 0x27, 0x35, 0x05, 0x29, 0x83, 0x18, 0x41, 0x0C, 0x42, 0x08, 0x20, 0x04, 0x63, 0x0C, 
    0x8B, 0x31, 0x31, 0x4A, 0x51, 0x4E, 0xB5, 0x56, 0xD5, 0x5E, 0x31, 0x4E, 0xAC, 0x3D, 0xCE, 0x41, 
    0xE6, 0x20, 0x08, 0x25, 0xAC, 0x35, 0x8C, 0x35, 0xAD, 0x3D, 0xB6, 0x5E, 0xCD, 0x3D, 0xAD, 0x39, 
    0x6A, 0x31, 0xCE, 0x3D, 0xAB, 0x39, 0xCD, 0x41, 0x51, 0x52, 0xF6, 0x66, 0x92, 0x5A, 0xB4, 0x62, 
    0x4F, 0x52, 0x0F, 0x4A, 0x68, 0x35, 0xA4, 0x18, 0x41, 0x0C, 0x62, 0x14, 0xC3, 0x28, 0xE4, 0x30, 
    0x24, 0x39, 0x87, 0x49, 0xE8, 0x59, 0x4A, 0x66, 0x8B, 0x72, 0xCE, 0x76, 0x74, 0x7F, 0x98, 0x7F, 
    0x13, 0x73, 0xAB, 0x41, 0x49, 0x2D, 0x73, 0x52, 0xD5, 0x5A, 0xD9, 0x5A, 0xF9, 0x56, 0xD9, 0x52, 
    0xD7, 0x4E, 0xB7, 0x4A, 0xB7, 0x4E, 0xB8, 0x4A, 0xD8, 0x52, 0xFA, 0x52, 0x3B, 0x5B, 0x5D, 0x5F, 
    0x9E, 0x67, 0x9F, 0x6F, 0xDE, 0x77, 0xDF, 0x7B, 0xFF, 0x7F, 0xFF, 0x7F, 0xFF, 0x7F, 0xFF, 0x7F, 
    0xFF, 0x7F, 0xFF, 0x7F, 0xFF, 0x7F, 0xFF, 0x7F, 0xFF, 0x7F, 0xDF, 0x77, 0xDE, 0x73, 0x9E, 0x67, 
    0x7D, 0x63, 0x3D, 0x5B, 0x1B, 0x5B, 0xFB, 0x56, 0xF9, 0x56, 0xB8, 0x52, 0xB7, 0x52, 0x97, 0x4E, 
    0xB6, 0x52, 0xB7, 0x52, 0xD8, 0x56, 0xD9, 0x56, 0xD8, 0x5A, 0xD9, 0x5A, 0x19, 0x5F, 0xFA, 0x5E, 
    0x19, 0x5F, 0xFA, 0x5E, 0x1A, 0x63, 0x1B, 0x63, 0x1A, 0x63, 0xF9, 0x5A, 0xD8, 0x5A, 0xB6, 0x56, 
    0xD5, 0x5A, 0xD6, 0x5A, 0x92, 0x56, 0x70, 0x56, 0x90, 0x5A, 0x90, 0x5A, 0x8F, 0x56, 0x8F, 0x52, 
    0xAF, 0x52, 0x6E, 0x4E, 0x6C, 0x4E, 0x4B, 0x4A, 0x08, 0x42, 0xE9, 0x3D, 0x08, 0x42, 0x0A, 0x42, 
    0x6B, 0x4E, 0x4B, 0x4A, 0x29, 0x46, 0x09, 0x42, 0xC7, 0x39, 0xE9, 0x3D, 0x2C, 0x46, 0x2E, 0x46, 
    0x2C, 0x4A, 0x2A, 0x46, 0x6A, 0x4E, 0x4A, 0x4A, 0x6A, 0x4E, 0x4B, 0x4A, 0x4A, 0x4A, 0x4A, 0x46, 
    0x4C, 0x4A, 0x93, 0x4E, 0xD6, 0x56, 0xD7, 0x5A, 0xF7, 0x5E, 0xF8, 0x5E, 0x17, 0x5F, 0xF8, 0x5E, 
    0x18, 0x5F, 0x19, 0x5F, 0x39, 0x63, 0x1A, 0x63, 0x3A, 0x63, 0x1B, 0x63, 0x3A, 0x63, 0x1A, 0x5F, 
    0x1A, 0x5F, 0xFA, 0x5E, 0x1A, 0x5F, 0xFA, 0x5A, 0xF9, 0x5A, 0xF9, 0x5A, 0xF8, 0x5E, 0xF8, 0x5E, 
    0x66, 0x2D, 0x64, 0x2D, 0x64, 0x29, 0x64, 0x2D, 0x65, 0x29, 0x86, 0x31, 0xA9, 0x31, 0xA8, 0x35, 
    0x87, 0x31, 0xA7, 0x31, 0xA9, 0x31, 0xEB, 0x39, 0xCB, 0x35, 0xC9, 0x35, 0xA8, 0x31, 0xA7, 0x35, 
    0x87, 0x31, 0xA6, 0x31, 0x87, 0x31, 0xA8, 0x35, 0xAA, 0x31, 0xC9, 0x35, 0xA9, 0x31, 0xEB, 0x35, 
    0xED, 0x39, 0x0E, 0x3E, 0x0E, 0x3A, 0x0C, 0x3A, 0xEC, 0x35, 0xEB, 0x39, 0xCB, 0x35, 0xEA, 0x39, 
    0xCA, 0x35, 0xC9, 0x35, 0xCA, 0x35, 0xEB, 0x39, 0x30, 0x3E, 0x95, 0x4E, 0xB7, 0x4E, 0xB6, 0x52, 
    0xB6, 0x4E, 0xD6, 0x56, 0xF6, 0x56, 0xF5, 0x5A, 0xF6, 0x5A, 0xF6, 0x5A, 0xF8, 0x56, 0x1A, 0x5B, 
    0xDA, 0x52, 0xB7, 0x52, 0x95, 0x4E, 0xB6, 0x52, 0xB7, 0x52, 0xD7, 0x56, 0xB7, 0x4E, 0xB6, 0x4E, 
    0xB9, 0x4E, 0x1C, 0x5B, 0x1D, 0x5F, 0x1B, 0x5B, 0xDA, 0x56, 0xF9, 0x56, 0x1A, 0x5F, 0x7B, 0x6B, 
    0x9D, 0x6F, 0xDE, 0x77, 0xDF, 0x77, 0xDE, 0x7B, 0xDF, 0x7B, 0xFE, 0x7F, 0xDF, 0x7B, 0xFE, 0x7F, 
    0xDE, 0x7B, 0xDD, 0x7B, 0xBD, 0x77, 0xBC, 0x7B, 0x7C, 0x73, 0x3A, 0x67, 0xFA, 0x5E, 0xD7, 0x56, 
    0x75, 0x4A, 0x72, 0x4E, 0x2F, 0x4A, 0x4F, 0x4A, 0x2F, 0x46, 0x2D, 0x46, 0x31, 0x46, 0x52, 0x4A, 
    0x53, 0x4E, 0x73, 0x4E, 0x74, 0x4E, 0x53, 0x4E, 0xCE, 0x41, 0xEC, 0x4D, 0xEC, 0x51, 0xC9, 0x4D, 
    0x48, 0x3D, 0x47, 0x39, 0xC5, 0x24, 0x83, 0x1C, 0x21, 0x0C, 0x41, 0x0C, 0x01, 0x00, 0x83, 0x10, 
    0x4A, 0x2D, 0x2F, 0x4A, 0x73, 0x52, 0x72, 0x56, 0x95, 0x5A, 0x51, 0x52, 0x8D, 0x3D, 0x73, 0x56, 
    0x8D, 0x39, 0x8B, 0x35, 0x6C, 0x35, 0x28, 0x29, 0xCF, 0x41, 0x52, 0x52, 0x2A, 0x29, 0x29, 0x2D, 
    0xCE, 0x41, 0xCD, 0x41, 0x29, 0x2D, 0x51, 0x52, 0xB5, 0x5E, 0xF5, 0x66, 0xB4, 0x62, 0x92, 0x5E, 
    0x31, 0x52, 0xCC, 0x45, 0xE6, 0x28, 0x83, 0x18, 0x22, 0x0C, 0x62, 0x18, 0xA3, 0x24, 0xE3, 0x30, 
    0x26, 0x3D, 0x87, 0x49, 0xE9, 0x59, 0x2A, 0x66, 0x4B, 0x6A, 0xCE, 0x76, 0x33, 0x7B, 0x75, 0x7F, 
    0x14, 0x73, 0xAB, 0x45, 0xE8, 0x24, 0xAC, 0x39, 0xB6, 0x5A, 0xF9, 0x5E, 0xDA, 0x56, 0xD9, 0x56, 
    0xB8, 0x52, 0xB7, 0x4E, 0x97, 0x4A, 0xB7, 0x4E, 0xB8, 0x4E, 0xFA, 0x56, 0x1D, 0x5B, 0x7D, 0x63, 
    0x9F, 0x6B, 0xBE, 0x73, 0xBF, 0x77, 0xFF, 0x7F, 0xDF, 0x7F, 0xFF, 0x7F, 0xFF, 0x7F, 0xFF, 0x7F, 
    0xFF, 0x7F, 0xFF, 0x7F, 0xFF, 0x7F, 0xFF, 0x7F, 0xDF, 0x7B, 0xDF, 0x7B, 0x9F, 0x6F, 0x9E, 0x6B, 
    0x3E, 0x5F, 0x3C, 0x5F, 0xFC, 0x56, 0xFA, 0x56, 0xB9, 0x52, 0xB7, 0x52, 0x97, 0x4E, 0x96, 0x52, 
    0x96, 0x52, 0xB7, 0x56, 0xD9, 0x5A, 0xF9, 0x5E, 0xDA, 0x5A, 0x1A, 0x63, 0x1B, 0x63, 0x3B, 0x67, 
    0x1B, 0x63, 0x1A, 0x63, 0xFB, 0x62, 0x3B, 0x67, 0x1B, 0x63, 0xF9, 0x5E, 0xD9, 0x5A, 0xD6, 0x5A, 
    0xB5, 0x5A, 0xD5, 0x5E, 0x92, 0x56, 0x91, 0x5A, 0x92, 0x5A, 0xB1, 0x5E, 0x70, 0x56, 0x8F, 0x56, 
    0x90, 0x52, 0x8E, 0x4E, 0x4D, 0x4E, 0x4B, 0x4A, 0xE8, 0x41, 0x09, 0x42, 0x0A, 0x46, 0x4B, 0x4A, 
    0x6D, 0x4E, 0x6B, 0x4E, 0x2A, 0x46, 0x2A, 0x46, 0x0A, 0x42, 0x2C, 0x46, 0x2F, 0x4A, 0x4E, 0x4A, 
    0x2D, 0x46, 0x29, 0x4A, 0x4A, 0x4A, 0x49, 0x4A, 0x4A, 0x4A, 0x4A, 0x4A, 0x2A, 0x46, 0x4B, 0x46, 
    0x4D, 0x46, 0x92, 0x52, 0xB6, 0x56, 0xD7, 0x5A, 0xF8, 0x5E, 0x18, 0x63, 0xF9, 0x62, 0x18, 0x63, 
    0x19, 0x63, 0x19, 0x63, 0x1A, 0x63, 0x3A, 0x67, 0x1B, 0x63, 0x3A, 0x67, 0x1B, 0x63, 0x1A, 0x63, 
    0xFB, 0x5E, 0x1A, 0x5F, 0xFA, 0x5E, 0xFA, 0x5E, 0xDA, 0x5A, 0xF9, 0x5E, 0xF9, 0x5E, 0x18, 0x63, 
    0x85, 0x2D, 0x64, 0x29, 0x83, 0x29, 0x64, 0x29, 0x84, 0x2D, 0x86, 0x2D, 0xA6, 0x31, 0xA7, 0x2D, 
    0xA6, 0x2D, 0xA6, 0x2D, 0xC6, 0x31, 0xC8, 0x31, 0xC7, 0x31, 0xA7, 0x31, 0xC6, 0x31, 0xA6, 0x2D, 
    0xA6, 0x31, 0xA6, 0x2D, 0xA6, 0x31, 0xA7, 0x31, 0xC7, 0x31, 0xC9, 0x31, 0xC8, 0x31, 0xCA, 0x31, 
    0x0C, 0x3A, 0x0F, 0x3A, 0x2E, 0x3E, 0x0F, 0x3A, 0x0D, 0x3A, 0xEB, 0x35, 0x0A, 0x36, 0xEA, 0x35, 
    0xE8, 0x35, 0xC8, 0x31, 0x0B, 0x3A, 0xED, 0x39, 0x0C, 0x3A, 0x54, 0x42, 0xB7, 0x4E, 0xB8, 0x4E, 
    0xD7, 0x52, 0xD6, 0x52, 0xF5, 0x56, 0xF6, 0x56, 0x15, 0x5B, 0xF7, 0x56, 0x39, 0x5B, 0x1B, 0x5B, 
    0x3B, 0x5B, 0xFA, 0x56, 0xD7, 0x52, 0xB6, 0x4E, 0xB6, 0x4E, 0xB6, 0x4E, 0xB6, 0x4E, 0xB7, 0x4A, 
    0xFA, 0x52, 0x1C, 0x5B, 0x3C, 0x5F, 0x1B, 0x57, 0xF9, 0x56, 0xF9, 0x56, 0x39, 0x5F, 0x5B, 0x67, 
    0xBC, 0x6F, 0xBE, 0x73, 0xDE, 0x77, 0xDF, 0x7B, 0xFE, 0x7B, 0xDF, 0x7B, 0xFE, 0x7B, 0xDE, 0x7B, 
    0xFD, 0x7B, 0xDD, 0x77, 0xDC, 0x77, 0xBC, 0x73, 0x9B, 0x6F, 0x19, 0x5F, 0xF8, 0x5A, 0xD7, 0x52, 
    0x74, 0x4A, 0x51, 0x46, 0x2C, 0x42, 0x0C, 0x42, 0x2B, 0x42, 0x0D, 0x42, 0x4F, 0x46, 0x51, 0x46, 
    0x71, 0x4A, 0x72, 0x4A, 0x93, 0x4E, 0x32, 0x46, 0x2E, 0x4A, 0x4E, 0x56, 0x0B, 0x56, 0xEA, 0x51, 
    0x87, 0x41, 0x26, 0x35, 0xE3, 0x24, 0x83, 0x18, 0x61, 0x10, 0x21, 0x04, 0x20, 0x04, 0xA5, 0x18, 
    0x69, 0x31, 0xEE, 0x41, 0x71, 0x52, 0x93, 0x56, 0x93, 0x56, 0x73, 0x52, 0xCC, 0x3D, 0x94, 0x56, 
    0xCD, 0x39, 0xCE, 0x3D, 0xEE, 0x41, 0x52, 0x4A, 0x6B, 0x31, 0x2A, 0x29, 0x4A, 0x2D, 0x10, 0x46, 
    0x6A, 0x31, 0xCD, 0x3D, 0x49, 0x2D, 0x73, 0x52, 0x37, 0x6B, 0xF5, 0x66, 0xF5, 0x66, 0xB4, 0x5E, 
    0x70, 0x56, 0xEE, 0x45, 0xE5, 0x24, 0x62, 0x10, 0x41, 0x0C, 0x62, 0x14, 0xC2, 0x24, 0xE3, 0x2C, 
    0x44, 0x3D, 0x86, 0x45, 0xE7, 0x55, 0x29, 0x62, 0x6A, 0x6A, 0xAC, 0x72, 0x0F, 0x7B, 0x53, 0x7B, 
    0x33, 0x77, 0x8A, 0x39, 0x28, 0x29, 0x4A, 0x2D, 0x51, 0x4E, 0xF8, 0x5E, 0xF9, 0x5A, 0xD9, 0x52, 
    0xD8, 0x52, 0xB7, 0x4A, 0xB6, 0x4E, 0xB7, 0x4A, 0xD7, 0x4E, 0xFA, 0x52, 0x3C, 0x5F, 0x7E, 0x63, 
    0xBE, 0x6B, 0xBE, 0x6F, 0xDE, 0x77, 0xDF, 0x7B, 0xFE, 0x7F, 0xFF, 0x7F, 0xFF, 0x7F, 0xFF, 0x7F, 
    0xFF, 0x7F, 0xFF, 0x7F, 0xFF, 0x7F, 0xFF, 0x7B, 0xFE, 0x7B, 0xBE, 0x73, 0xBE, 0x6F, 0x7E, 0x63, 
    0x5C, 0x5F, 0x1C, 0x5B, 0x1A, 0x57, 0xD9, 0x52, 0xD7, 0x52, 0x97, 0x4A, 0x95, 0x4E, 0x95, 0x4A, 
    0xB5, 0x52, 0xD7, 0x56, 0xF9, 0x5E, 0x1A, 0x5F, 0x1A, 0x5F, 0x3B, 0x63, 0x5B, 0x67, 0x3C, 0x67, 
    0x3B, 0x67, 0x1B, 0x5F, 0x1A, 0x63, 0x3B, 0x63, 0x3B, 0x67, 0x1A, 0x5F, 0xF8, 0x5E, 0xD6, 0x5A, 
    0xD4, 0x5A, 0xD5, 0x5A, 0xB2, 0x5A, 0x92, 0x5A, 0xB1, 0x5A, 0x91, 0x5A, 0x90, 0x5A, 0x90, 0x52, 
    0xAF, 0x52, 0x6E, 0x4A, 0x6C, 0x4E, 0x2A, 0x46, 0xE7, 0x3D, 0x09, 0x3E, 0x4B, 0x4A, 0x6C, 0x4A, 
    0x8C, 0x52, 0x6C, 0x4A, 0x4A, 0x46, 0x2A, 0x46, 0x29, 0x46, 0x4E, 0x4A, 0x70, 0x4E, 0x51, 0x4A, 
    0x4E, 0x4A, 0x29, 0x42, 0x69, 0x4A, 0x29, 0x42, 0x6A, 0x4A, 0x4B, 0x4A, 0x2A, 0x46, 0x4D, 0x46, 
    0x70, 0x4A, 0x94, 0x4E, 0xD5, 0x56, 0xD7, 0x56, 0x17, 0x5F, 0x18, 0x5F, 0x38, 0x63, 0x19, 0x5F, 
    0x39, 0x63, 0x3A, 0x63, 0x3A, 0x63, 0x3B, 0x63, 0x5A, 0x67, 0x3B, 0x63, 0x3A, 0x63, 0x1A, 0x5F, 
    0x1A, 0x5F, 0x1A, 0x5F, 0x19, 0x5F, 0xF9, 0x5A, 0x19, 0x5B, 0xF8, 0x5A, 0x17, 0x5F, 0x18, 0x63, 
    0x85, 0x29, 0x84, 0x2D, 0x64, 0x29, 0x84, 0x2D, 0x86, 0x2D, 0xA6, 0x31, 0x86, 0x2D, 0xA6, 0x31, 
    0x86, 0x2D, 0xA5, 0x31, 0xA6, 0x2D, 0xA5, 0x31, 0xA6, 0x2D, 0xA6, 0x31, 0xA6, 0x31, 0xA6, 0x31, 
    0x86, 0x2D, 0xA6, 0x31, 0x86, 0x2D, 0xA7, 0x31, 0xA8, 0x31, 0xC8, 0x31, 0xC9, 0x31, 0xC9, 0x35, 
    0xED, 0x39, 0x2F, 0x3E, 0x0F, 0x3E, 0x2F, 0x3E, 0x0F, 0x3E, 0x0D, 0x3E, 0xEC, 0x39, 0xEA, 0x35, 
    0xC9, 0x31, 0xC8, 0x35, 0xEB, 0x35, 0xEB, 0x39, 0xCB, 0x35, 0x31, 0x42, 0x97, 0x4A, 0xB8, 0x4E, 
    0xB8, 0x4E, 0xD5, 0x52, 0xD6, 0x56, 0xF6, 0x5A, 0xF7, 0x56, 0x18, 0x5B, 0x1A, 0x5B, 0x3B, 0x5F, 
    0x3D, 0x5F, 0x3C, 0x5F, 0xFB, 0x56, 0xD8, 0x52, 0x96, 0x4E, 0x96, 0x4E, 0x96, 0x4A, 0xB7, 0x4E, 
    0xDB, 0x52, 0x3D, 0x5F, 0x1D, 0x5F, 0x1B, 0x5B, 0xDA, 0x52, 0xF9, 0x56, 0x1A, 0x5F, 0x7B, 0x67, 
    0x9D, 0x6F, 0xBD, 0x77, 0xDE, 0x77, 0xDE, 0x7B, 0xDF, 0x7B, 0xFE, 0x7F, 0xDF, 0x7B, 0xFE, 0x7F, 
    0xDE, 0x7B, 0xDD, 0x7B, 0xBC, 0x77, 0xBB, 0x77, 0x7B, 0x6B, 0x18, 0x5F, 0xD8, 0x56, 0xD6, 0x52, 
    0x74, 0x4A, 0x2E, 0x42, 0xE9, 0x39, 0xE9, 0x3D, 0xEA, 0x3D, 0x0D, 0x42, 0x0F, 0x46, 0x2F, 0x46, 
    0x30, 0x46, 0x51, 0x4A, 0x74, 0x4E, 0x30, 0x46, 0x0E, 0x4E, 0x4D, 0x5E, 0x0B, 0x56, 0xC9, 0x51, 
    0x68, 0x41, 0x25, 0x39, 0xC4, 0x24, 0xA2, 0x1C, 0x84, 0x1C, 0x41, 0x0C, 0x01, 0x04, 0xA4, 0x18, 
    0x6A, 0x31, 0x2F, 0x4E, 0x30, 0x4E, 0x71, 0x52, 0xB4, 0x5A, 0xD6, 0x62, 0x52, 0x4E, 0xEE, 0x45, 
    0x09, 0x29, 0x51, 0x4E, 0x4B, 0x2D, 0x94, 0x56, 0xD0, 0x41, 0xCE, 0x3D, 0x53, 0x4E, 0x94, 0x56, 
    0xAE, 0x3D, 0xCD, 0x41, 0x4B, 0x31, 0x72, 0x56, 0x38, 0x6F, 0xF5, 0x66, 0xF6, 0x66, 0xB3, 0x62, 
    0xB4, 0x5E, 0xEC, 0x45, 0xA4, 0x18, 0x62, 0x10, 0x21, 0x08, 0x82, 0x1C, 0xE4, 0x2C, 0xE3, 0x30, 
    0x46, 0x41, 0x87, 0x4D, 0xE9, 0x59, 0x09, 0x62, 0x2A, 0x66, 0xAB, 0x72, 0xEF, 0x7A, 0x32, 0x7F, 
    0x13, 0x77, 0x0D, 0x4E, 0x6B, 0x35, 0x28, 0x29, 0x11, 0x4A, 0xB5, 0x5A, 0xD9, 0x5A, 0xF9, 0x56, 
    0xD8, 0x52, 0xB6, 0x4E, 0x97, 0x4E, 0xB7, 0x4E, 0xB8, 0x4E, 0xF9, 0x56, 0x1C, 0x5B, 0x7D, 0x67, 
    0x9F, 0x6B, 0xDE, 0x73, 0xDF, 0x77, 0xFE, 0x7F, 0xFF, 0x7F, 0xFF, 0x7F, 0xFF, 0x7F, 0xFF, 0x7F, 
    0xFF, 0x7F, 0xFF, 0x7F, 0xFF, 0x7F, 0xFE, 0x7F, 0xDF, 0x77, 0xBE, 0x73, 0x9F, 0x6B, 0x7D, 0x63, 
    0x3D, 0x5B, 0x1B, 0x5B, 0xFA, 0x52, 0xD8, 0x52, 0x97, 0x4E, 0x96, 0x4E, 0x75, 0x4A, 0x94, 0x4E, 
    0x96, 0x52, 0xD7, 0x5A, 0x1A, 0x5F, 0x3B, 0x67, 0x1C, 0x63, 0x5C, 0x67, 0x5D, 0x6B, 0x5C, 0x6B, 
    0x5D, 0x6B, 0x3B, 0x67, 0x1B, 0x63, 0x3B, 0x67, 0x1B, 0x63, 0x1A, 0x63, 0xF9, 0x5E, 0xD6, 0x5E, 
    0xB5, 0x56, 0xD5, 0x5E, 0xB5, 0x5A, 0xB2, 0x5A, 0x91, 0x5A, 0x91, 0x5A, 0x71, 0x56, 0x8F, 0x52, 
    0x8F, 0x4E, 0x6D, 0x4E, 0x4C, 0x4A, 0x2A, 0x4A, 0xC8, 0x3D, 0x09, 0x42, 0x4C, 0x4A, 0x6C, 0x4E, 
    0x6D, 0x4E, 0x6C, 0x4E, 0x2B, 0x46, 0x2A, 0x46, 0x2A, 0x46, 0x4D, 0x4A, 0x72, 0x4E, 0x72, 0x4E, 
    0x72, 0x4A, 0x2B, 0x46, 0x6C, 0x4E, 0x29, 0x46, 0x2A, 0x46, 0x6B, 0x4E, 0x0A, 0x42, 0x4D, 0x46, 
    0x72, 0x4A, 0xB4, 0x52, 0xB6, 0x52, 0xF7, 0x5A, 0xF8, 0x5A, 0x18, 0x5F, 0x19, 0x5F, 0x39, 0x63, 
    0x1A, 0x63, 0x3A, 0x67, 0x3B, 0x63, 0x5B, 0x67, 0x3B, 0x67, 0x5B, 0x67, 0x3B, 0x63, 0x3A, 0x63, 
    0x1A, 0x5F, 0x1A, 0x5F, 0xFA, 0x5E, 0x19, 0x5F, 0xF9, 0x5A, 0xF8, 0x5E, 0xF8, 0x5E, 0x38, 0x63, 
    0x85, 0x2D, 0x65, 0x29, 0x84, 0x29, 0x85, 0x29, 0xA6, 0x2D, 0x86, 0x2D, 0xA5, 0x2D, 0x86, 0x2D, 
    0xA5, 0x2D, 0x85, 0x2D, 0xA5, 0x2D, 0x85, 0x2D, 0xA5, 0x31, 0x86, 0x2D, 0xA5, 0x31, 0x86, 0x2D, 
    0xA5, 0x31, 0x86, 0x2D, 0xA6, 0x31, 0xA7, 0x31, 0xC7, 0x31, 0xA8, 0x31, 0xC8, 0x31, 0xCA, 0x31, 
    0x0E, 0x3E, 0x30, 0x3E, 0x50, 0x3E, 0x30, 0x3E, 0x2F, 0x3E, 0x0F, 0x3E, 0x2E, 0x3E, 0xEB, 0x35, 
    0xE8, 0x35, 0xC9, 0x31, 0xE9, 0x35, 0xCA, 0x35, 0x0C, 0x3A, 0x0F, 0x3E, 0x74, 0x46, 0xB8, 0x4E, 
    0xD7, 0x52, 0xB6, 0x4E, 0xD6, 0x56, 0xF7, 0x56, 0x18, 0x5B, 0x19, 0x5B, 0x3A, 0x5F, 0x3C, 0x5F, 
    0x5D, 0x63, 0x3D, 0x63, 0x1C, 0x5F, 0xDA, 0x52, 0xB7, 0x4E, 0x76, 0x46, 0x96, 0x4A, 0xB8, 0x4A, 
    0x1B, 0x57, 0x3D, 0x5F, 0x3D, 0x5F, 0xFB, 0x56, 0xF9, 0x56, 0xD9, 0x52, 0x3A, 0x5F, 0x5B, 0x67, 
    0x9C, 0x6F, 0xBD, 0x73, 0xDE, 0x77, 0xDE, 0x77, 0xFE, 0x7B, 0xDF, 0x7B, 0xFE, 0x7F, 0xDE, 0x7B, 
    0xDD, 0x7B, 0xBD, 0x77, 0xBC, 0x77, 0x9B, 0x73, 0x79, 0x6B, 0xF7, 0x56, 0xD6, 0x52, 0x95, 0x4E, 
    0x72, 0x4A, 0x0C, 0x3E, 0xC7, 0x39, 0xC7, 0x35, 0xE9, 0x3D, 0x0D, 0x42, 0x2E, 0x46, 0x0E, 0x42, 
    0x2F, 0x46, 0x31, 0x46, 0x94, 0x52, 0xEF, 0x3D, 0x70, 0x5A, 0x2D, 0x5A, 0xC9, 0x51, 0xA9, 0x49, 
    0x67, 0x41, 0x25, 0x35, 0xE3, 0x2C, 0xA3, 0x20, 0xA3, 0x20, 0x62, 0x14, 0x20, 0x04, 0x63, 0x10, 
    0x48, 0x31, 0x0F, 0x4A, 0x92, 0x5A, 0x30, 0x4A, 0x92, 0x56, 0xF7, 0x66, 0xB4, 0x5E, 0x8C, 0x35, 
    0x8B, 0x35, 0xF0, 0x41, 0xEE, 0x41, 0xAE, 0x39, 0xCE, 0x3D, 0x6C, 0x31, 0x6B, 0x31, 0x8C, 0x35, 
    0x8B, 0x35, 0xEF, 0x41, 0xEE, 0x41, 0x94, 0x5A, 0x58, 0x6F, 0xB4, 0x5E, 0xF5, 0x66, 0xB4, 0x5E, 
    0x70, 0x56, 0x07, 0x25, 0x41, 0x0C, 0x00, 0x04, 0x20, 0x08, 0xA3, 0x20, 0xE3, 0x2C, 0x05, 0x35, 
    0x66, 0x45, 0xA8, 0x4D, 0xE8, 0x59, 0x09, 0x5E, 0x4A, 0x6A, 0x8B, 0x6E, 0x0E, 0x7B, 0xF0, 0x76, 
    0x11, 0x7B, 0x6F, 0x5A, 0xED, 0x45, 0x29, 0x29, 0x30, 0x4A, 0x94, 0x56, 0xF9, 0x5E, 0xD9, 0x56, 
    0xD8, 0x52, 0xB7, 0x4E, 0xB7, 0x4E, 0xB7, 0x4E, 0xD7, 0x52, 0xFA, 0x52, 0x3B, 0x5F, 0x7E, 0x63, 
    0xBE, 0x6B, 0xBF, 0x73, 0xDE, 0x77, 0xDF, 0x7B, 0xFF, 0x7F, 0xFF, 0x7F, 0xFF, 0x7F, 0xFF, 0x7F, 
    0xFF, 0x7F, 0xFF, 0x7F, 0xFE, 0x7F, 0xDF, 0x7B, 0xDE, 0x77, 0xBF, 0x6F, 0x9E, 0x6B, 0x5D, 0x5F, 
    0x3C, 0x5B, 0xFB, 0x56, 0xF9, 0x56, 0xB8, 0x4E, 0xB6, 0x4E, 0x96, 0x4A, 0x94, 0x4A, 0x74, 0x4A, 
    0xB5, 0x52, 0xD8, 0x5A, 0x3A, 0x63, 0x3C, 0x67, 0x5C, 0x67, 0x5D, 0x67, 0x7D, 0x6F, 0x7E, 0x6F, 
    0x7D, 0x6F, 0x5D, 0x6B, 0x5C, 0x6B, 0x3C, 0x67, 0x3B, 0x67, 0x1B, 0x63, 0x19, 0x63, 0xD7, 0x5A, 
    0xB4, 0x56, 0xD6, 0x5A, 0xD5, 0x5E, 0x93, 0x56, 0x91, 0x5A, 0x71, 0x56, 0x6F, 0x56, 0x6F, 0x4E, 
    0x8E, 0x4E, 0x6D, 0x4A, 0x4B, 0x4E, 0x09, 0x46, 0xC7, 0x3D, 0xE9, 0x3D, 0x4A, 0x46, 0x4C, 0x4A, 
    0x6C, 0x4E, 0x2B, 0x46, 0x2A, 0x46, 0x09, 0x3E, 0x09, 0x42, 0x2D, 0x46, 0x92, 0x4E, 0x72, 0x4A, 
    0x93, 0x4E, 0x2D, 0x46, 0x6C, 0x4E, 0x4C, 0x4A, 0x29, 0x46, 0x6D, 0x4E, 0x4A, 0x46, 0x2C, 0x42, 
    0x71, 0x4E, 0x95, 0x4E, 0xD6, 0x56, 0xD7, 0x56, 0xF7, 0x5A, 0xF9, 0x5A, 0x39, 0x63, 0x3A, 0x63, 
    0x3A, 0x67, 0x3B, 0x63, 0x5B, 0x67, 0x3B, 0x67, 0x5B, 0x67, 0x3B, 0x63, 0x3B, 0x63, 0x1A, 0x5F, 
    0x1A, 0x63, 0x1A, 0x5F, 0x1A, 0x5F, 0xF9, 0x5A, 0x18, 0x5F, 0xF8, 0x5E, 0x18, 0x63, 0x18, 0x63, 
    0x66, 0x29, 0x85, 0x2D, 0x86, 0x29, 0xA6, 0x31, 0x87, 0x31, 0xA6, 0x31, 0x86, 0x2D, 0x85, 0x31, 
    0x85, 0x2D, 0xA5, 0x31, 0x85, 0x2D, 0xA5, 0x31, 0x86, 0x2D, 0xA5, 0x31, 0x86, 0x2D, 0xA5, 0x31, 
    0x86, 0x2D, 0xA5, 0x31, 0x86, 0x31, 0xA6, 0x31, 0xA7, 0x31, 0xA7, 0x31, 0xA8, 0x31, 0xEB, 0x39, 
    0x31, 0x3E, 0x53, 0x42, 0x54, 0x42, 0x52, 0x42, 0x10, 0x3E, 0x10, 0x3E, 0x10, 0x3E, 0xEB, 0x39, 
    0xCA, 0x35, 0xC9, 0x35, 0xC9, 0x35, 0xE9, 0x35, 0xED, 0x39, 0x0E, 0x42, 0x32, 0x42, 0x97, 0x4E, 
    0xB7, 0x4E, 0xD6, 0x56, 0xD7, 0x56, 0xF7, 0x5A, 0xF9, 0x5A, 0x19, 0x5F, 0x1B, 0x5B, 0x3C, 0x63, 
    0x3D, 0x63, 0x5D, 0x67, 0x3D, 0x63, 0xFA, 0x5A, 0x98, 0x4E, 0x75, 0x4A, 0x97, 0x4A, 0xD9, 0x52, 
    0xFC, 0x56, 0x3D, 0x63, 0x3E, 0x5F, 0x1B, 0x5B, 0xDA, 0x52, 0xD9, 0x56, 0x1A, 0x5B, 0x5B, 0x67, 
    0x7C, 0x6B, 0xBD, 0x77, 0xBE, 0x77, 0xDE, 0x7B, 0xDF, 0x7B, 0xDE, 0x7B, 0xDF, 0x7B, 0xDE, 0x7B, 
    0xBE, 0x7B, 0xDD, 0x7B, 0x9C, 0x73, 0x9A, 0x73, 0x37, 0x67, 0xD4, 0x56, 0x94, 0x4E, 0x94, 0x4E, 
    0x51, 0x46, 0xE9, 0x3D, 0xA7, 0x35, 0xC7, 0x39, 0xCA, 0x39, 0x0D, 0x42, 0xEE, 0x41, 0x0E, 0x42, 
    0xEE, 0x41, 0x51, 0x4E, 0x75, 0x52, 0xEE, 0x45, 0x71, 0x62, 0x4D, 0x62, 0xEA, 0x55, 0xA8, 0x4D, 
    0x46, 0x3D, 0x25, 0x39, 0xE4, 0x30, 0xC3, 0x28, 0xA3, 0x24, 0x82, 0x20, 0x22, 0x0C, 0x83, 0x14, 
    0x4A, 0x31, 0xCC, 0x41, 0x93, 0x5A, 0x93, 0x5A, 0x52, 0x52, 0xF6, 0x62, 0xD7, 0x62, 0xCD, 0x41, 
    0xEF, 0x45, 0x52, 0x52, 0xCE, 0x3D, 0x8C, 0x35, 0x11, 0x46, 0x8C, 0x39, 0x09, 0x25, 0x8B, 0x35, 
    0x8C, 0x35, 0x8B, 0x39, 0x52, 0x52, 0xF6, 0x66, 0xF7, 0x66, 0x93, 0x5E, 0xD5, 0x66, 0xD4, 0x62, 
    0xCD, 0x45, 0x61, 0x14, 0x01, 0x00, 0x00, 0x04, 0x22, 0x08, 0xA3, 0x24, 0xC3, 0x2C, 0x25, 0x39, 
    0x67, 0x41, 0xA8, 0x51, 0xE9, 0x59, 0x29, 0x66, 0x4B, 0x6A, 0xAC, 0x76, 0xCF, 0x76, 0xAD, 0x72, 
    0xD0, 0x76, 0xD1, 0x6A, 0x70, 0x5A, 0x28, 0x2D, 0x8C, 0x35, 0x93, 0x5A, 0xF9, 0x5E, 0xF9, 0x5A, 
    0xD8, 0x52, 0xD7, 0x52, 0xB8, 0x4E, 0xB7, 0x52, 0xD8, 0x52, 0xF9, 0x56, 0x1C, 0x5B, 0x7D, 0x67, 
    0x9F, 0x6B, 0xBE, 0x73, 0xBF, 0x77, 0xFF, 0x7F, 0xDF, 0x7F, 0xFF, 0x7F, 0xFF, 0x7F, 0xFF, 0x7F, 
    0xDF, 0x7F, 0xFF, 0x7F, 0xDF, 0x7B, 0xDF, 0x7B, 0xBF, 0x73, 0xBE, 0x6F, 0x7E, 0x63, 0x5D, 0x5F, 
    0x1C, 0x5B, 0xFB, 0x5A, 0xD9, 0x52, 0xB7, 0x4E, 0x76, 0x4A, 0x95, 0x4E, 0x75, 0x4A, 0x74, 0x4E, 
    0x96, 0x52, 0xF8, 0x5E, 0x1B, 0x63, 0x5C, 0x6B, 0x5D, 0x67, 0x7D, 0x6F, 0x7E, 0x6F, 0x7E, 0x6F, 
    0x7E, 0x6F, 0x7D, 0x6F, 0x5D, 0x6B, 0x5C, 0x6B, 0x1C, 0x67, 0x1A, 0x63, 0xFA, 0x5E, 0xD7, 0x5E, 
    0x95, 0x56, 0xD6, 0x5E, 0xB6, 0x5A, 0x92, 0x5A, 0x71, 0x52, 0x6F, 0x52, 0x50, 0x4E, 0x6E, 0x4E, 
    0x4E, 0x4A, 0x4C, 0x4E, 0x2C, 0x4A, 0xE9, 0x45, 0xC8, 0x3D, 0xE8, 0x41, 0x0A, 0x42, 0x4B, 0x4A, 
    0x4C, 0x4E, 0x2A, 0x46, 0x0A, 0x42, 0x09, 0x46, 0xE9, 0x3D, 0x2B, 0x46, 0x71, 0x4E, 0x72, 0x4E, 
    0x73, 0x4E, 0x4F, 0x4A, 0x4D, 0x4A, 0xB0, 0x56, 0x0A, 0x42, 0x6C, 0x4E, 0x4C, 0x4A, 0x2B, 0x46, 
    0x71, 0x4E, 0xB4, 0x52, 0xB7, 0x52, 0xD7, 0x56, 0xD8, 0x5A, 0xF9, 0x5E, 0x1A, 0x5F, 0x1A, 0x63, 
    0x1B, 0x63, 0x3B, 0x67, 0x3C, 0x67, 0x5B, 0x67, 0x3C, 0x67, 0x5B, 0x67, 0x3B, 0x63, 0x3A, 0x63, 
    0x1A, 0x5F, 0x1A, 0x63, 0xFA, 0x5E, 0x19, 0x5F, 0xF9, 0x5E, 0x18, 0x63, 0x19, 0x63, 0x38, 0x67, 
    0x85, 0x2D, 0x85, 0x29, 0xA7, 0x2D, 0xA9, 0x31, 0xC8, 0x31, 0xA7, 0x2D, 0xA6, 0x31, 0x85, 0x2D, 
    0xA5, 0x2D, 0x85, 0x2D, 0xA5, 0x2D, 0x85, 0x2D, 0xA5, 0x2D, 0x85, 0x2D, 0xA5, 0x2D, 0x85, 0x2D, 
    0xA5, 0x2D, 0xA5, 0x2D, 0xA5, 0x31, 0xA6, 0x2D, 0xA6, 0x2D, 0xA7, 0x2D, 0xC8, 0x31, 0x0C, 0x3A, 
    0x51, 0x3E, 0x54, 0x3E, 0x74, 0x42, 0x53, 0x3E, 0x2F, 0x3E, 0x0F, 0x3A, 0x2D, 0x3A, 0xEC, 0x35, 
    0x0A, 0x36, 0xC9, 0x31, 0xE8, 0x35, 0xC9, 0x31, 0x0C, 0x3E, 0x32, 0x42, 0x53, 0x42, 0x75, 0x4A, 
    0xB6, 0x4E, 0xD6, 0x52, 0xF6, 0x56, 0xF7, 0x56, 0x18, 0x5B, 0x19, 0x5B, 0x39, 0x5B, 0x3B, 0x5B, 
    0x5C, 0x63, 0x5D, 0x63, 0x5D, 0x63, 0x1B, 0x5B, 0xD8, 0x52, 0x75, 0x46, 0x96, 0x4A, 0xDA, 0x52, 
    0x1C, 0x5B, 0x3E, 0x5F, 0x3D, 0x5F, 0xFB, 0x56, 0xF9, 0x52, 0xD9, 0x52, 0x19, 0x5B, 0x5B, 0x63, 
    0x9B, 0x6B, 0x9D, 0x6F, 0xDD, 0x77, 0xDE, 0x77, 0xDE, 0x7B, 0xDE, 0x77, 0xFE, 0x7B, 0xDE, 0x77, 
    0xDD, 0x7B, 0xBC, 0x77, 0xBA, 0x73, 0x79, 0x6B, 0x34, 0x63, 0x91, 0x4E, 0x92, 0x4E, 0x93, 0x4A, 
    0x4D, 0x46, 0xC7, 0x35, 0xC6, 0x35, 0xA6, 0x35, 0xE9, 0x39, 0x0D, 0x3E, 0x0D, 0x42, 0xED, 0x3D, 
    0xEC, 0x41, 0x53, 0x4E, 0x51, 0x4A, 0x0F, 0x4A, 0x8F, 0x62, 0x4D, 0x5E, 0x0A, 0x56, 0xA8, 0x49, 
    0x45, 0x3D, 0x04, 0x35, 0x03, 0x35, 0xC3, 0x28, 0xC2, 0x24, 0xA3, 0x20, 0x61, 0x10, 0x63, 0x10, 
    0x48, 0x2D, 0xCD, 0x3D, 0x4F, 0x4E, 0xB4, 0x5A, 0xD4, 0x5E, 0xB4, 0x56, 0x17, 0x67, 0x0F, 0x46, 
    0x93, 0x56, 0x8C, 0x35, 0xEE, 0x41, 0x52, 0x4E, 0xAD, 0x39, 0x8C, 0x35, 0xEE, 0x41, 0xAD, 0x39, 
    0xEE, 0x41, 0x0F, 0x46, 0x50, 0x52, 0xF6, 0x62, 0xD4, 0x62, 0xF6, 0x66, 0x15, 0x6B, 0x92, 0x5A, 
    0xEC, 0x41, 0x61, 0x10, 0x00, 0x00, 0x00, 0x00, 0x41, 0x08, 0x62, 0x14, 0xE3, 0x2C, 0x04, 0x31, 
    0x45, 0x41, 0xA8, 0x4D, 0xE8, 0x59, 0x09, 0x62, 0x8B, 0x6E, 0xAD, 0x72, 0xAC, 0x72, 0x6B, 0x6A, 
    0xCD, 0x72, 0x13, 0x77, 0xB1, 0x62, 0x69, 0x31, 0x27, 0x29, 0x73, 0x56, 0x18, 0x63, 0xF9, 0x56, 
    0xF8, 0x56, 0xD8, 0x52, 0xD7, 0x52, 0xD8, 0x52, 0xF8, 0x52, 0xF9, 0x56, 0x3B, 0x5B, 0x5D, 0x5F, 
    0x9D, 0x6B, 0xBE, 0x6F, 0xDE, 0x77, 0xDF, 0x77, 0xFE, 0x7F, 0xFF, 0x7F, 0xFF, 0x7F, 0xFF, 0x7F, 
    0xFF, 0x7F, 0xFF, 0x7B, 0xFE, 0x7B, 0xDF, 0x77, 0xDE, 0x73, 0x9E, 0x6B, 0x7D, 0x63, 0x3D, 0x5B, 
    0x3B, 0x5B, 0xFB, 0x56, 0xD8, 0x52, 0x96, 0x4A, 0x95, 0x4A, 0x75, 0x4A, 0x94, 0x4E, 0x74, 0x4A, 
    0xB5, 0x56, 0xF9, 0x5A, 0x3A, 0x63, 0x5C, 0x67, 0x7D, 0x6B, 0x7D, 0x6B, 0x9D, 0x6F, 0x7E, 0x6F, 
    0x9D, 0x6F, 0x7E, 0x6F, 0x7D, 0x6B, 0x5C, 0x67, 0x5B, 0x67, 0x1A, 0x5F, 0x18, 0x5F, 0xD7, 0x5A, 
    0xD5, 0x5A, 0xB6, 0x5A, 0xD5, 0x5A, 0x92, 0x56, 0x6F, 0x52, 0x4F, 0x4E, 0x6E, 0x4E, 0x4E, 0x4A, 
    0x4D, 0x4A, 0x4D, 0x4A, 0x2B, 0x4A, 0xE9, 0x41, 0xE7, 0x3D, 0xC8, 0x39, 0x08, 0x3E, 0x4B, 0x46, 
    0x8C, 0x4E, 0xE9, 0x3D, 0x2A, 0x42, 0x2A, 0x46, 0x08, 0x42, 0x09, 0x42, 0x6D, 0x4E, 0x71, 0x4A, 
    0x72, 0x4E, 0x71, 0x4E, 0x4B, 0x4A, 0xB2, 0x52, 0x4B, 0x46, 0x2A, 0x42, 0x8C, 0x4E, 0x4B, 0x46, 
    0x8F, 0x4A, 0xB5, 0x4E, 0xD6, 0x52, 0xD8, 0x56, 0xF8, 0x5A, 0xF9, 0x5A, 0x19, 0x5F, 0x1A, 0x5F, 
    0x3A, 0x63, 0x3B, 0x63, 0x5A, 0x67, 0x3B, 0x63, 0x5B, 0x67, 0x3B, 0x63, 0x5A, 0x63, 0x3A, 0x5F, 
    0x39, 0x5F, 0x1A, 0x5F, 0x19, 0x5F, 0x19, 0x5B, 0x19, 0x5F, 0x19, 0x5F, 0x38, 0x63, 0x39, 0x63, 
    0x86, 0x29, 0xA7, 0x2D, 0xCB, 0x31, 0xCB, 0x35, 0xA9, 0x31, 0xA8, 0x31, 0xA7, 0x31, 0xA5, 0x31, 
    0x85, 0x2D, 0xA5, 0x31, 0x85, 0x2D, 0xA5, 0x31, 0x85, 0x2D, 0xA5, 0x31, 0x86, 0x2D, 0xA5, 0x31, 
    0x85, 0x2D, 0xA5, 0x31, 0x86, 0x2D, 0xA5, 0x31, 0xA6, 0x2D, 0xA6, 0x31, 0xC9, 0x31, 0x0D, 0x3E, 
    0x31, 0x3E, 0x53, 0x42, 0x34, 0x3E, 0x32, 0x42, 0x10, 0x3A, 0x0E, 0x3E, 0x0D, 0x3A, 0x0C, 0x3A, 
    0xEC, 0x39, 0xEA, 0x39, 0xC9, 0x35, 0xC8, 0x35, 0xEB, 0x39, 0x52, 0x46, 0x54, 0x46, 0x73, 0x4A, 
    0x94, 0x4A, 0xB5, 0x52, 0xB6, 0x52, 0xF6, 0x5A, 0xF8, 0x5A, 0x18, 0x5B, 0x1A, 0x5B, 0x3B, 0x5F, 
    0x3D, 0x5F, 0x5D, 0x67, 0x5E, 0x63, 0x1C, 0x5F, 0xD9, 0x52, 0x96, 0x4A, 0x98, 0x4A, 0xFA, 0x56, 
    0x1D, 0x5B, 0x5D, 0x63, 0x3D, 0x5F, 0xFB, 0x5A, 0xD9, 0x52, 0xD8, 0x52, 0xFA, 0x5A, 0x5A, 0x63, 
    0x7C, 0x6B, 0x9C, 0x6F, 0x9D, 0x73, 0xDE, 0x77, 0xDF, 0x77, 0xDE, 0x7B, 0xDE, 0x77, 0xDD, 0x7B, 
    0xBE, 0x77, 0xBC, 0x77, 0x9A, 0x6F, 0x77, 0x6B, 0xF3, 0x5A, 0x6E, 0x4A, 0x70, 0x46, 0x71, 0x4A, 
    0x2C, 0x3E, 0xC6, 0x39, 0xA6, 0x35, 0xC6, 0x39, 0xC9, 0x39, 0xEC, 0x41, 0xEE, 0x41, 0xCC, 0x3D, 
    0xCD, 0x3D, 0x52, 0x4E, 0xCF, 0x3D, 0x2F, 0x4E, 0x90, 0x62, 0x2C, 0x5E, 0xCA, 0x51, 0x87, 0x49, 
    0x46, 0x3D, 0x24, 0x39, 0xE3, 0x30, 0xE3, 0x2C, 0xA3, 0x24, 0xA2, 0x20, 0x62, 0x14, 0x00, 0x08, 
    0x08, 0x25, 0x8A, 0x35, 0x10, 0x4A, 0x71, 0x56, 0xB4, 0x5A, 0xD5, 0x62, 0x18, 0x67, 0x72, 0x52, 
    0x53, 0x52, 0x4A, 0x31, 0x4B, 0x31, 0xCD, 0x3D, 0x09, 0x25, 0xAC, 0x39, 0x6C, 0x31, 0x30, 0x4A, 
    0xCE, 0x41, 0x0F, 0x4A, 0x72, 0x56, 0xF6, 0x6A, 0xD5, 0x62, 0x16, 0x6B, 0xB4, 0x5E, 0x71, 0x5A, 
    0x49, 0x35, 0x83, 0x18, 0x00, 0x00, 0x00, 0x04, 0x01, 0x04, 0x62, 0x18, 0xC3, 0x28, 0xE3, 0x30, 
    0x25, 0x3D, 0xA8, 0x51, 0xC8, 0x55, 0x29, 0x66, 0x6B, 0x6A, 0x6B, 0x6E, 0x2A, 0x66, 0x4B, 0x6A, 
    0x8D, 0x6E, 0xF1, 0x72, 0x91, 0x62, 0xED, 0x45, 0x29, 0x29, 0x30, 0x4A, 0xD7, 0x5E, 0xF9, 0x5A, 
    0xD9, 0x56, 0xF8, 0x5A, 0xD8, 0x56, 0xD7, 0x56, 0xD8, 0x52, 0xF9, 0x56, 0x1B, 0x5B, 0x5C, 0x63, 
    0x7E, 0x67, 0xBE, 0x6F, 0xBF, 0x73, 0xDF, 0x7B, 0xDF, 0x7B, 0xFF, 0x7F, 0xFF, 0x7F, 0xFF, 0x7F, 
    0xDF, 0x7F, 0xFF, 0x7F, 0xDF, 0x7B, 0xDF, 0x77, 0xBF, 0x6F, 0x9E, 0x6B, 0x5E, 0x63, 0x5D, 0x5F, 
    0x1C, 0x5B, 0xFA, 0x56, 0xD9, 0x52, 0x96, 0x4E, 0x76, 0x4A, 0x95, 0x4A, 0x75, 0x4E, 0x94, 0x52, 
    0xB7, 0x56, 0x19, 0x5F, 0x1A, 0x63, 0x5B, 0x67, 0x5D, 0x67, 0x7D, 0x6B, 0x7E, 0x6F, 0x9D, 0x73, 
    0x7E, 0x6F, 0x9E, 0x73, 0x5D, 0x6B, 0x5C, 0x6B, 0x3C, 0x67, 0x1A, 0x63, 0xD9, 0x5E, 0xD6, 0x5A, 
    0xB6, 0x5A, 0xB5, 0x5A, 0x95, 0x56, 0x92, 0x56, 0x50, 0x4E, 0x4F, 0x4E, 0x4F, 0x4E, 0x4E, 0x4E, 
    0x4E, 0x4A, 0x4D, 0x4E, 0x2C, 0x4A, 0xE8, 0x41, 0xC7, 0x39, 0xE8, 0x3D, 0xE9, 0x3D, 0x6B, 0x4E, 
    0x6D, 0x4E, 0xC8, 0x3D, 0xEA, 0x41, 0x6C, 0x4E, 0x2A, 0x42, 0xE7, 0x3D, 0x2B, 0x46, 0x4D, 0x4E, 
    0x4F, 0x4A, 0x4E, 0x4E, 0x2B, 0x4A, 0xD3, 0x5A, 0x91, 0x52, 0x08, 0x42, 0x4B, 0x4A, 0x6C, 0x4E, 
    0x4D, 0x4A, 0xB4, 0x52, 0xB7, 0x52, 0xD8, 0x56, 0xD9, 0x5A, 0xF9, 0x5E, 0x1A, 0x5F, 0x3A, 0x63, 
    0x1B, 0x63, 0x3A, 0x67, 0x3B, 0x63, 0x5B, 0x67, 0x3B, 0x67, 0x5B, 0x67, 0x3B, 0x63, 0x3A, 0x63, 
    0x1A, 0x5F, 0x19, 0x5F, 0x1A, 0x5F, 0x19, 0x5F, 0x1A, 0x5F, 0x39, 0x63, 0x19, 0x63, 0x39, 0x67, 
    0xA6, 0x2D, 0xAA, 0x31, 0x0D, 0x3A, 0xEC, 0x35, 0xC9, 0x31, 0xA9, 0x31, 0xA6, 0x31, 0xA6, 0x2D, 
    0xA5, 0x31, 0x85, 0x2D, 0xA5, 0x31, 0x85, 0x2D, 0xA5, 0x31, 0x86, 0x2D, 0xA5, 0x31, 0x86, 0x2D, 
    0xA5, 0x2D, 0x85, 0x2D, 0xA5, 0x2D, 0xA5, 0x2D, 0xA5, 0x31, 0xA7, 0x2D, 0xE9, 0x35, 0x0E, 0x3A, 
    0x31, 0x3E, 0x32, 0x3E, 0x32, 0x3E, 0x11, 0x3E, 0x0F, 0x3E, 0x0F, 0x3A, 0x0D, 0x3A, 0x0D, 0x3A, 
    0x2E, 0x3E, 0x2E, 0x3E, 0xEA, 0x39, 0xC9, 0x31, 0xE9, 0x35, 0x0D, 0x3A, 0x50, 0x42, 0x50, 0x42, 
    0x70, 0x46, 0x92, 0x4A, 0xB3, 0x52, 0xD6, 0x56, 0xF7, 0x5A, 0xF9, 0x5A, 0x19, 0x5B, 0x1A, 0x5B, 
    0x3B, 0x63, 0x5D, 0x63, 0x5D, 0x67, 0x3D, 0x5F, 0xFA, 0x56, 0x97, 0x4A, 0xB7, 0x4E, 0xDB, 0x52, 
    0x3C, 0x5F, 0x3E, 0x5F, 0x3D, 0x5F, 0xFB, 0x56, 0xD8, 0x52, 0xD8, 0x4E, 0xF9, 0x56, 0x3B, 0x5F, 
    0x7B, 0x67, 0x7C, 0x6B, 0xBC, 0x73, 0xBE, 0x73, 0xDE, 0x77, 0xDE, 0x77, 0xDD, 0x77, 0xBD, 0x77, 
    0xDD, 0x77, 0xBC, 0x73, 0x9A, 0x73, 0x57, 0x6B, 0x13, 0x5F, 0x8E, 0x4A, 0x6E, 0x46, 0x4F, 0x42, 
    0x2A, 0x3E, 0xC7, 0x35, 0xC6, 0x35, 0xA6, 0x35, 0xC8, 0x39, 0xCC, 0x39, 0xED, 0x41, 0xCC, 0x39, 
    0xED, 0x3D, 0x32, 0x4A, 0xEE, 0x3D, 0x2F, 0x4E, 0x8F, 0x62, 0x2C, 0x5A, 0xC8, 0x51, 0x87, 0x49, 
    0x65, 0x45, 0x04, 0x39, 0x03, 0x35, 0xE3, 0x2C, 0xC2, 0x28, 0x82, 0x20, 0x82, 0x1C, 0x20, 0x08, 
    0xC5, 0x1C, 0xCD, 0x3D, 0x0E, 0x4A, 0x93, 0x56, 0x71, 0x56, 0xD5, 0x5E, 0x16, 0x67, 0x73, 0x56, 
    0x30, 0x4A, 0xCD, 0x3D, 0x8B, 0x35, 0xAD, 0x39, 0xAD, 0x3D, 0x8D, 0x35, 0xCD, 0x3D, 0x31, 0x4A, 
    0xAC, 0x39, 0x6B, 0x35, 0x2F, 0x4E, 0xF6, 0x66, 0x16, 0x6B, 0xF5, 0x66, 0x92, 0x5E, 0xEE, 0x45, 
    0xC3, 0x1C, 0x01, 0x00, 0x00, 0x04, 0x01, 0x04, 0x20, 0x04, 0x41, 0x0C, 0xA2, 0x20, 0xC3, 0x28, 
    0x45, 0x41, 0xA8, 0x4D, 0xE8, 0x59, 0x2A, 0x62, 0x4A, 0x6A, 0x2A, 0x62, 0x4A, 0x66, 0x4B, 0x66, 
    0x6C, 0x6A, 0xD1, 0x72, 0xF2, 0x6E, 0xED, 0x45, 0x49, 0x31, 0xCE, 0x3D, 0xD6, 0x5E, 0xF9, 0x5A, 
    0xF9, 0x5A, 0xF9, 0x5A, 0xF8, 0x5A, 0xD8, 0x56, 0xD7, 0x56, 0xF9, 0x56, 0x1A, 0x5B, 0x3C, 0x5F, 
    0x7D, 0x67, 0x9E, 0x67, 0xBE, 0x6F, 0xBF, 0x73, 0xDE, 0x7B, 0xDF, 0x7B, 0xFE, 0x7F, 0xFF, 0x7B, 
    0xFE, 0x7F, 0xDF, 0x7B, 0xDE, 0x7B, 0xBF, 0x73, 0xBE, 0x6F, 0x7E, 0x67, 0x7D, 0x63, 0x3D, 0x5F, 
    0x3B, 0x5B, 0xFA, 0x56, 0xD8, 0x52, 0x96, 0x4A, 0x95, 0x4E, 0x96, 0x4A, 0x94, 0x4E, 0x95, 0x52, 
    0xD6, 0x5A, 0xF9, 0x5E, 0x1A, 0x63, 0x3B, 0x63, 0x5C, 0x67, 0x5D, 0x67, 0x7D, 0x6F, 0x7D, 0x6F, 
    0x9D, 0x6F, 0x7D, 0x6F, 0x7C, 0x6B, 0x5D, 0x67, 0x3B, 0x67, 0xFA, 0x5E, 0xF7, 0x5A, 0xB6, 0x56, 
    0xB5, 0x56, 0x94, 0x56, 0xB3, 0x56, 0x72, 0x52, 0x6F, 0x4E, 0x4F, 0x4A, 0x4F, 0x4E, 0x4F, 0x4A, 
    0x6E, 0x4E, 0x4E, 0x4E, 0x2B, 0x4A, 0xC8, 0x3D, 0xC7, 0x39, 0xE8, 0x3D, 0x08, 0x42, 0x6C, 0x4E, 
    0x8C, 0x52, 0xC8, 0x39, 0xE9, 0x3D, 0x6D, 0x4A, 0x4A, 0x46, 0xE7, 0x3D, 0x08, 0x42, 0xEA, 0x45, 
    0xE9, 0x45, 0xEA, 0x41, 0x4A, 0x4E, 0xB2, 0x56, 0xD3, 0x5A, 0x2C, 0x46, 0x2A, 0x46, 0x6C, 0x4A, 
    0x6D, 0x4A, 0xB4, 0x52, 0xD7, 0x56, 0xD8, 0x56, 0xF8, 0x5A, 0xF9, 0x5A, 0x19, 0x5F, 0x1A, 0x5F, 
    0x3A, 0x63, 0x1B, 0x63, 0x3A, 0x63, 0x3B, 0x63, 0x5A, 0x67, 0x3B, 0x63, 0x5A, 0x63, 0x3A, 0x63, 
    0x39, 0x63, 0x19, 0x5F, 0x19, 0x5F, 0x1A, 0x5F, 0x39, 0x63, 0x3A, 0x5F, 0x39, 0x63, 0x3A, 0x63, 
    0xA8, 0x2D, 0xEC, 0x35, 0xEF, 0x39, 0xEC, 0x39, 0xCB, 0x31, 0xC9, 0x35, 0xA7, 0x31, 0xA6, 0x31, 
    0x86, 0x2D, 0xA5, 0x31, 0x86, 0x2D, 0xA5, 0x31, 0x86, 0x2D, 0xA6, 0x31, 0x87, 0x31, 0xA5, 0x31, 
    0x85, 0x2D, 0xA5, 0x31, 0x85, 0x2D, 0xA5, 0x31, 0x86, 0x31, 0xC7, 0x31, 0xCA, 0x35, 0x0E, 0x3E, 
    0x11, 0x3E, 0x31, 0x3E, 0x12, 0x3E, 0x30, 0x3E, 0x10, 0x3E, 0x2F, 0x3E, 0x0F, 0x3E, 0x2F, 0x42, 
    0x31, 0x3E, 0x51, 0x42, 0x0D, 0x3E, 0xE9, 0x39, 0xC9, 0x35, 0xC9, 0x35, 0xCA, 0x39, 0x0B, 0x3E, 
    0x0C, 0x3E, 0x4F, 0x4A, 0x72, 0x4E, 0xB4, 0x52, 0xD7, 0x56, 0xF7, 0x5A, 0xF9, 0x5A, 0x19, 0x5F, 
    0x3C, 0x5F, 0x5D, 0x67, 0x5E, 0x63, 0x3D, 0x63, 0xFB, 0x5A, 0xB8, 0x4E, 0x98, 0x4E, 0xDA, 0x56, 
    0x1D, 0x5F, 0x5E, 0x63, 0x1D, 0x5F, 0xFB, 0x56, 0xB9, 0x4E, 0xD8, 0x52, 0xD9, 0x56, 0x3A, 0x5F, 
    0x5C, 0x67, 0x7C, 0x6F, 0x9D, 0x6F, 0xBD, 0x77, 0xBE, 0x77, 0xDE, 0x77, 0xBE, 0x77, 0xBD, 0x77, 
    0x9D, 0x73, 0x9B, 0x77, 0x7A, 0x73, 0x77, 0x6F, 0x14, 0x63, 0xAF, 0x52, 0x4E, 0x46, 0x4D, 0x42, 
    0xE9, 0x39, 0xC6, 0x39, 0xA7, 0x35, 0xA6, 0x35, 0xA8, 0x35, 0xCC, 0x3D, 0xEE, 0x41, 0xCB, 0x3D, 
    0xEF, 0x41, 0x53, 0x4E, 0xAD, 0x39, 0x70, 0x5A, 0x6F, 0x62, 0x2B, 0x5E, 0xA9, 0x4D, 0x66, 0x49, 
    0x46, 0x41, 0x24, 0x3D, 0x04, 0x35, 0xE3, 0x2C, 0xA3, 0x28, 0xA3, 0x24, 0x63, 0x18, 0x41, 0x0C, 
    0x00, 0x00, 0x28, 0x29, 0xEF, 0x45, 0x72, 0x56, 0x52, 0x52, 0x92, 0x5A, 0xD6, 0x62, 0xB5, 0x5E, 
    0xEF, 0x45, 0x6A, 0x35, 0x4B, 0x31, 0xEE, 0x41, 0xAD, 0x39, 0x4A, 0x31, 0x6B, 0x31, 0x8C, 0x39, 
    0xEF, 0x45, 0xCD, 0x41, 0x31, 0x52, 0xF6, 0x6A, 0x18, 0x6B, 0xB3, 0x62, 0x51, 0x56, 0x49, 0x35, 
    0x21, 0x08, 0x00, 0x00, 0x01, 0x04, 0x20, 0x04, 0x01, 0x04, 0x41, 0x10, 0x62, 0x1C, 0xA2, 0x24, 
    0x25, 0x3D, 0x86, 0x4D, 0xC8, 0x55, 0xE8, 0x5D, 0xE9, 0x5D, 0x09, 0x62, 0x2B, 0x62, 0x4B, 0x6A, 
    0x4C, 0x66, 0xD0, 0x72, 0xF3, 0x72, 0xCC, 0x45, 0xE7, 0x24, 0x8B, 0x39, 0xF8, 0x62, 0x19, 0x67, 
    0xFA, 0x5E, 0xFA, 0x5E, 0xD9, 0x5A, 0xD8, 0x5A, 0xD8, 0x56, 0xF9, 0x5A, 0xFB, 0x5A, 0x3C, 0x5F, 
    0x3D, 0x63, 0x7D, 0x67, 0x9E, 0x6B, 0xBE, 0x73, 0xDF, 0x77, 0xDF, 0x7F, 0xDF, 0x7B, 0xFF, 0x7F, 
    0xDF, 0x7F, 0xDF, 0x7F, 0xDF, 0x77, 0xBE, 0x73, 0x9F, 0x6B, 0x9E, 0x6B, 0x5E, 0x63, 0x3C, 0x5F, 
    0xFC, 0x5A, 0xFA, 0x56, 0xB9, 0x52, 0x97, 0x52, 0x97, 0x4E, 0x96, 0x52, 0x95, 0x4E, 0xB5, 0x56, 
    0xD7, 0x5A, 0xF9, 0x5E, 0x1A, 0x63, 0x3B, 0x67, 0x3C, 0x67, 0x5C, 0x6B, 0x5D, 0x6B, 0x7D, 0x6F, 
    0x7E, 0x6F, 0x7D, 0x6F, 0x5D, 0x6B, 0x5C, 0x6B, 0x1B, 0x63, 0xF9, 0x62, 0xD7, 0x5A, 0xB5, 0x56, 
    0x74, 0x52, 0x92, 0x56, 0x72, 0x52, 0x71, 0x56, 0x50, 0x4E, 0x4F, 0x4E, 0x50, 0x4E, 0x50, 0x52, 
    0x50, 0x4E, 0x6F, 0x52, 0x2C, 0x46, 0xE8, 0x3D, 0xC8, 0x39, 0xC7, 0x39, 0xC8, 0x39, 0x4B, 0x4E, 
    0x6D, 0x4E, 0x0B, 0x42, 0xEB, 0x3D, 0x4C, 0x4A, 0x2A, 0x46, 0x08, 0x42, 0xE8, 0x41, 0xC8, 0x41, 
    0x89, 0x3D, 0xEA, 0x45, 0x2B, 0x4E, 0x90, 0x56, 0xD5, 0x5A, 0x90, 0x52, 0x2B, 0x46, 0x4B, 0x4A, 
    0x6F, 0x4E, 0xB4, 0x52, 0xB7, 0x52, 0xD8, 0x56, 0xD9, 0x56, 0xF9, 0x5E, 0xFA, 0x5E, 0x1A, 0x63, 
    0x1B, 0x63, 0x3A, 0x63, 0x1B, 0x63, 0x3B, 0x63, 0x3B, 0x63, 0x3A, 0x67, 0x3B, 0x63, 0x3A, 0x63, 
    0x1A, 0x5F, 0x19, 0x63, 0x1A, 0x5F, 0x39, 0x63, 0x1A, 0x63, 0x39, 0x63, 0x1A, 0x63, 0x3A, 0x67, 
    0xC8, 0x31, 0xED, 0x35, 0x0E, 0x3A, 0xED, 0x35, 0xEA, 0x35, 0xC9, 0x31, 0xC7, 0x31, 0xA6, 0x2D, 
    0xA5, 0x31, 0xA6, 0x2D, 0xA5, 0x31, 0xA6, 0x2D, 0xA5, 0x31, 0xA7, 0x31, 0xA6, 0x31, 0x85, 0x2D, 
    0xA4, 0x2D, 0x85, 0x2D, 0xA5, 0x2D, 0xA5, 0x2D, 0xA5, 0x31, 0xC8, 0x31, 0x0B, 0x3A, 0x0F, 0x3A, 
    0x30, 0x3E, 0x11, 0x3E, 0x31, 0x3E, 0x31, 0x3E, 0x31, 0x3E, 0x31, 0x3E, 0x51, 0x3E, 0x31, 0x3E, 
    0x51, 0x42, 0x51, 0x42, 0x2E, 0x3E, 0x0B, 0x3A, 0xE9, 0x35, 0xC9, 0x31, 0xC8, 0x35, 0xC8, 0x31, 
    0xE8, 0x39, 0x0C, 0x3E, 0x4E, 0x46, 0x71, 0x4A, 0xD4, 0x52, 0xF7, 0x56, 0x17, 0x5B, 0x1A, 0x5B, 
    0x3B, 0x5F, 0x5D, 0x63, 0x7D, 0x67, 0x5D, 0x63, 0x1B, 0x5B, 0xB9, 0x4E, 0xB8, 0x4E, 0xDB, 0x52, 
    0x3D, 0x5F, 0x3E, 0x5F, 0x3C, 0x5B, 0xFB, 0x52, 0xD8, 0x4E, 0xB7, 0x4E, 0xF8, 0x52, 0x1A, 0x5B, 
    0x5A, 0x63, 0x7C, 0x67, 0x9C, 0x6F, 0x9D, 0x6F, 0xBD, 0x73, 0xBD, 0x73, 0xBD, 0x77, 0xBD, 0x73, 
    0xBB, 0x73, 0x9B, 0x6F, 0x99, 0x6F, 0x56, 0x6B, 0x33, 0x63, 0xD0, 0x56, 0x6E, 0x46, 0x2C, 0x3E, 
    0x08, 0x3A, 0xC7, 0x35, 0xC6, 0x35, 0xA6, 0x35, 0xC7, 0x39, 0xCD, 0x3D, 0x0E, 0x42, 0xAB, 0x35, 
    0x30, 0x4A, 0x53, 0x4E, 0x2F, 0x4E, 0x91, 0x5E, 0x6D, 0x5E, 0x0B, 0x56, 0xC8, 0x4D, 0x87, 0x45, 
    0x66, 0x45, 0x45, 0x3D, 0x24, 0x35, 0xE3, 0x2C, 0xC2, 0x24, 0xA3, 0x20, 0x61, 0x14, 0x21, 0x04, 
    0x00, 0x00, 0x00, 0x00, 0x27, 0x29, 0x0F, 0x46, 0x92, 0x56, 0x30, 0x4A, 0xB3, 0x5A, 0xF7, 0x62, 
    0x2F, 0x4A, 0x6A, 0x31, 0xCD, 0x3D, 0x6B, 0x31, 0x8B, 0x35, 0x4A, 0x2D, 0x8B, 0x35, 0x10, 0x46, 
    0x50, 0x4E, 0x51, 0x52, 0xD5, 0x62, 0x17, 0x6B, 0x16, 0x6B, 0xB4, 0x5E, 0x2E, 0x4E, 0xC5, 0x1C, 
    0x00, 0x00, 0x01, 0x00, 0x20, 0x04, 0x00, 0x00, 0x20, 0x04, 0x21, 0x08, 0x61, 0x18, 0xA2, 0x20, 
    0x24, 0x39, 0x66, 0x45, 0xA7, 0x51, 0xA7, 0x51, 0xE8, 0x59, 0x0A, 0x5E, 0x4A, 0x66, 0x2A, 0x62, 
    0x4A, 0x62, 0x8E, 0x6A, 0xF1, 0x6E, 0x0E, 0x4A, 0xE5, 0x1C, 0x6A, 0x31, 0xD5, 0x5E, 0x3A, 0x67, 
    0x1A, 0x5F, 0xFA, 0x5A, 0x19, 0x5B, 0xF9, 0x56, 0xF8, 0x5A, 0xF9, 0x56, 0x19, 0x5B, 0x1B, 0x5B, 
    0x5C, 0x5F, 0x5D, 0x63, 0x9D, 0x67, 0x9E, 0x6F, 0xDE, 0x77, 0xDF, 0x77, 0xFE, 0x7B, 0xDF, 0x7B, 
    0xFE, 0x7F, 0xDF, 0x7B, 0xDE, 0x77, 0xBE, 0x6F, 0xBE, 0x6B, 0x7E, 0x63, 0x5D, 0x63, 0x3C, 0x5B, 
    0x1A, 0x5B, 0xFA, 0x56, 0xD8, 0x52, 0xB7, 0x4E, 0xB7, 0x52, 0xB6, 0x4E, 0xB4, 0x4E, 0xB5, 0x52, 
    0xF7, 0x5A, 0xF9, 0x5A, 0x19, 0x63, 0x1B, 0x63, 0x3B, 0x67, 0x3C, 0x67, 0x5C, 0x6B, 0x5D, 0x6B, 
    0x7C, 0x6B, 0x5D, 0x6B, 0x5C, 0x6B, 0x3C, 0x67, 0x3A, 0x63, 0xF9, 0x5E, 0xD6, 0x5A, 0x94, 0x52, 
    0x71, 0x4E, 0x71, 0x4E, 0x90, 0x52, 0x70, 0x4E, 0x6F, 0x4E, 0x4F, 0x4A, 0x6F, 0x4E, 0x70, 0x4E, 
    0x70, 0x52, 0x70, 0x4E, 0x2A, 0x42, 0xE9, 0x3D, 0x09, 0x3E, 0xA6, 0x31, 0xA5, 0x35, 0x2B, 0x46, 
    0x8F, 0x4E, 0x50, 0x4A, 0x4E, 0x4A, 0x4C, 0x46, 0x48, 0x46, 0x49, 0x46, 0x49, 0x4A, 0xE9, 0x41, 
    0xC9, 0x41, 0x0D, 0x4A, 0x6F, 0x56, 0x70, 0x52, 0xD4, 0x5A, 0x92, 0x52, 0x6C, 0x4A, 0x2B, 0x46, 
    0x6D, 0x4E, 0xB3, 0x52, 0xD6, 0x52, 0xD7, 0x52, 0xF8, 0x56, 0xF9, 0x56, 0x19, 0x5F, 0x1A, 0x5F, 
    0x3A, 0x63, 0x1A, 0x5F, 0x3A, 0x5F, 0x1A, 0x5F, 0x3A, 0x63, 0x3A, 0x5F, 0x39, 0x63, 0x3A, 0x5F, 
    0x39, 0x5F, 0x19, 0x5F, 0x39, 0x5F, 0x19, 0x5F, 0x39, 0x63, 0x39, 0x5F, 0x39, 0x63, 0x3A, 0x63, 
    0xA9, 0x31, 0xEC, 0x39, 0xEE, 0x35, 0xEC, 0x39, 0xCC, 0x35, 0xC9, 0x35, 0xA8, 0x31, 0xC7, 0x31, 
    0xA7, 0x2D, 0xC7, 0x31, 0xA7, 0x31, 0xA6, 0x31, 0x86, 0x2D, 0xA6, 0x31, 0xA7, 0x31, 0xA5, 0x31, 
    0x85, 0x2D, 0xA5, 0x2D, 0x85, 0x2D, 0xA5, 0x31, 0xA6, 0x2D, 0xC8, 0x35, 0xED, 0x39, 0x0E, 0x3E, 
    0x10, 0x3E, 0x31, 0x3E, 0x12, 0x3E, 0x32, 0x42, 0x32, 0x3E, 0x52, 0x42, 0x53, 0x3E, 0x51, 0x42, 
    0x31, 0x3E, 0x50, 0x42, 0x2F, 0x3E, 0x2D, 0x3E, 0x0C, 0x3A, 0xE9, 0x39, 0xC8, 0x35, 0xA7, 0x35, 
    0xA8, 0x31, 0xE9, 0x39, 0xEC, 0x3D, 0x2E, 0x46, 0x72, 0x4E, 0xD5, 0x56, 0xD8, 0x56, 0x1A, 0x5B, 
    0x1C, 0x5F, 0x5D, 0x63, 0x5E, 0x63, 0x5D, 0x63, 0x1D, 0x5F, 0xD9, 0x52, 0xB9, 0x4E, 0xFA, 0x56, 
    0x1D, 0x5F, 0x3D, 0x5F, 0x1D, 0x5B, 0xFA, 0x56, 0xB8, 0x4E, 0xB7, 0x4E, 0xB7, 0x4E, 0xF9, 0x5A, 
    0x1B, 0x5F, 0x5B, 0x67, 0x7C, 0x6B, 0x9C, 0x73, 0x9D, 0x73, 0xBD, 0x73, 0x9D, 0x73, 0xBC, 0x77, 
    0x9C, 0x73, 0x7A, 0x6F, 0x59, 0x67, 0x36, 0x67, 0x13, 0x63, 0xF0, 0x5A, 0x6F, 0x46, 0x2C, 0x3E, 
    0xEA, 0x39, 0xE7, 0x39, 0xC7, 0x35, 0xC6, 0x35, 0xA8, 0x35, 0xED, 0x3D, 0xEE, 0x3D, 0xCB, 0x39, 
    0x11, 0x46, 0x31, 0x4A, 0x72, 0x56, 0xB1, 0x62, 0x2D, 0x5A, 0xEA, 0x55, 0xA8, 0x4D, 0x87, 0x49, 
    0x66, 0x41, 0x45, 0x41, 0x05, 0x35, 0x03, 0x31, 0xA2, 0x20, 0x82, 0x20, 0x42, 0x14, 0x20, 0x04, 
    0x01, 0x00, 0x00, 0x00, 0x84, 0x14, 0x6A, 0x35, 0x51, 0x52, 0x30, 0x4E, 0x30, 0x4E, 0x17, 0x67, 
    0x31, 0x4E, 0xAC, 0x3D, 0xAD, 0x39, 0x30, 0x4A, 0x6C, 0x31, 0x8B, 0x35, 0x29, 0x29, 0x6A, 0x35, 
    0xAC, 0x39, 0xB3, 0x5E, 0xD5, 0x62, 0x38, 0x6F, 0xB4, 0x5E, 0xB2, 0x5E, 0xAC, 0x3D, 0x01, 0x04, 
    0x01, 0x00, 0x20, 0x04, 0x01, 0x00, 0x00, 0x04, 0x01, 0x04, 0x20, 0x08, 0x21, 0x08, 0xA2, 0x20, 
    0x04, 0x39, 0x86, 0x49, 0x87, 0x49, 0xA8, 0x51, 0xE9, 0x55, 0x4B, 0x66, 0x4C, 0x66, 0x4B, 0x66, 
    0x4C, 0x66, 0x8D, 0x6A, 0xB0, 0x6A, 0x70, 0x5A, 0x8C, 0x3D, 0x49, 0x2D, 0x73, 0x56, 0x18, 0x67, 
    0x1B, 0x5F, 0x1A, 0x5F, 0xFA, 0x5E, 0xF9, 0x5A, 0xD9, 0x5A, 0xF8, 0x5A, 0xFA, 0x5A, 0x1A, 0x5B, 
    0x1C, 0x5B, 0x5C, 0x63, 0x7E, 0x63, 0x9E, 0x6B, 0xBF, 0x73, 0xDE, 0x77, 0xDF, 0x7B, 0xFF, 0x7B, 
    0xDF, 0x7B, 0xDF, 0x7B, 0xBF, 0x77, 0xBE, 0x73, 0x9E, 0x6B, 0x7E, 0x67, 0x3D, 0x5F, 0x1B, 0x5B, 
    0xFB, 0x56, 0xFA, 0x56, 0xD9, 0x52, 0xD8, 0x56, 0xB8, 0x52, 0xB5, 0x52, 0x94, 0x4E, 0xB5, 0x56, 
    0xD7, 0x56, 0xF9, 0x5E, 0x1A, 0x5F, 0x3A, 0x63, 0x3C, 0x67, 0x5C, 0x6B, 0x5D, 0x67, 0x7D, 0x6F, 
    0x5D, 0x6B, 0x5D, 0x6F, 0x3D, 0x6B, 0x3C, 0x6B, 0x1B, 0x63, 0xF8, 0x5E, 0xB6, 0x56, 0x72, 0x52, 
    0x50, 0x4E, 0x70, 0x52, 0x71, 0x52, 0x70, 0x52, 0x70, 0x4E, 0x6F, 0x4E, 0x50, 0x4E, 0x71, 0x52, 
    0x71, 0x52, 0x70, 0x52, 0xEA, 0x41, 0x0A, 0x42, 0x2C, 0x46, 0xA6, 0x35, 0x44, 0x2D, 0x2C, 0x46, 
    0x71, 0x52, 0x90, 0x4E, 0x4F, 0x4A, 0x2A, 0x46, 0x28, 0x42, 0x6A, 0x4E, 0x4B, 0x4A, 0x2A, 0x4A, 
    0x0D, 0x4A, 0x50, 0x52, 0x72, 0x56, 0x71, 0x52, 0xB3, 0x56, 0xB1, 0x56, 0x6D, 0x4E, 0x4B, 0x4A, 
    0x4D, 0x4A, 0xB2, 0x52, 0xB6, 0x52, 0xD7, 0x56, 0xD8, 0x52, 0xF8, 0x5A, 0xFA, 0x5A, 0x1A, 0x5F, 
    0x1B, 0x5F, 0x1A, 0x5F, 0x1A, 0x5F, 0x1A, 0x63, 0x1A, 0x5F, 0x39, 0x63, 0x19, 0x5F, 0x39, 0x63, 
    0x19, 0x5F, 0x19, 0x5F, 0x19, 0x5F, 0x19, 0x5F, 0x19, 0x5F, 0x39, 0x63, 0x1A, 0x5F, 0x39, 0x63, 
    0xC9, 0x31, 0xCA, 0x31, 0xEB, 0x35, 0xEC, 0x35, 0xEB, 0x35, 0xCA, 0x31, 0xC8, 0x31, 0xA8, 0x2D, 
    0xC7, 0x31, 0xC8, 0x31, 0xC7, 0x31, 0xA6, 0x2D, 0xA6, 0x31, 0x86, 0x2D, 0xA5, 0x31, 0x85, 0x2D, 
    0xA5, 0x31, 0x85, 0x2D, 0xA5, 0x31, 0x85, 0x2D, 0xA6, 0x31, 0xC9, 0x31, 0xEC, 0x35, 0xEE, 0x35, 
    0x0F, 0x3E, 0x11, 0x3E, 0x32, 0x42, 0x32, 0x3E, 0x52, 0x3E, 0x32, 0x3E, 0x52, 0x42, 0x31, 0x3E, 
    0x2F, 0x42, 0x30, 0x3E, 0x4E, 0x42, 0x50, 0x42, 0x4E, 0x42, 0x0D, 0x3A, 0xE9, 0x39, 0xA8, 0x31, 
    0xC7, 0x31, 0xC8, 0x35, 0xE9, 0x39, 0xEB, 0x39, 0x70, 0x46, 0x95, 0x4E, 0xD8, 0x52, 0xFB, 0x56, 
    0x1B, 0x5B, 0x3D, 0x5F, 0x5D, 0x63, 0x3E, 0x5F, 0x1C, 0x5F, 0xDA, 0x52, 0xB8, 0x4E, 0xDB, 0x52, 
    0x3D, 0x5F, 0x3D, 0x5F, 0x1C, 0x5B, 0xDA, 0x52, 0xB7, 0x4E, 0xB7, 0x4A, 0xB6, 0x4E, 0xD9, 0x52, 
    0x3A, 0x5F, 0x3B, 0x63, 0x7B, 0x67, 0x7D, 0x6B, 0xBD, 0x73, 0x9D, 0x6F, 0xBC, 0x73, 0x9C, 0x73, 
    0x9B, 0x73, 0x5A, 0x6B, 0x37, 0x63, 0xF6, 0x5A, 0xF2, 0x5A, 0xB0, 0x52, 0x6E, 0x46, 0x0D, 0x3A, 
    0x0B, 0x3A, 0xE9, 0x35, 0xC7, 0x35, 0xA7, 0x35, 0xC8, 0x39, 0xEE, 0x3D, 0xED, 0x3D, 0xEE, 0x3D, 
    0x94, 0x52, 0x10, 0x46, 0x71, 0x56, 0xB1, 0x66, 0x4D, 0x5A, 0xEA, 0x51, 0xC8, 0x4D, 0x87, 0x49, 
    0x66, 0x45, 0x45, 0x3D, 0x24, 0x35, 0xE4, 0x2C, 0xC3, 0x24, 0x41, 0x14, 0x41, 0x0C, 0x01, 0x00, 
    0x20, 0x04, 0x00, 0x00, 0x00, 0x00, 0xA5, 0x18, 0xED, 0x45, 0x0F, 0x46, 0x0E, 0x4A, 0x93, 0x56, 
    0x51, 0x52, 0xCE, 0x41, 0x49, 0x2D, 0x52, 0x4E, 0xAC, 0x39, 0xCE, 0x3D, 0xCD, 0x3D, 0x10, 0x4A, 
    0x27, 0x2D, 0xB5, 0x5E, 0x16, 0x67, 0xF6, 0x66, 0xB2, 0x5E, 0x92, 0x5A, 0x68, 0x31, 0x00, 0x00, 
    0x20, 0x04, 0x00, 0x00, 0x41, 0x08, 0x62, 0x0C, 0x62, 0x10, 0x62, 0x10, 0x62, 0x10, 0x82, 0x1C, 
    0x23, 0x39, 0x25, 0x3D, 0x65, 0x45, 0x87, 0x4D, 0xE9, 0x59, 0x2B, 0x62, 0x2A, 0x62, 0x2A, 0x62, 
    0x6B, 0x66, 0x6C, 0x66, 0xAF, 0x6E, 0x92, 0x5E, 0x50, 0x52, 0x29, 0x2D, 0x92, 0x56, 0xF7, 0x5E, 
    0x1A, 0x63, 0x1B, 0x5F, 0x1A, 0x5F, 0xFA, 0x5A, 0xF9, 0x5A, 0xF9, 0x56, 0xF9, 0x5A, 0xFA, 0x5A, 
    0x3B, 0x5F, 0x3C, 0x5F, 0x5C, 0x63, 0x7D, 0x67, 0xBE, 0x6F, 0xBF, 0x73, 0xDE, 0x77, 0xDF, 0x77, 
    0xFF, 0x7B, 0xDF, 0x77, 0xDE, 0x77, 0xBF, 0x6F, 0x9E, 0x6B, 0x7E, 0x63, 0x5C, 0x5F, 0x1C, 0x5B, 
    0x1A, 0x5B, 0xFA, 0x56, 0xF9, 0x56, 0xD9, 0x52, 0xD7, 0x56, 0xB6, 0x4E, 0xB3, 0x52, 0xB5, 0x52, 
    0xD6, 0x5A, 0xF9, 0x5A, 0x19, 0x63, 0x1B, 0x63, 0x5B, 0x67, 0x5D, 0x67, 0x5C, 0x6B, 0x5D, 0x6B, 
    0x7D, 0x6F, 0x5D, 0x6B, 0x5C, 0x6B, 0x3C, 0x67, 0x1A, 0x63, 0xD8, 0x5A, 0xB4, 0x56, 0x71, 0x4E, 
    0x70, 0x4E, 0x70, 0x4E, 0x70, 0x52, 0x70, 0x4E, 0x6F, 0x52, 0x70, 0x4E, 0x70, 0x52, 0x71, 0x52, 
    0x71, 0x52, 0x4F, 0x4A, 0x08, 0x42, 0x2C, 0x46, 0x2B, 0x46, 0xA7, 0x35, 0x85, 0x31, 0x0B, 0x42, 
    0x6E, 0x4E, 0x4E, 0x46, 0x2C, 0x46, 0x08, 0x3E, 0x27, 0x46, 0x6B, 0x4A, 0x6B, 0x4E, 0x2B, 0x46, 
    0x70, 0x52, 0x73, 0x52, 0x92, 0x56, 0x93, 0x56, 0xB1, 0x56, 0x91, 0x52, 0x6C, 0x4E, 0x2B, 0x46, 
    0x4B, 0x4A, 0x91, 0x4E, 0xD4, 0x52, 0xB6, 0x52, 0xD7, 0x52, 0xD8, 0x52, 0xF9, 0x5A, 0xFA, 0x5A, 
    0x1A, 0x5F, 0x1A, 0x5F, 0x19, 0x5F, 0x1A, 0x5F, 0x39, 0x5F, 0x19, 0x5F, 0x38, 0x5F, 0x19, 0x5F, 
    0x18, 0x5F, 0x19, 0x5F, 0x19, 0x5F, 0x19, 0x5F, 0x19, 0x5F, 0x19, 0x5F, 0x39, 0x63, 0x1A, 0x5F, 
    0xA9, 0x31, 0xC8, 0x31, 0xAA, 0x31, 0xEB, 0x35, 0xCC, 0x35, 0xEB, 0x35, 0xCA, 0x31, 0xC8, 0x31, 
    0xA9, 0x31, 0xC8, 0x35, 0xA8, 0x31, 0xA6, 0x31, 0x86, 0x31, 0x85, 0x31, 0x86, 0x2D, 0x85, 0x31, 
    0x85, 0x2D, 0xA5, 0x31, 0x86, 0x2D, 0xA5, 0x31, 0xA7, 0x31, 0xC9, 0x35, 0xCC, 0x35, 0xED, 0x39, 
    0xEF, 0x39, 0x31, 0x42, 0x33, 0x42, 0x53, 0x42, 0x33, 0x3E, 0x32, 0x42, 0x32, 0x3E, 0x31, 0x42, 
    0x30, 0x3E, 0x2F, 0x42, 0x30, 0x42, 0x50, 0x46, 0x51, 0x46, 0x2F, 0x42, 0x0D, 0x3E, 0xC9, 0x39, 
    0xA8, 0x31, 0xC8, 0x35, 0xCA, 0x35, 0xEA, 0x39, 0x0E, 0x3E, 0x94, 0x4E, 0xB8, 0x4E, 0xDA, 0x56, 
    0xFB, 0x56, 0x1C, 0x5F, 0x1D, 0x5F, 0x1D, 0x5F, 0xFC, 0x5A, 0xDA, 0x56, 0xB9, 0x4E, 0xFB, 0x56, 
    0x1E, 0x5F, 0x3D, 0x5F, 0xFC, 0x56, 0xD9, 0x52, 0xB8, 0x4E, 0xB6, 0x4E, 0x97, 0x4A, 0xD8, 0x52, 
    0xFA, 0x5A, 0x3B, 0x63, 0x5C, 0x67, 0x7C, 0x6B, 0x7D, 0x6B, 0x9C, 0x6F, 0x7C, 0x6F, 0x9B, 0x73, 
    0x7B, 0x6F, 0x59, 0x6F, 0xF7, 0x5E, 0xD4, 0x56, 0x91, 0x4E, 0x6E, 0x4A, 0x0D, 0x3E, 0x0E, 0x3E, 
    0x0E, 0x3E, 0xEB, 0x3D, 0xC9, 0x39, 0xC8, 0x39, 0xC9, 0x39, 0x0E, 0x42, 0xCD, 0x39, 0x31, 0x4A, 
    0x54, 0x4E, 0xEF, 0x41, 0x30, 0x4E, 0x6F, 0x62, 0x2D, 0x5A, 0xC9, 0x51, 0x88, 0x49, 0x87, 0x49, 
    0x46, 0x41, 0x45, 0x3D, 0x05, 0x35, 0xE3, 0x2C, 0x83, 0x20, 0x41, 0x14, 0x01, 0x04, 0x00, 0x04, 
    0x01, 0x00, 0x00, 0x04, 0x01, 0x00, 0x00, 0x00, 0x29, 0x2D, 0xCD, 0x41, 0xCE, 0x45, 0x30, 0x4E, 
    0x31, 0x4E, 0x51, 0x4E, 0xCE, 0x3D, 0xE7, 0x24, 0x29, 0x29, 0x6A, 0x35, 0xAD, 0x3D, 0xCE, 0x45, 
    0x4A, 0x31, 0x10, 0x4A, 0x18, 0x6B, 0xF5, 0x66, 0xB4, 0x62, 0x71, 0x5A, 0xC6, 0x24, 0x00, 0x00, 
    0x01, 0x00, 0x20, 0x08, 0x42, 0x0C, 0x42, 0x0C, 0x01, 0x04, 0x21, 0x0C, 0x63, 0x14, 0xA3, 0x20, 
    0xC3, 0x2C, 0x25, 0x3D, 0x46, 0x45, 0xA8, 0x4D, 0xC9, 0x51, 0xE9, 0x59, 0xEA, 0x59, 0x4B, 0x66, 
    0x2B, 0x62, 0x4B, 0x66, 0x6E, 0x66, 0x70, 0x5A, 0x31, 0x52, 0x6A, 0x35, 0x52, 0x52, 0xF7, 0x66, 
    0x1B, 0x63, 0x3B, 0x63, 0x1C, 0x5F, 0x1A, 0x5F, 0xFA, 0x5A, 0xF9, 0x5A, 0xDA, 0x5A, 0xFA, 0x5A, 
    0xFB, 0x5A, 0x3B, 0x5F, 0x3C, 0x5F, 0x5D, 0x67, 0x7E, 0x6B, 0xBE, 0x73, 0xBF, 0x77, 0xDF, 0x7B, 
    0xDF, 0x77, 0xDF, 0x7B, 0xBF, 0x73, 0xBE, 0x73, 0x9F, 0x6B, 0x7E, 0x67, 0x3D, 0x5F, 0x3C, 0x5F, 
    0xFC, 0x5A, 0xFB, 0x5A, 0xFB, 0x56, 0xF9, 0x56, 0xD8, 0x52, 0xB5, 0x52, 0x94, 0x52, 0xB4, 0x56, 
    0xD7, 0x5A, 0xF8, 0x5E, 0xFA, 0x62, 0x3A, 0x67, 0x3C, 0x67, 0x5D, 0x6B, 0x5D, 0x6B, 0x7D, 0x6F, 
    0x5D, 0x6B, 0x7D, 0x6F, 0x3D, 0x6B, 0x3C, 0x6B, 0xFA, 0x62, 0xD7, 0x5E, 0x94, 0x52, 0x70, 0x52, 
    0x70, 0x4E, 0x70, 0x52, 0x71, 0x4E, 0x6F, 0x4E, 0x6F, 0x4E, 0x70, 0x52, 0x71, 0x52, 0x71, 0x56, 
    0x71, 0x52, 0x2C, 0x4A, 0xE9, 0x41, 0x4C, 0x4A, 0x0B, 0x42, 0xE9, 0x3D, 0xA9, 0x39, 0xEA, 0x3D, 
    0x4D, 0x46, 0x2B, 0x46, 0x09, 0x3E, 0x07, 0x42, 0x08, 0x42, 0x6B, 0x4E, 0x4B, 0x4A, 0x2A, 0x46, 
    0x72, 0x52, 0x93, 0x56, 0x93, 0x56, 0xB2, 0x5A, 0x90, 0x56, 0x8F, 0x56, 0x4C, 0x4E, 0x4A, 0x4A, 
    0x2B, 0x4A, 0x8F, 0x52, 0xB4, 0x52, 0xB5, 0x52, 0xB7, 0x52, 0xD8, 0x56, 0xD9, 0x56, 0xF9, 0x5A, 
    0xFA, 0x5A, 0x1A, 0x5F, 0xFA, 0x5A, 0x19, 0x5F, 0x19, 0x5F, 0x18, 0x5F, 0x18, 0x5F, 0x18, 0x5F, 
    0x19, 0x5F, 0x18, 0x5F, 0xF9, 0x5E, 0x19, 0x5F, 0x19, 0x5F, 0x19, 0x5F, 0x1A, 0x5F, 0x19, 0x63, 
    0xA7, 0x31, 0xA8, 0x2D, 0xEA, 0x35, 0xEC, 0x35, 0xEC, 0x35, 0xEC, 0x35, 0xEA, 0x35, 0xC9, 0x31, 
    0xE9, 0x35, 0xC9, 0x31, 0xC7, 0x31, 0xA6, 0x2D, 0xA5, 0x31, 0x86, 0x2D, 0xA5, 0x2D, 0x85, 0x2D, 
    0xA5, 0x31, 0xA5, 0x2D, 0xA5, 0x2D, 0xA6, 0x2D, 0xC6, 0x31, 0xC9, 0x31, 0xEB, 0x35, 0xED, 0x35, 
    0x0F, 0x3E, 0x32, 0x3E, 0x74, 0x42, 0x55, 0x42, 0x53, 0x42, 0x53, 0x3E, 0x51, 0x3E, 0x31, 0x3E, 
    0x4F, 0x3E, 0x2F, 0x3E, 0x4F, 0x42, 0x51, 0x42, 0x71, 0x46, 0x51, 0x42, 0x4F, 0x42, 0x0C, 0x3A, 
    0xEA, 0x39, 0xEB, 0x35, 0xEB, 0x39, 0xEB, 0x35, 0x0C, 0x3A, 0x52, 0x42, 0x95, 0x4A, 0xB8, 0x4E, 
    0xD9, 0x52, 0xDB, 0x52, 0xFB, 0x56, 0xFB, 0x56, 0xFA, 0x56, 0xD9, 0x52, 0xB8, 0x4E, 0xDA, 0x52, 
    0x3C, 0x5F, 0x1D, 0x5B, 0x1A, 0x57, 0xD9, 0x4E, 0xB7, 0x4E, 0xB7, 0x4A, 0xB6, 0x4A, 0xB8, 0x4E, 
    0xF9, 0x56, 0x1A, 0x5B, 0x5B, 0x63, 0x5C, 0x63, 0x7C, 0x67, 0x5C, 0x67, 0x7B, 0x6B, 0x7B, 0x6F, 
    0x9A, 0x6F, 0x58, 0x67, 0x15, 0x5F, 0xB3, 0x52, 0x6E, 0x46, 0x0C, 0x3A, 0x0C, 0x3A, 0x0E, 0x3E, 
    0x2E, 0x42, 0x0D, 0x3A, 0xEA, 0x39, 0xC9, 0x35, 0xE9, 0x39, 0xED, 0x3D, 0xEB, 0x39, 0x53, 0x4A, 
    0x30, 0x46, 0xAD, 0x35, 0x4F, 0x56, 0x2D, 0x56, 0x2B, 0x56, 0xEA, 0x51, 0xA7, 0x49, 0x87, 0x45, 
    0x65, 0x41, 0x45, 0x39, 0x24, 0x31, 0xC3, 0x24, 0xA1, 0x20, 0x41, 0x10, 0x20, 0x04, 0x00, 0x00, 
    0x00, 0x00, 0x01, 0x00, 0x00, 0x00, 0x00, 0x00, 0x62, 0x10, 0x6A, 0x31, 0xED, 0x45, 0xEE, 0x41, 
    0x0E, 0x4A, 0x0F, 0x46, 0xED, 0x41, 0xC6, 0x1C, 0x28, 0x29, 0xAC, 0x35, 0x0E, 0x46, 0xAC, 0x39, 
    0xCC, 0x3D, 0x6A, 0x35, 0xF5, 0x66, 0xD4, 0x5E, 0xB3, 0x62, 0x30, 0x4E, 0x62, 0x10, 0x00, 0x00, 
    0x20, 0x04, 0x41, 0x08, 0x60, 0x10, 0xA2, 0x18, 0xA0, 0x18, 0x41, 0x0C, 0x00, 0x04, 0x41, 0x0C, 
    0xE3, 0x2C, 0x46, 0x3D, 0x66, 0x45, 0x67, 0x45, 0xA6, 0x4D, 0xE9, 0x55, 0x29, 0x5E, 0x0A, 0x5A, 
    0x09, 0x5E, 0x4A, 0x62, 0x8D, 0x6A, 0xB1, 0x62, 0xEC, 0x45, 0x28, 0x29, 0x0E, 0x46, 0xD6, 0x5A, 
    0x19, 0x63, 0x3C, 0x5F, 0x3B, 0x5F, 0x1B, 0x5B, 0x1A, 0x5B, 0xF9, 0x56, 0xF9, 0x5A, 0xFA, 0x56, 
    0x19, 0x5B, 0x1A, 0x5B, 0x3B, 0x5F, 0x3C, 0x5F, 0x7D, 0x67, 0x9E, 0x6B, 0xDE, 0x73, 0xDF, 0x73, 
    0xDE, 0x77, 0xDF, 0x77, 0xDE, 0x77, 0xBF, 0x6F, 0xBE, 0x6B, 0x7E, 0x63, 0x7D, 0x63, 0x3D, 0x5F, 
    0x3B, 0x5F, 0x1B, 0x5B, 0x1A, 0x5B, 0xFA, 0x56, 0xF7, 0x56, 0xB5, 0x4E, 0xB3, 0x52, 0xB4, 0x52, 
    0xF6, 0x5A, 0xF8, 0x5A, 0x19, 0x63, 0x3A, 0x63, 0x5B, 0x67, 0x5D, 0x67, 0x7C, 0x6B, 0x5D, 0x6B, 
    0x7D, 0x6B, 0x5D, 0x6B, 0x5C, 0x6B, 0x1B, 0x63, 0x18, 0x5F, 0xB6, 0x56, 0x92, 0x52, 0x90, 0x4E, 
    0x8F, 0x52, 0x8F, 0x4E, 0x8F, 0x52, 0x6F, 0x4E, 0x6E, 0x4E, 0x6F, 0x4E, 0x90, 0x52, 0x71, 0x52, 
    0x6F, 0x52, 0x2A, 0x46, 0x29, 0x46, 0x4B, 0x46, 0x09, 0x42, 0x4E, 0x46, 0x2D, 0x46, 0xEA, 0x39, 
    0x29, 0x42, 0x09, 0x3E, 0x06, 0x3E, 0xE7, 0x3D, 0x27, 0x42, 0x4A, 0x46, 0x6A, 0x4A, 0x4A, 0x46, 
    0x8F, 0x52, 0xB4, 0x56, 0xD3, 0x5A, 0x91, 0x56, 0x8E, 0x52, 0x6D, 0x52, 0x6B, 0x4E, 0x4B, 0x4A, 
    0x4A, 0x4A, 0x6D, 0x4A, 0xB2, 0x52, 0xB5, 0x4E, 0xB6, 0x4E, 0xB7, 0x4E, 0xD7, 0x56, 0xD9, 0x56, 
    0xF9, 0x5A, 0xFA, 0x5A, 0x19, 0x5B, 0x19, 0x5B, 0x17, 0x5B, 0x17, 0x5B, 0x17, 0x5B, 0x17, 0x5B, 
    0x17, 0x5F, 0xF8, 0x5A, 0x18, 0x5F, 0x19, 0x5B, 0x18, 0x5F, 0x19, 0x5B, 0x19, 0x5F, 0x19, 0x5F, 
    0xA8, 0x2D, 0xC8, 0x31, 0xEC, 0x35, 0x0E, 0x3E, 0xEE, 0x39, 0xED, 0x39, 0xCC, 0x35, 0xC9, 0x35, 
    0xCA, 0x35, 0xC9, 0x35, 0xA8, 0x31, 0xA6, 0x31, 0x86, 0x2D, 0xA5, 0x31, 0x86, 0x2D, 0xA5, 0x31, 
    0x85, 0x2D, 0xA5, 0x31, 0x85, 0x2D, 0xA6, 0x31, 0xA8, 0x31, 0xCA, 0x35, 0xEC, 0x35, 0x0E, 0x3E, 
    0x12, 0x3E, 0x53, 0x42, 0x56, 0x42, 0x76, 0x46, 0x56, 0x42, 0x54, 0x42, 0x33, 0x42, 0x51, 0x42, 
    0x31, 0x42, 0x2F, 0x42, 0x30, 0x42, 0x50, 0x46, 0x52, 0x46, 0x72, 0x46, 0x51, 0x46, 0x2E, 0x42, 
    0xED, 0x39, 0x0C, 0x3A, 0x0E, 0x3A, 0x2F, 0x42, 0x2F, 0x3E, 0x50, 0x42, 0x52, 0x42, 0x74, 0x46, 
    0x75, 0x46, 0x97, 0x4E, 0xB8, 0x52, 0xD9, 0x56, 0xB9, 0x52, 0xB8, 0x52, 0x97, 0x4E, 0xD9, 0x56, 
    0x1D, 0x5B, 0x1C, 0x5B, 0xDB, 0x56, 0xD9, 0x52, 0x97, 0x4A, 0xB6, 0x4A, 0x97, 0x4A, 0xB7, 0x4E, 
    0xD9, 0x52, 0x1A, 0x5B, 0x1B, 0x5F, 0x3B, 0x63, 0x3C, 0x5F, 0x3B, 0x63, 0x1B, 0x5F, 0x59, 0x67, 
    0x5A, 0x6B, 0x58, 0x6B, 0x16, 0x63, 0xB2, 0x52, 0x2E, 0x42, 0xEB, 0x39, 0xEC, 0x39, 0x0E, 0x3E, 
    0x30, 0x42, 0x0E, 0x42, 0xEB, 0x39, 0xE9, 0x39, 0xCA, 0x39, 0xEA, 0x3D, 0xCB, 0x39, 0x52, 0x4E, 
    0x32, 0x4A, 0xAC, 0x35, 0xED, 0x4D, 0x2C, 0x5A, 0xCA, 0x51, 0xC8, 0x4D, 0xA8, 0x49, 0x87, 0x49, 
    0x66, 0x41, 0x45, 0x39, 0xE4, 0x30, 0xA2, 0x24, 0x62, 0x1C, 0x61, 0x14, 0x01, 0x04, 0x00, 0x00, 
    0x00, 0x00, 0x00, 0x04, 0x00, 0x00, 0x00, 0x00, 0x00, 0x00, 0xC5, 0x1C, 0xCD, 0x41, 0xCD, 0x41, 
    0xEE, 0x45, 0xAC, 0x3D, 0xCE, 0x3D, 0x49, 0x2D, 0x21, 0x0C, 0x8B, 0x39, 0x6B, 0x31, 0x49, 0x31, 
    0x10, 0x4A, 0xAB, 0x3D, 0xB5, 0x5E, 0xB3, 0x5E, 0x92, 0x5A, 0x0E, 0x4A, 0x21, 0x08, 0x00, 0x04, 
    0x42, 0x0C, 0xA1, 0x20, 0x42, 0x3D, 0xC2, 0x4D, 0xA3, 0x4D, 0x61, 0x41, 0x61, 0x18, 0x00, 0x00, 
    0xA3, 0x1C, 0x45, 0x3D, 0x67, 0x41, 0x45, 0x41, 0x87, 0x49, 0xE9, 0x55, 0xA8, 0x4D, 0xE8, 0x59, 
    0x09, 0x5E, 0x29, 0x62, 0x6E, 0x66, 0xF2, 0x6E, 0x30, 0x4E, 0x28, 0x29, 0xAE, 0x3D, 0x52, 0x52, 
    0xF9, 0x5E, 0x3C, 0x63, 0x3D, 0x5F, 0x3B, 0x5F, 0x1B, 0x5B, 0x19, 0x5B, 0xFA, 0x5A, 0xF9, 0x5A, 
    0xFA, 0x5A, 0x19, 0x5B, 0x1B, 0x5B, 0x3C, 0x5F, 0x5D, 0x63, 0x9D, 0x6B, 0x9F, 0x6F, 0xDE, 0x77, 
    0xBF, 0x77, 0xDF, 0x77, 0xBF, 0x73, 0xBE, 0x73, 0x9F, 0x6B, 0x9E, 0x6B, 0x5E, 0x63, 0x5D, 0x63, 
    0x3D, 0x5F, 0x1B, 0x5F, 0xFB, 0x5A, 0xFA, 0x56, 0xD8, 0x52, 0xB5, 0x52, 0xB4, 0x52, 0xB4, 0x56, 
    0xD6, 0x5A, 0xF8, 0x5E, 0x1A, 0x5F, 0x3A, 0x67, 0x3B, 0x67, 0x5C, 0x6B, 0x3C, 0x67, 0x5C, 0x6B, 
    0x5D, 0x6B, 0x5C, 0x6B, 0x3C, 0x67, 0x1A, 0x63, 0xD7, 0x5A, 0xB4, 0x56, 0x92, 0x52, 0x8F, 0x52, 
    0x8E, 0x4E, 0x8E, 0x52, 0x70, 0x4E, 0x6E, 0x4E, 0x6E, 0x4E, 0x6E, 0x52, 0x71, 0x52, 0x70, 0x52, 
    0x4D, 0x4A, 0x08, 0x46, 0x0A, 0x46, 0x4B, 0x4A, 0x0B, 0x42, 0x70, 0x4E, 0x71, 0x4E, 0x2C, 0x46, 
    0x0A, 0x42, 0x09, 0x42, 0xE9, 0x3D, 0x08, 0x42, 0xE8, 0x3D, 0x28, 0x42, 0x29, 0x46, 0x49, 0x4A, 
    0x6C, 0x4A, 0xB2, 0x5A, 0xB4, 0x5A, 0xB1, 0x5A, 0x6E, 0x52, 0x6D, 0x52, 0x6C, 0x4E, 0x4A, 0x4E, 
    0x2A, 0x4A, 0x6C, 0x4E, 0x91, 0x4E, 0xB4, 0x52, 0x96, 0x4E, 0xB6, 0x52, 0xB8, 0x52, 0xD8, 0x56, 
    0xD9, 0x56, 0xF8, 0x5A, 0xF9, 0x5A, 0xF8, 0x5A, 0xF7, 0x5A, 0xF6, 0x5A, 0xF7, 0x5A, 0xF7, 0x5A, 
    0xF8, 0x5A, 0xF8, 0x5E, 0xF9, 0x5A, 0x18, 0x5F, 0xF9, 0x5A, 0x19, 0x5F, 0xF9, 0x5A, 0x19, 0x5F, 
    0xA8, 0x31, 0xA8, 0x31, 0xEB, 0x39, 0x0E, 0x3A, 0x0D, 0x3A, 0xED, 0x39, 0xEB, 0x35, 0xCA, 0x35, 
    0xEA, 0x35, 0xC9, 0x31, 0xC7, 0x31, 0xA7, 0x2D, 0xA5, 0x31, 0x86, 0x2D, 0xA5, 0x31, 0x86, 0x2D, 
    0xA5, 0x31, 0x85, 0x2D, 0xA5, 0x31, 0xA6, 0x2D, 0xC9, 0x31, 0xEC, 0x35, 0x0D, 0x3A, 0x10, 0x3A, 
    0x32, 0x42, 0x54, 0x42, 0x75, 0x46, 0x77, 0x46, 0x76, 0x46, 0x55, 0x42, 0x53, 0x42, 0x52, 0x42, 
    0x52, 0x42, 0x31, 0x42, 0x50, 0x42, 0x30, 0x42, 0x71, 0x46, 0x53, 0x46, 0x71, 0x46, 0x2F, 0x42, 
    0x2D, 0x3E, 0x0E, 0x3A, 0x2F, 0x3E, 0x31, 0x42, 0x51, 0x42, 0x52, 0x3E, 0x72, 0x42, 0x52, 0x42, 
    0x51, 0x42, 0x31, 0x42, 0x74, 0x4A, 0x76, 0x4A, 0x97, 0x4E, 0x98, 0x4E, 0x75, 0x4A, 0xB9, 0x4E, 
    0x1B, 0x5B, 0xFC, 0x56, 0xFA, 0x56, 0xB9, 0x4E, 0xB6, 0x4A, 0x95, 0x46, 0xB6, 0x4A, 0xB8, 0x4A, 
    0xD8, 0x52, 0xDA, 0x52, 0x1A, 0x5B, 0x1B, 0x5B, 0x3B, 0x5F, 0x1B, 0x5B, 0xF9, 0x56, 0xF9, 0x56, 
    0x38, 0x63, 0x58, 0x67, 0x35, 0x63, 0x90, 0x52, 0x0B, 0x3E, 0xCA, 0x35, 0xE9, 0x35, 0xED, 0x39, 
    0x2F, 0x42, 0x0F, 0x3E, 0xEB, 0x3D, 0xCA, 0x39, 0xC8, 0x39, 0xA8, 0x35, 0xEB, 0x3D, 0x11, 0x46, 
    0xEE, 0x41, 0xAC, 0x35, 0x0C, 0x4E, 0xEB, 0x51, 0xC9, 0x51, 0xA9, 0x49, 0xA7, 0x49, 0x87, 0x45, 
    0x66, 0x41, 0x45, 0x39, 0x04, 0x31, 0xA2, 0x20, 0x81, 0x1C, 0x41, 0x0C, 0x20, 0x04, 0x01, 0x00, 
    0x21, 0x04, 0x21, 0x04, 0x00, 0x04, 0x00, 0x00, 0x00, 0x00, 0x00, 0x04, 0x6A, 0x35, 0xCD, 0x41, 
    0xAC, 0x3D, 0xEE, 0x45, 0xAC, 0x3D, 0x07, 0x25, 0x07, 0x29, 0x29, 0x29, 0x28, 0x29, 0x4A, 0x31, 
    0x0F, 0x4A, 0x0F, 0x4A, 0x92, 0x5A, 0x72, 0x56, 0x50, 0x52, 0xCD, 0x41, 0x20, 0x04, 0x21, 0x04, 
    0xA2, 0x1C, 0x64, 0x41, 0x24, 0x5E, 0x45, 0x66, 0x43, 0x66, 0x00, 0x62, 0xA0, 0x4D, 0x20, 0x0C, 
    0x61, 0x14, 0x68, 0x41, 0x87, 0x45, 0x25, 0x39, 0x65, 0x41, 0x66, 0x45, 0xA6, 0x4D, 0xA8, 0x51, 
    0xE8, 0x59, 0x09, 0x5E, 0x8D, 0x6A, 0xB1, 0x66, 0x71, 0x56, 0x49, 0x2D, 0x6A, 0x31, 0x31, 0x4A, 
    0xD6, 0x5A, 0x3C, 0x63, 0x5C, 0x63, 0x3C, 0x5F, 0x3B, 0x5F, 0x1A, 0x5B, 0x19, 0x5B, 0xF9, 0x5A, 
    0xF8, 0x5A, 0xF9, 0x5A, 0x1A, 0x5B, 0x1C, 0x5B, 0x5C, 0x63, 0x7D, 0x63, 0x9E, 0x6B, 0xBF, 0x6F, 
    0xDE, 0x73, 0xBF, 0x73, 0xDE, 0x73, 0xBF, 0x6F, 0xBE, 0x6F, 0x9E, 0x67, 0x9E, 0x67, 0x5E, 0x63, 
    0x5C, 0x63, 0x1C, 0x5B, 0x1B, 0x5B, 0xFA, 0x56, 0xF7, 0x56, 0xB5, 0x52, 0xD4, 0x56, 0xB4, 0x52, 
    0xD5, 0x5A, 0xF8, 0x5A, 0x19, 0x63, 0x1A, 0x63, 0x3A, 0x67, 0x3B, 0x67, 0x5B, 0x67, 0x3C, 0x67, 
    0x5B, 0x67, 0x3C, 0x63, 0x3A, 0x63, 0xF8, 0x5A, 0xD4, 0x56, 0x92, 0x52, 0xB1, 0x52, 0x8F, 0x52, 
    0x8D, 0x52, 0x8D, 0x4E, 0x8E, 0x52, 0x6E, 0x4E, 0x6C, 0x4E, 0x6E, 0x4E, 0x8F, 0x52, 0x4E, 0x4E, 
    0x2A, 0x4A, 0x09, 0x42, 0x08, 0x42, 0x2B, 0x46, 0x2B, 0x46, 0x91, 0x52, 0xD3, 0x56, 0x6F, 0x4A, 
    0x2A, 0x42, 0x2A, 0x42, 0x4B, 0x46, 0x2C, 0x42, 0x08, 0x3E, 0x08, 0x3E, 0x28, 0x42, 0x28, 0x42, 
    0x6A, 0x4A, 0x8E, 0x4E, 0xD2, 0x5A, 0x91, 0x56, 0x8D, 0x56, 0x6E, 0x52, 0x8C, 0x52, 0x4B, 0x4E, 
    0x4A, 0x4A, 0x4C, 0x4A, 0x8F, 0x4E, 0x93, 0x4E, 0xB4, 0x4E, 0xB6, 0x4E, 0xD6, 0x52, 0xD7, 0x52, 
    0xF7, 0x56, 0xF8, 0x56, 0xF7, 0x5A, 0xF7, 0x56, 0xF6, 0x5A, 0xD6, 0x56, 0xF6, 0x5A, 0xF7, 0x56, 
    0xF7, 0x5A, 0xF8, 0x5A, 0x18, 0x5B, 0xF9, 0x5A, 0xF8, 0x5A, 0xF9, 0x5A, 0x19, 0x5F, 0x19, 0x5B, 
    0xA9, 0x31, 0xA8, 0x31, 0xCA, 0x35, 0xEC, 0x39, 0xCC, 0x35, 0xEB, 0x39, 0xCB, 0x35, 0xCA, 0x35, 
    0xCA, 0x35, 0xC9, 0x35, 0xA8, 0x31, 0xA7, 0x31, 0x86, 0x2D, 0xA6, 0x31, 0x86, 0x2D, 0x85, 0x31, 
    0x86, 0x2D, 0xA5, 0x31, 0x86, 0x2D, 0xA7, 0x31, 0xCB, 0x35, 0xED, 0x39, 0xEF, 0x39, 0x11, 0x3E, 
    0x33, 0x3E, 0x54, 0x42, 0x56, 0x42, 0x76, 0x46, 0x57, 0x46, 0x55, 0x42, 0x33, 0x42, 0x52, 0x42, 
    0x33, 0x42, 0x52, 0x46, 0x31, 0x42, 0x50, 0x46, 0x31, 0x42, 0x52, 0x46, 0x52, 0x46, 0x50, 0x46, 
    0x2F, 0x3E, 0x2F, 0x42, 0x31, 0x42, 0x52, 0x46, 0x32, 0x42, 0x52, 0x42, 0x54, 0x42, 0x75, 0x46, 
    0x55, 0x46, 0x52, 0x42, 0x53, 0x42, 0x75, 0x4A, 0x77, 0x4A, 0x76, 0x4E, 0x54, 0x46, 0x97, 0x4E, 
    0xDB, 0x56, 0xFB, 0x56, 0xDA, 0x52, 0xB8, 0x4E, 0x96, 0x4A, 0x74, 0x4A, 0x76, 0x46, 0xB7, 0x4E, 
    0xB8, 0x4E, 0xD9, 0x52, 0xDA, 0x56, 0xFA, 0x5A, 0xFB, 0x5A, 0x1B, 0x5F, 0xDA, 0x56, 0xD9, 0x52, 
    0xD7, 0x52, 0x37, 0x63, 0x15, 0x5F, 0x8F, 0x52, 0xC9, 0x39, 0xC8, 0x35, 0xA8, 0x31, 0xCA, 0x39, 
    0x0F, 0x42, 0x0F, 0x42, 0xCC, 0x3D, 0xC9, 0x3D, 0xA9, 0x39, 0xA7, 0x39, 0xED, 0x41, 0xEF, 0x41, 
    0x8D, 0x35, 0x6A, 0x35, 0x2E, 0x56, 0x0A, 0x56, 0xCA, 0x51, 0xC8, 0x4D, 0x88, 0x49, 0x87, 0x45, 
    0x46, 0x3D, 0x45, 0x3D, 0xE4, 0x2C, 0xC2, 0x28, 0x62, 0x18, 0x20, 0x08, 0x21, 0x08, 0x41, 0x08, 
    0x21, 0x04, 0x21, 0x08, 0x01, 0x04, 0x20, 0x04, 0x00, 0x00, 0x00, 0x00, 0xC6, 0x1C, 0xAB, 0x3D, 
    0xAD, 0x3D, 0x30, 0x4E, 0xAD, 0x3D, 0x28, 0x2D, 0x4B, 0x31, 0x29, 0x2D, 0xC6, 0x20, 0x6A, 0x35, 
    0x6B, 0x35, 0xEE, 0x45, 0x31, 0x52, 0x50, 0x56, 0x50, 0x52, 0xCC, 0x41, 0x00, 0x00, 0x42, 0x0C, 
    0x03, 0x31, 0x25, 0x62, 0x25, 0x5E, 0xC6, 0x4D, 0xEB, 0x4D, 0x6B, 0x66, 0x43, 0x66, 0x62, 0x3D, 
    0x01, 0x00, 0x47, 0x3D, 0x67, 0x3D, 0x45, 0x3D, 0x25, 0x3D, 0x86, 0x49, 0xA8, 0x51, 0xC8, 0x55, 
    0xE9, 0x59, 0x4A, 0x66, 0x8E, 0x6A, 0x90, 0x66, 0xEF, 0x49, 0xAC, 0x3D, 0x2A, 0x2D, 0x30, 0x4A, 
    0xD7, 0x5A, 0x3B, 0x63, 0x3D, 0x5F, 0x3C, 0x63, 0x1C, 0x5B, 0x1A, 0x5B, 0xFA, 0x5A, 0xF9, 0x5A, 
    0xD9, 0x5A, 0xF9, 0x5A, 0xFA, 0x5A, 0x1A, 0x5F, 0x3C, 0x5F, 0x5D, 0x67, 0x7E, 0x67, 0x9E, 0x6F, 
    0x9F, 0x6F, 0xBE, 0x73, 0xBF, 0x6F, 0xBE, 0x73, 0x9F, 0x6B, 0x9E, 0x6B, 0x7F, 0x67, 0x7E, 0x67, 
    0x3D, 0x63, 0x3C, 0x5F, 0x1C, 0x5B, 0xFA, 0x5A, 0xD8, 0x56, 0xD6, 0x56, 0xB5, 0x56, 0xB4, 0x56, 
    0xD6, 0x5A, 0xF7, 0x5E, 0xF9, 0x5E, 0x19, 0x63, 0x1B, 0x63, 0x3A, 0x67, 0x1B, 0x63, 0x3B, 0x67, 
    0x1C, 0x63, 0x3B, 0x63, 0xFA, 0x5E, 0xD6, 0x5A, 0x92, 0x52, 0xB2, 0x56, 0x91, 0x52, 0x8E, 0x52, 
    0x8D, 0x4E, 0x8D, 0x52, 0x8D, 0x4E, 0x8D, 0x52, 0x6C, 0x4E, 0x6B, 0x4E, 0x4D, 0x4E, 0x4B, 0x4E, 
    0x0A, 0x46, 0x08, 0x46, 0xE8, 0x3D, 0x2A, 0x46, 0x2C, 0x46, 0xB3, 0x56, 0xB6, 0x5A, 0xB2, 0x52, 
    0x2C, 0x46, 0x4C, 0x4A, 0x4D, 0x46, 0x6F, 0x4A, 0x2C, 0x42, 0x08, 0x42, 0x29, 0x42, 0x49, 0x46, 
    0x29, 0x46, 0x6B, 0x4E, 0x90, 0x56, 0xAF, 0x5A, 0x8F, 0x56, 0x8D, 0x56, 0x6D, 0x52, 0x6B, 0x52, 
    0x4B, 0x4A, 0x4B, 0x4E, 0x6F, 0x4A, 0x92, 0x4E, 0x94, 0x4E, 0xB5, 0x4E, 0xB6, 0x4E, 0xD6, 0x52, 
    0xD7, 0x52, 0xD7, 0x56, 0xD7, 0x56, 0xD6, 0x56, 0xD6, 0x56, 0xD6, 0x56, 0xD6, 0x56, 0xF6, 0x5A, 
    0xD7, 0x5A, 0xF7, 0x5A, 0xF9, 0x5A, 0xF8, 0x5A, 0xD9, 0x5A, 0xF9, 0x5E, 0xF9, 0x5A, 0x19, 0x5F, 
    0xC8, 0x35, 0xA8, 0x31, 0xC7, 0x31, 0xC9, 0x31, 0xC9, 0x35, 0xCA, 0x31, 0xC9, 0x31, 0xCA, 0x31, 
    0xEA, 0x35, 0xC9, 0x31, 0xC8, 0x31, 0xA7, 0x2D, 0xA6, 0x31, 0xA6, 0x2D, 0xA5, 0x31, 0x86, 0x2D, 
    0xA5, 0x2D, 0xA5, 0x2D, 0xA5, 0x31, 0xC8, 0x31, 0x0B, 0x3A, 0x0E, 0x3A, 0x0E, 0x3A, 0x11, 0x3A, 
    0x31, 0x3E, 0x33, 0x3E, 0x54, 0x42, 0x55, 0x42, 0x75, 0x46, 0x55, 0x42, 0x53, 0x42, 0x54, 0x42, 
    0x52, 0x42, 0x51, 0x42, 0x51, 0x46, 0x31, 0x42, 0x50, 0x42, 0x51, 0x42, 0x70, 0x46, 0x50, 0x42, 
    0x4F, 0x42, 0x50, 0x42, 0x71, 0x42, 0x53, 0x42, 0x73, 0x42, 0x53, 0x42, 0x74, 0x42, 0x76, 0x42, 
    0x96, 0x46, 0x75, 0x46, 0x73, 0x46, 0x75, 0x42, 0x96, 0x4A, 0x54, 0x42, 0x51, 0x42, 0x77, 0x4A, 
    0xDA, 0x52, 0xDA, 0x52, 0xD9, 0x52, 0x97, 0x4A, 0x94, 0x4A, 0x74, 0x46, 0x94, 0x46, 0x96, 0x46, 
    0xB7, 0x4A, 0xB8, 0x4A, 0xD8, 0x52, 0xDA, 0x52, 0x1A, 0x57, 0xFB, 0x56, 0xFA, 0x56, 0xD9, 0x4E, 
    0xB7, 0x4E, 0xD5, 0x52, 0xF3, 0x5A, 0x6E, 0x4A, 0xC7, 0x35, 0xA7, 0x31, 0xA7, 0x31, 0xA9, 0x31, 
    0x0D, 0x3E, 0xEF, 0x3D, 0xEB, 0x3D, 0xA9, 0x39, 0xA7, 0x39, 0xA7, 0x35, 0x0E, 0x46, 0x32, 0x4A, 
    0x8C, 0x35, 0xAC, 0x39, 0x6F, 0x5E, 0x0B, 0x56, 0xC8, 0x51, 0xA8, 0x49, 0x87, 0x45, 0x66, 0x41, 
    0x65, 0x3D, 0x04, 0x35, 0xC2, 0x28, 0xA2, 0x20, 0x82, 0x18, 0x41, 0x08, 0x41, 0x08, 0x00, 0x00, 
    0x20, 0x00, 0x21, 0x08, 0x60, 0x0C, 0x21, 0x04, 0x20, 0x04, 0x00, 0x00, 0x83, 0x14, 0x6A, 0x35, 
    0xCC, 0x3D, 0x0F, 0x46, 0x8A, 0x35, 0xCE, 0x3D, 0xAB, 0x39, 0x83, 0x14, 0xE6, 0x20, 0x30, 0x4A, 
    0x2F, 0x4A, 0xED, 0x45, 0x0D, 0x4A, 0x0F, 0x4A, 0x70, 0x52, 0xCD, 0x41, 0x00, 0x00, 0x81, 0x14, 
    0xE4, 0x4D, 0x66, 0x62, 0x21, 0x2D, 0x87, 0x00, 0xB0, 0x2D, 0x32, 0x46, 0xAE, 0x66, 0x04, 0x5E, 
    0xA2, 0x1C, 0x06, 0x31, 0x66, 0x3D, 0x25, 0x39, 0x65, 0x41, 0xA8, 0x4D, 0xC8, 0x51, 0xE9, 0x55, 
    0x29, 0x5E, 0x4B, 0x66, 0x8D, 0x66, 0x2D, 0x5A, 0xED, 0x49, 0x0F, 0x4A, 0x8A, 0x35, 0x30, 0x4A, 
    0xF6, 0x62, 0x3B, 0x5F, 0x5C, 0x5F, 0x3C, 0x5B, 0x3B, 0x5B, 0x1B, 0x5B, 0x19, 0x5B, 0xF9, 0x5A, 
    0xF8, 0x5A, 0xD8, 0x56, 0xF9, 0x5A, 0xFA, 0x5A, 0x3B, 0x5F, 0x5C, 0x5F, 0x7D, 0x67, 0x9E, 0x67, 
    0xBE, 0x6B, 0xBE, 0x6F, 0xBE, 0x6F, 0xBF, 0x6B, 0xBE, 0x6B, 0x9E, 0x67, 0x9E, 0x67, 0x7E, 0x63, 
    0x7D, 0x63, 0x3D, 0x5F, 0x3B, 0x5B, 0xFA, 0x56, 0xF7, 0x56, 0xD6, 0x52, 0xD4, 0x56, 0xD5, 0x56, 
    0xD4, 0x5A, 0xF6, 0x5A, 0x17, 0x5F, 0x19, 0x5F, 0x39, 0x63, 0x1A, 0x63, 0x3A, 0x63, 0x1A, 0x5F, 
    0x3A, 0x63, 0x1A, 0x5F, 0xF8, 0x5A, 0xB5, 0x52, 0xB1, 0x52, 0xB1, 0x52, 0xAF, 0x52, 0x8D, 0x4E, 
    0x8C, 0x4E, 0x8C, 0x4E, 0x8C, 0x4E, 0x6B, 0x4E, 0x6A, 0x4E, 0x4A, 0x4A, 0x49, 0x4A, 0x2A, 0x46, 
    0x29, 0x46, 0x08, 0x42, 0xC6, 0x39, 0x09, 0x3E, 0x4C, 0x4A, 0xB5, 0x56, 0xF6, 0x5A, 0xB5, 0x56, 
    0x4D, 0x46, 0x4E, 0x46, 0x6F, 0x4A, 0x70, 0x46, 0x6E, 0x4A, 0x2A, 0x42, 0x4A, 0x46, 0x4B, 0x46, 
    0x6A, 0x4A, 0x4B, 0x46, 0x8D, 0x52, 0x8F, 0x56, 0xAE, 0x56, 0x8D, 0x52, 0x8C, 0x52, 0x6B, 0x4E, 
    0x6A, 0x4E, 0x4B, 0x4A, 0x6D, 0x4A, 0x71, 0x4A, 0x92, 0x4A, 0x94, 0x4A, 0xB4, 0x4E, 0xB6, 0x4E, 
    0xD5, 0x52, 0xD6, 0x52, 0xD5, 0x52, 0xD5, 0x52, 0xD5, 0x56, 0xD6, 0x52, 0xF5, 0x56, 0xD6, 0x56, 
    0xF6, 0x5A, 0xF7, 0x56, 0xF7, 0x5A, 0xF8, 0x56, 0xF8, 0x5A, 0xF9, 0x5A, 0x19, 0x5B, 0xF9, 0x5A, 
    0xA9, 0x31, 0xA7, 0x31, 0xA7, 0x31, 0xC8, 0x31, 0xA9, 0x31, 0xC9, 0x35, 0xA9, 0x31, 0xC9, 0x35, 
    0xCA, 0x35, 0xC9, 0x35, 0xC9, 0x31, 0xC7, 0x31, 0xA7, 0x31, 0xA7, 0x31, 0xA7, 0x31, 0xA6, 0x31, 
    0xA6, 0x2D, 0xA5, 0x31, 0xA6, 0x31, 0xC8, 0x35, 0xED, 0x39, 0x0F, 0x3E, 0xF0, 0x39, 0x10, 0x3E, 
    0x11, 0x3E, 0x31, 0x3E, 0x32, 0x3E, 0x32, 0x42, 0x34, 0x42, 0x55, 0x46, 0x56, 0x42, 0x76, 0x46, 
    0x54, 0x42, 0x50, 0x42, 0x30, 0x42, 0x50, 0x46, 0x31, 0x42, 0x51, 0x46, 0x51, 0x46, 0x50, 0x46, 
    0x30, 0x42, 0x51, 0x46, 0x53, 0x42, 0x73, 0x46, 0x75, 0x46, 0x94, 0x4A, 0x76, 0x46, 0x97, 0x4A, 
    0x98, 0x4A, 0x97, 0x4A, 0x75, 0x46, 0x74, 0x46, 0x54, 0x46, 0x2F, 0x3E, 0x11, 0x3E, 0x76, 0x4A, 
    0xB9, 0x4E, 0xB8, 0x52, 0x98, 0x4E, 0x95, 0x4A, 0x73, 0x46, 0x73, 0x46, 0x54, 0x46, 0x95, 0x4A, 
    0x96, 0x4A, 0xB7, 0x4E, 0xB8, 0x4E, 0xD8, 0x52, 0xDA, 0x52, 0xFA, 0x56, 0xDA, 0x52, 0xD9, 0x52, 
    0x97, 0x4A, 0x94, 0x4A, 0x91, 0x4E, 0x2B, 0x46, 0xA7, 0x35, 0xA6, 0x35, 0x86, 0x31, 0xA7, 0x35, 
    0xCC, 0x39, 0xEE, 0x41, 0xCB, 0x39, 0xA8, 0x39, 0x89, 0x39, 0xA8, 0x3D, 0x10, 0x46, 0x53, 0x4E, 
    0x4B, 0x29, 0xAC, 0x3D, 0x4F, 0x5A, 0xEA, 0x55, 0x88, 0x49, 0x87, 0x49, 0x67, 0x41, 0x66, 0x41, 
    0x25, 0x39, 0x24, 0x39, 0xE3, 0x2C, 0xC3, 0x28, 0x62, 0x18, 0x41, 0x08, 0x01, 0x00, 0x80, 0x1C, 
    0x02, 0x31, 0x62, 0x39, 0x21, 0x2D, 0xA1, 0x1C, 0x21, 0x04, 0x00, 0x00, 0x42, 0x0C, 0x8B, 0x39, 
    0x6B, 0x35, 0xAC, 0x3D, 0x8C, 0x39, 0x72, 0x56, 0x8C, 0x39, 0xA3, 0x18, 0x4A, 0x31, 0x50, 0x4E, 
    0xD6, 0x62, 0xB3, 0x5E, 0xCD, 0x45, 0xAB, 0x41, 0xEE, 0x49, 0x69, 0x35, 0x00, 0x00, 0xE2, 0x28, 
    0x46, 0x62, 0xE5, 0x51, 0x00, 0x00, 0x63, 0x0C, 0x64, 0x0C, 0xE9, 0x14, 0x72, 0x5A, 0x65, 0x6E, 
    0x23, 0x35, 0xA4, 0x1C, 0x26, 0x35, 0x66, 0x41, 0x87, 0x45, 0xA7, 0x4D, 0xA8, 0x51, 0xE9, 0x59, 
    0x4B, 0x66, 0x4B, 0x66, 0xC9, 0x51, 0x2C, 0x56, 0x71, 0x5A, 0x0E, 0x4A, 0x6B, 0x35, 0x30, 0x4A, 
    0xF7, 0x62, 0x1A, 0x63, 0x1C, 0x5F, 0x3B, 0x5F, 0x1C, 0x5B, 0x1A, 0x5F, 0xFA, 0x5A, 0xF9, 0x5A, 
    0xF9, 0x5A, 0xF8, 0x5A, 0xF9, 0x5A, 0xF9, 0x5E, 0x1B, 0x5B, 0x3C, 0x5F, 0x5D, 0x63, 0x7D, 0x67, 
    0x7E, 0x67, 0x9E, 0x6F, 0x9F, 0x6B, 0xBE, 0x6B, 0x9E, 0x6B, 0x9E, 0x6B, 0x7F, 0x67, 0x7E, 0x67, 
    0x5E, 0x63, 0x5D, 0x63, 0x1C, 0x5B, 0x1A, 0x5B, 0xF9, 0x56, 0xF7, 0x56, 0xD5, 0x56, 0xD5, 0x5A, 
    0xB5, 0x56, 0xD5, 0x5A, 0xF7, 0x5E, 0x17, 0x63, 0x19, 0x63, 0x18, 0x63, 0x1A, 0x5F, 0x1A, 0x63, 
    0x1A, 0x5F, 0x19, 0x5F, 0xD8, 0x56, 0xB4, 0x56, 0x92, 0x56, 0xB1, 0x56, 0x8F, 0x52, 0x8D, 0x52, 
    0x6D, 0x4E, 0x8C, 0x4E, 0x6C, 0x4E, 0x6B, 0x4E, 0x4A, 0x4A, 0x29, 0x4A, 0x09, 0x46, 0x29, 0x46, 
    0xE9, 0x41, 0xE8, 0x41, 0xA7, 0x35, 0xE9, 0x41, 0x4F, 0x4E, 0xB6, 0x5A, 0xD9, 0x5A, 0xF6, 0x5A, 
    0x50, 0x4A, 0x4F, 0x4A, 0x72, 0x4E, 0x91, 0x4E, 0x70, 0x4A, 0x4D, 0x4A, 0x4D, 0x46, 0x6E, 0x4E, 
    0x6D, 0x4A, 0x6B, 0x4E, 0x6E, 0x4E, 0xAF, 0x5A, 0x8E, 0x56, 0x8D, 0x56, 0x6C, 0x52, 0x6B, 0x52, 
    0x4B, 0x4A, 0x4B, 0x4A, 0x4E, 0x4A, 0x91, 0x4A, 0x72, 0x4A, 0x93, 0x4A, 0x94, 0x4A, 0xB4, 0x4E, 
    0xB5, 0x4E, 0xB5, 0x52, 0xB5, 0x52, 0xD5, 0x52, 0xB6, 0x52, 0xD5, 0x56, 0xD6, 0x56, 0xF6, 0x5A, 
    0xD7, 0x56, 0xF7, 0x5A, 0xD8, 0x5A, 0xF8, 0x5A, 0xD9, 0x5A, 0xF9, 0x5A, 0xF9, 0x5A, 0x18, 0x5F, 
    0xC8, 0x35, 0xA7, 0x2D, 0xA6, 0x31, 0xA8, 0x31, 0xC8, 0x35, 0xCA, 0x31, 0xCA, 0x35, 0xCA, 0x31, 
    0xCA, 0x35, 0xCC, 0x35, 0xEA, 0x35, 0xC8, 0x31, 0xC7, 0x35, 0xA7, 0x31, 0xA6, 0x35, 0xA6, 0x31, 
    0xA5, 0x31, 0xA6, 0x2D, 0xC6, 0x31, 0xC9, 0x35, 0x2D, 0x3E, 0x10, 0x3A, 0x10, 0x3E, 0x11, 0x3A, 
    0x30, 0x3E, 0x10, 0x3A, 0x30, 0x3E, 0x10, 0x3E, 0x52, 0x42, 0x56, 0x42, 0x76, 0x46, 0x77, 0x46, 
    0x75, 0x42, 0x31, 0x42, 0x2E, 0x42, 0x30, 0x42, 0x50, 0x46, 0x51, 0x46, 0x71, 0x46, 0x51, 0x46, 
    0x50, 0x46, 0x51, 0x46, 0x73, 0x46, 0x75, 0x46, 0x95, 0x4A, 0xB7, 0x4A, 0xB8, 0x4E, 0xB9, 0x4E, 
    0xD8, 0x52, 0xB9, 0x4E, 0xB7, 0x4A, 0x75, 0x46, 0x50, 0x42, 0xEC, 0x35, 0x2F, 0x3E, 0x55, 0x46, 
    0x96, 0x4A, 0x96, 0x4A, 0x95, 0x4A, 0x73, 0x46, 0x51, 0x46, 0x51, 0x42, 0x52, 0x46, 0x74, 0x46, 
    0x95, 0x46, 0x96, 0x46, 0xB7, 0x4A, 0xB8, 0x4A, 0xD8, 0x4E, 0xD9, 0x4E, 0xF9, 0x52, 0xB9, 0x4E, 
    0x96, 0x4A, 0x53, 0x46, 0x2D, 0x42, 0xC9, 0x39, 0xC7, 0x39, 0x87, 0x31, 0xA6, 0x35, 0x87, 0x31, 
    0xCA, 0x39, 0xCC, 0x39, 0xC9, 0x39, 0x89, 0x39, 0xA9, 0x3D, 0xA9, 0x39, 0x30, 0x4A, 0x12, 0x46, 
    0x6B, 0x31, 0xCE, 0x41, 0x4D, 0x56, 0xC9, 0x4D, 0xA8, 0x4D, 0x88, 0x49, 0x86, 0x45, 0x46, 0x39, 
    0x45, 0x39, 0x04, 0x31, 0xE3, 0x2C, 0xC4, 0x28, 0x82, 0x18, 0x00, 0x00, 0x80, 0x18, 0x82, 0x41, 
    0xE3, 0x55, 0xE4, 0x55, 0xE3, 0x55, 0x42, 0x39, 0x80, 0x18, 0x01, 0x00, 0x00, 0x00, 0x29, 0x29, 
    0x8A, 0x35, 0x6A, 0x35, 0x0F, 0x4A, 0x31, 0x4E, 0x69, 0x31, 0x07, 0x25, 0xED, 0x41, 0x49, 0x2D, 
    0x50, 0x52, 0xD4, 0x62, 0xEC, 0x45, 0xCD, 0x41, 0xCB, 0x41, 0xE6, 0x24, 0x00, 0x00, 0x43, 0x39, 
    0x65, 0x6A, 0x24, 0x31, 0x8C, 0x31, 0xE8, 0x1C, 0x62, 0x0C, 0xA6, 0x10, 0xEC, 0x41, 0x66, 0x6A, 
    0xC4, 0x49, 0x84, 0x14, 0x25, 0x35, 0x46, 0x3D, 0x66, 0x41, 0x87, 0x49, 0xC8, 0x55, 0x0A, 0x5E, 
    0x6B, 0x6A, 0x0A, 0x5E, 0xE9, 0x55, 0xEB, 0x4D, 0x4F, 0x56, 0xAC, 0x3D, 0x6A, 0x31, 0xEF, 0x41, 
    0xD4, 0x5E, 0xF9, 0x5E, 0x3B, 0x5F, 0x1C, 0x5B, 0x3B, 0x5F, 0x1B, 0x5B, 0x1A, 0x5F, 0xFA, 0x5A, 
    0xF9, 0x5A, 0xF8, 0x5A, 0xF8, 0x5A, 0xF9, 0x5A, 0x1A, 0x5B, 0x1B, 0x5B, 0x5C, 0x63, 0x5D, 0x63, 
    0x9D, 0x67, 0x9E, 0x67, 0x9E, 0x6B, 0x9E, 0x67, 0x9E, 0x6B, 0x9E, 0x67, 0x9E, 0x6B, 0x7E, 0x63, 
    0x7D, 0x63, 0x3D, 0x5F, 0x3C, 0x5F, 0x1B, 0x57, 0xF9, 0x56, 0xF8, 0x56, 0xD5, 0x56, 0xD5, 0x56, 
    0xD5, 0x5A, 0xD5, 0x56, 0xF6, 0x5E, 0xF7, 0x5E, 0x17, 0x63, 0x18, 0x5F, 0x18, 0x5F, 0x19, 0x5B, 
    0x19, 0x5F, 0xF8, 0x5A, 0xD6, 0x56, 0x95, 0x52, 0xB2, 0x56, 0x91, 0x52, 0x8F, 0x52, 0x6F, 0x4E, 
    0x8E, 0x4E, 0x6D, 0x4E, 0x8B, 0x4E, 0x6C, 0x4E, 0x6A, 0x4A, 0x2A, 0x46, 0x4B, 0x4A, 0x2B, 0x46, 
    0xE8, 0x41, 0xE8, 0x3D, 0xE6, 0x39, 0xE9, 0x3D, 0xB1, 0x52, 0xD7, 0x5A, 0x18, 0x5F, 0xF8, 0x5A, 
    0xB3, 0x52, 0x71, 0x4A, 0x92, 0x52, 0x92, 0x4E, 0x91, 0x4E, 0x50, 0x4A, 0x6F, 0x4A, 0x70, 0x4E, 
    0x6E, 0x4E, 0x6D, 0x4E, 0x8E, 0x52, 0x8F, 0x56, 0x8E, 0x56, 0x8D, 0x52, 0x8C, 0x52, 0x4B, 0x4E, 
    0x6B, 0x4E, 0x4C, 0x4A, 0x6E, 0x4A, 0x71, 0x46, 0x91, 0x4A, 0x72, 0x46, 0x92, 0x4A, 0x94, 0x4A, 
    0xB4, 0x4E, 0xB5, 0x4E, 0xB4, 0x52, 0xB5, 0x52, 0xD5, 0x56, 0xD6, 0x56, 0xD6, 0x56, 0xD7, 0x56, 
    0xF7, 0x5A, 0xD8, 0x56, 0xF8, 0x5A, 0xD8, 0x56, 0xF8, 0x5A, 0xF9, 0x5A, 0xF9, 0x5A, 0xF8, 0x5A, 
    0xA8, 0x31, 0xA6, 0x31, 0x87, 0x31, 0xC8, 0x35, 0xCB, 0x35, 0xCB, 0x35, 0xCC, 0x35, 0xCA, 0x35, 
    0xCC, 0x35, 0x0F, 0x3E, 0xEC, 0x39, 0xC8, 0x35, 0xC8, 0x35, 0xC8, 0x35, 0xA7, 0x31, 0xA6, 0x31, 
    0x86, 0x31, 0xA6, 0x31, 0xA6, 0x31, 0xEA, 0x39, 0x10, 0x3E, 0x31, 0x3E, 0x12, 0x3A, 0x32, 0x3E, 
    0x12, 0x3E, 0x30, 0x3E, 0x10, 0x3E, 0x0F, 0x42, 0x32, 0x42, 0x54, 0x46, 0x56, 0x46, 0x76, 0x46, 
    0x56, 0x42, 0x52, 0x42, 0x0F, 0x3E, 0x2F, 0x42, 0x31, 0x42, 0x51, 0x4A, 0x51, 0x46, 0x71, 0x4A, 
    0x51, 0x4A, 0x72, 0x4A, 0x75, 0x46, 0x96, 0x4A, 0x97, 0x4A, 0xB8, 0x4E, 0xB9, 0x52, 0xD9, 0x52, 
    0xDA, 0x52, 0xD9, 0x56, 0xB9, 0x52, 0xB7, 0x4E, 0x54, 0x46, 0x2F, 0x42, 0x0F, 0x3E, 0x52, 0x46, 
    0x54, 0x46, 0x73, 0x4A, 0x52, 0x46, 0x30, 0x46, 0x0F, 0x3E, 0x2F, 0x42, 0x30, 0x3E, 0x52, 0x46, 
    0x54, 0x46, 0x74, 0x46, 0x76, 0x46, 0x96, 0x4A, 0x97, 0x4A, 0xB8, 0x4E, 0xB9, 0x4E, 0x97, 0x4E, 
    0x76, 0x46, 0x51, 0x46, 0xCB, 0x39, 0xA7, 0x39, 0xA7, 0x35, 0xA7, 0x35, 0x87, 0x31, 0xA7, 0x35, 
    0x89, 0x35, 0xAA, 0x39, 0x89, 0x39, 0xA9, 0x3D, 0xAA, 0x3D, 0xCA, 0x41, 0x32, 0x4E, 0x32, 0x4A, 
    0x6C, 0x31, 0x0F, 0x4A, 0x0E, 0x56, 0xA8, 0x4D, 0x88, 0x49, 0xA8, 0x49, 0x67, 0x45, 0x66, 0x41, 
    0x25, 0x39, 0x04, 0x35, 0x05, 0x31, 0xE4, 0x2C, 0x21, 0x0C, 0x00, 0x00, 0x62, 0x3D, 0x03, 0x5A, 
    0xA5, 0x4D, 0x84, 0x41, 0xC5, 0x51, 0xE4, 0x55, 0x02, 0x31, 0x41, 0x08, 0x00, 0x00, 0xA5, 0x1C, 
    0x6A, 0x35, 0x49, 0x31, 0xCD, 0x41, 0x8B, 0x3D, 0x08, 0x29, 0xA4, 0x1C, 0x8C, 0x39, 0xED, 0x45, 
    0x6A, 0x39, 0x2F, 0x52, 0x30, 0x52, 0xED, 0x45, 0xAC, 0x3D, 0x83, 0x18, 0x01, 0x00, 0xA4, 0x49, 
    0x46, 0x66, 0xC3, 0x20, 0x4B, 0x29, 0x63, 0x10, 0x64, 0x10, 0x84, 0x10, 0x09, 0x25, 0xAE, 0x6E, 
    0x08, 0x5A, 0x63, 0x14, 0x26, 0x35, 0x25, 0x39, 0x46, 0x41, 0xA7, 0x4D, 0xA9, 0x55, 0x0A, 0x5E, 
    0x0B, 0x5E, 0x0A, 0x5E, 0x2C, 0x5E, 0xEB, 0x51, 0xCC, 0x49, 0xAB, 0x3D, 0xAD, 0x3D, 0xEF, 0x49, 
    0xD6, 0x62, 0xF8, 0x62, 0x1C, 0x5F, 0x3C, 0x5F, 0x1C, 0x5F, 0x3B, 0x5F, 0x1B, 0x5F, 0x1A, 0x5F, 
    0xFA, 0x5A, 0xF8, 0x5E, 0xD9, 0x5A, 0xF8, 0x5A, 0xFA, 0x5A, 0x1A, 0x5F, 0x1C, 0x5F, 0x5D, 0x63, 
    0x5E, 0x63, 0x9E, 0x6B, 0x7F, 0x6B, 0x9E, 0x6B, 0x9F, 0x6B, 0x9E, 0x6B, 0x9F, 0x67, 0x9E, 0x67, 
    0x5E, 0x63, 0x5D, 0x63, 0x1D, 0x5F, 0x1B, 0x5B, 0xFA, 0x56, 0xF8, 0x5A, 0xD6, 0x56, 0xD5, 0x5A, 
    0xB5, 0x56, 0xD5, 0x5A, 0xD6, 0x5A, 0xF6, 0x5E, 0xF7, 0x5E, 0xF7, 0x5E, 0xF8, 0x5A, 0xF8, 0x5E, 
    0xD8, 0x5A, 0xD7, 0x5A, 0xB6, 0x56, 0xB5, 0x56, 0x93, 0x56, 0x91, 0x56, 0x93, 0x56, 0xB3, 0x56, 
    0x91, 0x52, 0x8E, 0x52, 0x6D, 0x4E, 0x6D, 0x52, 0x6F, 0x4E, 0x70, 0x52, 0x71, 0x52, 0x4E, 0x4E, 
    0xEA, 0x41, 0x08, 0x42, 0x09, 0x42, 0x0A, 0x46, 0xB5, 0x56, 0xF8, 0x5E, 0xF9, 0x5E, 0xF8, 0x5E, 
    0xD7, 0x5A, 0xB3, 0x56, 0x93, 0x52, 0x93, 0x52, 0x73, 0x4E, 0x71, 0x4E, 0x51, 0x4E, 0x71, 0x4E, 
    0x70, 0x4E, 0x6E, 0x52, 0x6F, 0x52, 0x8E, 0x56, 0x8E, 0x56, 0x8D, 0x56, 0x6D, 0x52, 0x6B, 0x52, 
    0x4B, 0x4A, 0x4C, 0x4E, 0x50, 0x4A, 0x70, 0x4A, 0x51, 0x46, 0x71, 0x4A, 0x72, 0x46, 0x93, 0x4E, 
    0x94, 0x4E, 0xB4, 0x4E, 0x94, 0x4E, 0xB4, 0x52, 0xB5, 0x52, 0xD5, 0x56, 0xD6, 0x56, 0xD6, 0x5A, 
    0xD7, 0x56, 0xF7, 0x5A, 0xD8, 0x56, 0xF8, 0x5A, 0xD9, 0x5A, 0xF8, 0x5A, 0xF9, 0x5A, 0x18, 0x5F, 
    0xA6, 0x31, 0xA6, 0x2D, 0xA6, 0x31, 0xCA, 0x35, 0xEC, 0x39, 0xCC, 0x35, 0xEB, 0x35, 0xC9, 0x31, 
    0x0D, 0x3A, 0x31, 0x3E, 0xEA, 0x39, 0xC8, 0x35, 0xE8, 0x35, 0xC8, 0x31, 0xC7, 0x35, 0xA7, 0x31, 
    0xC6, 0x31, 0xA6, 0x2D, 0xC5, 0x31, 0x0C, 0x3A, 0x53, 0x42, 0x33, 0x3E, 0x32, 0x3E, 0x33, 0x3A, 
    0x52, 0x3E, 0x32, 0x3E, 0x30, 0x3E, 0x0F, 0x3E, 0x2F, 0x42, 0x31, 0x3E, 0x53, 0x42, 0x55, 0x42, 
    0x74, 0x42, 0x32, 0x3E, 0x2F, 0x3E, 0x2F, 0x3E, 0x50, 0x46, 0x51, 0x46, 0x71, 0x4A, 0x71, 0x4A, 
    0x71, 0x4A, 0x72, 0x46, 0x95, 0x4A, 0x97, 0x4A, 0xB7, 0x4E, 0xB8, 0x4E, 0xD9, 0x52, 0xDA, 0x52, 
    0xF9, 0x52, 0xDA, 0x52, 0xF9, 0x56, 0xD9, 0x4E, 0xB6, 0x4A, 0x53, 0x42, 0x2E, 0x3E, 0x2F, 0x3E, 
    0x2F, 0x42, 0x0F, 0x42, 0x0D, 0x3E, 0xEC, 0x39, 0x0B, 0x3A, 0xEC, 0x39, 0x0D, 0x3E, 0x30, 0x3E, 
    0x30, 0x42, 0x51, 0x42, 0x72, 0x46, 0x75, 0x46, 0x95, 0x46, 0x96, 0x46, 0x96, 0x4A, 0x96, 0x46, 
    0x73, 0x46, 0x2F, 0x3E, 0xC8, 0x39, 0xA7, 0x35, 0xA6, 0x35, 0xA7, 0x35, 0xA7, 0x35, 0xA8, 0x35, 
    0xA8, 0x35, 0xA8, 0x35, 0xA8, 0x39, 0x89, 0x39, 0xCA, 0x41, 0xED, 0x41, 0x73, 0x4E, 0xCE, 0x39, 
    0x49, 0x29, 0xEE, 0x45, 0xCA, 0x45, 0xA8, 0x49, 0x86, 0x45, 0x66, 0x41, 0x66, 0x41, 0x46, 0x3D, 
    0x45, 0x39, 0x25, 0x35, 0x45, 0x39, 0x25, 0x31, 0x20, 0x00, 0xC1, 0x20, 0xE2, 0x55, 0xA4, 0x45, 
    0xA5, 0x10, 0x86, 0x08, 0xA0, 0x18, 0xE4, 0x4D, 0xC3, 0x4D, 0xA1, 0x18, 0x00, 0x00, 0x41, 0x08, 
    0x48, 0x2D, 0x49, 0x31, 0xCB, 0x3D, 0x69, 0x31, 0x06, 0x25, 0x20, 0x0C, 0x06, 0x25, 0xEE, 0x45, 
    0xEC, 0x49, 0xED, 0x49, 0x91, 0x5A, 0x2F, 0x4A, 0xED, 0x45, 0xA5, 0x18, 0x41, 0x0C, 0xC5, 0x4D, 
    0x65, 0x66, 0x83, 0x14, 0x21, 0x00, 0x63, 0x0C, 0x83, 0x0C, 0x84, 0x10, 0x07, 0x1D, 0xF3, 0x62, 
    0x6C, 0x62, 0x00, 0x0C, 0x46, 0x35, 0x46, 0x39, 0x65, 0x41, 0x66, 0x45, 0xE8, 0x55, 0x2B, 0x62, 
    0x09, 0x5A, 0xEA, 0x55, 0x2A, 0x5E, 0x2C, 0x56, 0x2D, 0x52, 0x6A, 0x31, 0xCC, 0x3D, 0x30, 0x4E, 
    0xB3, 0x5A, 0xF8, 0x5E, 0x3C, 0x63, 0x3C, 0x5F, 0x3C, 0x5F, 0x3C, 0x5F, 0x3B, 0x5F, 0x1B, 0x5B, 
    0x1A, 0x5F, 0xF9, 0x5A, 0xF8, 0x5A, 0xF8, 0x5A, 0xF9, 0x5A, 0xFA, 0x5A, 0x3B, 0x5F, 0x3C, 0x5F, 
    0x7D, 0x63, 0x7E, 0x63, 0x9D, 0x67, 0x9E, 0x67, 0x9E, 0x67, 0x9E, 0x67, 0x9E, 0x67, 0x9E, 0x63, 
    0x7E, 0x63, 0x5D, 0x5F, 0x3C, 0x5F, 0x1C, 0x5B, 0x1A, 0x5B, 0xF8, 0x56, 0xF6, 0x56, 0xD6, 0x56, 
    0xD5, 0x56, 0xD5, 0x56, 0xF5, 0x5A, 0xF6, 0x5A, 0xF6, 0x5E, 0xF7, 0x5A, 0xF6, 0x5A, 0xD7, 0x56, 
    0xD6, 0x56, 0xB6, 0x56, 0xD6, 0x56, 0xB6, 0x56, 0xB3, 0x56, 0xB4, 0x52, 0xD5, 0x56, 0xB5, 0x56, 
    0xB2, 0x56, 0x8F, 0x4E, 0x8E, 0x52, 0x91, 0x52, 0xB3, 0x56, 0xB4, 0x56, 0x92, 0x52, 0x72, 0x4E, 
    0x2C, 0x46, 0x09, 0x42, 0x4A, 0x4A, 0x2C, 0x46, 0xD6, 0x5A, 0xF9, 0x5E, 0xF8, 0x5A, 0xF8, 0x5A, 
    0xF6, 0x5E, 0xD5, 0x56, 0xB3, 0x52, 0x93, 0x4E, 0x92, 0x4E, 0x72, 0x4E, 0x91, 0x4E, 0x71, 0x4E, 
    0x6F, 0x4E, 0x6F, 0x4E, 0x8E, 0x52, 0x8F, 0x52, 0x8D, 0x56, 0x8D, 0x52, 0x8C, 0x52, 0x6B, 0x4E, 
    0x6B, 0x4E, 0x6F, 0x4A, 0x70, 0x4A, 0x70, 0x46, 0x70, 0x46, 0x51, 0x42, 0x70, 0x46, 0x72, 0x46, 
    0x92, 0x4A, 0x93, 0x4A, 0xB3, 0x4E, 0xB4, 0x4E, 0xD4, 0x52, 0xD5, 0x52, 0xD5, 0x56, 0xD6, 0x56, 
    0xF6, 0x56, 0xD7, 0x56, 0xF7, 0x56, 0xD8, 0x56, 0xF8, 0x5A, 0xF8, 0x56, 0x17, 0x5B, 0xF7, 0x5A, 
    0xA7, 0x31, 0xA6, 0x31, 0xA7, 0x31, 0xEB, 0x39, 0xED, 0x39, 0xEB, 0x39, 0xCA, 0x35, 0xC8, 0x35, 
    0xEE, 0x39, 0x2E, 0x3E, 0xC9, 0x35, 0xE8, 0x39, 0xC9, 0x35, 0xC8, 0x35, 0xA7, 0x31, 0xA6, 0x35, 
    0xA7, 0x31, 0xC6, 0x31, 0xA6, 0x31, 0x2C, 0x3E, 0x55, 0x42, 0x55, 0x42, 0x34, 0x3E, 0x33, 0x3E, 
    0x34, 0x3E, 0x53, 0x42, 0x32, 0x3E, 0x10, 0x3E, 0x0F, 0x3E, 0x0F, 0x42, 0x31, 0x42, 0x53, 0x42, 
    0x33, 0x3E, 0x32, 0x42, 0x31, 0x3E, 0x30, 0x42, 0x31, 0x42, 0x71, 0x4A, 0x52, 0x4A, 0x71, 0x4A, 
    0x72, 0x4A, 0x72, 0x4A, 0x76, 0x4A, 0xB7, 0x4E, 0xB8, 0x4E, 0xB8, 0x4E, 0xB9, 0x52, 0xD9, 0x56, 
    0xDA, 0x52, 0xFA, 0x56, 0xDA, 0x56, 0xFA, 0x56, 0xB9, 0x4E, 0x75, 0x4A, 0x30, 0x3E, 0xEB, 0x39, 
    0xCB, 0x39, 0xCB, 0x39, 0xAB, 0x35, 0xA9, 0x35, 0xAA, 0x35, 0xCA, 0x35, 0xCC, 0x35, 0x0D, 0x3A, 
    0xEE, 0x39, 0x0D, 0x3A, 0x2F, 0x3E, 0x71, 0x46, 0x73, 0x42, 0x73, 0x46, 0x53, 0x46, 0x72, 0x46, 
    0x30, 0x42, 0xEB, 0x3D, 0xA8, 0x35, 0xA7, 0x35, 0x88, 0x35, 0xC9, 0x39, 0xAA, 0x35, 0xA9, 0x39, 
    0x89, 0x35, 0xA8, 0x39, 0x89, 0x35, 0xA9, 0x3D, 0xCC, 0x3D, 0x0F, 0x4A, 0x53, 0x4A, 0x8C, 0x35, 
    0x6C, 0x31, 0xCD, 0x45, 0xAB, 0x49, 0x87, 0x49, 0x66, 0x41, 0x65, 0x41, 0x46, 0x3D, 0x45, 0x3D, 
    0x25, 0x39, 0x24, 0x35, 0x26, 0x35, 0x05, 0x2D, 0x00, 0x00, 0x62, 0x41, 0xE5, 0x55, 0xA3, 0x18, 
    0x43, 0x04, 0x00, 0x00, 0x00, 0x00, 0x23, 0x31, 0xE5, 0x55, 0x21, 0x35, 0x01, 0x00, 0x20, 0x04, 
    0x08, 0x25, 0x27, 0x2D, 0x49, 0x31, 0x8A, 0x39, 0xAD, 0x3D, 0x07, 0x25, 0xA5, 0x1C, 0xAB, 0x41, 
    0x0F, 0x4E, 0x0E, 0x4E, 0x72, 0x56, 0x50, 0x52, 0xEE, 0x49, 0xC5, 0x20, 0x01, 0x00, 0x05, 0x56, 
    0x67, 0x6A, 0x42, 0x10, 0x65, 0x0C, 0x84, 0x10, 0x43, 0x08, 0x83, 0x10, 0x23, 0x00, 0xB2, 0x5E, 
    0x8E, 0x62, 0x40, 0x14, 0x27, 0x35, 0x25, 0x39, 0x67, 0x45, 0xA8, 0x51, 0x0A, 0x5A, 0x0A, 0x5E, 
    0xEA, 0x59, 0xE9, 0x59, 0xEA, 0x55, 0x2C, 0x5A, 0x0D, 0x52, 0xAB, 0x3D, 0xAC, 0x3D, 0xCC, 0x41, 
    0x31, 0x52, 0xF7, 0x62, 0x1C, 0x5F, 0x3C, 0x63, 0x3D, 0x5F, 0x3C, 0x63, 0x1C, 0x5F, 0x3B, 0x5F, 
    0x1B, 0x5F, 0x19, 0x5F, 0xD9, 0x5A, 0xF8, 0x5A, 0xD9, 0x5A, 0xF9, 0x5A, 0x1B, 0x5B, 0x3C, 0x5F, 
    0x5D, 0x63, 0x7D, 0x67, 0x7E, 0x63, 0x9E, 0x67, 0x7E, 0x67, 0x9E, 0x67, 0x9E, 0x67, 0x9E, 0x67, 
    0x7E, 0x63, 0x5D, 0x63, 0x3D, 0x5F, 0x3C, 0x5F, 0xFB, 0x5A, 0xF8, 0x5A, 0xD7, 0x56, 0xD6, 0x56, 
    0xB6, 0x56, 0xD5, 0x5A, 0xD5, 0x5A, 0xF5, 0x5A, 0xF6, 0x5A, 0xF6, 0x5A, 0xD7, 0x5A, 0xD6, 0x5A, 
    0xB6, 0x56, 0xB6, 0x56, 0xB7, 0x56, 0xB6, 0x5A, 0x95, 0x56, 0xB5, 0x56, 0xB7, 0x56, 0xD6, 0x5A, 
    0x93, 0x52, 0x90, 0x52, 0x92, 0x52, 0xB3, 0x56, 0x95, 0x56, 0xB5, 0x5A, 0xB6, 0x56, 0xB4, 0x56, 
    0x0D, 0x46, 0x4A, 0x4A, 0x90, 0x52, 0x8F, 0x52, 0x51, 0x4E, 0xD5, 0x5A, 0x95, 0x56, 0x93, 0x52, 
    0x94, 0x52, 0xB4, 0x5A, 0xB5, 0x52, 0x93, 0x52, 0x94, 0x4E, 0x93, 0x52, 0x72, 0x4E, 0x71, 0x4E, 
    0x70, 0x4E, 0x6F, 0x52, 0x6F, 0x52, 0x8E, 0x56, 0x6E, 0x52, 0x6D, 0x56, 0x6C, 0x4E, 0x6B, 0x4E, 
    0x6E, 0x4E, 0x70, 0x4E, 0x71, 0x4A, 0x71, 0x4A, 0x51, 0x46, 0x70, 0x46, 0x51, 0x46, 0x71, 0x4A, 
    0x72, 0x46, 0x91, 0x4A, 0x72, 0x4A, 0x91, 0x4E, 0x92, 0x4E, 0xD3, 0x52, 0xD5, 0x52, 0xD6, 0x56, 
    0xD7, 0x56, 0xD7, 0x56, 0xD8, 0x56, 0xF8, 0x5A, 0xD9, 0x56, 0xF8, 0x5A, 0xF7, 0x5A, 0x17, 0x5F, 
    0xA6, 0x31, 0xA6, 0x2D, 0xC7, 0x35, 0xCA, 0x35, 0xEB, 0x39, 0xCB, 0x35, 0xC8, 0x35, 0xC9, 0x31, 
    0x0C, 0x3A, 0xEA, 0x35, 0xC7, 0x35, 0xC9, 0x35, 0xE9, 0x39, 0xC9, 0x35, 0xC7, 0x35, 0xA8, 0x31, 
    0xC7, 0x35, 0xA7, 0x31, 0xC6, 0x31, 0x0D, 0x3A, 0x75, 0x46, 0x55, 0x42, 0x54, 0x42, 0x34, 0x3E, 
    0x54, 0x42, 0x35, 0x3E, 0x33, 0x42, 0x11, 0x3E, 0x0E, 0x3E, 0x0E, 0x3A, 0x0E, 0x3E, 0x10, 0x3E, 
    0x31, 0x42, 0x32, 0x3E, 0x51, 0x42, 0x31, 0x42, 0x50, 0x42, 0x51, 0x46, 0x71, 0x4A, 0x51, 0x46, 
    0x71, 0x4A, 0x72, 0x46, 0x95, 0x4A, 0x97, 0x4A, 0xB7, 0x4E, 0x97, 0x4A, 0xB8, 0x4E, 0xB9, 0x52, 
    0xD9, 0x56, 0xDA, 0x52, 0xFA, 0x56, 0xFB, 0x56, 0xD9, 0x56, 0x97, 0x4A, 0x52, 0x46, 0xEC, 0x39, 
    0xC9, 0x35, 0x89, 0x31, 0x88, 0x31, 0x88, 0x31, 0x88, 0x31, 0x89, 0x31, 0xAA, 0x35, 0xCB, 0x31, 
    0xCB, 0x35, 0xCB, 0x31, 0xEA, 0x35, 0x0D, 0x3A, 0x4E, 0x42, 0x2F, 0x3E, 0x4F, 0x42, 0x2F, 0x3E, 
    0x0B, 0x3E, 0xA9, 0x39, 0xA7, 0x39, 0x87, 0x35, 0xA8, 0x39, 0xCB, 0x39, 0xCA, 0x39, 0xAA, 0x35, 
    0xA9, 0x39, 0xAA, 0x39, 0xCA, 0x39, 0xCB, 0x39, 0xEC, 0x41, 0x31, 0x4A, 0x73, 0x4E, 0x8D, 0x31, 
    0x8B, 0x31, 0xEE, 0x49, 0xEB, 0x4D, 0x87, 0x45, 0x66, 0x45, 0x66, 0x41, 0x65, 0x41, 0x45, 0x39, 
    0x23, 0x35, 0xE3, 0x2C, 0x04, 0x31, 0xE4, 0x24, 0x60, 0x0C, 0xC4, 0x51, 0xA4, 0x45, 0x24, 0x00, 
    0x63, 0x0C, 0x4A, 0x29, 0xC6, 0x18, 0x22, 0x00, 0xE4, 0x51, 0x82, 0x45, 0x40, 0x0C, 0x01, 0x00, 
    0x28, 0x29, 0x07, 0x25, 0x06, 0x29, 0xEE, 0x45, 0x2F, 0x4A, 0x08, 0x29, 0x62, 0x18, 0xCD, 0x41, 
    0x91, 0x5A, 0x50, 0x52, 0xB2, 0x5E, 0x0F, 0x4A, 0xAB, 0x3D, 0x84, 0x18, 0x00, 0x00, 0xE5, 0x51, 
    0xC7, 0x72, 0xA3, 0x18, 0xA5, 0x14, 0xA5, 0x14, 0x83, 0x0C, 0x22, 0x08, 0x63, 0x08, 0x90, 0x5E, 
    0x8A, 0x66, 0x20, 0x10, 0x47, 0x39, 0x26, 0x39, 0x86, 0x45, 0xC9, 0x51, 0xC8, 0x55, 0xA8, 0x4D, 
    0xE8, 0x55, 0x0B, 0x5E, 0x2B, 0x5E, 0x0B, 0x52, 0x4E, 0x56, 0xCD, 0x41, 0x8A, 0x35, 0xAC, 0x3D, 
    0x92, 0x5A, 0xD6, 0x5E, 0x3B, 0x63, 0x3D, 0x5F, 0x5C, 0x63, 0x3C, 0x5F, 0x3C, 0x5F, 0x1C, 0x5F, 
    0x1A, 0x5F, 0xFA, 0x5A, 0xF8, 0x5A, 0xD9, 0x5A, 0xF9, 0x5A, 0xFA, 0x5A, 0x1B, 0x5B, 0x3C, 0x5F, 
    0x5D, 0x63, 0x5E, 0x63, 0x7D, 0x67, 0x7E, 0x63, 0x9E, 0x67, 0x7E, 0x63, 0x9E, 0x67, 0x7E, 0x63, 
    0x7D, 0x63, 0x5E, 0x5F, 0x5D, 0x63, 0x3C, 0x5B, 0x1A, 0x5B, 0xF9, 0x56, 0xD7, 0x56, 0xB6, 0x52, 
    0xD5, 0x56, 0xD5, 0x56, 0xD5, 0x5A, 0xD6, 0x5A, 0xF5, 0x5A, 0xD6, 0x5A, 0xD6, 0x5A, 0xB6, 0x56, 
    0xD5, 0x56, 0xB6, 0x52, 0xB6, 0x56, 0xB6, 0x56, 0xB5, 0x56, 0xB6, 0x56, 0xD7, 0x5A, 0xD6, 0x56, 
    0xB2, 0x56, 0x92, 0x52, 0xB3, 0x56, 0xB5, 0x52, 0xB5, 0x56, 0xB7, 0x56, 0xD7, 0x5A, 0xD7, 0x56, 
    0xB2, 0x52, 0x4C, 0x4A, 0xD4, 0x5A, 0xB4, 0x56, 0x08, 0x46, 0x2B, 0x46, 0x2A, 0x46, 0x0A, 0x42, 
    0x0A, 0x42, 0x51, 0x4A, 0xB5, 0x56, 0x94, 0x52, 0x93, 0x52, 0x93, 0x4E, 0x92, 0x52, 0x71, 0x4E, 
    0x6F, 0x4E, 0x4F, 0x4E, 0x6F, 0x52, 0x6F, 0x52, 0x8E, 0x52, 0x6D, 0x52, 0x6C, 0x52, 0x6D, 0x4E, 
    0x8F, 0x4E, 0x71, 0x4A, 0x91, 0x4A, 0x52, 0x46, 0x71, 0x46, 0x51, 0x42, 0x71, 0x46, 0x51, 0x42, 
    0x70, 0x46, 0x50, 0x42, 0x6F, 0x46, 0x4F, 0x46, 0x6F, 0x4A, 0x91, 0x4A, 0xD3, 0x52, 0xD5, 0x52, 
    0xD6, 0x56, 0xD7, 0x52, 0xF7, 0x56, 0xD8, 0x56, 0xF7, 0x5A, 0xF7, 0x56, 0xF6, 0x5A, 0xF7, 0x5A, 
    0x87, 0x31, 0xA6, 0x31, 0xA7, 0x31, 0xC8, 0x35, 0xCA, 0x35, 0xC9, 0x35, 0xA8, 0x31, 0xC8, 0x35, 
    0xC9, 0x35, 0xC8, 0x35, 0xC8, 0x35, 0xE9, 0x39, 0xCA, 0x39, 0xC9, 0x39, 0xA8, 0x35, 0xC9, 0x35, 
    0xC9, 0x35, 0xC7, 0x35, 0xA7, 0x31, 0x0C, 0x3E, 0x55, 0x46, 0x55, 0x46, 0x34, 0x42, 0x54, 0x42, 
    0x36, 0x42, 0x55, 0x42, 0x14, 0x3E, 0x11, 0x3E, 0xEF, 0x3D, 0x0D, 0x3E, 0xEE, 0x39, 0x0E, 0x3E, 
    0x10, 0x3E, 0x51, 0x42, 0x32, 0x42, 0x31, 0x42, 0x31, 0x42, 0x50, 0x46, 0x31, 0x42, 0x51, 0x46, 
    0x51, 0x46, 0x51, 0x46, 0x54, 0x46, 0x96, 0x4A, 0x76, 0x4A, 0x95, 0x4E, 0x97, 0x4A, 0xB8, 0x52, 
    0xB9, 0x52, 0xD9, 0x56, 0xDA, 0x56, 0xFB, 0x5A, 0xDA, 0x56, 0xB8, 0x52, 0x75, 0x46, 0x2E, 0x42, 
    0xAA, 0x35, 0x88, 0x31, 0x47, 0x2D, 0x67, 0x31, 0x68, 0x2D, 0x88, 0x31, 0x69, 0x31, 0x88, 0x31, 
    0x8A, 0x31, 0xA9, 0x35, 0xCA, 0x35, 0xEA, 0x39, 0xCB, 0x39, 0x0C, 0x3E, 0xED, 0x39, 0xEB, 0x3D, 
    0xC9, 0x35, 0xA8, 0x39, 0x88, 0x35, 0xA7, 0x39, 0xA9, 0x39, 0xEB, 0x3D, 0xCC, 0x39, 0xCB, 0x3D, 
    0xCB, 0x39, 0xEC, 0x3D, 0xED, 0x3D, 0xED, 0x3D, 0x0F, 0x42, 0x73, 0x4E, 0x55, 0x4E, 0x8D, 0x35, 
    0xCE, 0x3D, 0x2F, 0x52, 0xEC, 0x51, 0xA8, 0x49, 0x67, 0x45, 0x66, 0x45, 0x46, 0x41, 0x44, 0x3D, 
    0x04, 0x35, 0x03, 0x31, 0xE5, 0x30, 0xC3, 0x20, 0xC1, 0x20, 0x29, 0x5E, 0x25, 0x31, 0x01, 0x00, 
    0x64, 0x10, 0x6B, 0x31, 0x85, 0x14, 0x00, 0x00, 0x83, 0x45, 0xA2, 0x4D, 0x41, 0x10, 0x00, 0x00, 
    0xC6, 0x1C, 0x07, 0x29, 0x08, 0x29, 0xED, 0x49, 0x4A, 0x35, 0x62, 0x14, 0x00, 0x0C, 0x69, 0x39, 
    0x2F, 0x52, 0x50, 0x56, 0x93, 0x5E, 0x2F, 0x4E, 0x49, 0x31, 0x62, 0x14, 0x01, 0x00, 0xE5, 0x55, 
    0xE9, 0x76, 0x03, 0x31, 0x03, 0x00, 0x63, 0x0C, 0x43, 0x08, 0x63, 0x10, 0x65, 0x10, 0x8B, 0x66, 
    0x49, 0x62, 0x00, 0x00, 0x48, 0x39, 0x46, 0x41, 0x88, 0x45, 0xE9, 0x55, 0xCA, 0x55, 0xA7, 0x4D, 
    0xA8, 0x51, 0xC9, 0x55, 0xCA, 0x51, 0xCA, 0x4D, 0xCC, 0x45, 0xCC, 0x41, 0x8C, 0x39, 0xAC, 0x41, 
    0x52, 0x56, 0xD6, 0x62, 0x1B, 0x5F, 0x5D, 0x63, 0x3D, 0x63, 0x3C, 0x63, 0x1D, 0x5F, 0x3B, 0x5F, 
    0x1B, 0x5F, 0x1A, 0x5F, 0xFA, 0x5A, 0xF9, 0x5A, 0xD9, 0x5A, 0xFA, 0x5A, 0xFB, 0x5A, 0x3C, 0x5F, 
    0x3E, 0x63, 0x5D, 0x63, 0x5E, 0x63, 0x7E, 0x67, 0x5E, 0x63, 0x7E, 0x67, 0x7E, 0x63, 0x7E, 0x67, 
    0x5E, 0x63, 0x5D, 0x63, 0x3E, 0x63, 0x3C, 0x5F, 0xFB, 0x5A, 0xF9, 0x5A, 0xD7, 0x56, 0xD6, 0x56, 
    0xB6, 0x56, 0xD5, 0x56, 0xD6, 0x56, 0xD5, 0x5A, 0xD6, 0x56, 0xD5, 0x5A, 0xB6, 0x56, 0xB5, 0x56, 
    0xB6, 0x52, 0xB5, 0x56, 0x96, 0x56, 0xB6, 0x56, 0xB6, 0x56, 0xD6, 0x5A, 0xB7, 0x5A, 0xD5, 0x5A, 
    0x93, 0x56, 0xB4, 0x56, 0x95, 0x56, 0xB6, 0x56, 0xB7, 0x56, 0xD7, 0x5A, 0xD8, 0x5A, 0xF8, 0x5E, 
    0xF8, 0x5E, 0x8E, 0x52, 0xD6, 0x5A, 0xB5, 0x5A, 0xE7, 0x41, 0x05, 0x42, 0x2A, 0x46, 0x6E, 0x4E, 
    0x4E, 0x4A, 0x73, 0x52, 0xB7, 0x56, 0xB5, 0x56, 0x94, 0x52, 0x93, 0x52, 0x73, 0x4E, 0x71, 0x4E, 
    0x50, 0x4E, 0x6F, 0x4E, 0x70, 0x4E, 0x8F, 0x52, 0x6F, 0x52, 0x8E, 0x52, 0x6E, 0x4E, 0x6E, 0x52, 
    0x71, 0x4E, 0x93, 0x4E, 0x73, 0x4A, 0x72, 0x46, 0x52, 0x46, 0x51, 0x46, 0x52, 0x46, 0x51, 0x46, 
    0x50, 0x42, 0x4E, 0x42, 0x2E, 0x42, 0x4D, 0x42, 0x2E, 0x42, 0x6F, 0x46, 0x92, 0x4E, 0xD4, 0x56, 
    0xB6, 0x52, 0xD6, 0x56, 0xD7, 0x56, 0xD7, 0x5A, 0xD7, 0x56, 0xF6, 0x5A, 0xD7, 0x5A, 0x17, 0x5F, 
    0xA6, 0x31, 0xA6, 0x2D, 0xC6, 0x31, 0xA7, 0x31, 0xC8, 0x35, 0xA8, 0x31, 0xC7, 0x35, 0xC8, 0x31, 
    0xE7, 0x35, 0xC8, 0x35, 0xE7, 0x35, 0xE9, 0x35, 0xE9, 0x39, 0xC9, 0x35, 0xC7, 0x35, 0xEA, 0x35, 
    0xE9, 0x39, 0xC8, 0x31, 0xC7, 0x35, 0x0C, 0x3A, 0x72, 0x42, 0x54, 0x42, 0x53, 0x42, 0x34, 0x3E, 
    0x55, 0x42, 0x55, 0x3E, 0x53, 0x42, 0x11, 0x3A, 0x0E, 0x3E, 0x0D, 0x3A, 0x0D, 0x3A, 0x0E, 0x3A, 
    0x2F, 0x3E, 0x30, 0x3E, 0x50, 0x42, 0x31, 0x42, 0x50, 0x42, 0x51, 0x42, 0x50, 0x42, 0x51, 0x42, 
    0x50, 0x46, 0x51, 0x42, 0x50, 0x42, 0x73, 0x46, 0x94, 0x4A, 0x95, 0x4A, 0xB6, 0x4A, 0xB8, 0x4A, 
    0xD8, 0x52, 0xB9, 0x52, 0xD9, 0x52, 0xDA, 0x56, 0xF9, 0x56, 0xB8, 0x4E, 0x95, 0x4A, 0x52, 0x42, 
    0x0D, 0x3A, 0x89, 0x2D, 0x66, 0x2D, 0x46, 0x29, 0x66, 0x2D, 0x47, 0x2D, 0x67, 0x2D, 0x68, 0x2D, 
    0x88, 0x31, 0xA9, 0x31, 0xC9, 0x35, 0xCA, 0x35, 0xEA, 0x35, 0xEB, 0x35, 0x0B, 0x3A, 0xEA, 0x35, 
    0xC8, 0x35, 0xA9, 0x35, 0xA8, 0x39, 0xA8, 0x35, 0xC9, 0x39, 0xEC, 0x39, 0xEC, 0x3D, 0xED, 0x39, 
    0x2D, 0x3E, 0x2F, 0x3E, 0x2F, 0x42, 0x2F, 0x3E, 0x51, 0x42, 0x74, 0x4A, 0x53, 0x4A, 0x6C, 0x2D, 
    0xCD, 0x3D, 0xED, 0x45, 0xEB, 0x4D, 0x88, 0x45, 0x86, 0x45, 0x66, 0x41, 0x86, 0x45, 0x67, 0x41, 
    0x65, 0x3D, 0x24, 0x31, 0x03, 0x2D, 0x42, 0x10, 0x01, 0x31, 0x4A, 0x5A, 0xE4, 0x20, 0x01, 0x00, 
    0x62, 0x0C, 0x22, 0x04, 0x41, 0x08, 0x01, 0x00, 0x62, 0x39, 0xC3, 0x51, 0x60, 0x14, 0x00, 0x00, 
    0xA4, 0x18, 0x07, 0x25, 0x48, 0x31, 0x8A, 0x39, 0x8A, 0x39, 0x62, 0x14, 0xC5, 0x1C, 0x8A, 0x39, 
    0xEB, 0x49, 0x4F, 0x52, 0x2F, 0x52, 0x0F, 0x4A, 0x8A, 0x39, 0xA4, 0x18, 0x00, 0x00, 0xC5, 0x4D, 
    0xE7, 0x76, 0xA4, 0x45, 0x02, 0x00, 0x63, 0x0C, 0xA4, 0x10, 0xA5, 0x14, 0x06, 0x25, 0x88, 0x6A, 
    0x23, 0x5A, 0x02, 0x00, 0x88, 0x3D, 0x67, 0x41, 0x86, 0x45, 0xC8, 0x4D, 0xE9, 0x55, 0xC9, 0x51, 
    0x09, 0x5A, 0xC9, 0x55, 0x2B, 0x5E, 0x2D, 0x5A, 0xCB, 0x41, 0xAB, 0x3D, 0x48, 0x2D, 0xEE, 0x41, 
    0x71, 0x56, 0x94, 0x56, 0x1A, 0x5F, 0x3D, 0x5F, 0x5C, 0x63, 0x3D, 0x5F, 0x3C, 0x5F, 0x3C, 0x5B, 
    0x3B, 0x5F, 0x1A, 0x5B, 0xF9, 0x5A, 0xF9, 0x56, 0xF9, 0x5A, 0xFA, 0x56, 0x1B, 0x5B, 0x3C, 0x5F, 
    0x5D, 0x63, 0x5D, 0x5F, 0x7D, 0x63, 0x7E, 0x63, 0x7D, 0x63, 0x7E, 0x63, 0x9E, 0x67, 0x7E, 0x63, 
    0x7D, 0x63, 0x5E, 0x5F, 0x5D, 0x63, 0x3C, 0x5F, 0x1B, 0x5B, 0xF9, 0x56, 0xF7, 0x56, 0xD6, 0x52, 
    0xD5, 0x56, 0xD6, 0x52, 0xF5, 0x56, 0xD5, 0x56, 0xD5, 0x56, 0xD5, 0x52, 0xD5, 0x56, 0xB5, 0x52, 
    0xB5, 0x52, 0xB5, 0x52, 0xB5, 0x52, 0xB5, 0x52, 0xB5, 0x56, 0xB7, 0x56, 0xD6, 0x5A, 0xB5, 0x56, 
    0xB4, 0x56, 0xB5, 0x56, 0xD5, 0x56, 0xB7, 0x56, 0xD7, 0x5A, 0xD8, 0x56, 0xF8, 0x5A, 0xF9, 0x5A, 
    0xF7, 0x5E, 0x6D, 0x4E, 0xD5, 0x5A, 0xF8, 0x5A, 0x4A, 0x46, 0xE4, 0x3D, 0x6C, 0x4A, 0xF6, 0x56, 
    0xF6, 0x5A, 0xD7, 0x56, 0xD6, 0x56, 0xB6, 0x52, 0xB4, 0x52, 0x93, 0x4E, 0x92, 0x4E, 0x71, 0x4E, 
    0x6F, 0x4E, 0x50, 0x4A, 0x6F, 0x4E, 0x70, 0x4E, 0x8F, 0x52, 0x90, 0x4E, 0x8F, 0x52, 0x91, 0x4E, 
    0xB2, 0x52, 0x93, 0x4A, 0x93, 0x4A, 0x73, 0x46, 0x72, 0x46, 0x52, 0x42, 0x71, 0x46, 0x51, 0x42, 
    0x4F, 0x42, 0x2E, 0x3E, 0x2C, 0x3E, 0x2C, 0x3A, 0x4C, 0x3E, 0x4E, 0x42, 0x90, 0x4A, 0xB3, 0x4E, 
    0xD4, 0x52, 0xB5, 0x52, 0xD5, 0x56, 0xD6, 0x52, 0xF5, 0x56, 0xD6, 0x56, 0xF6, 0x5A, 0xF7, 0x5A, 
    0x86, 0x2D, 0xA6, 0x31, 0xA7, 0x31, 0xA7, 0x31, 0xA8, 0x31, 0xC8, 0x35, 0xA8, 0x35, 0xC8, 0x35, 
    0xC8, 0x35, 0xE8, 0x35, 0xC8, 0x35, 0xE8, 0x39, 0xCA, 0x39, 0xC9, 0x35, 0xC9, 0x35, 0x0C, 0x3E, 
    0xEB, 0x35, 0xC8, 0x35, 0xC8, 0x35, 0xEA, 0x39, 0x30, 0x3E, 0x52, 0x42, 0x34, 0x42, 0x54, 0x42, 
    0x56, 0x42, 0x55, 0x46, 0x34, 0x42, 0x32, 0x3E, 0x11, 0x3E, 0x0E, 0x3E, 0xEE, 0x39, 0x0F, 0x3E, 
    0x11, 0x3E, 0x30, 0x42, 0x30, 0x42, 0x51, 0x46, 0x52, 0x46, 0x51, 0x46, 0x31, 0x42, 0x50, 0x46, 
    0x31, 0x42, 0x50, 0x42, 0x30, 0x42, 0x72, 0x46, 0x95, 0x4A, 0xB6, 0x4E, 0x97, 0x4A, 0xB8, 0x4E, 
    0xB9, 0x52, 0xD9, 0x52, 0xBA, 0x52, 0xDA, 0x56, 0xDA, 0x56, 0xB8, 0x52, 0x77, 0x4A, 0x54, 0x46, 
    0x11, 0x3E, 0xCC, 0x39, 0x68, 0x2D, 0x46, 0x2D, 0x26, 0x29, 0x46, 0x2D, 0x47, 0x2D, 0x67, 0x31, 
    0x68, 0x31, 0x88, 0x31, 0xA9, 0x31, 0xC9, 0x35, 0xCA, 0x35, 0xEB, 0x39, 0xCC, 0x39, 0xEB, 0x39, 
    0xCA, 0x35, 0xC9, 0x39, 0xA9, 0x39, 0xA8, 0x39, 0xCB, 0x39, 0x0C, 0x3E, 0xED, 0x3D, 0x2F, 0x42, 
    0x30, 0x42, 0x51, 0x42, 0x32, 0x42, 0x52, 0x46, 0x54, 0x46, 0x75, 0x4E, 0xF1, 0x41, 0x29, 0x29, 
    0x2A, 0x29, 0xCC, 0x45, 0xAA, 0x45, 0x66, 0x41, 0x67, 0x45, 0x87, 0x49, 0x87, 0x45, 0x86, 0x45, 
    0x67, 0x3D, 0x66, 0x3D, 0x05, 0x31, 0x62, 0x10, 0x25, 0x35, 0x2B, 0x5E, 0xC4, 0x1C, 0x42, 0x08, 
    0x00, 0x00, 0x42, 0x08, 0x43, 0x08, 0x01, 0x00, 0x22, 0x35, 0xE3, 0x55, 0xA1, 0x1C, 0x00, 0x00, 
    0x85, 0x14, 0x28, 0x29, 0x29, 0x2D, 0x89, 0x39, 0x8A, 0x39, 0xC4, 0x20, 0x6B, 0x35, 0x0E, 0x4E, 
    0x68, 0x3D, 0xCC, 0x45, 0xCD, 0x45, 0xEE, 0x49, 0xAD, 0x41, 0x07, 0x29, 0x00, 0x00, 0xE7, 0x4D, 
    0xA7, 0x6E, 0x65, 0x66, 0x03, 0x00, 0x84, 0x14, 0x85, 0x14, 0x02, 0x00, 0x65, 0x3D, 0xA7, 0x6E, 
    0xA4, 0x49, 0x64, 0x10, 0x89, 0x41, 0x66, 0x41, 0x66, 0x41, 0xA7, 0x4D, 0xE9, 0x55, 0x0A, 0x5E, 
    0x0B, 0x5E, 0x2B, 0x62, 0x0B, 0x5E, 0xCA, 0x49, 0xAC, 0x3D, 0xCD, 0x45, 0x6B, 0x39, 0xCD, 0x41, 
    0x31, 0x52, 0xB4, 0x5E, 0xFA, 0x5E, 0x5C, 0x63, 0x3D, 0x63, 0x5D, 0x63, 0x3D, 0x5F, 0x3C, 0x5F, 
    0x1C, 0x5B, 0x1A, 0x5B, 0xFA, 0x56, 0xF9, 0x5A, 0xFA, 0x56, 0x1A, 0x5B, 0x1C, 0x5B, 0x3C, 0x5F, 
    0x3D, 0x63, 0x5D, 0x63, 0x5E, 0x63, 0x7D, 0x63, 0x7E, 0x63, 0x7E, 0x67, 0x7E, 0x63, 0x7E, 0x67, 
    0x5E, 0x63, 0x5D, 0x63, 0x3E, 0x5F, 0x3C, 0x5F, 0x1B, 0x5B, 0xF9, 0x56, 0xB7, 0x52, 0xB6, 0x56, 
    0xB6, 0x52, 0xD5, 0x56, 0xD5, 0x56, 0xD5, 0x5A, 0xB5, 0x56, 0xB5, 0x56, 0xB5, 0x52, 0xB5, 0x56, 
    0xB6, 0x52, 0xB5, 0x56, 0xB6, 0x52, 0xB5, 0x56, 0xB6, 0x52, 0xD6, 0x56, 0xB7, 0x56, 0xB6, 0x56, 
    0xB6, 0x56, 0xB6, 0x56, 0xB7, 0x56, 0xD7, 0x5A, 0xB8, 0x5A, 0xD8, 0x5A, 0xD8, 0x5A, 0xF9, 0x5E, 
    0xD7, 0x5A, 0x6D, 0x52, 0x94, 0x56, 0x19, 0x63, 0x70, 0x4E, 0xE2, 0x3D, 0x4E, 0x4A, 0xD4, 0x56, 
    0xD6, 0x5A, 0xD7, 0x5A, 0xD7, 0x56, 0xB6, 0x56, 0x95, 0x52, 0x93, 0x52, 0x72, 0x4E, 0x71, 0x4E, 
    0x50, 0x4A, 0x70, 0x4E, 0x50, 0x4E, 0x90, 0x52, 0x91, 0x52, 0x92, 0x52, 0x92, 0x52, 0xB3, 0x52, 
    0x94, 0x4E, 0x93, 0x4E, 0x74, 0x4A, 0x73, 0x4A, 0x53, 0x46, 0x72, 0x46, 0x52, 0x46, 0x51, 0x46, 
    0x50, 0x42, 0x2E, 0x42, 0x0D, 0x3A, 0x2C, 0x3E, 0x2D, 0x3E, 0x4D, 0x42, 0x70, 0x46, 0x92, 0x4E, 
    0x94, 0x4E, 0xB4, 0x52, 0xB5, 0x52, 0xD5, 0x56, 0xB5, 0x52, 0xF5, 0x5A, 0xD6, 0x5A, 0xF6, 0x5E, 
    0xA5, 0x31, 0x86, 0x2D, 0xA6, 0x31, 0xA7, 0x31, 0xC7, 0x35, 0xA8, 0x31, 0xC8, 0x35, 0xC8, 0x35, 
    0xE8, 0x35, 0xC8, 0x31, 0xC7, 0x35, 0xC9, 0x35, 0xE9, 0x39, 0xC9, 0x35, 0xEA, 0x39, 0x0E, 0x3A, 
    0x0B, 0x3A, 0xCA, 0x35, 0xC8, 0x35, 0xCA, 0x35, 0x2E, 0x3E, 0x31, 0x3E, 0x54, 0x42, 0x56, 0x42, 
    0x75, 0x46, 0x56, 0x42, 0x54, 0x42, 0x33, 0x3E, 0x32, 0x3E, 0x10, 0x3E, 0x2E, 0x3E, 0x11, 0x3E, 
    0x31, 0x3E, 0x30, 0x3E, 0x2F, 0x42, 0x31, 0x42, 0x51, 0x46, 0x52, 0x46, 0x50, 0x46, 0x31, 0x42, 
    0x50, 0x42, 0x31, 0x42, 0x51, 0x46, 0x74, 0x46, 0xB6, 0x4E, 0xB8, 0x4E, 0xD8, 0x4E, 0xB9, 0x4E, 
    0xD8, 0x52, 0xB9, 0x52, 0xD9, 0x52, 0xDA, 0x52, 0xDA, 0x56, 0xB9, 0x4E, 0x96, 0x4A, 0x54, 0x42, 
    0x53, 0x42, 0x10, 0x3A, 0xAA, 0x31, 0x46, 0x29, 0x45, 0x29, 0x26, 0x29, 0x46, 0x2D, 0x47, 0x2D, 
    0x67, 0x31, 0x68, 0x31, 0x88, 0x31, 0xAA, 0x31, 0xCA, 0x35, 0xCB, 0x35, 0xEC, 0x39, 0xCC, 0x39, 
    0xEB, 0x39, 0xCA, 0x39, 0xC8, 0x39, 0xA9, 0x39, 0xEB, 0x3D, 0x0E, 0x3E, 0x2F, 0x42, 0x31, 0x42, 
    0x52, 0x42, 0x53, 0x42, 0x73, 0x42, 0x74, 0x46, 0x95, 0x4A, 0x75, 0x4A, 0x10, 0x42, 0x4A, 0x29, 
    0x07, 0x25, 0xED, 0x49, 0xA9, 0x49, 0x46, 0x3D, 0x87, 0x45, 0x88, 0x49, 0x87, 0x45, 0x66, 0x41, 
    0x45, 0x3D, 0x25, 0x35, 0x45, 0x35, 0x83, 0x14, 0x45, 0x35, 0x2C, 0x5A, 0xA3, 0x1C, 0x00, 0x00, 
    0x20, 0x04, 0x43, 0x08, 0xA4, 0x10, 0x01, 0x00, 0x42, 0x35, 0xC3, 0x51, 0xE2, 0x28, 0x00, 0x00, 
    0xA4, 0x18, 0x07, 0x25, 0x47, 0x2D, 0x27, 0x2D, 0x05, 0x29, 0xC4, 0x20, 0xC3, 0x20, 0x06, 0x29, 
    0xE4, 0x28, 0x49, 0x35, 0x0E, 0x4A, 0xEE, 0x45, 0x0E, 0x4A, 0x28, 0x29, 0x00, 0x00, 0x25, 0x31, 
    0x66, 0x66, 0xC7, 0x76, 0xC5, 0x49, 0x03, 0x00, 0x03, 0x00, 0xA4, 0x18, 0x67, 0x62, 0x86, 0x6A, 
    0x22, 0x35, 0xA5, 0x1C, 0xA9, 0x49, 0x88, 0x45, 0x65, 0x41, 0xA8, 0x49, 0x0A, 0x5A, 0x0B, 0x5E, 
    0x0A, 0x5E, 0x0B, 0x5E, 0x6C, 0x66, 0x2D, 0x5A, 0x89, 0x39, 0x30, 0x4E, 0x0E, 0x4A, 0x8B, 0x39, 
    0x2F, 0x4E, 0xB4, 0x5A, 0xF7, 0x5A, 0x3D, 0x63, 0x5C, 0x63, 0x3D, 0x5F, 0x3C, 0x63, 0x3C, 0x5F, 
    0x1B, 0x5F, 0xFB, 0x5A, 0xF9, 0x56, 0xD9, 0x56, 0xF9, 0x5A, 0xFB, 0x56, 0x3B, 0x5B, 0x3D, 0x5F, 
    0x5D, 0x63, 0x5D, 0x63, 0x7D, 0x63, 0x5E, 0x63, 0x7D, 0x63, 0x7E, 0x63, 0x9E, 0x67, 0x7E, 0x63, 
    0x7D, 0x63, 0x5E, 0x63, 0x5D, 0x63, 0x3C, 0x5F, 0x1B, 0x5B, 0xD9, 0x52, 0xD6, 0x52, 0xB6, 0x52, 
    0xD5, 0x52, 0xB6, 0x52, 0xD5, 0x56, 0xD5, 0x56, 0xD4, 0x56, 0xB5, 0x52, 0xB5, 0x56, 0xB6, 0x52, 
    0xD5, 0x56, 0xB6, 0x52, 0xB6, 0x56, 0xB6, 0x52, 0xB6, 0x56, 0xB7, 0x56, 0xD7, 0x5A, 0xB7, 0x56, 
    0xD7, 0x5A, 0xB6, 0x56, 0xD6, 0x56, 0xB7, 0x56, 0xD7, 0x5A, 0xD8, 0x5A, 0xF8, 0x5A, 0xF9, 0x5A, 
    0xD5, 0x5A, 0x8F, 0x52, 0xB4, 0x56, 0xF9, 0x5E, 0x91, 0x4E, 0xE3, 0x3D, 0x27, 0x42, 0x0A, 0x42, 
    0x4D, 0x4A, 0x93, 0x52, 0xD7, 0x5A, 0xB7, 0x56, 0xB4, 0x52, 0x93, 0x4E, 0x91, 0x4E, 0x51, 0x4E, 
    0x70, 0x4E, 0x50, 0x4A, 0x70, 0x4E, 0x72, 0x4E, 0x92, 0x52, 0x94, 0x52, 0xB4, 0x56, 0xB5, 0x52, 
    0xB4, 0x52, 0x94, 0x4A, 0x93, 0x4A, 0x73, 0x46, 0x73, 0x46, 0x53, 0x46, 0x72, 0x46, 0x51, 0x42, 
    0x50, 0x42, 0x2F, 0x3E, 0x4D, 0x3E, 0x2D, 0x3E, 0x2C, 0x3E, 0x4E, 0x42, 0x70, 0x46, 0x92, 0x4A, 
    0xB3, 0x4E, 0xB4, 0x4E, 0xB4, 0x52, 0xB5, 0x4E, 0xD4, 0x56, 0xD6, 0x56, 0xF6, 0x5A, 0xF7, 0x5A, 
    0x86, 0x2D, 0xA6, 0x31, 0xA7, 0x31, 0xA7, 0x31, 0xA8, 0x31, 0xA8, 0x35, 0xA8, 0x35, 0xC7, 0x35, 
    0xC8, 0x35, 0xC7, 0x35, 0xA8, 0x31, 0xC8, 0x39, 0xC9, 0x35, 0xC9, 0x35, 0xEC, 0x39, 0x2E, 0x3E, 
    0xED, 0x39, 0xEA, 0x39, 0xC9, 0x35, 0xE9, 0x35, 0xEC, 0x39, 0x30, 0x42, 0x56, 0x46, 0x76, 0x4A, 
    0x57, 0x46, 0x76, 0x46, 0x34, 0x42, 0x54, 0x42, 0x34, 0x42, 0x32, 0x42, 0x10, 0x3E, 0x30, 0x42, 
    0x33, 0x3E, 0x32, 0x42, 0x31, 0x42, 0x30, 0x42, 0x31, 0x42, 0x50, 0x46, 0x30, 0x46, 0x30, 0x46, 
    0x31, 0x42, 0x52, 0x46, 0x75, 0x46, 0xB8, 0x4E, 0xDA, 0x52, 0xFA, 0x56, 0xDA, 0x52, 0xD9, 0x52, 
    0xDA, 0x52, 0xD9, 0x52, 0xDA, 0x52, 0xDA, 0x56, 0xDB, 0x56, 0xB8, 0x52, 0x77, 0x4A, 0x54, 0x46, 
    0x34, 0x42, 0x32, 0x42, 0xAC, 0x35, 0x46, 0x2D, 0x26, 0x29, 0x26, 0x2D, 0x27, 0x29, 0x47, 0x2D, 
    0x48, 0x2D, 0x68, 0x31, 0x69, 0x31, 0xA9, 0x35, 0xAB, 0x35, 0xCB, 0x39, 0xCC, 0x39, 0xCC, 0x3D, 
    0xCD, 0x39, 0xCB, 0x3D, 0xA9, 0x39, 0xC9, 0x3D, 0xED, 0x3D, 0x2F, 0x42, 0x31, 0x42, 0x52, 0x46, 
    0x54, 0x46, 0x74, 0x46, 0x54, 0x46, 0x95, 0x4A, 0x97, 0x4A, 0x75, 0x4E, 0xF1, 0x41, 0x09, 0x25, 
    0x4A, 0x2D, 0x2E, 0x52, 0xAA, 0x45, 0x67, 0x41, 0x68, 0x45, 0x87, 0x49, 0x67, 0x45, 0x66, 0x45, 
    0x46, 0x3D, 0x04, 0x35, 0x05, 0x31, 0xA3, 0x1C, 0x24, 0x31, 0x27, 0x5E, 0x08, 0x29, 0xC6, 0x18, 
    0x23, 0x08, 0x22, 0x08, 0x23, 0x08, 0x01, 0x00, 0x43, 0x3D, 0xC3, 0x55, 0xE3, 0x28, 0x00, 0x00, 
    0xA5, 0x18, 0x27, 0x29, 0x28, 0x2D, 0x48, 0x31, 0x49, 0x35, 0x06, 0x2D, 0x41, 0x10, 0x00, 0x0C, 
    0x08, 0x29, 0x71, 0x56, 0x30, 0x4E, 0x0E, 0x4A, 0x0F, 0x4A, 0xAB, 0x3D, 0x63, 0x14, 0x21, 0x0C, 
    0x84, 0x49, 0xC6, 0x76, 0xC8, 0x72, 0x06, 0x52, 0xA6, 0x45, 0x67, 0x62, 0xA8, 0x6E, 0x24, 0x5E, 
    0x63, 0x18, 0x27, 0x31, 0x68, 0x41, 0x88, 0x49, 0x88, 0x49, 0xC9, 0x55, 0x0C, 0x5E, 0x6C, 0x66, 
    0x4D, 0x66, 0x2B, 0x5E, 0xA9, 0x51, 0xEB, 0x51, 0xCD, 0x45, 0xAB, 0x3D, 0x08, 0x29, 0xCD, 0x45, 
    0x31, 0x52, 0x93, 0x5A, 0xB7, 0x5A, 0x3C, 0x63, 0x3D, 0x63, 0x5D, 0x63, 0x3D, 0x5F, 0x3C, 0x63, 
    0x1C, 0x5B, 0xFA, 0x5A, 0xDA, 0x56, 0xF9, 0x56, 0xFA, 0x56, 0x1B, 0x5B, 0x1C, 0x5B, 0x3C, 0x63, 
    0x3E, 0x63, 0x5D, 0x63, 0x5E, 0x63, 0x7E, 0x67, 0x7E, 0x63, 0x7E, 0x67, 0x7F, 0x67, 0x7E, 0x67, 
    0x5E, 0x63, 0x5D, 0x63, 0x3E, 0x5F, 0x3C, 0x5F, 0xFB, 0x5A, 0xD8, 0x56, 0xB7, 0x52, 0xB5, 0x52, 
    0xB5, 0x52, 0xD5, 0x56, 0xD5, 0x56, 0xD4, 0x56, 0xB5, 0x56, 0xB5, 0x56, 0xB6, 0x56, 0xB6, 0x56, 
    0xB7, 0x56, 0xD7, 0x56, 0xB7, 0x56, 0xB7, 0x56, 0xB7, 0x56, 0xD8, 0x5A, 0xB9, 0x56, 0xD8, 0x5A, 
    0xB8, 0x5A, 0xD7, 0x5A, 0xB7, 0x56, 0xD7, 0x5A, 0xD8, 0x5A, 0xD8, 0x5E, 0xD9, 0x5A, 0xF9, 0x5E, 
    0xB4, 0x5A, 0xB1, 0x5A, 0xF8, 0x5E, 0x1A, 0x63, 0x93, 0x52, 0x04, 0x42, 0x06, 0x42, 0x28, 0x46, 
    0x2B, 0x46, 0x4F, 0x4A, 0xB6, 0x56, 0xD7, 0x5A, 0xB6, 0x56, 0x93, 0x52, 0x72, 0x4E, 0x70, 0x4E, 
    0x51, 0x4A, 0x70, 0x4E, 0x51, 0x4E, 0x92, 0x52, 0x94, 0x52, 0xB5, 0x52, 0x96, 0x52, 0xB6, 0x52, 
    0x96, 0x4E, 0x94, 0x4E, 0x74, 0x4A, 0x74, 0x4A, 0x54, 0x46, 0x53, 0x46, 0x53, 0x42, 0x51, 0x46, 
    0x31, 0x42, 0x50, 0x42, 0x2F, 0x3E, 0x2E, 0x42, 0x2E, 0x3E, 0x4F, 0x46, 0x71, 0x46, 0x92, 0x4E, 
    0x93, 0x4E, 0xB3, 0x4E, 0x94, 0x4E, 0xB4, 0x52, 0xB5, 0x52, 0xD5, 0x5A, 0xD6, 0x5A, 0xF6, 0x5E, 
    0xA6, 0x31, 0xA7, 0x2D, 0xC7, 0x31, 0xA7, 0x31, 0xC7, 0x31, 0xA8, 0x31, 0xC7, 0x35, 0xC7, 0x31, 
    0xC7, 0x35, 0xC7, 0x31, 0xC7, 0x35, 0xC8, 0x35, 0xE9, 0x35, 0xEB, 0x35, 0x0D, 0x3E, 0x2F, 0x3E, 
    0x2E, 0x3E, 0x0C, 0x3A, 0xEA, 0x35, 0xEA, 0x35, 0x0B, 0x3A, 0x30, 0x3E, 0x75, 0x46, 0x77, 0x46, 
    0x96, 0x4A, 0x56, 0x42, 0x54, 0x42, 0x54, 0x3E, 0x54, 0x42, 0x33, 0x3E, 0x2F, 0x3E, 0x10, 0x3A, 
    0x31, 0x3E, 0x32, 0x3E, 0x52, 0x42, 0x52, 0x42, 0x50, 0x46, 0x30, 0x42, 0x2F, 0x46, 0x30, 0x42, 
    0x73, 0x46, 0x75, 0x46, 0xB7, 0x4A, 0xDA, 0x4E, 0x1B, 0x57, 0xFC, 0x56, 0x1A, 0x57, 0xDA, 0x52, 
    0xF9, 0x52, 0xDA, 0x52, 0xFA, 0x56, 0xDA, 0x56, 0xD9, 0x52, 0xB8, 0x4A, 0x75, 0x46, 0x54, 0x42, 
    0x53, 0x42, 0x12, 0x3E, 0xCC, 0x35, 0x46, 0x29, 0x45, 0x29, 0x25, 0x25, 0x46, 0x29, 0x27, 0x29, 
    0x47, 0x2D, 0x48, 0x2D, 0x68, 0x31, 0x8A, 0x31, 0xCA, 0x35, 0xAB, 0x35, 0xCC, 0x39, 0xCD, 0x39, 
    0xEC, 0x3D, 0xCB, 0x39, 0xC9, 0x39, 0xCA, 0x39, 0x2E, 0x42, 0x31, 0x42, 0x51, 0x42, 0x74, 0x42, 
    0x94, 0x46, 0x75, 0x46, 0x94, 0x46, 0x96, 0x4A, 0xB7, 0x4E, 0x76, 0x4E, 0x10, 0x42, 0x29, 0x25, 
    0x0E, 0x42, 0x2E, 0x52, 0xA8, 0x45, 0xA8, 0x45, 0x86, 0x45, 0x46, 0x3D, 0x66, 0x41, 0x66, 0x3D, 
    0x44, 0x39, 0x04, 0x31, 0x24, 0x31, 0xA3, 0x1C, 0xE1, 0x28, 0x05, 0x5A, 0x67, 0x35, 0xE8, 0x18, 
    0x63, 0x0C, 0x21, 0x00, 0x41, 0x04, 0x01, 0x00, 0xA3, 0x49, 0xC2, 0x4D, 0xC1, 0x20, 0x00, 0x00, 
    0xC4, 0x1C, 0x07, 0x25, 0x48, 0x31, 0x69, 0x35, 0x0C, 0x4A, 0x69, 0x31, 0x81, 0x1C, 0xA3, 0x1C, 
    0xED, 0x45, 0x2F, 0x4E, 0x0D, 0x4A, 0x30, 0x4E, 0x2F, 0x4E, 0x0E, 0x46, 0x06, 0x25, 0x01, 0x00, 
    0xE2, 0x28, 0x44, 0x62, 0xE6, 0x76, 0xC7, 0x72, 0xC6, 0x6E, 0xA7, 0x6E, 0x85, 0x6A, 0x42, 0x3D, 
    0xC5, 0x18, 0x48, 0x31, 0x87, 0x45, 0x88, 0x45, 0xA7, 0x4D, 0x0A, 0x56, 0x4B, 0x62, 0x4C, 0x62, 
    0x4B, 0x62, 0x4C, 0x62, 0x09, 0x56, 0x0D, 0x52, 0x6F, 0x56, 0xCD, 0x41, 0x49, 0x31, 0xEE, 0x45, 
    0xF5, 0x66, 0x94, 0x5A, 0xD6, 0x5A, 0x3C, 0x5F, 0x5C, 0x63, 0x3D, 0x5F, 0x5C, 0x63, 0x3C, 0x5F, 
    0x1B, 0x5B, 0xFA, 0x56, 0xF9, 0x56, 0xD9, 0x52, 0xF9, 0x56, 0xFB, 0x56, 0x3B, 0x5B, 0x3D, 0x5F, 
    0x5D, 0x63, 0x5E, 0x5F, 0x7D, 0x63, 0x7E, 0x63, 0x7E, 0x63, 0x7E, 0x63, 0x9E, 0x67, 0x7E, 0x63, 
    0x7D, 0x63, 0x5D, 0x5F, 0x5C, 0x5F, 0x1C, 0x5B, 0x1A, 0x57, 0xD8, 0x52, 0xD5, 0x52, 0xB5, 0x4E, 
    0xB4, 0x52, 0xB5, 0x52, 0xD4, 0x56, 0xD4, 0x52, 0xD4, 0x56, 0xB5, 0x52, 0xD5, 0x56, 0xB6, 0x52, 
    0xD6, 0x56, 0xD7, 0x56, 0xD7, 0x56, 0xD7, 0x56, 0xD7, 0x56, 0xD8, 0x56, 0xD8, 0x5A, 0xD9, 0x56, 
    0xD8, 0x5A, 0xD7, 0x56, 0xD7, 0x5A, 0xD8, 0x56, 0xD8, 0x5A, 0xD9, 0x5A, 0xF8, 0x5A, 0xF8, 0x5A, 
    0xD4, 0x5A, 0xB4, 0x56, 0x19, 0x63, 0x3B, 0x63, 0xB3, 0x56, 0x06, 0x42, 0x26, 0x42, 0x4D, 0x4A, 
    0xB1, 0x52, 0x93, 0x4E, 0xD6, 0x56, 0xD7, 0x56, 0xD5, 0x56, 0x93, 0x52, 0x91, 0x52, 0x51, 0x4A, 
    0x70, 0x4E, 0x51, 0x4A, 0x71, 0x4E, 0x72, 0x4E, 0xB3, 0x52, 0x95, 0x4E, 0xB6, 0x52, 0xB7, 0x52, 
    0xB6, 0x52, 0x95, 0x4A, 0x94, 0x4A, 0x74, 0x46, 0x73, 0x46, 0x53, 0x42, 0x72, 0x46, 0x51, 0x42, 
    0x50, 0x42, 0x50, 0x3E, 0x4F, 0x42, 0x4F, 0x3E, 0x4F, 0x42, 0x50, 0x42, 0x70, 0x46, 0x92, 0x4A, 
    0xB3, 0x4E, 0x93, 0x4A, 0xB3, 0x4E, 0x93, 0x4E, 0xD4, 0x52, 0xD5, 0x56, 0xF6, 0x5A, 0xF7, 0x5A, 
    0x87, 0x31, 0xA7, 0x31, 0xA8, 0x31, 0xA7, 0x35, 0xA8, 0x31, 0xC8, 0x35, 0xA8, 0x31, 0xC8, 0x35, 
    0xC8, 0x35, 0xE8, 0x35, 0xC8, 0x35, 0xC8, 0x35, 0xCB, 0x35, 0x0C, 0x3E, 0x0E, 0x3A, 0x2F, 0x42, 
    0x32, 0x42, 0x30, 0x42, 0xED, 0x39, 0xEB, 0x39, 0xEC, 0x35, 0x2F, 0x3E, 0x54, 0x42, 0x96, 0x4A, 
    0x77, 0x46, 0x75, 0x46, 0x34, 0x42, 0x54, 0x42, 0x55, 0x42, 0x32, 0x42, 0x10, 0x3E, 0x0F, 0x3E, 
    0x11, 0x3E, 0x33, 0x42, 0x54, 0x42, 0x54, 0x46, 0x53, 0x42, 0x50, 0x46, 0x30, 0x46, 0x50, 0x46, 
    0x55, 0x46, 0x97, 0x4A, 0x98, 0x4A, 0xD9, 0x52, 0xFB, 0x56, 0x1B, 0x57, 0xFB, 0x56, 0xFA, 0x56, 
    0xDA, 0x52, 0xDA, 0x52, 0xDA, 0x52, 0xDA, 0x56, 0xB9, 0x4E, 0x96, 0x4A, 0x54, 0x46, 0x53, 0x42, 
    0x33, 0x42, 0x31, 0x3E, 0xCD, 0x35, 0x67, 0x2D, 0x46, 0x29, 0x46, 0x29, 0x26, 0x29, 0x26, 0x2D, 
    0x27, 0x2D, 0x47, 0x31, 0x48, 0x2D, 0x89, 0x31, 0x8A, 0x35, 0xAB, 0x35, 0xAC, 0x35, 0xCC, 0x39, 
    0xCD, 0x39, 0xCB, 0x3D, 0xAA, 0x39, 0xEB, 0x41, 0x30, 0x42, 0x52, 0x46, 0x53, 0x46, 0x95, 0x4A, 
    0x76, 0x46, 0x96, 0x4A, 0x96, 0x4A, 0xB7, 0x4E, 0xB8, 0x4E, 0x96, 0x52, 0xCF, 0x39, 0x4A, 0x2D, 
    0x30, 0x4A, 0x2E, 0x52, 0x89, 0x45, 0xA8, 0x49, 0x67, 0x41, 0x65, 0x41, 0x67, 0x41, 0x66, 0x41, 
    0x46, 0x39, 0x25, 0x39, 0x05, 0x35, 0xC4, 0x24, 0x80, 0x18, 0x04, 0x5A, 0x44, 0x39, 0x01, 0x00, 
    0x01, 0x00, 0x21, 0x04, 0x22, 0x04, 0x62, 0x10, 0xE4, 0x55, 0xA2, 0x49, 0x41, 0x0C, 0x20, 0x04, 
    0xC6, 0x1C, 0x28, 0x2D, 0x29, 0x2D, 0x06, 0x29, 0xE6, 0x24, 0xC4, 0x20, 0x82, 0x18, 0x27, 0x2D, 
    0x8A, 0x39, 0xED, 0x45, 0x0F, 0x4A, 0x50, 0x52, 0x30, 0x4E, 0x0E, 0x4A, 0x6A, 0x35, 0x41, 0x10, 
    0x21, 0x04, 0x02, 0x35, 0x45, 0x62, 0xC6, 0x72, 0xA6, 0x6A, 0x64, 0x6A, 0x82, 0x49, 0x62, 0x0C, 
    0xE6, 0x20, 0x67, 0x39, 0x68, 0x41, 0x87, 0x49, 0xA9, 0x4D, 0xEA, 0x59, 0x4D, 0x66, 0x8C, 0x6A, 
    0x6D, 0x66, 0x4B, 0x66, 0x4D, 0x62, 0x0B, 0x52, 0x0D, 0x4E, 0x69, 0x35, 0xC7, 0x20, 0xAB, 0x3D, 
    0xB3, 0x5E, 0xF6, 0x66, 0xB6, 0x5A, 0x1B, 0x63, 0x3D, 0x5F, 0x3C, 0x63, 0x3D, 0x5F, 0x3C, 0x5F, 
    0xFB, 0x5A, 0xFA, 0x56, 0xDA, 0x52, 0xF9, 0x56, 0xFA, 0x56, 0x1B, 0x5B, 0x1C, 0x5B, 0x3C, 0x5F, 
    0x3E, 0x63, 0x5D, 0x63, 0x5E, 0x63, 0x7E, 0x63, 0x7E, 0x63, 0x9E, 0x67, 0x7E, 0x63, 0x7E, 0x67, 
    0x5E, 0x63, 0x5D, 0x63, 0x3D, 0x5F, 0x1C, 0x5F, 0xFA, 0x56, 0xD7, 0x52, 0xB6, 0x4E, 0xB4, 0x52, 
    0xB4, 0x52, 0xD4, 0x56, 0xB4, 0x52, 0xD4, 0x56, 0xB5, 0x52, 0xD5, 0x56, 0xB6, 0x52, 0xD6, 0x56, 
    0xB7, 0x56, 0xD7, 0x56, 0xD8, 0x56, 0xD8, 0x5A, 0xD9, 0x5A, 0xD8, 0x5A, 0xD9, 0x5A, 0xD8, 0x5A, 
    0xD9, 0x5A, 0xD7, 0x5A, 0xD8, 0x56, 0xD8, 0x5A, 0xD9, 0x5A, 0xF9, 0x5A, 0xF9, 0x5A, 0xF8, 0x5E, 
    0xD5, 0x5A, 0xF8, 0x5E, 0x1A, 0x5F, 0x3B, 0x63, 0x93, 0x52, 0x29, 0x46, 0x07, 0x42, 0x4B, 0x4A, 
    0xB2, 0x52, 0xD5, 0x5A, 0xB7, 0x56, 0xD7, 0x5A, 0xB6, 0x56, 0xB3, 0x56, 0x72, 0x4E, 0x71, 0x4E, 
    0x51, 0x4E, 0x71, 0x4E, 0x52, 0x4A, 0x92, 0x4E, 0x94, 0x4E, 0xB5, 0x52, 0xB7, 0x52, 0xD7, 0x56, 
    0xB7, 0x52, 0xB6, 0x4E, 0x95, 0x4A, 0x95, 0x4A, 0x75, 0x46, 0x73, 0x46, 0x53, 0x42, 0x52, 0x46, 
    0x52, 0x42, 0x51, 0x42, 0x31, 0x3E, 0x4F, 0x42, 0x30, 0x3E, 0x50, 0x46, 0x72, 0x46, 0x92, 0x4A, 
    0x93, 0x4A, 0x93, 0x4E, 0x93, 0x4A, 0x93, 0x4E, 0xB5, 0x52, 0xF5, 0x5A, 0xF6, 0x5A, 0xF6, 0x5E, 
    0xA7, 0x31, 0xA7, 0x31, 0xC8, 0x35, 0xA8, 0x31, 0xC8, 0x31, 0xA8, 0x31, 0xC7, 0x35, 0xC8, 0x35, 
    0xE9, 0x39, 0xCA, 0x35, 0xE9, 0x35, 0xC9, 0x35, 0xEB, 0x39, 0x0D, 0x3A, 0x0C, 0x3A, 0x52, 0x3E, 
    0x75, 0x42, 0x33, 0x42, 0x2F, 0x3E, 0xEC, 0x39, 0x0B, 0x3A, 0x2F, 0x3E, 0x73, 0x42, 0x76, 0x46, 
    0x96, 0x46, 0x54, 0x42, 0x53, 0x42, 0x55, 0x42, 0x75, 0x42, 0x33, 0x3E, 0x30, 0x3E, 0x0F, 0x3A, 
    0x2F, 0x3E, 0x33, 0x3E, 0x54, 0x42, 0x55, 0x42, 0x74, 0x46, 0x52, 0x46, 0x50, 0x4A, 0x51, 0x46, 
    0x73, 0x46, 0x77, 0x46, 0xB8, 0x4E, 0xB9, 0x4E, 0xDA, 0x52, 0xDB, 0x52, 0xFB, 0x56, 0xDB, 0x52, 
    0xFA, 0x52, 0xDA, 0x52, 0xF9, 0x56, 0xB9, 0x4E, 0xB6, 0x4E, 0x75, 0x46, 0x52, 0x42, 0x31, 0x42, 
    0x31, 0x42, 0x11, 0x3E, 0xED, 0x39, 0x89, 0x2D, 0x67, 0x2D, 0x26, 0x29, 0x25, 0x29, 0x06, 0x25, 
    0x26, 0x2D, 0x27, 0x29, 0x47, 0x2D, 0x48, 0x2D, 0x89, 0x31, 0x8B, 0x31, 0xAB, 0x35, 0xAC, 0x35, 
    0xCB, 0x39, 0xAB, 0x39, 0xCA, 0x3D, 0x0D, 0x42, 0x51, 0x46, 0x52, 0x42, 0x74, 0x46, 0x97, 0x4A, 
    0xB7, 0x4A, 0x97, 0x4A, 0xB6, 0x4E, 0xB8, 0x4E, 0xD9, 0x52, 0x97, 0x52, 0xF0, 0x41, 0x2A, 0x29, 
    0x2F, 0x4A, 0xED, 0x49, 0xCA, 0x49, 0xA9, 0x45, 0xA8, 0x49, 0x87, 0x45, 0x86, 0x45, 0x45, 0x3D, 
    0x24, 0x39, 0x04, 0x31, 0x04, 0x31, 0xE5, 0x28, 0x20, 0x00, 0xC3, 0x4D, 0xE3, 0x4D, 0x01, 0x00, 
    0x22, 0x04, 0x21, 0x04, 0x01, 0x00, 0x43, 0x39, 0x23, 0x5E, 0x22, 0x35, 0x00, 0x00, 0x42, 0x0C, 
    0x07, 0x25, 0x08, 0x29, 0x28, 0x2D, 0x48, 0x31, 0xA2, 0x1C, 0xA3, 0x1C, 0x41, 0x0C, 0x84, 0x18, 
    0xAB, 0x41, 0x50, 0x52, 0x8A, 0x3D, 0x0F, 0x4A, 0x50, 0x52, 0x30, 0x4E, 0x0E, 0x46, 0xC5, 0x1C, 
    0x61, 0x14, 0x02, 0x00, 0xE2, 0x28, 0xA3, 0x49, 0xC3, 0x4D, 0x22, 0x31, 0x62, 0x14, 0xA5, 0x1C, 
    0xE5, 0x24, 0x06, 0x2D, 0x87, 0x45, 0xCA, 0x51, 0xE9, 0x55, 0x2C, 0x5E, 0x6C, 0x66, 0x8E, 0x6A, 
    0x8C, 0x6A, 0x0B, 0x5A, 0x4D, 0x62, 0x2F, 0x56, 0xCA, 0x41, 0xCD, 0x41, 0x49, 0x31, 0xEE, 0x45, 
    0x71, 0x56, 0xD5, 0x5E, 0x93, 0x56, 0xFA, 0x5A, 0x3C, 0x63, 0x3D, 0x5F, 0x3C, 0x5F, 0x1C, 0x5B, 
    0x1B, 0x5B, 0xFA, 0x56, 0xF9, 0x56, 0xD9, 0x52, 0xF9, 0x56, 0xFB, 0x56, 0x3C, 0x5F, 0x3D, 0x5F, 
    0x5D, 0x63, 0x5E, 0x63, 0x7D, 0x63, 0x7E, 0x63, 0x7E, 0x67, 0x7E, 0x63, 0x7E, 0x67, 0x7E, 0x63, 
    0x5D, 0x63, 0x3D, 0x5F, 0x3C, 0x5F, 0x1B, 0x5B, 0xF9, 0x56, 0xB8, 0x52, 0xB5, 0x52, 0xB5, 0x4E, 
    0xD4, 0x52, 0xB4, 0x52, 0xB3, 0x52, 0xB4, 0x52, 0xD4, 0x56, 0xB5, 0x52, 0xD5, 0x56, 0xB7, 0x52, 
    0xD7, 0x56, 0xD7, 0x56, 0xD7, 0x5A, 0xD8, 0x56, 0xF8, 0x5A, 0xD9, 0x5A, 0xD8, 0x5A, 0xD9, 0x5A, 
    0xF8, 0x5A, 0xD8, 0x56, 0xD7, 0x5A, 0xD8, 0x5A, 0xF8, 0x5A, 0xD9, 0x5A, 0xF9, 0x5A, 0xF9, 0x5A, 
    0xF7, 0x5E, 0x1A, 0x5F, 0x3B, 0x63, 0x1B, 0x5F, 0x92, 0x52, 0x6F, 0x4E, 0x4A, 0x46, 0x08, 0x42, 
    0x4B, 0x4A, 0x71, 0x4E, 0xD5, 0x56, 0xD7, 0x5A, 0xD5, 0x5A, 0x93, 0x52, 0x91, 0x52, 0x72, 0x4E, 
    0x71, 0x4E, 0x71, 0x4A, 0x71, 0x4E, 0x73, 0x4E, 0x94, 0x4E, 0x96, 0x4E, 0xB7, 0x52, 0xB8, 0x52, 
    0xD7, 0x52, 0xB7, 0x4E, 0xD7, 0x52, 0xB7, 0x4E, 0xD6, 0x4E, 0xB6, 0x4A, 0xB4, 0x4A, 0x73, 0x46, 
    0x73, 0x46, 0x53, 0x42, 0x52, 0x42, 0x31, 0x3E, 0x50, 0x42, 0x51, 0x42, 0x71, 0x46, 0x71, 0x46, 
    0x92, 0x4A, 0x93, 0x4A, 0x92, 0x4A, 0x93, 0x4E, 0xD4, 0x52, 0xD6, 0x56, 0xF6, 0x5A, 0xF7, 0x5A, 
    0xAA, 0x35, 0xA8, 0x35, 0xA9, 0x35, 0xCA, 0x39, 0xA9, 0x31, 0xA8, 0x35, 0xA9, 0x35, 0xC9, 0x39, 
    0xEB, 0x39, 0xEA, 0x39, 0xCA, 0x35, 0xEA, 0x39, 0xED, 0x39, 0x0D, 0x3E, 0x0E, 0x3E, 0x53, 0x46, 
    0x57, 0x46, 0x33, 0x42, 0x10, 0x3E, 0x0D, 0x3E, 0xEC, 0x39, 0x2E, 0x3E, 0x52, 0x42, 0x74, 0x46, 
    0x75, 0x46, 0x52, 0x46, 0x53, 0x42, 0x55, 0x46, 0x55, 0x42, 0x53, 0x42, 0x11, 0x3E, 0x10, 0x3E, 
    0x10, 0x3E, 0x31, 0x42, 0x34, 0x42, 0x55, 0x46, 0x55, 0x42, 0x54, 0x46, 0x53, 0x46, 0x51, 0x4A, 
    0x32, 0x46, 0x75, 0x46, 0x78, 0x4A, 0x98, 0x4E, 0x99, 0x4E, 0xDA, 0x52, 0xBB, 0x52, 0xDA, 0x56, 
    0xDA, 0x52, 0xD9, 0x56, 0xDA, 0x52, 0xB7, 0x4E, 0x75, 0x46, 0x52, 0x46, 0x30, 0x42, 0x2F, 0x42, 
    0x10, 0x42, 0x0F, 0x3E, 0xCC, 0x35, 0x89, 0x31, 0x68, 0x2D, 0x46, 0x2D, 0x06, 0x29, 0x05, 0x29, 
    0x06, 0x29, 0x26, 0x2D, 0x27, 0x2D, 0x48, 0x31, 0x49, 0x31, 0x6A, 0x35, 0x6B, 0x35, 0x8B, 0x39, 
    0x8C, 0x39, 0xAB, 0x3D, 0xAC, 0x3D, 0x2F, 0x4A, 0x53, 0x4A, 0x53, 0x4A, 0x75, 0x4A, 0xB7, 0x4E, 
    0x98, 0x4E, 0xB7, 0x4E, 0xB8, 0x4E, 0xD8, 0x52, 0xDA, 0x56, 0x76, 0x52, 0xD0, 0x3D, 0x29, 0x29, 
    0xEE, 0x41, 0xEC, 0x49, 0xCB, 0x49, 0xEA, 0x4D, 0xA9, 0x49, 0xA8, 0x49, 0x67, 0x41, 0x66, 0x41, 
    0x25, 0x39, 0x03, 0x31, 0x04, 0x31, 0x25, 0x35, 0x01, 0x00, 0x62, 0x3D, 0x06, 0x5E, 0x65, 0x3D, 
    0x04, 0x00, 0x00, 0x00, 0x04, 0x29, 0x24, 0x5A, 0xC3, 0x55, 0xA1, 0x20, 0x00, 0x00, 0xA4, 0x18, 
    0x29, 0x29, 0x49, 0x31, 0x29, 0x2D, 0xCC, 0x45, 0x28, 0x31, 0x82, 0x18, 0x01, 0x08, 0x00, 0x08, 
    0x8B, 0x3D, 0xCC, 0x45, 0xAD, 0x41, 0x0E, 0x4A, 0x0F, 0x4A, 0x30, 0x52, 0x30, 0x4E, 0x8B, 0x3D, 
    0x49, 0x31, 0x62, 0x14, 0x22, 0x08, 0x42, 0x08, 0x63, 0x10, 0x83, 0x18, 0x84, 0x18, 0xA3, 0x1C, 
    0x06, 0x2D, 0x47, 0x3D, 0x88, 0x45, 0xA9, 0x4D, 0xC9, 0x51, 0xE9, 0x59, 0x4D, 0x66, 0xCF, 0x72, 
    0xAF, 0x72, 0x0B, 0x5E, 0x0C, 0x5A, 0x6F, 0x5E, 0xED, 0x49, 0x4F, 0x56, 0xAC, 0x3D, 0xCD, 0x45, 
    0x72, 0x56, 0xD5, 0x62, 0x74, 0x56, 0xF9, 0x5E, 0x1D, 0x5F, 0x3C, 0x63, 0x1C, 0x5F, 0x1B, 0x5F, 
    0xFB, 0x56, 0xFA, 0x56, 0xDA, 0x52, 0xD9, 0x56, 0xDA, 0x56, 0x1B, 0x5B, 0x1C, 0x5B, 0x3D, 0x63, 
    0x3E, 0x63, 0x5E, 0x63, 0x5E, 0x63, 0x7E, 0x67, 0x7E, 0x63, 0x7E, 0x67, 0x5E, 0x63, 0x5E, 0x63, 
    0x3E, 0x63, 0x3D, 0x5F, 0x1C, 0x5B, 0xFB, 0x5A, 0xD9, 0x56, 0xB8, 0x52, 0xB6, 0x52, 0xB4, 0x52, 
    0xB4, 0x52, 0xB3, 0x52, 0x93, 0x52, 0xB3, 0x52, 0xB5, 0x52, 0xB5, 0x56, 0xB6, 0x52, 0xB6, 0x56, 
    0xB7, 0x56, 0xD7, 0x5A, 0xB8, 0x56, 0xD8, 0x5A, 0xD9, 0x5A, 0xD9, 0x5E, 0xD9, 0x5A, 0xD9, 0x5A, 
    0xD8, 0x5A, 0xD7, 0x5A, 0xB8, 0x56, 0xD8, 0x5A, 0xD9, 0x5A, 0xF9, 0x5E, 0xFA, 0x5A, 0xFA, 0x5E, 
    0xFA, 0x5E, 0x1B, 0x63, 0x1C, 0x63, 0x1A, 0x63, 0x72, 0x4E, 0xB4, 0x5A, 0x4F, 0x4E, 0x28, 0x46, 
    0x2B, 0x46, 0x4D, 0x4A, 0x73, 0x4E, 0xD7, 0x5A, 0xB6, 0x5A, 0x93, 0x56, 0x72, 0x52, 0x72, 0x52, 
    0x52, 0x4E, 0x71, 0x4E, 0x52, 0x4E, 0x73, 0x4E, 0x75, 0x4E, 0xB6, 0x52, 0xB7, 0x52, 0xD8, 0x56, 
    0xD9, 0x56, 0xF9, 0x56, 0xFA, 0x56, 0xF9, 0x5A, 0xFA, 0x56, 0xF9, 0x56, 0xD8, 0x52, 0xB6, 0x4A, 
    0x75, 0x46, 0x74, 0x46, 0x54, 0x42, 0x53, 0x46, 0x31, 0x42, 0x50, 0x42, 0x31, 0x42, 0x51, 0x46, 
    0x52, 0x46, 0x92, 0x4A, 0x73, 0x4A, 0x93, 0x4E, 0xB5, 0x52, 0xD5, 0x5A, 0xD6, 0x5A, 0xF6, 0x5E, 
    0xCA, 0x35, 0xA8, 0x31, 0xE9, 0x35, 0xEB, 0x35, 0xC8, 0x31, 0xA8, 0x31, 0xE8, 0x35, 0xEB, 0x39, 
    0x0A, 0x3A, 0xEA, 0x35, 0xEA, 0x39, 0xEC, 0x39, 0x0D, 0x3A, 0x0E, 0x3A, 0x2F, 0x3E, 0x53, 0x42, 
    0x75, 0x46, 0x11, 0x3E, 0x2E, 0x3E, 0x0E, 0x3A, 0x0B, 0x3A, 0x0C, 0x3A, 0x4F, 0x3E, 0x52, 0x3E, 
    0x73, 0x42, 0x51, 0x3E, 0x52, 0x42, 0x75, 0x42, 0x74, 0x46, 0x53, 0x3E, 0x31, 0x3E, 0x31, 0x3E, 
    0x30, 0x3E, 0x30, 0x3E, 0x52, 0x46, 0x54, 0x42, 0x74, 0x46, 0x75, 0x42, 0x74, 0x46, 0x52, 0x42, 
    0x50, 0x46, 0x54, 0x42, 0x76, 0x46, 0x77, 0x46, 0x98, 0x4A, 0xB9, 0x4E, 0xD9, 0x52, 0xDA, 0x4E, 
    0xD9, 0x52, 0xD9, 0x4E, 0xD8, 0x4E, 0x96, 0x46, 0x74, 0x46, 0x31, 0x3E, 0x2E, 0x3E, 0x0D, 0x3A, 
    0x0C, 0x3E, 0xEC, 0x39, 0xC9, 0x35, 0x88, 0x2D, 0x67, 0x2D, 0x47, 0x29, 0x46, 0x29, 0x06, 0x25, 
    0x25, 0x29, 0x06, 0x29, 0x46, 0x29, 0x47, 0x29, 0x68, 0x31, 0x6A, 0x31, 0x69, 0x31, 0x6A, 0x31, 
    0xAA, 0x39, 0xAA, 0x39, 0xEC, 0x41, 0x30, 0x46, 0x72, 0x4A, 0x73, 0x4A, 0xB5, 0x4E, 0xB8, 0x4E, 
    0xD8, 0x4E, 0xB8, 0x4E, 0xD8, 0x4E, 0xD9, 0x52, 0xFA, 0x56, 0x55, 0x4A, 0xEF, 0x3D, 0x29, 0x25, 
    0x2F, 0x46, 0x0E, 0x4A, 0xCA, 0x49, 0x88, 0x3D, 0x66, 0x3D, 0x66, 0x3D, 0xA7, 0x45, 0x87, 0x41, 
    0x44, 0x39, 0xE3, 0x2C, 0x24, 0x35, 0x46, 0x39, 0x82, 0x14, 0xA1, 0x1C, 0xE4, 0x55, 0x26, 0x5A, 
    0xC4, 0x49, 0xC5, 0x49, 0x45, 0x5A, 0x23, 0x5A, 0x61, 0x41, 0x00, 0x00, 0x20, 0x00, 0x07, 0x25, 
    0x28, 0x29, 0x49, 0x29, 0x89, 0x35, 0xED, 0x41, 0xCB, 0x41, 0x20, 0x0C, 0x20, 0x04, 0x01, 0x04, 
    0x8A, 0x39, 0xAB, 0x3D, 0x8A, 0x39, 0xCD, 0x41, 0x0D, 0x46, 0x30, 0x4A, 0x70, 0x52, 0x30, 0x4E, 
    0x2F, 0x4E, 0x48, 0x31, 0xC3, 0x1C, 0x83, 0x14, 0xA2, 0x18, 0x83, 0x18, 0xC4, 0x20, 0x05, 0x29, 
    0x46, 0x39, 0x88, 0x41, 0xC9, 0x4D, 0xA8, 0x49, 0xE9, 0x55, 0x2B, 0x5E, 0x4B, 0x62, 0xCF, 0x72, 
    0xCD, 0x6E, 0x6D, 0x66, 0x4B, 0x5E, 0xEC, 0x4D, 0xB1, 0x62, 0xF4, 0x6A, 0x70, 0x56, 0xED, 0x45, 
    0xF4, 0x62, 0xB4, 0x5A, 0xB4, 0x5A, 0xF9, 0x5E, 0x3C, 0x5F, 0x1C, 0x5B, 0x3B, 0x5F, 0x1B, 0x57, 
    0x1A, 0x57, 0xFA, 0x52, 0xF9, 0x56, 0xFA, 0x52, 0x1A, 0x57, 0x1B, 0x57, 0x3C, 0x5F, 0x3D, 0x5F, 
    0x5D, 0x63, 0x5E, 0x63, 0x7D, 0x63, 0x7E, 0x63, 0x7E, 0x63, 0x7E, 0x63, 0x7D, 0x63, 0x5D, 0x5F, 
    0x5D, 0x5F, 0x1C, 0x5B, 0x1B, 0x5B, 0xFA, 0x56, 0xD8, 0x56, 0xB8, 0x4E, 0xD6, 0x52, 0xB4, 0x4E, 
    0xD2, 0x52, 0xB2, 0x4E, 0xB1, 0x52, 0xB2, 0x4E, 0xD4, 0x56, 0xB5, 0x52, 0xD5, 0x52, 0xB6, 0x52, 
    0xD6, 0x56, 0xD7, 0x56, 0xD7, 0x56, 0xD8, 0x56, 0xF8, 0x5A, 0xD9, 0x56, 0xF8, 0x5A, 0xD8, 0x56, 
    0xF7, 0x5A, 0xD7, 0x52, 0xD6, 0x56, 0xD8, 0x56, 0xF8, 0x5A, 0xF9, 0x5A, 0x19, 0x5F, 0xFA, 0x5A, 
    0x3B, 0x5F, 0x1C, 0x5F, 0x3B, 0x63, 0x1A, 0x5F, 0x93, 0x52, 0xD7, 0x56, 0xB2, 0x56, 0x29, 0x42, 
    0x6D, 0x4A, 0x70, 0x4A, 0x70, 0x4A, 0xB6, 0x56, 0xD5, 0x5A, 0x93, 0x52, 0x92, 0x52, 0x72, 0x4E, 
    0x71, 0x4E, 0x72, 0x4A, 0x72, 0x4E, 0x73, 0x4E, 0x94, 0x4E, 0x96, 0x4E, 0xB7, 0x52, 0xD9, 0x52, 
    0xF9, 0x56, 0x1B, 0x57, 0x3B, 0x5B, 0x1C, 0x5B, 0x3B, 0x5F, 0x1B, 0x5B, 0x1A, 0x5B, 0xD8, 0x4E, 
    0xB5, 0x46, 0x74, 0x42, 0x74, 0x46, 0x74, 0x42, 0x71, 0x42, 0x30, 0x3E, 0x50, 0x42, 0x50, 0x42, 
    0x70, 0x46, 0x71, 0x46, 0x91, 0x4A, 0x92, 0x4A, 0xD3, 0x52, 0xD5, 0x56, 0xF5, 0x5A, 0xF7, 0x5A, 
    0xCB, 0x39, 0xCA, 0x35, 0xCB, 0x35, 0xEB, 0x39, 0xCA, 0x35, 0xC8, 0x35, 0xCA, 0x39, 0x0C, 0x3E, 
    0xEC, 0x39, 0xEA, 0x39, 0xEB, 0x39, 0x0C, 0x3A, 0xED, 0x39, 0x0F, 0x3E, 0x31, 0x3E, 0x52, 0x42, 
    0x33, 0x42, 0x10, 0x3E, 0x10, 0x3E, 0x2E, 0x3E, 0x0C, 0x3A, 0x0B, 0x3A, 0x0D, 0x3A, 0x50, 0x42, 
    0x53, 0x42, 0x51, 0x42, 0x31, 0x46, 0x72, 0x46, 0x54, 0x46, 0x52, 0x42, 0x11, 0x3E, 0x31, 0x42, 
    0x32, 0x3E, 0x31, 0x46, 0x32, 0x42, 0x53, 0x46, 0x55, 0x46, 0x75, 0x46, 0x55, 0x46, 0x53, 0x46, 
    0x32, 0x42, 0x54, 0x46, 0x57, 0x42, 0x77, 0x4A, 0x99, 0x4A, 0xDA, 0x52, 0xDB, 0x52, 0xDA, 0x52, 
    0xDA, 0x52, 0xD9, 0x52, 0x98, 0x4A, 0x95, 0x4A, 0x54, 0x42, 0x31, 0x42, 0x0E, 0x3E, 0xEC, 0x3D, 
    0xCB, 0x39, 0xC9, 0x35, 0xA8, 0x31, 0x87, 0x31, 0x67, 0x2D, 0x47, 0x2D, 0x27, 0x29, 0x26, 0x29, 
    0x07, 0x29, 0x27, 0x2D, 0x27, 0x29, 0x47, 0x2D, 0x48, 0x2D, 0x69, 0x31, 0x49, 0x31, 0x48, 0x31, 
    0x6A, 0x35, 0x8A, 0x39, 0xCD, 0x41, 0x30, 0x4A, 0x53, 0x4A, 0x73, 0x4E, 0xB6, 0x4E, 0xD8, 0x52, 
    0xB9, 0x52, 0xD8, 0x52, 0xD9, 0x52, 0xFA, 0x56, 0xFB, 0x5A, 0x54, 0x4E, 0x8D, 0x31, 0x07, 0x21, 
    0x29, 0x29, 0xCC, 0x45, 0x69, 0x3D, 0x67, 0x3D, 0x25, 0x35, 0x45, 0x39, 0x47, 0x3D, 0x45, 0x39, 
    0x04, 0x31, 0x04, 0x35, 0x26, 0x39, 0x46, 0x3D, 0xE5, 0x24, 0x00, 0x00, 0x22, 0x39, 0x03, 0x56, 
    0x24, 0x5A, 0x24, 0x5E, 0x03, 0x5A, 0xC1, 0x4D, 0x81, 0x1C, 0x00, 0x00, 0x63, 0x10, 0x8A, 0x35, 
    0x4A, 0x2D, 0x49, 0x31, 0x49, 0x2D, 0xAB, 0x3D, 0xAC, 0x41, 0x83, 0x18, 0x01, 0x04, 0x42, 0x0C, 
    0xC6, 0x20, 0x89, 0x39, 0xAC, 0x41, 0x8B, 0x3D, 0xEF, 0x45, 0x50, 0x52, 0x52, 0x52, 0x30, 0x52, 
    0x30, 0x4E, 0x2F, 0x4E, 0x49, 0x35, 0x47, 0x35, 0xE5, 0x28, 0xE4, 0x2C, 0xC5, 0x28, 0x25, 0x31, 
    0x47, 0x39, 0xEA, 0x4D, 0xCA, 0x51, 0xC9, 0x51, 0x0B, 0x5A, 0x4C, 0x62, 0x6E, 0x6A, 0x6C, 0x6A, 
    0x6D, 0x6A, 0x6C, 0x66, 0xEB, 0x55, 0x4E, 0x5E, 0x91, 0x5E, 0x0D, 0x4A, 0xCD, 0x45, 0x51, 0x56, 
    0x72, 0x5A, 0x71, 0x56, 0x94, 0x56, 0xF8, 0x5E, 0x1C, 0x5F, 0x1B, 0x5F, 0x1C, 0x5B, 0x1B, 0x5B, 
    0xFB, 0x56, 0xF9, 0x56, 0xDA, 0x56, 0xFA, 0x56, 0xFB, 0x56, 0x1B, 0x5B, 0x1D, 0x5F, 0x3D, 0x63, 
    0x3E, 0x63, 0x5D, 0x63, 0x5E, 0x63, 0x7D, 0x67, 0x5E, 0x63, 0x7E, 0x63, 0x5E, 0x63, 0x5D, 0x63, 
    0x3D, 0x5F, 0x1C, 0x5B, 0xFB, 0x56, 0xF9, 0x56, 0xB9, 0x52, 0xD7, 0x52, 0xB6, 0x52, 0xD4, 0x52, 
    0x92, 0x4E, 0x91, 0x52, 0x92, 0x4E, 0xB2, 0x52, 0xB4, 0x52, 0xD5, 0x56, 0xB6, 0x52, 0xD6, 0x56, 
    0xB7, 0x56, 0xD7, 0x56, 0xB8, 0x56, 0xD8, 0x5A, 0xD9, 0x5A, 0xF8, 0x5A, 0xD9, 0x56, 0xD8, 0x5A, 
    0xD8, 0x56, 0xD6, 0x56, 0xB7, 0x56, 0xD7, 0x56, 0xD9, 0x56, 0xF9, 0x5A, 0xFA, 0x5A, 0x1B, 0x5F, 
    0x1C, 0x5F, 0x3C, 0x63, 0x1C, 0x63, 0x1A, 0x5F, 0x96, 0x52, 0xF8, 0x5E, 0xB5, 0x56, 0x4A, 0x46, 
    0x70, 0x4E, 0xB4, 0x56, 0x95, 0x52, 0xB6, 0x5A, 0xB6, 0x56, 0xB3, 0x56, 0x93, 0x52, 0x92, 0x52, 
    0x72, 0x4E, 0x72, 0x52, 0x73, 0x4E, 0x93, 0x52, 0x75, 0x4E, 0x96, 0x52, 0xB8, 0x52, 0xF9, 0x5A, 
    0xFB, 0x5A, 0x3C, 0x5F, 0x3D, 0x5F, 0x5D, 0x63, 0x3D, 0x63, 0x5C, 0x63, 0x1C, 0x5F, 0x1A, 0x5B, 
    0xD8, 0x4E, 0x95, 0x46, 0x75, 0x42, 0x74, 0x46, 0x54, 0x42, 0x30, 0x42, 0x30, 0x3E, 0x50, 0x42, 
    0x31, 0x42, 0x70, 0x46, 0x51, 0x46, 0x91, 0x4A, 0xB4, 0x52, 0xD5, 0x56, 0xD6, 0x5A, 0xF6, 0x5E, 
    0x0D, 0x3E, 0x0E, 0x3E, 0x0D, 0x3A, 0xEE, 0x39, 0xEB, 0x35, 0xC9, 0x31, 0xEA, 0x39, 0x0C, 0x3E, 
    0x0B, 0x3A, 0xCA, 0x35, 0xEB, 0x39, 0xEC, 0x39, 0x0D, 0x3A, 0x10, 0x3E, 0x2F, 0x3E, 0x30, 0x3E, 
    0x51, 0x42, 0x31, 0x3E, 0x30, 0x42, 0x2F, 0x3E, 0x2C, 0x3E, 0x0C, 0x3A, 0x2C, 0x3E, 0x31, 0x3E, 
    0x52, 0x42, 0x52, 0x42, 0x50, 0x46, 0x51, 0x42, 0x72, 0x46, 0x53, 0x42, 0x31, 0x42, 0x12, 0x3E, 
    0x52, 0x42, 0x54, 0x42, 0x53, 0x46, 0x54, 0x42, 0x74, 0x46, 0x55, 0x42, 0x74, 0x46, 0x54, 0x42, 
    0x53, 0x42, 0x76, 0x46, 0x97, 0x4A, 0x98, 0x4A, 0xB9, 0x52, 0xDB, 0x52, 0xFB, 0x56, 0xDB, 0x52, 
    0xDA, 0x52, 0xB9, 0x4E, 0x96, 0x4A, 0x74, 0x42, 0x52, 0x42, 0x11, 0x3E, 0x0D, 0x3E, 0xEC, 0x39, 
    0xEA, 0x39, 0xA9, 0x31, 0xA7, 0x31, 0x88, 0x31, 0x87, 0x31, 0x47, 0x2D, 0x47, 0x2D, 0x27, 0x29, 
    0x47, 0x2D, 0x48, 0x2D, 0x68, 0x31, 0x48, 0x2D, 0x68, 0x31, 0x48, 0x31, 0x47, 0x31, 0x48, 0x2D, 
    0x68, 0x35, 0x6A, 0x35, 0xCC, 0x41, 0x31, 0x4A, 0x72, 0x4E, 0x74, 0x4E, 0xB6, 0x52, 0xD9, 0x52, 
    0xD9, 0x56, 0xD9, 0x52, 0xF8, 0x52, 0xFA, 0x56, 0x1B, 0x5B, 0x55, 0x4E, 0xAC, 0x35, 0xC6, 0x1C, 
    0x28, 0x2D, 0xCC, 0x41, 0x68, 0x3D, 0x26, 0x35, 0x25, 0x35, 0x46, 0x39, 0x24, 0x39, 0xE3, 0x30, 
    0x03, 0x31, 0x25, 0x35, 0x24, 0x39, 0x26, 0x35, 0x25, 0x31, 0x62, 0x0C, 0x20, 0x04, 0x41, 0x39, 
    0xE3, 0x51, 0xE3, 0x51, 0x82, 0x45, 0xA1, 0x1C, 0x00, 0x00, 0x21, 0x08, 0x27, 0x29, 0xAD, 0x3D, 
    0x8A, 0x35, 0x6A, 0x31, 0x06, 0x25, 0x69, 0x31, 0xCB, 0x41, 0xE6, 0x24, 0x00, 0x00, 0x01, 0x00, 
    0xC5, 0x20, 0x8B, 0x3D, 0xED, 0x49, 0x50, 0x4E, 0x2F, 0x4E, 0x30, 0x4E, 0x50, 0x52, 0x51, 0x52, 
    0x71, 0x56, 0x50, 0x4E, 0x50, 0x56, 0xEC, 0x49, 0x88, 0x41, 0x47, 0x39, 0x46, 0x35, 0x68, 0x39, 
    0x46, 0x39, 0x47, 0x39, 0xC9, 0x4D, 0xA9, 0x4D, 0xE9, 0x55, 0x0B, 0x5A, 0x6D, 0x66, 0x4C, 0x62, 
    0xE9, 0x55, 0x0B, 0x5A, 0x4D, 0x5E, 0xB1, 0x6A, 0x0D, 0x52, 0xE6, 0x24, 0x48, 0x31, 0xCD, 0x45, 
    0x50, 0x52, 0x72, 0x56, 0x93, 0x56, 0xD8, 0x5E, 0x1B, 0x5F, 0x1C, 0x5B, 0x1B, 0x5B, 0xFB, 0x56, 
    0xFA, 0x56, 0xFA, 0x56, 0xFA, 0x56, 0xFB, 0x56, 0x1B, 0x5B, 0x1C, 0x5B, 0x3C, 0x5F, 0x3D, 0x5F, 
    0x3C, 0x5F, 0x3D, 0x5F, 0x5D, 0x63, 0x5E, 0x63, 0x7D, 0x63, 0x5E, 0x63, 0x5D, 0x63, 0x3D, 0x5F, 
    0x3C, 0x5F, 0xFB, 0x56, 0xFA, 0x56, 0xD9, 0x52, 0xD8, 0x52, 0xB7, 0x4E, 0xD5, 0x52, 0xB3, 0x4E, 
    0xB1, 0x4E, 0x92, 0x4E, 0xB1, 0x52, 0x93, 0x4E, 0xB3, 0x56, 0xB5, 0x52, 0xD5, 0x56, 0xB6, 0x52, 
    0xD6, 0x56, 0xD7, 0x56, 0xD7, 0x5A, 0xD8, 0x56, 0xF8, 0x5A, 0xD9, 0x56, 0xD8, 0x5A, 0xD8, 0x56, 
    0xD6, 0x56, 0xB6, 0x52, 0xB6, 0x56, 0xD8, 0x56, 0xD8, 0x5A, 0xDA, 0x5A, 0xFA, 0x5E, 0x1B, 0x5F, 
    0x3C, 0x63, 0x1D, 0x63, 0x3C, 0x63, 0xFB, 0x5E, 0xD8, 0x5A, 0xF9, 0x5A, 0xD5, 0x5A, 0x4C, 0x4A, 
    0x6D, 0x4A, 0xB4, 0x56, 0xD6, 0x5A, 0xB6, 0x56, 0xD5, 0x5A, 0x94, 0x56, 0x93, 0x56, 0x93, 0x52, 
    0x92, 0x52, 0x73, 0x4E, 0x93, 0x4E, 0x73, 0x4E, 0x94, 0x4E, 0x96, 0x4E, 0xD8, 0x56, 0xFA, 0x5A, 
    0x3B, 0x5F, 0x3D, 0x63, 0x5D, 0x67, 0x5E, 0x67, 0x7D, 0x67, 0x5E, 0x67, 0x5C, 0x63, 0x3C, 0x5F, 
    0x1A, 0x57, 0xB7, 0x4A, 0x75, 0x46, 0x75, 0x42, 0x74, 0x46, 0x52, 0x3E, 0x30, 0x3E, 0x30, 0x3E, 
    0x50, 0x42, 0x50, 0x42, 0x4F, 0x42, 0x71, 0x46, 0xB3, 0x4E, 0xB5, 0x52, 0xF6, 0x5A, 0xF7, 0x5A, 
    0x30, 0x42, 0x51, 0x42, 0x10, 0x3E, 0x31, 0x3E, 0xEF, 0x39, 0xEA, 0x39, 0xEB, 0x39, 0x0C, 0x3E, 
    0xEC, 0x39, 0xEA, 0x39, 0xCB, 0x35, 0xEC, 0x39, 0x0F, 0x3E, 0x2F, 0x3E, 0x0F, 0x3E, 0x2F, 0x3E, 
    0x30, 0x3E, 0x52, 0x42, 0x33, 0x42, 0x2F, 0x42, 0x0E, 0x3E, 0x0C, 0x3E, 0x0E, 0x3E, 0x52, 0x42, 
    0x53, 0x42, 0x52, 0x46, 0x31, 0x42, 0x50, 0x46, 0x52, 0x46, 0x73, 0x46, 0x53, 0x42, 0x31, 0x42, 
    0x12, 0x3E, 0x53, 0x42, 0x55, 0x46, 0x55, 0x46, 0x56, 0x42, 0x75, 0x46, 0x55, 0x42, 0x53, 0x42, 
    0x54, 0x42, 0x77, 0x4A, 0x99, 0x4E, 0xB9, 0x52, 0xBB, 0x52, 0xFB, 0x5A, 0xFC, 0x56, 0xFB, 0x56, 
    0xBB, 0x52, 0xB8, 0x4E, 0x77, 0x46, 0x53, 0x42, 0x10, 0x3E, 0x0E, 0x3E, 0xCC, 0x39, 0xEC, 0x39, 
    0xCB, 0x35, 0xC9, 0x35, 0x88, 0x31, 0xA8, 0x35, 0x88, 0x31, 0x88, 0x35, 0x68, 0x31, 0x68, 0x31, 
    0x49, 0x2D, 0x89, 0x35, 0xAB, 0x35, 0x8A, 0x35, 0x69, 0x31, 0x68, 0x35, 0x48, 0x31, 0x47, 0x31, 
    0x28, 0x31, 0x69, 0x39, 0xAC, 0x3D, 0x0F, 0x4A, 0x31, 0x4A, 0x73, 0x52, 0xB7, 0x52, 0xD8, 0x56, 
    0xDA, 0x56, 0xD9, 0x56, 0xD9, 0x52, 0x1B, 0x5B, 0xFC, 0x5E, 0x75, 0x52, 0x8D, 0x35, 0xE6, 0x20, 
    0x09, 0x29, 0xED, 0x45, 0xAB, 0x41, 0x47, 0x39, 0x26, 0x39, 0x04, 0x35, 0x05, 0x31, 0x04, 0x35, 
    0x25, 0x35, 0x25, 0x39, 0x26, 0x39, 0x46, 0x39, 0x06, 0x31, 0xC3, 0x20, 0x42, 0x0C, 0x21, 0x0C, 
    0xA2, 0x20, 0xC1, 0x24, 0x42, 0x10, 0x00, 0x00, 0x63, 0x10, 0x49, 0x2D, 0x8C, 0x39, 0xEE, 0x45, 
    0x6B, 0x35, 0x49, 0x31, 0x4A, 0x31, 0x48, 0x31, 0x8B, 0x3D, 0x28, 0x2D, 0x00, 0x00, 0x21, 0x04, 
    0xC6, 0x20, 0x69, 0x39, 0x30, 0x52, 0x71, 0x56, 0xCE, 0x45, 0x72, 0x56, 0x31, 0x4E, 0x50, 0x52, 
    0x94, 0x5E, 0x50, 0x52, 0x94, 0x5E, 0x0E, 0x52, 0xCB, 0x49, 0x89, 0x45, 0x89, 0x41, 0xA9, 0x49, 
    0x0D, 0x52, 0x67, 0x3D, 0x68, 0x45, 0xEA, 0x55, 0xEA, 0x55, 0x0B, 0x5E, 0x0B, 0x5E, 0x6D, 0x66, 
    0x0B, 0x5A, 0x0B, 0x5A, 0xCB, 0x51, 0xF3, 0x6E, 0xD4, 0x6A, 0x8A, 0x3D, 0x28, 0x2D, 0xCD, 0x45, 
    0x93, 0x5A, 0x51, 0x52, 0x73, 0x56, 0xD7, 0x62, 0xFB, 0x5E, 0x1B, 0x5B, 0xFB, 0x56, 0xFA, 0x5A, 
    0xDA, 0x56, 0xFA, 0x5A, 0xFB, 0x56, 0x1C, 0x5B, 0x1D, 0x5F, 0x3D, 0x5F, 0x1D, 0x5F, 0x3C, 0x5F, 
    0x1D, 0x5F, 0x3C, 0x5F, 0x3D, 0x5F, 0x3D, 0x63, 0x3E, 0x63, 0x5D, 0x63, 0x3D, 0x5F, 0x3C, 0x5F, 
    0xFC, 0x5A, 0xFA, 0x5A, 0xDA, 0x56, 0xD8, 0x56, 0xB8, 0x52, 0xB6, 0x52, 0xB5, 0x52, 0xB2, 0x52, 
    0x93, 0x4E, 0xB2, 0x52, 0x92, 0x52, 0xB2, 0x52, 0xB4, 0x52, 0xD4, 0x56, 0xB6, 0x56, 0xD6, 0x56, 
    0xB7, 0x56, 0xD7, 0x5A, 0xD8, 0x56, 0xD8, 0x5A, 0xD9, 0x5A, 0xF8, 0x5A, 0xD8, 0x56, 0xD7, 0x56, 
    0xB6, 0x56, 0x95, 0x52, 0x96, 0x52, 0xD8, 0x56, 0xD9, 0x56, 0xFA, 0x5A, 0xFB, 0x5A, 0x1B, 0x5F, 
    0x1C, 0x5F, 0x3C, 0x63, 0x1D, 0x63, 0x1B, 0x5F, 0xFB, 0x5E, 0xFA, 0x5E, 0xD7, 0x5A, 0x6D, 0x4E, 
    0x4B, 0x4A, 0x8F, 0x52, 0xD6, 0x5A, 0xD6, 0x5E, 0xB6, 0x56, 0xB4, 0x5A, 0x94, 0x56, 0x94, 0x56, 
    0x94, 0x52, 0x93, 0x56, 0x74, 0x4E, 0x93, 0x52, 0x74, 0x4E, 0xB6, 0x52, 0xDA, 0x5A, 0x1B, 0x5F, 
    0x3D, 0x63, 0x5D, 0x6B, 0x5E, 0x6B, 0x7E, 0x6F, 0x7E, 0x6B, 0x7E, 0x6B, 0x5E, 0x67, 0x5D, 0x63, 
    0x1C, 0x5B, 0xF9, 0x56, 0x96, 0x46, 0x75, 0x46, 0x55, 0x46, 0x73, 0x46, 0x30, 0x3E, 0x2F, 0x3E, 
    0x30, 0x3E, 0x4F, 0x42, 0x2F, 0x42, 0x70, 0x46, 0x93, 0x4E, 0xD5, 0x56, 0xD7, 0x56, 0xF7, 0x5A, 
    0x51, 0x46, 0x54, 0x42, 0x52, 0x3E, 0x35, 0x3E, 0x32, 0x3E, 0x0D, 0x3A, 0x0C, 0x3A, 0x0C, 0x3A, 
    0x0B, 0x3A, 0xEA, 0x35, 0xE9, 0x35, 0x0D, 0x3A, 0x2F, 0x3E, 0x0F, 0x3A, 0x2F, 0x3E, 0x2F, 0x3E, 
    0x50, 0x42, 0x55, 0x42, 0x54, 0x42, 0x30, 0x3E, 0x2E, 0x3E, 0x0D, 0x3A, 0x4F, 0x42, 0x54, 0x3E, 
    0x54, 0x42, 0x32, 0x3E, 0x50, 0x42, 0x50, 0x42, 0x72, 0x46, 0x54, 0x46, 0x73, 0x46, 0x53, 0x42, 
    0x32, 0x3E, 0x32, 0x3E, 0x54, 0x42, 0x77, 0x46, 0x96, 0x46, 0x76, 0x42, 0x74, 0x42, 0x53, 0x3E, 
    0x53, 0x42, 0x77, 0x46, 0xD9, 0x52, 0xDB, 0x52, 0xFB, 0x56, 0xFC, 0x56, 0x1B, 0x5B, 0xFC, 0x56, 
    0xDA, 0x52, 0x98, 0x4A, 0x75, 0x46, 0x32, 0x3E, 0x0E, 0x3E, 0xEC, 0x35, 0xEA, 0x35, 0xED, 0x39, 
    0xEC, 0x39, 0xCA, 0x35, 0xA8, 0x35, 0xA8, 0x35, 0xC9, 0x39, 0xAA, 0x35, 0xA9, 0x35, 0x89, 0x31, 
    0x89, 0x35, 0xAB, 0x35, 0xEC, 0x3D, 0xCC, 0x39, 0xCB, 0x39, 0x8A, 0x35, 0x88, 0x35, 0x48, 0x31, 
    0x47, 0x31, 0x48, 0x31, 0xAA, 0x3D, 0xEE, 0x41, 0x2F, 0x4A, 0x52, 0x4E, 0xB6, 0x52, 0xD8, 0x52, 
    0xF9, 0x56, 0xD9, 0x52, 0xF9, 0x56, 0x1B, 0x57, 0x1C, 0x5F, 0x75, 0x4E, 0xEE, 0x3D, 0xC6, 0x18, 
    0x28, 0x29, 0x2F, 0x4A, 0xEC, 0x45, 0x26, 0x31, 0x45, 0x39, 0x25, 0x35, 0x45, 0x39, 0x46, 0x39, 
    0x66, 0x3D, 0x46, 0x39, 0x67, 0x3D, 0x67, 0x39, 0x46, 0x35, 0xE5, 0x28, 0xA2, 0x18, 0x41, 0x0C, 
    0x20, 0x08, 0x00, 0x00, 0x20, 0x04, 0x62, 0x10, 0x27, 0x29, 0xCD, 0x3D, 0xED, 0x41, 0x0F, 0x46, 
    0x8A, 0x35, 0x49, 0x2D, 0x48, 0x2D, 0x69, 0x31, 0x27, 0x2D, 0xC6, 0x20, 0x20, 0x04, 0x42, 0x08, 
    0x83, 0x14, 0x07, 0x29, 0x2F, 0x4E, 0x0F, 0x4A, 0xEC, 0x41, 0x30, 0x4E, 0x50, 0x4E, 0x51, 0x52, 
    0xD4, 0x5E, 0xB4, 0x5E, 0xB3, 0x5E, 0xD5, 0x62, 0x2E, 0x52, 0x89, 0x3D, 0x0B, 0x4E, 0x0C, 0x52, 
    0x2C, 0x56, 0xCA, 0x4D, 0xC9, 0x4D, 0x0B, 0x56, 0x0A, 0x5A, 0x2B, 0x5A, 0x4C, 0x62, 0x4C, 0x5E, 
    0x6C, 0x62, 0x0B, 0x56, 0x2C, 0x56, 0x6F, 0x5E, 0x56, 0x73, 0x50, 0x52, 0x27, 0x2D, 0xAC, 0x3D, 
    0x2F, 0x4E, 0x72, 0x52, 0x92, 0x56, 0xB6, 0x5A, 0xF8, 0x5A, 0xFB, 0x56, 0x1A, 0x57, 0xFA, 0x52, 
    0xFA, 0x56, 0xFB, 0x56, 0x1B, 0x5B, 0x1C, 0x5B, 0x3C, 0x5F, 0x3D, 0x5B, 0x3C, 0x5F, 0x1C, 0x5B, 
    0x1B, 0x5B, 0x1C, 0x5B, 0x3C, 0x5B, 0x3C, 0x5B, 0x3C, 0x5F, 0x3D, 0x5B, 0x3C, 0x5F, 0x1C, 0x5B, 
    0x1A, 0x57, 0xFA, 0x56, 0xD8, 0x52, 0xB8, 0x4E, 0xB6, 0x52, 0xB6, 0x4E, 0xB4, 0x52, 0xB3, 0x4E, 
    0xB2, 0x52, 0xB3, 0x4E, 0xB2, 0x52, 0xB2, 0x52, 0xB2, 0x52, 0xB4, 0x52, 0xD5, 0x56, 0xB6, 0x52, 
    0xD6, 0x56, 0xD7, 0x56, 0xF7, 0x56, 0xD8, 0x56, 0xF8, 0x5A, 0xF8, 0x56, 0xD7, 0x56, 0xB7, 0x52, 
    0xB5, 0x52, 0x95, 0x4E, 0xB6, 0x52, 0xD8, 0x56, 0xF9, 0x5A, 0xFA, 0x5A, 0x1A, 0x5F, 0x1B, 0x5F, 
    0x3C, 0x63, 0x3D, 0x63, 0x3C, 0x63, 0x1C, 0x5F, 0x1A, 0x5F, 0xFA, 0x5A, 0xF6, 0x5A, 0x6F, 0x4A, 
    0x6B, 0x4A, 0x6C, 0x4A, 0xB2, 0x56, 0xD6, 0x5A, 0xD5, 0x5A, 0xB4, 0x56, 0xB4, 0x56, 0xB4, 0x56, 
    0xB4, 0x56, 0x94, 0x52, 0xB3, 0x52, 0x93, 0x4E, 0x94, 0x4E, 0xB7, 0x52, 0x19, 0x5B, 0x3C, 0x5F, 
    0x7D, 0x67, 0x7E, 0x6B, 0x9E, 0x6F, 0x7E, 0x6B, 0x7E, 0x6B, 0x7E, 0x67, 0x7D, 0x6B, 0x5D, 0x63, 
    0x5C, 0x63, 0x1B, 0x57, 0xD8, 0x4E, 0x76, 0x46, 0x75, 0x46, 0x73, 0x42, 0x50, 0x42, 0x30, 0x3A, 
    0x2F, 0x3E, 0x2E, 0x3E, 0x4E, 0x3E, 0x50, 0x42, 0xB3, 0x4E, 0xD6, 0x52, 0xF7, 0x56, 0xF8, 0x56, 
    0x54, 0x42, 0x76, 0x46, 0x56, 0x42, 0x56, 0x42, 0x35, 0x3E, 0x30, 0x3E, 0x0E, 0x3E, 0x0C, 0x3E, 
    0xEB, 0x35, 0xEA, 0x35, 0xCA, 0x35, 0x0C, 0x3E, 0x0F, 0x3E, 0x30, 0x3E, 0x11, 0x3E, 0x2F, 0x42, 
    0x53, 0x42, 0x76, 0x46, 0x33, 0x42, 0x2F, 0x42, 0x2F, 0x3E, 0x2E, 0x42, 0x51, 0x42, 0x74, 0x42, 
    0x55, 0x42, 0x31, 0x42, 0x32, 0x42, 0x51, 0x42, 0x52, 0x42, 0x74, 0x46, 0x55, 0x46, 0x75, 0x46, 
    0x55, 0x42, 0x54, 0x42, 0x34, 0x42, 0x97, 0x4A, 0x99, 0x4A, 0x98, 0x4A, 0x77, 0x46, 0x74, 0x42, 
    0x34, 0x3E, 0x76, 0x46, 0xBA, 0x4E, 0x1C, 0x5B, 0x1D, 0x5B, 0x1C, 0x5B, 0xFC, 0x56, 0xFB, 0x56, 
    0xDA, 0x52, 0x97, 0x4A, 0x55, 0x42, 0x31, 0x3E, 0x0F, 0x3A, 0xEB, 0x39, 0xCB, 0x35, 0xED, 0x3D, 
    0xEE, 0x39, 0xCA, 0x39, 0xA9, 0x35, 0xC9, 0x39, 0xCB, 0x3D, 0xEB, 0x3D, 0xAB, 0x39, 0xCA, 0x39, 
    0xAB, 0x39, 0xEC, 0x3D, 0x0E, 0x42, 0x2E, 0x46, 0x0E, 0x42, 0xEC, 0x41, 0xAB, 0x39, 0x88, 0x35, 
    0x48, 0x31, 0x67, 0x35, 0x8A, 0x39, 0xCC, 0x41, 0xEE, 0x45, 0x51, 0x4E, 0x96, 0x52, 0xD8, 0x56, 
    0xD9, 0x56, 0xF9, 0x56, 0xFA, 0x56, 0x1B, 0x5F, 0x1C, 0x5F, 0x54, 0x4A, 0xF0, 0x3D, 0xE6, 0x20, 
    0x29, 0x29, 0x50, 0x52, 0xED, 0x45, 0x47, 0x39, 0x47, 0x39, 0x45, 0x39, 0x46, 0x39, 0x67, 0x3D, 
    0x47, 0x3D, 0x87, 0x41, 0x89, 0x41, 0x67, 0x3D, 0x47, 0x39, 0x05, 0x31, 0xC4, 0x24, 0xA2, 0x1C, 
    0x62, 0x14, 0x82, 0x14, 0x83, 0x18, 0x47, 0x2D, 0x8C, 0x39, 0x0E, 0x46, 0xEF, 0x45, 0xEE, 0x45, 
    0x49, 0x2D, 0x8A, 0x35, 0x29, 0x2D, 0x49, 0x31, 0xE6, 0x24, 0xA4, 0x18, 0x43, 0x0C, 0x62, 0x0C, 
    0x84, 0x14, 0xE6, 0x24, 0x0F, 0x4A, 0x0E, 0x4A, 0xEE, 0x45, 0xCC, 0x41, 0x10, 0x4A, 0xB4, 0x5E, 
    0x93, 0x5A, 0xF6, 0x6A, 0xF6, 0x62, 0xF6, 0x66, 0x94, 0x5A, 0x0E, 0x4A, 0x89, 0x41, 0xA9, 0x49, 
    0x89, 0x45, 0xEA, 0x55, 0xCA, 0x51, 0xEA, 0x55, 0x0B, 0x5A, 0x4C, 0x62, 0x6E, 0x66, 0x4C, 0x5E, 
    0x2C, 0x5A, 0x2C, 0x5E, 0x4F, 0x5A, 0xD1, 0x6E, 0x91, 0x5E, 0xED, 0x45, 0x8B, 0x39, 0x50, 0x52, 
    0x72, 0x56, 0xB3, 0x5E, 0x52, 0x52, 0xB5, 0x5A, 0xB7, 0x56, 0xFA, 0x5A, 0xFA, 0x56, 0xFA, 0x56, 
    0xFB, 0x56, 0x1B, 0x5B, 0x1C, 0x5B, 0x3C, 0x5F, 0x3D, 0x5F, 0x3C, 0x5F, 0x1D, 0x5B, 0x1C, 0x5F, 
    0xFC, 0x5A, 0x1B, 0x5B, 0x1C, 0x5B, 0x1C, 0x5F, 0x1C, 0x5B, 0x1C, 0x5F, 0x1C, 0x5B, 0x1B, 0x5B, 
    0xFB, 0x56, 0xF9, 0x56, 0xB8, 0x52, 0xB7, 0x52, 0x96, 0x4E, 0xB4, 0x52, 0x94, 0x4E, 0xB3, 0x52, 
    0x93, 0x52, 0xB3, 0x52, 0x93, 0x52, 0xB2, 0x52, 0xB3, 0x52, 0xB3, 0x56, 0xB5, 0x56, 0xD5, 0x56, 
    0xB6, 0x56, 0xD6, 0x56, 0xD7, 0x56, 0xD8, 0x5A, 0xD9, 0x5A, 0xF8, 0x5A, 0xB7, 0x56, 0xB5, 0x56, 
    0x95, 0x52, 0xB5, 0x52, 0xB7, 0x52, 0xD8, 0x5A, 0xDA, 0x5A, 0xFA, 0x5E, 0xFB, 0x5A, 0x1B, 0x5F, 
    0x1C, 0x5F, 0x3C, 0x63, 0x1D, 0x63, 0x3C, 0x63, 0x1C, 0x5F, 0x1A, 0x5F, 0xD7, 0x56, 0x90, 0x52, 
    0x4D, 0x4A, 0x6B, 0x4E, 0x6E, 0x4E, 0xB3, 0x56, 0xB5, 0x56, 0xB4, 0x5A, 0xB5, 0x56, 0xD5, 0x5A, 
    0xB5, 0x56, 0xB5, 0x56, 0x95, 0x52, 0x94, 0x52, 0x95, 0x4E, 0xD7, 0x56, 0xFA, 0x5A, 0x5C, 0x67, 
    0x5E, 0x67, 0x9E, 0x6F, 0x7E, 0x6F, 0x9E, 0x6F, 0x7E, 0x6B, 0x7E, 0x6B, 0x5E, 0x67, 0x5D, 0x67, 
    0x3D, 0x63, 0x3C, 0x5F, 0xFA, 0x52, 0xB6, 0x4A, 0x76, 0x46, 0x74, 0x46, 0x52, 0x42, 0x30, 0x3E, 
    0x2F, 0x3E, 0x2E, 0x3E, 0x2F, 0x3E, 0x70, 0x4A, 0x94, 0x4E, 0xD7, 0x56, 0xD8, 0x56, 0xF8, 0x5A, 
    0x96, 0x46, 0x98, 0x46, 0x77, 0x46, 0x57, 0x42, 0x55, 0x42, 0x33, 0x3E, 0x0E, 0x3E, 0xEB, 0x39, 
    0xEA, 0x39, 0xCA, 0x35, 0xEA, 0x39, 0xEC, 0x39, 0x2F, 0x3E, 0x33, 0x3E, 0x31, 0x3E, 0x30, 0x3E, 
    0x53, 0x46, 0x56, 0x42, 0x52, 0x42, 0x30, 0x3E, 0x4F, 0x42, 0x30, 0x3E, 0x51, 0x42, 0x75, 0x42, 
    0x76, 0x46, 0x33, 0x3E, 0x30, 0x3E, 0x52, 0x42, 0x53, 0x42, 0x55, 0x42, 0x75, 0x46, 0x76, 0x46, 
    0x75, 0x46, 0x76, 0x46, 0x76, 0x46, 0x98, 0x4A, 0xD9, 0x4E, 0xDA, 0x4E, 0xD9, 0x4E, 0x98, 0x46, 
    0x75, 0x42, 0x55, 0x42, 0xB9, 0x4E, 0xFC, 0x56, 0x3D, 0x5B, 0x1D, 0x5B, 0x1C, 0x5B, 0xFB, 0x52, 
    0xDA, 0x52, 0x77, 0x46, 0x54, 0x42, 0x31, 0x3E, 0x2E, 0x3E, 0xED, 0x35, 0x0D, 0x3A, 0xEF, 0x3D, 
    0xED, 0x3D, 0xCB, 0x35, 0xC9, 0x39, 0xCB, 0x3D, 0x0C, 0x42, 0x0C, 0x42, 0xEC, 0x41, 0xEC, 0x3D, 
    0xEC, 0x3D, 0x0E, 0x42, 0x4F, 0x4A, 0x50, 0x4A, 0x4F, 0x4A, 0x0E, 0x42, 0xEC, 0x41, 0xAB, 0x39, 
    0x89, 0x35, 0x68, 0x31, 0x88, 0x35, 0x8A, 0x39, 0xCC, 0x41, 0x0F, 0x46, 0x94, 0x4E, 0xB7, 0x52, 
    0xD8, 0x56, 0xD9, 0x56, 0xF9, 0x5A, 0x1C, 0x5B, 0x1B, 0x5F, 0x34, 0x46, 0xEF, 0x41, 0xE7, 0x20, 
    0x49, 0x31, 0x30, 0x4E, 0x0D, 0x4A, 0x89, 0x3D, 0x25, 0x35, 0x05, 0x31, 0x87, 0x41, 0x67, 0x3D, 
    0x66, 0x3D, 0x68, 0x41, 0x46, 0x3D, 0x26, 0x35, 0x67, 0x3D, 0x26, 0x35, 0x04, 0x29, 0xC4, 0x24, 
    0xC3, 0x20, 0xC4, 0x20, 0x26, 0x31, 0xAC, 0x3D, 0xEE, 0x41, 0x30, 0x4A, 0x2F, 0x4A, 0xCD, 0x3D, 
    0x8A, 0x35, 0x8B, 0x35, 0x8A, 0x35, 0x6A, 0x31, 0x06, 0x25, 0x63, 0x10, 0x62, 0x0C, 0x42, 0x0C, 
    0x62, 0x10, 0xE6, 0x20, 0x0E, 0x4A, 0x30, 0x4E, 0x71, 0x56, 0xAD, 0x3D, 0x0E, 0x46, 0xB4, 0x5A, 
    0xB4, 0x5E, 0xD5, 0x62, 0xF5, 0x66, 0x38, 0x6B, 0xB3, 0x5A, 0x51, 0x52, 0xEC, 0x4D, 0x06, 0x2D, 
    0x05, 0x2D, 0x47, 0x39, 0xA8, 0x49, 0xC9, 0x4D, 0x2B, 0x5A, 0x2B, 0x5E, 0x2B, 0x5E, 0x2C, 0x5E, 
    0x0B, 0x5A, 0x0C, 0x56, 0x87, 0x41, 0x6F, 0x62, 0xEB, 0x49, 0x49, 0x31, 0xCC, 0x41, 0x50, 0x52, 
    0x92, 0x56, 0x31, 0x4E, 0x0E, 0x46, 0xD6, 0x5E, 0xD7, 0x5E, 0xD9, 0x56, 0xF9, 0x56, 0xFA, 0x52, 
    0xFA, 0x56, 0xFB, 0x56, 0x3C, 0x5B, 0x1D, 0x5B, 0x3C, 0x5F, 0x1D, 0x5B, 0x1C, 0x5F, 0xFC, 0x5A, 
    0x1B, 0x5B, 0xFB, 0x56, 0x1B, 0x5B, 0x1C, 0x5B, 0x1B, 0x5B, 0x1C, 0x5B, 0x1B, 0x5B, 0xFB, 0x56, 
    0xF9, 0x56, 0xD8, 0x52, 0xB7, 0x4E, 0x96, 0x4E, 0xB5, 0x4E, 0x94, 0x4E, 0xB3, 0x52, 0xB3, 0x4E, 
    0xB3, 0x52, 0xB3, 0x52, 0xB2, 0x52, 0xB2, 0x52, 0xB2, 0x52, 0xB3, 0x52, 0xB3, 0x56, 0xB5, 0x52, 
    0xD5, 0x56, 0xB6, 0x56, 0xD6, 0x56, 0xD8, 0x56, 0xF8, 0x5A, 0xD7, 0x56, 0xD5, 0x56, 0x95, 0x52, 
    0xB5, 0x52, 0x96, 0x52, 0xD6, 0x56, 0xD9, 0x56, 0xFA, 0x5A, 0xFB, 0x5A, 0x1B, 0x5F, 0x1C, 0x5F, 
    0x3C, 0x63, 0x3D, 0x63, 0x3C, 0x63, 0x1C, 0x5F, 0x1B, 0x5F, 0xFB, 0x5E, 0xF7, 0x5A, 0x93, 0x52, 
    0x8F, 0x4E, 0x6C, 0x4A, 0x6B, 0x4A, 0x70, 0x4E, 0xB4, 0x56, 0xB5, 0x5A, 0xD5, 0x5A, 0xD6, 0x5A, 
    0xD5, 0x5A, 0xD6, 0x5A, 0xD5, 0x56, 0xB5, 0x52, 0xB5, 0x52, 0xD7, 0x56, 0x1A, 0x5F, 0x5D, 0x63, 
    0x7D, 0x6B, 0x7E, 0x6F, 0x9E, 0x6F, 0x7E, 0x6B, 0x7E, 0x6F, 0x5E, 0x6B, 0x7D, 0x6B, 0x5E, 0x67, 
    0x5D, 0x67, 0x3C, 0x5F, 0x1A, 0x5B, 0xB8, 0x4E, 0x96, 0x4A, 0x76, 0x46, 0x73, 0x46, 0x31, 0x3E, 
    0x4F, 0x3E, 0x2F, 0x3E, 0x4F, 0x42, 0x72, 0x4A, 0xD5, 0x52, 0xD7, 0x52, 0xF8, 0x56, 0xF9, 0x56, 
    0x99, 0x4A, 0xB9, 0x4E, 0x79, 0x4A, 0x77, 0x4A, 0x57, 0x46, 0x54, 0x42, 0x0F, 0x3E, 0xEB, 0x39, 
    0xCB, 0x35, 0xEA, 0x39, 0xCB, 0x35, 0xEC, 0x39, 0x31, 0x3E, 0x54, 0x42, 0x32, 0x3E, 0x31, 0x42, 
    0x54, 0x42, 0x54, 0x46, 0x33, 0x42, 0x31, 0x42, 0x30, 0x3E, 0x50, 0x42, 0x53, 0x42, 0x76, 0x46, 
    0x78, 0x4A, 0x55, 0x42, 0x11, 0x3E, 0x51, 0x42, 0x54, 0x42, 0x76, 0x4A, 0x77, 0x46, 0x76, 0x46, 
    0x57, 0x46, 0x76, 0x4A, 0x78, 0x4A, 0xB9, 0x4E, 0xDB, 0x52, 0xFB, 0x56, 0xFC, 0x56, 0xDA, 0x52, 
    0x98, 0x4A, 0x56, 0x46, 0x78, 0x4A, 0xFB, 0x56, 0x1D, 0x5B, 0x3D, 0x5F, 0xFD, 0x5A, 0xFB, 0x56, 
    0xBA, 0x4E, 0x77, 0x4A, 0x34, 0x42, 0x31, 0x42, 0x10, 0x3E, 0x2F, 0x3E, 0x10, 0x3E, 0x0F, 0x42, 
    0xCD, 0x39, 0xCA, 0x39, 0xCB, 0x39, 0x0C, 0x42, 0x0E, 0x46, 0x2E, 0x4A, 0x0E, 0x46, 0x0D, 0x46, 
    0x0E, 0x42, 0x4F, 0x4A, 0x71, 0x4E, 0x91, 0x52, 0x51, 0x4E, 0x50, 0x4A, 0x0F, 0x42, 0xED, 0x3D, 
    0xAB, 0x39, 0x68, 0x35, 0x67, 0x31, 0x88, 0x35, 0xAB, 0x39, 0xEE, 0x45, 0x53, 0x4A, 0x96, 0x52, 
    0xB8, 0x56, 0xD8, 0x5A, 0xDA, 0x5A, 0x1B, 0x5F, 0xFC, 0x5E, 0x54, 0x4E, 0xF0, 0x41, 0x29, 0x29, 
    0x29, 0x29, 0x8A, 0x35, 0xAB, 0x3D, 0xCA, 0x45, 0x48, 0x39, 0x88, 0x41, 0x68, 0x41, 0x67, 0x41, 
    0x68, 0x41, 0x88, 0x45, 0x47, 0x3D, 0x67, 0x3D, 0x47, 0x3D, 0x47, 0x3D, 0x05, 0x2D, 0xE4, 0x2C, 
    0xE5, 0x28, 0x27, 0x31, 0x8B, 0x39, 0xEE, 0x45, 0x52, 0x4E, 0x51, 0x52, 0x31, 0x4E, 0xEE, 0x45, 
    0xAC, 0x3D, 0xAC, 0x3D, 0x6A, 0x31, 0xAB, 0x3D, 0x08, 0x29, 0x63, 0x14, 0x43, 0x10, 0x62, 0x10, 
    0x63, 0x10, 0xE6, 0x20, 0xAD, 0x3D, 0x51, 0x56, 0x10, 0x4E, 0xCD, 0x45, 0xCE, 0x45, 0x72, 0x5A, 
    0xB4, 0x5E, 0xD4, 0x62, 0x94, 0x5A, 0x72, 0x56, 0x94, 0x5A, 0x2F, 0x52, 0xED, 0x4D, 0x89, 0x3D, 
    0xE5, 0x28, 0x68, 0x41, 0xCA, 0x4D, 0xEA, 0x55, 0x0B, 0x5A, 0x4D, 0x66, 0x4D, 0x66, 0x8D, 0x6A, 
    0x2D, 0x5E, 0x6E, 0x62, 0x2D, 0x56, 0xD1, 0x6A, 0x2F, 0x52, 0x07, 0x29, 0xAD, 0x45, 0x91, 0x5A, 
    0x73, 0x5A, 0xB4, 0x5E, 0x10, 0x4A, 0x94, 0x5A, 0xB6, 0x5A, 0xD8, 0x56, 0xDA, 0x52, 0xFA, 0x56, 
    0xDB, 0x56, 0xFB, 0x5A, 0xFC, 0x5A, 0x1C, 0x5F, 0x1D, 0x5B, 0x1C, 0x5F, 0xFC, 0x5A, 0xFB, 0x5A, 
    0xFC, 0x5A, 0xFB, 0x5A, 0xFC, 0x5A, 0x1B, 0x5B, 0xFB, 0x5A, 0xFB, 0x5A, 0xDB, 0x56, 0xFA, 0x56, 
    0xD9, 0x56, 0xB7, 0x52, 0x96, 0x4E, 0x95, 0x4E, 0x94, 0x4E, 0xB3, 0x52, 0x94, 0x4E, 0xB3, 0x52, 
    0x94, 0x52, 0xB3, 0x56, 0x93, 0x52, 0xB2, 0x56, 0x93, 0x52, 0xB2, 0x56, 0x93, 0x52, 0xB4, 0x56, 
    0xB5, 0x56, 0xB5, 0x56, 0xB6, 0x56, 0xD6, 0x5A, 0xB7, 0x56, 0xB5, 0x56, 0x94, 0x52, 0x94, 0x52, 
    0x95, 0x52, 0xB6, 0x56, 0xB7, 0x56, 0xF9, 0x5A, 0xFB, 0x5E, 0x1B, 0x5F, 0x1C, 0x5F, 0x1C, 0x63, 
    0x1D, 0x5F, 0x3C, 0x63, 0x1D, 0x63, 0x1C, 0x63, 0xFC, 0x5E, 0x1B, 0x5F, 0xD9, 0x5A, 0xB6, 0x5A, 
    0xB4, 0x56, 0x6D, 0x4E, 0x4C, 0x4A, 0x6F, 0x4E, 0x94, 0x56, 0xD5, 0x5A, 0xB6, 0x5A, 0xD6, 0x5E, 
    0xD7, 0x5E, 0xF7, 0x5E, 0xD7, 0x5A, 0xB6, 0x56, 0xB6, 0x52, 0xF7, 0x5A, 0x1B, 0x5F, 0x5C, 0x6B, 
    0x7E, 0x6B, 0x9E, 0x73, 0x9F, 0x6F, 0x9E, 0x73, 0x7F, 0x6F, 0x7E, 0x6F, 0x5E, 0x6B, 0x7E, 0x6B, 
    0x5E, 0x67, 0x3C, 0x63, 0x1C, 0x5B, 0xD9, 0x56, 0x97, 0x4A, 0x96, 0x4A, 0x75, 0x46, 0x51, 0x46, 
    0x30, 0x3E, 0x4F, 0x42, 0x51, 0x46, 0x93, 0x4E, 0xB7, 0x52, 0xD8, 0x56, 0xD9, 0x56, 0xF9, 0x5E, 
    0xD9, 0x4E, 0xDA, 0x4E, 0xB9, 0x4A, 0x99, 0x46, 0xB8, 0x4A, 0x55, 0x42, 0x0E, 0x3E, 0xEC, 0x35, 
    0xEA, 0x39, 0xEA, 0x35, 0xEA, 0x39, 0x0C, 0x3A, 0x52, 0x42, 0x54, 0x3E, 0x30, 0x3E, 0x32, 0x3E, 
    0x52, 0x42, 0x53, 0x42, 0x74, 0x42, 0x52, 0x3E, 0x4E, 0x3E, 0x30, 0x3E, 0x74, 0x42, 0x76, 0x42, 
    0x97, 0x4A, 0x77, 0x46, 0x52, 0x3E, 0x31, 0x3E, 0x52, 0x3E, 0x76, 0x42, 0xB8, 0x4A, 0x98, 0x46, 
    0x96, 0x46, 0x77, 0x46, 0x98, 0x4A, 0xB9, 0x4E, 0xFA, 0x52, 0x1C, 0x57, 0x1C, 0x5B, 0xFC, 0x56, 
    0xD9, 0x4E, 0x77, 0x46, 0x96, 0x46, 0xB9, 0x4E, 0xFB, 0x56, 0x1C, 0x57, 0x1C, 0x5B, 0xDB, 0x52, 
    0xB8, 0x4E, 0x76, 0x42, 0x52, 0x42, 0x31, 0x3E, 0x4F, 0x42, 0x31, 0x3E, 0x30, 0x42, 0xEE, 0x39, 
    0xCB, 0x39, 0xCA, 0x35, 0x0B, 0x3E, 0x2E, 0x46, 0x90, 0x4E, 0x71, 0x4E, 0x70, 0x4E, 0x4F, 0x46, 
    0x4E, 0x46, 0x70, 0x4A, 0xB1, 0x52, 0x92, 0x4E, 0x91, 0x4E, 0x71, 0x4A, 0x4F, 0x46, 0x0E, 0x3E, 
    0xEC, 0x39, 0x89, 0x35, 0x86, 0x31, 0x67, 0x31, 0xA8, 0x35, 0xCC, 0x39, 0x31, 0x4A, 0x75, 0x4E, 
    0xB7, 0x52, 0xD8, 0x56, 0xF8, 0x5A, 0xFB, 0x5A, 0x1B, 0x5F, 0x75, 0x4E, 0x0F, 0x42, 0x08, 0x25, 
    0x48, 0x29, 0x28, 0x29, 0x68, 0x35, 0x68, 0x39, 0xC9, 0x45, 0xCA, 0x49, 0x87, 0x41, 0x88, 0x41, 
    0xA8, 0x45, 0x88, 0x41, 0xA8, 0x45, 0x88, 0x3D, 0xA8, 0x41, 0x68, 0x3D, 0x46, 0x35, 0x47, 0x35, 
    0x47, 0x35, 0x69, 0x35, 0x8A, 0x39, 0x73, 0x52, 0x93, 0x56, 0x30, 0x4A, 0x0F, 0x46, 0x0F, 0x46, 
    0xAB, 0x39, 0x8B, 0x35, 0x8A, 0x35, 0x8B, 0x39, 0x06, 0x25, 0x63, 0x10, 0x62, 0x0C, 0x63, 0x10, 
    0x83, 0x14, 0xA5, 0x18, 0x8A, 0x39, 0x50, 0x52, 0x0D, 0x46, 0xED, 0x45, 0x0E, 0x4A, 0x51, 0x4E, 
    0xB3, 0x5E, 0xD4, 0x5E, 0xB3, 0x5E, 0x51, 0x4E, 0xEC, 0x41, 0xED, 0x45, 0x4E, 0x56, 0xEB, 0x49, 
    0xA8, 0x45, 0xA9, 0x49, 0x4D, 0x5E, 0x2C, 0x5E, 0x6C, 0x66, 0x4C, 0x62, 0x8D, 0x66, 0xAF, 0x6A, 
    0x8E, 0x66, 0x2D, 0x5A, 0xAF, 0x66, 0xF2, 0x6A, 0x91, 0x5A, 0xAC, 0x3D, 0x0D, 0x4A, 0x50, 0x52, 
    0x2E, 0x4E, 0xD5, 0x5E, 0x2F, 0x4A, 0x30, 0x4A, 0x73, 0x52, 0xD8, 0x52, 0xF8, 0x52, 0xD9, 0x52, 
    0xFA, 0x56, 0xFB, 0x56, 0x1B, 0x5B, 0x1C, 0x5B, 0x1B, 0x5B, 0x1C, 0x5B, 0x1B, 0x5B, 0xFB, 0x56, 
    0xFB, 0x5A, 0xFB, 0x56, 0x1A, 0x5B, 0xFB, 0x56, 0xFA, 0x56, 0xFA, 0x52, 0xF9, 0x56, 0xD9, 0x52, 
    0xD7, 0x52, 0xB6, 0x4E, 0x94, 0x4E, 0x94, 0x4A, 0xB3, 0x4E, 0x93, 0x4E, 0xB3, 0x52, 0xB4, 0x4E, 
    0xB3, 0x52, 0xB3, 0x52, 0xB2, 0x52, 0xB2, 0x4E, 0xB2, 0x52, 0xB3, 0x52, 0xB2, 0x52, 0x93, 0x52, 
    0xB3, 0x52, 0xB4, 0x52, 0xD4, 0x56, 0xB5, 0x56, 0xD4, 0x56, 0x93, 0x4E, 0x92, 0x4E, 0x94, 0x4E, 
    0xB4, 0x52, 0xB6, 0x52, 0xD7, 0x56, 0xF9, 0x56, 0x1A, 0x5F, 0x1B, 0x5F, 0x3B, 0x5F, 0x1C, 0x5F, 
    0x3C, 0x63, 0x1C, 0x5F, 0x3C, 0x5F, 0x1C, 0x5F, 0x1B, 0x5F, 0x1B, 0x5F, 0xF9, 0x5A, 0xD8, 0x56, 
    0xD5, 0x5A, 0x90, 0x4E, 0x6B, 0x4A, 0x6E, 0x4A, 0xB4, 0x56, 0xD6, 0x5A, 0xF6, 0x5A, 0xD7, 0x5A, 
    0xF6, 0x5E, 0xF7, 0x5A, 0xF7, 0x5E, 0xD7, 0x56, 0xD6, 0x56, 0xF8, 0x56, 0x3A, 0x5F, 0x5D, 0x67, 
    0x9D, 0x6F, 0x9F, 0x6F, 0xBE, 0x73, 0x9E, 0x6F, 0x9E, 0x6F, 0x7E, 0x6B, 0x7D, 0x6B, 0x7E, 0x67, 
    0x7D, 0x67, 0x5D, 0x63, 0x3B, 0x5F, 0x1A, 0x57, 0xD8, 0x4E, 0xB7, 0x4A, 0x95, 0x4A, 0x72, 0x42, 
    0x4F, 0x42, 0x50, 0x42, 0x91, 0x4A, 0xB4, 0x4E, 0xF7, 0x56, 0xD8, 0x56, 0xF9, 0x5A, 0xFA, 0x5A, 
    0xDB, 0x4E, 0xDB, 0x52, 0xBA, 0x4E, 0xB9, 0x4E, 0xBA, 0x4E, 0x75, 0x46, 0x0F, 0x3A, 0x0C, 0x3A, 
    0xCB, 0x35, 0xEB, 0x39, 0xEC, 0x39, 0x2D, 0x3E, 0x52, 0x42, 0x52, 0x42, 0x32, 0x3E, 0x52, 0x42, 
    0x31, 0x3E, 0x52, 0x42, 0x55, 0x42, 0x52, 0x42, 0x2F, 0x3E, 0x50, 0x42, 0x55, 0x42, 0x76, 0x46, 
    0x77, 0x46, 0x98, 0x4A, 0x55, 0x42, 0x53, 0x42, 0x54, 0x42, 0x76, 0x46, 0x98, 0x4A, 0x98, 0x4A, 
    0x98, 0x4A, 0xB8, 0x4E, 0x99, 0x4A, 0xB9, 0x52, 0xDB, 0x52, 0x1C, 0x5B, 0x1D, 0x5B, 0x1C, 0x5B, 
    0xDB, 0x52, 0xB8, 0x4E, 0x77, 0x46, 0x98, 0x4A, 0xDA, 0x52, 0xFB, 0x56, 0xFB, 0x52, 0xDA, 0x52, 
    0x98, 0x4A, 0x75, 0x46, 0x33, 0x42, 0x52, 0x42, 0x32, 0x42, 0x52, 0x46, 0x31, 0x3E, 0xED, 0x3D, 
    0xAB, 0x39, 0xCA, 0x39, 0x2D, 0x42, 0x91, 0x52, 0xD5, 0x56, 0xD5, 0x5A, 0xB4, 0x56, 0x90, 0x4E, 
    0x4F, 0x46, 0x90, 0x4E, 0xB2, 0x52, 0xB2, 0x52, 0x71, 0x4E, 0x70, 0x4E, 0x50, 0x4A, 0x2F, 0x46, 
    0x0E, 0x3E, 0xCA, 0x39, 0x88, 0x31, 0x87, 0x31, 0x88, 0x31, 0xA9, 0x39, 0xEE, 0x3D, 0x52, 0x4E, 
    0x76, 0x4E, 0xB7, 0x56, 0xB8, 0x56, 0xF9, 0x5E, 0xFB, 0x5E, 0x74, 0x52, 0x11, 0x42, 0x29, 0x29, 
    0x09, 0x25, 0x28, 0x2D, 0xEE, 0x45, 0x68, 0x39, 0xAA, 0x45, 0xCA, 0x49, 0x89, 0x41, 0xA9, 0x49, 
    0x88, 0x45, 0xC9, 0x49, 0xA9, 0x45, 0xA9, 0x49, 0x89, 0x45, 0x67, 0x3D, 0x68, 0x39, 0x47, 0x39, 
    0x06, 0x2D, 0x26, 0x2D, 0xEF, 0x45, 0xB4, 0x5A, 0x52, 0x4E, 0x30, 0x4A, 0xEE, 0x41, 0x0E, 0x46, 
    0x6B, 0x35, 0x8B, 0x35, 0x8C, 0x39, 0x69, 0x35, 0xE6, 0x20, 0x83, 0x14, 0x43, 0x0C, 0x83, 0x14, 
    0x84, 0x14, 0xC5, 0x1C, 0xAC, 0x3D, 0x50, 0x52, 0x30, 0x4E, 0x4F, 0x52, 0xEE, 0x45, 0x2F, 0x4E, 
    0x72, 0x56, 0xB3, 0x5E, 0xB4, 0x62, 0x72, 0x56, 0x49, 0x31, 0x47, 0x31, 0x2E, 0x52, 0xEB, 0x51, 
    0xCB, 0x4D, 0xCA, 0x51, 0xEB, 0x55, 0x4C, 0x62, 0x6E, 0x66, 0x6D, 0x66, 0x4D, 0x62, 0x8E, 0x6A, 
    0x6E, 0x62, 0x4D, 0x5A, 0x90, 0x62, 0xD2, 0x6A, 0x92, 0x5A, 0x8A, 0x3D, 0x2F, 0x52, 0xCC, 0x45, 
    0x8B, 0x39, 0x92, 0x5A, 0xCE, 0x41, 0x30, 0x4E, 0x31, 0x4A, 0xB7, 0x56, 0xB8, 0x52, 0xD9, 0x52, 
    0xDA, 0x52, 0xFA, 0x56, 0xFB, 0x56, 0x1B, 0x5B, 0xFC, 0x5A, 0x1B, 0x5B, 0xFB, 0x56, 0xFB, 0x5A, 
    0xFB, 0x56, 0xFB, 0x5A, 0xFB, 0x56, 0xFA, 0x56, 0xDA, 0x52, 0xD8, 0x52, 0xB8, 0x52, 0xD7, 0x52, 
    0x96, 0x4E, 0x94, 0x4E, 0x73, 0x4A, 0x92, 0x4E, 0x93, 0x4E, 0x92, 0x52, 0x94, 0x52, 0xB4, 0x56, 
    0xB4, 0x52, 0xB3, 0x52, 0x92, 0x52, 0xB2, 0x52, 0x92, 0x52, 0xB2, 0x52, 0x93, 0x52, 0x93, 0x52, 
    0x94, 0x52, 0xB4, 0x56, 0xB4, 0x52, 0xB4, 0x56, 0x94, 0x52, 0x92, 0x52, 0x73, 0x4E, 0x93, 0x52, 
    0x95, 0x52, 0xD6, 0x56, 0xD8, 0x56, 0xF9, 0x5A, 0xFB, 0x5A, 0x1B, 0x63, 0x1C, 0x5F, 0x3C, 0x63, 
    0x1C, 0x5F, 0x1C, 0x63, 0x1C, 0x5F, 0x1B, 0x5F, 0x1C, 0x5F, 0x1B, 0x5F, 0xFA, 0x5A, 0xF8, 0x5A, 
    0xD7, 0x5A, 0xB2, 0x56, 0x4C, 0x4A, 0x6E, 0x4E, 0xB5, 0x5A, 0xD6, 0x5E, 0xD7, 0x5E, 0xF7, 0x5E, 
    0xF7, 0x5E, 0xF7, 0x5E, 0xF8, 0x5E, 0xF7, 0x5E, 0xD8, 0x56, 0xF8, 0x5A, 0x1B, 0x63, 0x5D, 0x6B, 
    0x7E, 0x6F, 0x9E, 0x73, 0x9F, 0x73, 0x9E, 0x73, 0x9E, 0x6F, 0x9E, 0x6F, 0x7E, 0x6B, 0x7D, 0x6B, 
    0x5E, 0x67, 0x5D, 0x67, 0x3D, 0x63, 0x3B, 0x5F, 0xFA, 0x56, 0xD9, 0x52, 0xB7, 0x4E, 0x93, 0x4A, 
    0x50, 0x42, 0x50, 0x46, 0x93, 0x4E, 0xB5, 0x52, 0xD8, 0x56, 0xF9, 0x5A, 0xFA, 0x5A, 0x1A, 0x5F, 
    0xFC, 0x52, 0xDC, 0x52, 0xDB, 0x52, 0xBA, 0x4E, 0xD9, 0x4E, 0x55, 0x42, 0x2F, 0x3E, 0x0D, 0x3A, 
    0xEB, 0x39, 0xEB, 0x35, 0x0C, 0x3E, 0x2F, 0x3E, 0x51, 0x42, 0x33, 0x3E, 0x53, 0x42, 0x53, 0x42, 
    0x30, 0x42, 0x32, 0x42, 0x74, 0x42, 0x53, 0x3E, 0x2E, 0x3E, 0x30, 0x3E, 0x74, 0x42, 0x76, 0x42, 
    0x97, 0x46, 0x98, 0x4A, 0x97, 0x4A, 0x76, 0x42, 0x96, 0x46, 0x77, 0x46, 0x98, 0x4A, 0x98, 0x4A, 
    0xB8, 0x4E, 0xBA, 0x4E, 0xB9, 0x4E, 0xBA, 0x4E, 0xDA, 0x52, 0xFC, 0x56, 0x1C, 0x5B, 0x1D, 0x57, 
    0xFB, 0x56, 0xBA, 0x4E, 0x98, 0x4A, 0x98, 0x4A, 0xD9, 0x52, 0xDA, 0x52, 0xFA, 0x52, 0xB9, 0x4E, 
    0x96, 0x4A, 0x55, 0x42, 0x53, 0x42, 0x55, 0x46, 0x75, 0x4A, 0x55, 0x46, 0x51, 0x46, 0xED, 0x39, 
    0xCA, 0x39, 0xEC, 0x3D, 0x6F, 0x4E, 0xD4, 0x56, 0x17, 0x5F, 0xF8, 0x5E, 0xF6, 0x5A, 0x91, 0x4E, 
    0x90, 0x4E, 0xB3, 0x52, 0xD3, 0x56, 0xB2, 0x52, 0x91, 0x4E, 0x70, 0x4A, 0x6F, 0x4A, 0x2F, 0x46, 
    0x2D, 0x42, 0xCA, 0x39, 0xA8, 0x35, 0x88, 0x35, 0x88, 0x35, 0x89, 0x35, 0xCA, 0x39, 0x0F, 0x42, 
    0x72, 0x4E, 0x96, 0x52, 0xB6, 0x56, 0xD8, 0x56, 0xF9, 0x5A, 0x34, 0x4A, 0x31, 0x4A, 0x4B, 0x2D, 
    0xC5, 0x1C, 0x28, 0x29, 0x0D, 0x46, 0x69, 0x35, 0xCA, 0x45, 0x89, 0x41, 0x66, 0x3D, 0x88, 0x45, 
    0xC9, 0x4D, 0xCA, 0x49, 0xC9, 0x49, 0xA9, 0x45, 0xA8, 0x45, 0x89, 0x41, 0x46, 0x39, 0xE5, 0x28, 
    0x89, 0x39, 0x8B, 0x3D, 0x50, 0x4E, 0x52, 0x4E, 0x72, 0x52, 0xEE, 0x41, 0x0E, 0x4A, 0x0F, 0x46, 
    0xCC, 0x3D, 0x6A, 0x31, 0xAB, 0x39, 0x6A, 0x31, 0xE6, 0x24, 0x63, 0x10, 0x63, 0x10, 0x84, 0x14, 
    0xA4, 0x18, 0xA4, 0x18, 0xAC, 0x3D, 0x0F, 0x4E, 0x71, 0x56, 0x72, 0x56, 0x2E, 0x4E, 0x30, 0x4E, 
    0x91, 0x5A, 0x51, 0x56, 0xB3, 0x62, 0xB4, 0x5E, 0x69, 0x35, 0xC4, 0x24, 0x67, 0x39, 0xCB, 0x49, 
    0xC9, 0x49, 0xAA, 0x49, 0xC9, 0x51, 0xEA, 0x55, 0x4B, 0x62, 0x6D, 0x66, 0x8D, 0x6A, 0xAF, 0x6A, 
    0xD0, 0x6E, 0xF3, 0x6E, 0x35, 0x77, 0xF4, 0x6A, 0x2E, 0x4E, 0xED, 0x45, 0x70, 0x5A, 0xAC, 0x3D, 
    0x69, 0x35, 0x8B, 0x35, 0xAB, 0x3D, 0x51, 0x52, 0x2F, 0x4A, 0xB7, 0x52, 0xB7, 0x4E, 0xB9, 0x4E, 
    0xD9, 0x52, 0xDA, 0x56, 0xFA, 0x56, 0xFB, 0x56, 0x1B, 0x5B, 0xFB, 0x56, 0xFA, 0x5A, 0xFB, 0x56, 
    0xFA, 0x5A, 0xFB, 0x56, 0xFA, 0x5A, 0xFA, 0x52, 0xF9, 0x52, 0xD8, 0x4E, 0xD6, 0x4E, 0x96, 0x4E, 
    0x94, 0x4E, 0x73, 0x4A, 0x92, 0x4A, 0x72, 0x4A, 0x91, 0x4E, 0x93, 0x4E, 0xB3, 0x52, 0xB4, 0x52, 
    0xD4, 0x56, 0xB3, 0x52, 0xB1, 0x52, 0x92, 0x4E, 0xB1, 0x52, 0x92, 0x52, 0x92, 0x52, 0x93, 0x4E, 
    0x92, 0x52, 0x94, 0x52, 0xB4, 0x56, 0x94, 0x52, 0x92, 0x52, 0x72, 0x4E, 0x92, 0x52, 0x94, 0x52, 
    0xB4, 0x52, 0xB6, 0x52, 0xD7, 0x56, 0xF9, 0x5A, 0x1A, 0x5F, 0x1C, 0x5F, 0x3C, 0x63, 0x1C, 0x5F, 
    0x1B, 0x5F, 0x1C, 0x5F, 0x1B, 0x5F, 0x1C, 0x5F, 0x1B, 0x5F, 0x1B, 0x5F, 0x1A, 0x5F, 0xF9, 0x5A, 
    0xF7, 0x5E, 0xB4, 0x56, 0x6C, 0x4A, 0x4E, 0x4A, 0xD5, 0x5A, 0xD7, 0x5E, 0xF7, 0x62, 0xF8, 0x5E, 
    0x17, 0x63, 0xF8, 0x5E, 0x18, 0x63, 0xF8, 0x5A, 0xF7, 0x5A, 0xF9, 0x5A, 0x3B, 0x63, 0x5D, 0x67, 
    0x9E, 0x6F, 0x9F, 0x6F, 0xBE, 0x73, 0x9F, 0x6F, 0x9E, 0x73, 0x9E, 0x6F, 0x9E, 0x6F, 0x7E, 0x6B, 
    0x7E, 0x6B, 0x5E, 0x67, 0x7D, 0x67, 0x3D, 0x5F, 0x1B, 0x5B, 0xFA, 0x56, 0xF8, 0x52, 0x95, 0x4A, 
    0x70, 0x46, 0x50, 0x46, 0xB2, 0x4E, 0xB6, 0x52, 0xF8, 0x5A, 0xFA, 0x5A, 0x19, 0x5F, 0x1B, 0x5F, 
    0xFD, 0x56, 0xFC, 0x56, 0xDC, 0x52, 0xDB, 0x52, 0xBA, 0x4E, 0x54, 0x46, 0x10, 0x3E, 0x0E, 0x3E, 
    0xED, 0x39, 0x0D, 0x3E, 0x30, 0x3E, 0x31, 0x42, 0x32, 0x3E, 0x54, 0x42, 0x55, 0x42, 0x53, 0x42, 
    0x32, 0x42, 0x52, 0x46, 0x55, 0x42, 0x52, 0x42, 0x2F, 0x3E, 0x50, 0x42, 0x54, 0x42, 0x96, 0x46, 
    0x98, 0x4A, 0x98, 0x4A, 0x98, 0x4A, 0x97, 0x4A, 0x98, 0x4A, 0x98, 0x4A, 0x99, 0x4A, 0xBA, 0x4E, 
    0xBA, 0x4E, 0xDB, 0x56, 0xBB, 0x52, 0xBA, 0x52, 0xBB, 0x4E, 0xFB, 0x56, 0xFD, 0x56, 0xFC, 0x5A, 
    0xDC, 0x56, 0xDA, 0x56, 0xBA, 0x4E, 0xB9, 0x52, 0xBA, 0x52, 0xDA, 0x52, 0xBA, 0x4E, 0x97, 0x4A, 
    0x56, 0x46, 0x54, 0x46, 0x56, 0x46, 0x76, 0x4E, 0x77, 0x4A, 0x76, 0x4A, 0x32, 0x46, 0xEC, 0x3D, 
    0xCC, 0x39, 0x4E, 0x46, 0xB3, 0x56, 0x16, 0x63, 0x19, 0x63, 0x39, 0x67, 0x17, 0x5F, 0xB1, 0x52, 
    0x92, 0x52, 0xF5, 0x5A, 0xD6, 0x5A, 0xD3, 0x56, 0x91, 0x4E, 0x6F, 0x4E, 0x4F, 0x46, 0x4E, 0x46, 
    0x0D, 0x3E, 0xEA, 0x3D, 0xCA, 0x39, 0xC9, 0x39, 0xA9, 0x39, 0xA9, 0x35, 0xA9, 0x35, 0xCB, 0x3D, 
    0xEE, 0x41, 0x52, 0x4E, 0x96, 0x56, 0xD7, 0x5A, 0xB9, 0x5A, 0x54, 0x4E, 0xF1, 0x41, 0x6B, 0x31, 
    0x64, 0x14, 0x28, 0x2D, 0xAC, 0x3D, 0xCB, 0x45, 0xAA, 0x41, 0xAA, 0x45, 0x06, 0x35, 0xA9, 0x49, 
    0xCB, 0x4D, 0xEA, 0x51, 0xCA, 0x4D, 0xA8, 0x49, 0xAA, 0x45, 0x68, 0x41, 0x48, 0x39, 0x26, 0x35, 
    0xAB, 0x41, 0xAB, 0x3D, 0x10, 0x4A, 0x10, 0x4A, 0xEF, 0x45, 0xCD, 0x41, 0x30, 0x4E, 0xEE, 0x45, 
    0xAD, 0x3D, 0xAC, 0x3D, 0x8B, 0x35, 0x6A, 0x35, 0xA6, 0x1C, 0x63, 0x14, 0x43, 0x10, 0x83, 0x18, 
    0x84, 0x18, 0xA4, 0x1C, 0x8B, 0x39, 0x0E, 0x4E, 0x93, 0x5A, 0xB2, 0x5E, 0x92, 0x5A, 0x50, 0x56, 
    0x51, 0x56, 0xB3, 0x5E, 0x93, 0x5A, 0xB2, 0x5E, 0xAC, 0x3D, 0x47, 0x35, 0x27, 0x35, 0x46, 0x3D, 
    0xA9, 0x49, 0x67, 0x45, 0x68, 0x45, 0xC9, 0x55, 0x2C, 0x62, 0x6D, 0x66, 0x6E, 0x6A, 0x8E, 0x6A, 
    0x8F, 0x6A, 0xB0, 0x66, 0xD4, 0x66, 0x92, 0x5E, 0x6A, 0x39, 0xAB, 0x41, 0xCD, 0x45, 0xAB, 0x41, 
    0x6B, 0x39, 0x8B, 0x39, 0x8C, 0x39, 0x51, 0x52, 0x31, 0x4E, 0xB6, 0x5A, 0x76, 0x4A, 0x97, 0x4E, 
    0xB9, 0x4E, 0xD9, 0x56, 0xDB, 0x56, 0xFA, 0x5A, 0xDB, 0x56, 0xFA, 0x5A, 0xDB, 0x56, 0xFA, 0x5A, 
    0xDB, 0x56, 0xFB, 0x5A, 0xDB, 0x56, 0xFA, 0x56, 0xD9, 0x52, 0xD7, 0x52, 0x96, 0x4E, 0x94, 0x4E, 
    0x74, 0x4A, 0x72, 0x4A, 0x72, 0x4A, 0x71, 0x4A, 0x72, 0x4A, 0x93, 0x52, 0x94, 0x52, 0xB4, 0x56, 
    0xB4, 0x52, 0xB2, 0x52, 0x92, 0x52, 0x91, 0x52, 0x92, 0x52, 0x92, 0x52, 0x93, 0x52, 0x92, 0x52, 
    0x93, 0x52, 0x93, 0x56, 0x94, 0x52, 0x93, 0x52, 0x72, 0x4E, 0x92, 0x52, 0x73, 0x52, 0x94, 0x56, 
    0x95, 0x52, 0xB6, 0x56, 0xD8, 0x56, 0xF9, 0x5A, 0xFB, 0x5E, 0x1C, 0x63, 0x1C, 0x5F, 0x1C, 0x63, 
    0xFC, 0x5E, 0x1C, 0x5F, 0x1C, 0x5F, 0x1C, 0x5F, 0xFC, 0x5E, 0x1B, 0x5F, 0xFB, 0x5E, 0xFA, 0x5E, 
    0xD9, 0x5A, 0xD5, 0x5A, 0x70, 0x4E, 0x4E, 0x4E, 0x95, 0x5A, 0xF8, 0x62, 0xF8, 0x62, 0xF8, 0x62, 
    0xF8, 0x62, 0x18, 0x63, 0xF8, 0x5E, 0xF8, 0x5E, 0xF8, 0x5A, 0x19, 0x5F, 0x3C, 0x63, 0x7D, 0x6B, 
    0x7F, 0x6F, 0x9E, 0x73, 0x9F, 0x73, 0xBF, 0x73, 0x9F, 0x6F, 0x9E, 0x73, 0x9F, 0x6F, 0x9E, 0x6F, 
    0x7F, 0x6B, 0x7E, 0x6B, 0x5E, 0x67, 0x5D, 0x67, 0x1C, 0x5B, 0x1B, 0x5B, 0xFA, 0x56, 0xD6, 0x52, 
    0x72, 0x4A, 0x71, 0x4A, 0x94, 0x4E, 0xD6, 0x56, 0xD9, 0x5A, 0x1A, 0x5F, 0x1B, 0x5F, 0x3B, 0x63, 
    0x3D, 0x57, 0x1D, 0x57, 0x1C, 0x57, 0xDB, 0x52, 0xB9, 0x4E, 0x54, 0x42, 0x2F, 0x3E, 0x0E, 0x3A, 
    0x2E, 0x3E, 0x51, 0x3E, 0x73, 0x42, 0x52, 0x3E, 0x73, 0x42, 0x76, 0x46, 0x74, 0x42, 0x53, 0x3E, 
    0x52, 0x42, 0x54, 0x42, 0x73, 0x42, 0x52, 0x3E, 0x50, 0x42, 0x51, 0x3E, 0x73, 0x46, 0x98, 0x46, 
    0xB9, 0x4E, 0xB9, 0x4A, 0xB8, 0x4E, 0xB9, 0x4A, 0xB8, 0x4E, 0x99, 0x4A, 0xD9, 0x4E, 0xDB, 0x52, 
    0xFB, 0x52, 0xDB, 0x52, 0xFB, 0x56, 0xDB, 0x52, 0xDA, 0x52, 0xDB, 0x52, 0xFB, 0x56, 0xFB, 0x52, 
    0xFB, 0x56, 0xFB, 0x52, 0xFB, 0x56, 0xFB, 0x52, 0xFA, 0x52, 0xDA, 0x4E, 0xB8, 0x4E, 0x75, 0x42, 
    0x73, 0x42, 0x54, 0x42, 0x75, 0x46, 0x77, 0x4A, 0x76, 0x4A, 0x75, 0x4A, 0x30, 0x42, 0xED, 0x39, 
    0xEC, 0x39, 0x71, 0x4A, 0x15, 0x5F, 0x38, 0x67, 0x59, 0x6B, 0x5A, 0x67, 0x36, 0x63, 0xB1, 0x4E, 
    0xD3, 0x56, 0xF6, 0x5A, 0x16, 0x5F, 0xD4, 0x56, 0xB0, 0x52, 0x6F, 0x4A, 0x6D, 0x46, 0x2D, 0x3E, 
    0x2A, 0x3E, 0xEA, 0x39, 0x09, 0x3A, 0xEB, 0x39, 0x0A, 0x3E, 0xCB, 0x39, 0xCA, 0x39, 0xCB, 0x39, 
    0xEB, 0x3D, 0x0D, 0x42, 0x72, 0x4E, 0xB7, 0x56, 0xD8, 0x5A, 0x54, 0x4A, 0xEF, 0x3D, 0x29, 0x25, 
    0x83, 0x10, 0xA4, 0x14, 0xED, 0x45, 0xED, 0x45, 0xAA, 0x41, 0x48, 0x35, 0x46, 0x35, 0xC9, 0x49, 
    0xC9, 0x4D, 0xCA, 0x4D, 0xE9, 0x4D, 0xCA, 0x49, 0xA8, 0x41, 0x47, 0x39, 0x88, 0x3D, 0x69, 0x39, 
    0x89, 0x3D, 0xEE, 0x45, 0x0E, 0x4A, 0x6A, 0x31, 0xAB, 0x39, 0xEE, 0x45, 0x2E, 0x4A, 0xEE, 0x41, 
    0xCC, 0x3D, 0xEE, 0x45, 0xAB, 0x39, 0x6A, 0x31, 0xE5, 0x20, 0x83, 0x10, 0x82, 0x10, 0xA4, 0x18, 
    0xA4, 0x18, 0x84, 0x14, 0x48, 0x31, 0x0F, 0x4A, 0xD3, 0x62, 0x71, 0x56, 0xF4, 0x62, 0x71, 0x56, 
    0x4F, 0x52, 0x51, 0x52, 0xF4, 0x66, 0x16, 0x67, 0x2E, 0x4E, 0x89, 0x3D, 0xA9, 0x45, 0x68, 0x41, 
    0x87, 0x45, 0x87, 0x45, 0x66, 0x45, 0x87, 0x49, 0x2A, 0x5E, 0x2C, 0x5E, 0x6C, 0x66, 0x6D, 0x62, 
    0x4D, 0x5A, 0x70, 0x5E, 0xD2, 0x66, 0xEC, 0x45, 0x89, 0x39, 0xAB, 0x3D, 0x8A, 0x3D, 0x8A, 0x39, 
    0x49, 0x31, 0x6A, 0x31, 0x69, 0x35, 0x31, 0x4E, 0x93, 0x5A, 0xF7, 0x5A, 0x74, 0x46, 0x76, 0x46, 
    0xB7, 0x4E, 0xB9, 0x4E, 0xD9, 0x56, 0xDA, 0x52, 0xF9, 0x56, 0xDA, 0x52, 0xF9, 0x56, 0xDA, 0x56, 
    0xF9, 0x56, 0xFA, 0x56, 0xFA, 0x56, 0xDA, 0x52, 0xF8, 0x52, 0xB7, 0x4A, 0xB4, 0x4A, 0x73, 0x46, 
    0x92, 0x4A, 0x72, 0x46, 0x91, 0x4A, 0x72, 0x4A, 0x92, 0x4E, 0x93, 0x4E, 0xB3, 0x52, 0xB4, 0x52, 
    0xB3, 0x52, 0xB1, 0x4E, 0xB0, 0x4E, 0x91, 0x4E, 0xB1, 0x52, 0x91, 0x4E, 0x91, 0x52, 0x92, 0x4E, 
    0x92, 0x52, 0x93, 0x52, 0x93, 0x52, 0x92, 0x4E, 0x91, 0x4E, 0x72, 0x4E, 0x92, 0x52, 0x94, 0x52, 
    0xB4, 0x52, 0xB6, 0x52, 0xD7, 0x56, 0xF9, 0x5A, 0x1A, 0x5F, 0x1B, 0x5F, 0x1B, 0x5F, 0x1C, 0x5F, 
    0x1B, 0x5F, 0x1C, 0x5B, 0x1B, 0x5F, 0x1C, 0x5B, 0x1B, 0x5F, 0xFB, 0x5A, 0x1A, 0x5F, 0xFA, 0x5A, 
    0xF9, 0x5E, 0xD7, 0x5A, 0xB3, 0x56, 0x72, 0x4E, 0xB5, 0x5A, 0xF8, 0x5E, 0x18, 0x63, 0x18, 0x63, 
    0x18, 0x63, 0x18, 0x63, 0x18, 0x63, 0xF8, 0x5A, 0xF8, 0x5A, 0x1A, 0x5B, 0x5B, 0x63, 0x7E, 0x6B, 
    0x9E, 0x6F, 0x9F, 0x6F, 0xBE, 0x73, 0xBF, 0x73, 0xBE, 0x73, 0x9F, 0x6F, 0xBE, 0x73, 0x9F, 0x6F, 
    0x9E, 0x6F, 0x9E, 0x6B, 0x9E, 0x6B, 0x5D, 0x63, 0x3C, 0x5F, 0x1B, 0x5B, 0x1A, 0x5B, 0xF7, 0x52, 
    0xB2, 0x4E, 0x72, 0x4A, 0xB3, 0x4E, 0xB6, 0x52, 0x19, 0x5B, 0x1A, 0x5B, 0x3A, 0x5F, 0x3C, 0x63, 
    0x3E, 0x5B, 0x3D, 0x5B, 0xFD, 0x56, 0xFC, 0x56, 0xBA, 0x4A, 0x74, 0x42, 0x31, 0x3E, 0x30, 0x42, 
    0x31, 0x3E, 0x75, 0x46, 0x55, 0x42, 0x52, 0x42, 0x77, 0x46, 0x97, 0x4A, 0x55, 0x42, 0x53, 0x42, 
    0x34, 0x42, 0x75, 0x46, 0x55, 0x42, 0x53, 0x42, 0x53, 0x42, 0x51, 0x42, 0x74, 0x42, 0xB8, 0x4E, 
    0xDB, 0x52, 0xD9, 0x4E, 0xBA, 0x4E, 0xDA, 0x52, 0xBA, 0x4E, 0xB9, 0x4E, 0xBB, 0x52, 0x1D, 0x5B, 
    0xFD, 0x56, 0xFC, 0x5A, 0xDC, 0x56, 0xDB, 0x56, 0xBB, 0x52, 0xDB, 0x52, 0xDB, 0x52, 0xDB, 0x56, 
    0xDB, 0x52, 0xFB, 0x56, 0xFD, 0x56, 0x1C, 0x5B, 0xFC, 0x56, 0xDA, 0x52, 0x98, 0x4A, 0x74, 0x46, 
    0x53, 0x42, 0x53, 0x46, 0x55, 0x46, 0x75, 0x4A, 0x76, 0x4A, 0x73, 0x4A, 0x10, 0x42, 0x0D, 0x42, 
    0xED, 0x3D, 0x92, 0x4E, 0x17, 0x5F, 0x7A, 0x6B, 0x7B, 0x6B, 0x7B, 0x6F, 0x38, 0x67, 0xD2, 0x56, 
    0xD5, 0x5A, 0x17, 0x63, 0xF7, 0x5E, 0xF5, 0x5E, 0xB2, 0x52, 0x6E, 0x4A, 0x4D, 0x42, 0x2B, 0x42, 
    0x0A, 0x3E, 0x09, 0x3E, 0x0B, 0x3E, 0x2C, 0x42, 0x2F, 0x42, 0x2E, 0x46, 0xED, 0x3D, 0xEB, 0x3D, 
    0xCC, 0x3D, 0xEC, 0x41, 0x0F, 0x46, 0x94, 0x52, 0x97, 0x56, 0x33, 0x4A, 0x11, 0x42, 0x29, 0x29, 
    0x64, 0x10, 0x83, 0x14, 0x6A, 0x31, 0x2E, 0x4E, 0xAB, 0x41, 0x47, 0x35, 0x48, 0x39, 0xA9, 0x49, 
    0xAA, 0x49, 0xCA, 0x4D, 0xCA, 0x4D, 0xC9, 0x49, 0x68, 0x3D, 0x68, 0x3D, 0xAB, 0x45, 0x69, 0x3D, 
    0xAB, 0x41, 0xCC, 0x41, 0x4A, 0x31, 0x8A, 0x39, 0xEE, 0x45, 0x2F, 0x4E, 0xEE, 0x45, 0x0E, 0x4A, 
    0xEE, 0x45, 0x2F, 0x4E, 0xCD, 0x3D, 0x6A, 0x35, 0xE7, 0x20, 0x83, 0x14, 0x84, 0x14, 0xA4, 0x18, 
    0xC6, 0x1C, 0xA4, 0x18, 0x49, 0x2D, 0x0E, 0x4A, 0x92, 0x5A, 0x70, 0x56, 0xF6, 0x6A, 0x92, 0x5A, 
    0x30, 0x4E, 0x2F, 0x4E, 0xD5, 0x66, 0x16, 0x6F, 0x93, 0x62, 0x88, 0x41, 0x68, 0x3D, 0xA8, 0x49, 
    0xCA, 0x4D, 0xA8, 0x4D, 0x67, 0x45, 0xA8, 0x4D, 0xEB, 0x59, 0x2B, 0x62, 0x4D, 0x62, 0xEA, 0x51, 
    0xED, 0x51, 0xB2, 0x66, 0x16, 0x73, 0x91, 0x5E, 0xED, 0x49, 0x50, 0x56, 0x69, 0x35, 0x6A, 0x39, 
    0x29, 0x2D, 0x27, 0x2D, 0x08, 0x29, 0xAC, 0x3D, 0x10, 0x4A, 0xF7, 0x62, 0x53, 0x46, 0x73, 0x42, 
    0x96, 0x4A, 0xB8, 0x52, 0xB9, 0x52, 0xD9, 0x56, 0xDA, 0x52, 0xDA, 0x56, 0xDA, 0x56, 0xD9, 0x56, 
    0xDA, 0x56, 0xD9, 0x56, 0xDA, 0x52, 0xD9, 0x56, 0xD9, 0x52, 0xB6, 0x4E, 0x74, 0x4A, 0x73, 0x4A, 
    0x73, 0x4A, 0x72, 0x4A, 0x73, 0x4A, 0x92, 0x4E, 0x93, 0x4E, 0x93, 0x52, 0x93, 0x52, 0xB3, 0x52, 
    0x92, 0x4E, 0x90, 0x52, 0x91, 0x4E, 0x91, 0x52, 0x92, 0x4E, 0x91, 0x52, 0x72, 0x4E, 0x91, 0x52, 
    0x93, 0x52, 0x93, 0x52, 0x93, 0x52, 0x92, 0x52, 0x72, 0x4E, 0x92, 0x52, 0x93, 0x52, 0xB4, 0x56, 
    0x95, 0x52, 0xB5, 0x52, 0xB7, 0x52, 0xF9, 0x5A, 0xFB, 0x5E, 0x1B, 0x5F, 0x1C, 0x5F, 0x1B, 0x5F, 
    0xFC, 0x5A, 0x1B, 0x5F, 0xFC, 0x5A, 0x1B, 0x5F, 0xFB, 0x5A, 0x1B, 0x5F, 0xFB, 0x5A, 0x1A, 0x5F, 
    0xFA, 0x5E, 0xF8, 0x5E, 0xD7, 0x5A, 0xB5, 0x5A, 0xD7, 0x5E, 0xF8, 0x62, 0xF9, 0x62, 0x19, 0x63, 
    0x19, 0x63, 0x18, 0x67, 0x19, 0x63, 0x18, 0x5F, 0xF8, 0x5A, 0x19, 0x5F, 0x3C, 0x67, 0x9D, 0x6F, 
    0x9F, 0x6F, 0xBF, 0x73, 0xBF, 0x73, 0xBE, 0x73, 0x9F, 0x73, 0x9E, 0x73, 0x9F, 0x73, 0xBE, 0x73, 
    0x9F, 0x6F, 0x9E, 0x6F, 0x7F, 0x6B, 0x7D, 0x6B, 0x3D, 0x5F, 0x3B, 0x5F, 0x1B, 0x5B, 0xF8, 0x5A, 
    0xB5, 0x52, 0x92, 0x4E, 0x94, 0x4E, 0xD6, 0x56, 0xFA, 0x5A, 0x1A, 0x63, 0x1C, 0x63, 0x3C, 0x67, 
    0x7E, 0x63, 0x3E, 0x5B, 0x3D, 0x5B, 0xFC, 0x52, 0xB9, 0x4E, 0x56, 0x42, 0x53, 0x42, 0x52, 0x42, 
    0x74, 0x46, 0x97, 0x46, 0x76, 0x46, 0x76, 0x42, 0xB8, 0x4A, 0x77, 0x46, 0x75, 0x46, 0x74, 0x42, 
    0x75, 0x46, 0x76, 0x46, 0x76, 0x46, 0x56, 0x42, 0x75, 0x46, 0x53, 0x42, 0x73, 0x46, 0xB8, 0x4A, 
    0xFA, 0x56, 0xDA, 0x52, 0xDA, 0x52, 0xDC, 0x52, 0xDA, 0x52, 0xDA, 0x4E, 0xDA, 0x52, 0x1D, 0x57, 
    0x3D, 0x5B, 0x1D, 0x57, 0xFC, 0x56, 0xDB, 0x52, 0xDA, 0x52, 0xDB, 0x52, 0xFA, 0x52, 0xDB, 0x52, 
    0xFA, 0x52, 0xFC, 0x56, 0x1C, 0x5B, 0x1D, 0x5B, 0x1B, 0x57, 0xDA, 0x52, 0xB7, 0x4A, 0x75, 0x42, 
    0x53, 0x46, 0x32, 0x42, 0x53, 0x46, 0x54, 0x46, 0x74, 0x4E, 0x53, 0x4A, 0x30, 0x46, 0x10, 0x42, 
    0x2F, 0x42, 0x93, 0x4E, 0x37, 0x63, 0x7B, 0x6B, 0xBC, 0x73, 0x9C, 0x6F, 0x57, 0x6B, 0x15, 0x5F, 
    0x37, 0x63, 0x38, 0x63, 0x38, 0x67, 0xF6, 0x5A, 0xD3, 0x56, 0x6F, 0x46, 0x4C, 0x42, 0x0A, 0x3E, 
    0x09, 0x3E, 0x0A, 0x3A, 0x2A, 0x3E, 0x4E, 0x42, 0x71, 0x4A, 0x72, 0x4A, 0x50, 0x4A, 0x0E, 0x42, 
    0x0C, 0x42, 0xEC, 0x3D, 0x0D, 0x42, 0x30, 0x46, 0x73, 0x4E, 0x33, 0x46, 0x31, 0x46, 0x6B, 0x2D, 
    0xA4, 0x18, 0x84, 0x14, 0x27, 0x29, 0x50, 0x52, 0x4F, 0x56, 0xCB, 0x45, 0x88, 0x3D, 0x89, 0x41, 
    0xC9, 0x49, 0xCA, 0x49, 0xEA, 0x4D, 0x89, 0x45, 0x88, 0x41, 0xAB, 0x45, 0xCA, 0x45, 0x48, 0x35, 
    0xCB, 0x41, 0x8B, 0x39, 0x69, 0x35, 0xCD, 0x41, 0x2E, 0x4E, 0x30, 0x4E, 0x0E, 0x4A, 0xEE, 0x45, 
    0xED, 0x45, 0x30, 0x4A, 0xED, 0x41, 0x49, 0x2D, 0x06, 0x25, 0x63, 0x10, 0x82, 0x10, 0x84, 0x18, 
    0xC4, 0x1C, 0x84, 0x18, 0x8A, 0x39, 0x0F, 0x4A, 0x50, 0x52, 0x50, 0x52, 0x16, 0x6B, 0xB4, 0x5E, 
    0x4F, 0x52, 0x30, 0x4E, 0xF4, 0x66, 0xF5, 0x66, 0x15, 0x6B, 0x89, 0x41, 0x88, 0x45, 0x47, 0x3D, 
    0xEA, 0x55, 0x0B, 0x5A, 0xC8, 0x51, 0xA8, 0x4D, 0xC8, 0x51, 0x0B, 0x5A, 0x6C, 0x66, 0xEB, 0x51, 
    0x8F, 0x62, 0xD3, 0x66, 0x35, 0x73, 0x72, 0x5A, 0xCB, 0x41, 0x0F, 0x4E, 0xCC, 0x45, 0x6A, 0x39, 
    0x48, 0x2D, 0x28, 0x2D, 0x07, 0x29, 0x8C, 0x39, 0x8A, 0x39, 0xB5, 0x56, 0x51, 0x46, 0x31, 0x3E, 
    0x74, 0x46, 0x98, 0x4A, 0xB8, 0x52, 0xB9, 0x52, 0xD9, 0x56, 0xDA, 0x52, 0xF9, 0x56, 0xD9, 0x52, 
    0xD8, 0x52, 0xB9, 0x52, 0xD9, 0x56, 0xD9, 0x52, 0xD8, 0x52, 0xB6, 0x4A, 0x93, 0x4A, 0x73, 0x46, 
    0x92, 0x4A, 0x73, 0x4A, 0x92, 0x4E, 0x93, 0x4E, 0xB3, 0x4E, 0x93, 0x4E, 0xB3, 0x52, 0x93, 0x4E, 
    0x91, 0x4E, 0x91, 0x4E, 0x90, 0x4E, 0x91, 0x4E, 0x91, 0x52, 0x91, 0x4E, 0x91, 0x52, 0x92, 0x4E, 
    0x92, 0x52, 0x93, 0x52, 0x92, 0x52, 0x72, 0x4E, 0x92, 0x4E, 0x72, 0x4E, 0x92, 0x52, 0x94, 0x52, 
    0xB4, 0x52, 0xB6, 0x52, 0xD6, 0x56, 0xD9, 0x56, 0x1A, 0x5F, 0x1B, 0x5B, 0x1B, 0x5F, 0x1B, 0x5B, 
    0x1B, 0x5F, 0x1C, 0x5B, 0x1B, 0x5F, 0xFB, 0x5A, 0x1B, 0x5F, 0xFB, 0x5A, 0x1B, 0x5F, 0xFB, 0x5E, 
    0x19, 0x5F, 0xF9, 0x5A, 0xF8, 0x5E, 0xD8, 0x5A, 0xF8, 0x5E, 0xF9, 0x5E, 0x19, 0x63, 0x19, 0x63, 
    0x39, 0x67, 0x19, 0x63, 0x38, 0x63, 0x19, 0x5F, 0x18, 0x5F, 0x1A, 0x5F, 0x5C, 0x67, 0x9E, 0x6B, 
    0xBE, 0x73, 0xBF, 0x73, 0xBE, 0x73, 0x9F, 0x73, 0x9E, 0x73, 0x9F, 0x6F, 0xBE, 0x73, 0x9F, 0x73, 
    0xBF, 0x73, 0x9F, 0x6F, 0x9E, 0x6F, 0x7E, 0x67, 0x5C, 0x63, 0x3C, 0x5F, 0x1A, 0x5B, 0xF9, 0x56, 
    0xF6, 0x56, 0x94, 0x4E, 0x93, 0x52, 0xB7, 0x56, 0x19, 0x5F, 0x1B, 0x5F, 0x3B, 0x63, 0x3D, 0x63, 
    0x7F, 0x63, 0x7E, 0x63, 0x3E, 0x5B, 0x1D, 0x57, 0xBB, 0x4E, 0x77, 0x46, 0x55, 0x42, 0x74, 0x42, 
    0x77, 0x46, 0xB9, 0x4E, 0x78, 0x46, 0xB8, 0x4E, 0x99, 0x4E, 0x76, 0x46, 0x76, 0x46, 0x75, 0x46, 
    0x76, 0x46, 0x97, 0x4A, 0x78, 0x46, 0x98, 0x4A, 0x98, 0x4A, 0x75, 0x46, 0x54, 0x42, 0xB7, 0x4A, 
    0xDB, 0x52, 0xDA, 0x52, 0xDB, 0x52, 0xFC, 0x5A, 0xDB, 0x52, 0xDA, 0x52, 0xBB, 0x4E, 0x1C, 0x5B, 
    0x1E, 0x5B, 0x1D, 0x5B, 0xFC, 0x56, 0xDB, 0x52, 0xBB, 0x52, 0xDB, 0x56, 0xDB, 0x52, 0xDA, 0x52, 
    0xDB, 0x52, 0xFB, 0x56, 0xFD, 0x5A, 0x1D, 0x5F, 0xFD, 0x5A, 0xDA, 0x56, 0x98, 0x4A, 0x76, 0x4A, 
    0x55, 0x46, 0x52, 0x46, 0x32, 0x46, 0x52, 0x4A, 0x53, 0x4A, 0x52, 0x4E, 0x33, 0x4A, 0x53, 0x4A, 
    0x31, 0x46, 0x93, 0x52, 0x18, 0x63, 0x9B, 0x73, 0xBD, 0x77, 0xBC, 0x77, 0x79, 0x6F, 0x37, 0x67, 
    0x39, 0x67, 0x79, 0x6F, 0x39, 0x67, 0x16, 0x5F, 0xD5, 0x56, 0x8F, 0x4E, 0x2C, 0x42, 0x2A, 0x3E, 
    0x0A, 0x3E, 0x0A, 0x3E, 0x0B, 0x3E, 0x4E, 0x46, 0x93, 0x4E, 0x94, 0x4E, 0x74, 0x4A, 0x72, 0x4E, 
    0x30, 0x46, 0x0E, 0x46, 0x0F, 0x42, 0x0F, 0x46, 0x32, 0x46, 0x53, 0x4A, 0xF0, 0x41, 0xAD, 0x39, 
    0xC7, 0x20, 0x83, 0x14, 0xC6, 0x20, 0x8A, 0x3D, 0x2F, 0x52, 0xEC, 0x4D, 0x69, 0x39, 0x67, 0x41, 
    0xAA, 0x49, 0xCA, 0x4D, 0xAA, 0x49, 0x89, 0x45, 0x89, 0x41, 0xCA, 0x49, 0x48, 0x39, 0x48, 0x39, 
    0x8A, 0x3D, 0x49, 0x35, 0xEE, 0x49, 0x0E, 0x4A, 0x30, 0x4E, 0x2F, 0x52, 0x10, 0x4E, 0x0E, 0x4A, 
    0xEE, 0x45, 0x0F, 0x4E, 0xCD, 0x41, 0x6A, 0x35, 0x07, 0x25, 0x62, 0x14, 0x63, 0x10, 0xC5, 0x1C, 
    0xA6, 0x1C, 0xC5, 0x20, 0x4A, 0x31, 0x50, 0x56, 0x30, 0x4E, 0x50, 0x56, 0xB4, 0x62, 0xB3, 0x62, 
    0x72, 0x56, 0x50, 0x56, 0xD4, 0x62, 0x15, 0x6B, 0xF6, 0x6A, 0xEC, 0x4D, 0x88, 0x45, 0x88, 0x49, 
    0x88, 0x4D, 0x0B, 0x5E, 0xEB, 0x59, 0xC9, 0x55, 0xEA, 0x55, 0x2C, 0x5E, 0xEB, 0x55, 0xA9, 0x4D, 
    0xB1, 0x66, 0x15, 0x6F, 0x92, 0x62, 0x8A, 0x3D, 0xEE, 0x49, 0xED, 0x4D, 0xAC, 0x41, 0x49, 0x31, 
    0xE7, 0x24, 0x07, 0x2D, 0x08, 0x29, 0x30, 0x4E, 0xAC, 0x3D, 0x30, 0x4A, 0x11, 0x42, 0x0F, 0x3A, 
    0x54, 0x42, 0x97, 0x4E, 0x99, 0x4E, 0xB9, 0x52, 0xBA, 0x52, 0xD9, 0x56, 0xDA, 0x56, 0xD8, 0x52, 
    0xB8, 0x4E, 0xB8, 0x52, 0xB9, 0x52, 0xD9, 0x56, 0xB9, 0x52, 0xB6, 0x4E, 0x73, 0x4A, 0x72, 0x4A, 
    0x73, 0x4A, 0x73, 0x4E, 0x73, 0x4E, 0x93, 0x52, 0x94, 0x52, 0xB3, 0x52, 0x93, 0x52, 0x92, 0x52, 
    0x91, 0x4E, 0x90, 0x52, 0x91, 0x4E, 0x91, 0x52, 0x71, 0x4E, 0x91, 0x52, 0x72, 0x4E, 0x91, 0x52, 
    0x93, 0x52, 0x92, 0x52, 0x73, 0x52, 0x92, 0x52, 0x72, 0x4E, 0x92, 0x52, 0x73, 0x52, 0x93, 0x52, 
    0x95, 0x52, 0xB5, 0x52, 0xB7, 0x52, 0xD8, 0x56, 0xFA, 0x5A, 0x1B, 0x5F, 0xFC, 0x5E, 0x1B, 0x5F, 
    0xFC, 0x5A, 0x1B, 0x5F, 0xFC, 0x5E, 0x1B, 0x5F, 0xFC, 0x5E, 0x1B, 0x5F, 0xFC, 0x5E, 0x1B, 0x5F, 
    0xFA, 0x5E, 0xF9, 0x5E, 0xD9, 0x5E, 0xF9, 0x62, 0xF9, 0x5E, 0x19, 0x63, 0xFA, 0x62, 0x19, 0x67, 
    0x1A, 0x67, 0x39, 0x67, 0x1A, 0x63, 0x19, 0x63, 0x1A, 0x5F, 0x3B, 0x63, 0x5D, 0x67, 0x9E, 0x6F, 
    0x9F, 0x73, 0xBF, 0x77, 0x9F, 0x73, 0x9E, 0x73, 0x9F, 0x6F, 0x9E, 0x73, 0x9F, 0x73, 0xBF, 0x77, 
    0x9F, 0x73, 0x9F, 0x73, 0x7F, 0x6F, 0x7E, 0x6B, 0x5D, 0x63, 0x3C, 0x63, 0x1B, 0x5B, 0x1A, 0x5B, 
    0xD8, 0x56, 0xB5, 0x56, 0x95, 0x52, 0xD7, 0x5A, 0xFB, 0x5E, 0x3C, 0x67, 0x3D, 0x67, 0x5D, 0x6B, 
    0xBE, 0x6B, 0x9F, 0x63, 0x7E, 0x5F, 0x1D, 0x57, 0xDA, 0x4E, 0x98, 0x46, 0x75, 0x42, 0x75, 0x42, 
    0xB8, 0x4A, 0xDA, 0x4E, 0xD9, 0x4E, 0xBA, 0x4E, 0xB9, 0x4E, 0x98, 0x4A, 0x97, 0x4A, 0x75, 0x42, 
    0x95, 0x46, 0x97, 0x46, 0xB8, 0x4A, 0xB9, 0x4A, 0xB9, 0x4E, 0x97, 0x4A, 0x95, 0x46, 0x97, 0x46, 
    0xFA, 0x52, 0xDA, 0x4E, 0xDA, 0x52, 0xFC, 0x56, 0xFB, 0x52, 0xDB, 0x4E, 0xDA, 0x52, 0x1C, 0x57, 
    0x3D, 0x5F, 0x1D, 0x5B, 0xFB, 0x56, 0xDA, 0x4E, 0xDA, 0x52, 0xDB, 0x52, 0xFA, 0x52, 0xBA, 0x4E, 
    0xDA, 0x52, 0xFC, 0x56, 0x1C, 0x5B, 0x1D, 0x5B, 0x1C, 0x5B, 0xDB, 0x52, 0xB8, 0x4E, 0x97, 0x4A, 
    0x75, 0x4A, 0x53, 0x46, 0x52, 0x46, 0x52, 0x46, 0x52, 0x4A, 0x53, 0x4A, 0x95, 0x52, 0x74, 0x4A, 
    0x51, 0x46, 0x93, 0x4E, 0x17, 0x63, 0x9B, 0x6F, 0xDC, 0x77, 0xBC, 0x73, 0x99, 0x73, 0x59, 0x6B, 
    0x79, 0x6B, 0x7A, 0x6B, 0x79, 0x6B, 0x17, 0x5F, 0xF5, 0x5A, 0x90, 0x4E, 0x4B, 0x42, 0x0A, 0x3E, 
    0x29, 0x3E, 0x0A, 0x3E, 0x2B, 0x42, 0x6E, 0x46, 0xB2, 0x4E, 0xB5, 0x4E, 0xB5, 0x4E, 0x95, 0x4E, 
    0x93, 0x4A, 0x51, 0x46, 0x50, 0x46, 0x30, 0x42, 0x31, 0x46, 0x53, 0x4A, 0xEE, 0x3D, 0x6B, 0x2D, 
    0x07, 0x25, 0x83, 0x10, 0xA4, 0x18, 0x89, 0x35, 0x2D, 0x4E, 0x69, 0x35, 0x67, 0x39, 0x89, 0x41, 
    0xC9, 0x49, 0xAA, 0x49, 0xA8, 0x45, 0xA9, 0x45, 0xA9, 0x45, 0xAA, 0x45, 0x47, 0x35, 0x68, 0x35, 
    0x26, 0x31, 0xAC, 0x3D, 0x4F, 0x52, 0x2F, 0x4A, 0x70, 0x56, 0x2F, 0x4E, 0x4F, 0x4E, 0xEE, 0x45, 
    0x0E, 0x46, 0xEE, 0x45, 0xAB, 0x3D, 0x8B, 0x35, 0x48, 0x2D, 0x62, 0x10, 0x62, 0x0C, 0x07, 0x25, 
    0xE5, 0x20, 0xE6, 0x20, 0x48, 0x2D, 0x2F, 0x4E, 0x0D, 0x4A, 0x0F, 0x4A, 0x71, 0x56, 0xB3, 0x5E, 
    0xB3, 0x5E, 0x72, 0x56, 0xD3, 0x5E, 0x16, 0x6B, 0xF4, 0x66, 0x4F, 0x56, 0xA8, 0x45, 0xCA, 0x4D, 
    0xE9, 0x55, 0x0A, 0x5A, 0x4B, 0x62, 0xEA, 0x55, 0x0A, 0x56, 0xEB, 0x51, 0x4C, 0x5E, 0x4D, 0x5A, 
    0xD1, 0x66, 0x4F, 0x56, 0xCB, 0x45, 0x07, 0x29, 0xAA, 0x3D, 0x51, 0x56, 0x89, 0x39, 0x07, 0x29, 
    0xE5, 0x24, 0xA4, 0x1C, 0x27, 0x29, 0x72, 0x56, 0xED, 0x45, 0xEF, 0x41, 0x0E, 0x3E, 0xEE, 0x35, 
    0x53, 0x42, 0x97, 0x46, 0xB8, 0x4E, 0xB9, 0x4E, 0xD8, 0x52, 0xD9, 0x52, 0xD9, 0x56, 0xB9, 0x52, 
    0xB7, 0x4E, 0xB8, 0x4E, 0xB8, 0x52, 0xB9, 0x4E, 0xD8, 0x52, 0x96, 0x4A, 0x92, 0x4A, 0x72, 0x46, 
    0x92, 0x4A, 0x73, 0x4A, 0x93, 0x4E, 0x94, 0x4E, 0xB3, 0x52, 0xB3, 0x52, 0xB2, 0x52, 0x92, 0x4E, 
    0xB1, 0x4E, 0x91, 0x4E, 0xB1, 0x4E, 0x91, 0x4E, 0x91, 0x52, 0x91, 0x4E, 0x91, 0x4E, 0x92, 0x4E, 
    0x92, 0x52, 0x93, 0x4E, 0x92, 0x52, 0x92, 0x4E, 0x92, 0x52, 0x92, 0x4E, 0x92, 0x52, 0x94, 0x4E, 
    0xB4, 0x52, 0x95, 0x4E, 0xD6, 0x52, 0xD8, 0x52, 0x19, 0x5B, 0xFB, 0x5A, 0x1B, 0x5F, 0x1B, 0x5B, 
    0x1B, 0x5F, 0x1B, 0x5B, 0x1B, 0x5F, 0x1C, 0x5B, 0x1B, 0x5F, 0x1C, 0x5B, 0x1B, 0x5F, 0x1B, 0x5B, 
    0x1A, 0x5F, 0xF9, 0x5A, 0xF9, 0x5E, 0xF9, 0x5E, 0x19, 0x63, 0x19, 0x63, 0x19, 0x63, 0x1A, 0x63, 
    0x39, 0x67, 0x3B, 0x63, 0x5A, 0x67, 0x3A, 0x63, 0x5A, 0x63, 0x5C, 0x63, 0x7D, 0x6B, 0x9E, 0x6F, 
    0xBE, 0x77, 0xBF, 0x73, 0xBE, 0x73, 0x9F, 0x6F, 0xBE, 0x6F, 0x9F, 0x6F, 0xBE, 0x73, 0xBF, 0x73, 
    0xBE, 0x73, 0x9F, 0x6F, 0x9E, 0x6F, 0x7E, 0x67, 0x5C, 0x63, 0x3C, 0x5F, 0x3B, 0x5F, 0x1A, 0x5B, 
    0x19, 0x5B, 0xD6, 0x52, 0xB5, 0x52, 0xD8, 0x56, 0x3A, 0x5F, 0x3C, 0x63, 0x5C, 0x67, 0x5D, 0x67, 
    0x9F, 0x6B, 0x9F, 0x6B, 0x7F, 0x5F, 0x3D, 0x5B, 0xDB, 0x4E, 0x98, 0x4A, 0x77, 0x42, 0x95, 0x46, 
    0xB9, 0x4A, 0xFB, 0x56, 0xDB, 0x52, 0xDB, 0x56, 0xBB, 0x52, 0xDA, 0x52, 0xB9, 0x4E, 0x96, 0x4A, 
    0x76, 0x46, 0xB8, 0x4A, 0xB9, 0x4A, 0xDA, 0x52, 0xBA, 0x52, 0xB9, 0x4E, 0x98, 0x4A, 0xB8, 0x4E, 
    0xDA, 0x4E, 0xB8, 0x4E, 0xB9, 0x4E, 0xFB, 0x56, 0xDC, 0x52, 0xDB, 0x52, 0xDC, 0x52, 0x1C, 0x5B, 
    0x3E, 0x5B, 0x3D, 0x5F, 0xFD, 0x56, 0xDB, 0x52, 0xDB, 0x52, 0xFB, 0x56, 0xDB, 0x52, 0xDA, 0x52, 
    0xDB, 0x52, 0xFC, 0x5A, 0xFD, 0x5A, 0x1C, 0x5B, 0xFC, 0x56, 0xFB, 0x56, 0xBA, 0x52, 0xB8, 0x52, 
    0x76, 0x4A, 0x74, 0x4A, 0x54, 0x46, 0x53, 0x4A, 0x54, 0x4A, 0x95, 0x52, 0x96, 0x52, 0x73, 0x4A, 
    0x32, 0x46, 0xB3, 0x52, 0xF8, 0x5E, 0x7A, 0x6F, 0xBD, 0x77, 0xBC, 0x77, 0x9B, 0x73, 0x9A, 0x73, 
    0x7B, 0x6F, 0x9B, 0x73, 0x7A, 0x6B, 0x38, 0x63, 0xF6, 0x5A, 0xB2, 0x52, 0x4C, 0x42, 0x2A, 0x3E, 
    0x0A, 0x3E, 0x2A, 0x42, 0x2B, 0x42, 0x6E, 0x4A, 0x93, 0x4E, 0xB5, 0x52, 0xB6, 0x52, 0xB6, 0x52, 
    0x96, 0x4E, 0x94, 0x4E, 0x52, 0x46, 0x51, 0x46, 0x32, 0x46, 0x52, 0x4A, 0xEF, 0x41, 0xAC, 0x39, 
    0xE8, 0x20, 0x42, 0x0C, 0xA5, 0x18, 0x0D, 0x4A, 0x71, 0x56, 0xCB, 0x45, 0xAB, 0x45, 0xA9, 0x45, 
    0x89, 0x45, 0xA8, 0x45, 0x89, 0x45, 0xCA, 0x49, 0xAA, 0x49, 0xA9, 0x45, 0x48, 0x39, 0x68, 0x3D, 
    0x48, 0x35, 0xED, 0x49, 0xEE, 0x49, 0x71, 0x56, 0x71, 0x56, 0x4F, 0x52, 0x51, 0x52, 0x2F, 0x4E, 
    0x0F, 0x4A, 0x0E, 0x4A, 0xAD, 0x3D, 0x6A, 0x35, 0x28, 0x29, 0xA4, 0x18, 0x42, 0x0C, 0xA4, 0x1C, 
    0xA5, 0x18, 0xE6, 0x20, 0x29, 0x2D, 0xCC, 0x41, 0xCD, 0x41, 0xED, 0x49, 0x10, 0x4A, 0xB3, 0x5E, 
    0xB4, 0x5E, 0xB3, 0x62, 0xB3, 0x5E, 0x15, 0x6B, 0xB3, 0x62, 0x50, 0x5A, 0xEC, 0x51, 0xC9, 0x4D, 
    0xEA, 0x55, 0x2A, 0x5E, 0x4C, 0x62, 0x2B, 0x5E, 0x0C, 0x5A, 0xC9, 0x51, 0x0B, 0x56, 0xAF, 0x6A, 
    0x4E, 0x5A, 0xCB, 0x45, 0x8B, 0x3D, 0xED, 0x49, 0xAC, 0x41, 0x71, 0x5A, 0x8B, 0x3D, 0x8A, 0x39, 
    0x28, 0x2D, 0xE6, 0x24, 0x4A, 0x31, 0xB3, 0x5E, 0xEE, 0x45, 0x0F, 0x46, 0xEF, 0x3D, 0xED, 0x35, 
    0x33, 0x3E, 0x97, 0x4A, 0x98, 0x4E, 0xB8, 0x52, 0xB9, 0x52, 0xD9, 0x52, 0xD9, 0x52, 0xD8, 0x52, 
    0xB8, 0x4E, 0xB8, 0x52, 0xB8, 0x4E, 0xB8, 0x52, 0xB9, 0x4E, 0xB5, 0x4E, 0x73, 0x4A, 0x72, 0x4A, 
    0x72, 0x4A, 0x92, 0x4E, 0x73, 0x4E, 0x93, 0x52, 0xB4, 0x52, 0xB3, 0x52, 0x93, 0x4E, 0xB2, 0x52, 
    0x92, 0x4E, 0xB1, 0x52, 0x92, 0x4E, 0xB1, 0x52, 0x92, 0x52, 0x91, 0x52, 0x72, 0x4E, 0x92, 0x52, 
    0x93, 0x52, 0x93, 0x52, 0x73, 0x4E, 0x92, 0x52, 0x73, 0x4E, 0x92, 0x52, 0x93, 0x52, 0x93, 0x52, 
    0x94, 0x4E, 0xB5, 0x52, 0xB7, 0x52, 0xD8, 0x56, 0xFA, 0x56, 0x1A, 0x5F, 0xFB, 0x5E, 0x1B, 0x5F, 
    0xFC, 0x5A, 0x1B, 0x5F, 0x1C, 0x5F, 0x1C, 0x5F, 0x1C, 0x5F, 0x1C, 0x5F, 0xFC, 0x5E, 0x1B, 0x5F, 
    0xFB, 0x5E, 0xF9, 0x5E, 0xF9, 0x5E, 0xF9, 0x62, 0xFA, 0x62, 0x19, 0x63, 0x1A, 0x63, 0x3A, 0x67, 
    0x3B, 0x67, 0x5B, 0x67, 0x3C, 0x67, 0x5B, 0x67, 0x3C, 0x67, 0x5C, 0x67, 0x7E, 0x6B, 0xBE, 0x73, 
    0xBF, 0x73, 0xBE, 0x77, 0x9F, 0x6F, 0x9E, 0x73, 0x9F, 0x6F, 0xBF, 0x73, 0xBF, 0x73, 0xBF, 0x77, 
    0x9F, 0x73, 0xBF, 0x73, 0x9F, 0x6F, 0x7E, 0x6B, 0x3D, 0x63, 0x3C, 0x63, 0x1C, 0x5F, 0x1B, 0x5F, 
    0xFA, 0x5A, 0xD7, 0x56, 0xB6, 0x52, 0xF8, 0x5A, 0x1B, 0x5F, 0x5C, 0x67, 0x5D, 0x67, 0x5D, 0x6B, 
    0xBE, 0x6F, 0x9F, 0x67, 0x7E, 0x63, 0x1D, 0x57, 0xDA, 0x52, 0x99, 0x46, 0x96, 0x42, 0x76, 0x42, 
    0xD9, 0x4E, 0xFC, 0x56, 0x1C, 0x57, 0xFC, 0x56, 0xFC, 0x56, 0xFC, 0x52, 0xD9, 0x52, 0x98, 0x4A, 
    0x97, 0x4A, 0xB9, 0x4A, 0xFA, 0x4E, 0xDB, 0x52, 0xDA, 0x52, 0xBA, 0x4E, 0xB9, 0x4E, 0xB9, 0x4A, 
    0xD9, 0x4E, 0x97, 0x46, 0xB8, 0x4A, 0xFB, 0x52, 0xFB, 0x52, 0xDB, 0x52, 0xFC, 0x56, 0x1D, 0x5B, 
    0x3D, 0x5F, 0x1D, 0x5B, 0x1C, 0x5B, 0xDB, 0x52, 0xFB, 0x56, 0xFC, 0x56, 0xFB, 0x56, 0xBB, 0x52, 
    0xDB, 0x56, 0xFC, 0x56, 0x1C, 0x5B, 0x1C, 0x5B, 0x1B, 0x5B, 0xFB, 0x56, 0xFA, 0x56, 0xB9, 0x52, 
    0xB6, 0x4E, 0x76, 0x4A, 0x74, 0x4A, 0x55, 0x4A, 0x95, 0x4E, 0x96, 0x4E, 0x95, 0x4E, 0x54, 0x4A, 
    0x52, 0x4A, 0x94, 0x4E, 0xF6, 0x5E, 0x59, 0x67, 0x9B, 0x73, 0xBC, 0x77, 0xBB, 0x77, 0x9C, 0x73, 
    0xBB, 0x73, 0x9C, 0x73, 0x9A, 0x6F, 0x19, 0x63, 0xF7, 0x5A, 0xB4, 0x52, 0x6D, 0x46, 0x2A, 0x3E, 
    0x29, 0x3E, 0x2B, 0x3E, 0x4B, 0x42, 0x6E, 0x46, 0xB2, 0x4E, 0xB5, 0x4E, 0xD6, 0x52, 0xD7, 0x52, 
    0xD7, 0x52, 0xB6, 0x4E, 0x94, 0x4E, 0x53, 0x46, 0x52, 0x46, 0x32, 0x46, 0xAD, 0x39, 0xF0, 0x41, 
    0x49, 0x2D, 0x84, 0x14, 0xC4, 0x1C, 0xEE, 0x45, 0x91, 0x5A, 0x0E, 0x4E, 0xAA, 0x41, 0x69, 0x3D, 
    0x46, 0x39, 0x88, 0x41, 0xA8, 0x45, 0xCB, 0x4D, 0xEB, 0x4D, 0x8A, 0x41, 0x67, 0x39, 0x27, 0x35, 
    0x88, 0x3D, 0xCC, 0x45, 0x2E, 0x4E, 0x72, 0x56, 0x71, 0x5A, 0x30, 0x4E, 0x70, 0x56, 0x0F, 0x4A, 
    0x0E, 0x4A, 0xEE, 0x41, 0xCC, 0x41, 0x49, 0x2D, 0x27, 0x29, 0x84, 0x14, 0x62, 0x10, 0x63, 0x10, 
    0xC5, 0x18, 0xC6, 0x1C, 0x28, 0x2D, 0x6A, 0x35, 0xAB, 0x3D, 0xCD, 0x41, 0x2F, 0x4E, 0x72, 0x56, 
    0xB3, 0x5E, 0xB4, 0x5E, 0xD3, 0x62, 0xD5, 0x66, 0xD3, 0x66, 0xD4, 0x66, 0x70, 0x5E, 0xA9, 0x49, 
    0x0A, 0x5A, 0x2C, 0x62, 0x2B, 0x5E, 0x0B, 0x5A, 0x0B, 0x56, 0xCA, 0x4D, 0x4C, 0x5E, 0x8F, 0x66, 
    0xB0, 0x66, 0x0D, 0x4E, 0x4E, 0x56, 0x71, 0x5E, 0x0D, 0x4E, 0x8B, 0x3D, 0xAB, 0x3D, 0x8B, 0x39, 
    0x28, 0x2D, 0x07, 0x25, 0x48, 0x31, 0x72, 0x5A, 0x2F, 0x4E, 0x31, 0x4E, 0x0E, 0x3E, 0xCD, 0x31, 
    0x32, 0x3E, 0x77, 0x4A, 0xB8, 0x4E, 0xB9, 0x4E, 0xB8, 0x52, 0xB8, 0x4E, 0xD8, 0x52, 0xB8, 0x4E, 
    0xB8, 0x52, 0xB8, 0x4E, 0xB8, 0x52, 0xB9, 0x52, 0xB8, 0x52, 0x96, 0x4A, 0x92, 0x4A, 0x72, 0x46, 
    0x91, 0x4A, 0x72, 0x4A, 0x93, 0x4E, 0x94, 0x4E, 0xB3, 0x52, 0xB4, 0x4E, 0xB3, 0x52, 0xB3, 0x52, 
    0xB2, 0x52, 0xB3, 0x52, 0xB2, 0x52, 0xB3, 0x52, 0xB2, 0x52, 0x92, 0x52, 0x92, 0x52, 0x92, 0x4E, 
    0xB3, 0x52, 0x93, 0x52, 0x93, 0x52, 0x73, 0x4E, 0x92, 0x52, 0x73, 0x4E, 0x93, 0x52, 0x94, 0x4E, 
    0x93, 0x52, 0x95, 0x4E, 0xB6, 0x52, 0xB8, 0x52, 0xF9, 0x5A, 0xFB, 0x5A, 0x1B, 0x5F, 0xFB, 0x5A, 
    0x1B, 0x5F, 0x1C, 0x5B, 0x1B, 0x5F, 0x1C, 0x5B, 0x1C, 0x5F, 0x1C, 0x5F, 0x1B, 0x5F, 0xFC, 0x5E, 
    0x1A, 0x5F, 0xFA, 0x5A, 0xF9, 0x5E, 0xFA, 0x5E, 0x19, 0x63, 0x1A, 0x63, 0x19, 0x67, 0x1A, 0x67, 
    0x5B, 0x67, 0x5C, 0x67, 0x7C, 0x6B, 0x5D, 0x6B, 0x7C, 0x6B, 0x7D, 0x67, 0x9D, 0x6B, 0xBF, 0x6F, 
    0xDF, 0x77, 0xBF, 0x73, 0xBE, 0x73, 0x9F, 0x6F, 0xBE, 0x73, 0xBF, 0x73, 0xBE, 0x77, 0xBF, 0x73, 
    0xBE, 0x73, 0x9F, 0x6F, 0x9E, 0x6F, 0x7E, 0x6B, 0x5C, 0x63, 0x3C, 0x5F, 0x3C, 0x63, 0x1C, 0x5F, 
    0x1A, 0x5F, 0xD7, 0x56, 0xD6, 0x56, 0xF8, 0x5A, 0x3A, 0x63, 0x3C, 0x67, 0x5C, 0x6B, 0x5D, 0x6B, 
    0x9F, 0x6F, 0xBF, 0x6B, 0x7F, 0x63, 0x3D, 0x5B, 0xDB, 0x4E, 0xB9, 0x4A, 0x77, 0x42, 0x75, 0x42, 
    0xB9, 0x4A, 0x1C, 0x5B, 0x1E, 0x5B, 0x1D, 0x5F, 0x1E, 0x5B, 0x1C, 0x5B, 0xDB, 0x52, 0xB9, 0x4E, 
    0x99, 0x4E, 0xFB, 0x56, 0xFB, 0x52, 0xFB, 0x52, 0xDB, 0x52, 0xDA, 0x52, 0xBA, 0x4E, 0xB9, 0x52, 
    0xB9, 0x4E, 0x76, 0x46, 0x98, 0x4A, 0xDA, 0x52, 0xDB, 0x52, 0xFB, 0x56, 0xFD, 0x56, 0x1D, 0x5B, 
    0x1E, 0x5B, 0x3D, 0x5F, 0xFD, 0x56, 0xFC, 0x56, 0xFD, 0x56, 0xFC, 0x5A, 0xDC, 0x52, 0xDB, 0x56, 
    0xDC, 0x56, 0xFC, 0x5A, 0xFD, 0x5A, 0xFC, 0x5A, 0xDC, 0x56, 0xDB, 0x56, 0xDB, 0x52, 0xB9, 0x52, 
    0x97, 0x4A, 0x95, 0x4E, 0x76, 0x4A, 0x76, 0x4E, 0x97, 0x4E, 0x96, 0x52, 0x76, 0x4E, 0x54, 0x4A, 
    0x74, 0x4A, 0x93, 0x52, 0xD5, 0x5A, 0x37, 0x67, 0x59, 0x6B, 0x9B, 0x77, 0xBC, 0x77, 0xBC, 0x7B, 
    0xBD, 0x77, 0xBC, 0x77, 0x7C, 0x6F, 0x39, 0x67, 0xD8, 0x5A, 0xD4, 0x56, 0x4E, 0x46, 0x2A, 0x42, 
    0x0B, 0x3E, 0x2B, 0x42, 0x2C, 0x42, 0x6E, 0x4A, 0x93, 0x4E, 0xD5, 0x52, 0xD7, 0x52, 0xD7, 0x56, 
    0xD9, 0x56, 0xD7, 0x56, 0x97, 0x4E, 0x95, 0x4E, 0x75, 0x4A, 0x11, 0x42, 0x8C, 0x35, 0xCD, 0x3D, 
    0x6B, 0x31, 0xC5, 0x1C, 0x63, 0x14, 0x4A, 0x31, 0x0F, 0x4A, 0xAB, 0x41, 0x28, 0x31, 0x68, 0x3D, 
    0x48, 0x39, 0x89, 0x45, 0xAA, 0x49, 0xEC, 0x51, 0xCB, 0x49, 0x68, 0x41, 0x06, 0x31, 0x26, 0x35, 
    0x69, 0x39, 0x69, 0x3D, 0x30, 0x52, 0x71, 0x5A, 0x73, 0x5A, 0x50, 0x52, 0x31, 0x52, 0x2F, 0x4E, 
    0xCE, 0x41, 0xED, 0x45, 0xAC, 0x3D, 0x48, 0x31, 0xE6, 0x24, 0xA5, 0x1C, 0x64, 0x14, 0x63, 0x10, 
    0x85, 0x18, 0xC6, 0x20, 0xE7, 0x24, 0x28, 0x31, 0x8B, 0x39, 0xAB, 0x3D, 0x30, 0x4E, 0x50, 0x52, 
    0x93, 0x5E, 0xB3, 0x62, 0x93, 0x5E, 0xD5, 0x66, 0xD5, 0x66, 0xF5, 0x6E, 0x92, 0x62, 0xA8, 0x49, 
    0xEA, 0x55, 0x2B, 0x62, 0x0B, 0x5A, 0xEA, 0x55, 0x68, 0x45, 0xCA, 0x4D, 0x6F, 0x62, 0x8F, 0x66, 
    0xD2, 0x6A, 0xF4, 0x6E, 0x0F, 0x52, 0xAA, 0x41, 0x6B, 0x39, 0x8B, 0x3D, 0x8B, 0x39, 0x28, 0x31, 
    0xE7, 0x24, 0xE6, 0x24, 0xE7, 0x24, 0x8B, 0x3D, 0x31, 0x52, 0x93, 0x5A, 0x0F, 0x42, 0xCC, 0x35, 
    0x12, 0x3E, 0x96, 0x4A, 0x99, 0x4E, 0xB8, 0x52, 0x98, 0x4E, 0x97, 0x4E, 0x98, 0x4E, 0xB8, 0x52, 
    0x99, 0x4E, 0xB8, 0x52, 0x99, 0x52, 0xB9, 0x52, 0x98, 0x4E, 0x95, 0x4E, 0x73, 0x4A, 0x71, 0x4A, 
    0x51, 0x4A, 0x92, 0x4E, 0x94, 0x4E, 0x93, 0x52, 0x94, 0x4E, 0xB4, 0x52, 0xB4, 0x52, 0xB4, 0x56, 
    0xB4, 0x52, 0xB4, 0x56, 0xB4, 0x52, 0xB4, 0x56, 0x94, 0x52, 0xB3, 0x56, 0x93, 0x52, 0x93, 0x52, 
    0x94, 0x52, 0x93, 0x56, 0x73, 0x52, 0x92, 0x52, 0x73, 0x4E, 0x72, 0x52, 0x74, 0x52, 0x93, 0x52, 
    0x74, 0x4E, 0x94, 0x52, 0x96, 0x52, 0xD7, 0x56, 0xD9, 0x56, 0xFA, 0x5A, 0xFB, 0x5A, 0x1B, 0x5F, 
    0xFC, 0x5A, 0x1B, 0x5F, 0xFC, 0x5E, 0x1C, 0x5F, 0x1C, 0x5F, 0x1C, 0x5F, 0xFC, 0x5E, 0x1B, 0x5F, 
    0xFB, 0x5E, 0xF9, 0x5E, 0xDA, 0x5E, 0xF9, 0x62, 0xFA, 0x5E, 0x19, 0x63, 0x1A, 0x63, 0x3B, 0x67, 
    0x3C, 0x67, 0x7C, 0x6B, 0x7D, 0x6B, 0x7D, 0x6F, 0x7E, 0x6B, 0x7D, 0x6F, 0x7E, 0x6B, 0xBE, 0x73, 
    0xBF, 0x77, 0xDF, 0x77, 0xBF, 0x73, 0x9E, 0x73, 0x9F, 0x6F, 0xBF, 0x73, 0x9F, 0x73, 0xBF, 0x77, 
    0x9F, 0x73, 0x9F, 0x73, 0x9F, 0x6F, 0x7D, 0x6B, 0x3D, 0x63, 0x3C, 0x63, 0x1D, 0x63, 0x3C, 0x63, 
    0x1B, 0x5F, 0xF8, 0x5A, 0xD7, 0x56, 0xF9, 0x5E, 0x1B, 0x63, 0x5C, 0x67, 0x5D, 0x6B, 0x7D, 0x6F, 
    0xDE, 0x6F, 0xBF, 0x6B, 0x9E, 0x67, 0x3E, 0x5B, 0xFB, 0x52, 0xB9, 0x46, 0x96, 0x42, 0x75, 0x3E, 
    0xD8, 0x4A, 0x1C, 0x57, 0x3D, 0x5F, 0x3E, 0x5F, 0x5E, 0x5F, 0x1D, 0x57, 0xFA, 0x52, 0xB9, 0x4A, 
    0xFA, 0x52, 0x1C, 0x57, 0x1C, 0x57, 0xFB, 0x4E, 0xDA, 0x52, 0xB9, 0x4E, 0xD9, 0x4E, 0xBA, 0x4E, 
    0xB8, 0x4E, 0x77, 0x42, 0xB7, 0x4A, 0xDA, 0x4E, 0xD9, 0x4E, 0xDB, 0x4E, 0x1C, 0x57, 0x1D, 0x57, 
    0x3D, 0x5B, 0x1D, 0x57, 0x1C, 0x57, 0xFC, 0x56, 0x1C, 0x57, 0xFC, 0x56, 0xFB, 0x56, 0xDB, 0x52, 
    0xFB, 0x56, 0xFC, 0x56, 0x1B, 0x57, 0xFB, 0x56, 0xFA, 0x56, 0xDA, 0x52, 0xD9, 0x52, 0xB8, 0x4E, 
    0xB6, 0x4A, 0x96, 0x4A, 0x96, 0x4E, 0x96, 0x4E, 0xB6, 0x4E, 0x96, 0x4E, 0x96, 0x52, 0x95, 0x4E, 
    0xB4, 0x52, 0x92, 0x4E, 0xB1, 0x56, 0x16, 0x63, 0x57, 0x67, 0x79, 0x6B, 0xBB, 0x77, 0xBC, 0x77, 
    0xDC, 0x77, 0xBD, 0x77, 0xBB, 0x73, 0x39, 0x63, 0xF7, 0x5A, 0xB4, 0x52, 0x6E, 0x46, 0x2B, 0x42, 
    0x2A, 0x42, 0x2B, 0x3E, 0x4C, 0x42, 0x6E, 0x46, 0xB2, 0x4E, 0xD5, 0x52, 0xF6, 0x56, 0xD7, 0x52, 
    0xF8, 0x56, 0xD8, 0x52, 0xD7, 0x52, 0xB7, 0x4E, 0xB6, 0x4E, 0x32, 0x42, 0xAC, 0x35, 0x6B, 0x2D, 
    0x6A, 0x31, 0xC6, 0x18, 0x83, 0x14, 0x08, 0x25, 0x8A, 0x35, 0xAC, 0x3D, 0x47, 0x31, 0x68, 0x39, 
    0xA9, 0x45, 0x68, 0x3D, 0xC9, 0x49, 0xCA, 0x49, 0xA8, 0x45, 0x47, 0x39, 0x25, 0x31, 0x26, 0x31, 
    0x26, 0x31, 0x8A, 0x3D, 0x70, 0x56, 0x71, 0x56, 0x92, 0x5A, 0x72, 0x56, 0x4F, 0x4E, 0x0F, 0x4A, 
    0xCC, 0x41, 0xED, 0x41, 0x8A, 0x39, 0x48, 0x2D, 0xE5, 0x24, 0xA5, 0x18, 0x83, 0x14, 0x62, 0x0C, 
    0x83, 0x14, 0xC6, 0x1C, 0xC5, 0x1C, 0xE6, 0x24, 0x69, 0x35, 0x6A, 0x35, 0x2F, 0x4A, 0x2F, 0x4A, 
    0xD3, 0x62, 0xB4, 0x5E, 0xD3, 0x5E, 0xD5, 0x62, 0x36, 0x6F, 0x58, 0x73, 0x90, 0x66, 0x67, 0x41, 
    0xE9, 0x51, 0xEA, 0x55, 0xE9, 0x51, 0x2C, 0x5A, 0x4C, 0x5E, 0x6E, 0x5E, 0xD0, 0x6A, 0xF2, 0x6A, 
    0xD0, 0x66, 0x70, 0x5A, 0x0D, 0x4E, 0x49, 0x31, 0x69, 0x35, 0xAC, 0x3D, 0x69, 0x35, 0x08, 0x29, 
    0xE5, 0x20, 0xA5, 0x1C, 0xE5, 0x24, 0x07, 0x29, 0xCC, 0x41, 0xB4, 0x5E, 0x2F, 0x46, 0xAC, 0x2D, 
    0x30, 0x3A, 0x76, 0x42, 0xB8, 0x4E, 0xB9, 0x4E, 0xB7, 0x4E, 0x97, 0x4A, 0x96, 0x4A, 0x97, 0x46, 
    0xB7, 0x4A, 0x98, 0x4A, 0xB7, 0x4E, 0xB8, 0x4E, 0xB7, 0x4E, 0x95, 0x4A, 0x91, 0x4A, 0x71, 0x46, 
    0x70, 0x4A, 0x92, 0x4A, 0x93, 0x4E, 0x94, 0x4A, 0xB3, 0x4E, 0xB4, 0x4E, 0xD3, 0x52, 0xB4, 0x52, 
    0xD4, 0x52, 0xD5, 0x52, 0xD4, 0x56, 0xB5, 0x52, 0xD4, 0x56, 0xB4, 0x52, 0xB3, 0x52, 0x93, 0x52, 
    0xB3, 0x52, 0x94, 0x52, 0x93, 0x52, 0x72, 0x4E, 0x71, 0x4E, 0x72, 0x4E, 0x92, 0x52, 0x93, 0x4E, 
    0x93, 0x4E, 0x94, 0x4E, 0xB5, 0x4E, 0xB7, 0x52, 0xD8, 0x56, 0xF9, 0x56, 0xFA, 0x5A, 0xFB, 0x5A, 
    0x1B, 0x5B, 0x1B, 0x5B, 0x1B, 0x5F, 0x1C, 0x5B, 0x1B, 0x5F, 0x1B, 0x5B, 0x1B, 0x5F, 0xFB, 0x5A, 
    0x1A, 0x5B, 0xF9, 0x5A, 0xF9, 0x5E, 0xF9, 0x5E, 0x19, 0x5F, 0x19, 0x5F, 0x19, 0x63, 0x3B, 0x63, 
    0x5B, 0x6B, 0x7D, 0x6B, 0x9D, 0x6F, 0x9E, 0x6F, 0x9E, 0x6F, 0x9E, 0x6B, 0x9E, 0x6F, 0xBE, 0x6F, 
    0xDE, 0x77, 0xBF, 0x73, 0xDE, 0x73, 0x9F, 0x6F, 0xBE, 0x73, 0xBF, 0x6F, 0xBE, 0x73, 0xBF, 0x73, 
    0xBE, 0x73, 0x9F, 0x6F, 0x9E, 0x6F, 0x5D, 0x67, 0x3C, 0x63, 0x3C, 0x63, 0x3C, 0x67, 0x3C, 0x63, 
    0x3A, 0x5F, 0xF8, 0x5A, 0xF7, 0x5A, 0xF9, 0x5A, 0x3A, 0x63, 0x3C, 0x63, 0x7D, 0x6B, 0x7E, 0x6B, 
    0xBF, 0x6F, 0xBF, 0x6F, 0x9F, 0x67, 0x3E, 0x5B, 0xDC, 0x52, 0xB9, 0x4A, 0x77, 0x42, 0x75, 0x42, 
    0x98, 0x46, 0x1C, 0x57, 0x3E, 0x5B, 0x5E, 0x63, 0x3E, 0x5F, 0x1C, 0x57, 0xDA, 0x4E, 0xDA, 0x52, 
    0xFC, 0x56, 0x5E, 0x5F, 0x3E, 0x5B, 0xFB, 0x56, 0xDA, 0x4E, 0xD9, 0x4E, 0xBA, 0x4E, 0xD9, 0x52, 
    0x99, 0x4A, 0x77, 0x46, 0x98, 0x4A, 0xD9, 0x4E, 0x98, 0x46, 0xD9, 0x4E, 0xFC, 0x52, 0x1C, 0x5B, 
    0x1D, 0x5B, 0x1D, 0x5B, 0xFC, 0x56, 0xFC, 0x56, 0xFC, 0x56, 0xFC, 0x56, 0xDC, 0x56, 0xFB, 0x56, 
    0xDB, 0x56, 0xFB, 0x56, 0xDB, 0x52, 0xDA, 0x52, 0xDA, 0x52, 0xD9, 0x52, 0xB8, 0x4E, 0xB6, 0x4E, 
    0x97, 0x4E, 0xB7, 0x4E, 0x97, 0x4E, 0xB7, 0x52, 0x97, 0x4E, 0xB7, 0x52, 0xB7, 0x52, 0xB5, 0x56, 
    0xD6, 0x5A, 0x92, 0x52, 0x91, 0x52, 0x35, 0x63, 0x37, 0x67, 0x58, 0x6B, 0x9B, 0x73, 0xBC, 0x77, 
    0xBD, 0x77, 0xDD, 0x7B, 0x9C, 0x73, 0x5A, 0x67, 0xF8, 0x5A, 0xB4, 0x52, 0x4E, 0x46, 0x4B, 0x42, 
    0x2B, 0x3E, 0x4B, 0x42, 0x4D, 0x42, 0x6E, 0x4A, 0xB2, 0x4E, 0xD4, 0x56, 0xD7, 0x52, 0xF7, 0x56, 
    0xD9, 0x56, 0xF8, 0x56, 0xD8, 0x52, 0xD8, 0x56, 0xB8, 0x52, 0x32, 0x46, 0x8D, 0x35, 0x8C, 0x35, 
    0x4B, 0x2D, 0xE6, 0x20, 0x84, 0x14, 0xE6, 0x20, 0xAC, 0x39, 0x2F, 0x4E, 0x8A, 0x3D, 0xAA, 0x41, 
    0xAB, 0x45, 0xA9, 0x45, 0xAA, 0x49, 0xA9, 0x49, 0x89, 0x45, 0x87, 0x41, 0x06, 0x31, 0x26, 0x31, 
    0x27, 0x35, 0xAA, 0x41, 0x0F, 0x4E, 0x50, 0x56, 0x93, 0x5A, 0x92, 0x5A, 0x0F, 0x4A, 0x0F, 0x4A, 
    0x8C, 0x39, 0xCC, 0x41, 0x4A, 0x31, 0x07, 0x29, 0xC5, 0x20, 0xA4, 0x18, 0x64, 0x10, 0x62, 0x10, 
    0x64, 0x10, 0xC5, 0x1C, 0x84, 0x18, 0xE6, 0x24, 0x28, 0x2D, 0x69, 0x39, 0xEE, 0x45, 0x2F, 0x52, 
    0xD5, 0x62, 0xD3, 0x62, 0xD5, 0x66, 0xB3, 0x62, 0x17, 0x6F, 0x99, 0x7B, 0xD2, 0x6A, 0xEA, 0x51, 
    0xA9, 0x49, 0xC9, 0x4D, 0xAA, 0x4D, 0x4D, 0x5E, 0x8F, 0x66, 0x8F, 0x66, 0x70, 0x62, 0x70, 0x62, 
    0x70, 0x5E, 0xEC, 0x4D, 0x30, 0x56, 0xCC, 0x41, 0x6B, 0x39, 0x8B, 0x3D, 0x29, 0x31, 0xE5, 0x24, 
    0xA5, 0x1C, 0xE5, 0x24, 0xE7, 0x28, 0x28, 0x31, 0x07, 0x2D, 0x72, 0x5A, 0x51, 0x4A, 0xCC, 0x31, 
    0x11, 0x3A, 0x75, 0x46, 0x98, 0x4A, 0xB9, 0x52, 0x98, 0x4E, 0x97, 0x4A, 0x76, 0x46, 0x76, 0x46, 
    0x77, 0x46, 0x96, 0x4A, 0x97, 0x4A, 0xB7, 0x4E, 0x97, 0x4A, 0x94, 0x4A, 0x72, 0x46, 0x70, 0x4A, 
    0x52, 0x4A, 0x92, 0x4E, 0x94, 0x4E, 0x94, 0x4E, 0x94, 0x4E, 0xB4, 0x52, 0xB5, 0x52, 0xD5, 0x52, 
    0xB6, 0x52, 0xD5, 0x56, 0xB6, 0x52, 0xD5, 0x56, 0xB6, 0x56, 0xD5, 0x56, 0xB4, 0x56, 0xB3, 0x56, 
    0x94, 0x52, 0x93, 0x52, 0x73, 0x4E, 0x72, 0x4E, 0x52, 0x4E, 0x71, 0x4E, 0x73, 0x4E, 0x93, 0x52, 
    0x74, 0x4E, 0x93, 0x4E, 0x95, 0x4E, 0xB6, 0x52, 0xB8, 0x52, 0xD8, 0x56, 0xDA, 0x56, 0xFA, 0x5A, 
    0xFB, 0x5A, 0x1B, 0x5B, 0xFB, 0x5A, 0x1B, 0x5F, 0xFC, 0x5A, 0x1B, 0x5F, 0xFC, 0x5A, 0xFB, 0x5E, 
    0xFB, 0x5A, 0xF9, 0x5E, 0xD9, 0x5A, 0xF9, 0x5E, 0xF9, 0x5E, 0xF9, 0x62, 0xFA, 0x62, 0x3A, 0x67, 
    0x5C, 0x67, 0x7D, 0x6F, 0x7E, 0x6F, 0x9E, 0x73, 0x9F, 0x6F, 0x9E, 0x6F, 0x9F, 0x6F, 0xBE, 0x73, 
    0xBF, 0x73, 0xBE, 0x77, 0xBF, 0x73, 0xBE, 0x73, 0x9F, 0x6F, 0xBE, 0x73, 0x9F, 0x73, 0xBF, 0x73, 
    0x9F, 0x73, 0x9E, 0x73, 0x7E, 0x6B, 0x5D, 0x67, 0x3C, 0x63, 0x3C, 0x63, 0x3D, 0x63, 0x3C, 0x67, 
    0x1B, 0x5F, 0xF8, 0x5E, 0xD8, 0x5A, 0x19, 0x5F, 0x1B, 0x63, 0x5C, 0x67, 0x5D, 0x67, 0x7D, 0x6F, 
    0xBE, 0x73, 0xBF, 0x6F, 0x9E, 0x67, 0x3E, 0x5B, 0xFB, 0x52, 0xBA, 0x4A, 0x97, 0x46, 0x76, 0x3E, 
    0x97, 0x46, 0xFB, 0x52, 0x3D, 0x5F, 0x3E, 0x5F, 0x3D, 0x5F, 0xFB, 0x52, 0xD9, 0x4E, 0xDB, 0x52, 
    0x3D, 0x5F, 0x7F, 0x63, 0x7E, 0x63, 0x1C, 0x57, 0xDA, 0x4E, 0xB9, 0x4E, 0xD9, 0x4E, 0xB9, 0x4E, 
    0x98, 0x4A, 0x77, 0x46, 0xB8, 0x4A, 0xB9, 0x4E, 0x97, 0x46, 0x98, 0x46, 0xFA, 0x52, 0xFC, 0x52, 
    0x1C, 0x5B, 0x1D, 0x57, 0x1C, 0x57, 0xFC, 0x56, 0xFB, 0x56, 0xFC, 0x56, 0xFB, 0x56, 0xDB, 0x52, 
    0xDA, 0x52, 0xDA, 0x52, 0xD9, 0x52, 0xBA, 0x4E, 0xD9, 0x52, 0xB8, 0x4E, 0xB6, 0x4E, 0xB7, 0x4E, 
    0xD7, 0x52, 0xB8, 0x52, 0xD8, 0x52, 0xB8, 0x52, 0xB7, 0x52, 0xB8, 0x52, 0xD7, 0x56, 0xB5, 0x52, 
    0x16, 0x63, 0x92, 0x52, 0xB0, 0x52, 0x15, 0x63, 0x57, 0x6B, 0x38, 0x67, 0x79, 0x6F, 0x9C, 0x73, 
    0xDC, 0x77, 0xBD, 0x77, 0xBC, 0x73, 0x5A, 0x67, 0x17, 0x5B, 0xB3, 0x4E, 0x6D, 0x46, 0x2B, 0x42, 
    0x2B, 0x42, 0x2C, 0x42, 0x6C, 0x46, 0x6F, 0x46, 0xB1, 0x4E, 0xD5, 0x52, 0xD6, 0x56, 0xD8, 0x52, 
    0xF8, 0x56, 0xF9, 0x56, 0xF8, 0x56, 0xD9, 0x56, 0xD8, 0x56, 0x33, 0x46, 0x6A, 0x2D, 0x6B, 0x31, 
    0x8B, 0x35, 0x29, 0x29, 0x62, 0x10, 0xC6, 0x1C, 0xEE, 0x41, 0x51, 0x52, 0x0D, 0x4E, 0xCB, 0x45, 
    0xA9, 0x45, 0xAA, 0x45, 0xCA, 0x4D, 0xCB, 0x4D, 0xCA, 0x4D, 0x89, 0x45, 0x46, 0x39, 0x06, 0x31, 
    0x26, 0x35, 0xAB, 0x41, 0x0D, 0x4A, 0x51, 0x52, 0x92, 0x5A, 0x51, 0x52, 0xED, 0x45, 0x0F, 0x46, 
    0x8A, 0x39, 0x8B, 0x39, 0x69, 0x35, 0xE6, 0x24, 0xA4, 0x1C, 0x84, 0x14, 0xA4, 0x14, 0x63, 0x0C, 
    0x83, 0x10, 0xC5, 0x1C, 0xA4, 0x18, 0xA5, 0x1C, 0x47, 0x31, 0x6A, 0x35, 0xCC, 0x41, 0x0F, 0x4E, 
    0xF4, 0x66, 0xB4, 0x62, 0xD4, 0x62, 0xD4, 0x62, 0xF4, 0x6A, 0x15, 0x73, 0xF3, 0x72, 0x0C, 0x52, 
    0xEA, 0x51, 0xAA, 0x49, 0xA8, 0x45, 0x2D, 0x56, 0xB0, 0x6A, 0xD1, 0x6A, 0x6F, 0x5E, 0x0D, 0x4E, 
    0xEC, 0x4D, 0x71, 0x5A, 0x50, 0x52, 0xAC, 0x3D, 0x8B, 0x39, 0x29, 0x31, 0x48, 0x31, 0xE7, 0x24, 
    0xC4, 0x1C, 0x29, 0x2D, 0x8A, 0x39, 0x8B, 0x39, 0x27, 0x2D, 0xEE, 0x45, 0x72, 0x4E, 0xEF, 0x35, 
    0x31, 0x3A, 0x55, 0x3E, 0x97, 0x4A, 0xB9, 0x4E, 0xB8, 0x4E, 0x77, 0x4A, 0x75, 0x46, 0x55, 0x42, 
    0x74, 0x46, 0x75, 0x46, 0x75, 0x46, 0x76, 0x46, 0x75, 0x4A, 0x73, 0x46, 0x71, 0x46, 0x51, 0x46, 
    0x72, 0x4A, 0x74, 0x4A, 0x94, 0x4E, 0x95, 0x4E, 0xB4, 0x52, 0xB5, 0x4E, 0xD6, 0x52, 0xD6, 0x52, 
    0xD6, 0x56, 0xD6, 0x52, 0xD6, 0x56, 0xD6, 0x56, 0xD6, 0x56, 0xD6, 0x56, 0xD4, 0x56, 0xB4, 0x52, 
    0xB3, 0x52, 0x93, 0x4E, 0x92, 0x52, 0x52, 0x4E, 0x51, 0x4E, 0x51, 0x4A, 0x72, 0x4E, 0x73, 0x4E, 
    0x93, 0x4E, 0x73, 0x4E, 0x94, 0x4E, 0x95, 0x4E, 0xB6, 0x52, 0xB7, 0x4E, 0xD8, 0x52, 0xD9, 0x56, 
    0xFA, 0x5A, 0xFB, 0x5A, 0xFA, 0x5A, 0xFB, 0x5A, 0x1B, 0x5B, 0xFB, 0x5A, 0xFB, 0x5E, 0xFB, 0x5A, 
    0xFA, 0x5A, 0xF9, 0x5A, 0xF9, 0x5A, 0xD9, 0x5A, 0xF8, 0x5E, 0xF9, 0x5A, 0x19, 0x63, 0x1B, 0x63, 
    0x5C, 0x6B, 0x7E, 0x6B, 0x9E, 0x73, 0x9F, 0x6F, 0x9E, 0x73, 0x9E, 0x6F, 0x9E, 0x6F, 0x9F, 0x6F, 
    0xBE, 0x73, 0xBF, 0x73, 0xBE, 0x73, 0x9F, 0x73, 0xBE, 0x73, 0x9F, 0x6F, 0x9E, 0x73, 0x9E, 0x6F, 
    0x9E, 0x73, 0x9E, 0x6B, 0x7D, 0x6B, 0x3D, 0x63, 0x3C, 0x63, 0x1C, 0x5F, 0x3C, 0x63, 0x3C, 0x63, 
    0x3A, 0x63, 0xF9, 0x5A, 0xF8, 0x5E, 0xF9, 0x5E, 0x3A, 0x63, 0x3C, 0x63, 0x7D, 0x6B, 0x7E, 0x6B, 
    0xBF, 0x73, 0xBF, 0x73, 0x7F, 0x63, 0x3D, 0x5B, 0xFC, 0x52, 0xB9, 0x4E, 0x78, 0x42, 0x76, 0x42, 
    0x77, 0x42, 0xDA, 0x52, 0x1D, 0x5B, 0x3D, 0x5F, 0x1D, 0x57, 0xD9, 0x52, 0xB9, 0x4A, 0xFB, 0x56, 
    0x3E, 0x5F, 0xBF, 0x6B, 0x9F, 0x6B, 0x3D, 0x5F, 0xDB, 0x52, 0xD9, 0x4E, 0xBA, 0x4E, 0xB8, 0x4E, 
    0x78, 0x46, 0x77, 0x46, 0x99, 0x4A, 0xB9, 0x4E, 0x98, 0x4A, 0x97, 0x4A, 0xBA, 0x4E, 0xDA, 0x52, 
    0xFC, 0x56, 0x1C, 0x57, 0xFD, 0x56, 0xFB, 0x56, 0xDC, 0x56, 0xFB, 0x56, 0xDB, 0x56, 0xDA, 0x56, 
    0xBA, 0x52, 0xB9, 0x52, 0xBA, 0x4E, 0xB9, 0x52, 0xB9, 0x4E, 0xB7, 0x4E, 0x97, 0x4E, 0xB7, 0x52, 
    0xB9, 0x52, 0xD9, 0x56, 0xB9, 0x52, 0xD8, 0x56, 0xB9, 0x56, 0xD8, 0x5A, 0xD7, 0x56, 0xD6, 0x5A, 
    0x18, 0x67, 0xD3, 0x5A, 0xB2, 0x56, 0x36, 0x67, 0x37, 0x6B, 0x57, 0x6F, 0x5A, 0x6F, 0x9B, 0x77, 
    0xBD, 0x77, 0xBC, 0x7B, 0x9C, 0x73, 0x5A, 0x6B, 0xF8, 0x5A, 0xB3, 0x52, 0x4E, 0x46, 0x2B, 0x42, 
    0x2B, 0x42, 0x4C, 0x46, 0x4E, 0x46, 0x6F, 0x4A, 0x92, 0x4E, 0xD4, 0x56, 0xD6, 0x56, 0xF7, 0x56, 
    0xD8, 0x56, 0xF8, 0x56, 0xD9, 0x56, 0xF9, 0x56, 0xD9, 0x56, 0x74, 0x4E, 0x6B, 0x31, 0x08, 0x29, 
    0x29, 0x29, 0x49, 0x2D, 0x84, 0x14, 0x84, 0x18, 0x6B, 0x35, 0xED, 0x49, 0x0E, 0x4E, 0xEC, 0x4D, 
    0xAB, 0x45, 0xCA, 0x49, 0xAA, 0x45, 0xEB, 0x4D, 0xAA, 0x49, 0x88, 0x45, 0x27, 0x39, 0x25, 0x35, 
    0x27, 0x35, 0xCC, 0x49, 0x30, 0x52, 0x71, 0x56, 0x30, 0x52, 0x50, 0x52, 0xAD, 0x41, 0x0F, 0x4E, 
    0x6A, 0x35, 0x8B, 0x3D, 0x4A, 0x35, 0x06, 0x2D, 0x84, 0x18, 0x83, 0x18, 0xA5, 0x18, 0x63, 0x10, 
    0x63, 0x10, 0xC5, 0x1C, 0x85, 0x18, 0xA4, 0x20, 0x28, 0x31, 0x89, 0x39, 0x8B, 0x3D, 0x0E, 0x4E, 
    0x72, 0x5A, 0xB3, 0x5E, 0xB3, 0x62, 0xF4, 0x6E, 0xD4, 0x6A, 0x90, 0x66, 0x2E, 0x5A, 0x0C, 0x56, 
    0x2E, 0x5E, 0x4E, 0x62, 0x2E, 0x5E, 0x90, 0x66, 0x4F, 0x5E, 0xD2, 0x6E, 0x91, 0x66, 0xEC, 0x4D, 
    0xEE, 0x49, 0xD4, 0x6A, 0xCE, 0x45, 0xAC, 0x41, 0x8C, 0x3D, 0x49, 0x31, 0x29, 0x2D, 0x07, 0x29, 
    0xA5, 0x20, 0x48, 0x31, 0xEE, 0x49, 0x2F, 0x52, 0x28, 0x31, 0x8A, 0x3D, 0x52, 0x4E, 0x32, 0x3E, 
    0x12, 0x3E, 0x54, 0x42, 0x56, 0x46, 0x97, 0x4E, 0x98, 0x4E, 0x97, 0x4A, 0x56, 0x42, 0x54, 0x42, 
    0x34, 0x42, 0x54, 0x46, 0x55, 0x46, 0x74, 0x46, 0x54, 0x46, 0x72, 0x46, 0x51, 0x46, 0x51, 0x4A, 
    0x53, 0x4A, 0x94, 0x4E, 0x95, 0x4E, 0x95, 0x4E, 0x96, 0x4E, 0xB6, 0x52, 0xB7, 0x52, 0xD7, 0x56, 
    0xD7, 0x56, 0xD7, 0x56, 0xD7, 0x56, 0xD7, 0x5A, 0xD7, 0x56, 0xD6, 0x5A, 0xB6, 0x56, 0xB5, 0x56, 
    0x94, 0x52, 0x93, 0x52, 0x73, 0x4E, 0x51, 0x4E, 0x51, 0x4A, 0x51, 0x4E, 0x52, 0x4A, 0x73, 0x4E, 
    0x73, 0x4E, 0x73, 0x4E, 0x74, 0x4A, 0x94, 0x4E, 0x95, 0x4E, 0x96, 0x4E, 0x97, 0x4E, 0xD8, 0x56, 
    0xD9, 0x56, 0xFA, 0x5A, 0xDB, 0x5A, 0xFB, 0x5A, 0xFB, 0x5A, 0xFB, 0x5A, 0xDB, 0x5A, 0xFA, 0x5A, 
    0xDA, 0x5A, 0xD9, 0x5A, 0xD9, 0x5A, 0xD8, 0x5A, 0xD8, 0x5A, 0xD8, 0x5E, 0xF9, 0x5E, 0x1B, 0x63, 
    0x3D, 0x6B, 0x7D, 0x6F, 0x7F, 0x6F, 0x9E, 0x73, 0x9F, 0x73, 0x9E, 0x73, 0x9F, 0x6F, 0xBF, 0x73, 
    0x9F, 0x73, 0xBE, 0x73, 0x9F, 0x73, 0xBE, 0x73, 0x9F, 0x6F, 0x9E, 0x73, 0x7F, 0x6F, 0x9E, 0x6F, 
    0x7E, 0x6F, 0x7E, 0x6F, 0x5D, 0x67, 0x3C, 0x63, 0x1C, 0x5F, 0x3C, 0x63, 0x1C, 0x63, 0x3B, 0x63, 
    0x1A, 0x5F, 0xF9, 0x5E, 0xD9, 0x5A, 0xF9, 0x5E, 0x1A, 0x5F, 0x3B, 0x67, 0x3D, 0x67, 0x7D, 0x6F, 
    0xDF, 0x73, 0xBF, 0x6F, 0x9E, 0x67, 0x3D, 0x5B, 0xFB, 0x52, 0xB9, 0x4A, 0x97, 0x46, 0x77, 0x42, 
    0x76, 0x42, 0xB9, 0x4A, 0x1C, 0x57, 0x1D, 0x57, 0xFA, 0x52, 0x98, 0x46, 0xD8, 0x4A, 0x1C, 0x53, 
    0x7E, 0x63, 0xBF, 0x6F, 0xBE, 0x6F, 0x5E, 0x5F, 0x1B, 0x57, 0xDA, 0x4E, 0xD9, 0x4E, 0xB9, 0x4A, 
    0x97, 0x46, 0x77, 0x42, 0xB8, 0x4A, 0xB9, 0x4A, 0xB8, 0x4A, 0x98, 0x46, 0xB8, 0x4A, 0xBA, 0x4A, 
    0xFA, 0x52, 0xFC, 0x52, 0xFB, 0x56, 0xDB, 0x4E, 0xFA, 0x52, 0xDB, 0x52, 0xF9, 0x52, 0xB9, 0x4E, 
    0xB7, 0x4A, 0x98, 0x4A, 0xB8, 0x4E, 0xB9, 0x4E, 0xB8, 0x4E, 0xB7, 0x4A, 0xB6, 0x4E, 0xD8, 0x52, 
    0xF8, 0x56, 0xD9, 0x56, 0xF9, 0x56, 0xD9, 0x52, 0xF8, 0x56, 0xF8, 0x56, 0xF7, 0x5A, 0xF8, 0x5A, 
    0x59, 0x6B, 0x16, 0x5F, 0xF4, 0x5E, 0x38, 0x67, 0x77, 0x6F, 0x78, 0x6F, 0x99, 0x6F, 0x9B, 0x73, 
    0xDC, 0x77, 0xBD, 0x73, 0x9B, 0x73, 0x5A, 0x67, 0x17, 0x5B, 0xB3, 0x4E, 0x6D, 0x46, 0x2B, 0x3E, 
    0x4B, 0x42, 0x4D, 0x42, 0x6D, 0x46, 0x6F, 0x46, 0xB1, 0x4E, 0xD5, 0x52, 0xD5, 0x56, 0xD7, 0x52, 
    0xF7, 0x56, 0xF8, 0x52, 0xF8, 0x56, 0xD9, 0x52, 0xF8, 0x52, 0x75, 0x4A, 0x69, 0x2D, 0x29, 0x25, 
    0x8B, 0x35, 0x07, 0x21, 0xC5, 0x1C, 0x63, 0x10, 0xC4, 0x1C, 0x6A, 0x35, 0x2D, 0x52, 0x0D, 0x4E, 
    0x0C, 0x4E, 0xA9, 0x41, 0xCA, 0x49, 0x88, 0x41, 0xC9, 0x4D, 0x67, 0x3D, 0x66, 0x3D, 0x25, 0x35, 
    0x68, 0x3D, 0xEE, 0x49, 0x4F, 0x52, 0x2F, 0x4E, 0x4F, 0x52, 0x2F, 0x4E, 0xCC, 0x41, 0x0F, 0x4A, 
    0xAB, 0x3D, 0x8B, 0x39, 0x69, 0x35, 0x06, 0x29, 0xC4, 0x1C, 0x63, 0x10, 0xC5, 0x1C, 0x83, 0x10, 
    0x82, 0x10, 0xC5, 0x1C, 0xA3, 0x18, 0xC5, 0x20, 0x47, 0x35, 0x69, 0x35, 0xAA, 0x3D, 0x0E, 0x4A, 
    0x4F, 0x52, 0x71, 0x56, 0xB1, 0x5E, 0x91, 0x5E, 0xB1, 0x62, 0x2E, 0x56, 0x90, 0x66, 0x4E, 0x5A, 
    0x6F, 0x5E, 0x4E, 0x5A, 0x6E, 0x62, 0xD2, 0x6E, 0x6E, 0x5E, 0x90, 0x62, 0xD2, 0x6A, 0x71, 0x5A, 
    0x2F, 0x52, 0xB4, 0x62, 0x4F, 0x4E, 0xCD, 0x41, 0x69, 0x35, 0x49, 0x2D, 0x06, 0x25, 0xC6, 0x20, 
    0xE5, 0x20, 0xC6, 0x20, 0xCB, 0x41, 0x71, 0x56, 0x8A, 0x39, 0x8B, 0x39, 0x72, 0x52, 0x54, 0x3E, 
    0x53, 0x3E, 0x54, 0x3E, 0x75, 0x42, 0x77, 0x46, 0x96, 0x4A, 0x77, 0x46, 0x75, 0x42, 0x53, 0x3E, 
    0x52, 0x42, 0x53, 0x42, 0x73, 0x46, 0x53, 0x42, 0x72, 0x46, 0x52, 0x42, 0x50, 0x46, 0x52, 0x46, 
    0x73, 0x4A, 0x95, 0x4A, 0x94, 0x4E, 0x95, 0x4E, 0xD6, 0x52, 0xD7, 0x52, 0xD7, 0x56, 0xD8, 0x52, 
    0xF7, 0x56, 0xD8, 0x56, 0xF7, 0x56, 0xD7, 0x56, 0xF7, 0x5A, 0xD7, 0x56, 0xD6, 0x56, 0xB5, 0x52, 
    0xB3, 0x52, 0x73, 0x4E, 0x71, 0x4E, 0x51, 0x4A, 0x50, 0x4A, 0x51, 0x4A, 0x51, 0x4A, 0x53, 0x4A, 
    0x72, 0x4A, 0x73, 0x4A, 0x72, 0x4E, 0x73, 0x4A, 0x93, 0x4A, 0x94, 0x4A, 0x95, 0x4E, 0xB7, 0x4E, 
    0xD7, 0x52, 0xD9, 0x52, 0xF9, 0x56, 0xDA, 0x56, 0xFA, 0x5A, 0xFA, 0x56, 0xFA, 0x5A, 0xDA, 0x56, 
    0xF9, 0x5A, 0xD9, 0x56, 0xD8, 0x5A, 0xD7, 0x56, 0xD7, 0x5A, 0xD7, 0x5A, 0xF8, 0x5E, 0x1A, 0x5F, 
    0x5C, 0x67, 0x7E, 0x6B, 0x9E, 0x6F, 0x9E, 0x6F, 0x9E, 0x73, 0x9E, 0x6F, 0x9E, 0x6F, 0xBF, 0x6F, 
    0xBE, 0x73, 0xBF, 0x6F, 0xBE, 0x6F, 0x9F, 0x6F, 0x9E, 0x6F, 0x7E, 0x6B, 0x9D, 0x6F, 0x7E, 0x6B, 
    0x9D, 0x6B, 0x7E, 0x67, 0x5C, 0x67, 0x3C, 0x5F, 0x3B, 0x5F, 0x1C, 0x5F, 0x3B, 0x5F, 0x1B, 0x5F, 
    0x19, 0x5F, 0xF9, 0x5A, 0xF7, 0x5E, 0xF8, 0x5A, 0x19, 0x5F, 0x3B, 0x63, 0x5B, 0x67, 0x5D, 0x67, 
    0xBF, 0x73, 0xBE, 0x6F, 0x7F, 0x63, 0x3D, 0x5B, 0xDC, 0x52, 0xB9, 0x4A, 0x98, 0x46, 0x77, 0x46, 
    0x57, 0x42, 0xB8, 0x4E, 0xFC, 0x56, 0x1C, 0x57, 0xBA, 0x4E, 0x97, 0x46, 0xB8, 0x4A, 0x1C, 0x57, 
    0x7F, 0x67, 0xDF, 0x73, 0xBF, 0x73, 0x9E, 0x6B, 0x1D, 0x5B, 0xFB, 0x52, 0xBA, 0x4E, 0xB9, 0x4E, 
    0x99, 0x4A, 0x97, 0x46, 0x98, 0x46, 0xB8, 0x4A, 0x98, 0x4A, 0x98, 0x4A, 0x99, 0x4A, 0xB9, 0x4E, 
    0xDA, 0x4E, 0xFB, 0x56, 0xDA, 0x4E, 0xB9, 0x4E, 0xBA, 0x4E, 0xD9, 0x4E, 0xB8, 0x4E, 0x97, 0x4A, 
    0x77, 0x4A, 0x98, 0x4E, 0xB9, 0x4E, 0xB9, 0x4E, 0x97, 0x4A, 0xB6, 0x4E, 0xB7, 0x4E, 0xD8, 0x56, 
    0xDA, 0x56, 0xFA, 0x5A, 0xDA, 0x56, 0xF9, 0x5A, 0xF9, 0x56, 0x19, 0x5F, 0x19, 0x5F, 0x39, 0x63, 
    0x5B, 0x6B, 0x38, 0x67, 0xF6, 0x5E, 0x38, 0x63, 0x79, 0x6F, 0x98, 0x73, 0x9B, 0x73, 0xBB, 0x77, 
    0x9C, 0x73, 0xBC, 0x77, 0x7C, 0x6F, 0x5A, 0x6B, 0xF8, 0x5A, 0xB3, 0x52, 0x4E, 0x46, 0x2B, 0x42, 
    0x2C, 0x42, 0x4C, 0x46, 0x4E, 0x46, 0x8F, 0x4A, 0xB2, 0x4E, 0xD4, 0x56, 0xD6, 0x52, 0xF6, 0x56, 
    0xD7, 0x56, 0xF7, 0x56, 0xD8, 0x56, 0xD8, 0x56, 0xD8, 0x52, 0x74, 0x4A, 0x29, 0x29, 0x28, 0x29, 
    0x4A, 0x2D, 0xE6, 0x24, 0xC6, 0x20, 0x83, 0x14, 0x42, 0x10, 0x27, 0x2D, 0xCD, 0x45, 0x4E, 0x56, 
    0xAB, 0x41, 0xAA, 0x45, 0x69, 0x41, 0xA9, 0x45, 0xAA, 0x49, 0x87, 0x45, 0x26, 0x39, 0x46, 0x39, 
    0x8A, 0x41, 0x0E, 0x4A, 0x2F, 0x4E, 0x50, 0x52, 0x30, 0x4E, 0x2F, 0x52, 0xEE, 0x45, 0x0E, 0x4E, 
    0xCC, 0x41, 0xAA, 0x3D, 0x6A, 0x35, 0x27, 0x31, 0xE6, 0x24, 0x82, 0x14, 0xA5, 0x18, 0x83, 0x14, 
    0x63, 0x10, 0xC5, 0x20, 0xA5, 0x1C, 0xE5, 0x24, 0x48, 0x35, 0x47, 0x35, 0x48, 0x35, 0xED, 0x49, 
    0xEE, 0x49, 0x2E, 0x52, 0xAB, 0x3D, 0x89, 0x3D, 0x69, 0x39, 0xEC, 0x4D, 0x71, 0x62, 0x70, 0x5E, 
    0x2F, 0x56, 0x6F, 0x5E, 0x2E, 0x5A, 0x90, 0x66, 0x70, 0x5E, 0x35, 0x77, 0x37, 0x73, 0x36, 0x73, 
    0x93, 0x62, 0x92, 0x5E, 0xAC, 0x3D, 0x48, 0x31, 0x4A, 0x31, 0x49, 0x31, 0xE7, 0x24, 0xC5, 0x20, 
    0xA5, 0x20, 0x06, 0x29, 0x6A, 0x35, 0x0F, 0x4E, 0x8C, 0x3D, 0xCD, 0x45, 0x94, 0x56, 0x75, 0x46, 
    0x55, 0x42, 0x54, 0x42, 0x56, 0x42, 0x76, 0x46, 0x77, 0x46, 0x76, 0x46, 0x56, 0x42, 0x53, 0x42, 
    0x11, 0x3E, 0x31, 0x42, 0x32, 0x42, 0x51, 0x46, 0x32, 0x42, 0x51, 0x46, 0x31, 0x46, 0x72, 0x4A, 
    0x74, 0x4A, 0x95, 0x4E, 0x95, 0x4A, 0xB6, 0x4E, 0xB7, 0x52, 0xD7, 0x56, 0xD8, 0x56, 0xF8, 0x56, 
    0xD8, 0x56, 0xF8, 0x5A, 0xD9, 0x5A, 0xF8, 0x5A, 0xD8, 0x56, 0xD7, 0x5A, 0xB7, 0x56, 0xB5, 0x56, 
    0x94, 0x52, 0x72, 0x52, 0x52, 0x4E, 0x51, 0x4A, 0x31, 0x4A, 0x51, 0x4A, 0x52, 0x4A, 0x52, 0x4A, 
    0x53, 0x4A, 0x72, 0x4E, 0x53, 0x4A, 0x72, 0x4A, 0x53, 0x4A, 0x73, 0x4A, 0x75, 0x4A, 0x96, 0x4E, 
    0x97, 0x4E, 0xD8, 0x52, 0xB9, 0x52, 0xD9, 0x56, 0xDA, 0x56, 0xDA, 0x5A, 0xDA, 0x56, 0xDA, 0x5A, 
    0xD9, 0x56, 0xD8, 0x56, 0xB8, 0x56, 0xB7, 0x56, 0xB7, 0x56, 0xD7, 0x5A, 0xD8, 0x5A, 0x1A, 0x5F, 
    0x3C, 0x67, 0x7D, 0x6F, 0x7E, 0x6F, 0x7E, 0x6F, 0x7E, 0x6F, 0x9E, 0x6F, 0x9F, 0x6F, 0xBE, 0x73, 
    0xBF, 0x73, 0xBE, 0x73, 0x9F, 0x6F, 0x9E, 0x6F, 0x7E, 0x6B, 0x7D, 0x6B, 0x7E, 0x6B, 0x7D, 0x6F, 
    0x5E, 0x6B, 0x7D, 0x67, 0x3D, 0x63, 0x1B, 0x5F, 0xFC, 0x5E, 0x1B, 0x5F, 0x1C, 0x5F, 0x1A, 0x5F, 
    0xF9, 0x5A, 0xF7, 0x5A, 0xD7, 0x5A, 0xF7, 0x5E, 0xF9, 0x5E, 0x1A, 0x63, 0x3C, 0x63, 0x5C, 0x6B, 
    0xDF, 0x73, 0xBF, 0x6B, 0x9E, 0x63, 0x3D, 0x5B, 0xFB, 0x52, 0xB9, 0x4A, 0xB8, 0x4A, 0x78, 0x46, 
    0x97, 0x46, 0xB9, 0x4A, 0xFB, 0x56, 0xDB, 0x52, 0xB9, 0x4E, 0x98, 0x46, 0xB7, 0x4A, 0x1C, 0x57, 
    0x9E, 0x67, 0xDF, 0x73, 0xDF, 0x77, 0xBF, 0x6F, 0x5E, 0x5F, 0xFC, 0x56, 0xDA, 0x52, 0xB9, 0x4A, 
    0xB9, 0x4E, 0x98, 0x46, 0x97, 0x46, 0x98, 0x46, 0x97, 0x4A, 0x78, 0x46, 0xB8, 0x4E, 0xB9, 0x4A, 
    0xD9, 0x52, 0xDA, 0x4E, 0xD9, 0x4E, 0x98, 0x46, 0xB7, 0x4A, 0xB7, 0x4A, 0x96, 0x4A, 0x76, 0x46, 
    0x97, 0x4A, 0x98, 0x4A, 0xB8, 0x4E, 0x97, 0x4A, 0x94, 0x4A, 0x96, 0x4A, 0xD7, 0x52, 0xD9, 0x56, 
    0x1A, 0x5B, 0xFB, 0x5A, 0x1A, 0x5B, 0xFA, 0x56, 0x19, 0x5B, 0x1A, 0x5F, 0x5A, 0x67, 0x5B, 0x67, 
    0x7B, 0x6F, 0x39, 0x67, 0x17, 0x63, 0x18, 0x63, 0x79, 0x6F, 0x9A, 0x73, 0xBB, 0x77, 0x9C, 0x73, 
    0xBC, 0x77, 0x9C, 0x73, 0x7B, 0x6F, 0x3A, 0x67, 0xF7, 0x5A, 0xB3, 0x4E, 0x4D, 0x46, 0x2C, 0x42, 
    0x4B, 0x42, 0x4D, 0x42, 0x6D, 0x46, 0x6F, 0x46, 0xB1, 0x4E, 0xD4, 0x52, 0xD5, 0x56, 0xD6, 0x52, 
    0xF6, 0x56, 0xD7, 0x52, 0xF7, 0x56, 0xD7, 0x52, 0xD6, 0x52, 0x33, 0x46, 0x6A, 0x31, 0xE7, 0x20, 
    0xA4, 0x18, 0x08, 0x29, 0x07, 0x25, 0x84, 0x14, 0x62, 0x10, 0xC6, 0x20, 0x8A, 0x39, 0x0D, 0x4A, 
    0xA9, 0x41, 0x69, 0x3D, 0x88, 0x41, 0xAA, 0x45, 0xA8, 0x45, 0x47, 0x3D, 0x45, 0x3D, 0x26, 0x39, 
    0x88, 0x3D, 0x2F, 0x4E, 0x91, 0x5A, 0x51, 0x52, 0x2F, 0x4E, 0x0F, 0x4E, 0x0D, 0x4A, 0xED, 0x45, 
    0xCC, 0x41, 0x8A, 0x39, 0x69, 0x35, 0x48, 0x31, 0x25, 0x2D, 0xA3, 0x1C, 0xC4, 0x1C, 0x84, 0x14, 
    0x83, 0x10, 0xC6, 0x20, 0xC4, 0x20, 0x06, 0x29, 0x68, 0x35, 0x69, 0x35, 0x89, 0x39, 0xED, 0x49, 
    0x2E, 0x4E, 0x8A, 0x39, 0x26, 0x2D, 0x49, 0x39, 0x06, 0x29, 0xAB, 0x3D, 0x0D, 0x4A, 0x2E, 0x4E, 
    0xB1, 0x5E, 0x50, 0x56, 0x14, 0x6F, 0x36, 0x77, 0x56, 0x77, 0x37, 0x73, 0x37, 0x73, 0x16, 0x6B, 
    0x2F, 0x4E, 0x8B, 0x39, 0x8A, 0x39, 0x28, 0x2D, 0x27, 0x29, 0x28, 0x29, 0x27, 0x29, 0xE6, 0x20, 
    0xA4, 0x20, 0x48, 0x31, 0xAB, 0x3D, 0x6A, 0x35, 0x69, 0x35, 0xEE, 0x45, 0xD4, 0x5E, 0x76, 0x4A, 
    0x75, 0x46, 0x55, 0x3E, 0x75, 0x42, 0x56, 0x42, 0x75, 0x46, 0x56, 0x42, 0x55, 0x42, 0x33, 0x3E, 
    0x0F, 0x3E, 0x0F, 0x3A, 0x2F, 0x3E, 0x30, 0x3E, 0x30, 0x42, 0x31, 0x42, 0x50, 0x46, 0x53, 0x46, 
    0x94, 0x4A, 0x95, 0x4A, 0x95, 0x4E, 0x96, 0x4E, 0xD7, 0x52, 0xD8, 0x52, 0xF8, 0x56, 0xF9, 0x56, 
    0x18, 0x5B, 0xF9, 0x5A, 0xF8, 0x5A, 0xD9, 0x5A, 0xF8, 0x5A, 0xD8, 0x56, 0xD6, 0x5A, 0xB6, 0x56, 
    0x93, 0x52, 0x72, 0x4E, 0x51, 0x4E, 0x31, 0x4A, 0x50, 0x4A, 0x31, 0x46, 0x51, 0x4A, 0x52, 0x46, 
    0x52, 0x4A, 0x52, 0x4A, 0x51, 0x4A, 0x52, 0x46, 0x51, 0x46, 0x52, 0x46, 0x73, 0x4A, 0x75, 0x4A, 
    0x96, 0x4E, 0x97, 0x4E, 0xB8, 0x52, 0xD9, 0x52, 0xD9, 0x56, 0xDA, 0x56, 0xD9, 0x56, 0xDA, 0x56, 
    0xD8, 0x56, 0xB8, 0x52, 0xB7, 0x52, 0x96, 0x52, 0xB6, 0x56, 0xB7, 0x56, 0xD7, 0x5A, 0xFA, 0x5A, 
    0x3B, 0x67, 0x5D, 0x67, 0x7D, 0x6F, 0x7E, 0x6B, 0x9E, 0x6F, 0x7E, 0x6F, 0x9E, 0x6F, 0x9F, 0x6F, 
    0xBE, 0x77, 0xBF, 0x73, 0x9E, 0x6F, 0x7E, 0x6B, 0x9D, 0x6B, 0x7D, 0x67, 0x7D, 0x6B, 0x7D, 0x67, 
    0x7D, 0x6B, 0x5D, 0x63, 0x3C, 0x63, 0x1C, 0x5B, 0x1B, 0x5F, 0xFB, 0x5A, 0x1A, 0x5F, 0xFA, 0x5A, 
    0xF8, 0x5A, 0xD7, 0x56, 0xD6, 0x56, 0xD7, 0x56, 0xF8, 0x5E, 0x19, 0x5F, 0x3A, 0x63, 0x5C, 0x67, 
    0xBF, 0x73, 0xBF, 0x6F, 0x7F, 0x63, 0x3D, 0x5B, 0xDB, 0x4E, 0xDA, 0x4E, 0x99, 0x4A, 0x98, 0x4A, 
    0x99, 0x4A, 0xDA, 0x4E, 0xDC, 0x52, 0xDB, 0x52, 0xBA, 0x4E, 0x98, 0x4E, 0x98, 0x4A, 0x1B, 0x57, 
    0x7F, 0x67, 0xDF, 0x77, 0xDF, 0x77, 0xDF, 0x73, 0x7F, 0x63, 0x3D, 0x5F, 0xFC, 0x56, 0xB9, 0x4E, 
    0xBA, 0x4E, 0x98, 0x4E, 0x77, 0x46, 0x77, 0x46, 0x78, 0x46, 0x98, 0x4E, 0xBA, 0x4E, 0xDA, 0x52, 
    0xBA, 0x4E, 0xBA, 0x52, 0x99, 0x4A, 0x96, 0x4A, 0x96, 0x46, 0x95, 0x4A, 0x75, 0x46, 0x76, 0x4A, 
    0x77, 0x4A, 0xB8, 0x4E, 0x97, 0x4E, 0x94, 0x4A, 0x74, 0x46, 0xB6, 0x4E, 0xD9, 0x56, 0xFA, 0x5A, 
    0xFB, 0x5A, 0x1B, 0x5F, 0xFB, 0x5A, 0x1A, 0x5B, 0xFA, 0x5A, 0x3A, 0x63, 0x5B, 0x67, 0x7B, 0x6B, 
    0x5C, 0x6F, 0x5A, 0x6F, 0x39, 0x67, 0x39, 0x67, 0x5B, 0x6B, 0x9B, 0x73, 0x9D, 0x77, 0xBC, 0x77, 
    0x9D, 0x73, 0x7B, 0x73, 0x5B, 0x6B, 0x39, 0x67, 0xD7, 0x5A, 0xB3, 0x52, 0x4D, 0x46, 0x2C, 0x42, 
    0x2C, 0x42, 0x4C, 0x46, 0x4E, 0x46, 0x8F, 0x4A, 0xB2, 0x4E, 0xD4, 0x56, 0xB5, 0x52, 0xD5, 0x56, 
    0xD6, 0x52, 0xD6, 0x56, 0xD7, 0x52, 0xD6, 0x52, 0x96, 0x4E, 0x32, 0x46, 0x8D, 0x35, 0xC6, 0x1C, 
    0x84, 0x18, 0x08, 0x29, 0xE7, 0x20, 0xA5, 0x1C, 0x64, 0x14, 0xA4, 0x1C, 0x6B, 0x35, 0x2E, 0x52, 
    0xCC, 0x45, 0xAB, 0x45, 0x69, 0x3D, 0x88, 0x41, 0x68, 0x41, 0x46, 0x3D, 0x47, 0x3D, 0x25, 0x39, 
    0x8A, 0x41, 0xED, 0x4D, 0x51, 0x56, 0x50, 0x56, 0x0F, 0x4E, 0x0E, 0x4E, 0xEE, 0x49, 0xCC, 0x45, 
    0xAB, 0x3D, 0x8A, 0x3D, 0x69, 0x35, 0x48, 0x35, 0x06, 0x2D, 0xE4, 0x24, 0xA4, 0x1C, 0xA4, 0x1C, 
    0x64, 0x10, 0xE6, 0x24, 0xC5, 0x20, 0x06, 0x2D, 0x69, 0x39, 0x68, 0x39, 0x8B, 0x3D, 0x0E, 0x4E, 
    0xCD, 0x45, 0xAA, 0x41, 0xAB, 0x41, 0x8A, 0x3D, 0x42, 0x10, 0x00, 0x08, 0xA5, 0x20, 0x6A, 0x39, 
    0xCD, 0x45, 0x50, 0x56, 0xF5, 0x6A, 0x99, 0x7F, 0x59, 0x7B, 0x9A, 0x7B, 0x38, 0x73, 0x71, 0x5A, 
    0x8C, 0x3D, 0x8B, 0x3D, 0x8C, 0x3D, 0x6A, 0x39, 0x29, 0x2D, 0x07, 0x2D, 0x08, 0x29, 0xE6, 0x28, 
    0xC6, 0x24, 0x48, 0x35, 0xAC, 0x41, 0x69, 0x35, 0x28, 0x31, 0xEE, 0x45, 0x95, 0x5A, 0x76, 0x4E, 
    0x56, 0x46, 0x55, 0x42, 0x35, 0x42, 0x55, 0x42, 0x55, 0x42, 0x54, 0x42, 0x34, 0x3E, 0x31, 0x3E, 
    0xEF, 0x39, 0xEE, 0x3D, 0xEF, 0x3D, 0x10, 0x42, 0x11, 0x42, 0x31, 0x46, 0x32, 0x46, 0x73, 0x4A, 
    0x75, 0x4A, 0x95, 0x4E, 0x96, 0x4E, 0xB7, 0x52, 0xD8, 0x52, 0xF9, 0x56, 0xFA, 0x5A, 0x19, 0x5B, 
    0xFA, 0x5A, 0xF9, 0x5E, 0xFA, 0x5A, 0xF9, 0x5E, 0xD9, 0x5A, 0xD8, 0x5A, 0xD8, 0x56, 0xB5, 0x5A, 
    0x74, 0x52, 0x72, 0x52, 0x31, 0x4A, 0x30, 0x4A, 0x10, 0x46, 0x30, 0x4A, 0x31, 0x46, 0x51, 0x4A, 
    0x32, 0x4A, 0x51, 0x4A, 0x31, 0x46, 0x31, 0x46, 0x31, 0x46, 0x52, 0x46, 0x54, 0x46, 0x74, 0x4A, 
    0x76, 0x4A, 0x96, 0x4E, 0x98, 0x4E, 0xD8, 0x56, 0xDA, 0x52, 0xD9, 0x56, 0xBA, 0x56, 0xD9, 0x56, 
    0xB9, 0x52, 0xB7, 0x52, 0x97, 0x52, 0x96, 0x52, 0x97, 0x52, 0xB6, 0x56, 0xB8, 0x56, 0xF9, 0x5E, 
    0x1C, 0x63, 0x5D, 0x6B, 0x5E, 0x6B, 0x7D, 0x6F, 0x7E, 0x6B, 0x7E, 0x6F, 0x7F, 0x6F, 0xBE, 0x73, 
    0xBF, 0x73, 0xBF, 0x77, 0x9F, 0x6F, 0x7E, 0x6F, 0x7E, 0x6B, 0x7D, 0x6B, 0x5E, 0x67, 0x7D, 0x6B, 
    0x5D, 0x67, 0x3C, 0x67, 0x1C, 0x5F, 0x1B, 0x5F, 0xFB, 0x5A, 0xFB, 0x5A, 0xDB, 0x5A, 0xF9, 0x5A, 
    0xD8, 0x56, 0xB5, 0x56, 0xB6, 0x56, 0xD6, 0x5A, 0xD8, 0x5A, 0xF9, 0x5E, 0x1B, 0x63, 0x3B, 0x67, 
    0xDF, 0x6F, 0x9F, 0x67, 0x7E, 0x5F, 0x1C, 0x57, 0xFA, 0x4E, 0xDA, 0x4A, 0xD9, 0x4E, 0xB9, 0x4A, 
    0xB8, 0x4A, 0xDA, 0x4E, 0xFB, 0x52, 0xDB, 0x52, 0xD9, 0x52, 0xB9, 0x4A, 0xB7, 0x4A, 0xFB, 0x52, 
    0x9E, 0x63, 0xDF, 0x73, 0xFE, 0x7B, 0xDF, 0x77, 0x9F, 0x6B, 0x3E, 0x5B, 0x1C, 0x57, 0xBA, 0x4E, 
    0xD9, 0x4E, 0xB9, 0x4E, 0x97, 0x4A, 0x98, 0x46, 0xB8, 0x4A, 0xB9, 0x4A, 0xD9, 0x4E, 0xB9, 0x4E, 
    0xB8, 0x4E, 0x98, 0x4A, 0x96, 0x46, 0x73, 0x42, 0x72, 0x46, 0x73, 0x46, 0x94, 0x46, 0x76, 0x46, 
    0x97, 0x4A, 0x97, 0x4A, 0xB4, 0x4A, 0x73, 0x46, 0x94, 0x4A, 0xB7, 0x4E, 0xF8, 0x56, 0xFA, 0x56, 
    0x3B, 0x5F, 0x1C, 0x5B, 0x3B, 0x5F, 0x1B, 0x5B, 0x1A, 0x5B, 0x1A, 0x5F, 0x5A, 0x67, 0x7B, 0x6B, 
    0x9B, 0x6F, 0x7C, 0x6B, 0x5A, 0x6B, 0x39, 0x63, 0x5A, 0x6B, 0x9C, 0x6F, 0xBC, 0x73, 0x9C, 0x73, 
    0x9C, 0x73, 0x7B, 0x6B, 0x5A, 0x6B, 0x19, 0x5F, 0xF6, 0x5A, 0x91, 0x4E, 0x4C, 0x46, 0x2C, 0x3E, 
    0x4C, 0x42, 0x4C, 0x42, 0x6D, 0x46, 0x6F, 0x46, 0xB1, 0x4E, 0xD4, 0x4E, 0xD4, 0x52, 0xD5, 0x52, 
    0xD5, 0x52, 0xD6, 0x52, 0xD5, 0x52, 0xB6, 0x4E, 0x94, 0x4E, 0x10, 0x42, 0xAC, 0x39, 0xC6, 0x1C, 
    0x83, 0x14, 0xC6, 0x1C, 0xC5, 0x1C, 0xA5, 0x18, 0x83, 0x14, 0xA5, 0x18, 0xAB, 0x39, 0x2F, 0x4E, 
    0x0D, 0x4E, 0xEC, 0x49, 0xA9, 0x41, 0xA9, 0x41, 0x67, 0x3D, 0x47, 0x39, 0x46, 0x39, 0x26, 0x35, 
    0x67, 0x3D, 0xAB, 0x41, 0x4F, 0x52, 0x71, 0x56, 0x2E, 0x4E, 0x0E, 0x4A, 0x0D, 0x4A, 0xCC, 0x41, 
    0xCA, 0x41, 0x8A, 0x39, 0x67, 0x35, 0x68, 0x31, 0x46, 0x31, 0x05, 0x25, 0xC4, 0x20, 0xA4, 0x18, 
    0x82, 0x10, 0xE6, 0x20, 0xE4, 0x24, 0x27, 0x31, 0x88, 0x39, 0x89, 0x39, 0xCB, 0x41, 0x2E, 0x4E, 
    0xCA, 0x41, 0x27, 0x31, 0x47, 0x31, 0x28, 0x2D, 0x82, 0x14, 0x63, 0x14, 0x48, 0x31, 0xE6, 0x24, 
    0x69, 0x39, 0x70, 0x5A, 0xD3, 0x66, 0x36, 0x6F, 0x57, 0x77, 0xF6, 0x66, 0xF5, 0x62, 0xEE, 0x45, 
    0xAB, 0x3D, 0x49, 0x31, 0x8B, 0x39, 0x8B, 0x35, 0x69, 0x35, 0x07, 0x25, 0xE5, 0x20, 0xE6, 0x20, 
    0xE5, 0x24, 0x8B, 0x39, 0x0E, 0x4E, 0x8B, 0x39, 0x26, 0x2D, 0xCD, 0x3D, 0x93, 0x56, 0x75, 0x4E, 
    0x75, 0x46, 0x55, 0x3E, 0x54, 0x42, 0x34, 0x3E, 0x53, 0x3E, 0x33, 0x3E, 0x31, 0x3E, 0x10, 0x36, 
    0xED, 0x39, 0xEE, 0x35, 0x0E, 0x3E, 0x0F, 0x3E, 0x30, 0x42, 0x31, 0x42, 0x52, 0x46, 0x74, 0x46, 
    0x95, 0x4A, 0x96, 0x4A, 0xB6, 0x4E, 0xB8, 0x4E, 0xF8, 0x56, 0xFA, 0x56, 0x1A, 0x5B, 0x1A, 0x5B, 
    0x1A, 0x5F, 0x1A, 0x5B, 0x19, 0x5F, 0xF9, 0x5A, 0xF8, 0x5A, 0xD8, 0x56, 0xD7, 0x5A, 0xB6, 0x56, 
    0x93, 0x52, 0x72, 0x4A, 0x50, 0x4A, 0x30, 0x46, 0x2F, 0x46, 0x0F, 0x42, 0x30, 0x46, 0x31, 0x46, 
    0x50, 0x46, 0x30, 0x42, 0x50, 0x46, 0x30, 0x42, 0x30, 0x42, 0x31, 0x42, 0x52, 0x46, 0x54, 0x46, 
    0x74, 0x4A, 0x96, 0x4A, 0xB7, 0x4E, 0xD9, 0x52, 0xD9, 0x56, 0xD9, 0x52, 0xD9, 0x56, 0xB8, 0x52, 
    0xB7, 0x4E, 0x97, 0x4E, 0xB6, 0x4E, 0x96, 0x4E, 0xB6, 0x52, 0xB6, 0x52, 0xD7, 0x56, 0xF9, 0x5A, 
    0x1A, 0x5F, 0x3C, 0x63, 0x5C, 0x67, 0x5D, 0x67, 0x7D, 0x6B, 0x7E, 0x6B, 0x9E, 0x6F, 0x9F, 0x6F, 
    0xBF, 0x73, 0xBF, 0x73, 0x9E, 0x6F, 0x7E, 0x6B, 0x9D, 0x6B, 0x5D, 0x67, 0x7D, 0x67, 0x5D, 0x63, 
    0x5C, 0x63, 0x3C, 0x5F, 0x1B, 0x5B, 0xFB, 0x56, 0xFA, 0x56, 0xDA, 0x56, 0xF9, 0x56, 0xD8, 0x52, 
    0xD5, 0x52, 0x94, 0x4E, 0xB5, 0x52, 0xB6, 0x52, 0xF7, 0x5A, 0xF8, 0x5A, 0x19, 0x5F, 0x3B, 0x63, 
    0xBF, 0x6B, 0x9F, 0x67, 0x5E, 0x5F, 0x1C, 0x57, 0xDB, 0x4E, 0xDA, 0x4E, 0xDB, 0x4E, 0xDA, 0x52, 
    0xBA, 0x4E, 0xD9, 0x4E, 0xDA, 0x4E, 0xDA, 0x52, 0xBA, 0x4E, 0xB9, 0x4E, 0x98, 0x4A, 0xFA, 0x52, 
    0x5E, 0x5F, 0xBF, 0x73, 0xDF, 0x77, 0xDF, 0x7B, 0x9F, 0x6B, 0x5E, 0x5F, 0xFC, 0x56, 0xDA, 0x52, 
    0xDA, 0x52, 0xD9, 0x52, 0xB9, 0x4E, 0xB8, 0x4A, 0x98, 0x4A, 0xB8, 0x4E, 0xB8, 0x4A, 0xB7, 0x4E, 
    0x97, 0x46, 0x95, 0x4A, 0x73, 0x42, 0x50, 0x42, 0x51, 0x42, 0x73, 0x4A, 0x74, 0x46, 0x76, 0x4A, 
    0x98, 0x4A, 0x96, 0x4A, 0x74, 0x4A, 0x93, 0x4A, 0x96, 0x4A, 0xD7, 0x56, 0xD9, 0x56, 0x1A, 0x5F, 
    0x1C, 0x5F, 0x3C, 0x5F, 0x1C, 0x5F, 0x1B, 0x5F, 0x1B, 0x5F, 0x3A, 0x63, 0x5B, 0x67, 0x7B, 0x6F, 
    0x7C, 0x6F, 0x9C, 0x6F, 0x5C, 0x6B, 0x5A, 0x67, 0x5B, 0x67, 0x9C, 0x6F, 0x9D, 0x73, 0x9C, 0x73, 
    0x7C, 0x6F, 0x7B, 0x6B, 0x3A, 0x67, 0x18, 0x63, 0xD6, 0x5A, 0x90, 0x4E, 0x2D, 0x42, 0x4C, 0x42, 
    0x2C, 0x42, 0x4C, 0x42, 0x4D, 0x42, 0x6E, 0x4A, 0x92, 0x4E, 0xD4, 0x52, 0xB5, 0x52, 0xD5, 0x52, 
    0xB6, 0x52, 0xD5, 0x52, 0xB5, 0x52, 0xB5, 0x52, 0x74, 0x4A, 0xEE, 0x3D, 0x4A, 0x2D, 0xA4, 0x18, 
    0x64, 0x14, 0xC5, 0x20, 0xA5, 0x18, 0xC5, 0x1C, 0xA5, 0x18, 0xC5, 0x1C, 0xA5, 0x1C, 0xAB, 0x3D, 
    0xAC, 0x41, 0xCB, 0x45, 0xCB, 0x49, 0xA9, 0x45, 0x89, 0x41, 0x67, 0x3D, 0x05, 0x31, 0x46, 0x39, 
    0x47, 0x39, 0x89, 0x41, 0x2F, 0x52, 0x70, 0x56, 0x0E, 0x4E, 0x0D, 0x4E, 0x0E, 0x4E, 0xEC, 0x45, 
    0xAB, 0x3D, 0x89, 0x3D, 0x69, 0x39, 0x68, 0x39, 0x27, 0x31, 0x26, 0x31, 0xE5, 0x24, 0xA4, 0x1C, 
    0x63, 0x10, 0xE6, 0x24, 0xE6, 0x28, 0x47, 0x35, 0x48, 0x35, 0xAA, 0x3D, 0xEC, 0x45, 0x0D, 0x4E, 
    0x8B, 0x3D, 0x06, 0x2D, 0xE6, 0x28, 0x06, 0x29, 0x42, 0x0C, 0xE6, 0x24, 0xC5, 0x20, 0xE6, 0x20, 
    0xAC, 0x41, 0xB2, 0x66, 0xF5, 0x6A, 0xB3, 0x62, 0x30, 0x52, 0x8B, 0x3D, 0x8C, 0x39, 0xCD, 0x41, 
    0xAD, 0x41, 0x8A, 0x39, 0x8C, 0x39, 0x8B, 0x39, 0x6B, 0x35, 0x07, 0x29, 0xC6, 0x20, 0xE5, 0x24, 
    0xE6, 0x24, 0x8A, 0x3D, 0x71, 0x5A, 0x2F, 0x52, 0x28, 0x31, 0x49, 0x31, 0x32, 0x4E, 0xB6, 0x56, 
    0x56, 0x42, 0x55, 0x42, 0x35, 0x3E, 0x33, 0x3E, 0x12, 0x3A, 0x11, 0x3A, 0xF1, 0x39, 0xEF, 0x39, 
    0xCE, 0x35, 0xED, 0x39, 0xEF, 0x39, 0x0F, 0x3E, 0x31, 0x42, 0x52, 0x46, 0x54, 0x46, 0x94, 0x4A, 
    0x96, 0x4A, 0xB6, 0x4E, 0xB8, 0x4E, 0xD8, 0x56, 0xFA, 0x56, 0x1B, 0x5F, 0x1C, 0x5F, 0x3B, 0x63, 
    0x1B, 0x5F, 0x1A, 0x63, 0x1A, 0x5F, 0x19, 0x5F, 0xF9, 0x5A, 0xF8, 0x5A, 0xD8, 0x56, 0xB6, 0x56, 
    0x94, 0x52, 0x72, 0x4E, 0x31, 0x4A, 0x2F, 0x46, 0x0F, 0x42, 0x0F, 0x42, 0x10, 0x42, 0x30, 0x46, 
    0x10, 0x42, 0x2F, 0x42, 0x0F, 0x42, 0x2F, 0x42, 0x10, 0x42, 0x31, 0x46, 0x33, 0x46, 0x73, 0x4A, 
    0x75, 0x46, 0x96, 0x4A, 0x98, 0x4E, 0xD8, 0x52, 0xB9, 0x52, 0xD9, 0x56, 0xB9, 0x52, 0xB8, 0x52, 
    0x97, 0x4E, 0x96, 0x4E, 0x77, 0x4E, 0x96, 0x4E, 0x97, 0x4E, 0xB6, 0x52, 0xB8, 0x56, 0xF9, 0x5A, 
    0xFB, 0x5E, 0x1B, 0x63, 0x3C, 0x63, 0x5C, 0x67, 0x5D, 0x67, 0x7D, 0x6B, 0x9F, 0x6F, 0xBF, 0x73, 
    0x9F, 0x73, 0xBE, 0x73, 0x7E, 0x6B, 0x7D, 0x6B, 0x7E, 0x6B, 0x7D, 0x67, 0x5D, 0x63, 0x5C, 0x63, 
    0x1C, 0x5F, 0x1B, 0x5F, 0xFB, 0x5A, 0xFA, 0x56, 0xDA, 0x52, 0xD9, 0x56, 0xB9, 0x52, 0xB6, 0x4E, 
    0x94, 0x4E, 0x93, 0x4E, 0x95, 0x52, 0xB6, 0x56, 0xD8, 0x5A, 0xF8, 0x5E, 0xF9, 0x5E, 0x3A, 0x63, 
    0xBF, 0x6B, 0x7F, 0x63, 0x5D, 0x5B, 0xFC, 0x52, 0xDA, 0x4E, 0xDA, 0x4E, 0xFB, 0x52, 0xDC, 0x52, 
    0xDA, 0x52, 0xBA, 0x4A, 0xD9, 0x4E, 0xB9, 0x4A, 0xB9, 0x4E, 0x99, 0x4A, 0xB7, 0x4A, 0xD9, 0x4E, 
    0x5D, 0x5F, 0x9F, 0x6B, 0xDE, 0x77, 0xDF, 0x77, 0xBE, 0x6F, 0x5E, 0x5F, 0x1B, 0x57, 0xDB, 0x52, 
    0xDA, 0x52, 0xBA, 0x4E, 0xB9, 0x4E, 0xB9, 0x4A, 0x97, 0x4A, 0x98, 0x4A, 0xB7, 0x4A, 0x97, 0x4A, 
    0x94, 0x46, 0x53, 0x42, 0x4F, 0x42, 0x2F, 0x3E, 0x70, 0x46, 0x74, 0x46, 0x74, 0x4A, 0x76, 0x46, 
    0x97, 0x4A, 0x95, 0x4A, 0x93, 0x4A, 0x94, 0x4A, 0xB6, 0x52, 0xD8, 0x52, 0xF9, 0x5A, 0x1B, 0x5B, 
    0x3B, 0x5F, 0x1C, 0x5F, 0x3B, 0x5F, 0x1B, 0x5F, 0x3A, 0x5F, 0x1B, 0x5F, 0x5B, 0x67, 0x7C, 0x6B, 
    0x9C, 0x6F, 0x7D, 0x6F, 0x9C, 0x6F, 0x5C, 0x6B, 0x5B, 0x67, 0x7C, 0x6B, 0x9C, 0x73, 0x7C, 0x6F, 
    0x7B, 0x6F, 0x5B, 0x67, 0x39, 0x67, 0x18, 0x5F, 0xD5, 0x5A, 0x6F, 0x4A, 0x4C, 0x46, 0x2C, 0x42, 
    0x4C, 0x42, 0x2C, 0x42, 0x4C, 0x42, 0x6E, 0x46, 0xB1, 0x4E, 0xB5, 0x4E, 0xD5, 0x52, 0xD6, 0x52, 
    0xD5, 0x52, 0xB5, 0x52, 0xB4, 0x52, 0x94, 0x4E, 0x72, 0x4A, 0xAD, 0x35, 0x07, 0x25, 0x84, 0x14, 
    0x83, 0x14, 0x84, 0x14, 0xE6, 0x20, 0xC6, 0x20, 0x07, 0x25, 0xA5, 0x18, 0x62, 0x14, 0x29, 0x2D, 
    0xAB, 0x3D, 0xED, 0x45, 0xEB, 0x49, 0xAA, 0x41, 0x67, 0x3D, 0x47, 0x35, 0x25, 0x35, 0x26, 0x35, 
    0x25, 0x39, 0x47, 0x35, 0xEC, 0x49, 0x50, 0x56, 0x2E, 0x52, 0xAB, 0x41, 0xEC, 0x45, 0x0E, 0x4A, 
    0xAA, 0x3D, 0x69, 0x39, 0xA9, 0x3D, 0x69, 0x39, 0x67, 0x35, 0x27, 0x2D, 0x05, 0x29, 0xA5, 0x1C, 
    0x83, 0x14, 0x06, 0x25, 0x06, 0x2D, 0x27, 0x31, 0x88, 0x39, 0x89, 0x39, 0xCB, 0x41, 0xCC, 0x41, 
    0x69, 0x39, 0x27, 0x2D, 0x27, 0x31, 0xC5, 0x20, 0x06, 0x25, 0x6B, 0x35, 0x27, 0x2D, 0x08, 0x29, 
    0xAB, 0x41, 0x92, 0x5E, 0x36, 0x73, 0xF5, 0x6A, 0xED, 0x49, 0x49, 0x2D, 0x8B, 0x39, 0x8C, 0x3D, 
    0xCC, 0x41, 0x6A, 0x35, 0x8A, 0x39, 0x6A, 0x35, 0x49, 0x31, 0x29, 0x2D, 0x28, 0x2D, 0x28, 0x2D, 
    0x27, 0x31, 0x8B, 0x3D, 0x92, 0x5E, 0xD5, 0x62, 0xCD, 0x41, 0xE6, 0x24, 0x0F, 0x4A, 0xB7, 0x5A, 
    0x76, 0x4A, 0x55, 0x42, 0x55, 0x42, 0x34, 0x3E, 0x11, 0x3A, 0xF1, 0x35, 0x0F, 0x3A, 0xEF, 0x35, 
    0xED, 0x35, 0xCE, 0x35, 0x0E, 0x3E, 0x10, 0x3E, 0x52, 0x46, 0x53, 0x46, 0x74, 0x4A, 0x96, 0x4A, 
    0xB6, 0x4E, 0xB8, 0x4E, 0xD8, 0x52, 0xDA, 0x56, 0x1A, 0x5B, 0x1C, 0x5F, 0x3C, 0x63, 0x3C, 0x63, 
    0x3B, 0x63, 0x1B, 0x63, 0x1A, 0x63, 0x1A, 0x5F, 0xF9, 0x5E, 0xD9, 0x5A, 0xD7, 0x5A, 0xB6, 0x56, 
    0x93, 0x52, 0x52, 0x4A, 0x51, 0x4A, 0x0F, 0x42, 0x0E, 0x42, 0xEF, 0x3D, 0x0E, 0x42, 0xEF, 0x3D, 
    0x0E, 0x3E, 0xEE, 0x3D, 0x0E, 0x3E, 0x0F, 0x3E, 0x2F, 0x42, 0x31, 0x42, 0x52, 0x46, 0x53, 0x46, 
    0x74, 0x4A, 0x96, 0x4A, 0xB7, 0x4E, 0xB8, 0x4E, 0xD8, 0x52, 0xB9, 0x52, 0xB8, 0x52, 0x98, 0x4E, 
    0x96, 0x4E, 0x76, 0x4A, 0x96, 0x4E, 0x97, 0x4E, 0x96, 0x4E, 0x97, 0x4E, 0xB7, 0x52, 0xD8, 0x56, 
    0xF9, 0x5A, 0xFB, 0x5E, 0x1B, 0x63, 0x1C, 0x63, 0x5C, 0x67, 0x5E, 0x67, 0x9E, 0x6F, 0x9F, 0x6F, 
    0xBE, 0x73, 0x9F, 0x6F, 0x7D, 0x6B, 0x7E, 0x67, 0x7D, 0x6B, 0x5D, 0x63, 0x5C, 0x63, 0x3C, 0x5F, 
    0x1B, 0x5F, 0xFB, 0x5A, 0xFA, 0x5A, 0xDA, 0x56, 0xD9, 0x56, 0xB9, 0x52, 0xB7, 0x4E, 0x74, 0x4A, 
    0x71, 0x4A, 0x73, 0x4A, 0xB4, 0x52, 0xB6, 0x52, 0xD7, 0x5A, 0xF8, 0x5A, 0x19, 0x5F, 0x1A, 0x5F, 
    0x9F, 0x67, 0x7E, 0x63, 0x1D, 0x5B, 0xFC, 0x56, 0xDB, 0x4E, 0xDA, 0x52, 0xDC, 0x52, 0xFC, 0x5A, 
    0xDC, 0x52, 0xBA, 0x4E, 0xB9, 0x4A, 0x98, 0x4A, 0x98, 0x4A, 0x98, 0x4E, 0x98, 0x4A, 0xB8, 0x4E, 
    0x1C, 0x57, 0x9E, 0x6B, 0xBF, 0x73, 0xDF, 0x7B, 0xBF, 0x73, 0x7E, 0x63, 0x1D, 0x57, 0xFB, 0x56, 
    0xDB, 0x56, 0xD9, 0x52, 0xB9, 0x4E, 0xB9, 0x52, 0x98, 0x4A, 0x97, 0x4A, 0x98, 0x4A, 0x96, 0x4A, 
    0x54, 0x42, 0x51, 0x42, 0x30, 0x3E, 0x2E, 0x42, 0x51, 0x46, 0x73, 0x4A, 0x53, 0x46, 0x74, 0x4A, 
    0x76, 0x4A, 0x94, 0x4A, 0x95, 0x4A, 0xB5, 0x52, 0xB8, 0x52, 0xF9, 0x5A, 0xFB, 0x5A, 0x1B, 0x5F, 
    0x1C, 0x5F, 0x3C, 0x63, 0x1C, 0x5F, 0x3B, 0x63, 0x1B, 0x5F, 0x3B, 0x63, 0x3C, 0x67, 0x7C, 0x6B, 
    0x7D, 0x6B, 0x9D, 0x6F, 0x7D, 0x6F, 0x7C, 0x6F, 0x5C, 0x6B, 0x7C, 0x6B, 0x7D, 0x6F, 0x7C, 0x6F, 
    0x5C, 0x6B, 0x5B, 0x67, 0x1A, 0x63, 0x18, 0x5F, 0xB5, 0x56, 0x6F, 0x4A, 0x4D, 0x46, 0x4C, 0x46, 
    0x2C, 0x42, 0x2C, 0x42, 0x4D, 0x42, 0x6E, 0x4A, 0x93, 0x4E, 0xB5, 0x52, 0xB7, 0x52, 0xD6, 0x56, 
    0xB6, 0x52, 0xD5, 0x52, 0xB4, 0x4E, 0xB3, 0x4E, 0x31, 0x46, 0x6A, 0x31, 0xC7, 0x20, 0x84, 0x18, 
    0x84, 0x14, 0x83, 0x14, 0xC6, 0x20, 0xC5, 0x20, 0xA5, 0x1C, 0x84, 0x18, 0x84, 0x18, 0xE6, 0x20, 
    0x6B, 0x35, 0x8B, 0x39, 0x69, 0x39, 0xA9, 0x41, 0x68, 0x3D, 0x47, 0x39, 0x05, 0x31, 0x26, 0x39, 
    0x47, 0x39, 0x68, 0x3D, 0xCC, 0x49, 0x2E, 0x56, 0xCC, 0x49, 0x68, 0x39, 0x49, 0x35, 0xCB, 0x45, 
    0xAC, 0x41, 0xAA, 0x41, 0x8A, 0x3D, 0x88, 0x39, 0x68, 0x39, 0x47, 0x35, 0x06, 0x2D, 0xC4, 0x24, 
    0x64, 0x14, 0x06, 0x29, 0x07, 0x2D, 0x68, 0x39, 0xAB, 0x41, 0xAA, 0x41, 0x49, 0x35, 0x06, 0x2D, 
    0xE7, 0x28, 0x27, 0x31, 0x28, 0x2D, 0x63, 0x14, 0xA5, 0x18, 0xA4, 0x1C, 0xA5, 0x20, 0x69, 0x35, 
    0x0F, 0x52, 0x91, 0x5E, 0x72, 0x5A, 0x91, 0x5E, 0xAD, 0x41, 0x49, 0x31, 0x08, 0x29, 0x6B, 0x39, 
    0x8C, 0x3D, 0xCD, 0x41, 0x4A, 0x35, 0xE6, 0x28, 0xE7, 0x28, 0x49, 0x35, 0x4A, 0x35, 0xCD, 0x45, 
    0x6A, 0x39, 0xED, 0x4D, 0xB4, 0x62, 0x17, 0x6B, 0x52, 0x52, 0xE6, 0x28, 0xCE, 0x45, 0xB6, 0x5A, 
    0x98, 0x4E, 0x56, 0x46, 0x36, 0x42, 0x33, 0x3E, 0xF1, 0x39, 0xF0, 0x39, 0xF0, 0x39, 0xEE, 0x39, 
    0xCE, 0x35, 0xEE, 0x39, 0xEF, 0x39, 0x30, 0x42, 0x33, 0x46, 0x74, 0x4A, 0x76, 0x46, 0x96, 0x4A, 
    0x97, 0x4E, 0xD8, 0x52, 0xDA, 0x56, 0xFA, 0x5A, 0xFC, 0x5E, 0x3C, 0x63, 0x3D, 0x63, 0x5D, 0x67, 
    0x3D, 0x67, 0x3B, 0x67, 0x1B, 0x63, 0x1A, 0x63, 0xF9, 0x5A, 0xF8, 0x5A, 0xD8, 0x5A, 0xB6, 0x5A, 
    0x74, 0x52, 0x72, 0x4E, 0x31, 0x4A, 0x0F, 0x42, 0xEF, 0x3D, 0xEE, 0x41, 0xEF, 0x3D, 0xEE, 0x3D, 
    0xEE, 0x39, 0xED, 0x3D, 0xEF, 0x39, 0x0E, 0x3E, 0x0F, 0x3E, 0x30, 0x42, 0x32, 0x42, 0x53, 0x46, 
    0x75, 0x46, 0x96, 0x4E, 0x98, 0x4E, 0xB8, 0x52, 0xB9, 0x52, 0xB9, 0x56, 0xB9, 0x52, 0x98, 0x52, 
    0x77, 0x4A, 0x96, 0x4E, 0x77, 0x4A, 0x96, 0x4E, 0x77, 0x4E, 0x96, 0x4E, 0x97, 0x52, 0xB8, 0x56, 
    0xB9, 0x56, 0xFA, 0x5A, 0xFB, 0x5A, 0x1B, 0x5F, 0x1C, 0x63, 0x5D, 0x6B, 0x7F, 0x6F, 0x9E, 0x6F, 
    0x7F, 0x6F, 0x9E, 0x6F, 0x5E, 0x67, 0x5D, 0x6B, 0x5D, 0x67, 0x3C, 0x63, 0x1C, 0x5F, 0x1A, 0x5B, 
    0xFA, 0x56, 0xFA, 0x56, 0xDA, 0x56, 0xD9, 0x56, 0xBA, 0x52, 0xB9, 0x52, 0x96, 0x4A, 0x72, 0x4A, 
    0x31, 0x46, 0x73, 0x4E, 0x75, 0x4E, 0xB6, 0x56, 0xB7, 0x56, 0xF8, 0x5E, 0xF9, 0x5E, 0x1A, 0x63, 
    0x9E, 0x67, 0x5E, 0x5F, 0x3C, 0x57, 0xFC, 0x52, 0xFB, 0x52, 0xDB, 0x4E, 0x1B, 0x57, 0x1D, 0x57, 
    0x1C, 0x57, 0xDA, 0x4E, 0xB8, 0x4A, 0x97, 0x46, 0x97, 0x46, 0x97, 0x46, 0x97, 0x4A, 0x97, 0x46, 
    0x1A, 0x53, 0x5E, 0x5F, 0xBE, 0x6F, 0xDF, 0x73, 0xDF, 0x73, 0x7F, 0x63, 0x5D, 0x5F, 0x1C, 0x57, 
    0xFA, 0x56, 0xD9, 0x4E, 0xB8, 0x4E, 0xB9, 0x4E, 0xB7, 0x4A, 0x97, 0x4A, 0xB8, 0x4E, 0xB8, 0x4A, 
    0x74, 0x46, 0x52, 0x3E, 0x4F, 0x42, 0x2E, 0x3E, 0x4F, 0x46, 0x72, 0x46, 0x71, 0x46, 0x72, 0x46, 
    0x92, 0x4A, 0x94, 0x4A, 0xB5, 0x4E, 0xB7, 0x4E, 0xF8, 0x56, 0xF9, 0x56, 0x1A, 0x5F, 0x1B, 0x5B, 
    0x3B, 0x5F, 0x3C, 0x5F, 0x3B, 0x5F, 0x3B, 0x5F, 0x3B, 0x63, 0x3B, 0x63, 0x5B, 0x67, 0x5C, 0x67, 
    0x7C, 0x6B, 0x7D, 0x6B, 0x9D, 0x6F, 0x7D, 0x6B, 0x7C, 0x6B, 0x7D, 0x6B, 0x7C, 0x6B, 0x7C, 0x67, 
    0x5B, 0x67, 0x3B, 0x5F, 0x39, 0x5F, 0xF8, 0x5A, 0xD4, 0x56, 0x6F, 0x4A, 0x6D, 0x46, 0x4D, 0x42, 
    0x4C, 0x42, 0x2C, 0x3E, 0x4C, 0x42, 0x6F, 0x46, 0xB3, 0x4E, 0xB6, 0x4E, 0xD6, 0x52, 0xD7, 0x52, 
    0xD6, 0x52, 0xB5, 0x4E, 0xB3, 0x4E, 0x93, 0x4A, 0x50, 0x46, 0x4A, 0x2D, 0x28, 0x2D, 0xA5, 0x18, 
    0xA4, 0x18, 0x83, 0x14, 0xC5, 0x1C, 0xA5, 0x18, 0xA4, 0x18, 0xA4, 0x18, 0xC5, 0x1C, 0xA4, 0x18, 
    0x06, 0x25, 0xC5, 0x1C, 0x68, 0x35, 0xAA, 0x3D, 0x89, 0x3D, 0x68, 0x39, 0x67, 0x39, 0x67, 0x39, 
    0x88, 0x41, 0xED, 0x49, 0x0C, 0x4E, 0xEC, 0x49, 0xAA, 0x41, 0x06, 0x29, 0xC3, 0x20, 0x69, 0x35, 
    0xCB, 0x41, 0xAA, 0x3D, 0x88, 0x39, 0x89, 0x39, 0x88, 0x3D, 0x68, 0x35, 0x46, 0x31, 0x05, 0x29, 
    0xA3, 0x18, 0xE6, 0x24, 0x47, 0x31, 0x8A, 0x3D, 0xCB, 0x45, 0x68, 0x35, 0xE5, 0x24, 0x63, 0x14, 
    0xE5, 0x24, 0x49, 0x31, 0xE5, 0x20, 0x63, 0x10, 0x41, 0x0C, 0x84, 0x14, 0x06, 0x25, 0x0E, 0x46, 
    0x8A, 0x39, 0x92, 0x5A, 0xAB, 0x39, 0xAD, 0x3D, 0x6A, 0x35, 0xCD, 0x41, 0x2E, 0x52, 0x50, 0x52, 
    0x70, 0x52, 0xD5, 0x62, 0xB3, 0x5E, 0x51, 0x52, 0xB3, 0x5E, 0x92, 0x5A, 0x4E, 0x52, 0xCC, 0x45, 
    0xAA, 0x41, 0x0E, 0x4A, 0x15, 0x6B, 0x38, 0x6F, 0xB3, 0x5A, 0x28, 0x2D, 0xAB, 0x3D, 0x96, 0x56, 
    0xD8, 0x52, 0x77, 0x46, 0x75, 0x42, 0x33, 0x3E, 0x10, 0x3A, 0xF0, 0x35, 0xEF, 0x39, 0xEE, 0x35, 
    0xED, 0x35, 0xEE, 0x35, 0x0E, 0x3A, 0x31, 0x3E, 0x53, 0x46, 0x75, 0x46, 0x95, 0x4A, 0x96, 0x4A, 
    0xB7, 0x4E, 0xD9, 0x52, 0xFA, 0x56, 0xFB, 0x5A, 0x3B, 0x5F, 0x3D, 0x63, 0x5D, 0x67, 0x5D, 0x67, 
    0x5C, 0x67, 0x3C, 0x63, 0x3B, 0x63, 0x1A, 0x5F, 0xF9, 0x5A, 0xD8, 0x56, 0xD8, 0x5A, 0xB6, 0x52, 
    0x94, 0x52, 0x52, 0x4A, 0x2F, 0x46, 0xEE, 0x3D, 0xED, 0x3D, 0xCE, 0x39, 0xEE, 0x3D, 0xEE, 0x39, 
    0xED, 0x39, 0xCD, 0x35, 0xED, 0x39, 0xEE, 0x39, 0x0E, 0x3E, 0x10, 0x3E, 0x51, 0x46, 0x74, 0x46, 
    0x95, 0x4A, 0x97, 0x4A, 0xB7, 0x4E, 0xB8, 0x4E, 0xB8, 0x52, 0xB9, 0x52, 0xD8, 0x52, 0x98, 0x4E, 
    0x97, 0x4E, 0x97, 0x4A, 0x96, 0x4E, 0x97, 0x4A, 0x96, 0x4A, 0x76, 0x4A, 0x96, 0x4E, 0x97, 0x4E, 
    0xB7, 0x52, 0xD8, 0x52, 0xF9, 0x56, 0xFA, 0x56, 0x1B, 0x5F, 0x3D, 0x63, 0x7D, 0x6B, 0x7E, 0x6B, 
    0x9E, 0x6B, 0x7E, 0x67, 0x5C, 0x67, 0x3D, 0x63, 0x5C, 0x63, 0x1B, 0x5B, 0x1A, 0x5B, 0xF9, 0x56, 
    0xD8, 0x52, 0xD9, 0x52, 0xD9, 0x52, 0xB9, 0x4E, 0xD8, 0x4E, 0x97, 0x4A, 0x73, 0x46, 0x31, 0x42, 
    0x50, 0x46, 0x52, 0x46, 0x93, 0x4E, 0x95, 0x52, 0xD6, 0x56, 0xD8, 0x5A, 0x18, 0x5F, 0x1A, 0x5F, 
    0x7F, 0x63, 0x5D, 0x5F, 0x1D, 0x57, 0xFC, 0x56, 0xDC, 0x52, 0xFB, 0x52, 0xFC, 0x52, 0x3D, 0x5B, 
    0x1D, 0x5B, 0xFB, 0x56, 0xB9, 0x4A, 0x97, 0x46, 0x76, 0x46, 0x96, 0x4A, 0x77, 0x46, 0x97, 0x4A, 
    0xB9, 0x4E, 0x3C, 0x5B, 0x9F, 0x67, 0xDF, 0x73, 0xBF, 0x73, 0x9F, 0x6B, 0x5E, 0x5F, 0x3C, 0x5B, 
    0xFB, 0x52, 0xD9, 0x52, 0x98, 0x4E, 0xD9, 0x52, 0xB9, 0x4E, 0xB8, 0x4E, 0xDA, 0x56, 0xD9, 0x52, 
    0x55, 0x46, 0x50, 0x42, 0x50, 0x42, 0x2E, 0x42, 0x2F, 0x42, 0x70, 0x46, 0x51, 0x46, 0x71, 0x4A, 
    0x72, 0x4A, 0x94, 0x4E, 0x96, 0x4E, 0xB7, 0x52, 0xD9, 0x56, 0xF9, 0x5A, 0x1B, 0x5B, 0x3B, 0x5F, 
    0x1C, 0x5F, 0x3B, 0x5F, 0x1C, 0x5F, 0x3B, 0x63, 0x3C, 0x5F, 0x3B, 0x63, 0x5C, 0x67, 0x7C, 0x6B, 
    0x7D, 0x6B, 0x9D, 0x6F, 0x7E, 0x6B, 0x9D, 0x6F, 0x7D, 0x6B, 0x7D, 0x6B, 0x5D, 0x6B, 0x7C, 0x67, 
    0x3C, 0x63, 0x3A, 0x63, 0xF9, 0x5A, 0xF7, 0x5A, 0xB5, 0x52, 0x90, 0x4E, 0x4F, 0x46, 0x4D, 0x46, 
    0x2D, 0x42, 0x4C, 0x42, 0x4D, 0x42, 0x8F, 0x4A, 0x94, 0x4A, 0xB6, 0x52, 0xB8, 0x52, 0xD8, 0x52, 
    0xD7, 0x52, 0xD5, 0x52, 0x94, 0x4E, 0x91, 0x4E, 0x30, 0x46, 0xAC, 0x39, 0xAD, 0x39, 0xC5, 0x20, 
    0xA5, 0x1C, 0x84, 0x18, 0xA5, 0x18, 0xA4, 0x18, 0x84, 0x18, 0xC5, 0x1C, 0xC6, 0x1C, 0xC5, 0x20, 
    0xE7, 0x20, 0xE6, 0x24, 0x28, 0x31, 0x89, 0x39, 0x69, 0x39, 0xA9, 0x41, 0xAA, 0x45, 0x89, 0x45, 
    0xEC, 0x4D, 0x0D, 0x52, 0xCC, 0x45, 0x8A, 0x3D, 0xE6, 0x24, 0xC4, 0x20, 0xE6, 0x24, 0x47, 0x31, 
    0x8A, 0x3D, 0xAB, 0x41, 0x89, 0x39, 0xAA, 0x3D, 0x69, 0x39, 0x68, 0x3D, 0x48, 0x35, 0x47, 0x35, 
    0xA5, 0x20, 0x26, 0x2D, 0x48, 0x35, 0xAA, 0x41, 0xAB, 0x41, 0x47, 0x39, 0x28, 0x31, 0xE6, 0x24, 
    0xC5, 0x20, 0x83, 0x18, 0x07, 0x29, 0x69, 0x35, 0x42, 0x0C, 0x83, 0x18, 0xE7, 0x24, 0x69, 0x35, 
    0xE7, 0x20, 0x08, 0x25, 0x08, 0x25, 0x07, 0x29, 0x2A, 0x31, 0x0D, 0x4E, 0xB3, 0x66, 0xF4, 0x6A, 
    0x16, 0x6B, 0x16, 0x6B, 0xB5, 0x62, 0xF5, 0x66, 0x59, 0x77, 0x58, 0x77, 0xB3, 0x62, 0x90, 0x5E, 
    0xEE, 0x4D, 0x2F, 0x52, 0xF6, 0x66, 0x79, 0x77, 0xB4, 0x5E, 0x49, 0x31, 0x8C, 0x3D, 0xB5, 0x56, 
    0xDA, 0x56, 0xB8, 0x4E, 0x76, 0x46, 0x33, 0x42, 0x11, 0x3A, 0xEF, 0x39, 0xEF, 0x39, 0xEE, 0x39, 
    0xEE, 0x35, 0xEE, 0x39, 0x0F, 0x3A, 0x32, 0x42, 0x54, 0x46, 0x75, 0x4A, 0x76, 0x46, 0x97, 0x4E, 
    0xB8, 0x4E, 0xD9, 0x56, 0xFB, 0x56, 0x1B, 0x5F, 0x1C, 0x5F, 0x5D, 0x67, 0x5E, 0x67, 0x5D, 0x6B, 
    0x5D, 0x67, 0x5C, 0x67, 0x1C, 0x63, 0x1A, 0x5F, 0xD9, 0x5A, 0xD8, 0x5A, 0xB8, 0x56, 0xB6, 0x56, 
    0x74, 0x4E, 0x52, 0x4A, 0x10, 0x42, 0xEE, 0x3D, 0xAD, 0x39, 0xCD, 0x39, 0xCE, 0x39, 0xCD, 0x39, 
    0xCD, 0x35, 0xCD, 0x39, 0xCE, 0x35, 0xEE, 0x39, 0xEF, 0x3D, 0x30, 0x42, 0x53, 0x46, 0x75, 0x4A, 
    0x97, 0x4A, 0xB7, 0x4E, 0xB8, 0x4E, 0xB8, 0x52, 0xB9, 0x52, 0xB8, 0x52, 0xB9, 0x52, 0xB8, 0x52, 
    0x98, 0x4E, 0x97, 0x4E, 0x98, 0x4E, 0x97, 0x4E, 0x77, 0x4A, 0x76, 0x4A, 0x77, 0x4A, 0x96, 0x4E, 
    0x76, 0x4A, 0xB7, 0x52, 0xB8, 0x52, 0xD8, 0x56, 0xFB, 0x5A, 0x3C, 0x63, 0x5E, 0x67, 0x7E, 0x6B, 
    0x5E, 0x67, 0x5D, 0x67, 0x3D, 0x63, 0x3C, 0x63, 0x1C, 0x5F, 0xFA, 0x5A, 0xFA, 0x56, 0xD9, 0x56, 
    0xB8, 0x4E, 0xB7, 0x4E, 0x97, 0x4A, 0xB7, 0x4E, 0x97, 0x4A, 0x95, 0x4A, 0x53, 0x42, 0x31, 0x42, 
    0x31, 0x46, 0x52, 0x4A, 0x73, 0x4A, 0x94, 0x52, 0x96, 0x52, 0xD7, 0x5A, 0xF9, 0x5A, 0x1A, 0x63, 
    0x7E, 0x63, 0x3D, 0x5B, 0x1C, 0x57, 0xFC, 0x52, 0xFB, 0x52, 0xDC, 0x52, 0x1C, 0x57, 0x3E, 0x5B, 
    0x3D, 0x5F, 0xFC, 0x56, 0xD9, 0x4E, 0x97, 0x46, 0x95, 0x46, 0x76, 0x46, 0x96, 0x4A, 0x77, 0x46, 
    0xB8, 0x4A, 0x1C, 0x57, 0x7E, 0x63, 0x9F, 0x6B, 0xBF, 0x73, 0x9F, 0x6B, 0x7E, 0x63, 0x1D, 0x5B, 
    0xFA, 0x56, 0xD9, 0x4E, 0xB8, 0x4E, 0xDA, 0x52, 0xDA, 0x52, 0xDA, 0x52, 0x1B, 0x5B, 0xDA, 0x52, 
    0x73, 0x46, 0x2F, 0x42, 0x50, 0x42, 0x2F, 0x3E, 0x4E, 0x42, 0x50, 0x42, 0x50, 0x46, 0x72, 0x46, 
    0x93, 0x4E, 0x95, 0x4A, 0xB6, 0x4E, 0xB7, 0x4E, 0xF8, 0x56, 0xFA, 0x5A, 0x1B, 0x5F, 0x1C, 0x5F, 
    0x3B, 0x5F, 0x1C, 0x5F, 0x3B, 0x5F, 0x3C, 0x5F, 0x3B, 0x63, 0x3C, 0x63, 0x5C, 0x67, 0x5D, 0x67, 
    0x7C, 0x6B, 0x7D, 0x6B, 0x9D, 0x6B, 0x7E, 0x6B, 0x9D, 0x6B, 0x7D, 0x67, 0x7C, 0x6B, 0x5D, 0x67, 
    0x3B, 0x63, 0x1B, 0x5B, 0xF9, 0x56, 0xD7, 0x52, 0xD4, 0x52, 0x92, 0x4A, 0x70, 0x4A, 0x4E, 0x46, 
    0x4C, 0x42, 0x2D, 0x42, 0x4D, 0x42, 0x70, 0x46, 0xB4, 0x4E, 0xB7, 0x4E, 0xD7, 0x52, 0xD8, 0x52, 
    0xD7, 0x52, 0xB6, 0x4E, 0xB4, 0x4E, 0x71, 0x46, 0x50, 0x46, 0xAD, 0x39, 0x8B, 0x35, 0x28, 0x29, 
    0x07, 0x29, 0x84, 0x14, 0xA4, 0x18, 0x84, 0x14, 0x84, 0x18, 0x84, 0x18, 0x83, 0x18, 0xC6, 0x1C, 
    0xE6, 0x24, 0xE6, 0x24, 0xE5, 0x20, 0xE6, 0x24, 0x69, 0x39, 0xCB, 0x45, 0xA9, 0x41, 0xAA, 0x45, 
    0xEC, 0x4D, 0xED, 0x49, 0xED, 0x49, 0x28, 0x2D, 0xC4, 0x1C, 0xA4, 0x1C, 0x05, 0x25, 0x8A, 0x39, 
    0x89, 0x39, 0x48, 0x31, 0xA9, 0x3D, 0x8A, 0x3D, 0x89, 0x3D, 0x89, 0x3D, 0x88, 0x3D, 0x68, 0x39, 
    0x26, 0x2D, 0x27, 0x2D, 0x68, 0x39, 0x8A, 0x3D, 0xAA, 0x41, 0x48, 0x35, 0x06, 0x29, 0x63, 0x10, 
    0x82, 0x14, 0x83, 0x18, 0xE6, 0x24, 0x28, 0x2D, 0x83, 0x14, 0xC6, 0x20, 0xE6, 0x24, 0xA5, 0x18, 
    0xE6, 0x20, 0xE7, 0x20, 0x07, 0x25, 0x28, 0x2D, 0x49, 0x35, 0xAC, 0x41, 0xD2, 0x66, 0x15, 0x6B, 
    0xF5, 0x6A, 0xD4, 0x62, 0xB3, 0x5E, 0x2F, 0x4E, 0x70, 0x56, 0x37, 0x73, 0x57, 0x77, 0xD4, 0x66, 
    0xB2, 0x62, 0x71, 0x56, 0xD4, 0x62, 0x59, 0x73, 0x16, 0x6B, 0x6A, 0x35, 0xAC, 0x3D, 0xB6, 0x56, 
    0xFB, 0x5A, 0xDA, 0x52, 0xB7, 0x4A, 0x54, 0x3E, 0x10, 0x3E, 0xEF, 0x39, 0xEE, 0x39, 0xEE, 0x35, 
    0xED, 0x39, 0xEE, 0x39, 0x0F, 0x3E, 0x32, 0x3E, 0x53, 0x46, 0x75, 0x46, 0x95, 0x4A, 0x97, 0x4A, 
    0xB8, 0x52, 0xDA, 0x52, 0xFA, 0x5A, 0x1B, 0x5B, 0x3C, 0x63, 0x3D, 0x63, 0x5D, 0x67, 0x5D, 0x67, 
    0x7D, 0x6B, 0x5D, 0x67, 0x3B, 0x63, 0xFA, 0x5A, 0xF9, 0x5A, 0xD8, 0x56, 0xD7, 0x56, 0x96, 0x52, 
    0x74, 0x4E, 0x52, 0x4A, 0x0F, 0x46, 0xCE, 0x39, 0xCC, 0x35, 0xAC, 0x35, 0xCC, 0x35, 0xAC, 0x35, 
    0xCC, 0x39, 0xCD, 0x35, 0xED, 0x39, 0xEE, 0x39, 0x0F, 0x3E, 0x31, 0x3E, 0x73, 0x46, 0x97, 0x4A, 
    0xB8, 0x4E, 0xB8, 0x4E, 0xB8, 0x52, 0x98, 0x4E, 0xB8, 0x52, 0xB9, 0x52, 0xD8, 0x52, 0xB8, 0x4E, 
    0xB8, 0x4E, 0x98, 0x4E, 0xB8, 0x4E, 0x98, 0x4E, 0x97, 0x4E, 0x77, 0x4A, 0x96, 0x4A, 0x76, 0x4A, 
    0x95, 0x4A, 0x76, 0x4A, 0x96, 0x4E, 0xB8, 0x4E, 0xF9, 0x56, 0x1C, 0x5F, 0x5D, 0x67, 0x5D, 0x67, 
    0x5D, 0x67, 0x3D, 0x63, 0x3B, 0x63, 0x1C, 0x5F, 0x1B, 0x5F, 0xD9, 0x56, 0xD8, 0x52, 0xB8, 0x4E, 
    0x95, 0x4A, 0x75, 0x46, 0x95, 0x4A, 0x75, 0x46, 0x73, 0x46, 0x53, 0x42, 0x52, 0x42, 0x31, 0x42, 
    0x51, 0x46, 0x52, 0x46, 0x73, 0x4E, 0x95, 0x4E, 0xB5, 0x52, 0xB7, 0x56, 0xF8, 0x5E, 0xFA, 0x5E, 
    0x3E, 0x5B, 0x1D, 0x5B, 0xFC, 0x56, 0xFC, 0x56, 0xDC, 0x52, 0xFC, 0x56, 0x1D, 0x57, 0x3E, 0x5F, 
    0x3E, 0x5F, 0x1D, 0x5B, 0xDB, 0x52, 0x98, 0x4A, 0x76, 0x46, 0x76, 0x46, 0x77, 0x4A, 0x97, 0x4A, 
    0x98, 0x4A, 0xFA, 0x52, 0x3D, 0x5B, 0x9F, 0x67, 0x9F, 0x6B, 0xBF, 0x6B, 0x7F, 0x63, 0x3C, 0x5B, 
    0xFB, 0x52, 0xDA, 0x52, 0xB9, 0x4E, 0xFA, 0x56, 0xDB, 0x56, 0xFB, 0x5A, 0xFB, 0x5A, 0xD9, 0x56, 
    0x53, 0x46, 0x4F, 0x46, 0x52, 0x46, 0x4F, 0x46, 0x2F, 0x42, 0x50, 0x46, 0x52, 0x46, 0x73, 0x4A, 
    0x95, 0x4A, 0xB6, 0x4E, 0xB7, 0x4E, 0xD7, 0x56, 0xD9, 0x56, 0x1A, 0x5F, 0x1B, 0x5B, 0x1B, 0x5F, 
    0x1C, 0x5F, 0x3B, 0x5F, 0x1C, 0x5F, 0x3B, 0x63, 0x3C, 0x63, 0x5C, 0x67, 0x5D, 0x67, 0x5D, 0x67, 
    0x5D, 0x67, 0x7D, 0x6B, 0x7E, 0x6B, 0x7D, 0x6B, 0x7E, 0x6B, 0x7D, 0x6B, 0x5E, 0x67, 0x5D, 0x67, 
    0x3C, 0x63, 0x1B, 0x5F, 0xD9, 0x56, 0xD6, 0x56, 0x95, 0x4E, 0x93, 0x4E, 0x72, 0x4A, 0x6F, 0x4A, 
    0x4E, 0x42, 0x4D, 0x46, 0x4E, 0x42, 0x70, 0x4A, 0x95, 0x4E, 0xB7, 0x52, 0xB8, 0x52, 0xD8, 0x56, 
    0xD8, 0x52, 0xD7, 0x52, 0x95, 0x4E, 0x70, 0x4A, 0x30, 0x46, 0x8B, 0x39, 0xE7, 0x24, 0x49, 0x31, 
    0x29, 0x2D, 0x83, 0x14, 0x85, 0x14, 0x84, 0x18, 0x85, 0x18, 0xA4, 0x18, 0x84, 0x18, 0x84, 0x18, 
    0xA4, 0x1C, 0x6A, 0x35, 0x49, 0x31, 0xC5, 0x20, 0x28, 0x31, 0xAA, 0x41, 0xAB, 0x45, 0xEC, 0x4D, 
    0xED, 0x49, 0x2F, 0x52, 0x8C, 0x3D, 0xA4, 0x1C, 0x84, 0x14, 0x83, 0x18, 0xE6, 0x24, 0x27, 0x2D, 
    0xC5, 0x20, 0xC4, 0x20, 0x49, 0x35, 0x89, 0x3D, 0x8A, 0x41, 0x68, 0x3D, 0x69, 0x3D, 0x89, 0x41, 
    0x69, 0x39, 0x68, 0x39, 0x48, 0x35, 0x06, 0x31, 0x49, 0x39, 0x27, 0x31, 0x84, 0x18, 0x63, 0x14, 
    0xA5, 0x1C, 0xE5, 0x24, 0xC6, 0x20, 0xE6, 0x24, 0x84, 0x14, 0xC6, 0x20, 0x85, 0x18, 0x28, 0x2D, 
    0x4A, 0x31, 0xC5, 0x20, 0x08, 0x29, 0x8B, 0x39, 0xAC, 0x41, 0xED, 0x4D, 0x71, 0x5A, 0xF4, 0x6A, 
    0x93, 0x5E, 0x50, 0x56, 0x52, 0x56, 0x2F, 0x52, 0x0F, 0x4A, 0x71, 0x5A, 0x58, 0x73, 0x79, 0x77, 
    0x17, 0x6F, 0xB3, 0x62, 0x93, 0x5E, 0x17, 0x6F, 0x39, 0x6F, 0xCD, 0x41, 0x8C, 0x3D, 0xB7, 0x5E, 
    0xFC, 0x5A, 0xFB, 0x56, 0xB9, 0x4E, 0x75, 0x46, 0x11, 0x3E, 0xEF, 0x3D, 0xEF, 0x39, 0xEE, 0x39, 
    0xCE, 0x35, 0xEE, 0x39, 0x10, 0x3E, 0x31, 0x42, 0x33, 0x42, 0x74, 0x46, 0x76, 0x4A, 0xB7, 0x4E, 
    0xB9, 0x52, 0xD9, 0x56, 0xDB, 0x5A, 0x1B, 0x5F, 0x3D, 0x63, 0x5D, 0x67, 0x3E, 0x67, 0x5D, 0x6B, 
    0x5E, 0x6B, 0x5D, 0x6B, 0x3C, 0x63, 0xFA, 0x5E, 0xD9, 0x5A, 0xD8, 0x5A, 0xB8, 0x56, 0x95, 0x56, 
    0x74, 0x4E, 0x52, 0x4E, 0x10, 0x42, 0xCD, 0x3D, 0x8C, 0x35, 0xAB, 0x35, 0x8B, 0x35, 0xAC, 0x35, 
    0xAD, 0x35, 0xCD, 0x39, 0xCE, 0x39, 0xEE, 0x3D, 0xF0, 0x3D, 0x32, 0x42, 0x55, 0x46, 0x97, 0x4E, 
    0xB9, 0x52, 0xB9, 0x56, 0x99, 0x52, 0xB8, 0x52, 0x98, 0x4E, 0xD9, 0x56, 0xB9, 0x52, 0xB8, 0x52, 
    0x98, 0x4E, 0xB8, 0x52, 0xB9, 0x52, 0xB8, 0x52, 0x98, 0x4E, 0x77, 0x4E, 0x77, 0x4A, 0x97, 0x4E, 
    0x76, 0x4A, 0x75, 0x4A, 0x76, 0x4A, 0x97, 0x4E, 0xB9, 0x52, 0x1B, 0x5F, 0x1D, 0x63, 0x3D, 0x67, 
    0x1D, 0x63, 0x1B, 0x63, 0xFC, 0x5E, 0xFB, 0x5E, 0xFB, 0x5A, 0xD9, 0x56, 0x97, 0x4E, 0x95, 0x4A, 
    0x74, 0x46, 0x73, 0x46, 0x53, 0x46, 0x52, 0x46, 0x33, 0x42, 0x32, 0x42, 0x33, 0x42, 0x32, 0x46, 
    0x32, 0x46, 0x72, 0x4A, 0x74, 0x4A, 0x94, 0x52, 0x96, 0x52, 0xB7, 0x5A, 0xD9, 0x5A, 0xF9, 0x5E, 
    0x3D, 0x5B, 0xFC, 0x52, 0xFB, 0x52, 0xFC, 0x52, 0xFB, 0x52, 0xFC, 0x52, 0x3C, 0x5B, 0x5E, 0x5B, 
    0x5D, 0x5F, 0x1D, 0x5B, 0xFB, 0x56, 0xB9, 0x4A, 0x96, 0x46, 0x76, 0x42, 0xB7, 0x4A, 0x98, 0x4A, 
    0x97, 0x4A, 0xB8, 0x4A, 0x1B, 0x57, 0x5E, 0x5B, 0x9E, 0x67, 0x9F, 0x67, 0x7E, 0x63, 0x3D, 0x57, 
    0x1B, 0x57, 0xDA, 0x52, 0xD9, 0x52, 0xFB, 0x56, 0x1B, 0x57, 0xFB, 0x56, 0x1A, 0x5B, 0xD9, 0x52, 
    0x72, 0x46, 0x51, 0x42, 0x73, 0x46, 0x51, 0x42, 0x4F, 0x42, 0x51, 0x46, 0x72, 0x4A, 0x94, 0x4A, 
    0xB5, 0x4E, 0xB7, 0x4E, 0xD7, 0x52, 0xD8, 0x52, 0x19, 0x5B, 0x1A, 0x5B, 0x1A, 0x5B, 0x1B, 0x5B, 
    0x3B, 0x5F, 0x1B, 0x5B, 0x3B, 0x5F, 0x3C, 0x5F, 0x5C, 0x63, 0x5C, 0x63, 0x7C, 0x67, 0x5D, 0x63, 
    0x7D, 0x67, 0x7D, 0x67, 0x7D, 0x6B, 0x7D, 0x67, 0x7D, 0x67, 0x7D, 0x67, 0x7D, 0x67, 0x5D, 0x63, 
    0x3C, 0x5F, 0x1B, 0x57, 0xF9, 0x56, 0xD7, 0x4E, 0xB4, 0x4E, 0x94, 0x4E, 0xB3, 0x4E, 0x70, 0x4A, 
    0x6E, 0x46, 0x4E, 0x42, 0x6D, 0x46, 0x70, 0x46, 0xB4, 0x4E, 0xB7, 0x4E, 0xD8, 0x52, 0xD9, 0x52, 
    0xD8, 0x52, 0xB7, 0x4E, 0xB4, 0x4E, 0x71, 0x4A, 0x2E, 0x42, 0x49, 0x2D, 0x27, 0x29, 0x29, 0x2D, 
    0x27, 0x29, 0xA4, 0x18, 0x63, 0x10, 0x84, 0x14, 0xA4, 0x18, 0xA5, 0x18, 0xA3, 0x18, 0x83, 0x14, 
    0xE5, 0x20, 0x49, 0x31, 0x27, 0x2D, 0xE6, 0x24, 0xA9, 0x39, 0x0C, 0x4A, 0x4D, 0x56, 0x2E, 0x52, 
    0xEC, 0x49, 0x8B, 0x39, 0xAA, 0x39, 0xE7, 0x24, 0x41, 0x0C, 0x83, 0x14, 0x06, 0x29, 0xE6, 0x20, 
    0x62, 0x14, 0xA3, 0x18, 0xE4, 0x24, 0x27, 0x2D, 0x67, 0x39, 0x47, 0x35, 0x67, 0x39, 0x89, 0x39, 
    0x88, 0x3D, 0x48, 0x35, 0x46, 0x35, 0xA4, 0x1C, 0x26, 0x2D, 0xC5, 0x20, 0x62, 0x10, 0x21, 0x08, 
    0xE5, 0x20, 0x28, 0x2D, 0x27, 0x29, 0x07, 0x25, 0xC4, 0x1C, 0x84, 0x18, 0xE6, 0x24, 0xEE, 0x45, 
    0x0E, 0x4A, 0x28, 0x29, 0x28, 0x29, 0x6A, 0x35, 0x2E, 0x4E, 0x70, 0x56, 0x2E, 0x52, 0x92, 0x5E, 
    0x91, 0x5A, 0x2F, 0x4E, 0xED, 0x45, 0x0F, 0x4A, 0xB2, 0x5E, 0xD4, 0x62, 0x36, 0x6F, 0x7A, 0x73, 
    0x9A, 0x77, 0xD5, 0x62, 0x91, 0x56, 0xB4, 0x5E, 0x78, 0x73, 0x71, 0x52, 0xAB, 0x39, 0xB7, 0x5A, 
    0x1B, 0x5F, 0x1C, 0x57, 0xD9, 0x52, 0x96, 0x46, 0x52, 0x42, 0x10, 0x3A, 0xEE, 0x39, 0xEE, 0x35, 
    0xED, 0x35, 0xEE, 0x35, 0x0E, 0x3E, 0x30, 0x3E, 0x50, 0x42, 0x53, 0x42, 0x95, 0x4A, 0x97, 0x4A, 
    0xD8, 0x52, 0xDA, 0x52, 0xFA, 0x5A, 0x1C, 0x5B, 0x5C, 0x63, 0x5D, 0x63, 0x5D, 0x67, 0x5D, 0x67, 
    0x7D, 0x6B, 0x5D, 0x67, 0x3B, 0x63, 0xFA, 0x5A, 0xF8, 0x5A, 0xD8, 0x56, 0xB7, 0x56, 0x95, 0x4E, 
    0x74, 0x4E, 0x53, 0x4A, 0x30, 0x42, 0xCD, 0x39, 0xAB, 0x35, 0x8A, 0x31, 0xAA, 0x31, 0xAC, 0x31, 
    0xCC, 0x35, 0xCE, 0x35, 0xED, 0x39, 0xEF, 0x39, 0x0F, 0x3E, 0x32, 0x42, 0x75, 0x46, 0xB8, 0x4E, 
    0xD8, 0x52, 0xB9, 0x52, 0xB8, 0x52, 0x98, 0x4E, 0xB8, 0x52, 0xB9, 0x52, 0xD8, 0x52, 0xB8, 0x4E, 
    0xB8, 0x52, 0xB9, 0x4E, 0xD9, 0x52, 0xB9, 0x4E, 0xB8, 0x4E, 0x77, 0x4A, 0x97, 0x4A, 0x77, 0x4A, 
    0x96, 0x4A, 0x76, 0x46, 0x75, 0x4A, 0x76, 0x4A, 0xB7, 0x52, 0xFA, 0x56, 0x1B, 0x5F, 0x1C, 0x5F, 
    0x1B, 0x5F, 0xFB, 0x5A, 0x1A, 0x5B, 0xFB, 0x5A, 0xFA, 0x5A, 0xD9, 0x52, 0xB6, 0x4A, 0x74, 0x46, 
    0x51, 0x42, 0x52, 0x42, 0x50, 0x42, 0x30, 0x3E, 0x51, 0x42, 0x32, 0x3E, 0x51, 0x42, 0x32, 0x42, 
    0x72, 0x4A, 0x74, 0x4A, 0x94, 0x4E, 0x95, 0x4E, 0xB5, 0x52, 0xB7, 0x56, 0xF8, 0x5A, 0xFA, 0x5A, 
    0xFD, 0x56, 0xFB, 0x52, 0xDC, 0x52, 0xFB, 0x56, 0xDC, 0x52, 0xFC, 0x56, 0x1D, 0x5B, 0x5E, 0x5F, 
    0x5F, 0x5F, 0x3D, 0x5F, 0xFC, 0x56, 0xB9, 0x4E, 0x77, 0x46, 0x97, 0x4A, 0x98, 0x4A, 0xB8, 0x4E, 
    0x98, 0x4A, 0xB7, 0x4A, 0xDA, 0x52, 0x3C, 0x5B, 0x5E, 0x5F, 0x9F, 0x67, 0x7F, 0x63, 0x3C, 0x5B, 
    0xFC, 0x56, 0xFA, 0x56, 0xDA, 0x52, 0xFB, 0x56, 0xFB, 0x56, 0xFA, 0x5A, 0xFA, 0x5A, 0xD8, 0x56, 
    0x73, 0x46, 0x94, 0x4A, 0x75, 0x46, 0x73, 0x46, 0x52, 0x46, 0x72, 0x4A, 0x94, 0x4A, 0x95, 0x4E, 
    0x97, 0x4E, 0xB7, 0x52, 0xD9, 0x52, 0xF9, 0x5A, 0xFA, 0x5A, 0x1A, 0x5B, 0xFB, 0x5A, 0x1B, 0x5F, 
    0x1B, 0x5B, 0x1B, 0x5F, 0x1B, 0x5F, 0x3B, 0x63, 0x3C, 0x63, 0x5C, 0x67, 0x5D, 0x67, 0x7D, 0x67, 
    0x5E, 0x67, 0x7D, 0x67, 0x7E, 0x67, 0x7D, 0x67, 0x7E, 0x67, 0x7D, 0x67, 0x5E, 0x63, 0x5D, 0x63, 
    0x1C, 0x5F, 0x1B, 0x5B, 0xD9, 0x52, 0xD7, 0x52, 0xB6, 0x4E, 0xB4, 0x52, 0x94, 0x4E, 0x92, 0x4E, 
    0x71, 0x4A, 0x6F, 0x4A, 0x4F, 0x46, 0x70, 0x4A, 0x94, 0x4E, 0xB7, 0x52, 0xD9, 0x52, 0xF9, 0x56, 
    0xD9, 0x52, 0xD7, 0x52, 0x95, 0x4E, 0x91, 0x4A, 0x0E, 0x42, 0x48, 0x2D, 0x49, 0x31, 0x27, 0x2D, 
    0xE6, 0x20, 0xE6, 0x24, 0x43, 0x10, 0x83, 0x14, 0xA5, 0x18, 0xA4, 0x18, 0x63, 0x10, 0x83, 0x18, 
    0xC6, 0x20, 0x83, 0x18, 0xC6, 0x20, 0xEC, 0x45, 0x2F, 0x4E, 0x2D, 0x52, 0x50, 0x5A, 0x6F, 0x5E, 
    0xEE, 0x49, 0xCC, 0x3D, 0x29, 0x2D, 0x83, 0x14, 0xA5, 0x1C, 0x83, 0x18, 0x83, 0x14, 0xC5, 0x1C, 
    0xA5, 0x1C, 0xA3, 0x1C, 0x61, 0x14, 0x25, 0x2D, 0x26, 0x31, 0x25, 0x31, 0x26, 0x31, 0x67, 0x39, 
    0x47, 0x35, 0x47, 0x39, 0x48, 0x39, 0xC4, 0x20, 0x63, 0x14, 0xA3, 0x20, 0x83, 0x14, 0x62, 0x10, 
    0x63, 0x10, 0xE6, 0x24, 0x08, 0x29, 0x06, 0x25, 0x63, 0x10, 0x07, 0x29, 0x8B, 0x3D, 0xED, 0x49, 
    0xAD, 0x3D, 0x28, 0x2D, 0xE7, 0x24, 0x28, 0x2D, 0xAC, 0x41, 0x91, 0x5E, 0x0E, 0x4E, 0x2E, 0x52, 
    0xEE, 0x49, 0xCC, 0x45, 0x6B, 0x39, 0xAC, 0x3D, 0xEE, 0x45, 0x15, 0x6B, 0x38, 0x6F, 0x79, 0x77, 
    0x5A, 0x73, 0x58, 0x6F, 0x10, 0x4A, 0x51, 0x56, 0x38, 0x6F, 0xD5, 0x62, 0x8C, 0x39, 0xB6, 0x5E, 
    0xFC, 0x5E, 0x1C, 0x5B, 0xDB, 0x56, 0xB7, 0x4E, 0x54, 0x46, 0x30, 0x42, 0xEF, 0x39, 0xEE, 0x39, 
    0xEE, 0x35, 0x0E, 0x3A, 0x0F, 0x3A, 0x2F, 0x3E, 0x30, 0x3E, 0x51, 0x46, 0x75, 0x46, 0x97, 0x4E, 
    0xB9, 0x52, 0xD9, 0x56, 0xDB, 0x56, 0x1B, 0x5F, 0x3D, 0x63, 0x5D, 0x67, 0x5D, 0x67, 0x5D, 0x67, 
    0x3D, 0x67, 0x3C, 0x67, 0x1C, 0x63, 0xFA, 0x5E, 0xD9, 0x5A, 0xD8, 0x56, 0x97, 0x52, 0x95, 0x52, 
    0x75, 0x4E, 0x53, 0x4A, 0x11, 0x42, 0xED, 0x39, 0xAC, 0x31, 0x8A, 0x31, 0x8B, 0x31, 0xCB, 0x35, 
    0xCD, 0x39, 0xEE, 0x39, 0xEF, 0x39, 0x0F, 0x3E, 0x10, 0x3E, 0x52, 0x46, 0x76, 0x46, 0xB7, 0x4E, 
    0xB9, 0x52, 0xB8, 0x52, 0x98, 0x52, 0xB8, 0x52, 0xB8, 0x4E, 0xB9, 0x52, 0xB9, 0x52, 0xB8, 0x52, 
    0xB9, 0x52, 0xD9, 0x56, 0xDA, 0x52, 0xD9, 0x52, 0x99, 0x4E, 0x97, 0x4E, 0x77, 0x4A, 0x97, 0x4E, 
    0x77, 0x4A, 0x76, 0x4A, 0x56, 0x46, 0x76, 0x4A, 0x98, 0x4E, 0xD9, 0x56, 0xFB, 0x5A, 0x1B, 0x5F, 
    0xFB, 0x5A, 0xFB, 0x5E, 0xFB, 0x5A, 0xFB, 0x5A, 0xFB, 0x56, 0xD8, 0x56, 0x97, 0x4A, 0x73, 0x46, 
    0x31, 0x42, 0x30, 0x42, 0xEE, 0x39, 0x0E, 0x3E, 0x11, 0x3E, 0x32, 0x42, 0x32, 0x42, 0x52, 0x46, 
    0x54, 0x46, 0x74, 0x4E, 0x75, 0x4E, 0x95, 0x52, 0xB7, 0x52, 0xD7, 0x56, 0xD9, 0x5A, 0xFA, 0x5E, 
    0xFB, 0x56, 0xDB, 0x4E, 0xFB, 0x52, 0xFC, 0x52, 0xFC, 0x56, 0xFC, 0x56, 0x3D, 0x5B, 0x5E, 0x5F, 
    0x7E, 0x63, 0x3E, 0x5F, 0x1C, 0x57, 0xBA, 0x4E, 0x97, 0x4A, 0x98, 0x4A, 0xDA, 0x52, 0xDA, 0x52, 
    0xB8, 0x4E, 0x97, 0x4A, 0xD9, 0x4E, 0xFB, 0x52, 0x5D, 0x5B, 0x5E, 0x5F, 0x5E, 0x5F, 0x1D, 0x5B, 
    0x1B, 0x5B, 0xFB, 0x56, 0xD9, 0x56, 0xFB, 0x56, 0x1A, 0x5B, 0xFA, 0x56, 0xF9, 0x5A, 0xB7, 0x52, 
    0x93, 0x4A, 0x96, 0x4A, 0x96, 0x4A, 0x74, 0x46, 0x74, 0x4A, 0x75, 0x4A, 0xB5, 0x4E, 0x96, 0x4A, 
    0xB7, 0x4E, 0xB9, 0x4E, 0xF9, 0x56, 0xFA, 0x56, 0x1A, 0x5B, 0xFB, 0x5A, 0x1A, 0x5B, 0x1B, 0x5B, 
    0x1B, 0x5F, 0x1B, 0x5B, 0x3B, 0x5F, 0x3C, 0x5F, 0x5C, 0x63, 0x5D, 0x63, 0x7D, 0x67, 0x5E, 0x63, 
    0x7D, 0x67, 0x7E, 0x67, 0x7D, 0x67, 0x7E, 0x67, 0x7D, 0x67, 0x5E, 0x63, 0x7D, 0x63, 0x3D, 0x5F, 
    0x3C, 0x5F, 0xFB, 0x56, 0xD9, 0x52, 0xB8, 0x4E, 0xD5, 0x52, 0xB5, 0x4E, 0xB4, 0x52, 0xB4, 0x52, 
    0x92, 0x4E, 0x72, 0x4A, 0x6F, 0x4A, 0x71, 0x4A, 0xB3, 0x4E, 0xB7, 0x4E, 0xD8, 0x52, 0xD9, 0x52, 
    0xD8, 0x52, 0xB8, 0x4E, 0xB5, 0x4E, 0x72, 0x4A, 0x2E, 0x46, 0x6A, 0x31, 0x69, 0x35, 0x28, 0x2D, 
    0xC4, 0x1C, 0xE6, 0x20, 0x62, 0x14, 0x63, 0x14, 0xA4, 0x18, 0x84, 0x14, 0x62, 0x10, 0x63, 0x10, 
    0xC5, 0x1C, 0xA5, 0x1C, 0xC4, 0x20, 0xED, 0x45, 0xEC, 0x45, 0x2E, 0x52, 0x4F, 0x5A, 0x2E, 0x52, 
    0x0E, 0x4A, 0x4A, 0x31, 0x62, 0x14, 0x21, 0x08, 0xA3, 0x18, 0x63, 0x10, 0x62, 0x10, 0x21, 0x04, 
    0x20, 0x08, 0xA5, 0x20, 0xA3, 0x1C, 0xC5, 0x24, 0xC3, 0x24, 0x06, 0x2D, 0x25, 0x31, 0x47, 0x31, 
    0xE4, 0x28, 0x06, 0x2D, 0x88, 0x3D, 0xC5, 0x20, 0x41, 0x0C, 0x26, 0x2D, 0x05, 0x25, 0x63, 0x0C, 
    0x62, 0x10, 0xA5, 0x18, 0xA4, 0x1C, 0xA4, 0x18, 0xC4, 0x1C, 0x49, 0x31, 0xCC, 0x45, 0xCC, 0x41, 
    0x48, 0x31, 0x08, 0x29, 0x07, 0x29, 0x08, 0x29, 0x69, 0x35, 0xEE, 0x49, 0x2E, 0x4E, 0xAC, 0x41, 
    0xEC, 0x49, 0xCC, 0x41, 0x8A, 0x39, 0x29, 0x2D, 0x48, 0x31, 0x0F, 0x46, 0xF5, 0x66, 0x59, 0x73, 
    0x58, 0x73, 0x7A, 0x73, 0x72, 0x56, 0xAD, 0x41, 0xD4, 0x62, 0x17, 0x67, 0xCC, 0x41, 0x96, 0x56, 
    0x1C, 0x5F, 0x1D, 0x5B, 0xFB, 0x5A, 0xB9, 0x4E, 0x95, 0x4A, 0x32, 0x42, 0x0F, 0x3E, 0xEE, 0x39, 
    0xED, 0x39, 0xEE, 0x39, 0x0E, 0x3E, 0x0F, 0x3E, 0x2F, 0x3E, 0x31, 0x42, 0x73, 0x4A, 0x97, 0x4A, 
    0xB8, 0x52, 0xDA, 0x52, 0xFA, 0x5A, 0xFB, 0x5A, 0x3C, 0x63, 0x3D, 0x63, 0x5D, 0x67, 0x3D, 0x67, 
    0x3C, 0x67, 0x1C, 0x63, 0x1B, 0x63, 0xFA, 0x5A, 0xD8, 0x5A, 0xB8, 0x56, 0xB6, 0x56, 0x96, 0x4E, 
    0x75, 0x4E, 0x54, 0x46, 0x30, 0x42, 0xCE, 0x39, 0xCC, 0x35, 0xAB, 0x31, 0xCB, 0x35, 0xEE, 0x39, 
    0x0F, 0x3E, 0x10, 0x3E, 0x2F, 0x42, 0x10, 0x3E, 0x10, 0x42, 0x32, 0x42, 0x75, 0x4A, 0x97, 0x4E, 
    0xB8, 0x52, 0x98, 0x4E, 0xB7, 0x52, 0x98, 0x4E, 0xB8, 0x52, 0xB9, 0x52, 0xB9, 0x52, 0xB9, 0x52, 
    0xD9, 0x52, 0xBA, 0x52, 0xDA, 0x56, 0xB9, 0x52, 0x98, 0x4E, 0x77, 0x4A, 0x97, 0x4A, 0x77, 0x4A, 
    0x96, 0x4A, 0x76, 0x46, 0x75, 0x4A, 0x76, 0x46, 0x97, 0x4E, 0xB9, 0x52, 0xFA, 0x5A, 0xFB, 0x5A, 
    0x1B, 0x5F, 0xFB, 0x5A, 0xFB, 0x5E, 0xFB, 0x5A, 0xFA, 0x5A, 0xD9, 0x52, 0xB6, 0x4E, 0x73, 0x46, 
    0x50, 0x42, 0x0F, 0x3E, 0xED, 0x39, 0xEE, 0x39, 0x31, 0x3E, 0x32, 0x42, 0x52, 0x42, 0x53, 0x46, 
    0x74, 0x4A, 0x95, 0x4E, 0xB5, 0x4E, 0xB7, 0x52, 0xD7, 0x56, 0xD7, 0x56, 0xF8, 0x5A, 0xFA, 0x5A, 
    0xDB, 0x52, 0xDB, 0x52, 0xDC, 0x52, 0xFC, 0x56, 0xDD, 0x56, 0xFC, 0x5A, 0x1E, 0x5B, 0x5E, 0x63, 
    0x5F, 0x63, 0x5E, 0x63, 0xFD, 0x56, 0xD9, 0x4E, 0x98, 0x46, 0xB9, 0x4E, 0xDB, 0x52, 0xFC, 0x5A, 
    0xDB, 0x52, 0x97, 0x4E, 0xB8, 0x4A, 0xFA, 0x52, 0x1D, 0x5B, 0x5E, 0x5F, 0x3E, 0x5F, 0x1C, 0x5B, 
    0xFC, 0x5A, 0xFB, 0x5A, 0xDA, 0x52, 0xFA, 0x56, 0xFA, 0x56, 0xF9, 0x5A, 0xD9, 0x5A, 0xB5, 0x52, 
    0x74, 0x4A, 0xB7, 0x4E, 0x77, 0x4A, 0x76, 0x4A, 0x76, 0x4A, 0x96, 0x4E, 0x96, 0x4E, 0xB6, 0x4E, 
    0xB8, 0x52, 0xD9, 0x56, 0xDB, 0x56, 0x1B, 0x5B, 0xFB, 0x5A, 0x1A, 0x5B, 0xFA, 0x5A, 0x1A, 0x5B, 
    0xFB, 0x5A, 0x1B, 0x5F, 0x1B, 0x5F, 0x3C, 0x63, 0x3C, 0x63, 0x5C, 0x67, 0x5D, 0x63, 0x7D, 0x67, 
    0x5E, 0x67, 0x7E, 0x67, 0x5E, 0x67, 0x7E, 0x67, 0x5E, 0x67, 0x7E, 0x67, 0x5E, 0x63, 0x5D, 0x63, 
    0x1D, 0x5B, 0xFB, 0x5A, 0xB9, 0x52, 0xB7, 0x52, 0xB6, 0x52, 0xD5, 0x52, 0xB5, 0x52, 0xB5, 0x56, 
    0x95, 0x52, 0x93, 0x52, 0x71, 0x4A, 0x91, 0x4E, 0x94, 0x4E, 0xB6, 0x52, 0xB8, 0x52, 0xD8, 0x56, 
    0xB9, 0x52, 0xB7, 0x52, 0x96, 0x4A, 0x71, 0x4A, 0x2F, 0x46, 0xAC, 0x3D, 0x8B, 0x39, 0x49, 0x35, 
    0xA5, 0x1C, 0xA5, 0x1C, 0x63, 0x10, 0x63, 0x14, 0x64, 0x14, 0x84, 0x18, 0x43, 0x10, 0x63, 0x14, 
    0x63, 0x14, 0xC6, 0x20, 0xE6, 0x20, 0x2F, 0x4E, 0x71, 0x5A, 0x91, 0x62, 0xED, 0x4D, 0x0D, 0x4E, 
    0x6A, 0x35, 0x07, 0x2D, 0xA5, 0x1C, 0x61, 0x10, 0xE7, 0x20, 0xE6, 0x24, 0x63, 0x10, 0x84, 0x18, 
    0x22, 0x0C, 0x62, 0x14, 0x43, 0x10, 0x21, 0x0C, 0x63, 0x14, 0x05, 0x2D, 0xC4, 0x20, 0x05, 0x29, 
    0xA4, 0x1C, 0x26, 0x31, 0x89, 0x3D, 0xE5, 0x24, 0x21, 0x08, 0x47, 0x35, 0x28, 0x31, 0x62, 0x10, 
    0x42, 0x0C, 0x83, 0x14, 0x84, 0x14, 0xC6, 0x20, 0x28, 0x29, 0x6A, 0x39, 0xEE, 0x49, 0xCC, 0x45, 
    0x08, 0x29, 0xE6, 0x24, 0x09, 0x2D, 0x08, 0x2D, 0x29, 0x2D, 0x4A, 0x35, 0xAD, 0x41, 0x0E, 0x4E, 
    0xCE, 0x45, 0xCD, 0x45, 0x29, 0x31, 0x28, 0x31, 0x6B, 0x39, 0x49, 0x31, 0x0F, 0x4A, 0xF5, 0x66, 
    0x59, 0x73, 0x79, 0x77, 0xD6, 0x62, 0x6A, 0x39, 0x30, 0x4E, 0x16, 0x6B, 0xEF, 0x45, 0x73, 0x56, 
    0xFC, 0x5E, 0x3D, 0x63, 0xFC, 0x5A, 0xDA, 0x56, 0x76, 0x4A, 0x32, 0x46, 0xEF, 0x3D, 0xEE, 0x3D, 
    0xEE, 0x39, 0xEE, 0x3D, 0xEF, 0x39, 0x0F, 0x3E, 0x10, 0x3E, 0x30, 0x42, 0x53, 0x46, 0x96, 0x4E, 
    0x98, 0x52, 0xD9, 0x56, 0xDA, 0x56, 0xFB, 0x5E, 0x1C, 0x5F, 0x3C, 0x63, 0x3D, 0x63, 0x3C, 0x67, 
    0x1C, 0x63, 0x1B, 0x63, 0xFB, 0x5E, 0xF9, 0x5E, 0xB9, 0x5A, 0xB7, 0x5A, 0x97, 0x52, 0x96, 0x52, 
    0x75, 0x4E, 0x54, 0x4A, 0x12, 0x42, 0xEF, 0x3D, 0xCE, 0x39, 0xED, 0x39, 0xEF, 0x3D, 0x50, 0x46, 
    0x52, 0x46, 0x51, 0x4A, 0x31, 0x46, 0x30, 0x46, 0x10, 0x42, 0x52, 0x46, 0x76, 0x4A, 0x96, 0x4E, 
    0x98, 0x4E, 0x97, 0x52, 0x98, 0x4E, 0x97, 0x4E, 0x98, 0x4E, 0xB8, 0x52, 0xBA, 0x52, 0xD9, 0x56, 
    0xBA, 0x52, 0xDA, 0x56, 0xBA, 0x52, 0xB9, 0x52, 0x78, 0x4A, 0x76, 0x4A, 0x77, 0x4A, 0x97, 0x4E, 
    0x77, 0x4A, 0x76, 0x4A, 0x56, 0x46, 0x75, 0x4A, 0x77, 0x4A, 0xB8, 0x52, 0xDA, 0x56, 0xFA, 0x5A, 
    0xFB, 0x5A, 0x1B, 0x5F, 0xFB, 0x5A, 0xFA, 0x5A, 0xDA, 0x56, 0xD8, 0x56, 0x96, 0x4E, 0x73, 0x4A, 
    0x31, 0x42, 0x0F, 0x3E, 0xCE, 0x39, 0xEE, 0x3D, 0x11, 0x42, 0x53, 0x46, 0x54, 0x46, 0x74, 0x4E, 
    0x76, 0x4E, 0x96, 0x52, 0x97, 0x52, 0xB7, 0x56, 0xB8, 0x56, 0xD8, 0x5A, 0xD9, 0x5A, 0xFA, 0x5E, 
    0xDA, 0x4E, 0xDB, 0x4E, 0xFB, 0x52, 0xFC, 0x52, 0xFC, 0x56, 0xFD, 0x56, 0x3D, 0x5B, 0x5E, 0x5F, 
    0x9E, 0x63, 0x5E, 0x5F, 0x1C, 0x57, 0xDA, 0x4A, 0xB8, 0x4A, 0xBA, 0x4E, 0xFB, 0x56, 0x1D, 0x5B, 
    0xFB, 0x56, 0xB8, 0x4E, 0xB5, 0x4A, 0xD8, 0x4E, 0x1B, 0x57, 0x3D, 0x5B, 0x3D, 0x5F, 0x1C, 0x57, 
    0x1B, 0x5B, 0xFA, 0x52, 0xD8, 0x52, 0xDA, 0x52, 0xF9, 0x56, 0xD8, 0x56, 0xF8, 0x5A, 0xB6, 0x4E, 
    0xB5, 0x4E, 0xB8, 0x4E, 0x97, 0x4A, 0x97, 0x4A, 0x96, 0x4A, 0xB7, 0x4A, 0xB6, 0x4E, 0xB7, 0x4E, 
    0xD8, 0x52, 0xDA, 0x52, 0xFA, 0x56, 0x1B, 0x57, 0x1A, 0x5B, 0xFA, 0x56, 0x19, 0x57, 0xFA, 0x56, 
    0x19, 0x5B, 0x1A, 0x5B, 0x3B, 0x5F, 0x3C, 0x5F, 0x5B, 0x63, 0x5C, 0x5F, 0x7C, 0x63, 0x7E, 0x63, 
    0x7D, 0x67, 0x7E, 0x63, 0x7D, 0x67, 0x7E, 0x63, 0x7D, 0x67, 0x7E, 0x63, 0x7D, 0x63, 0x3D, 0x5F, 
    0x3C, 0x5B, 0xFB, 0x56, 0xD9, 0x52, 0xB7, 0x4E, 0xD5, 0x52, 0xD5, 0x52, 0xD5, 0x52, 0xD6, 0x52, 
    0xD5, 0x52, 0xB4, 0x4E, 0xB2, 0x4E, 0x93, 0x4E, 0xB4, 0x4E, 0xB6, 0x4E, 0xD7, 0x52, 0xD8, 0x52, 
    0xD7, 0x52, 0xB7, 0x4E, 0xB5, 0x4A, 0x72, 0x46, 0x4F, 0x46, 0xEE, 0x41, 0xED, 0x41, 0xAC, 0x39, 
    0xE5, 0x20, 0xA4, 0x18, 0x82, 0x14, 0x63, 0x10, 0x62, 0x10, 0x84, 0x14, 0x83, 0x14, 0x63, 0x10, 
    0x83, 0x14, 0x83, 0x14, 0xC4, 0x1C, 0x8A, 0x35, 0x6F, 0x56, 0x91, 0x5E, 0x90, 0x5E, 0x91, 0x5E, 
    0x89, 0x39, 0x83, 0x18, 0xE5, 0x20, 0x84, 0x18, 0xE5, 0x20, 0xA4, 0x18, 0x62, 0x10, 0xA5, 0x1C, 
    0x62, 0x10, 0x41, 0x08, 0x41, 0x0C, 0x21, 0x08, 0x41, 0x0C, 0x83, 0x18, 0x82, 0x14, 0xE5, 0x24, 
    0xE4, 0x24, 0x67, 0x39, 0xCA, 0x45, 0xE5, 0x20, 0x41, 0x08, 0x27, 0x31, 0x47, 0x31, 0x28, 0x29, 
    0xE5, 0x1C, 0x63, 0x10, 0xA4, 0x18, 0x07, 0x21, 0x69, 0x31, 0x8A, 0x39, 0x4F, 0x52, 0x2F, 0x4E, 
    0x27, 0x29, 0xE7, 0x24, 0xE6, 0x24, 0xE7, 0x24, 0x27, 0x2D, 0x29, 0x2D, 0x69, 0x35, 0xAC, 0x3D, 
    0xAB, 0x3D, 0x8B, 0x39, 0x69, 0x35, 0x49, 0x31, 0x8A, 0x39, 0xCE, 0x41, 0xCD, 0x41, 0xEE, 0x49, 
    0xF4, 0x66, 0x58, 0x73, 0xF5, 0x66, 0x8C, 0x39, 0xAB, 0x3D, 0xD5, 0x62, 0x50, 0x4E, 0x11, 0x4A, 
    0xFA, 0x5E, 0x3E, 0x5F, 0x3C, 0x5B, 0xDA, 0x52, 0x96, 0x4A, 0x32, 0x42, 0x0F, 0x3E, 0xEE, 0x39, 
    0x0D, 0x3A, 0x0E, 0x3A, 0x0E, 0x3E, 0x0F, 0x3E, 0x2F, 0x3E, 0x30, 0x3E, 0x72, 0x46, 0x75, 0x46, 
    0xB7, 0x4E, 0xB8, 0x52, 0xD9, 0x56, 0xFA, 0x56, 0x1B, 0x5F, 0x1C, 0x5F, 0x3B, 0x63, 0x1C, 0x5F, 
    0x1B, 0x5F, 0xFB, 0x5A, 0xF9, 0x5A, 0xD9, 0x56, 0xD7, 0x56, 0xB7, 0x56, 0xB6, 0x52, 0x96, 0x4E, 
    0x95, 0x4E, 0x54, 0x46, 0x51, 0x42, 0x10, 0x3E, 0x0E, 0x3E, 0x0F, 0x3E, 0x50, 0x46, 0x93, 0x4E, 
    0x93, 0x52, 0x72, 0x4E, 0x71, 0x4A, 0x51, 0x46, 0x50, 0x46, 0x53, 0x46, 0x75, 0x4A, 0x76, 0x4A, 
    0x96, 0x4E, 0x97, 0x4E, 0x97, 0x4E, 0x97, 0x4A, 0x97, 0x4E, 0xB8, 0x4E, 0xD9, 0x52, 0xB9, 0x52, 
    0xD9, 0x52, 0xB9, 0x52, 0xB8, 0x52, 0x98, 0x4E, 0x96, 0x4A, 0x56, 0x46, 0x76, 0x4A, 0x77, 0x4A, 
    0x96, 0x4A, 0x75, 0x46, 0x74, 0x46, 0x75, 0x46, 0x95, 0x4A, 0xB8, 0x4E, 0xD9, 0x56, 0xDA, 0x56, 
    0xFA, 0x5A, 0xFB, 0x5A, 0xFA, 0x5A, 0xFA, 0x56, 0xF9, 0x56, 0xB8, 0x4E, 0x95, 0x4A, 0x53, 0x46, 
    0x51, 0x46, 0x30, 0x3E, 0x0E, 0x3A, 0x0F, 0x3E, 0x51, 0x42, 0x53, 0x46, 0x74, 0x4A, 0x95, 0x4E, 
    0xB6, 0x52, 0xB7, 0x52, 0xD7, 0x56, 0xD7, 0x52, 0xD7, 0x56, 0xD8, 0x56, 0xF8, 0x5A, 0xFA, 0x5A, 
    0xBA, 0x4E, 0xDA, 0x4E, 0xDC, 0x52, 0xFC, 0x56, 0xDD, 0x56, 0x1D, 0x5B, 0x3E, 0x5B, 0x7E, 0x63, 
    0x7F, 0x63, 0x7E, 0x63, 0x1D, 0x57, 0xD9, 0x4E, 0xB8, 0x4A, 0xDA, 0x52, 0xFD, 0x56, 0x1D, 0x5F, 
    0xFC, 0x56, 0xB8, 0x4E, 0x95, 0x46, 0xD7, 0x4E, 0xFB, 0x56, 0x3D, 0x5B, 0x1D, 0x5B, 0x1C, 0x5B, 
    0xDB, 0x52, 0xD9, 0x52, 0xB8, 0x4E, 0xD8, 0x52, 0xB8, 0x52, 0xD8, 0x56, 0xD8, 0x56, 0xD6, 0x52, 
    0xB8, 0x4E, 0xD9, 0x52, 0x99, 0x4E, 0xB8, 0x4E, 0x98, 0x4E, 0xB7, 0x52, 0xB8, 0x4E, 0xB7, 0x52, 
    0xB9, 0x52, 0xD9, 0x56, 0xDB, 0x56, 0xFB, 0x5A, 0xFA, 0x56, 0xF9, 0x5A, 0xF9, 0x56, 0xF9, 0x5A, 
    0xFA, 0x56, 0x1A, 0x5B, 0xFB, 0x5A, 0x1B, 0x5F, 0x3C, 0x5F, 0x5C, 0x63, 0x5D, 0x63, 0x7D, 0x67, 
    0x7E, 0x67, 0x7E, 0x67, 0x7E, 0x67, 0x9E, 0x67, 0x7E, 0x67, 0x7E, 0x67, 0x5E, 0x63, 0x5D, 0x63, 
    0x1D, 0x5B, 0xFB, 0x5A, 0xD9, 0x52, 0xD7, 0x52, 0xB6, 0x52, 0xD5, 0x56, 0xD6, 0x56, 0xF6, 0x56, 
    0xD7, 0x56, 0xD6, 0x56, 0xB5, 0x52, 0xB4, 0x52, 0xB5, 0x4E, 0xB6, 0x52, 0xB8, 0x52, 0xD8, 0x56, 
    0xB8, 0x52, 0xB7, 0x4E, 0x96, 0x4A, 0x72, 0x4A, 0x30, 0x46, 0x2F, 0x4A, 0xEF, 0x45, 0x8B, 0x39, 
    0xE6, 0x20, 0xA4, 0x18, 0x63, 0x14, 0x62, 0x10, 0x43, 0x0C, 0x83, 0x14, 0x64, 0x14, 0x84, 0x18, 
    0x63, 0x10, 0x83, 0x18, 0x84, 0x14, 0x61, 0x10, 0x69, 0x35, 0x70, 0x5A, 0xF4, 0x6A, 0x6F, 0x5A, 
    0x8A, 0x3D, 0x82, 0x1C, 0xC6, 0x20, 0xC5, 0x20, 0xC5, 0x20, 0x83, 0x14, 0x22, 0x0C, 0x62, 0x10, 
    0x63, 0x14, 0x62, 0x10, 0x22, 0x0C, 0x41, 0x0C, 0x42, 0x10, 0xA3, 0x1C, 0x42, 0x10, 0x05, 0x2D, 
    0x06, 0x2D, 0xA9, 0x41, 0xCC, 0x49, 0xE5, 0x28, 0x22, 0x08, 0xC4, 0x1C, 0xC6, 0x20, 0x27, 0x2D, 
    0xC5, 0x1C, 0x21, 0x08, 0xC6, 0x1C, 0x28, 0x2D, 0x49, 0x31, 0x8B, 0x3D, 0x51, 0x56, 0xB2, 0x5E, 
    0x28, 0x2D, 0xC6, 0x24, 0xE7, 0x24, 0xE7, 0x28, 0x28, 0x2D, 0x49, 0x31, 0x29, 0x31, 0x49, 0x31, 
    0x6A, 0x35, 0x8A, 0x39, 0x8C, 0x3D, 0x8B, 0x3D, 0xAD, 0x41, 0x51, 0x52, 0x94, 0x5A, 0x51, 0x52, 
    0x72, 0x5A, 0x16, 0x6F, 0xD5, 0x62, 0x6A, 0x39, 0x6B, 0x35, 0x93, 0x5E, 0x52, 0x52, 0xCE, 0x41, 
    0xBA, 0x56, 0x5E, 0x63, 0x1D, 0x5B, 0xFA, 0x56, 0x97, 0x4A, 0x52, 0x46, 0x0F, 0x3E, 0x0E, 0x3E, 
    0xEE, 0x39, 0x0E, 0x3E, 0x0F, 0x3E, 0x2F, 0x42, 0x10, 0x3E, 0x31, 0x42, 0x53, 0x42, 0x75, 0x4A, 
    0x97, 0x4E, 0xB8, 0x52, 0xB9, 0x52, 0xD9, 0x5A, 0xFB, 0x5A, 0xFA, 0x5E, 0xFB, 0x5A, 0xFB, 0x5E, 
    0xFB, 0x5A, 0xFA, 0x5A, 0xD9, 0x56, 0xD8, 0x5A, 0xB8, 0x56, 0xB7, 0x56, 0x97, 0x52, 0x95, 0x4E, 
    0x75, 0x4A, 0x74, 0x4A, 0x32, 0x46, 0x51, 0x46, 0x30, 0x42, 0x50, 0x4A, 0x73, 0x4E, 0xB4, 0x56, 
    0xB4, 0x52, 0x92, 0x52, 0x72, 0x4E, 0x71, 0x4E, 0x72, 0x4A, 0x73, 0x4E, 0x75, 0x4A, 0x76, 0x4E, 
    0x77, 0x4A, 0x97, 0x4E, 0x97, 0x4E, 0x97, 0x4E, 0x98, 0x4E, 0xB8, 0x52, 0xB9, 0x52, 0xD9, 0x56, 
    0xB9, 0x52, 0xB8, 0x52, 0x98, 0x4E, 0x97, 0x4E, 0x77, 0x46, 0x76, 0x46, 0x56, 0x46, 0x77, 0x4A, 
    0x77, 0x4A, 0x75, 0x4A, 0x54, 0x46, 0x74, 0x4A, 0x76, 0x4A, 0x97, 0x4E, 0xB9, 0x56, 0xDA, 0x5A, 
    0xDB, 0x56, 0xFA, 0x5A, 0xDB, 0x5A, 0xD9, 0x5A, 0xB9, 0x52, 0xB7, 0x52, 0x75, 0x4A, 0x73, 0x4A, 
    0x53, 0x46, 0x30, 0x42, 0x0F, 0x3E, 0x30, 0x42, 0x53, 0x46, 0x74, 0x4A, 0x75, 0x4E, 0xB6, 0x52, 
    0xB7, 0x56, 0xD8, 0x5A, 0xD8, 0x56, 0xD8, 0x5A, 0xD9, 0x56, 0xF8, 0x5A, 0xF9, 0x5A, 0xF9, 0x5E, 
    0xDA, 0x4E, 0xDB, 0x4E, 0xFB, 0x52, 0xDC, 0x52, 0xFC, 0x56, 0x1D, 0x57, 0x3D, 0x5F, 0x5E, 0x5F, 
    0x9F, 0x67, 0x7F, 0x63, 0x3D, 0x5B, 0xDA, 0x4E, 0xB7, 0x4A, 0xDB, 0x52, 0x1D, 0x5B, 0x1D, 0x5B, 
    0xFB, 0x56, 0xB8, 0x4E, 0x95, 0x4A, 0xB7, 0x4A, 0xFA, 0x52, 0x1D, 0x57, 0x3D, 0x5B, 0x1C, 0x57, 
    0xD9, 0x52, 0xB8, 0x4E, 0xB6, 0x4A, 0x96, 0x4A, 0xB7, 0x4E, 0xD7, 0x52, 0xD6, 0x56, 0xB6, 0x4E, 
    0xD8, 0x52, 0xDA, 0x52, 0xB9, 0x52, 0xB9, 0x4E, 0xB8, 0x52, 0xB8, 0x4E, 0xD7, 0x52, 0xB8, 0x4E, 
    0xD9, 0x52, 0xDA, 0x52, 0xFA, 0x56, 0xFB, 0x56, 0xF9, 0x56, 0xF9, 0x56, 0xF8, 0x56, 0xD9, 0x52, 
    0xF9, 0x56, 0xFA, 0x56, 0x1A, 0x5B, 0xFB, 0x5A, 0x1B, 0x5F, 0x3C, 0x5F, 0x5C, 0x63, 0x5E, 0x63, 
    0x7D, 0x67, 0x7E, 0x67, 0x9E, 0x67, 0x7E, 0x67, 0x9E, 0x67, 0x7E, 0x63, 0x7D, 0x63, 0x5E, 0x5F, 
    0x3D, 0x5F, 0x1C, 0x57, 0xF9, 0x52, 0xB7, 0x4E, 0xD5, 0x56, 0xF6, 0x56, 0xF6, 0x5A, 0xF7, 0x56, 
    0xF7, 0x5A, 0xD7, 0x56, 0xD6, 0x56, 0xB5, 0x52, 0xD5, 0x52, 0xB6, 0x52, 0xD7, 0x56, 0xB8, 0x52, 
    0xB7, 0x52, 0x97, 0x4A, 0x95, 0x4A, 0x72, 0x4A, 0x4F, 0x46, 0x10, 0x46, 0xCD, 0x3D, 0x29, 0x2D, 
    0xC4, 0x1C, 0x84, 0x18, 0xA3, 0x18, 0x43, 0x10, 0x83, 0x14, 0x43, 0x10, 0x63, 0x14, 0x84, 0x14, 
    0x83, 0x14, 0x63, 0x10, 0x83, 0x14, 0x42, 0x0C, 0x06, 0x25, 0x0E, 0x4A, 0xB2, 0x62, 0xEC, 0x49, 
    0x2C, 0x52, 0x8A, 0x3D, 0xC4, 0x20, 0xE6, 0x20, 0xE5, 0x20, 0x63, 0x14, 0x62, 0x10, 0x42, 0x0C, 
    0x62, 0x10, 0x63, 0x10, 0x83, 0x14, 0x21, 0x08, 0xA3, 0x18, 0xE5, 0x24, 0x42, 0x0C, 0x06, 0x2D, 
    0x46, 0x35, 0x89, 0x3D, 0xEB, 0x49, 0x68, 0x35, 0x20, 0x08, 0x21, 0x08, 0x83, 0x14, 0x84, 0x14, 
    0xA4, 0x18, 0x42, 0x0C, 0xE5, 0x20, 0x49, 0x2D, 0x48, 0x31, 0xAC, 0x41, 0x2F, 0x52, 0xD4, 0x66, 
    0xEC, 0x45, 0x29, 0x31, 0x27, 0x2D, 0x6A, 0x35, 0xAB, 0x41, 0x4A, 0x35, 0x28, 0x2D, 0x28, 0x2D, 
    0xAC, 0x41, 0x8C, 0x3D, 0xCD, 0x41, 0xCE, 0x41, 0xEE, 0x49, 0x31, 0x52, 0xD4, 0x62, 0xF7, 0x66, 
    0xD3, 0x5E, 0xD5, 0x62, 0xF5, 0x66, 0x8B, 0x35, 0x28, 0x2D, 0x73, 0x56, 0x72, 0x56, 0xAD, 0x3D, 
    0xB8, 0x5A, 0x3E, 0x5F, 0x3C, 0x5F, 0xFB, 0x56, 0xB7, 0x4E, 0x53, 0x42, 0x2F, 0x42, 0x0E, 0x3A, 
    0x0E, 0x3E, 0x0F, 0x3E, 0x2F, 0x42, 0x10, 0x3E, 0x31, 0x42, 0x32, 0x42, 0x52, 0x46, 0x75, 0x46, 
    0x96, 0x4E, 0x98, 0x4E, 0xB8, 0x52, 0xB9, 0x52, 0xD9, 0x56, 0xDA, 0x56, 0xFA, 0x5A, 0xDA, 0x5A, 
    0xFA, 0x5A, 0xD9, 0x56, 0xD8, 0x56, 0xB7, 0x52, 0xB7, 0x56, 0x97, 0x52, 0x96, 0x52, 0x76, 0x4E, 
    0x75, 0x4E, 0x54, 0x46, 0x51, 0x4A, 0x51, 0x46, 0x70, 0x4A, 0x72, 0x4E, 0xB4, 0x56, 0xB4, 0x56, 
    0xB4, 0x56, 0x93, 0x52, 0x92, 0x52, 0x72, 0x4E, 0x92, 0x4E, 0x74, 0x4E, 0x75, 0x4E, 0x76, 0x4A, 
    0x96, 0x4E, 0x97, 0x4A, 0x97, 0x4E, 0x97, 0x4E, 0xB7, 0x4E, 0xB9, 0x4E, 0xD9, 0x52, 0xB9, 0x52, 
    0xB8, 0x52, 0x98, 0x4E, 0x97, 0x4E, 0x77, 0x4A, 0x76, 0x46, 0x55, 0x42, 0x55, 0x46, 0x77, 0x46, 
    0x96, 0x4A, 0x54, 0x46, 0x52, 0x46, 0x54, 0x46, 0x75, 0x4A, 0x97, 0x4E, 0xD8, 0x56, 0xDA, 0x56, 
    0xD9, 0x56, 0xD9, 0x56, 0xD9, 0x56, 0xB9, 0x52, 0xD8, 0x52, 0x96, 0x4A, 0x74, 0x4A, 0x74, 0x46, 
    0x73, 0x4A, 0x31, 0x42, 0x0F, 0x3E, 0x31, 0x42, 0x73, 0x4A, 0x75, 0x4A, 0x95, 0x52, 0xB7, 0x52, 
    0xD7, 0x56, 0xD8, 0x56, 0xF8, 0x5A, 0xD9, 0x56, 0xF8, 0x5A, 0xF9, 0x5A, 0xF9, 0x5A, 0xFA, 0x5A, 
    0xBA, 0x4E, 0xDA, 0x52, 0xDC, 0x52, 0xFC, 0x56, 0xFD, 0x56, 0x1D, 0x5B, 0x3E, 0x5F, 0x5E, 0x63, 
    0x7F, 0x63, 0x7F, 0x63, 0x1E, 0x5B, 0xDA, 0x52, 0xB7, 0x4A, 0xD9, 0x52, 0xFD, 0x5A, 0x1D, 0x5F, 
    0xDC, 0x56, 0xB7, 0x4E, 0x96, 0x4A, 0xB7, 0x4E, 0xDA, 0x52, 0x1C, 0x57, 0x1E, 0x5B, 0x1C, 0x5B, 
    0xBA, 0x4E, 0xB8, 0x4E, 0x97, 0x46, 0x95, 0x46, 0x97, 0x4A, 0xB6, 0x52, 0xB6, 0x52, 0xD7, 0x52, 
    0xDB, 0x52, 0xFB, 0x56, 0xBA, 0x52, 0xB9, 0x52, 0xB9, 0x52, 0xD8, 0x52, 0xB8, 0x4E, 0xB7, 0x52, 
    0xB9, 0x52, 0xD9, 0x56, 0xDA, 0x52, 0xFA, 0x56, 0xDA, 0x56, 0xD8, 0x56, 0xD9, 0x52, 0xD8, 0x56, 
    0xD9, 0x52, 0xF9, 0x56, 0xDB, 0x56, 0xFB, 0x5A, 0xFC, 0x5A, 0x3C, 0x5F, 0x3D, 0x5F, 0x5D, 0x67, 
    0x7E, 0x67, 0x7E, 0x67, 0x7F, 0x67, 0x9E, 0x6B, 0x7F, 0x67, 0x7E, 0x67, 0x5E, 0x63, 0x5D, 0x63, 
    0x3E, 0x5F, 0x1C, 0x5B, 0xDA, 0x56, 0xD7, 0x56, 0xD6, 0x56, 0xF6, 0x5A, 0xF7, 0x5A, 0xF7, 0x5A, 
    0xF8, 0x5A, 0xF8, 0x5A, 0xD7, 0x56, 0xD6, 0x56, 0xB6, 0x52, 0xD6, 0x56, 0xB7, 0x52, 0xB7, 0x56, 
    0x97, 0x4E, 0x96, 0x4E, 0x76, 0x4A, 0x72, 0x4A, 0x2F, 0x42, 0x2F, 0x46, 0x8C, 0x35, 0x07, 0x29, 
    0x84, 0x18, 0xC5, 0x20, 0xA5, 0x1C, 0x63, 0x14, 0xA5, 0x18, 0x63, 0x14, 0x63, 0x10, 0x84, 0x14, 
    0x64, 0x14, 0x63, 0x14, 0x43, 0x10, 0x42, 0x10, 0x43, 0x10, 0x48, 0x35, 0x0E, 0x4E, 0x2D, 0x56, 
    0x2E, 0x5A, 0xCB, 0x45, 0x49, 0x35, 0x07, 0x2D, 0xA5, 0x1C, 0x83, 0x14, 0x85, 0x18, 0x83, 0x14, 
    0x21, 0x08, 0x42, 0x10, 0x42, 0x0C, 0x41, 0x0C, 0x63, 0x14, 0xA3, 0x1C, 0x43, 0x10, 0x26, 0x2D, 
    0x28, 0x31, 0x89, 0x3D, 0x8A, 0x3D, 0x88, 0x3D, 0x83, 0x14, 0x42, 0x0C, 0x64, 0x14, 0x63, 0x14, 
    0x63, 0x14, 0xA4, 0x18, 0xC6, 0x20, 0x8A, 0x39, 0xAD, 0x41, 0x0E, 0x4E, 0x50, 0x56, 0x92, 0x62, 
    0x72, 0x5E, 0x0F, 0x52, 0xEE, 0x49, 0x4F, 0x56, 0x51, 0x56, 0xED, 0x49, 0x4A, 0x35, 0x28, 0x31, 
    0x8C, 0x3D, 0x0F, 0x4E, 0xCE, 0x45, 0xEF, 0x49, 0x10, 0x4A, 0x30, 0x4E, 0xCE, 0x45, 0x93, 0x5A, 
    0x93, 0x5A, 0xF6, 0x6A, 0x73, 0x5A, 0xCD, 0x45, 0xC6, 0x24, 0x51, 0x52, 0x73, 0x56, 0x8B, 0x3D, 
    0x78, 0x56, 0x5E, 0x63, 0x1D, 0x5F, 0xFB, 0x5A, 0x98, 0x4A, 0x53, 0x46, 0x10, 0x42, 0x0F, 0x3E, 
    0x10, 0x3E, 0x2F, 0x42, 0x11, 0x42, 0x31, 0x42, 0x32, 0x42, 0x52, 0x46, 0x54, 0x46, 0x74, 0x4A, 
    0x76, 0x4A, 0x97, 0x4E, 0x98, 0x52, 0xB8, 0x56, 0xB9, 0x52, 0xD9, 0x56, 0xB9, 0x56, 0xD9, 0x5A, 
    0xB9, 0x56, 0xB8, 0x56, 0x98, 0x52, 0xB7, 0x56, 0x97, 0x52, 0x96, 0x52, 0x76, 0x4E, 0x75, 0x4E, 
    0x55, 0x4A, 0x73, 0x4A, 0x52, 0x4A, 0x71, 0x4E, 0x72, 0x4E, 0x93, 0x56, 0xB5, 0x56, 0xD4, 0x5A, 
    0xB5, 0x56, 0xB3, 0x56, 0x93, 0x52, 0x93, 0x52, 0x74, 0x4E, 0x74, 0x52, 0x75, 0x4A, 0x95, 0x4E, 
    0x77, 0x4E, 0x97, 0x4E, 0x78, 0x4E, 0x97, 0x4E, 0x98, 0x4E, 0xB8, 0x52, 0xB9, 0x52, 0xB9, 0x52, 
    0x98, 0x4E, 0x97, 0x4E, 0x78, 0x4A, 0x77, 0x4A, 0x56, 0x46, 0x55, 0x46, 0x36, 0x42, 0x76, 0x4A, 
    0x56, 0x46, 0x53, 0x46, 0x33, 0x42, 0x53, 0x46, 0x55, 0x46, 0x96, 0x4E, 0x98, 0x52, 0xD9, 0x56, 
    0xB9, 0x52, 0xB8, 0x52, 0xB8, 0x52, 0xB8, 0x52, 0x98, 0x4E, 0x95, 0x4E, 0x55, 0x4A, 0x75, 0x4A, 
    0x55, 0x4A, 0x52, 0x46, 0x10, 0x3E, 0x31, 0x46, 0x54, 0x4A, 0x95, 0x52, 0x96, 0x52, 0xB7, 0x56, 
    0xD8, 0x56, 0xF9, 0x5E, 0xD9, 0x5A, 0xF9, 0x5E, 0xD9, 0x5A, 0xF9, 0x5A, 0xD9, 0x5A, 0xF9, 0x5E, 
    0xD9, 0x4E, 0xDB, 0x4E, 0xFB, 0x52, 0xFC, 0x52, 0x1C, 0x57, 0x1D, 0x5B, 0x5D, 0x5F, 0x3E, 0x5F, 
    0x7E, 0x63, 0x7F, 0x5F, 0x5D, 0x5B, 0xFB, 0x4E, 0xB6, 0x4A, 0xB7, 0x4A, 0xFB, 0x56, 0x1C, 0x57, 
    0xFA, 0x56, 0xB8, 0x4A, 0xB6, 0x4A, 0xB7, 0x4A, 0xD9, 0x52, 0xFC, 0x52, 0x3D, 0x5B, 0x3D, 0x5B, 
    0xFA, 0x52, 0xB9, 0x4A, 0x96, 0x46, 0x76, 0x42, 0xB6, 0x4A, 0xB6, 0x4A, 0xD5, 0x4E, 0xD8, 0x4E, 
    0x1B, 0x57, 0x1C, 0x57, 0xFA, 0x52, 0xDA, 0x52, 0xD9, 0x52, 0xB8, 0x4E, 0xB7, 0x4E, 0xB8, 0x4E, 
    0xD8, 0x52, 0xD9, 0x52, 0xD9, 0x52, 0xDA, 0x52, 0xF9, 0x56, 0xD8, 0x52, 0xD7, 0x52, 0xB8, 0x4E, 
    0xD8, 0x52, 0xD9, 0x52, 0xFA, 0x56, 0xFB, 0x56, 0x1B, 0x5B, 0x1C, 0x5B, 0x5C, 0x5F, 0x5D, 0x5F, 
    0x7D, 0x67, 0x7E, 0x63, 0x9E, 0x67, 0x9E, 0x67, 0x9E, 0x67, 0x7E, 0x63, 0x7D, 0x63, 0x5E, 0x5F, 
    0x5D, 0x5F, 0x1C, 0x5B, 0xFA, 0x56, 0xD8, 0x52, 0xF5, 0x56, 0xF6, 0x5A, 0x16, 0x5B, 0xF8, 0x5A, 
    0x18, 0x5B, 0xF8, 0x5A, 0xF7, 0x5A, 0xD7, 0x56, 0xD6, 0x56, 0xD6, 0x52, 0xD6, 0x56, 0xB7, 0x52, 
    0xB6, 0x4E, 0x96, 0x4A, 0x95, 0x4A, 0x72, 0x46, 0x4E, 0x42, 0x0F, 0x42, 0x6A, 0x31, 0xE6, 0x20, 
    0xA4, 0x18, 0xE7, 0x24, 0xE6, 0x24, 0xA4, 0x18, 0xC5, 0x1C, 0x63, 0x10, 0x62, 0x10, 0x63, 0x10, 
    0x83, 0x14, 0x84, 0x14, 0x61, 0x0C, 0x42, 0x08, 0x82, 0x14, 0xC5, 0x1C, 0x26, 0x29, 0xED, 0x49, 
    0xEC, 0x49, 0xAB, 0x41, 0x68, 0x35, 0xE6, 0x24, 0xE5, 0x20, 0x63, 0x10, 0xA4, 0x18, 0xA5, 0x18, 
    0x41, 0x0C, 0x41, 0x08, 0x62, 0x10, 0x42, 0x0C, 0x62, 0x10, 0x63, 0x10, 0x83, 0x14, 0xC5, 0x1C, 
    0x26, 0x2D, 0x68, 0x35, 0x67, 0x31, 0xE5, 0x24, 0xA3, 0x18, 0x42, 0x0C, 0x83, 0x14, 0x84, 0x14, 
    0xE5, 0x1C, 0xE6, 0x1C, 0x07, 0x29, 0xAC, 0x3D, 0x2F, 0x52, 0x50, 0x52, 0xB3, 0x62, 0xD4, 0x66, 
    0xD2, 0x66, 0x92, 0x5E, 0xB2, 0x62, 0xF5, 0x6A, 0x91, 0x5A, 0xCD, 0x41, 0xAB, 0x3D, 0x4A, 0x31, 
    0xAB, 0x3D, 0xCE, 0x41, 0xAB, 0x3D, 0x10, 0x4A, 0x30, 0x4E, 0xEE, 0x45, 0xAB, 0x39, 0x8C, 0x39, 
    0xCC, 0x45, 0xF5, 0x62, 0x71, 0x56, 0x0F, 0x4A, 0xE5, 0x24, 0xCE, 0x41, 0x72, 0x56, 0xAC, 0x3D, 
    0x54, 0x4E, 0x3E, 0x5F, 0x3D, 0x5F, 0xFB, 0x56, 0xD8, 0x4E, 0x74, 0x46, 0x30, 0x42, 0x0F, 0x3E, 
    0x2F, 0x42, 0x31, 0x3E, 0x30, 0x42, 0x31, 0x42, 0x51, 0x42, 0x53, 0x42, 0x73, 0x46, 0x75, 0x46, 
    0x95, 0x4A, 0x97, 0x4A, 0xB7, 0x4E, 0x98, 0x4E, 0xB7, 0x52, 0xB8, 0x52, 0xB8, 0x52, 0xB8, 0x52, 
    0xB7, 0x52, 0xB7, 0x52, 0xB6, 0x52, 0x96, 0x4E, 0x95, 0x4E, 0x96, 0x4E, 0x95, 0x4E, 0x75, 0x4A, 
    0x73, 0x4A, 0x72, 0x46, 0x71, 0x4A, 0x71, 0x4A, 0x92, 0x52, 0xB4, 0x56, 0xD4, 0x5A, 0xD5, 0x5A, 
    0xD4, 0x5A, 0xB4, 0x56, 0xB3, 0x56, 0x93, 0x4E, 0x93, 0x52, 0x74, 0x4E, 0x94, 0x4E, 0x96, 0x4E, 
    0x96, 0x4E, 0x98, 0x4E, 0xB7, 0x4E, 0x97, 0x4E, 0xB7, 0x4E, 0xB8, 0x4E, 0xD8, 0x52, 0xB8, 0x4E, 
    0xB7, 0x4E, 0x97, 0x4A, 0x97, 0x4A, 0x77, 0x4A, 0x76, 0x46, 0x55, 0x42, 0x54, 0x42, 0x56, 0x46, 
    0x75, 0x46, 0x33, 0x42, 0x31, 0x42, 0x32, 0x42, 0x73, 0x46, 0x76, 0x4A, 0xB7, 0x52, 0xB8, 0x52, 
    0xB7, 0x4E, 0x97, 0x4A, 0xB7, 0x4E, 0x97, 0x4E, 0x96, 0x4E, 0x75, 0x46, 0x74, 0x4A, 0x75, 0x46, 
    0x74, 0x4A, 0x53, 0x42, 0x30, 0x42, 0x32, 0x42, 0x74, 0x4A, 0x96, 0x4E, 0xB6, 0x52, 0xB7, 0x56, 
    0xF8, 0x5A, 0xF9, 0x5A, 0xF9, 0x5E, 0xF9, 0x5A, 0xF8, 0x5A, 0xF9, 0x56, 0xF8, 0x5A, 0xF9, 0x5A, 
    0xBA, 0x4A, 0xDB, 0x52, 0xDC, 0x52, 0xFC, 0x56, 0xFD, 0x56, 0x3D, 0x5B, 0x3E, 0x5B, 0x3D, 0x5F, 
    0x3E, 0x5F, 0x7E, 0x63, 0x3E, 0x5B, 0xFB, 0x56, 0xB8, 0x4A, 0xB6, 0x4A, 0xDA, 0x4E, 0xFB, 0x56, 
    0xDA, 0x52, 0xB7, 0x4E, 0x97, 0x4A, 0x97, 0x4A, 0xB9, 0x4E, 0xFB, 0x56, 0x1E, 0x5B, 0x3E, 0x5F, 
    0xFC, 0x56, 0xD9, 0x4E, 0x77, 0x46, 0x97, 0x46, 0x77, 0x46, 0x96, 0x4A, 0xB7, 0x4A, 0xFA, 0x56, 
    0x1D, 0x5B, 0x1C, 0x5B, 0xDB, 0x56, 0xDA, 0x56, 0xBA, 0x52, 0xB7, 0x4E, 0x97, 0x4A, 0xB7, 0x4E, 
    0xB9, 0x4E, 0xD9, 0x52, 0xDA, 0x52, 0xFA, 0x56, 0xDA, 0x52, 0xD8, 0x52, 0xB8, 0x4E, 0xB7, 0x4E, 
    0xB8, 0x4E, 0xD9, 0x52, 0xDA, 0x52, 0xFA, 0x56, 0xFB, 0x56, 0x1B, 0x5B, 0x1C, 0x5F, 0x5D, 0x63, 
    0x5E, 0x63, 0x7E, 0x67, 0x7E, 0x63, 0x7E, 0x67, 0x7F, 0x67, 0x9E, 0x67, 0x7E, 0x63, 0x7D, 0x63, 
    0x3E, 0x5F, 0x3C, 0x5F, 0xFB, 0x56, 0xF8, 0x56, 0xD6, 0x56, 0xF6, 0x5A, 0xF7, 0x5A, 0x18, 0x5F, 
    0xF9, 0x5A, 0x18, 0x5F, 0xF8, 0x5A, 0xF7, 0x5A, 0xD7, 0x56, 0xD6, 0x56, 0xB7, 0x52, 0xB6, 0x52, 
    0x96, 0x4E, 0x96, 0x4E, 0x75, 0x4A, 0x71, 0x46, 0x0E, 0x42, 0xED, 0x41, 0x4A, 0x2D, 0xE5, 0x20, 
    0xC6, 0x20, 0x49, 0x31, 0x08, 0x29, 0xC5, 0x1C, 0xA5, 0x1C, 0x83, 0x14, 0x63, 0x10, 0x83, 0x14, 
    0x84, 0x14, 0x63, 0x14, 0x42, 0x0C, 0x41, 0x0C, 0x63, 0x14, 0xA4, 0x18, 0x63, 0x14, 0xE6, 0x24, 
    0xC5, 0x1C, 0x68, 0x35, 0xE6, 0x24, 0xC5, 0x20, 0x83, 0x14, 0xA4, 0x18, 0x84, 0x14, 0x62, 0x10, 
    0x63, 0x10, 0x83, 0x14, 0x22, 0x0C, 0x82, 0x14, 0x83, 0x14, 0xE4, 0x24, 0x63, 0x10, 0x41, 0x0C, 
    0xC5, 0x20, 0x26, 0x2D, 0x27, 0x29, 0xC4, 0x1C, 0xC6, 0x20, 0xA3, 0x18, 0x63, 0x10, 0xC5, 0x20, 
    0x08, 0x29, 0x48, 0x2D, 0x29, 0x2D, 0x6A, 0x39, 0xEE, 0x49, 0x50, 0x56, 0x93, 0x5E, 0x91, 0x62, 
    0x50, 0x5A, 0x71, 0x5E, 0xB3, 0x62, 0x36, 0x73, 0x51, 0x56, 0xAC, 0x3D, 0x8D, 0x39, 0x8B, 0x39, 
    0xAD, 0x3D, 0xCE, 0x45, 0xAE, 0x41, 0x72, 0x56, 0xB5, 0x5E, 0x51, 0x52, 0x8C, 0x39, 0x8B, 0x39, 
    0xEE, 0x49, 0x50, 0x56, 0x72, 0x5A, 0x93, 0x5A, 0xAC, 0x3D, 0x8A, 0x39, 0x31, 0x4E, 0xCC, 0x41, 
    0xF2, 0x49, 0x3D, 0x63, 0x3D, 0x5F, 0x1B, 0x5B, 0xD9, 0x52, 0x94, 0x4A, 0x31, 0x42, 0x30, 0x42, 
    0x31, 0x42, 0x52, 0x46, 0x32, 0x42, 0x32, 0x42, 0x32, 0x42, 0x53, 0x46, 0x54, 0x42, 0x74, 0x46, 
    0x76, 0x46, 0x96, 0x4A, 0x77, 0x4A, 0x97, 0x4E, 0x97, 0x4E, 0x97, 0x4E, 0x97, 0x4E, 0x97, 0x52, 
    0x97, 0x4E, 0x96, 0x4E, 0x76, 0x4E, 0x95, 0x4E, 0x76, 0x4E, 0x95, 0x4E, 0x75, 0x4A, 0x73, 0x4A, 
    0x52, 0x46, 0x72, 0x4E, 0x72, 0x4E, 0x92, 0x4E, 0x93, 0x52, 0xB3, 0x5A, 0xB5, 0x56, 0xD5, 0x5E, 
    0xD5, 0x5A, 0xD5, 0x5A, 0x94, 0x56, 0x93, 0x52, 0x74, 0x4E, 0x94, 0x4E, 0x75, 0x4E, 0x96, 0x52, 
    0x98, 0x52, 0xB8, 0x52, 0x98, 0x52, 0x97, 0x52, 0x98, 0x4E, 0xB8, 0x52, 0xB9, 0x52, 0xB8, 0x52, 
    0x97, 0x4A, 0x97, 0x4A, 0x77, 0x4A, 0x97, 0x4E, 0x77, 0x46, 0x55, 0x42, 0x35, 0x42, 0x55, 0x46, 
    0x55, 0x46, 0x32, 0x42, 0x12, 0x42, 0x32, 0x42, 0x33, 0x42, 0x76, 0x4A, 0x98, 0x4E, 0xB7, 0x52, 
    0x97, 0x4A, 0x96, 0x4A, 0x76, 0x4A, 0x96, 0x4A, 0x75, 0x4A, 0x74, 0x4A, 0x55, 0x46, 0x75, 0x4A, 
    0x75, 0x4A, 0x53, 0x46, 0x31, 0x42, 0x52, 0x46, 0x74, 0x4A, 0x96, 0x52, 0xB7, 0x52, 0xD7, 0x5A, 
    0xD8, 0x5A, 0xF8, 0x5E, 0xFA, 0x5A, 0xF9, 0x5E, 0xF9, 0x5A, 0xF8, 0x5A, 0xD8, 0x56, 0xF8, 0x5A, 
    0xD9, 0x4E, 0xDB, 0x4E, 0xFB, 0x52, 0xFC, 0x52, 0x1C, 0x57, 0x1D, 0x5B, 0x3D, 0x5F, 0x1D, 0x5B, 
    0x3D, 0x5F, 0x3E, 0x5F, 0x3D, 0x5F, 0xFB, 0x52, 0xB8, 0x4E, 0x96, 0x46, 0xB7, 0x4E, 0xB9, 0x4E, 
    0xD8, 0x52, 0xB8, 0x4E, 0xB7, 0x4E, 0x97, 0x4A, 0xB8, 0x4E, 0xFB, 0x52, 0x3D, 0x5F, 0x3E, 0x5F, 
    0x3D, 0x5B, 0xDB, 0x4E, 0x98, 0x4A, 0x77, 0x46, 0x97, 0x4A, 0x97, 0x46, 0xD8, 0x4E, 0xFC, 0x56, 
    0x3D, 0x5F, 0x1D, 0x5B, 0xFB, 0x56, 0xDB, 0x52, 0xD9, 0x52, 0xB8, 0x4E, 0x96, 0x4A, 0x97, 0x4A, 
    0xD9, 0x52, 0xDA, 0x52, 0xFA, 0x56, 0xFA, 0x52, 0xFA, 0x56, 0xD9, 0x52, 0xB7, 0x4E, 0x97, 0x4A, 
    0xB8, 0x4E, 0xD9, 0x52, 0xD9, 0x56, 0xDA, 0x52, 0xFA, 0x56, 0xFB, 0x56, 0x3C, 0x5F, 0x3D, 0x5F, 
    0x7D, 0x63, 0x5E, 0x63, 0x7D, 0x63, 0x7E, 0x63, 0x7E, 0x67, 0x7F, 0x63, 0x7E, 0x63, 0x5E, 0x5F, 
    0x5D, 0x5F, 0x1C, 0x5B, 0x1A, 0x57, 0xD8, 0x52, 0xF6, 0x56, 0xD6, 0x56, 0xF7, 0x5A, 0xF9, 0x5A, 
    0x18, 0x5F, 0x19, 0x5B, 0x18, 0x5B, 0xF8, 0x5A, 0xF7, 0x5A, 0xD7, 0x56, 0xD6, 0x56, 0xB6, 0x4E, 
    0x95, 0x4E, 0x75, 0x4A, 0x93, 0x4A, 0x51, 0x46, 0x2D, 0x42, 0xED, 0x3D, 0x69, 0x2D, 0xC5, 0x1C, 
    0x06, 0x29, 0x6A, 0x35, 0x28, 0x2D, 0xE6, 0x20, 0xE6, 0x24, 0xA5, 0x18, 0x83, 0x14, 0x84, 0x14, 
    0x62, 0x10, 0x84, 0x18, 0x83, 0x14, 0xA5, 0x18, 0xA4, 0x18, 0x84, 0x14, 0x83, 0x14, 0x63, 0x10, 
    0x83, 0x14, 0x48, 0x31, 0xE5, 0x20, 0x08, 0x29, 0xE6, 0x24, 0x84, 0x14, 0x62, 0x10, 0x21, 0x08, 
    0x62, 0x10, 0x42, 0x0C, 0x41, 0x0C, 0xA4, 0x18, 0xA3, 0x18, 0x06, 0x29, 0xA3, 0x18, 0x01, 0x08, 
    0xA3, 0x18, 0x06, 0x29, 0x05, 0x25, 0xA5, 0x1C, 0x27, 0x29, 0xC5, 0x1C, 0x62, 0x10, 0xE7, 0x20, 
    0x48, 0x2D, 0x29, 0x2D, 0x8A, 0x39, 0x49, 0x35, 0xCC, 0x45, 0x0F, 0x4E, 0x50, 0x56, 0x4F, 0x56, 
    0x91, 0x62, 0xD4, 0x66, 0xF4, 0x66, 0xB3, 0x62, 0x2F, 0x4E, 0xCE, 0x41, 0xCD, 0x41, 0xAD, 0x3D, 
    0xEE, 0x45, 0x52, 0x52, 0xB4, 0x5E, 0xB5, 0x5E, 0xB5, 0x5E, 0xD6, 0x62, 0x72, 0x56, 0x6A, 0x35, 
    0xED, 0x45, 0xEE, 0x49, 0x92, 0x5A, 0xF6, 0x66, 0xB3, 0x5E, 0xCE, 0x41, 0x92, 0x5A, 0xAC, 0x3D, 
    0x33, 0x52, 0x1D, 0x5F, 0x3D, 0x5F, 0x1C, 0x57, 0xD9, 0x52, 0x75, 0x4A, 0x50, 0x42, 0x31, 0x42, 
    0x52, 0x42, 0x53, 0x42, 0x52, 0x46, 0x33, 0x42, 0x52, 0x42, 0x53, 0x42, 0x53, 0x46, 0x54, 0x46, 
    0x75, 0x46, 0x76, 0x46, 0x96, 0x4A, 0x77, 0x4A, 0x96, 0x4E, 0x76, 0x4A, 0x96, 0x4E, 0x76, 0x4A, 
    0x95, 0x4E, 0x75, 0x4A, 0x94, 0x4E, 0x75, 0x4A, 0x74, 0x4E, 0x75, 0x4A, 0x74, 0x4A, 0x52, 0x46, 
    0x51, 0x4A, 0x73, 0x4E, 0x92, 0x52, 0x92, 0x4E, 0xB2, 0x56, 0xB3, 0x52, 0xD4, 0x5A, 0xD6, 0x5A, 
    0xF5, 0x5A, 0xD5, 0x56, 0xB4, 0x56, 0x94, 0x4E, 0x93, 0x52, 0x75, 0x4E, 0x95, 0x4E, 0x97, 0x52, 
    0xB8, 0x56, 0xB9, 0x52, 0xB8, 0x56, 0xB8, 0x52, 0xB8, 0x52, 0xB9, 0x52, 0xD9, 0x52, 0xB9, 0x4E, 
    0x97, 0x4E, 0x77, 0x4A, 0x97, 0x4A, 0x98, 0x4A, 0x96, 0x4A, 0x55, 0x42, 0x54, 0x42, 0x55, 0x42, 
    0x53, 0x46, 0x32, 0x3E, 0x31, 0x42, 0x32, 0x42, 0x32, 0x42, 0x54, 0x46, 0x96, 0x4E, 0x97, 0x4A, 
    0x95, 0x4A, 0x75, 0x46, 0x74, 0x46, 0x55, 0x46, 0x74, 0x46, 0x54, 0x46, 0x53, 0x46, 0x55, 0x46, 
    0x74, 0x4A, 0x54, 0x46, 0x52, 0x42, 0x32, 0x42, 0x74, 0x4A, 0x96, 0x4E, 0xB6, 0x56, 0xB7, 0x56, 
    0xD8, 0x5A, 0xF9, 0x5A, 0x19, 0x5F, 0xF9, 0x5A, 0xF8, 0x5A, 0xD8, 0x56, 0xF7, 0x5A, 0xD8, 0x56, 
    0xBA, 0x4E, 0xDA, 0x52, 0xDB, 0x52, 0xFB, 0x56, 0xFD, 0x56, 0x3D, 0x5F, 0x1E, 0x5B, 0x1D, 0x5B, 
    0x1D, 0x57, 0x3D, 0x5F, 0x1D, 0x5B, 0xFB, 0x56, 0x99, 0x4E, 0x96, 0x46, 0x76, 0x46, 0x96, 0x4A, 
    0x97, 0x4A, 0xB7, 0x4E, 0x98, 0x4E, 0x97, 0x4A, 0x98, 0x4A, 0xFA, 0x56, 0x1D, 0x5B, 0x3E, 0x5F, 
    0x1E, 0x5B, 0xFB, 0x56, 0x99, 0x46, 0x77, 0x4A, 0x78, 0x4A, 0xB8, 0x4E, 0xDB, 0x52, 0x1C, 0x5B, 
    0x3E, 0x5F, 0x3D, 0x5F, 0xFC, 0x56, 0xFB, 0x56, 0xDB, 0x52, 0xB8, 0x4E, 0x97, 0x4A, 0xB8, 0x4E, 
    0xDA, 0x52, 0xFB, 0x5A, 0xFC, 0x56, 0xFB, 0x56, 0xDB, 0x56, 0xD9, 0x52, 0x97, 0x4A, 0x96, 0x4A, 
    0x98, 0x4E, 0xD9, 0x52, 0xB9, 0x52, 0xDA, 0x56, 0xDA, 0x52, 0xFB, 0x5A, 0x1C, 0x5B, 0x3D, 0x5F, 
    0x3E, 0x5F, 0x5D, 0x63, 0x5E, 0x63, 0x7D, 0x63, 0x5E, 0x63, 0x7E, 0x67, 0x5E, 0x63, 0x5E, 0x63, 
    0x3D, 0x5F, 0x1C, 0x5F, 0xFB, 0x56, 0xF8, 0x56, 0xD7, 0x56, 0xF6, 0x5A, 0xF8, 0x5A, 0x19, 0x5F, 
    0xF9, 0x5A, 0x19, 0x5F, 0xF9, 0x5A, 0xF8, 0x5A, 0xD7, 0x5A, 0xD6, 0x5A, 0xB6, 0x52, 0x95, 0x52, 
    0x75, 0x4E, 0x94, 0x4E, 0x73, 0x4A, 0x50, 0x46, 0x0E, 0x3E, 0xED, 0x3D, 0x49, 0x2D, 0xA4, 0x1C, 
    0xE7, 0x28, 0x8B, 0x39, 0x07, 0x29, 0x28, 0x2D, 0x4A, 0x31, 0xC5, 0x20, 0xA5, 0x1C, 0x83, 0x18, 
    0x43, 0x10, 0x69, 0x31, 0xE7, 0x20, 0xE7, 0x24, 0x84, 0x14, 0x83, 0x18, 0x63, 0x10, 0x62, 0x14, 
    0x63, 0x14, 0x62, 0x10, 0xE7, 0x24, 0x8B, 0x3D, 0x49, 0x31, 0x62, 0x10, 0x21, 0x08, 0x21, 0x08, 
    0x84, 0x18, 0x83, 0x18, 0xA5, 0x1C, 0xC4, 0x20, 0xC5, 0x20, 0xE5, 0x24, 0xE6, 0x24, 0x63, 0x14, 
    0xA4, 0x18, 0x27, 0x2D, 0xC5, 0x20, 0xC5, 0x1C, 0xE7, 0x24, 0xE6, 0x24, 0xC7, 0x20, 0xC5, 0x20, 
    0x08, 0x29, 0x07, 0x29, 0x49, 0x31, 0xAB, 0x41, 0xCD, 0x45, 0x0E, 0x52, 0x0F, 0x52, 0x70, 0x5E, 
    0xF6, 0x6A, 0x16, 0x6B, 0x93, 0x5A, 0x51, 0x56, 0x0F, 0x4A, 0xCD, 0x41, 0xCF, 0x41, 0xCE, 0x41, 
    0x6C, 0x39, 0x30, 0x4E, 0x32, 0x52, 0x10, 0x4E, 0x53, 0x56, 0x18, 0x6B, 0x18, 0x6B, 0x10, 0x4E, 
    0x8C, 0x3D, 0x72, 0x5A, 0x73, 0x5A, 0xF6, 0x66, 0xF7, 0x6A, 0x93, 0x5E, 0xD6, 0x62, 0x0F, 0x4A, 
    0x34, 0x52, 0x1C, 0x63, 0x3E, 0x5F, 0x1C, 0x5B, 0xD9, 0x52, 0x94, 0x4A, 0x32, 0x42, 0x31, 0x46, 
    0x34, 0x46, 0x54, 0x4A, 0x54, 0x46, 0x53, 0x46, 0x33, 0x46, 0x53, 0x46, 0x54, 0x46, 0x54, 0x46, 
    0x54, 0x46, 0x74, 0x4A, 0x55, 0x46, 0x75, 0x4A, 0x76, 0x4A, 0x75, 0x4A, 0x55, 0x4A, 0x74, 0x4A, 
    0x54, 0x4A, 0x74, 0x4A, 0x54, 0x4A, 0x53, 0x4A, 0x54, 0x4A, 0x74, 0x4A, 0x53, 0x46, 0x51, 0x4A, 
    0x52, 0x4A, 0x93, 0x52, 0x73, 0x52, 0x92, 0x52, 0x93, 0x52, 0xB3, 0x56, 0xD5, 0x5A, 0xF7, 0x5E, 
    0xD7, 0x5A, 0xD6, 0x5A, 0xB6, 0x56, 0x94, 0x52, 0x74, 0x4E, 0x95, 0x4E, 0x97, 0x4E, 0xB8, 0x56, 
    0xBA, 0x56, 0xD9, 0x5A, 0xBA, 0x56, 0xD9, 0x56, 0xB9, 0x52, 0xB9, 0x56, 0xB9, 0x52, 0xB8, 0x52, 
    0x78, 0x4E, 0x77, 0x4A, 0x78, 0x4A, 0x97, 0x4E, 0x77, 0x46, 0x34, 0x42, 0x34, 0x42, 0x54, 0x42, 
    0x33, 0x42, 0x32, 0x42, 0x13, 0x42, 0x32, 0x42, 0x12, 0x42, 0x52, 0x46, 0x55, 0x4A, 0x76, 0x4A, 
    0x76, 0x4A, 0x74, 0x4A, 0x54, 0x46, 0x54, 0x46, 0x54, 0x46, 0x53, 0x46, 0x34, 0x46, 0x54, 0x4A, 
    0x55, 0x46, 0x54, 0x46, 0x32, 0x42, 0x31, 0x46, 0x53, 0x4A, 0x95, 0x52, 0xB7, 0x52, 0xD7, 0x56, 
    0xD8, 0x5A, 0xF9, 0x5E, 0xFA, 0x5E, 0xF9, 0x5E, 0xD9, 0x5A, 0xD7, 0x5A, 0xD7, 0x56, 0xD6, 0x56, 
    0xB9, 0x4E, 0xDA, 0x4E, 0xDA, 0x52, 0xDB, 0x52, 0x1C, 0x57, 0x3D, 0x5B, 0x3D, 0x5B, 0x1D, 0x57, 
    0x1B, 0x57, 0xFC, 0x52, 0x1B, 0x57, 0xDB, 0x52, 0xB7, 0x4A, 0x75, 0x42, 0x75, 0x46, 0x76, 0x46, 
    0xB6, 0x4A, 0xB7, 0x4A, 0xB7, 0x4E, 0x97, 0x4A, 0x97, 0x4A, 0xDA, 0x4E, 0x3C, 0x5B, 0x3D, 0x5B, 
    0x3D, 0x5F, 0xFC, 0x52, 0xB7, 0x4A, 0x97, 0x46, 0xB8, 0x4E, 0xFB, 0x52, 0x1C, 0x57, 0x3D, 0x5B, 
    0x5D, 0x63, 0x3D, 0x5B, 0x1B, 0x57, 0xFB, 0x52, 0xFA, 0x52, 0xB9, 0x4A, 0xB7, 0x4A, 0xB9, 0x4E, 
    0xFA, 0x56, 0x1C, 0x57, 0x1B, 0x5B, 0xFB, 0x56, 0xFA, 0x56, 0xD9, 0x4E, 0xB7, 0x4A, 0x97, 0x46, 
    0xB7, 0x4E, 0xB9, 0x4E, 0xD8, 0x52, 0xD9, 0x4E, 0xF9, 0x52, 0xFA, 0x52, 0x1B, 0x5B, 0x3C, 0x5B, 
    0x5D, 0x5F, 0x5D, 0x5F, 0x5D, 0x5F, 0x5E, 0x5F, 0x7D, 0x63, 0x7E, 0x63, 0x7D, 0x63, 0x5E, 0x5F, 
    0x5C, 0x5F, 0x1C, 0x5B, 0x1A, 0x57, 0xF8, 0x52, 0xF6, 0x56, 0xF6, 0x56, 0xF7, 0x5A, 0xF9, 0x5A, 
    0x18, 0x5F, 0x19, 0x5B, 0x18, 0x5B, 0xF8, 0x56, 0xF6, 0x5A, 0xD6, 0x56, 0xD5, 0x52, 0x95, 0x4E, 
    0x94, 0x4E, 0x74, 0x4A, 0x72, 0x46, 0x50, 0x42, 0x2D, 0x3E, 0xED, 0x39, 0x69, 0x2D, 0xE6, 0x20, 
    0x06, 0x29, 0x6A, 0x31, 0x06, 0x25, 0x6A, 0x31, 0xCD, 0x3D, 0x07, 0x25, 0xE6, 0x20, 0x83, 0x10, 
    0xE6, 0x20, 0x6A, 0x31, 0x06, 0x25, 0xC5, 0x1C, 0xA3, 0x18, 0x83, 0x14, 0x82, 0x10, 0x62, 0x10, 
    0xC4, 0x1C, 0xA5, 0x18, 0x69, 0x31, 0x6A, 0x35, 0x48, 0x31, 0x62, 0x10, 0x41, 0x0C, 0x21, 0x08, 
    0xA4, 0x1C, 0xA4, 0x1C, 0x05, 0x29, 0xE5, 0x20, 0xE5, 0x24, 0xE6, 0x24, 0x06, 0x29, 0xA4, 0x18, 
    0xC4, 0x1C, 0xE6, 0x20, 0xC5, 0x20, 0xA5, 0x18, 0xC4, 0x1C, 0xC5, 0x1C, 0x06, 0x25, 0xE6, 0x20, 
    0x07, 0x29, 0x28, 0x29, 0x27, 0x29, 0xCD, 0x41, 0x0E, 0x4E, 0x2F, 0x52, 0x4F, 0x56, 0xB3, 0x62, 
    0x36, 0x6F, 0xF6, 0x66, 0x71, 0x56, 0xAC, 0x3D, 0x0E, 0x4A, 0x10, 0x4A, 0xEE, 0x41, 0xCE, 0x3D, 
    0xAC, 0x3D, 0x8C, 0x35, 0xAC, 0x3D, 0xCD, 0x41, 0x72, 0x56, 0xF7, 0x62, 0x59, 0x6F, 0x18, 0x67, 
    0xEE, 0x45, 0x51, 0x52, 0x92, 0x5A, 0x30, 0x4E, 0xD4, 0x62, 0xF6, 0x62, 0xF5, 0x62, 0x94, 0x5A, 
    0x10, 0x46, 0xFC, 0x5E, 0x5D, 0x5F, 0x1C, 0x5B, 0xD8, 0x52, 0x94, 0x4A, 0x51, 0x46, 0x53, 0x42, 
    0x74, 0x46, 0x75, 0x46, 0x74, 0x46, 0x54, 0x46, 0x53, 0x46, 0x53, 0x42, 0x52, 0x42, 0x53, 0x42, 
    0x52, 0x42, 0x53, 0x42, 0x73, 0x46, 0x54, 0x46, 0x74, 0x46, 0x54, 0x46, 0x73, 0x46, 0x53, 0x46, 
    0x72, 0x46, 0x52, 0x46, 0x52, 0x4A, 0x52, 0x46, 0x52, 0x46, 0x53, 0x46, 0x72, 0x46, 0x72, 0x46, 
    0x92, 0x4E, 0x92, 0x4E, 0x91, 0x4E, 0x92, 0x4E, 0xB2, 0x56, 0xB3, 0x52, 0xF5, 0x5A, 0xF7, 0x5A, 
    0xF7, 0x5A, 0xD7, 0x56, 0xD5, 0x56, 0x94, 0x4E, 0x94, 0x4E, 0x95, 0x4E, 0xB6, 0x52, 0xD9, 0x56, 
    0xFA, 0x5A, 0xFA, 0x5A, 0xF9, 0x56, 0xD9, 0x52, 0xD9, 0x52, 0xB9, 0x52, 0xD9, 0x52, 0xB8, 0x4E, 
    0x97, 0x4E, 0x97, 0x4A, 0x97, 0x4E, 0x98, 0x4A, 0x75, 0x46, 0x33, 0x3E, 0x33, 0x42, 0x33, 0x3E, 
    0x32, 0x42, 0x32, 0x3E, 0x32, 0x42, 0x32, 0x3E, 0x31, 0x42, 0x31, 0x3E, 0x52, 0x46, 0x74, 0x46, 
    0x74, 0x46, 0x53, 0x42, 0x53, 0x42, 0x33, 0x42, 0x53, 0x46, 0x53, 0x42, 0x53, 0x46, 0x54, 0x46, 
    0x54, 0x46, 0x54, 0x42, 0x51, 0x42, 0x31, 0x42, 0x51, 0x46, 0x74, 0x4A, 0xB5, 0x52, 0xB7, 0x52, 
    0xD7, 0x56, 0xD8, 0x5A, 0xF9, 0x5A, 0xF9, 0x5A, 0xF8, 0x5A, 0xD7, 0x56, 0xD5, 0x56, 0xB6, 0x52, 
    0xBA, 0x4E, 0xDA, 0x52, 0xBA, 0x4E, 0xDA, 0x52, 0xFC, 0x56, 0x3D, 0x5F, 0x3E, 0x5B, 0x1C, 0x5B, 
    0xDB, 0x52, 0xDA, 0x52, 0xDB, 0x52, 0xDA, 0x52, 0x97, 0x4A, 0x74, 0x46, 0x76, 0x46, 0x96, 0x4A, 
    0x97, 0x4A, 0xB8, 0x4E, 0xB9, 0x4E, 0xB8, 0x4E, 0x98, 0x4A, 0xD9, 0x4E, 0xFC, 0x56, 0x3C, 0x5B, 
    0x1D, 0x5B, 0xFC, 0x56, 0x98, 0x4A, 0xB8, 0x4E, 0xDA, 0x52, 0x1C, 0x5B, 0x1D, 0x5B, 0x3D, 0x5F, 
    0x3E, 0x5F, 0x3D, 0x5F, 0xFC, 0x56, 0xFB, 0x56, 0xFB, 0x52, 0xD9, 0x52, 0xB9, 0x4E, 0xDA, 0x56, 
    0xFC, 0x56, 0x1C, 0x5B, 0x1D, 0x5B, 0x1C, 0x5B, 0xFB, 0x56, 0xD9, 0x52, 0x98, 0x4A, 0x96, 0x4A, 
    0x98, 0x4A, 0xB8, 0x52, 0xB9, 0x4E, 0xD8, 0x52, 0xD9, 0x52, 0xD9, 0x56, 0xFB, 0x56, 0x1C, 0x5B, 
    0x3D, 0x5F, 0x5D, 0x5F, 0x5E, 0x5F, 0x5E, 0x63, 0x5E, 0x63, 0x7E, 0x63, 0x5E, 0x63, 0x5D, 0x63, 
    0x3D, 0x5F, 0x3C, 0x5F, 0xFB, 0x56, 0xF8, 0x56, 0xD7, 0x56, 0xF6, 0x5A, 0xF8, 0x5A, 0x18, 0x5F, 
    0xF9, 0x5A, 0x19, 0x5F, 0xF9, 0x5A, 0xF7, 0x5A, 0xD7, 0x56, 0xD6, 0x56, 0xB5, 0x52, 0x93, 0x52, 
    0x73, 0x4A, 0x72, 0x4A, 0x52, 0x46, 0x51, 0x46, 0x2F, 0x42, 0x0D, 0x3E, 0x6A, 0x31, 0x49, 0x31, 
    0x28, 0x2D, 0xAC, 0x3D, 0x08, 0x29, 0xAC, 0x39, 0xCE, 0x3D, 0x6A, 0x35, 0x08, 0x29, 0x83, 0x18, 
    0xE7, 0x20, 0x07, 0x29, 0x07, 0x25, 0x49, 0x31, 0x49, 0x2D, 0xE6, 0x20, 0xE7, 0x24, 0x49, 0x31, 
    0x29, 0x29, 0x07, 0x25, 0x29, 0x2D, 0x48, 0x31, 0x49, 0x31, 0x61, 0x10, 0x42, 0x0C, 0x41, 0x0C, 
    0x63, 0x14, 0xE5, 0x24, 0x28, 0x31, 0x05, 0x29, 0xA4, 0x1C, 0xC4, 0x20, 0xE6, 0x24, 0xC5, 0x20, 
    0xA5, 0x18, 0xA4, 0x1C, 0xA5, 0x18, 0xA5, 0x1C, 0xC6, 0x1C, 0x06, 0x29, 0x28, 0x2D, 0x06, 0x29, 
    0x29, 0x2D, 0x28, 0x2D, 0x28, 0x2D, 0x8B, 0x3D, 0xEE, 0x49, 0x50, 0x5A, 0x93, 0x62, 0x36, 0x6F, 
    0xF6, 0x66, 0x92, 0x5A, 0xEF, 0x45, 0xCD, 0x45, 0xEE, 0x45, 0x0F, 0x46, 0xAD, 0x39, 0x8C, 0x39, 
    0xEF, 0x41, 0x4A, 0x31, 0x8C, 0x39, 0xAB, 0x3D, 0xEF, 0x45, 0xB5, 0x5E, 0x5A, 0x6F, 0x9B, 0x77, 
    0xF7, 0x66, 0x0F, 0x4E, 0x30, 0x4E, 0x6A, 0x39, 0xEE, 0x45, 0x18, 0x6B, 0xF7, 0x66, 0x17, 0x67, 
    0xEF, 0x41, 0xDA, 0x5E, 0x3D, 0x5F, 0x1B, 0x5B, 0xD9, 0x52, 0x94, 0x4A, 0x53, 0x46, 0x73, 0x46, 
    0x55, 0x46, 0x75, 0x4A, 0x55, 0x46, 0x74, 0x4A, 0x54, 0x46, 0x54, 0x46, 0x53, 0x42, 0x52, 0x42, 
    0x31, 0x42, 0x31, 0x42, 0x31, 0x42, 0x51, 0x42, 0x32, 0x42, 0x52, 0x46, 0x32, 0x42, 0x31, 0x46, 
    0x31, 0x42, 0x31, 0x46, 0x32, 0x46, 0x31, 0x46, 0x32, 0x42, 0x52, 0x46, 0x53, 0x46, 0x72, 0x4E, 
    0x72, 0x4E, 0x91, 0x4E, 0x71, 0x4E, 0x91, 0x52, 0x93, 0x56, 0xD3, 0x5A, 0xD6, 0x5A, 0xF8, 0x5E, 
    0xF9, 0x5A, 0xF8, 0x5A, 0xB7, 0x56, 0xB5, 0x56, 0x95, 0x4E, 0x95, 0x52, 0xB7, 0x52, 0xD9, 0x5A, 
    0xFB, 0x5A, 0xFB, 0x5E, 0xDB, 0x5A, 0xDA, 0x56, 0xBA, 0x56, 0xD9, 0x56, 0xB9, 0x52, 0xB8, 0x52, 
    0x98, 0x4E, 0x97, 0x4E, 0x98, 0x4E, 0x97, 0x4A, 0x54, 0x42, 0x33, 0x3E, 0x13, 0x3E, 0x32, 0x42, 
    0x12, 0x3E, 0x32, 0x3E, 0x13, 0x3E, 0x32, 0x42, 0x11, 0x3E, 0x10, 0x42, 0x11, 0x3E, 0x31, 0x42, 
    0x32, 0x42, 0x31, 0x42, 0x33, 0x42, 0x32, 0x42, 0x33, 0x42, 0x52, 0x46, 0x33, 0x42, 0x53, 0x46, 
    0x34, 0x46, 0x53, 0x46, 0x32, 0x42, 0x31, 0x46, 0x31, 0x46, 0x73, 0x4A, 0x95, 0x4E, 0xB5, 0x52, 
    0xB7, 0x56, 0xD7, 0x5A, 0xD9, 0x5A, 0xF8, 0x5A, 0xD8, 0x56, 0xD6, 0x5A, 0xB6, 0x56, 0xB4, 0x56, 
    0xB9, 0x4E, 0xBA, 0x4E, 0xB9, 0x4E, 0xDB, 0x4E, 0x1B, 0x57, 0x1D, 0x5B, 0x3D, 0x5F, 0x1C, 0x57, 
    0xDA, 0x52, 0xBA, 0x4E, 0xDA, 0x52, 0xDA, 0x52, 0x97, 0x4A, 0x75, 0x42, 0x95, 0x4A, 0x96, 0x46, 
    0xB6, 0x4E, 0xB9, 0x4E, 0xD9, 0x52, 0xB9, 0x4E, 0xB8, 0x4E, 0xDA, 0x4E, 0x1B, 0x57, 0x1C, 0x57, 
    0x1C, 0x57, 0xDB, 0x52, 0xD8, 0x4E, 0xDA, 0x4E, 0xFB, 0x56, 0x1D, 0x5B, 0x5D, 0x5F, 0x3E, 0x5B, 
    0x3D, 0x5F, 0x1D, 0x5B, 0x1B, 0x57, 0xFC, 0x56, 0xFB, 0x56, 0xDA, 0x52, 0xDA, 0x52, 0xFB, 0x56, 
    0x1C, 0x5B, 0x1D, 0x5B, 0x3D, 0x5F, 0x1C, 0x57, 0xFB, 0x56, 0xB9, 0x4E, 0xB7, 0x4A, 0x97, 0x46, 
    0x97, 0x4A, 0x98, 0x4A, 0xB7, 0x4E, 0xB8, 0x4E, 0xD8, 0x4E, 0xD9, 0x4E, 0xFA, 0x56, 0x1C, 0x57, 
    0x3D, 0x5F, 0x3E, 0x5F, 0x5E, 0x5F, 0x5E, 0x5F, 0x7E, 0x63, 0x5E, 0x63, 0x7D, 0x63, 0x5D, 0x5F, 
    0x3D, 0x5F, 0x1D, 0x5B, 0x1B, 0x5B, 0xF9, 0x56, 0xF6, 0x56, 0xD7, 0x56, 0xF8, 0x5A, 0xF9, 0x5A, 
    0x19, 0x5F, 0xF9, 0x5A, 0x18, 0x5B, 0xD8, 0x56, 0xD6, 0x5A, 0xB6, 0x56, 0xB4, 0x52, 0x93, 0x4E, 
    0x92, 0x4E, 0x72, 0x4A, 0x71, 0x46, 0x51, 0x46, 0x50, 0x46, 0x30, 0x42, 0x8B, 0x35, 0xAC, 0x39, 
    0xCB, 0x41, 0xCD, 0x41, 0x27, 0x29, 0x8C, 0x35, 0xAC, 0x39, 0x8C, 0x35, 0x06, 0x25, 0xA4, 0x18, 
    0xC5, 0x20, 0xC6, 0x1C, 0x48, 0x2D, 0xEE, 0x45, 0x69, 0x35, 0x29, 0x29, 0xCC, 0x3D, 0xAC, 0x3D, 
    0x06, 0x25, 0xA5, 0x18, 0xC5, 0x1C, 0x49, 0x31, 0x48, 0x31, 0x42, 0x0C, 0x62, 0x10, 0x42, 0x10, 
    0x62, 0x14, 0xE5, 0x20, 0x68, 0x31, 0x06, 0x29, 0xA3, 0x1C, 0xA4, 0x18, 0xE5, 0x20, 0xA4, 0x18, 
    0xC4, 0x1C, 0xA6, 0x1C, 0xA4, 0x18, 0xE7, 0x20, 0x28, 0x29, 0x49, 0x31, 0x8A, 0x39, 0x28, 0x2D, 
    0x69, 0x31, 0x6A, 0x35, 0x48, 0x31, 0x4A, 0x35, 0xCB, 0x45, 0x50, 0x5A, 0x15, 0x6B, 0xD5, 0x66, 
    0x92, 0x5A, 0x29, 0x31, 0x6A, 0x35, 0xAD, 0x3D, 0x8B, 0x39, 0x6B, 0x35, 0x6A, 0x31, 0x4A, 0x2D, 
    0xCE, 0x3D, 0x08, 0x29, 0x07, 0x29, 0x4A, 0x31, 0x8B, 0x39, 0xD6, 0x5E, 0x7A, 0x73, 0x38, 0x6B, 
    0x17, 0x6F, 0x73, 0x56, 0x2F, 0x4E, 0xAD, 0x41, 0x69, 0x35, 0xD7, 0x5E, 0x58, 0x6F, 0x17, 0x67, 
    0x2F, 0x4A, 0x77, 0x52, 0x3D, 0x5F, 0x1C, 0x5B, 0xD8, 0x52, 0x96, 0x4A, 0x75, 0x4A, 0x75, 0x46, 
    0x75, 0x4A, 0x76, 0x46, 0x75, 0x4A, 0x55, 0x46, 0x75, 0x46, 0x55, 0x46, 0x53, 0x46, 0x32, 0x42, 
    0x30, 0x42, 0x30, 0x3E, 0x2F, 0x42, 0x10, 0x3E, 0x30, 0x42, 0x31, 0x42, 0x30, 0x42, 0x10, 0x42, 
    0x30, 0x42, 0x11, 0x42, 0x31, 0x46, 0x31, 0x42, 0x51, 0x46, 0x53, 0x46, 0x73, 0x4A, 0x72, 0x4A, 
    0x70, 0x4A, 0x71, 0x4A, 0x90, 0x4E, 0x71, 0x4E, 0xB1, 0x52, 0xB4, 0x56, 0xF6, 0x5A, 0xF9, 0x5E, 
    0x19, 0x5F, 0xF9, 0x5A, 0xD7, 0x5A, 0xB7, 0x56, 0xB6, 0x52, 0x96, 0x4E, 0xD7, 0x56, 0xDA, 0x56, 
    0xFA, 0x5A, 0xFB, 0x5A, 0xFA, 0x5A, 0xDA, 0x56, 0xD9, 0x56, 0xD9, 0x52, 0xD9, 0x52, 0xB9, 0x52, 
    0xB8, 0x52, 0x99, 0x4E, 0xB8, 0x4E, 0x76, 0x46, 0x53, 0x42, 0x33, 0x3E, 0x32, 0x3E, 0x12, 0x3E, 
    0x32, 0x3E, 0x12, 0x3E, 0x32, 0x42, 0x32, 0x3E, 0x30, 0x3E, 0xF0, 0x39, 0x0F, 0x3E, 0xEF, 0x39, 
    0x0F, 0x3E, 0x10, 0x3E, 0x31, 0x3E, 0x32, 0x3E, 0x32, 0x42, 0x32, 0x42, 0x52, 0x42, 0x32, 0x42, 
    0x52, 0x46, 0x33, 0x42, 0x51, 0x42, 0x31, 0x42, 0x50, 0x46, 0x52, 0x46, 0x73, 0x4E, 0x95, 0x4E, 
    0xB5, 0x52, 0xB7, 0x56, 0xD7, 0x5A, 0xD8, 0x56, 0xD7, 0x56, 0xB6, 0x56, 0xD4, 0x56, 0x94, 0x52, 
    0xBA, 0x4E, 0xB9, 0x4E, 0x99, 0x4E, 0xDA, 0x52, 0xDC, 0x52, 0x1C, 0x5B, 0x1E, 0x5B, 0x1C, 0x5B, 
    0xDA, 0x52, 0xB9, 0x4E, 0xBA, 0x52, 0xDA, 0x52, 0x98, 0x4A, 0x75, 0x46, 0x75, 0x46, 0x95, 0x4A, 
    0x97, 0x4E, 0xD9, 0x52, 0xDA, 0x52, 0xDA, 0x52, 0xBA, 0x4E, 0xDA, 0x52, 0xFC, 0x56, 0x1C, 0x5B, 
    0xDC, 0x52, 0xDA, 0x4E, 0xBA, 0x4E, 0xFB, 0x56, 0xFC, 0x56, 0x3D, 0x5F, 0x5E, 0x5F, 0x5E, 0x5F, 
    0x3E, 0x5B, 0x3D, 0x5F, 0xFC, 0x56, 0xFC, 0x56, 0xFC, 0x56, 0xFB, 0x56, 0xDB, 0x56, 0xFC, 0x5A, 
    0x1D, 0x5B, 0x3D, 0x5F, 0x3E, 0x5F, 0x1C, 0x5B, 0xDB, 0x56, 0xD9, 0x52, 0x98, 0x4A, 0x96, 0x4A, 
    0x77, 0x4A, 0x97, 0x4E, 0x97, 0x4A, 0x97, 0x4E, 0x98, 0x4A, 0xB8, 0x4E, 0xDA, 0x52, 0x1B, 0x57, 
    0x1D, 0x5B, 0x5D, 0x5F, 0x5E, 0x5F, 0x5E, 0x63, 0x5E, 0x63, 0x7E, 0x63, 0x5E, 0x63, 0x5D, 0x63, 
    0x3D, 0x5F, 0x3C, 0x5F, 0xFB, 0x56, 0xF8, 0x56, 0xD7, 0x56, 0xF7, 0x5A, 0xF9, 0x5A, 0xF9, 0x5E, 
    0xFA, 0x5A, 0x19, 0x5F, 0xF9, 0x5A, 0xD7, 0x5A, 0xD7, 0x56, 0xB5, 0x56, 0x95, 0x52, 0x93, 0x4E, 
    0x72, 0x4A, 0x71, 0x4A, 0x52, 0x46, 0x51, 0x46, 0x31, 0x46, 0x30, 0x46, 0xAD, 0x39, 0xCD, 0x41, 
    0x10, 0x4E, 0xCD, 0x41, 0x29, 0x2D, 0x29, 0x2D, 0x29, 0x2D, 0x4A, 0x31, 0xC5, 0x20, 0xC5, 0x20, 
    0x84, 0x18, 0xC5, 0x20, 0x4A, 0x31, 0x0E, 0x4A, 0x28, 0x2D, 0x28, 0x2D, 0x8B, 0x39, 0x6A, 0x35, 
    0x84, 0x18, 0x83, 0x14, 0x62, 0x14, 0x49, 0x35, 0x28, 0x2D, 0x62, 0x14, 0x63, 0x14, 0x62, 0x14, 
    0x63, 0x18, 0xC4, 0x20, 0x07, 0x29, 0x06, 0x25, 0x84, 0x18, 0xA3, 0x18, 0x84, 0x18, 0xC5, 0x1C, 
    0xA5, 0x18, 0xC6, 0x20, 0xC6, 0x20, 0xE6, 0x20, 0x2A, 0x2D, 0xCD, 0x41, 0x8C, 0x3D, 0x49, 0x35, 
    0x8B, 0x39, 0x8B, 0x3D, 0x4A, 0x35, 0x49, 0x35, 0x6B, 0x39, 0xED, 0x49, 0x72, 0x5A, 0xEE, 0x4D, 
    0xAD, 0x41, 0xAC, 0x41, 0xAE, 0x41, 0xAC, 0x3D, 0x29, 0x2D, 0x08, 0x29, 0x09, 0x29, 0x29, 0x2D, 
    0x2A, 0x2D, 0x29, 0x2D, 0x4A, 0x31, 0x8C, 0x3D, 0x8D, 0x3D, 0x94, 0x5A, 0xD7, 0x66, 0x51, 0x56, 
    0x18, 0x6F, 0x38, 0x6F, 0x31, 0x4E, 0x0F, 0x4A, 0x4A, 0x31, 0x51, 0x52, 0x5A, 0x6F, 0xF7, 0x66, 
    0x31, 0x4E, 0x34, 0x4E, 0x1D, 0x5F, 0x1B, 0x5B, 0xB9, 0x52, 0xB7, 0x4E, 0x97, 0x4A, 0x96, 0x4A, 
    0x76, 0x4A, 0x76, 0x4A, 0x56, 0x4A, 0x75, 0x4A, 0x56, 0x46, 0x75, 0x4A, 0x55, 0x46, 0x53, 0x46, 
    0x31, 0x3E, 0x2F, 0x42, 0x10, 0x3E, 0x0F, 0x42, 0x0F, 0x3E, 0x0F, 0x42, 0x10, 0x3E, 0x0F, 0x42, 
    0x10, 0x3E, 0x10, 0x42, 0x11, 0x42, 0x31, 0x46, 0x32, 0x46, 0x73, 0x4A, 0x73, 0x4A, 0x71, 0x4A, 
    0x50, 0x4A, 0x70, 0x4E, 0x70, 0x4E, 0x70, 0x52, 0x91, 0x4E, 0xB3, 0x56, 0xD6, 0x5A, 0x19, 0x5F, 
    0x1A, 0x5F, 0x19, 0x5F, 0xD9, 0x5A, 0xF8, 0x5A, 0xB8, 0x56, 0xB7, 0x56, 0xB8, 0x56, 0xF9, 0x5A, 
    0xFA, 0x5A, 0xFA, 0x5A, 0xDB, 0x5A, 0xDA, 0x5A, 0xDA, 0x56, 0xD9, 0x56, 0xB9, 0x52, 0xB9, 0x52, 
    0x99, 0x52, 0xB9, 0x52, 0x99, 0x4E, 0x75, 0x46, 0x34, 0x42, 0x33, 0x42, 0x13, 0x3E, 0x12, 0x3E, 
    0x12, 0x3E, 0x12, 0x3E, 0x12, 0x3E, 0x31, 0x42, 0xF0, 0x3D, 0xEE, 0x3D, 0xCF, 0x39, 0xEE, 0x39, 
    0xCE, 0x39, 0xEF, 0x3D, 0x11, 0x3E, 0x31, 0x42, 0x12, 0x3E, 0x31, 0x42, 0x11, 0x42, 0x31, 0x42, 
    0x12, 0x42, 0x32, 0x42, 0x32, 0x42, 0x31, 0x46, 0x31, 0x42, 0x51, 0x4A, 0x53, 0x4A, 0x73, 0x4E, 
    0x75, 0x4E, 0xB6, 0x56, 0xB7, 0x52, 0xB7, 0x56, 0xB6, 0x52, 0xB5, 0x56, 0x94, 0x52, 0x93, 0x52, 
    0xD9, 0x4E, 0xB9, 0x4A, 0xB8, 0x4E, 0xDA, 0x4E, 0xFB, 0x56, 0xFC, 0x56, 0x3C, 0x5B, 0x1C, 0x57, 
    0xDA, 0x52, 0xB9, 0x4A, 0xD9, 0x4E, 0xDA, 0x4E, 0xB8, 0x4E, 0x75, 0x46, 0x93, 0x46, 0x95, 0x46, 
    0xD7, 0x4E, 0xDA, 0x52, 0x1B, 0x57, 0xDB, 0x52, 0xFA, 0x52, 0xFB, 0x52, 0x1C, 0x5B, 0x1D, 0x5B, 
    0xFB, 0x52, 0xB9, 0x4A, 0xD9, 0x4E, 0xFC, 0x52, 0x3D, 0x5B, 0x5E, 0x5F, 0x7E, 0x63, 0x5E, 0x5F, 
    0x3D, 0x5B, 0x1D, 0x5B, 0x1B, 0x57, 0xFC, 0x52, 0x1C, 0x57, 0xFC, 0x56, 0x1C, 0x5B, 0x1D, 0x57, 
    0x3C, 0x5B, 0x3D, 0x5B, 0x5D, 0x5F, 0x1D, 0x5B, 0xFB, 0x56, 0xB9, 0x4E, 0xB7, 0x4A, 0x96, 0x46, 
    0x95, 0x4A, 0x96, 0x46, 0x96, 0x4A, 0x96, 0x46, 0xB6, 0x4A, 0xB8, 0x4A, 0xF9, 0x52, 0x1B, 0x53, 
    0x3C, 0x5B, 0x3D, 0x5B, 0x7E, 0x5F, 0x7E, 0x5F, 0x7D, 0x63, 0x7E, 0x63, 0x7D, 0x63, 0x5D, 0x5F, 
    0x3C, 0x5F, 0x3C, 0x5B, 0x1A, 0x5B, 0xF8, 0x52, 0xF6, 0x56, 0xF7, 0x56, 0xF8, 0x5A, 0xF9, 0x5A, 
    0x19, 0x5F, 0xF9, 0x5A, 0x18, 0x5B, 0xD8, 0x56, 0xD6, 0x56, 0xB6, 0x52, 0xB4, 0x52, 0x92, 0x4A, 
    0x71, 0x4A, 0x71, 0x46, 0x71, 0x46, 0x51, 0x46, 0x2F, 0x42, 0x10, 0x42, 0xED, 0x3D, 0xED, 0x41, 
    0x50, 0x52, 0x6B, 0x35, 0x28, 0x29, 0xC6, 0x20, 0x06, 0x25, 0xE6, 0x20, 0xE5, 0x20, 0xC5, 0x1C, 
    0x82, 0x14, 0xA5, 0x18, 0x69, 0x31, 0x8B, 0x39, 0x27, 0x2D, 0x28, 0x2D, 0x69, 0x35, 0x28, 0x2D, 
    0x82, 0x14, 0x83, 0x14, 0x82, 0x14, 0x49, 0x31, 0x07, 0x29, 0x83, 0x10, 0xA3, 0x18, 0x83, 0x14, 
    0xA3, 0x18, 0xA3, 0x18, 0x05, 0x25, 0xE6, 0x1C, 0xC4, 0x1C, 0xA4, 0x18, 0xC4, 0x1C, 0xA5, 0x18, 
    0xC5, 0x1C, 0xE7, 0x20, 0x07, 0x25, 0xE7, 0x20, 0xCC, 0x3D, 0x0F, 0x4A, 0x69, 0x35, 0x49, 0x2D, 
    0x8A, 0x35, 0x6A, 0x35, 0x6A, 0x35, 0x49, 0x31, 0x69, 0x35, 0x8B, 0x39, 0x2F, 0x52, 0x30, 0x52, 
    0x71, 0x5A, 0x51, 0x52, 0x0E, 0x4A, 0x4A, 0x31, 0x06, 0x25, 0xE7, 0x20, 0x07, 0x25, 0xE7, 0x24, 
    0x06, 0x25, 0x4A, 0x2D, 0xEE, 0x45, 0x10, 0x46, 0x0F, 0x4A, 0xCE, 0x41, 0x0F, 0x4A, 0x53, 0x56, 
    0x59, 0x6B, 0x9C, 0x73, 0xD4, 0x5E, 0x8C, 0x39, 0x49, 0x31, 0x8C, 0x39, 0x38, 0x6B, 0x18, 0x67, 
    0x0E, 0x4A, 0xF2, 0x45, 0x1C, 0x5F, 0xFB, 0x56, 0xF9, 0x52, 0xB8, 0x4E, 0xB7, 0x4E, 0x97, 0x4A, 
    0x96, 0x4A, 0x76, 0x4A, 0x96, 0x4A, 0x76, 0x46, 0x75, 0x4A, 0x75, 0x46, 0x74, 0x46, 0x53, 0x42, 
    0x50, 0x42, 0x30, 0x3E, 0x2F, 0x42, 0x10, 0x3E, 0x2F, 0x3E, 0x0F, 0x3E, 0x0E, 0x3E, 0x0F, 0x3E, 
    0x0F, 0x3E, 0x10, 0x3E, 0x30, 0x42, 0x32, 0x42, 0x52, 0x46, 0x73, 0x46, 0x92, 0x4A, 0x70, 0x46, 
    0x6F, 0x4A, 0x6F, 0x4A, 0x6F, 0x4E, 0x6F, 0x4A, 0x90, 0x52, 0xB4, 0x52, 0xF5, 0x5A, 0x18, 0x5B, 
    0x39, 0x5F, 0x19, 0x5F, 0x19, 0x5F, 0xFA, 0x5A, 0xF9, 0x5A, 0xD9, 0x56, 0xF8, 0x5A, 0xD9, 0x56, 
    0xF9, 0x5A, 0xDA, 0x56, 0xF9, 0x56, 0xDA, 0x56, 0xD9, 0x56, 0xB9, 0x52, 0xB8, 0x52, 0xB9, 0x52, 
    0xB8, 0x52, 0xB9, 0x4E, 0xB7, 0x4E, 0x75, 0x42, 0x53, 0x42, 0x32, 0x3E, 0x32, 0x3E, 0x12, 0x3A, 
    0x11, 0x3A, 0x11, 0x3A, 0x11, 0x3E, 0x10, 0x3A, 0x0E, 0x3A, 0xEE, 0x39, 0xED, 0x39, 0xCD, 0x35, 
    0xED, 0x39, 0xEE, 0x35, 0x0F, 0x3A, 0x10, 0x3A, 0x30, 0x3E, 0x10, 0x3E, 0x2F, 0x3E, 0x10, 0x3E, 
    0x30, 0x3E, 0x11, 0x3E, 0x31, 0x42, 0x31, 0x3E, 0x30, 0x42, 0x31, 0x42, 0x51, 0x4A, 0x53, 0x46, 
    0x94, 0x4E, 0x95, 0x4E, 0xB6, 0x52, 0xB6, 0x52, 0xB5, 0x52, 0xB4, 0x52, 0xB3, 0x52, 0x73, 0x4E, 
    0xBA, 0x4E, 0xB9, 0x4E, 0x99, 0x4A, 0xDA, 0x52, 0xDB, 0x52, 0xFB, 0x56, 0xFC, 0x56, 0x1C, 0x5B, 
    0xBA, 0x52, 0xB8, 0x4E, 0x99, 0x4E, 0xD9, 0x52, 0xBA, 0x52, 0x96, 0x4E, 0x74, 0x46, 0x95, 0x4E, 
    0xB8, 0x4E, 0xFB, 0x56, 0x1D, 0x57, 0x1C, 0x5B, 0xFC, 0x56, 0x1C, 0x57, 0xFD, 0x56, 0x1D, 0x5B, 
    0xFC, 0x56, 0xB9, 0x4E, 0xBA, 0x4E, 0x1C, 0x57, 0x3E, 0x5F, 0x7E, 0x63, 0x7F, 0x67, 0x5E, 0x63, 
    0x1D, 0x5B, 0x1C, 0x5B, 0xFC, 0x56, 0xFC, 0x56, 0xFD, 0x56, 0x1C, 0x5B, 0x1D, 0x5B, 0x3D, 0x5F, 
    0x3E, 0x5B, 0x5D, 0x5F, 0x3E, 0x5F, 0x3D, 0x5B, 0xFB, 0x56, 0xD9, 0x52, 0x98, 0x4A, 0x96, 0x4A, 
    0x76, 0x46, 0x95, 0x4A, 0x96, 0x46, 0x95, 0x4A, 0x96, 0x4A, 0xB7, 0x4E, 0xDA, 0x4E, 0x1B, 0x57, 
    0x1D, 0x5B, 0x5D, 0x5F, 0x5E, 0x5F, 0x7E, 0x63, 0x7E, 0x63, 0x7E, 0x67, 0x5E, 0x63, 0x5D, 0x63, 
    0x3D, 0x5F, 0x3C, 0x5F, 0xFB, 0x56, 0xF8, 0x56, 0xD7, 0x56, 0xF7, 0x5A, 0xF9, 0x5A, 0x19, 0x5F, 
    0xFA, 0x5A, 0x19, 0x5F, 0xF9, 0x5A, 0xF8, 0x5A, 0xD7, 0x56, 0xB6, 0x56, 0x94, 0x4E, 0x92, 0x4E, 
    0x71, 0x46, 0x50, 0x46, 0x30, 0x42, 0x2F, 0x46, 0x0E, 0x42, 0x0E, 0x42, 0xEE, 0x3D, 0xED, 0x41, 
    0x30, 0x4E, 0x28, 0x2D, 0x29, 0x29, 0xE6, 0x24, 0xC6, 0x20, 0xC5, 0x1C, 0x07, 0x25, 0xC5, 0x20, 
    0x63, 0x14, 0xC5, 0x1C, 0x29, 0x2D, 0x48, 0x31, 0x27, 0x2D, 0x27, 0x2D, 0x29, 0x31, 0x07, 0x29, 
    0x63, 0x14, 0xC4, 0x20, 0xC5, 0x20, 0x48, 0x31, 0xA5, 0x1C, 0xA4, 0x18, 0xA5, 0x18, 0xA3, 0x18, 
    0xA5, 0x1C, 0xA4, 0x1C, 0xC6, 0x20, 0xE6, 0x24, 0x07, 0x25, 0x06, 0x25, 0x08, 0x29, 0xC5, 0x20, 
    0xC7, 0x20, 0x28, 0x29, 0x29, 0x2D, 0x6A, 0x31, 0xCE, 0x41, 0x69, 0x35, 0x28, 0x2D, 0x48, 0x31, 
    0x49, 0x31, 0x6A, 0x39, 0x8C, 0x39, 0x69, 0x35, 0x4A, 0x35, 0x6A, 0x39, 0xCD, 0x45, 0xCC, 0x45, 
    0xCD, 0x41, 0xCD, 0x41, 0xAD, 0x3D, 0x48, 0x31, 0x4A, 0x31, 0x07, 0x29, 0x29, 0x2D, 0x6A, 0x31, 
    0x2A, 0x2D, 0x28, 0x2D, 0x52, 0x52, 0xB4, 0x5E, 0x10, 0x4A, 0xCD, 0x41, 0x73, 0x56, 0x18, 0x6B, 
    0x3A, 0x6B, 0x7B, 0x73, 0x5A, 0x6F, 0x2F, 0x4A, 0x29, 0x2D, 0x6A, 0x35, 0xB5, 0x5A, 0x38, 0x6F, 
    0x31, 0x4E, 0xCF, 0x41, 0xFC, 0x5A, 0xFA, 0x5A, 0xDA, 0x52, 0xD9, 0x56, 0xB9, 0x52, 0xB8, 0x52, 
    0x97, 0x4E, 0x96, 0x4E, 0x77, 0x4A, 0x76, 0x4A, 0x76, 0x4A, 0x75, 0x4A, 0x55, 0x46, 0x53, 0x46, 
    0x32, 0x42, 0x31, 0x42, 0x31, 0x42, 0x30, 0x42, 0x10, 0x3E, 0x0F, 0x42, 0x0F, 0x3E, 0x0E, 0x3E, 
    0xEF, 0x3D, 0x0F, 0x42, 0x11, 0x42, 0x31, 0x46, 0x52, 0x46, 0x73, 0x4A, 0x72, 0x4A, 0x6F, 0x4A, 
    0x4F, 0x4A, 0x6F, 0x4E, 0x6F, 0x4A, 0x90, 0x52, 0x93, 0x52, 0xD4, 0x5A, 0xF7, 0x5A, 0x17, 0x5F, 
    0x19, 0x5F, 0x18, 0x63, 0x1A, 0x5F, 0x1A, 0x5F, 0xFA, 0x5E, 0xF9, 0x5E, 0xD9, 0x5A, 0xF8, 0x5A, 
    0xD9, 0x56, 0xD8, 0x56, 0xB9, 0x56, 0xD9, 0x56, 0xB9, 0x52, 0xB8, 0x52, 0xB9, 0x52, 0xB8, 0x52, 
    0xB9, 0x52, 0xB8, 0x52, 0x97, 0x4A, 0x74, 0x46, 0x32, 0x3E, 0x32, 0x3E, 0x12, 0x3E, 0x11, 0x3E, 
    0xF1, 0x39, 0x10, 0x3A, 0xF1, 0x39, 0xEF, 0x39, 0xCE, 0x35, 0xCD, 0x39, 0xCD, 0x35, 0xCC, 0x35, 
    0xCD, 0x35, 0xED, 0x39, 0xEF, 0x39, 0x0F, 0x3E, 0xEF, 0x39, 0x0F, 0x3E, 0xEF, 0x39, 0x0F, 0x3E, 
    0xF0, 0x3D, 0x10, 0x42, 0x11, 0x3E, 0x30, 0x42, 0x31, 0x42, 0x31, 0x46, 0x52, 0x46, 0x72, 0x4A, 
    0x74, 0x4E, 0x95, 0x52, 0x97, 0x52, 0xB6, 0x52, 0x96, 0x52, 0xB3, 0x52, 0x73, 0x4E, 0x72, 0x4E, 
    0xB9, 0x4E, 0xB9, 0x4E, 0xB9, 0x4E, 0xDA, 0x4E, 0xFB, 0x56, 0xFC, 0x56, 0x1B, 0x57, 0xFC, 0x56, 
    0xDA, 0x52, 0x98, 0x4A, 0xB8, 0x4E, 0xBA, 0x4E, 0xDA, 0x52, 0x97, 0x4A, 0x94, 0x4A, 0x96, 0x4A, 
    0xD8, 0x52, 0xFC, 0x56, 0x3D, 0x5F, 0x3D, 0x5B, 0x3C, 0x5B, 0x1D, 0x57, 0x1C, 0x5B, 0xFD, 0x56, 
    0x1C, 0x57, 0xDA, 0x4E, 0xDA, 0x4E, 0xFC, 0x56, 0x5D, 0x5F, 0x7F, 0x63, 0x9F, 0x67, 0x5E, 0x5F, 
    0x3C, 0x5B, 0xFC, 0x56, 0x1C, 0x57, 0xFC, 0x56, 0x1C, 0x5B, 0x1D, 0x5B, 0x3D, 0x5F, 0x3D, 0x5B, 
    0x5D, 0x5F, 0x5E, 0x5F, 0x5D, 0x5F, 0x1D, 0x5B, 0x1B, 0x57, 0xDA, 0x4E, 0xB7, 0x4A, 0x96, 0x46, 
    0x95, 0x4A, 0x75, 0x46, 0x95, 0x4A, 0x96, 0x46, 0x96, 0x4A, 0xB8, 0x4A, 0xD9, 0x52, 0xFB, 0x52, 
    0x3C, 0x5B, 0x3E, 0x5B, 0x7E, 0x63, 0x7E, 0x63, 0x7E, 0x67, 0x7E, 0x63, 0x7D, 0x63, 0x5E, 0x5F, 
    0x3D, 0x5F, 0x1C, 0x5B, 0x1B, 0x5B, 0xF9, 0x56, 0xF7, 0x56, 0xF7, 0x56, 0x18, 0x5B, 0xFA, 0x5A, 
    0x1A, 0x5F, 0xFA, 0x5A, 0x19, 0x5B, 0xD8, 0x56, 0xD7, 0x56, 0xB6, 0x52, 0xB4, 0x52, 0x93, 0x4A, 
    0x70, 0x46, 0x2F, 0x42, 0x4E, 0x42, 0x0E, 0x42, 0x2D, 0x42, 0x0D, 0x42, 0xED, 0x41, 0xEE, 0x41, 
    0x2F, 0x4A, 0x08, 0x25, 0x49, 0x31, 0x28, 0x29, 0xE5, 0x20, 0xA5, 0x1C, 0x27, 0x29, 0xC5, 0x1C, 
    0x83, 0x14, 0xC5, 0x1C, 0x06, 0x29, 0x69, 0x35, 0x68, 0x35, 0x27, 0x2D, 0x27, 0x2D, 0x06, 0x29, 
    0xA3, 0x1C, 0x08, 0x29, 0x27, 0x2D, 0x29, 0x2D, 0x83, 0x14, 0xA5, 0x18, 0xC5, 0x20, 0xA5, 0x18, 
    0x07, 0x25, 0x07, 0x25, 0x69, 0x31, 0x29, 0x29, 0x69, 0x31, 0x49, 0x31, 0x48, 0x31, 0xC6, 0x20, 
    0x07, 0x25, 0x49, 0x2D, 0x49, 0x31, 0x8C, 0x39, 0xED, 0x41, 0x28, 0x29, 0x27, 0x2D, 0x49, 0x31, 
    0x6A, 0x35, 0x8C, 0x3D, 0x8B, 0x39, 0x6A, 0x35, 0x6A, 0x39, 0x6B, 0x35, 0x69, 0x35, 0x49, 0x31, 
    0x6A, 0x39, 0x6A, 0x35, 0x8A, 0x39, 0x8B, 0x39, 0x8B, 0x39, 0x29, 0x2D, 0x8B, 0x35, 0x29, 0x29, 
    0x49, 0x31, 0x4A, 0x31, 0xAB, 0x3D, 0x93, 0x5A, 0x51, 0x52, 0xEF, 0x45, 0x73, 0x56, 0x5B, 0x6B, 
    0x9C, 0x73, 0x19, 0x67, 0xF6, 0x66, 0x94, 0x5A, 0x28, 0x2D, 0x8C, 0x35, 0x31, 0x4E, 0x18, 0x67, 
    0x72, 0x56, 0xAD, 0x3D, 0xFA, 0x5A, 0xFB, 0x56, 0xF9, 0x56, 0xDA, 0x56, 0xF9, 0x56, 0xD9, 0x52, 
    0xB8, 0x52, 0x97, 0x4E, 0x96, 0x4E, 0x77, 0x4A, 0x76, 0x4A, 0x76, 0x46, 0x74, 0x46, 0x53, 0x42, 
    0x52, 0x42, 0x32, 0x42, 0x51, 0x42, 0x31, 0x42, 0x30, 0x42, 0x10, 0x3E, 0x0F, 0x3E, 0xEE, 0x39, 
    0x0E, 0x3E, 0x0F, 0x3E, 0x30, 0x42, 0x31, 0x42, 0x52, 0x46, 0x73, 0x46, 0x71, 0x4A, 0x4F, 0x46, 
    0x6F, 0x4A, 0x4F, 0x4A, 0x6F, 0x4E, 0x92, 0x4E, 0xD3, 0x56, 0xD5, 0x5A, 0x16, 0x5F, 0x17, 0x5F, 
    0x37, 0x63, 0x18, 0x5F, 0x19, 0x5F, 0x1A, 0x5F, 0x1A, 0x5F, 0xFA, 0x5A, 0xF9, 0x5A, 0xD9, 0x56, 
    0xD8, 0x56, 0xB8, 0x56, 0xD8, 0x52, 0xB8, 0x52, 0xB7, 0x52, 0x98, 0x4E, 0xB8, 0x4E, 0x98, 0x4E, 
    0xB8, 0x4E, 0x97, 0x4A, 0x74, 0x46, 0x53, 0x42, 0x31, 0x3E, 0x12, 0x3E, 0x31, 0x3E, 0x12, 0x3A, 
    0x11, 0x3A, 0xF0, 0x39, 0x0F, 0x3A, 0xCE, 0x35, 0xCC, 0x35, 0xCD, 0x31, 0xCC, 0x35, 0xCD, 0x35, 
    0xCC, 0x35, 0xCD, 0x35, 0xED, 0x39, 0xEE, 0x39, 0xEE, 0x39, 0xEE, 0x39, 0xEE, 0x3D, 0xEF, 0x39, 
    0xEE, 0x3D, 0xEF, 0x39, 0x10, 0x3E, 0x11, 0x3E, 0x30, 0x42, 0x31, 0x42, 0x51, 0x46, 0x53, 0x46, 
    0x94, 0x4E, 0x96, 0x4E, 0xB6, 0x52, 0xB6, 0x4E, 0xB4, 0x52, 0x93, 0x4E, 0x92, 0x4E, 0x72, 0x4A, 
    0xBA, 0x4E, 0xB9, 0x52, 0xBA, 0x4E, 0xFA, 0x56, 0xFC, 0x56, 0xFC, 0x5A, 0xFC, 0x56, 0xFC, 0x5A, 
    0xBA, 0x52, 0x97, 0x4E, 0x98, 0x4A, 0xDA, 0x52, 0xDB, 0x52, 0x97, 0x4E, 0x75, 0x4A, 0xB7, 0x4E, 
    0xB9, 0x52, 0x1C, 0x5B, 0x3E, 0x5F, 0x5E, 0x5F, 0x3E, 0x5F, 0x3D, 0x5B, 0xFD, 0x56, 0xFC, 0x5A, 
    0xFC, 0x56, 0xFB, 0x56, 0xDB, 0x52, 0xFC, 0x56, 0x3E, 0x5F, 0x7F, 0x67, 0x7F, 0x67, 0x7E, 0x63, 
    0x1D, 0x5B, 0xFC, 0x56, 0xFC, 0x56, 0xFC, 0x56, 0x1D, 0x5B, 0x3D, 0x5F, 0x3E, 0x5F, 0x5D, 0x63, 
    0x5E, 0x5F, 0x5E, 0x63, 0x3E, 0x5F, 0x3D, 0x5F, 0xFC, 0x56, 0xDA, 0x52, 0x99, 0x4A, 0x96, 0x4A, 
    0x76, 0x46, 0x96, 0x4A, 0x76, 0x4A, 0x96, 0x4A, 0x97, 0x4A, 0xB8, 0x4E, 0xDA, 0x4E, 0xFB, 0x56, 
    0x1D, 0x5B, 0x5D, 0x5F, 0x5E, 0x5F, 0x7E, 0x63, 0x7F, 0x67, 0x9E, 0x67, 0x7E, 0x63, 0x5D, 0x63, 
    0x3D, 0x5F, 0x1C, 0x5F, 0xFB, 0x56, 0xF9, 0x5A, 0xF8, 0x56, 0xF7, 0x5A, 0xF9, 0x5A, 0x1A, 0x5F, 
    0xFB, 0x5E, 0x1A, 0x5F, 0xFA, 0x5A, 0xF9, 0x5A, 0xD8, 0x56, 0xB6, 0x56, 0x95, 0x4E, 0x92, 0x4E, 
    0x51, 0x46, 0x4F, 0x46, 0x2F, 0x42, 0x2F, 0x46, 0x30, 0x46, 0x4F, 0x4A, 0xEF, 0x41, 0x0F, 0x46, 
    0x31, 0x4A, 0x49, 0x31, 0x4A, 0x31, 0x6A, 0x31, 0xC5, 0x1C, 0x83, 0x18, 0xE7, 0x24, 0xC5, 0x1C, 
    0x63, 0x14, 0x84, 0x18, 0xE7, 0x24, 0x8A, 0x41, 0x6A, 0x39, 0x27, 0x31, 0x28, 0x31, 0x27, 0x2D, 
    0xC6, 0x24, 0x69, 0x35, 0x49, 0x31, 0x28, 0x2D, 0x84, 0x14, 0xA5, 0x1C, 0xC6, 0x1C, 0xE7, 0x24, 
    0x29, 0x29, 0x8B, 0x39, 0x10, 0x46, 0xAC, 0x3D, 0x8C, 0x39, 0xAB, 0x3D, 0x6A, 0x39, 0x07, 0x29, 
    0xE7, 0x24, 0x28, 0x2D, 0x4A, 0x35, 0x6A, 0x39, 0x8C, 0x3D, 0x49, 0x31, 0x08, 0x29, 0x49, 0x31, 
    0x8C, 0x39, 0x8B, 0x3D, 0x8C, 0x39, 0x8B, 0x39, 0x6B, 0x35, 0x6A, 0x39, 0x49, 0x31, 0xAC, 0x3D, 
    0x6B, 0x35, 0x8A, 0x39, 0x6B, 0x39, 0xAC, 0x41, 0xAE, 0x3D, 0x10, 0x4A, 0x74, 0x56, 0x10, 0x4A, 
    0x2A, 0x31, 0x6A, 0x35, 0x8C, 0x3D, 0x93, 0x5E, 0xD7, 0x66, 0xD6, 0x62, 0xAF, 0x41, 0x39, 0x6B, 
    0x7D, 0x73, 0x5A, 0x6F, 0xB5, 0x62, 0xD6, 0x66, 0x6C, 0x35, 0xAE, 0x3D, 0xF0, 0x45, 0xF6, 0x66, 
    0x52, 0x52, 0xAC, 0x41, 0xB8, 0x56, 0xDA, 0x5A, 0xDA, 0x56, 0xDA, 0x5A, 0xDB, 0x56, 0xDA, 0x56, 
    0xB9, 0x52, 0xB7, 0x52, 0x77, 0x4A, 0x97, 0x4A, 0x76, 0x4A, 0x75, 0x46, 0x55, 0x46, 0x54, 0x46, 
    0x53, 0x42, 0x53, 0x46, 0x53, 0x46, 0x52, 0x46, 0x32, 0x42, 0x30, 0x42, 0x10, 0x3E, 0x0E, 0x3E, 
    0xEE, 0x39, 0x0F, 0x3E, 0x10, 0x42, 0x31, 0x46, 0x33, 0x46, 0x72, 0x4A, 0x51, 0x46, 0x4F, 0x4A, 
    0x4F, 0x46, 0x6F, 0x4A, 0x70, 0x4E, 0xB2, 0x56, 0xD5, 0x56, 0xF5, 0x5E, 0xF6, 0x5E, 0x16, 0x63, 
    0xF7, 0x5E, 0x18, 0x63, 0xF9, 0x5E, 0x19, 0x5F, 0xFA, 0x5E, 0xFA, 0x5E, 0xD9, 0x5A, 0xD8, 0x5A, 
    0xB8, 0x56, 0xB8, 0x56, 0xB8, 0x52, 0xB7, 0x52, 0x97, 0x4E, 0x96, 0x4E, 0x77, 0x4A, 0x97, 0x4A, 
    0x77, 0x4A, 0x74, 0x4A, 0x33, 0x42, 0x32, 0x42, 0x12, 0x3E, 0x11, 0x3E, 0x12, 0x3E, 0x12, 0x3E, 
    0xF1, 0x39, 0x10, 0x3A, 0xCF, 0x35, 0xCD, 0x35, 0xAD, 0x35, 0xCC, 0x35, 0xAD, 0x35, 0xCC, 0x35, 
    0xAD, 0x35, 0xCD, 0x39, 0xCE, 0x39, 0xEE, 0x39, 0xCE, 0x39, 0xEE, 0x3D, 0xEF, 0x39, 0xEF, 0x3D, 
    0xEF, 0x39, 0xEF, 0x3D, 0xF0, 0x3D, 0x10, 0x42, 0x11, 0x42, 0x30, 0x42, 0x31, 0x42, 0x53, 0x4A, 
    0x75, 0x4A, 0x96, 0x52, 0xB7, 0x52, 0xB6, 0x52, 0x95, 0x4E, 0x73, 0x4E, 0x73, 0x4A, 0x72, 0x4E, 
    0xB9, 0x4E, 0xBA, 0x4E, 0xDA, 0x52, 0xFB, 0x52, 0x1C, 0x5B, 0xFC, 0x56, 0xFB, 0x56, 0xFB, 0x52, 
    0xB8, 0x4E, 0x76, 0x46, 0xB7, 0x4A, 0xBA, 0x4E, 0xD9, 0x52, 0x97, 0x4A, 0x94, 0x4A, 0xB8, 0x4E, 
    0xF9, 0x52, 0x1C, 0x57, 0x7E, 0x5F, 0x7E, 0x5F, 0x7D, 0x5F, 0x3E, 0x5B, 0x1C, 0x5B, 0xFC, 0x52, 
    0xFB, 0x56, 0xFC, 0x52, 0xFB, 0x56, 0xFC, 0x52, 0x3D, 0x5B, 0x5E, 0x5F, 0x9E, 0x63, 0x5E, 0x5F, 
    0x3C, 0x5B, 0xFC, 0x52, 0xFB, 0x52, 0xFC, 0x56, 0x3C, 0x5B, 0x5E, 0x5F, 0x5D, 0x5F, 0x5E, 0x5F, 
    0x7E, 0x63, 0x5E, 0x5F, 0x5D, 0x5F, 0x3D, 0x5B, 0x1B, 0x57, 0xDA, 0x52, 0xD8, 0x4E, 0x97, 0x46, 
    0x96, 0x4A, 0x96, 0x46, 0x95, 0x4A, 0x96, 0x46, 0xB7, 0x4A, 0xB8, 0x4A, 0xF9, 0x52, 0xFB, 0x52, 
    0x3C, 0x5B, 0x5D, 0x5B, 0x7E, 0x63, 0x7E, 0x63, 0x9E, 0x67, 0x9F, 0x67, 0x9E, 0x67, 0x5E, 0x5F, 
    0x5C, 0x5F, 0x1C, 0x5B, 0x1A, 0x5B, 0xF9, 0x56, 0xF7, 0x56, 0xF8, 0x56, 0x19, 0x5B, 0x1A, 0x5B, 
    0x3A, 0x5F, 0x1A, 0x5B, 0x19, 0x5B, 0xF9, 0x56, 0xF8, 0x56, 0xB7, 0x52, 0xB5, 0x4E, 0x93, 0x4A, 
    0x70, 0x46, 0x50, 0x42, 0x70, 0x46, 0x72, 0x4A, 0xB2, 0x4E, 0x93, 0x4A, 0x51, 0x4A, 0x10, 0x42, 
    0x50, 0x4A, 0xAD, 0x39, 0x69, 0x31, 0x6A, 0x31, 0xC4, 0x1C, 0x83, 0x14, 0x06, 0x25, 0xC5, 0x1C, 
    0x62, 0x10, 0x84, 0x14, 0x27, 0x2D, 0x8A, 0x3D, 0x68, 0x39, 0x69, 0x35, 0xA9, 0x3D, 0x69, 0x35, 
    0x48, 0x2D, 0x6A, 0x31, 0x48, 0x2D, 0x08, 0x25, 0xE6, 0x1C, 0x08, 0x25, 0xC5, 0x1C, 0xE7, 0x20, 
    0x07, 0x25, 0xCD, 0x3D, 0x50, 0x4A, 0xEF, 0x41, 0xCC, 0x41, 0xCD, 0x41, 0xCB, 0x41, 0x49, 0x31, 
    0x27, 0x29, 0x28, 0x29, 0x48, 0x31, 0x8B, 0x35, 0xAB, 0x3D, 0x49, 0x31, 0x27, 0x29, 0x08, 0x29, 
    0x49, 0x31, 0x6A, 0x31, 0xED, 0x41, 0x8C, 0x39, 0x69, 0x31, 0x6A, 0x35, 0xAB, 0x3D, 0xAC, 0x3D, 
    0x48, 0x31, 0x6A, 0x31, 0xAB, 0x39, 0xCE, 0x3D, 0x93, 0x56, 0xB5, 0x5A, 0x38, 0x6B, 0x39, 0x6B, 
    0x51, 0x52, 0x8C, 0x3D, 0xEE, 0x49, 0x73, 0x56, 0xD5, 0x62, 0x19, 0x67, 0xF6, 0x5E, 0x32, 0x4A, 
    0x5A, 0x6F, 0x94, 0x5A, 0xF5, 0x62, 0x7B, 0x6F, 0xB4, 0x56, 0x4B, 0x2D, 0xCE, 0x3D, 0x52, 0x4E, 
    0x72, 0x56, 0x8B, 0x35, 0xB6, 0x56, 0xD9, 0x52, 0xD9, 0x56, 0xDA, 0x56, 0xFA, 0x5A, 0xFA, 0x56, 
    0xD9, 0x52, 0xB8, 0x4E, 0xB7, 0x4E, 0x97, 0x4A, 0x96, 0x4A, 0x75, 0x46, 0x74, 0x46, 0x54, 0x42, 
    0x73, 0x46, 0x74, 0x46, 0x73, 0x46, 0x73, 0x46, 0x52, 0x46, 0x31, 0x3E, 0x2F, 0x42, 0x0E, 0x3A, 
    0x0D, 0x3A, 0xEE, 0x39, 0x2F, 0x42, 0x30, 0x42, 0x51, 0x42, 0x52, 0x42, 0x70, 0x46, 0x4F, 0x46, 
    0x6E, 0x46, 0x6F, 0x4A, 0x90, 0x4E, 0xB2, 0x52, 0xF4, 0x56, 0xF5, 0x5A, 0x15, 0x5F, 0xF6, 0x5E, 
    0x16, 0x5F, 0x17, 0x5F, 0x18, 0x5F, 0x19, 0x5F, 0x19, 0x5F, 0xFA, 0x5A, 0xF9, 0x5A, 0xD8, 0x56, 
    0xD7, 0x56, 0xB7, 0x52, 0xB6, 0x4E, 0x96, 0x4A, 0x95, 0x4A, 0x75, 0x46, 0x74, 0x46, 0x75, 0x46, 
    0x74, 0x46, 0x32, 0x3E, 0x31, 0x42, 0x31, 0x3E, 0x31, 0x3E, 0x31, 0x3E, 0x31, 0x3E, 0x32, 0x3E, 
    0x31, 0x3E, 0xF0, 0x39, 0xEE, 0x35, 0xCD, 0x31, 0xCC, 0x35, 0xCD, 0x31, 0xCC, 0x35, 0xCD, 0x31, 
    0xCC, 0x35, 0xCD, 0x35, 0xED, 0x39, 0xEE, 0x39, 0xEE, 0x39, 0xEE, 0x39, 0x0E, 0x3E, 0xEF, 0x39, 
    0xEE, 0x39, 0xEF, 0x39, 0x0F, 0x3E, 0x10, 0x3E, 0x30, 0x3E, 0x10, 0x3E, 0x30, 0x42, 0x53, 0x46, 
    0x94, 0x4A, 0xB7, 0x4E, 0xD7, 0x52, 0xB7, 0x4E, 0x94, 0x4E, 0x73, 0x4A, 0x72, 0x4A, 0x52, 0x46, 
    0xB9, 0x4E, 0xDA, 0x52, 0xDB, 0x52, 0xFB, 0x5A, 0x1D, 0x5B, 0x1C, 0x5B, 0xFC, 0x56, 0xDA, 0x56, 
    0x97, 0x4A, 0x75, 0x46, 0x76, 0x4A, 0xB8, 0x4E, 0x98, 0x4A, 0x96, 0x4E, 0x95, 0x4A, 0xD8, 0x52, 
    0xDB, 0x52, 0x1C, 0x5B, 0x5F, 0x5F, 0x9F, 0x67, 0x7F, 0x63, 0x5E, 0x5F, 0x1E, 0x5B, 0xFC, 0x56, 
    0xDC, 0x52, 0xFB, 0x56, 0xDC, 0x52, 0xFB, 0x56, 0x1D, 0x5B, 0x5E, 0x63, 0x5F, 0x63, 0x7E, 0x63, 
    0x1D, 0x57, 0xFB, 0x56, 0xDB, 0x52, 0x1B, 0x57, 0x3D, 0x5F, 0x5E, 0x63, 0x5E, 0x5F, 0x7E, 0x63, 
    0x7F, 0x63, 0x5E, 0x63, 0x3E, 0x5F, 0x3D, 0x5B, 0xFC, 0x56, 0xFA, 0x56, 0xBA, 0x4E, 0xB8, 0x4E, 
    0x97, 0x4A, 0x96, 0x4A, 0x97, 0x4A, 0xB7, 0x4A, 0xB8, 0x4A, 0xD9, 0x52, 0xDA, 0x52, 0x1B, 0x57, 
    0x1D, 0x57, 0x5D, 0x5F, 0x5E, 0x5F, 0x7E, 0x63, 0x7F, 0x67, 0x9E, 0x67, 0x7F, 0x67, 0x7E, 0x63, 
    0x3D, 0x5F, 0x3C, 0x5F, 0x1B, 0x57, 0x19, 0x5B, 0xF8, 0x56, 0x18, 0x5B, 0xFA, 0x5A, 0x1A, 0x5F, 
    0x1B, 0x5F, 0x1A, 0x5F, 0xFB, 0x5A, 0xF9, 0x5A, 0xD9, 0x56, 0xD7, 0x52, 0x96, 0x4E, 0x92, 0x4A, 
    0x51, 0x46, 0x71, 0x4A, 0x72, 0x4A, 0x93, 0x4E, 0x95, 0x4E, 0x94, 0x52, 0x73, 0x4A, 0x30, 0x4A, 
    0x10, 0x46, 0xCE, 0x41, 0x49, 0x2D, 0x28, 0x2D, 0x84, 0x18, 0xA3, 0x18, 0xE7, 0x20, 0xA4, 0x1C, 
    0x42, 0x10, 0xA5, 0x1C, 0x69, 0x35, 0xAA, 0x3D, 0x48, 0x31, 0x89, 0x3D, 0xEC, 0x49, 0xCC, 0x45, 
    0x4A, 0x31, 0x28, 0x29, 0xC6, 0x20, 0x07, 0x25, 0x09, 0x25, 0x6A, 0x2D, 0x08, 0x25, 0xC6, 0x1C, 
    0xE7, 0x20, 0x8B, 0x35, 0xEF, 0x41, 0xEE, 0x41, 0xAD, 0x41, 0x4F, 0x52, 0xED, 0x45, 0x69, 0x35, 
    0x49, 0x31, 0x48, 0x31, 0x29, 0x2D, 0x8B, 0x39, 0x6B, 0x35, 0x07, 0x29, 0xE7, 0x24, 0x07, 0x29, 
    0x08, 0x29, 0x28, 0x31, 0x8B, 0x39, 0xAB, 0x3D, 0x8C, 0x3D, 0xAB, 0x41, 0x6B, 0x39, 0xAB, 0x41, 
    0x8B, 0x3D, 0x8A, 0x39, 0x4A, 0x31, 0x10, 0x4A, 0x74, 0x56, 0xD6, 0x62, 0xF7, 0x62, 0x59, 0x6F, 
    0x18, 0x6B, 0x30, 0x52, 0xEF, 0x49, 0x72, 0x5A, 0x73, 0x56, 0x38, 0x6B, 0x5A, 0x6F, 0x0F, 0x4A, 
    0xAD, 0x3D, 0x0F, 0x4E, 0xB6, 0x5E, 0x9B, 0x73, 0x7C, 0x73, 0x10, 0x46, 0x4C, 0x31, 0x10, 0x46, 
    0x53, 0x52, 0x8A, 0x39, 0x96, 0x56, 0xB7, 0x56, 0xB9, 0x52, 0xD9, 0x56, 0xDB, 0x56, 0xFB, 0x5A, 
    0xDA, 0x56, 0xD8, 0x52, 0x98, 0x4E, 0x96, 0x4A, 0x76, 0x46, 0x75, 0x46, 0x55, 0x46, 0x75, 0x46, 
    0x75, 0x46, 0x74, 0x4A, 0x75, 0x46, 0x74, 0x4A, 0x54, 0x46, 0x52, 0x42, 0x30, 0x42, 0x0E, 0x3E, 
    0xEE, 0x39, 0x0E, 0x3E, 0x0F, 0x3E, 0x2F, 0x42, 0x31, 0x42, 0x50, 0x46, 0x30, 0x42, 0x4F, 0x46, 
    0x4F, 0x46, 0x6F, 0x4A, 0x71, 0x4E, 0xB2, 0x52, 0xD4, 0x56, 0xF5, 0x5A, 0xF6, 0x5A, 0xF5, 0x5E, 
    0xF6, 0x5E, 0x17, 0x63, 0x18, 0x5F, 0x19, 0x5F, 0xFA, 0x5E, 0x19, 0x5F, 0xFA, 0x5A, 0xD8, 0x5A, 
    0xB8, 0x52, 0xB7, 0x52, 0x96, 0x4A, 0x95, 0x4A, 0x75, 0x46, 0x74, 0x46, 0x54, 0x42, 0x53, 0x46, 
    0x32, 0x42, 0x31, 0x42, 0x31, 0x3E, 0x31, 0x42, 0x32, 0x42, 0x52, 0x42, 0x33, 0x42, 0x32, 0x42, 
    0x11, 0x3E, 0x10, 0x3E, 0xCF, 0x35, 0xCD, 0x35, 0xAD, 0x35, 0xCD, 0x35, 0xAD, 0x35, 0xCC, 0x35, 
    0xAD, 0x35, 0xCC, 0x39, 0xCE, 0x39, 0xEE, 0x3D, 0xEF, 0x39, 0x0F, 0x3E, 0x10, 0x3E, 0x10, 0x3E, 
    0xEF, 0x39, 0xEF, 0x3D, 0x10, 0x3E, 0x10, 0x42, 0x10, 0x3E, 0x10, 0x42, 0x31, 0x42, 0x52, 0x46, 
    0x76, 0x4A, 0xB7, 0x52, 0xB8, 0x52, 0xB6, 0x52, 0x74, 0x4A, 0x72, 0x4A, 0x52, 0x46, 0x52, 0x4A, 
    0xB8, 0x4E, 0xBA, 0x4E, 0xFA, 0x56, 0xFC, 0x56, 0x1C, 0x5B, 0x1D, 0x5B, 0xFB, 0x56, 0xB9, 0x4E, 
    0x96, 0x4A, 0x74, 0x46, 0x74, 0x46, 0x96, 0x4A, 0x96, 0x4A, 0x97, 0x4A, 0x95, 0x4A, 0xD8, 0x4E, 
    0xFA, 0x56, 0xFC, 0x56, 0x7E, 0x63, 0x9F, 0x67, 0x9F, 0x67, 0x7F, 0x63, 0x5D, 0x5F, 0xFC, 0x56, 
    0xFB, 0x56, 0xDB, 0x52, 0xFB, 0x56, 0xFB, 0x52, 0x1C, 0x57, 0x5E, 0x5B, 0x7E, 0x63, 0x5E, 0x5F, 
    0x1C, 0x5B, 0xFB, 0x52, 0xFA, 0x52, 0x1C, 0x57, 0x5D, 0x5F, 0x5E, 0x5F, 0x7E, 0x63, 0x7F, 0x63, 
    0x9E, 0x63, 0x5E, 0x5F, 0x5D, 0x5F, 0x3D, 0x5B, 0x1C, 0x5B, 0xFB, 0x56, 0xFA, 0x52, 0xB9, 0x4E, 
    0xD8, 0x4E, 0xB8, 0x4E, 0xB7, 0x4E, 0xB8, 0x4A, 0xD8, 0x4E, 0xDA, 0x52, 0xFA, 0x56, 0xFC, 0x56, 
    0x3C, 0x5B, 0x3E, 0x5B, 0x7E, 0x63, 0x7E, 0x63, 0x9E, 0x67, 0x7F, 0x67, 0x9E, 0x67, 0x7E, 0x63, 
    0x5D, 0x5F, 0x3C, 0x5B, 0x1B, 0x5B, 0xF9, 0x56, 0xF8, 0x5A, 0xF9, 0x5A, 0x19, 0x5B, 0x1A, 0x5B, 
    0x3A, 0x5F, 0x1B, 0x5B, 0x1A, 0x5B, 0xFA, 0x5A, 0xF9, 0x56, 0xB8, 0x52, 0xB6, 0x4E, 0x73, 0x4A, 
    0x91, 0x4A, 0x72, 0x4A, 0x93, 0x4E, 0x94, 0x4E, 0xB4, 0x52, 0x95, 0x4E, 0x73, 0x4A, 0x31, 0x46, 
    0x0F, 0x46, 0xAD, 0x39, 0x27, 0x29, 0xC6, 0x20, 0x83, 0x18, 0x83, 0x14, 0xC5, 0x1C, 0x84, 0x14, 
    0x41, 0x0C, 0x07, 0x25, 0x69, 0x35, 0x8A, 0x39, 0x48, 0x31, 0x8A, 0x3D, 0x2D, 0x52, 0xCD, 0x41, 
    0x48, 0x2D, 0xC6, 0x1C, 0xE6, 0x24, 0xE7, 0x20, 0xC6, 0x1C, 0x08, 0x21, 0x28, 0x29, 0xC7, 0x1C, 
    0xC5, 0x1C, 0x2A, 0x29, 0xAD, 0x39, 0x6B, 0x35, 0xED, 0x45, 0x71, 0x56, 0x0E, 0x4A, 0x8B, 0x39, 
    0x8A, 0x39, 0x49, 0x2D, 0x48, 0x2D, 0x4A, 0x2D, 0x28, 0x2D, 0xE7, 0x24, 0x07, 0x29, 0x08, 0x29, 
    0x07, 0x29, 0x29, 0x2D, 0x48, 0x31, 0x6B, 0x35, 0xEE, 0x49, 0xEE, 0x45, 0xCC, 0x45, 0xCD, 0x45, 
    0x0F, 0x4E, 0x10, 0x4A, 0x0F, 0x4A, 0x11, 0x4A, 0x72, 0x52, 0xB5, 0x5A, 0xB5, 0x5E, 0x73, 0x52, 
    0x72, 0x56, 0x52, 0x52, 0xEE, 0x49, 0x52, 0x56, 0x92, 0x5A, 0x18, 0x67, 0xF7, 0x66, 0xEF, 0x49, 
    0x28, 0x31, 0xEE, 0x45, 0xF6, 0x66, 0xD7, 0x62, 0x39, 0x6B, 0xF7, 0x62, 0x8C, 0x35, 0x11, 0x46, 
    0x51, 0x4E, 0xEF, 0x45, 0x72, 0x52, 0xB7, 0x52, 0xB7, 0x52, 0xD9, 0x56, 0xFA, 0x5A, 0xFB, 0x56, 
    0xFA, 0x56, 0xD9, 0x52, 0xB7, 0x4E, 0x97, 0x46, 0x96, 0x46, 0x76, 0x46, 0x75, 0x46, 0x75, 0x46, 
    0x95, 0x4A, 0x75, 0x46, 0x75, 0x4A, 0x75, 0x46, 0x74, 0x4A, 0x53, 0x46, 0x50, 0x42, 0x2F, 0x3E, 
    0x0E, 0x3E, 0xEE, 0x39, 0x0E, 0x3E, 0x10, 0x3E, 0x2F, 0x42, 0x30, 0x42, 0x4F, 0x42, 0x2F, 0x42, 
    0x4E, 0x46, 0x4F, 0x46, 0x70, 0x4E, 0x92, 0x4E, 0xB2, 0x56, 0xD4, 0x56, 0xF4, 0x5E, 0xF6, 0x5A, 
    0x16, 0x5F, 0x17, 0x5F, 0x18, 0x63, 0xF9, 0x5A, 0x19, 0x5F, 0xFA, 0x5A, 0xF9, 0x5A, 0xD8, 0x56, 
    0xD7, 0x52, 0x97, 0x4E, 0x95, 0x4A, 0x74, 0x46, 0x73, 0x46, 0x53, 0x42, 0x52, 0x42, 0x32, 0x3E, 
    0x51, 0x42, 0x31, 0x3E, 0x31, 0x42, 0x52, 0x42, 0x53, 0x46, 0x53, 0x42, 0x52, 0x42, 0x32, 0x3E, 
    0x31, 0x3E, 0x11, 0x3A, 0x0F, 0x3A, 0xCE, 0x35, 0xCC, 0x35, 0xAD, 0x35, 0xCC, 0x35, 0xAD, 0x35, 
    0xCC, 0x39, 0xCD, 0x39, 0xED, 0x3D, 0xEF, 0x3D, 0x0F, 0x3E, 0x11, 0x3E, 0x31, 0x42, 0x11, 0x3E, 
    0x10, 0x3E, 0xF0, 0x39, 0x10, 0x3E, 0x11, 0x3E, 0x30, 0x42, 0x10, 0x3E, 0x30, 0x42, 0x53, 0x46, 
    0x95, 0x4A, 0xB7, 0x4E, 0xB7, 0x52, 0x96, 0x4E, 0x73, 0x4A, 0x52, 0x46, 0x52, 0x4A, 0x53, 0x46, 
    0x98, 0x4A, 0xD9, 0x52, 0xDB, 0x52, 0xFC, 0x5A, 0xFD, 0x5A, 0x1C, 0x5B, 0xDB, 0x56, 0xB8, 0x52, 
    0x76, 0x46, 0x74, 0x46, 0x54, 0x46, 0x74, 0x4A, 0x76, 0x4A, 0x96, 0x4A, 0x96, 0x4A, 0xD8, 0x52, 
    0xDB, 0x56, 0xFB, 0x56, 0x5E, 0x5F, 0x9F, 0x6B, 0x9F, 0x6B, 0x9F, 0x6B, 0x3E, 0x5F, 0x1D, 0x5B, 
    0xDC, 0x56, 0xDB, 0x56, 0xDB, 0x52, 0xDA, 0x52, 0xFC, 0x52, 0x3D, 0x5F, 0x5F, 0x5F, 0x5E, 0x5F, 
    0xFD, 0x56, 0xFB, 0x52, 0xDB, 0x52, 0x1C, 0x5B, 0x3E, 0x5F, 0x7E, 0x63, 0x7F, 0x63, 0x9F, 0x67, 
    0x7F, 0x63, 0x5E, 0x63, 0x3E, 0x5F, 0x3D, 0x5F, 0x1D, 0x5B, 0xFB, 0x5A, 0xDB, 0x52, 0xD9, 0x52, 
    0xBA, 0x52, 0xD9, 0x52, 0xB9, 0x4E, 0xD9, 0x52, 0xDA, 0x52, 0xFA, 0x56, 0xFC, 0x56, 0x1C, 0x5B, 
    0x1D, 0x5B, 0x3D, 0x5F, 0x5E, 0x5F, 0x7E, 0x63, 0x7F, 0x63, 0x9E, 0x67, 0x7F, 0x67, 0x7E, 0x67, 
    0x3E, 0x5F, 0x3C, 0x5F, 0x1B, 0x5B, 0x19, 0x5B, 0xF9, 0x5A, 0x18, 0x5B, 0xF9, 0x5A, 0x1A, 0x5F, 
    0x1B, 0x5B, 0x1B, 0x5F, 0xFB, 0x5A, 0xFA, 0x5A, 0xDA, 0x56, 0xD8, 0x56, 0x97, 0x4E, 0x94, 0x4E, 
    0x93, 0x4A, 0x93, 0x4E, 0x95, 0x4E, 0xB5, 0x52, 0x96, 0x52, 0x95, 0x52, 0x54, 0x4A, 0x10, 0x42, 
    0xCE, 0x3D, 0x6A, 0x35, 0xE7, 0x24, 0xA5, 0x1C, 0x63, 0x14, 0x63, 0x14, 0x64, 0x14, 0x62, 0x14, 
    0x84, 0x18, 0x6A, 0x35, 0x49, 0x31, 0x8A, 0x39, 0x6A, 0x39, 0xCB, 0x45, 0xED, 0x4D, 0x8A, 0x39, 
    0xE7, 0x24, 0x07, 0x25, 0x29, 0x29, 0xE7, 0x24, 0xA6, 0x18, 0xC7, 0x20, 0xC7, 0x20, 0xC6, 0x1C, 
    0x85, 0x18, 0x29, 0x2D, 0x6C, 0x35, 0x6A, 0x31, 0xCD, 0x41, 0x2F, 0x52, 0x0F, 0x4E, 0xCD, 0x45, 
    0xAD, 0x3D, 0x49, 0x31, 0x08, 0x25, 0x28, 0x29, 0x09, 0x29, 0x08, 0x2D, 0x09, 0x29, 0x28, 0x2D, 
    0x09, 0x29, 0x28, 0x2D, 0x4A, 0x35, 0xEF, 0x49, 0x52, 0x56, 0xB4, 0x62, 0x31, 0x52, 0x72, 0x56, 
    0x53, 0x56, 0x93, 0x5A, 0xB5, 0x5E, 0x52, 0x52, 0x11, 0x4A, 0xB5, 0x5E, 0x53, 0x56, 0xD6, 0x62, 
    0xF8, 0x66, 0xF6, 0x6A, 0x94, 0x62, 0x71, 0x5A, 0x52, 0x56, 0xB5, 0x5E, 0xF8, 0x66, 0x52, 0x56, 
    0x31, 0x52, 0xAC, 0x3D, 0xD6, 0x5E, 0xF7, 0x66, 0xF8, 0x66, 0x17, 0x6B, 0xD0, 0x45, 0x10, 0x4A, 
    0x32, 0x4E, 0x31, 0x4E, 0x11, 0x4A, 0x95, 0x52, 0x98, 0x52, 0xD9, 0x56, 0xDA, 0x56, 0xFA, 0x5A, 
    0xDB, 0x56, 0xD9, 0x56, 0xB9, 0x4E, 0x97, 0x4A, 0x76, 0x46, 0x76, 0x4A, 0x76, 0x46, 0x76, 0x4A, 
    0x76, 0x4A, 0x76, 0x4A, 0x76, 0x4A, 0x75, 0x4A, 0x76, 0x4A, 0x74, 0x4A, 0x53, 0x46, 0x50, 0x46, 
    0x0F, 0x3E, 0x0E, 0x3E, 0xEF, 0x3D, 0x0F, 0x42, 0x10, 0x42, 0x2F, 0x42, 0x0F, 0x3E, 0x2E, 0x42, 
    0x2F, 0x42, 0x4F, 0x46, 0x50, 0x46, 0x70, 0x4E, 0x91, 0x4E, 0xD2, 0x56, 0xD5, 0x5A, 0xF5, 0x5E, 
    0xF6, 0x5E, 0x17, 0x63, 0xF8, 0x5E, 0xF8, 0x5E, 0xF9, 0x5A, 0xF9, 0x5A, 0xD9, 0x56, 0xD8, 0x56, 
    0x97, 0x4E, 0x96, 0x4E, 0x75, 0x4A, 0x74, 0x46, 0x54, 0x42, 0x52, 0x42, 0x33, 0x42, 0x32, 0x42, 
    0x32, 0x42, 0x32, 0x42, 0x32, 0x42, 0x53, 0x46, 0x54, 0x46, 0x53, 0x46, 0x33, 0x42, 0x32, 0x42, 
    0x32, 0x42, 0x31, 0x42, 0xF1, 0x3D, 0xEF, 0x39, 0xCE, 0x35, 0xCD, 0x39, 0xAD, 0x35, 0xCC, 0x39, 
    0xCD, 0x39, 0xED, 0x3D, 0xEE, 0x3D, 0x0F, 0x42, 0x11, 0x42, 0x52, 0x46, 0x54, 0x46, 0x52, 0x46, 
    0x11, 0x3E, 0x10, 0x3E, 0x10, 0x3E, 0x10, 0x42, 0x11, 0x3E, 0x30, 0x42, 0x31, 0x42, 0x52, 0x46, 
    0x55, 0x4A, 0x97, 0x52, 0x98, 0x52, 0x95, 0x4E, 0x53, 0x46, 0x52, 0x46, 0x33, 0x46, 0x53, 0x4A, 
    0x96, 0x4A, 0xB8, 0x4A, 0xF9, 0x52, 0xFB, 0x56, 0x1B, 0x57, 0xFC, 0x56, 0xFA, 0x56, 0x96, 0x4A, 
    0x94, 0x4A, 0x75, 0x46, 0x73, 0x46, 0x73, 0x46, 0x94, 0x4A, 0x95, 0x4A, 0x95, 0x4A, 0xB7, 0x4E, 
    0xFA, 0x52, 0xFB, 0x52, 0x5D, 0x5B, 0x9F, 0x67, 0xBF, 0x6F, 0xBF, 0x6B, 0x7E, 0x63, 0x3D, 0x5B, 
    0x1C, 0x57, 0xDB, 0x52, 0xFA, 0x52, 0xDA, 0x4E, 0xFA, 0x52, 0x3D, 0x57, 0x5D, 0x5F, 0x3E, 0x5B, 
    0x1C, 0x57, 0xFB, 0x4E, 0xFB, 0x52, 0x1C, 0x57, 0x7D, 0x5F, 0x7E, 0x5F, 0x9E, 0x67, 0x9F, 0x67, 
    0x9E, 0x67, 0x5E, 0x5F, 0x5D, 0x5F, 0x3D, 0x5B, 0x3C, 0x5B, 0x1C, 0x57, 0xFA, 0x56, 0xDA, 0x52, 
    0xF9, 0x52, 0xDA, 0x52, 0xD9, 0x52, 0xD9, 0x52, 0xFA, 0x56, 0xFB, 0x56, 0x1B, 0x5B, 0x1C, 0x57, 
    0x3C, 0x5B, 0x3D, 0x5B, 0x7D, 0x5F, 0x7E, 0x5F, 0x9E, 0x63, 0x7E, 0x63, 0x9E, 0x67, 0x7E, 0x63, 
    0x5D, 0x5F, 0x3C, 0x5B, 0x1A, 0x5B, 0xF9, 0x56, 0x18, 0x5B, 0xF8, 0x5A, 0x18, 0x5B, 0x19, 0x5B, 
    0x19, 0x5B, 0x1B, 0x5B, 0x1A, 0x5B, 0xFA, 0x56, 0xF9, 0x56, 0xB8, 0x52, 0xB6, 0x4E, 0x95, 0x4A, 
    0xB3, 0x4E, 0xB4, 0x4E, 0xD5, 0x52, 0xB6, 0x52, 0xB5, 0x52, 0x95, 0x4E, 0x73, 0x4A, 0xEF, 0x3D, 
    0x8B, 0x35, 0x6A, 0x31, 0x06, 0x25, 0xA4, 0x18, 0x83, 0x14, 0x63, 0x10, 0x62, 0x10, 0x62, 0x10, 
    0x27, 0x29, 0x8B, 0x39, 0x69, 0x31, 0xAB, 0x39, 0xCB, 0x41, 0x0D, 0x4A, 0x0D, 0x4E, 0x49, 0x2D, 
    0x07, 0x25, 0x29, 0x29, 0x6A, 0x31, 0xE7, 0x20, 0xE6, 0x1C, 0xC6, 0x1C, 0xC6, 0x1C, 0xA5, 0x14, 
    0xC5, 0x1C, 0x08, 0x25, 0x49, 0x2D, 0x6B, 0x31, 0x8B, 0x39, 0xCD, 0x41, 0x2F, 0x4E, 0xEE, 0x41, 
    0xCC, 0x3D, 0x08, 0x29, 0x27, 0x25, 0x28, 0x29, 0x49, 0x2D, 0x49, 0x2D, 0x49, 0x2D, 0x28, 0x29, 
    0x28, 0x29, 0x8B, 0x35, 0xEF, 0x45, 0xB5, 0x5E, 0xD4, 0x5E, 0xB4, 0x5E, 0xF5, 0x62, 0xF6, 0x62, 
    0x16, 0x67, 0x51, 0x4E, 0x30, 0x4A, 0x52, 0x4E, 0xAB, 0x39, 0x4A, 0x2D, 0x49, 0x31, 0x10, 0x46, 
    0x59, 0x6F, 0xB4, 0x5E, 0xED, 0x45, 0xAC, 0x41, 0x2E, 0x52, 0x72, 0x56, 0xD5, 0x62, 0xB5, 0x5E, 
    0xF6, 0x62, 0xD5, 0x5E, 0xEE, 0x45, 0x39, 0x6B, 0xF5, 0x62, 0x37, 0x6B, 0x71, 0x56, 0xCE, 0x3D, 
    0x0F, 0x46, 0x52, 0x4E, 0x93, 0x56, 0x74, 0x4E, 0xB7, 0x52, 0xB8, 0x52, 0xD9, 0x56, 0xDA, 0x56, 
    0xFA, 0x5A, 0xDA, 0x52, 0xD8, 0x52, 0x97, 0x4A, 0x96, 0x4A, 0x76, 0x46, 0x95, 0x46, 0x96, 0x46, 
    0x96, 0x4A, 0x76, 0x4A, 0x95, 0x4A, 0x76, 0x4A, 0x95, 0x4A, 0x75, 0x46, 0x73, 0x46, 0x51, 0x42, 
    0x4F, 0x42, 0x0F, 0x3E, 0x0E, 0x3E, 0x0E, 0x3E, 0x2E, 0x42, 0x0F, 0x3E, 0x2E, 0x42, 0x2E, 0x3E, 
    0x2E, 0x42, 0x2E, 0x42, 0x4E, 0x46, 0x4F, 0x46, 0x8F, 0x4E, 0x91, 0x52, 0xD3, 0x56, 0xD5, 0x5A, 
    0x15, 0x5F, 0xF7, 0x5E, 0x16, 0x5F, 0xF8, 0x5A, 0xF8, 0x5A, 0xD8, 0x56, 0xD7, 0x56, 0xB7, 0x4E, 
    0xB5, 0x4E, 0x74, 0x4A, 0x74, 0x46, 0x53, 0x42, 0x52, 0x42, 0x53, 0x42, 0x52, 0x42, 0x32, 0x3E, 
    0x52, 0x42, 0x52, 0x42, 0x52, 0x46, 0x54, 0x46, 0x73, 0x46, 0x54, 0x42, 0x53, 0x46, 0x53, 0x42, 
    0x52, 0x42, 0x32, 0x3E, 0x31, 0x3E, 0xEF, 0x39, 0xEE, 0x39, 0xCE, 0x35, 0xCD, 0x39, 0xCD, 0x35, 
    0xED, 0x39, 0xEE, 0x39, 0x0E, 0x42, 0x32, 0x42, 0x73, 0x46, 0x54, 0x46, 0x74, 0x4A, 0x74, 0x46, 
    0x52, 0x42, 0x31, 0x3E, 0x30, 0x3E, 0x11, 0x3E, 0x30, 0x3E, 0x31, 0x42, 0x51, 0x42, 0x52, 0x42, 
    0x73, 0x46, 0x96, 0x4A, 0x96, 0x4E, 0x75, 0x46, 0x52, 0x46, 0x52, 0x42, 0x52, 0x46, 0x53, 0x46, 
    0x74, 0x46, 0xB6, 0x4A, 0xB9, 0x4E, 0xFA, 0x52, 0xDB, 0x52, 0xFA, 0x56, 0xB9, 0x52, 0x95, 0x4A, 
    0x74, 0x46, 0x74, 0x4A, 0x54, 0x46, 0x73, 0x4A, 0x74, 0x4A, 0x94, 0x4A, 0x95, 0x4A, 0xB7, 0x4E, 
    0xBA, 0x52, 0xFA, 0x52, 0x3C, 0x5B, 0x9E, 0x67, 0xBF, 0x6F, 0xBF, 0x73, 0x9F, 0x6B, 0x5E, 0x5F, 
    0x1D, 0x57, 0xFB, 0x56, 0xDB, 0x52, 0xD9, 0x4E, 0xDA, 0x4E, 0x1C, 0x57, 0x3E, 0x5B, 0x3D, 0x5F, 
    0xFD, 0x56, 0xFB, 0x52, 0xDB, 0x52, 0x1C, 0x5B, 0x5E, 0x5F, 0x7E, 0x63, 0x9F, 0x67, 0x9F, 0x6B, 
    0x7F, 0x67, 0x7E, 0x63, 0x3E, 0x5F, 0x3D, 0x5F, 0x1D, 0x5B, 0x1C, 0x5B, 0xFB, 0x56, 0xFA, 0x56, 
    0xFB, 0x56, 0xFA, 0x56, 0xDA, 0x52, 0xFA, 0x56, 0xFB, 0x56, 0x1B, 0x5B, 0x1C, 0x5B, 0x1C, 0x5B, 
    0x1D, 0x5B, 0x3D, 0x5F, 0x3E, 0x5F, 0x7E, 0x63, 0x7E, 0x63, 0x7E, 0x67, 0x7E, 0x63, 0x7D, 0x63, 
    0x3D, 0x5F, 0x3C, 0x5F, 0x1B, 0x5B, 0x19, 0x5B, 0xF8, 0x56, 0xF7, 0x5A, 0xF8, 0x5A, 0x19, 0x5B, 
    0xFA, 0x5A, 0x1A, 0x5F, 0xFB, 0x5A, 0xFA, 0x5A, 0xDA, 0x56, 0xD8, 0x52, 0x97, 0x4E, 0xB5, 0x4E, 
    0xB4, 0x4E, 0xB4, 0x52, 0xB5, 0x52, 0xB6, 0x52, 0xB6, 0x4E, 0xB5, 0x4E, 0x54, 0x4A, 0xCD, 0x39, 
    0x4A, 0x2D, 0x49, 0x31, 0x29, 0x2D, 0xA4, 0x1C, 0x63, 0x10, 0x83, 0x14, 0x63, 0x10, 0xA3, 0x18, 
    0x6A, 0x31, 0x8B, 0x39, 0x49, 0x31, 0xEC, 0x45, 0xEE, 0x49, 0x0E, 0x4E, 0xCD, 0x41, 0x49, 0x31, 
    0x4A, 0x2D, 0x8B, 0x35, 0x4A, 0x2D, 0x07, 0x25, 0xC7, 0x1C, 0xC6, 0x1C, 0xC7, 0x1C, 0xC6, 0x1C, 
    0xE8, 0x20, 0x28, 0x29, 0x2A, 0x2D, 0x6A, 0x31, 0x6B, 0x35, 0xED, 0x45, 0x0F, 0x4A, 0x0F, 0x4A, 
    0x6B, 0x35, 0x28, 0x2D, 0x29, 0x2D, 0x49, 0x2D, 0x4A, 0x2D, 0x6A, 0x35, 0x4A, 0x31, 0x49, 0x2D, 
    0x4A, 0x31, 0x10, 0x4E, 0x95, 0x5E, 0x39, 0x6F, 0x18, 0x67, 0x17, 0x67, 0x18, 0x6B, 0xF6, 0x66, 
    0xD6, 0x62, 0xAC, 0x3D, 0x32, 0x4E, 0x17, 0x67, 0xF8, 0x62, 0xCD, 0x41, 0x08, 0x2D, 0x6A, 0x35, 
    0x31, 0x4E, 0x30, 0x4E, 0x4A, 0x39, 0x0E, 0x4E, 0x51, 0x56, 0xD4, 0x62, 0x18, 0x6B, 0x18, 0x6B, 
    0x39, 0x6B, 0x7A, 0x77, 0x95, 0x5A, 0xB5, 0x5E, 0xB5, 0x5E, 0xB3, 0x62, 0xD3, 0x62, 0xEE, 0x45, 
    0x11, 0x4A, 0xCE, 0x3D, 0x95, 0x5A, 0xB5, 0x5A, 0x97, 0x52, 0xD8, 0x56, 0xDA, 0x56, 0xFA, 0x5A, 
    0xFB, 0x56, 0xFA, 0x56, 0xB9, 0x52, 0xB7, 0x4E, 0x97, 0x4A, 0x97, 0x4A, 0x97, 0x4A, 0x97, 0x4E, 
    0x97, 0x4A, 0x96, 0x4E, 0x76, 0x4A, 0x96, 0x4E, 0x76, 0x4A, 0x95, 0x4A, 0x75, 0x46, 0x72, 0x46, 
    0x31, 0x42, 0x2F, 0x42, 0x0F, 0x3E, 0x2E, 0x3E, 0x0F, 0x3E, 0x2F, 0x42, 0x0F, 0x3E, 0x2E, 0x42, 
    0x2F, 0x3E, 0x2E, 0x42, 0x2F, 0x42, 0x4E, 0x46, 0x4F, 0x46, 0x91, 0x4E, 0xB3, 0x52, 0xD4, 0x5A, 
    0xD6, 0x5A, 0xF6, 0x5E, 0xF7, 0x5A, 0xF7, 0x5A, 0xD8, 0x56, 0xD7, 0x5A, 0xB7, 0x52, 0xB6, 0x4E, 
    0x75, 0x4A, 0x74, 0x4A, 0x54, 0x46, 0x73, 0x46, 0x54, 0x42, 0x53, 0x46, 0x53, 0x42, 0x53, 0x42, 
    0x32, 0x42, 0x52, 0x46, 0x54, 0x46, 0x74, 0x46, 0x55, 0x46, 0x54, 0x46, 0x54, 0x46, 0x53, 0x46, 
    0x33, 0x42, 0x32, 0x42, 0x12, 0x3E, 0xEF, 0x3D, 0xCF, 0x39, 0xEE, 0x3D, 0xCE, 0x39, 0xED, 0x3D, 
    0xCE, 0x3D, 0x0E, 0x42, 0x31, 0x42, 0x54, 0x4A, 0x76, 0x4A, 0x96, 0x4E, 0x76, 0x4A, 0x95, 0x4A, 
    0x75, 0x46, 0x53, 0x46, 0x32, 0x42, 0x31, 0x42, 0x11, 0x3E, 0x31, 0x42, 0x31, 0x42, 0x51, 0x46, 
    0x54, 0x46, 0x75, 0x4A, 0x76, 0x4A, 0x74, 0x4A, 0x32, 0x46, 0x52, 0x46, 0x33, 0x46, 0x53, 0x4A, 
    0x51, 0x42, 0x95, 0x46, 0xB7, 0x4E, 0xB9, 0x4E, 0xD8, 0x4E, 0xB9, 0x4E, 0xB7, 0x4E, 0x75, 0x4A, 
    0x73, 0x4A, 0x73, 0x46, 0x72, 0x46, 0x53, 0x46, 0x73, 0x4A, 0x74, 0x46, 0x94, 0x4A, 0x97, 0x4A, 
    0xD8, 0x4E, 0xDA, 0x52, 0x1B, 0x57, 0x7E, 0x63, 0xBF, 0x6F, 0xBF, 0x6F, 0xBE, 0x6F, 0x7E, 0x63, 
    0x3D, 0x5B, 0xFC, 0x52, 0xDA, 0x52, 0xB9, 0x4A, 0xB8, 0x4A, 0xDB, 0x52, 0x3D, 0x5B, 0x1E, 0x5B, 
    0x1C, 0x57, 0xDB, 0x4E, 0xFA, 0x52, 0x1C, 0x57, 0x5D, 0x5F, 0x7F, 0x63, 0x9E, 0x6B, 0x9F, 0x67, 
    0x9E, 0x67, 0x7E, 0x5F, 0x5D, 0x5F, 0x3D, 0x5B, 0x3D, 0x5F, 0x1D, 0x5B, 0x1B, 0x5B, 0xFB, 0x56, 
    0x1B, 0x57, 0xFB, 0x56, 0xFA, 0x56, 0xFB, 0x52, 0x1B, 0x57, 0x1C, 0x57, 0x1C, 0x5B, 0x1D, 0x5B, 
    0x3C, 0x5B, 0x3D, 0x5B, 0x5D, 0x5F, 0x5E, 0x5F, 0x7D, 0x63, 0x7E, 0x63, 0x7E, 0x63, 0x5E, 0x5F, 
    0x5C, 0x5F, 0x1C, 0x5B, 0x1A, 0x5B, 0xF9, 0x56, 0xF7, 0x5A, 0xF7, 0x56, 0xF7, 0x5A, 0xF9, 0x56, 
    0x19, 0x5B, 0xFA, 0x5A, 0x1A, 0x5B, 0xFA, 0x56, 0xD8, 0x56, 0xB8, 0x4E, 0xB7, 0x4E, 0xB6, 0x4E, 
    0xD4, 0x52, 0xB4, 0x52, 0xB5, 0x52, 0xB6, 0x52, 0xB6, 0x52, 0x75, 0x4A, 0x31, 0x42, 0x8C, 0x35, 
    0x49, 0x2D, 0x29, 0x2D, 0x8A, 0x35, 0xC6, 0x1C, 0x62, 0x10, 0x63, 0x10, 0x83, 0x14, 0xC5, 0x1C, 
    0x6A, 0x31, 0x49, 0x2D, 0x69, 0x31, 0xEE, 0x45, 0x50, 0x52, 0xEE, 0x45, 0xAC, 0x3D, 0x6B, 0x31, 
    0xAC, 0x39, 0xCF, 0x3D, 0x6B, 0x31, 0xE7, 0x1C, 0xE7, 0x20, 0xC6, 0x18, 0xC6, 0x1C, 0xE7, 0x1C, 
    0x49, 0x29, 0x2A, 0x29, 0x29, 0x29, 0x29, 0x29, 0x28, 0x29, 0x0F, 0x46, 0x51, 0x52, 0x51, 0x4E, 
    0x8A, 0x35, 0x29, 0x2D, 0x6A, 0x31, 0x4A, 0x31, 0x49, 0x31, 0x8C, 0x35, 0x6A, 0x31, 0x4B, 0x31, 
    0xAB, 0x39, 0x52, 0x52, 0x38, 0x6B, 0xD6, 0x5E, 0xF6, 0x62, 0x17, 0x67, 0xB4, 0x5E, 0xCE, 0x41, 
    0x0F, 0x4A, 0x51, 0x4E, 0xD5, 0x62, 0x18, 0x67, 0x5A, 0x6F, 0xF8, 0x62, 0xEE, 0x45, 0x6B, 0x35, 
    0x8A, 0x39, 0x8B, 0x39, 0x8A, 0x39, 0x0F, 0x4E, 0xF4, 0x6A, 0x38, 0x6F, 0x7A, 0x77, 0x5A, 0x73, 
    0x7A, 0x73, 0x9C, 0x73, 0x38, 0x6B, 0x10, 0x46, 0x72, 0x5A, 0x0F, 0x52, 0xD2, 0x62, 0x71, 0x56, 
    0xAD, 0x39, 0xAD, 0x35, 0x51, 0x4E, 0xB6, 0x56, 0xB6, 0x52, 0xB9, 0x52, 0xDA, 0x56, 0xFB, 0x56, 
    0xFA, 0x5A, 0xDA, 0x56, 0xD8, 0x52, 0xB8, 0x4E, 0xB6, 0x4A, 0x97, 0x4A, 0xB7, 0x4E, 0xB8, 0x4E, 
    0xB6, 0x4E, 0x76, 0x4A, 0x95, 0x4E, 0x76, 0x4A, 0x96, 0x4E, 0x76, 0x4A, 0x95, 0x4A, 0x73, 0x46, 
    0x51, 0x46, 0x30, 0x42, 0x2E, 0x42, 0x0F, 0x3E, 0x2F, 0x42, 0x2F, 0x3E, 0x2F, 0x42, 0x2F, 0x3E, 
    0x2E, 0x42, 0x2F, 0x3E, 0x2E, 0x42, 0x2F, 0x42, 0x4F, 0x46, 0x71, 0x4A, 0xB2, 0x52, 0xB4, 0x56, 
    0xD4, 0x5A, 0xD5, 0x56, 0xF5, 0x5A, 0xD6, 0x56, 0xD6, 0x56, 0xB6, 0x52, 0xB5, 0x52, 0x95, 0x4A, 
    0x94, 0x4A, 0x74, 0x46, 0x73, 0x4A, 0x74, 0x46, 0x73, 0x46, 0x54, 0x46, 0x73, 0x46, 0x53, 0x42, 
    0x52, 0x46, 0x53, 0x42, 0x73, 0x46, 0x75, 0x46, 0x75, 0x4A, 0x54, 0x46, 0x54, 0x46, 0x54, 0x46, 
    0x53, 0x46, 0x33, 0x42, 0x11, 0x3E, 0xF0, 0x39, 0x0F, 0x3E, 0xF0, 0x39, 0xEE, 0x3D, 0xEE, 0x39, 
    0xEE, 0x3D, 0x10, 0x42, 0x52, 0x4A, 0x75, 0x4A, 0x96, 0x4E, 0x97, 0x4E, 0xB7, 0x52, 0x97, 0x4E, 
    0x96, 0x4A, 0x75, 0x46, 0x74, 0x46, 0x32, 0x42, 0x31, 0x42, 0x31, 0x3E, 0x31, 0x42, 0x32, 0x42, 
    0x52, 0x46, 0x55, 0x46, 0x75, 0x4A, 0x54, 0x46, 0x52, 0x46, 0x32, 0x42, 0x52, 0x4A, 0x54, 0x4A, 
    0x2F, 0x3E, 0x72, 0x46, 0x96, 0x4A, 0x97, 0x4A, 0x97, 0x4A, 0x97, 0x4A, 0x76, 0x4A, 0x74, 0x4A, 
    0x73, 0x4A, 0x72, 0x4A, 0x53, 0x4A, 0x72, 0x4A, 0x53, 0x46, 0x74, 0x4A, 0x76, 0x4A, 0x98, 0x4E, 
    0x99, 0x4E, 0xD9, 0x52, 0xFA, 0x52, 0x5D, 0x63, 0x9F, 0x6B, 0xBF, 0x73, 0xBF, 0x6F, 0x9F, 0x6B, 
    0x3E, 0x5B, 0xFC, 0x56, 0xDB, 0x52, 0xB9, 0x4E, 0x99, 0x4A, 0xBA, 0x52, 0xFC, 0x56, 0x1D, 0x5B, 
    0xFC, 0x52, 0xDA, 0x52, 0xDB, 0x52, 0x1C, 0x5B, 0x5E, 0x5F, 0x9E, 0x67, 0x9F, 0x6B, 0xBF, 0x6F, 
    0x9F, 0x67, 0x7E, 0x67, 0x5E, 0x5F, 0x3D, 0x5F, 0x3E, 0x5F, 0x3D, 0x5F, 0x1C, 0x5B, 0x1C, 0x5B, 
    0x1C, 0x5B, 0x1C, 0x5B, 0xFC, 0x56, 0xFB, 0x56, 0xFC, 0x56, 0x1C, 0x5B, 0x1D, 0x5B, 0x3C, 0x5B, 
    0x1D, 0x5B, 0x3D, 0x5F, 0x3E, 0x5F, 0x5D, 0x63, 0x5E, 0x5F, 0x5E, 0x63, 0x5E, 0x63, 0x5D, 0x63, 
    0x3D, 0x5F, 0x1B, 0x5B, 0xFB, 0x56, 0xF8, 0x56, 0xD8, 0x56, 0xF7, 0x5A, 0xF8, 0x56, 0xF8, 0x5A, 
    0xF9, 0x56, 0xF9, 0x5A, 0xFA, 0x56, 0xD9, 0x56, 0xB8, 0x52, 0xB7, 0x52, 0xB8, 0x4E, 0xB6, 0x52, 
    0xB5, 0x52, 0xD4, 0x56, 0xB5, 0x52, 0xB5, 0x52, 0x96, 0x4E, 0x73, 0x4A, 0xF0, 0x3D, 0x4A, 0x31, 
    0x08, 0x29, 0x08, 0x2D, 0x6C, 0x35, 0xE6, 0x20, 0x43, 0x10, 0x63, 0x14, 0x84, 0x14, 0x07, 0x25, 
    0x4A, 0x2D, 0x49, 0x2D, 0x29, 0x2D, 0xAC, 0x3D, 0x30, 0x4E, 0x0F, 0x4E, 0x10, 0x4A, 0xCE, 0x41, 
    0x8C, 0x35, 0xAD, 0x39, 0x6C, 0x31, 0xE8, 0x24, 0xE8, 0x20, 0xE7, 0x20, 0xE8, 0x20, 0x08, 0x21, 
    0x2A, 0x29, 0x29, 0x29, 0xE8, 0x24, 0x4A, 0x31, 0x8C, 0x39, 0x52, 0x52, 0x73, 0x52, 0x0F, 0x46, 
    0x09, 0x29, 0x6A, 0x35, 0x8C, 0x39, 0x8B, 0x39, 0x6B, 0x35, 0xAD, 0x3D, 0x8D, 0x39, 0xAC, 0x3D, 
    0xCE, 0x45, 0x30, 0x4E, 0x3A, 0x6F, 0xF6, 0x66, 0x94, 0x5A, 0x31, 0x4E, 0x8C, 0x3D, 0x0E, 0x4A, 
    0xAD, 0x41, 0xB4, 0x62, 0xD7, 0x62, 0x18, 0x67, 0x5B, 0x6F, 0x9C, 0x73, 0xB6, 0x5E, 0xAD, 0x41, 
    0xAD, 0x3D, 0xAC, 0x3D, 0x8D, 0x41, 0xED, 0x49, 0xF6, 0x6A, 0x59, 0x77, 0x7B, 0x77, 0x5A, 0x73, 
    0x95, 0x5A, 0x39, 0x6F, 0xD7, 0x66, 0xAC, 0x41, 0x6B, 0x3D, 0x50, 0x5A, 0x93, 0x62, 0xB3, 0x5E, 
    0xAE, 0x3D, 0x8C, 0x35, 0xCF, 0x41, 0x74, 0x56, 0x96, 0x4E, 0xB8, 0x56, 0xDA, 0x56, 0xFB, 0x5A, 
    0xDB, 0x56, 0xD9, 0x56, 0xB9, 0x52, 0xB8, 0x52, 0x98, 0x4E, 0xB7, 0x52, 0xB8, 0x52, 0xB8, 0x52, 
    0x97, 0x4E, 0x96, 0x4E, 0x76, 0x4A, 0x96, 0x4E, 0x97, 0x4E, 0x96, 0x4E, 0x76, 0x4A, 0x74, 0x4A, 
    0x53, 0x46, 0x50, 0x46, 0x30, 0x42, 0x2F, 0x42, 0x30, 0x42, 0x30, 0x42, 0x30, 0x42, 0x30, 0x42, 
    0x30, 0x42, 0x2F, 0x42, 0x2F, 0x42, 0x2F, 0x42, 0x4F, 0x46, 0x70, 0x4E, 0x72, 0x4E, 0x93, 0x52, 
    0x94, 0x52, 0xB4, 0x56, 0xB5, 0x52, 0xB5, 0x56, 0xB5, 0x52, 0xB5, 0x52, 0x95, 0x4E, 0x95, 0x4E, 
    0x75, 0x4A, 0x74, 0x4A, 0x75, 0x4A, 0x75, 0x4A, 0x75, 0x46, 0x75, 0x4A, 0x55, 0x46, 0x53, 0x46, 
    0x53, 0x42, 0x53, 0x46, 0x54, 0x46, 0x75, 0x4A, 0x55, 0x46, 0x54, 0x4A, 0x55, 0x4A, 0x54, 0x4A, 
    0x34, 0x46, 0x32, 0x42, 0x12, 0x3E, 0x11, 0x3E, 0xF2, 0x3D, 0x11, 0x42, 0xF0, 0x3D, 0xEE, 0x3D, 
    0xEF, 0x3D, 0x30, 0x46, 0x54, 0x4A, 0x76, 0x4E, 0x98, 0x52, 0xB8, 0x56, 0xB9, 0x52, 0xB8, 0x56, 
    0x98, 0x4E, 0x97, 0x4E, 0x76, 0x4A, 0x74, 0x46, 0x33, 0x42, 0x31, 0x42, 0x32, 0x42, 0x31, 0x42, 
    0x33, 0x42, 0x53, 0x46, 0x54, 0x46, 0x52, 0x46, 0x32, 0x42, 0x32, 0x46, 0x53, 0x46, 0x74, 0x4A, 
    0x0D, 0x3A, 0x51, 0x3E, 0x94, 0x46, 0x76, 0x42, 0x74, 0x46, 0x75, 0x46, 0x94, 0x4A, 0x74, 0x46, 
    0x72, 0x4A, 0x72, 0x4A, 0x72, 0x4A, 0x72, 0x46, 0x72, 0x46, 0x74, 0x46, 0x95, 0x4A, 0x98, 0x4A, 
    0xB8, 0x4E, 0xB9, 0x4E, 0xF8, 0x4E, 0x3C, 0x5B, 0x9E, 0x67, 0xBF, 0x6B, 0xDE, 0x73, 0x9F, 0x6B, 
    0x7E, 0x5F, 0x1C, 0x57, 0xFA, 0x52, 0xBA, 0x4A, 0xB8, 0x4A, 0xB9, 0x4A, 0xFB, 0x52, 0xFC, 0x52, 
    0xFB, 0x52, 0xDA, 0x4E, 0xFA, 0x52, 0x1C, 0x57, 0x7E, 0x63, 0x9F, 0x67, 0xBE, 0x6B, 0xBF, 0x6B, 
    0xBE, 0x6B, 0x7F, 0x63, 0x7E, 0x5F, 0x3D, 0x5B, 0x5D, 0x5F, 0x3D, 0x5B, 0x3C, 0x5B, 0x1C, 0x5B, 
    0x3C, 0x5B, 0x1C, 0x57, 0x1B, 0x57, 0x1C, 0x57, 0x3C, 0x5B, 0x1C, 0x5B, 0x3C, 0x5B, 0x3D, 0x5B, 
    0x3C, 0x5F, 0x3D, 0x5B, 0x5D, 0x5F, 0x5D, 0x5F, 0x5D, 0x5F, 0x5E, 0x5F, 0x5D, 0x5F, 0x3D, 0x5B, 
    0x3C, 0x5B, 0x1B, 0x57, 0xF9, 0x56, 0xD8, 0x52, 0xF6, 0x56, 0xD7, 0x52, 0xF7, 0x56, 0xF8, 0x56, 
    0xF8, 0x56, 0xF9, 0x56, 0xF8, 0x56, 0xD8, 0x52, 0xD6, 0x4E, 0xB6, 0x4E, 0xD7, 0x4E, 0xB6, 0x4E, 
    0xB3, 0x52, 0xB4, 0x52, 0xD4, 0x52, 0xB5, 0x4E, 0xB4, 0x4E, 0x74, 0x4A, 0x31, 0x42, 0x4A, 0x2D, 
    0x27, 0x29, 0x07, 0x25, 0x49, 0x2D, 0xC5, 0x18, 0x82, 0x14, 0x83, 0x14, 0xC5, 0x1C, 0x07, 0x25, 
    0x07, 0x25, 0x29, 0x29, 0x28, 0x29, 0x6A, 0x31, 0x0F, 0x46, 0x72, 0x52, 0xB3, 0x5A, 0x30, 0x4A, 
    0x8B, 0x35, 0x6C, 0x31, 0xCE, 0x3D, 0xAE, 0x35, 0x29, 0x25, 0xE8, 0x20, 0x07, 0x21, 0xE8, 0x1C, 
    0x07, 0x25, 0xE7, 0x20, 0x07, 0x25, 0x4A, 0x31, 0xEE, 0x41, 0x73, 0x52, 0x50, 0x4E, 0xAC, 0x39, 
    0x28, 0x29, 0x6B, 0x31, 0xEE, 0x45, 0xEF, 0x45, 0x2F, 0x4A, 0x10, 0x46, 0x51, 0x4E, 0xCE, 0x3D, 
    0xEE, 0x45, 0xAD, 0x3D, 0xD4, 0x62, 0x73, 0x56, 0xB4, 0x5E, 0x51, 0x4E, 0xED, 0x45, 0x30, 0x4E, 
    0x2E, 0x4E, 0x72, 0x56, 0xF5, 0x62, 0x18, 0x67, 0x7A, 0x6F, 0x9C, 0x73, 0xD5, 0x5E, 0xEF, 0x45, 
    0xEE, 0x41, 0xAD, 0x3D, 0xAB, 0x3D, 0xAC, 0x3D, 0x92, 0x5E, 0x7B, 0x77, 0x7A, 0x73, 0x39, 0x6B, 
    0xB4, 0x5E, 0x73, 0x56, 0x2F, 0x4E, 0x52, 0x52, 0x0E, 0x4E, 0x71, 0x56, 0xD3, 0x66, 0x50, 0x52, 
    0xEE, 0x45, 0x8C, 0x35, 0xAC, 0x39, 0x52, 0x4E, 0x94, 0x4E, 0xB8, 0x52, 0xD9, 0x56, 0xFA, 0x56, 
    0xF9, 0x56, 0xD9, 0x52, 0xD8, 0x52, 0xD8, 0x4E, 0xD8, 0x52, 0xB8, 0x52, 0xD8, 0x52, 0xB8, 0x52, 
    0xB6, 0x52, 0x96, 0x4E, 0x95, 0x4E, 0x96, 0x4A, 0xB6, 0x4E, 0x96, 0x4A, 0x95, 0x4A, 0x75, 0x46, 
    0x73, 0x4A, 0x51, 0x42, 0x50, 0x46, 0x50, 0x42, 0x50, 0x42, 0x51, 0x42, 0x51, 0x42, 0x31, 0x42, 
    0x50, 0x42, 0x2F, 0x3E, 0x2E, 0x3E, 0x2F, 0x42, 0x70, 0x46, 0x71, 0x4A, 0x92, 0x4E, 0x93, 0x4E, 
    0x93, 0x4E, 0x93, 0x4E, 0x93, 0x4E, 0x94, 0x4A, 0x94, 0x4E, 0x95, 0x4A, 0x94, 0x4E, 0x95, 0x4A, 
    0x95, 0x4E, 0x96, 0x4A, 0x95, 0x4A, 0x96, 0x4A, 0x95, 0x4A, 0x75, 0x46, 0x74, 0x4A, 0x53, 0x42, 
    0x72, 0x46, 0x52, 0x42, 0x74, 0x4A, 0x75, 0x4A, 0x74, 0x46, 0x55, 0x46, 0x75, 0x4A, 0x75, 0x4A, 
    0x53, 0x46, 0x33, 0x42, 0x32, 0x42, 0x32, 0x3E, 0x32, 0x42, 0x12, 0x3E, 0x30, 0x42, 0x0F, 0x3E, 
    0x0F, 0x42, 0x31, 0x46, 0x74, 0x4A, 0x97, 0x4E, 0xD8, 0x56, 0xD9, 0x56, 0xD9, 0x56, 0xD9, 0x56, 
    0xD9, 0x56, 0xB8, 0x4E, 0xB6, 0x4A, 0x75, 0x46, 0x73, 0x46, 0x52, 0x42, 0x51, 0x42, 0x31, 0x3E, 
    0x51, 0x42, 0x52, 0x42, 0x52, 0x46, 0x32, 0x42, 0x51, 0x46, 0x32, 0x46, 0x73, 0x4A, 0x74, 0x4A, 
    0xED, 0x39, 0x2F, 0x3E, 0x54, 0x42, 0x75, 0x46, 0x54, 0x46, 0x73, 0x46, 0x74, 0x46, 0x74, 0x4A, 
    0x73, 0x4A, 0x72, 0x4A, 0x72, 0x4A, 0x71, 0x4A, 0x53, 0x46, 0x74, 0x4A, 0x75, 0x46, 0x97, 0x4E, 
    0xB9, 0x4E, 0xD9, 0x52, 0xB9, 0x4E, 0x1B, 0x57, 0x7E, 0x5F, 0xBF, 0x6B, 0xBF, 0x6F, 0xBF, 0x6F, 
    0x7F, 0x63, 0x3D, 0x5B, 0xFC, 0x52, 0xDA, 0x52, 0x99, 0x4A, 0xB9, 0x4E, 0xDB, 0x52, 0xFB, 0x56, 
    0xDB, 0x52, 0xDA, 0x52, 0xFB, 0x52, 0x3D, 0x5B, 0x7F, 0x63, 0xBE, 0x6B, 0x9F, 0x6B, 0xBF, 0x6F, 
    0x9F, 0x6B, 0x9E, 0x67, 0x7E, 0x63, 0x5D, 0x5F, 0x3E, 0x5F, 0x5D, 0x5F, 0x3D, 0x5F, 0x3C, 0x5F, 
    0x3D, 0x5B, 0x3D, 0x5F, 0x1D, 0x5B, 0x1C, 0x5B, 0x1D, 0x5B, 0x3D, 0x5F, 0x3D, 0x5B, 0x3D, 0x5F, 
    0x3D, 0x5B, 0x3D, 0x5F, 0x3E, 0x5F, 0x5D, 0x5F, 0x3E, 0x5F, 0x5D, 0x63, 0x3E, 0x5F, 0x3D, 0x5F, 
    0x1C, 0x5B, 0x1B, 0x5B, 0xD9, 0x52, 0xD7, 0x52, 0xB7, 0x52, 0xD7, 0x56, 0xD8, 0x52, 0xD8, 0x56, 
    0xD9, 0x56, 0xF8, 0x56, 0xB8, 0x52, 0xB6, 0x52, 0x95, 0x4E, 0x95, 0x4E, 0x97, 0x4E, 0xB5, 0x4E, 
    0x93, 0x4E, 0xB3, 0x52, 0xB4, 0x52, 0xB3, 0x52, 0x95, 0x4E, 0x95, 0x4E, 0x54, 0x46, 0x8B, 0x35, 
    0x4A, 0x31, 0x07, 0x29, 0x08, 0x29, 0xA4, 0x1C, 0x64, 0x14, 0xA4, 0x18, 0xA6, 0x1C, 0xC5, 0x20, 
    0x84, 0x14, 0xC6, 0x20, 0xE7, 0x20, 0x49, 0x2D, 0x10, 0x46, 0xD5, 0x5E, 0xB5, 0x5E, 0x50, 0x4E, 
    0xEF, 0x41, 0xEF, 0x45, 0x53, 0x4A, 0x95, 0x56, 0x6C, 0x31, 0x08, 0x25, 0xE8, 0x20, 0xE7, 0x20, 
    0xE8, 0x20, 0x49, 0x2D, 0x8C, 0x39, 0x6A, 0x35, 0x6B, 0x35, 0x8B, 0x39, 0x6B, 0x31, 0x49, 0x2D, 
    0x09, 0x29, 0x28, 0x29, 0xCE, 0x41, 0x72, 0x56, 0x31, 0x4E, 0x51, 0x52, 0x94, 0x56, 0x72, 0x56, 
    0xAD, 0x41, 0x8B, 0x39, 0x31, 0x52, 0x30, 0x4E, 0xCE, 0x41, 0xAD, 0x3D, 0x49, 0x31, 0xCC, 0x41, 
    0x30, 0x4E, 0xD4, 0x62, 0xD6, 0x62, 0xF7, 0x66, 0xD7, 0x5E, 0x17, 0x67, 0x32, 0x4E, 0x73, 0x56, 
    0xAD, 0x3D, 0x6A, 0x35, 0xCE, 0x41, 0x6A, 0x39, 0x8C, 0x3D, 0x38, 0x6F, 0x7B, 0x6F, 0x5A, 0x6B, 
    0x18, 0x67, 0x72, 0x5A, 0xCE, 0x45, 0x72, 0x5A, 0xB4, 0x62, 0x71, 0x5A, 0xD4, 0x66, 0x92, 0x5E, 
    0xCE, 0x45, 0x8B, 0x39, 0xAE, 0x39, 0x10, 0x46, 0x74, 0x4E, 0xD8, 0x52, 0xDA, 0x56, 0xFA, 0x56, 
    0xDA, 0x56, 0xF9, 0x56, 0xD9, 0x52, 0xD9, 0x52, 0xB9, 0x52, 0xD8, 0x56, 0xD9, 0x52, 0xB7, 0x56, 
    0x97, 0x4E, 0x96, 0x4E, 0x96, 0x4E, 0xB6, 0x4E, 0x96, 0x4E, 0x96, 0x4E, 0x76, 0x4A, 0x95, 0x4A, 
    0x74, 0x4A, 0x72, 0x4A, 0x52, 0x46, 0x71, 0x46, 0x53, 0x46, 0x73, 0x46, 0x54, 0x42, 0x53, 0x46, 
    0x33, 0x42, 0x30, 0x42, 0x0F, 0x3E, 0x30, 0x42, 0x52, 0x46, 0x92, 0x4A, 0x73, 0x4A, 0x92, 0x4E, 
    0x73, 0x4A, 0x93, 0x4E, 0x74, 0x4A, 0x93, 0x4E, 0x94, 0x4A, 0x94, 0x4E, 0x95, 0x4A, 0x95, 0x4E, 
    0x96, 0x4A, 0xB6, 0x4E, 0x97, 0x4E, 0xB6, 0x4E, 0x96, 0x4A, 0x95, 0x4A, 0x74, 0x46, 0x72, 0x46, 
    0x52, 0x46, 0x51, 0x46, 0x75, 0x4A, 0x75, 0x4A, 0x54, 0x46, 0x76, 0x4E, 0x77, 0x4E, 0x96, 0x4E, 
    0x76, 0x4A, 0x74, 0x46, 0x54, 0x46, 0x54, 0x46, 0x54, 0x46, 0x53, 0x46, 0x32, 0x42, 0x10, 0x42, 
    0x11, 0x42, 0x52, 0x4A, 0x76, 0x4E, 0xB8, 0x56, 0xDA, 0x56, 0xDA, 0x5A, 0xDA, 0x5A, 0xFA, 0x5A, 
    0xDA, 0x56, 0xD9, 0x56, 0xB8, 0x4E, 0x96, 0x4E, 0x75, 0x46, 0x73, 0x46, 0x32, 0x42, 0x31, 0x42, 
    0x31, 0x3E, 0x51, 0x42, 0x31, 0x42, 0x31, 0x46, 0x31, 0x42, 0x52, 0x4A, 0x54, 0x4A, 0x95, 0x4E, 
    0xEC, 0x39, 0x0E, 0x3A, 0x52, 0x42, 0x56, 0x42, 0x75, 0x46, 0x52, 0x46, 0x72, 0x4A, 0x74, 0x4A, 
    0x73, 0x4A, 0x73, 0x4A, 0x71, 0x4A, 0x51, 0x46, 0x72, 0x46, 0x53, 0x46, 0x94, 0x46, 0x77, 0x46, 
    0xB8, 0x4E, 0xD9, 0x4E, 0xD8, 0x4E, 0xFB, 0x52, 0x5D, 0x5F, 0x9F, 0x67, 0xBF, 0x6F, 0x9F, 0x6B, 
    0x7E, 0x63, 0x3E, 0x5B, 0x1C, 0x57, 0xDA, 0x4E, 0xB8, 0x4E, 0xBA, 0x4E, 0xDB, 0x52, 0xDB, 0x52, 
    0xDA, 0x52, 0xDA, 0x4E, 0xFB, 0x56, 0x3D, 0x5B, 0x9E, 0x67, 0x9F, 0x6B, 0xBF, 0x6F, 0xBF, 0x6F, 
    0xBF, 0x6F, 0x9F, 0x67, 0x9E, 0x67, 0x5E, 0x5F, 0x5D, 0x5F, 0x5E, 0x5F, 0x5D, 0x63, 0x3E, 0x5F, 
    0x5D, 0x5F, 0x3D, 0x5B, 0x3C, 0x5B, 0x1D, 0x5B, 0x3D, 0x5B, 0x3D, 0x5B, 0x3D, 0x5F, 0x3D, 0x5B, 
    0x5D, 0x5F, 0x3E, 0x5F, 0x5D, 0x5F, 0x3E, 0x5F, 0x5D, 0x5F, 0x5E, 0x5F, 0x5D, 0x5F, 0x3D, 0x5B, 
    0x3C, 0x5B, 0xFB, 0x52, 0xD8, 0x52, 0xB6, 0x4E, 0xD6, 0x4E, 0xB7, 0x52, 0xD6, 0x52, 0xB7, 0x52, 
    0xD7, 0x52, 0xB8, 0x52, 0xB6, 0x52, 0x95, 0x4E, 0x93, 0x4A, 0x73, 0x4A, 0x95, 0x4A, 0x95, 0x4A, 
    0x92, 0x4A, 0x93, 0x4E, 0xB3, 0x52, 0x93, 0x4E, 0x94, 0x4E, 0x95, 0x4A, 0x53, 0x4A, 0xCE, 0x3D, 
    0xCD, 0x3D, 0x29, 0x2D, 0x07, 0x29, 0xA5, 0x1C, 0xE6, 0x20, 0xE7, 0x20, 0xC5, 0x1C, 0x84, 0x14, 
    0xC6, 0x20, 0xC7, 0x20, 0xE6, 0x20, 0x4A, 0x2D, 0x93, 0x56, 0xF8, 0x62, 0xD5, 0x62, 0x94, 0x56, 
    0x72, 0x56, 0x74, 0x52, 0xD6, 0x5A, 0xB7, 0x5A, 0x6B, 0x31, 0xE8, 0x24, 0x29, 0x29, 0x08, 0x25, 
    0x29, 0x2D, 0xAD, 0x39, 0x0F, 0x4A, 0x8C, 0x39, 0x8B, 0x39, 0x4A, 0x31, 0x49, 0x2D, 0x4A, 0x2D, 
    0x29, 0x29, 0x09, 0x25, 0x6A, 0x31, 0xCD, 0x41, 0xEE, 0x49, 0x31, 0x4E, 0x2F, 0x4A, 0xCE, 0x3D, 
    0xAC, 0x3D, 0x6B, 0x31, 0x49, 0x31, 0x8C, 0x39, 0x49, 0x31, 0xE7, 0x28, 0x8B, 0x3D, 0xCD, 0x45, 
    0x50, 0x52, 0x94, 0x5A, 0xB3, 0x5A, 0x52, 0x4E, 0xEF, 0x45, 0x11, 0x4A, 0x73, 0x52, 0x74, 0x52, 
    0x49, 0x2D, 0xCE, 0x41, 0xF7, 0x62, 0xB6, 0x5A, 0x6A, 0x39, 0xAE, 0x41, 0x59, 0x6F, 0x5B, 0x6B, 
    0xB4, 0x5A, 0xCE, 0x45, 0xEF, 0x49, 0x52, 0x56, 0x17, 0x6B, 0xD5, 0x62, 0xF5, 0x6A, 0xB4, 0x5E, 
    0x0E, 0x4A, 0xCD, 0x41, 0x8C, 0x39, 0xAE, 0x39, 0x31, 0x46, 0xB8, 0x52, 0xD9, 0x56, 0xDA, 0x56, 
    0xFA, 0x56, 0xFB, 0x56, 0xFA, 0x56, 0xFA, 0x56, 0xF9, 0x56, 0xDA, 0x56, 0xD8, 0x56, 0xB8, 0x52, 
    0xB6, 0x52, 0x96, 0x4E, 0xB6, 0x52, 0x96, 0x4E, 0xB5, 0x4E, 0x95, 0x4A, 0x96, 0x4E, 0x96, 0x4A, 
    0x94, 0x4A, 0x73, 0x4A, 0x92, 0x4A, 0x73, 0x46, 0x74, 0x4A, 0x74, 0x46, 0x74, 0x46, 0x54, 0x42, 
    0x53, 0x46, 0x31, 0x3E, 0x2F, 0x3E, 0x31, 0x42, 0x73, 0x46, 0x74, 0x4A, 0x93, 0x4A, 0x73, 0x4A, 
    0x93, 0x4E, 0x74, 0x4A, 0x93, 0x4A, 0x74, 0x4A, 0x94, 0x4E, 0x95, 0x4A, 0x95, 0x4E, 0x96, 0x4E, 
    0xB6, 0x4E, 0xB8, 0x52, 0xD8, 0x56, 0xB8, 0x4E, 0xB6, 0x4E, 0x96, 0x4A, 0x93, 0x4A, 0x52, 0x46, 
    0x50, 0x46, 0x53, 0x46, 0x95, 0x4E, 0x75, 0x46, 0x74, 0x4A, 0x97, 0x4E, 0xB8, 0x52, 0xB8, 0x52, 
    0xB7, 0x4E, 0x97, 0x4A, 0x96, 0x4A, 0x76, 0x46, 0x75, 0x4A, 0x55, 0x46, 0x52, 0x46, 0x31, 0x42, 
    0x51, 0x4A, 0x74, 0x4E, 0xB7, 0x52, 0xB9, 0x56, 0xF9, 0x5A, 0xDB, 0x5A, 0xFA, 0x5A, 0xFB, 0x5A, 
    0xFA, 0x5A, 0xDA, 0x56, 0xD8, 0x52, 0xB8, 0x4E, 0x96, 0x4A, 0x75, 0x46, 0x52, 0x46, 0x31, 0x42, 
    0x31, 0x42, 0x31, 0x3E, 0x30, 0x42, 0x31, 0x42, 0x31, 0x46, 0x53, 0x46, 0x95, 0x4E, 0x96, 0x4E, 
    0xCC, 0x35, 0x0D, 0x3A, 0x32, 0x42, 0x75, 0x46, 0x56, 0x46, 0x53, 0x46, 0x52, 0x46, 0x72, 0x4A, 
    0x74, 0x4A, 0x72, 0x4E, 0x52, 0x46, 0x51, 0x46, 0x53, 0x46, 0x53, 0x46, 0x74, 0x46, 0x95, 0x4A, 
    0x98, 0x4E, 0xD9, 0x52, 0xB9, 0x4E, 0xFA, 0x52, 0x1D, 0x5B, 0x7E, 0x63, 0x9F, 0x67, 0x9F, 0x6B, 
    0x5F, 0x63, 0x3D, 0x5F, 0xFC, 0x56, 0xDA, 0x52, 0xBA, 0x4E, 0xDA, 0x52, 0xDC, 0x52, 0xDB, 0x56, 
    0xDB, 0x52, 0xDA, 0x52, 0xFB, 0x52, 0x3D, 0x5F, 0x7F, 0x67, 0xBF, 0x6F, 0xBF, 0x6F, 0xBF, 0x73, 
    0x9F, 0x6F, 0xBF, 0x6F, 0x9F, 0x67, 0x7E, 0x67, 0x5E, 0x63, 0x5D, 0x63, 0x5E, 0x63, 0x5E, 0x63, 
    0x5E, 0x5F, 0x5D, 0x5F, 0x3E, 0x5B, 0x3D, 0x5F, 0x3E, 0x5B, 0x3D, 0x5F, 0x3E, 0x5B, 0x3D, 0x5F, 
    0x3E, 0x5F, 0x3D, 0x5F, 0x3E, 0x5F, 0x5E, 0x63, 0x3E, 0x5F, 0x5D, 0x63, 0x3D, 0x5F, 0x3C, 0x5F, 
    0x1C, 0x57, 0xFA, 0x56, 0xB8, 0x4E, 0xB5, 0x4E, 0x96, 0x4E, 0xB6, 0x52, 0xB7, 0x4E, 0xB7, 0x52, 
    0xB7, 0x52, 0xB5, 0x52, 0x94, 0x4A, 0x93, 0x4E, 0x72, 0x46, 0x71, 0x4A, 0x74, 0x46, 0x73, 0x4A, 
    0x52, 0x46, 0x71, 0x4A, 0x72, 0x4A, 0x92, 0x4E, 0x74, 0x4A, 0x74, 0x4A, 0x34, 0x46, 0x52, 0x4E, 
    0x11, 0x46, 0xAC, 0x39, 0x08, 0x29, 0x28, 0x2D, 0x8C, 0x35, 0x28, 0x2D, 0xE7, 0x24, 0xE6, 0x24, 
    0x2A, 0x2D, 0x08, 0x29, 0xE8, 0x24, 0x8C, 0x39, 0xB6, 0x5E, 0x18, 0x6B, 0xF8, 0x66, 0xF6, 0x62, 
    0xB6, 0x5E, 0xD5, 0x5E, 0xB7, 0x5A, 0x31, 0x4A, 0x2A, 0x29, 0x4A, 0x31, 0x6C, 0x35, 0x4A, 0x31, 
    0xAE, 0x3D, 0x30, 0x4E, 0x31, 0x4E, 0xEE, 0x45, 0x8D, 0x3D, 0x49, 0x31, 0x09, 0x29, 0x4A, 0x31, 
    0x2A, 0x29, 0x49, 0x2D, 0x6B, 0x31, 0xEE, 0x49, 0x31, 0x4E, 0x31, 0x4E, 0x6B, 0x35, 0xE7, 0x24, 
    0x6B, 0x35, 0x4A, 0x35, 0x2A, 0x2D, 0x6A, 0x35, 0x2A, 0x31, 0x4A, 0x35, 0xAD, 0x45, 0x0E, 0x4E, 
    0x30, 0x52, 0x93, 0x5E, 0x10, 0x4E, 0xAD, 0x41, 0x10, 0x4A, 0x94, 0x5A, 0xB7, 0x5E, 0xF7, 0x62, 
    0xCF, 0x41, 0xB5, 0x5E, 0x1A, 0x67, 0x5B, 0x6F, 0x74, 0x52, 0xC6, 0x28, 0x95, 0x5A, 0x3A, 0x6F, 
    0xF0, 0x45, 0xEE, 0x49, 0x73, 0x56, 0xF6, 0x66, 0x5A, 0x6F, 0x59, 0x6F, 0x18, 0x6B, 0xB4, 0x62, 
    0x10, 0x4E, 0xEE, 0x45, 0xEF, 0x45, 0x8D, 0x39, 0xF1, 0x41, 0x96, 0x52, 0xB8, 0x52, 0xD9, 0x56, 
    0xFB, 0x56, 0x1B, 0x5B, 0xFB, 0x5A, 0xFB, 0x5A, 0xFB, 0x5A, 0xFA, 0x5A, 0xD9, 0x56, 0xB7, 0x52, 
    0x97, 0x4E, 0xB6, 0x52, 0xB7, 0x52, 0xB6, 0x52, 0x95, 0x4E, 0x95, 0x4E, 0x97, 0x4E, 0x96, 0x4E, 
    0x95, 0x4A, 0x94, 0x4E, 0x74, 0x4A, 0x94, 0x4E, 0x75, 0x4A, 0x75, 0x4A, 0x76, 0x46, 0x75, 0x4A, 
    0x55, 0x46, 0x52, 0x42, 0x32, 0x42, 0x53, 0x46, 0x75, 0x46, 0x96, 0x4A, 0x76, 0x4A, 0x94, 0x4E, 
    0x75, 0x4A, 0x94, 0x4E, 0x74, 0x4A, 0x94, 0x4E, 0x96, 0x4E, 0x95, 0x4E, 0x96, 0x4E, 0xB6, 0x4E, 
    0xB7, 0x52, 0xD9, 0x56, 0xDA, 0x56, 0xD9, 0x56, 0x98, 0x4E, 0x96, 0x4A, 0x74, 0x4A, 0x71, 0x4A, 
    0x51, 0x46, 0x73, 0x4A, 0x76, 0x4A, 0x53, 0x46, 0x56, 0x4A, 0xB9, 0x56, 0xBA, 0x56, 0xD9, 0x56, 
    0xB9, 0x52, 0xB8, 0x52, 0x98, 0x4E, 0x97, 0x4E, 0x77, 0x4A, 0x75, 0x4A, 0x33, 0x46, 0x32, 0x46, 
    0x54, 0x4A, 0x96, 0x52, 0xB8, 0x56, 0xD9, 0x5A, 0xDB, 0x5A, 0xFA, 0x5E, 0xDB, 0x5A, 0xFB, 0x5E, 
    0xDB, 0x5A, 0xFA, 0x5A, 0xDA, 0x56, 0xD9, 0x56, 0xB8, 0x4E, 0x96, 0x4E, 0x54, 0x46, 0x52, 0x46, 
    0x33, 0x42, 0x31, 0x42, 0x11, 0x42, 0x30, 0x42, 0x31, 0x42, 0x74, 0x4A, 0x77, 0x4E, 0xB7, 0x52, 
    0xEB, 0x35, 0xED, 0x35, 0x50, 0x3E, 0x54, 0x42, 0x75, 0x46, 0x55, 0x46, 0x51, 0x46, 0x51, 0x46, 
    0x91, 0x4A, 0x71, 0x4A, 0x70, 0x4A, 0x52, 0x46, 0x72, 0x46, 0x53, 0x46, 0x73, 0x46, 0x74, 0x46, 
    0xB6, 0x4E, 0xDA, 0x52, 0xD9, 0x4E, 0xD9, 0x4E, 0x1B, 0x57, 0x3D, 0x5B, 0x7E, 0x63, 0x7F, 0x63, 
    0x7E, 0x5F, 0x3D, 0x5B, 0x1B, 0x57, 0xD9, 0x4E, 0xD9, 0x4E, 0xDA, 0x52, 0xFA, 0x52, 0xDB, 0x52, 
    0xDA, 0x52, 0xDA, 0x4E, 0x1A, 0x57, 0x3D, 0x5B, 0x9E, 0x67, 0xBF, 0x6B, 0xDE, 0x6F, 0xBF, 0x6F, 
    0xBE, 0x6F, 0xBF, 0x6B, 0xBE, 0x6B, 0x9F, 0x67, 0x7E, 0x63, 0x7E, 0x63, 0x7D, 0x63, 0x7E, 0x63, 
    0x7D, 0x63, 0x5E, 0x5F, 0x5D, 0x5F, 0x5E, 0x5B, 0x5D, 0x5F, 0x5E, 0x5B, 0x5D, 0x5F, 0x3D, 0x5B, 
    0x5D, 0x5F, 0x5E, 0x5F, 0x5D, 0x5F, 0x5E, 0x5F, 0x5D, 0x63, 0x5D, 0x5F, 0x5D, 0x5F, 0x3C, 0x5B, 
    0x1B, 0x57, 0xFA, 0x52, 0xD7, 0x4E, 0x95, 0x4A, 0xB4, 0x4A, 0x95, 0x4A, 0xB5, 0x4E, 0x96, 0x4E, 
    0xB5, 0x4E, 0x94, 0x4A, 0x92, 0x4A, 0x71, 0x46, 0x70, 0x46, 0x50, 0x42, 0x72, 0x46, 0x73, 0x46, 
    0x50, 0x42, 0x50, 0x42, 0x70, 0x46, 0x51, 0x46, 0x72, 0x4A, 0x53, 0x46, 0x52, 0x46, 0x95, 0x52, 
    0x52, 0x4E, 0xEE, 0x41, 0xAB, 0x39, 0x6B, 0x35, 0xCC, 0x3D, 0x29, 0x29, 0x49, 0x31, 0x6B, 0x31, 
    0xAC, 0x35, 0x4A, 0x2D, 0x28, 0x29, 0x10, 0x46, 0x17, 0x67, 0x18, 0x67, 0x38, 0x67, 0x18, 0x63, 
    0x17, 0x67, 0x94, 0x56, 0x31, 0x4A, 0x8C, 0x31, 0x4A, 0x31, 0x8C, 0x39, 0xEE, 0x41, 0xEF, 0x41, 
    0x72, 0x52, 0x73, 0x52, 0x30, 0x4A, 0x30, 0x4A, 0xCD, 0x41, 0x08, 0x29, 0x08, 0x25, 0x2A, 0x29, 
    0x49, 0x2D, 0x4B, 0x2D, 0xAC, 0x3D, 0xEF, 0x45, 0x8A, 0x35, 0x4A, 0x31, 0x6A, 0x31, 0x08, 0x25, 
    0x48, 0x2D, 0x4A, 0x2D, 0x8B, 0x35, 0x6B, 0x35, 0x8A, 0x39, 0xCD, 0x45, 0xED, 0x49, 0xED, 0x49, 
    0x71, 0x56, 0x72, 0x56, 0x0E, 0x4A, 0xCD, 0x41, 0xED, 0x41, 0xF7, 0x62, 0x17, 0x67, 0x18, 0x67, 
    0x72, 0x56, 0x18, 0x67, 0x39, 0x67, 0x3A, 0x67, 0x39, 0x67, 0xAD, 0x39, 0x49, 0x31, 0x51, 0x4E, 
    0x71, 0x56, 0x30, 0x4E, 0x17, 0x67, 0xF7, 0x62, 0x7A, 0x73, 0x7B, 0x6F, 0x59, 0x6F, 0x72, 0x52, 
    0xED, 0x41, 0x6A, 0x35, 0x0E, 0x4A, 0xAD, 0x39, 0x10, 0x46, 0x75, 0x4A, 0xB6, 0x4E, 0xD8, 0x52, 
    0xF9, 0x56, 0x1B, 0x5B, 0x1B, 0x5B, 0x1B, 0x5B, 0x1B, 0x5B, 0xFA, 0x56, 0xF8, 0x56, 0xB7, 0x4E, 
    0xB6, 0x52, 0xB6, 0x4E, 0xD6, 0x52, 0xB5, 0x4E, 0xB4, 0x4E, 0x96, 0x4E, 0xB6, 0x52, 0xB6, 0x4A, 
    0xB4, 0x4E, 0x95, 0x4A, 0xB4, 0x4E, 0x94, 0x4A, 0x95, 0x4A, 0x96, 0x4A, 0x95, 0x4A, 0x76, 0x46, 
    0x74, 0x46, 0x54, 0x42, 0x73, 0x42, 0x75, 0x42, 0x96, 0x4A, 0x97, 0x4A, 0xB6, 0x4E, 0x96, 0x4A, 
    0xB5, 0x4E, 0x95, 0x4A, 0x94, 0x4E, 0x95, 0x4A, 0xB5, 0x4E, 0xB6, 0x4E, 0xB5, 0x4E, 0xB6, 0x4E, 
    0xD7, 0x52, 0xD9, 0x52, 0xF9, 0x56, 0xD9, 0x52, 0xB7, 0x4E, 0x96, 0x4A, 0x73, 0x4A, 0x51, 0x46, 
    0x4F, 0x46, 0x73, 0x46, 0x73, 0x4A, 0x54, 0x46, 0xB8, 0x52, 0xDA, 0x56, 0xFA, 0x5A, 0xDA, 0x56, 
    0xF9, 0x56, 0xD9, 0x52, 0xB8, 0x52, 0x98, 0x4E, 0x97, 0x4E, 0x76, 0x4A, 0x53, 0x46, 0x53, 0x46, 
    0x95, 0x4E, 0x97, 0x52, 0xD8, 0x56, 0xDA, 0x56, 0xFA, 0x5A, 0xFB, 0x5A, 0x1A, 0x5F, 0xFB, 0x5A, 
    0xFA, 0x5A, 0xFA, 0x56, 0xF9, 0x56, 0xFA, 0x56, 0xD8, 0x52, 0xB7, 0x4E, 0x95, 0x4A, 0x74, 0x46, 
    0x73, 0x46, 0x52, 0x42, 0x30, 0x42, 0x10, 0x3E, 0x30, 0x42, 0x74, 0x46, 0xB6, 0x4E, 0xB7, 0x52, 
    0xCB, 0x35, 0xEC, 0x39, 0x10, 0x3E, 0x52, 0x46, 0x76, 0x46, 0x76, 0x4A, 0x53, 0x46, 0x50, 0x4A, 
    0x50, 0x46, 0x6F, 0x4A, 0x51, 0x46, 0x52, 0x46, 0x53, 0x46, 0x73, 0x46, 0x53, 0x46, 0x93, 0x4A, 
    0x97, 0x4E, 0xDA, 0x52, 0xBA, 0x4E, 0xD9, 0x52, 0xDA, 0x52, 0x1C, 0x5B, 0x3D, 0x5B, 0x5E, 0x5F, 
    0x3E, 0x5B, 0x3D, 0x5B, 0xDB, 0x52, 0xD9, 0x4E, 0xB9, 0x4E, 0xD9, 0x52, 0xDB, 0x52, 0xDA, 0x52, 
    0xBA, 0x4E, 0xD9, 0x52, 0xFB, 0x52, 0x3D, 0x5F, 0x7F, 0x67, 0xBF, 0x6F, 0xBF, 0x6F, 0xBF, 0x73, 
    0xBF, 0x6F, 0xBF, 0x6F, 0x9F, 0x6B, 0x9F, 0x6B, 0x7F, 0x67, 0x7E, 0x67, 0x7E, 0x67, 0x9E, 0x67, 
    0x7E, 0x63, 0x7E, 0x63, 0x5E, 0x5F, 0x5E, 0x5F, 0x5E, 0x5F, 0x5E, 0x5F, 0x3E, 0x5F, 0x5D, 0x5F, 
    0x3E, 0x5F, 0x5E, 0x5F, 0x5E, 0x5F, 0x5D, 0x63, 0x5E, 0x5F, 0x5D, 0x63, 0x3D, 0x5B, 0x3C, 0x5B, 
    0x1C, 0x57, 0xFA, 0x52, 0xB7, 0x4E, 0x93, 0x4A, 0x73, 0x4A, 0x93, 0x4E, 0x94, 0x4A, 0x93, 0x4E, 
    0x73, 0x4A, 0x72, 0x4A, 0x51, 0x46, 0x50, 0x46, 0x50, 0x46, 0x50, 0x46, 0x52, 0x46, 0x72, 0x4A, 
    0x30, 0x42, 0x2E, 0x3E, 0x0F, 0x3E, 0x2E, 0x42, 0x30, 0x46, 0x51, 0x4A, 0x32, 0x46, 0xB5, 0x56, 
    0x33, 0x4A, 0x10, 0x4A, 0x10, 0x4A, 0x8B, 0x39, 0x8C, 0x35, 0xAC, 0x39, 0xCF, 0x3D, 0xEF, 0x41, 
    0xF0, 0x41, 0x8B, 0x35, 0x4A, 0x2D, 0x94, 0x5A, 0x19, 0x6B, 0x38, 0x6B, 0x19, 0x67, 0x39, 0x6B, 
    0x18, 0x67, 0x10, 0x4A, 0xF0, 0x41, 0x8C, 0x39, 0xCF, 0x41, 0x30, 0x4E, 0xF0, 0x45, 0x30, 0x4A, 
    0x74, 0x52, 0x93, 0x52, 0x52, 0x52, 0x52, 0x52, 0x8D, 0x39, 0x28, 0x29, 0x09, 0x25, 0x29, 0x2D, 
    0x4B, 0x31, 0xCE, 0x41, 0x10, 0x4A, 0xCD, 0x41, 0x4A, 0x31, 0x49, 0x31, 0x6C, 0x35, 0x28, 0x29, 
    0x09, 0x29, 0x6B, 0x35, 0xF0, 0x45, 0xEF, 0x49, 0x8C, 0x3D, 0x50, 0x56, 0x2F, 0x52, 0x71, 0x5A, 
    0xF6, 0x6A, 0x16, 0x6B, 0x10, 0x4E, 0x8B, 0x3D, 0x6C, 0x39, 0x72, 0x5A, 0x0F, 0x4A, 0x30, 0x4E, 
    0x94, 0x5A, 0x18, 0x67, 0xF9, 0x62, 0x39, 0x67, 0x5B, 0x6B, 0xD5, 0x5E, 0x29, 0x2D, 0x6A, 0x35, 
    0xEF, 0x49, 0x72, 0x5A, 0x19, 0x6B, 0xF6, 0x66, 0xB6, 0x5E, 0x9B, 0x73, 0x3A, 0x6B, 0x93, 0x5A, 
    0x8B, 0x39, 0x30, 0x52, 0xEE, 0x45, 0xAD, 0x3D, 0xF0, 0x41, 0x74, 0x4A, 0xB7, 0x4E, 0xD8, 0x52, 
    0xFA, 0x56, 0x1B, 0x5B, 0x1C, 0x5B, 0x1B, 0x5F, 0xFC, 0x5A, 0x1A, 0x5B, 0xB8, 0x52, 0xB7, 0x52, 
    0xB7, 0x4E, 0xB6, 0x52, 0xB7, 0x52, 0xB5, 0x52, 0x95, 0x4E, 0xB7, 0x52, 0xB7, 0x52, 0xB6, 0x4E, 
    0x95, 0x4E, 0xB5, 0x4E, 0x95, 0x4E, 0x94, 0x4E, 0x96, 0x4A, 0x96, 0x4E, 0x97, 0x4A, 0x96, 0x4A, 
    0x76, 0x46, 0x75, 0x46, 0x56, 0x42, 0x76, 0x4A, 0x98, 0x4A, 0xB8, 0x4E, 0xB7, 0x4E, 0xB6, 0x52, 
    0x97, 0x4E, 0x96, 0x4E, 0x96, 0x4A, 0x96, 0x4E, 0x97, 0x4E, 0xB6, 0x52, 0x97, 0x4E, 0xB7, 0x52, 
    0xB8, 0x52, 0xD8, 0x56, 0xD9, 0x56, 0xD8, 0x52, 0xB7, 0x4E, 0x95, 0x4E, 0x73, 0x4A, 0x71, 0x46, 
    0x50, 0x42, 0x72, 0x4A, 0x54, 0x46, 0x96, 0x4E, 0xDA, 0x56, 0xFB, 0x5E, 0xFB, 0x5A, 0xFA, 0x5A, 
    0xDA, 0x56, 0xD9, 0x56, 0xB9, 0x52, 0xB8, 0x52, 0x77, 0x4E, 0x75, 0x4A, 0x54, 0x46, 0x74, 0x4A, 
    0x96, 0x4E, 0xB7, 0x56, 0xB9, 0x56, 0xFA, 0x5A, 0xFB, 0x5A, 0xFB, 0x5E, 0xFC, 0x5E, 0x1B, 0x5F, 
    0xFC, 0x5A, 0x1B, 0x5B, 0xFB, 0x5A, 0xFA, 0x5A, 0xDA, 0x56, 0xD8, 0x52, 0x96, 0x4A, 0x95, 0x4A, 
    0x55, 0x46, 0x52, 0x46, 0x11, 0x3E, 0x30, 0x42, 0x31, 0x42, 0x74, 0x4A, 0x97, 0x4E, 0xB7, 0x52, 
    0xCB, 0x39, 0xED, 0x39, 0x2F, 0x3E, 0x52, 0x42, 0x74, 0x46, 0x76, 0x46, 0x74, 0x4A, 0x52, 0x46, 
    0x4F, 0x4A, 0x4F, 0x46, 0x71, 0x4A, 0x53, 0x42, 0x73, 0x46, 0x53, 0x46, 0x71, 0x46, 0x73, 0x46, 
    0xB6, 0x4E, 0xDA, 0x52, 0xD9, 0x52, 0xBA, 0x4E, 0xD8, 0x52, 0xFA, 0x52, 0x1B, 0x57, 0x1D, 0x57, 
    0x3D, 0x5B, 0xFC, 0x56, 0xDA, 0x52, 0xB8, 0x4A, 0xB7, 0x4A, 0xB9, 0x4A, 0xB9, 0x4E, 0xB9, 0x4E, 
    0xB8, 0x4E, 0xB9, 0x4E, 0xFB, 0x56, 0x3D, 0x5B, 0x9E, 0x67, 0x9F, 0x6B, 0xBE, 0x73, 0xBF, 0x6F, 
    0xBF, 0x6F, 0xBF, 0x6F, 0xBE, 0x6F, 0x9F, 0x6B, 0x9E, 0x67, 0x7E, 0x63, 0x9E, 0x67, 0x9F, 0x67, 
    0x9E, 0x67, 0x7E, 0x5F, 0x7E, 0x63, 0x5E, 0x5F, 0x7E, 0x63, 0x5E, 0x5F, 0x5E, 0x5F, 0x5E, 0x5F, 
    0x5E, 0x5F, 0x5E, 0x5F, 0x7D, 0x63, 0x5E, 0x5F, 0x5D, 0x63, 0x5E, 0x5F, 0x3C, 0x5F, 0x1C, 0x5B, 
    0x1B, 0x5B, 0xFA, 0x52, 0xD7, 0x4E, 0x93, 0x4A, 0x92, 0x4A, 0x72, 0x46, 0x71, 0x4A, 0x71, 0x46, 
    0x50, 0x46, 0x30, 0x42, 0x2E, 0x42, 0x0E, 0x42, 0x2F, 0x46, 0x30, 0x42, 0x71, 0x4A, 0x52, 0x46, 
    0x2F, 0x42, 0xEC, 0x39, 0xEB, 0x39, 0xEC, 0x39, 0x0D, 0x42, 0x30, 0x46, 0x51, 0x4A, 0x96, 0x56, 
    0x52, 0x4A, 0x52, 0x4E, 0x30, 0x4E, 0x29, 0x2D, 0x28, 0x2D, 0xEF, 0x41, 0x10, 0x46, 0x53, 0x4E, 
    0x10, 0x46, 0x4A, 0x2D, 0x4A, 0x2D, 0xD6, 0x5E, 0x38, 0x6B, 0x18, 0x67, 0x38, 0x67, 0x3A, 0x6B, 
    0xF7, 0x62, 0x4B, 0x31, 0x6A, 0x31, 0xCE, 0x41, 0xB4, 0x5A, 0x94, 0x5A, 0x8B, 0x39, 0x10, 0x46, 
    0x93, 0x52, 0x74, 0x52, 0x72, 0x52, 0xCE, 0x41, 0x49, 0x31, 0x09, 0x29, 0x29, 0x29, 0x4A, 0x2D, 
    0xAD, 0x3D, 0xCF, 0x41, 0xEE, 0x41, 0xAD, 0x3D, 0xAD, 0x3D, 0x6B, 0x31, 0x6B, 0x35, 0x09, 0x29, 
    0x6B, 0x31, 0xEF, 0x41, 0xB4, 0x5E, 0x94, 0x5A, 0x2F, 0x4E, 0x51, 0x56, 0x71, 0x56, 0xF6, 0x66, 
    0x58, 0x6F, 0x39, 0x6F, 0xF5, 0x66, 0x49, 0x35, 0x49, 0x31, 0x8B, 0x3D, 0xAB, 0x41, 0x51, 0x52, 
    0xD5, 0x62, 0xD7, 0x5E, 0x18, 0x63, 0xD8, 0x5E, 0xB5, 0x5A, 0xF7, 0x62, 0x93, 0x5A, 0x6B, 0x35, 
    0xEE, 0x49, 0x94, 0x5A, 0x38, 0x6F, 0xD6, 0x62, 0xEF, 0x45, 0x5A, 0x6B, 0x59, 0x6F, 0xB4, 0x5E, 
    0xED, 0x45, 0x30, 0x4E, 0x71, 0x56, 0xAD, 0x3D, 0xCE, 0x39, 0x33, 0x46, 0xD6, 0x52, 0xD9, 0x52, 
    0xFA, 0x5A, 0x1C, 0x5B, 0x3B, 0x5F, 0x1C, 0x5B, 0x1B, 0x5F, 0xFB, 0x56, 0xD8, 0x52, 0xB7, 0x4E, 
    0xD7, 0x52, 0xB6, 0x52, 0xB5, 0x52, 0x94, 0x4E, 0xB5, 0x52, 0xD8, 0x52, 0xD7, 0x56, 0xB6, 0x4E, 
    0xB5, 0x4E, 0xB6, 0x4E, 0xB5, 0x4E, 0x95, 0x4E, 0xB6, 0x4E, 0x97, 0x4E, 0xB7, 0x4E, 0x97, 0x4A, 
    0x96, 0x4A, 0x76, 0x46, 0x76, 0x46, 0x77, 0x46, 0xB7, 0x4E, 0xB9, 0x4E, 0xD8, 0x52, 0xB8, 0x4E, 
    0xB7, 0x52, 0x97, 0x4E, 0xB6, 0x4E, 0x97, 0x4E, 0xB6, 0x4E, 0xB6, 0x4E, 0xB6, 0x52, 0xB8, 0x52, 
    0xD8, 0x52, 0xB8, 0x52, 0xD8, 0x52, 0xB7, 0x4E, 0x96, 0x4E, 0x75, 0x4A, 0x73, 0x4A, 0x51, 0x46, 
    0x50, 0x46, 0x53, 0x46, 0x73, 0x4A, 0xB8, 0x52, 0xFA, 0x5A, 0xFB, 0x5A, 0x1B, 0x5B, 0xFB, 0x5A, 
    0xFA, 0x5A, 0xDA, 0x56, 0xD9, 0x56, 0xB9, 0x52, 0x96, 0x4E, 0x55, 0x46, 0x53, 0x46, 0x75, 0x4A, 
    0x96, 0x52, 0xB8, 0x52, 0xD8, 0x5A, 0xDA, 0x5A, 0xFB, 0x5E, 0xFC, 0x5E, 0x1B, 0x5F, 0x1C, 0x5F, 
    0x1C, 0x5F, 0x1C, 0x5B, 0x1B, 0x5F, 0x1B, 0x5B, 0xFA, 0x5A, 0xD9, 0x56, 0xB6, 0x52, 0x96, 0x4A, 
    0x74, 0x4A, 0x53, 0x46, 0x30, 0x42, 0x10, 0x3E, 0x31, 0x46, 0x54, 0x46, 0x96, 0x4E, 0x97, 0x52, 
    0xCC, 0x39, 0xED, 0x3D, 0x0F, 0x3E, 0x50, 0x42, 0x53, 0x46, 0x74, 0x4A, 0x75, 0x4A, 0x73, 0x4E, 
    0x50, 0x4A, 0x4F, 0x4A, 0x52, 0x4A, 0x53, 0x46, 0x54, 0x46, 0x53, 0x46, 0x52, 0x46, 0x72, 0x4A, 
    0x96, 0x4A, 0xD9, 0x52, 0xBA, 0x52, 0xD9, 0x52, 0xB8, 0x4E, 0xD8, 0x52, 0xDA, 0x52, 0xFB, 0x56, 
    0xFC, 0x56, 0xFB, 0x56, 0xB9, 0x4E, 0xB7, 0x4E, 0x97, 0x4A, 0x97, 0x4E, 0x99, 0x4A, 0x98, 0x4E, 
    0x98, 0x4A, 0xB8, 0x4E, 0xFB, 0x52, 0x3D, 0x5F, 0x7F, 0x63, 0xBF, 0x6F, 0xBF, 0x6F, 0xBF, 0x73, 
    0x9F, 0x6F, 0xBF, 0x73, 0x9F, 0x6F, 0xBE, 0x6F, 0x9F, 0x67, 0x9E, 0x6B, 0x9F, 0x67, 0x9F, 0x6B, 
    0x7F, 0x67, 0x7E, 0x63, 0x5F, 0x63, 0x7E, 0x63, 0x5F, 0x63, 0x7E, 0x63, 0x5E, 0x5F, 0x5E, 0x63, 
    0x5E, 0x5F, 0x5E, 0x63, 0x5E, 0x63, 0x7E, 0x67, 0x5E, 0x63, 0x5D, 0x63, 0x1D, 0x5B, 0x1C, 0x5B, 
    0xFC, 0x56, 0xFB, 0x56, 0xB9, 0x52, 0x94, 0x4E, 0x72, 0x46, 0x70, 0x46, 0x30, 0x42, 0x2E, 0x42, 
    0x0E, 0x3E, 0x0C, 0x3E, 0xEC, 0x3D, 0x0D, 0x42, 0x0F, 0x42, 0x2F, 0x46, 0x52, 0x4A, 0x72, 0x4A, 
    0x30, 0x42, 0xEC, 0x39, 0xAA, 0x35, 0xCA, 0x39, 0xEC, 0x3D, 0x0D, 0x42, 0x30, 0x46, 0x95, 0x56, 
    0x74, 0x52, 0x72, 0x56, 0xCE, 0x41, 0xE7, 0x24, 0xE8, 0x24, 0xEE, 0x41, 0x11, 0x46, 0x10, 0x46, 
    0x4A, 0x2D, 0x08, 0x29, 0x4B, 0x31, 0xD6, 0x62, 0xF8, 0x66, 0x18, 0x67, 0x19, 0x67, 0x5A, 0x6F, 
    0x54, 0x52, 0xE8, 0x28, 0x2A, 0x2D, 0x30, 0x4E, 0xF7, 0x66, 0x73, 0x56, 0xAE, 0x3D, 0x52, 0x4E, 
    0x74, 0x52, 0x94, 0x56, 0xCE, 0x3D, 0xAD, 0x3D, 0x4B, 0x31, 0x09, 0x29, 0x2A, 0x29, 0x6B, 0x35, 
    0xF0, 0x45, 0xCE, 0x41, 0x09, 0x29, 0xEF, 0x45, 0x75, 0x56, 0x52, 0x52, 0x8D, 0x39, 0x28, 0x29, 
    0x11, 0x46, 0x94, 0x5A, 0x53, 0x52, 0x72, 0x56, 0x52, 0x56, 0x93, 0x5E, 0xF7, 0x6A, 0x58, 0x73, 
    0x3A, 0x6F, 0x5A, 0x6F, 0x18, 0x6B, 0xEE, 0x49, 0x08, 0x2D, 0x6A, 0x39, 0x8C, 0x41, 0xD5, 0x66, 
    0xD7, 0x62, 0xB5, 0x5A, 0x19, 0x67, 0x73, 0x56, 0xE8, 0x28, 0x6B, 0x39, 0x53, 0x52, 0xCD, 0x41, 
    0x10, 0x4A, 0xD6, 0x66, 0x3A, 0x73, 0xD5, 0x62, 0xF0, 0x49, 0xB5, 0x5E, 0x18, 0x6B, 0x0F, 0x4E, 
    0x8C, 0x3D, 0x49, 0x31, 0x6B, 0x35, 0x8C, 0x39, 0x6D, 0x35, 0xF0, 0x41, 0xB7, 0x52, 0xF9, 0x56, 
    0xFB, 0x5A, 0x1C, 0x5F, 0x1C, 0x5F, 0x1B, 0x5F, 0xFB, 0x5A, 0xFA, 0x5A, 0xB8, 0x52, 0xD8, 0x56, 
    0xB8, 0x52, 0xD6, 0x56, 0x95, 0x4E, 0x94, 0x52, 0xB8, 0x52, 0xF8, 0x56, 0xD8, 0x52, 0xB6, 0x52, 
    0xB7, 0x4E, 0xD7, 0x52, 0xB7, 0x52, 0xD7, 0x52, 0xB8, 0x52, 0xB7, 0x52, 0x98, 0x4E, 0xB7, 0x4E, 
    0x97, 0x4A, 0x96, 0x4A, 0x77, 0x46, 0x97, 0x4A, 0x98, 0x4E, 0xB8, 0x52, 0xB9, 0x52, 0xD8, 0x56, 
    0xB8, 0x52, 0xB7, 0x52, 0xB8, 0x52, 0xB7, 0x52, 0xB7, 0x52, 0xB6, 0x52, 0xB7, 0x52, 0xD7, 0x56, 
    0xB8, 0x52, 0xB7, 0x52, 0x97, 0x4E, 0x95, 0x4E, 0x75, 0x4A, 0x94, 0x4A, 0x73, 0x4A, 0x50, 0x46, 
    0x51, 0x46, 0x73, 0x4A, 0x74, 0x4A, 0xD8, 0x56, 0xDB, 0x56, 0xFB, 0x5A, 0xFB, 0x5A, 0x1B, 0x5F, 
    0xFB, 0x5A, 0xFA, 0x5A, 0xDA, 0x56, 0xB9, 0x56, 0x98, 0x4E, 0x75, 0x4A, 0x55, 0x4A, 0x96, 0x52, 
    0x97, 0x52, 0xB7, 0x56, 0xB9, 0x5A, 0xFA, 0x5E, 0xFC, 0x5E, 0x1C, 0x63, 0x1D, 0x63, 0x3C, 0x63, 
    0x1D, 0x5F, 0x3C, 0x63, 0x1D, 0x5F, 0x1C, 0x5F, 0xFB, 0x5A, 0xD9, 0x5A, 0xB8, 0x52, 0x96, 0x4E, 
    0x75, 0x46, 0x52, 0x46, 0x11, 0x42, 0x30, 0x42, 0x32, 0x46, 0x53, 0x4A, 0x75, 0x4A, 0x96, 0x52, 
    0xEB, 0x39, 0xED, 0x39, 0x2E, 0x3E, 0x30, 0x3E, 0x51, 0x42, 0x72, 0x46, 0x93, 0x4A, 0x72, 0x4A, 
    0x6F, 0x4A, 0x4F, 0x46, 0x71, 0x4A, 0x53, 0x42, 0x53, 0x46, 0x53, 0x42, 0x72, 0x46, 0x52, 0x46, 
    0x95, 0x4A, 0xB9, 0x4E, 0xD9, 0x52, 0xB9, 0x4E, 0xB7, 0x4E, 0xB6, 0x4A, 0xD7, 0x4E, 0xF9, 0x4E, 
    0xFA, 0x52, 0xDA, 0x4E, 0xB8, 0x4E, 0x96, 0x46, 0x95, 0x46, 0x96, 0x46, 0x96, 0x4A, 0x97, 0x46, 
    0x96, 0x4A, 0xB8, 0x4A, 0xFA, 0x56, 0x3D, 0x5B, 0x7E, 0x63, 0x9F, 0x6B, 0xDE, 0x6F, 0xBF, 0x6F, 
    0xDE, 0x6F, 0xBF, 0x6F, 0xBE, 0x6F, 0xBF, 0x6B, 0xBE, 0x6B, 0x9F, 0x67, 0xBE, 0x6B, 0x9F, 0x67, 
    0x9E, 0x67, 0x7E, 0x63, 0x7E, 0x63, 0x7E, 0x5F, 0x7E, 0x63, 0x5E, 0x5F, 0x7E, 0x5F, 0x5E, 0x5F, 
    0x7E, 0x5F, 0x7E, 0x5F, 0x7E, 0x63, 0x7E, 0x63, 0x7E, 0x63, 0x5D, 0x5F, 0x3C, 0x5B, 0x1C, 0x57, 
    0x1B, 0x57, 0xFB, 0x56, 0xF9, 0x52, 0xB6, 0x4A, 0x92, 0x46, 0x50, 0x42, 0x2E, 0x42, 0x0D, 0x3E, 
    0xEB, 0x39, 0xCB, 0x35, 0xEB, 0x39, 0x0E, 0x42, 0x50, 0x46, 0x51, 0x4A, 0x72, 0x4E, 0x73, 0x4A, 
    0x51, 0x46, 0xED, 0x39, 0xA9, 0x31, 0xA9, 0x31, 0xC8, 0x35, 0xA9, 0x35, 0x0D, 0x3E, 0x53, 0x4A, 
    0x93, 0x52, 0x72, 0x52, 0xAC, 0x39, 0xC6, 0x1C, 0x07, 0x25, 0x8C, 0x35, 0xCE, 0x3D, 0x8C, 0x31, 
    0x49, 0x2D, 0xE7, 0x20, 0xAC, 0x39, 0x94, 0x56, 0xF5, 0x5E, 0xF7, 0x5E, 0x59, 0x67, 0x19, 0x63, 
    0xAC, 0x39, 0x09, 0x29, 0x6A, 0x31, 0xEF, 0x45, 0xD4, 0x5E, 0x30, 0x4A, 0xEE, 0x41, 0xF0, 0x41, 
    0x10, 0x42, 0x73, 0x4E, 0x2F, 0x4A, 0xEE, 0x41, 0x8B, 0x35, 0x09, 0x25, 0x28, 0x29, 0x6B, 0x31, 
    0x72, 0x56, 0x52, 0x4E, 0x51, 0x4E, 0xF7, 0x5E, 0x17, 0x63, 0x32, 0x4A, 0xCD, 0x39, 0x4A, 0x2D, 
    0x72, 0x4E, 0x94, 0x56, 0x51, 0x4E, 0x52, 0x4E, 0xB4, 0x5E, 0x38, 0x6F, 0x79, 0x73, 0x59, 0x6F, 
    0x59, 0x6F, 0x5A, 0x6F, 0xF5, 0x66, 0x93, 0x5E, 0x48, 0x35, 0x69, 0x35, 0xCC, 0x45, 0x93, 0x5A, 
    0x93, 0x56, 0xB5, 0x5A, 0x59, 0x6F, 0xF7, 0x62, 0x51, 0x52, 0x08, 0x29, 0x07, 0x2D, 0x30, 0x4A, 
    0x93, 0x5A, 0xD6, 0x62, 0xF6, 0x66, 0x93, 0x5A, 0x93, 0x5A, 0x6B, 0x35, 0x51, 0x52, 0xAC, 0x41, 
    0xED, 0x45, 0x6B, 0x35, 0x49, 0x2D, 0x6B, 0x31, 0x8C, 0x35, 0xAD, 0x35, 0xB5, 0x4E, 0xF9, 0x56, 
    0x1B, 0x5B, 0x1C, 0x5B, 0x3C, 0x5F, 0x1C, 0x5B, 0x1A, 0x5B, 0xF9, 0x56, 0xD8, 0x52, 0xD8, 0x52, 
    0xD7, 0x52, 0xB7, 0x52, 0xB4, 0x52, 0xB6, 0x4E, 0xF8, 0x56, 0xF9, 0x56, 0xD7, 0x56, 0xB7, 0x4E, 
    0xD7, 0x52, 0xD8, 0x52, 0xF7, 0x56, 0xD8, 0x52, 0xF8, 0x52, 0xB8, 0x4E, 0xB7, 0x52, 0xB8, 0x4E, 
    0xB7, 0x4A, 0x97, 0x46, 0x96, 0x46, 0x77, 0x46, 0xB7, 0x4E, 0xB8, 0x4E, 0xD8, 0x56, 0xD9, 0x52, 
    0xD8, 0x56, 0xD8, 0x52, 0xD7, 0x52, 0xB7, 0x52, 0xD7, 0x52, 0xD7, 0x52, 0xD7, 0x52, 0xD8, 0x52, 
    0xD7, 0x52, 0xB7, 0x4E, 0xB6, 0x4E, 0x75, 0x4A, 0x74, 0x4A, 0x73, 0x46, 0x92, 0x4A, 0x51, 0x46, 
    0x71, 0x46, 0x73, 0x46, 0x94, 0x4A, 0xB8, 0x52, 0xF9, 0x56, 0xDA, 0x56, 0xFA, 0x56, 0xFB, 0x5A, 
    0x1B, 0x5F, 0xFB, 0x5A, 0xF9, 0x56, 0xB9, 0x52, 0xB7, 0x52, 0x76, 0x4A, 0x96, 0x4A, 0x97, 0x4E, 
    0xB7, 0x52, 0xB8, 0x52, 0xD9, 0x5A, 0xFB, 0x5A, 0x1B, 0x5F, 0x1D, 0x5F, 0x3C, 0x63, 0x3D, 0x5F, 
    0x5D, 0x63, 0x3D, 0x63, 0x5C, 0x63, 0x3C, 0x5F, 0x1A, 0x5B, 0xD9, 0x56, 0xD7, 0x52, 0x96, 0x4A, 
    0x74, 0x4A, 0x52, 0x42, 0x30, 0x42, 0x31, 0x3E, 0x51, 0x46, 0x52, 0x46, 0x74, 0x4A, 0x96, 0x4E, 
    0xED, 0x39, 0x0D, 0x3E, 0x0F, 0x3E, 0x2F, 0x42, 0x31, 0x42, 0x71, 0x4A, 0x72, 0x4A, 0x71, 0x4A, 
    0x50, 0x46, 0x4F, 0x4A, 0x52, 0x46, 0x53, 0x46, 0x53, 0x42, 0x53, 0x46, 0x54, 0x46, 0x73, 0x4A, 
    0x75, 0x46, 0xD9, 0x52, 0xBA, 0x52, 0xD9, 0x52, 0x98, 0x4E, 0xB5, 0x4A, 0x94, 0x4A, 0xD6, 0x4E, 
    0xB9, 0x4E, 0xD9, 0x4E, 0x98, 0x4A, 0x95, 0x4A, 0x75, 0x46, 0x95, 0x46, 0x76, 0x46, 0x75, 0x46, 
    0x76, 0x46, 0xB8, 0x4E, 0xDB, 0x52, 0x3C, 0x5B, 0x5E, 0x5F, 0x9E, 0x6B, 0xBF, 0x6F, 0xBF, 0x73, 
    0xBF, 0x6F, 0xBF, 0x73, 0xBF, 0x6F, 0xBF, 0x6F, 0x9F, 0x6B, 0x9E, 0x6B, 0x9F, 0x67, 0x9E, 0x6B, 
    0x7F, 0x67, 0x7E, 0x67, 0x7F, 0x63, 0x7E, 0x63, 0x5E, 0x5F, 0x7E, 0x63, 0x5E, 0x5F, 0x7E, 0x63, 
    0x5E, 0x5F, 0x7E, 0x63, 0x7E, 0x63, 0x7E, 0x67, 0x5E, 0x63, 0x5D, 0x5F, 0x1C, 0x57, 0x1B, 0x57, 
    0xFB, 0x56, 0x1B, 0x5B, 0xFB, 0x56, 0xD8, 0x52, 0x96, 0x4A, 0x71, 0x46, 0x2F, 0x3E, 0x0D, 0x3E, 
    0xCB, 0x39, 0xCA, 0x39, 0xED, 0x3D, 0x30, 0x46, 0x53, 0x4A, 0x74, 0x4E, 0x75, 0x4E, 0x74, 0x4E, 
    0x53, 0x46, 0x30, 0x42, 0xCD, 0x35, 0xA9, 0x31, 0x67, 0x2D, 0x66, 0x2D, 0x8A, 0x31, 0x0F, 0x46, 
    0x74, 0x52, 0xB4, 0x5A, 0x8C, 0x35, 0xC6, 0x20, 0x2A, 0x2D, 0x6A, 0x31, 0x6C, 0x31, 0x8C, 0x35, 
    0x2A, 0x2D, 0x4A, 0x31, 0xCE, 0x41, 0x72, 0x52, 0xB5, 0x5A, 0xF6, 0x62, 0x39, 0x67, 0x51, 0x52, 
    0x29, 0x2D, 0x4A, 0x31, 0x6B, 0x35, 0x51, 0x52, 0x94, 0x5A, 0xCD, 0x3D, 0xCE, 0x3D, 0x8C, 0x35, 
    0x2B, 0x29, 0xAD, 0x39, 0x10, 0x46, 0xEE, 0x45, 0xAD, 0x39, 0x29, 0x2D, 0x09, 0x29, 0x49, 0x2D, 
    0x11, 0x4A, 0x73, 0x52, 0x19, 0x67, 0x5A, 0x6F, 0xB6, 0x5A, 0xCE, 0x41, 0xAE, 0x3D, 0xAC, 0x39, 
    0xCF, 0x3D, 0xCE, 0x41, 0xB7, 0x5E, 0xD6, 0x62, 0x18, 0x67, 0x7B, 0x77, 0x5B, 0x73, 0x7A, 0x73, 
    0x3A, 0x6B, 0x39, 0x6F, 0xB5, 0x62, 0x50, 0x56, 0x6A, 0x39, 0x8A, 0x3D, 0xEE, 0x49, 0x2F, 0x52, 
    0x31, 0x4E, 0xF7, 0x66, 0x18, 0x67, 0xB5, 0x5E, 0x95, 0x5A, 0x52, 0x52, 0xC7, 0x24, 0x0F, 0x4A, 
    0xF7, 0x66, 0xEF, 0x49, 0xAD, 0x3D, 0xEE, 0x45, 0x94, 0x5A, 0xEE, 0x49, 0x6B, 0x3D, 0xCC, 0x45, 
    0xEE, 0x49, 0xAC, 0x3D, 0x8D, 0x39, 0x6B, 0x35, 0x8D, 0x35, 0x8C, 0x35, 0x33, 0x46, 0xF9, 0x5A, 
    0xFB, 0x5A, 0x1C, 0x5F, 0x1C, 0x5F, 0x1B, 0x5F, 0xFB, 0x5A, 0xF9, 0x56, 0xB8, 0x52, 0xD8, 0x56, 
    0xD8, 0x52, 0xD7, 0x52, 0xB6, 0x52, 0xD7, 0x56, 0xFA, 0x56, 0xF9, 0x5A, 0xB8, 0x52, 0xD8, 0x52, 
    0xD9, 0x52, 0xF9, 0x56, 0xFA, 0x56, 0xF9, 0x5A, 0xD9, 0x56, 0xD8, 0x56, 0xB8, 0x52, 0xB8, 0x52, 
    0x97, 0x4A, 0x96, 0x4A, 0x76, 0x46, 0x96, 0x4A, 0x98, 0x4E, 0xB8, 0x52, 0xB9, 0x52, 0xD9, 0x56, 
    0xD9, 0x56, 0xD8, 0x56, 0xD8, 0x56, 0xD8, 0x56, 0xD8, 0x52, 0xD7, 0x56, 0xD8, 0x52, 0xD7, 0x56, 
    0xB8, 0x52, 0xB7, 0x52, 0x97, 0x4E, 0x95, 0x4E, 0x74, 0x4A, 0x72, 0x4A, 0x72, 0x46, 0x71, 0x4A, 
    0x53, 0x46, 0x73, 0x4A, 0x74, 0x4A, 0xB7, 0x52, 0xD9, 0x52, 0xD8, 0x56, 0xD9, 0x56, 0xFB, 0x5A, 
    0xFC, 0x5A, 0xFB, 0x5A, 0xDA, 0x56, 0xD9, 0x56, 0xB9, 0x52, 0xB7, 0x52, 0x98, 0x4E, 0xB8, 0x52, 
    0xB8, 0x52, 0xB8, 0x56, 0xDA, 0x5A, 0x1B, 0x5F, 0x1D, 0x5F, 0x3D, 0x63, 0x3E, 0x63, 0x5D, 0x63, 
    0x3E, 0x63, 0x5D, 0x67, 0x3D, 0x63, 0x3C, 0x63, 0xFB, 0x5A, 0xF9, 0x5A, 0xB8, 0x52, 0x96, 0x4E, 
    0x75, 0x46, 0x52, 0x46, 0x32, 0x42, 0x31, 0x42, 0x32, 0x42, 0x52, 0x46, 0x53, 0x46, 0x95, 0x4E, 
    0x0D, 0x3E, 0x0E, 0x3E, 0x2F, 0x42, 0x30, 0x3E, 0x4F, 0x42, 0x50, 0x46, 0x70, 0x4A, 0x70, 0x4A, 
    0x6F, 0x4A, 0x50, 0x46, 0x72, 0x4A, 0x53, 0x42, 0x53, 0x46, 0x53, 0x42, 0x74, 0x46, 0x74, 0x46, 
    0x95, 0x4A, 0xB9, 0x4E, 0xDA, 0x56, 0xBA, 0x52, 0xB8, 0x4E, 0x95, 0x4A, 0x92, 0x4A, 0x94, 0x46, 
    0xB7, 0x4A, 0xB9, 0x4E, 0x97, 0x4A, 0x75, 0x46, 0x72, 0x46, 0x73, 0x46, 0x73, 0x46, 0x54, 0x42, 
    0x95, 0x46, 0xB8, 0x4A, 0xFA, 0x56, 0x1C, 0x57, 0x5D, 0x5F, 0x9F, 0x67, 0xBE, 0x6F, 0xBF, 0x6F, 
    0xBF, 0x73, 0xBF, 0x6F, 0xBE, 0x6F, 0x9F, 0x6B, 0xBE, 0x6B, 0x9F, 0x6B, 0xBE, 0x6B, 0x9F, 0x67, 
    0x9E, 0x67, 0x7E, 0x63, 0x7E, 0x63, 0x7F, 0x63, 0x7E, 0x63, 0x5E, 0x5F, 0x7E, 0x5F, 0x5E, 0x5F, 
    0x7E, 0x5F, 0x5E, 0x5F, 0x7E, 0x63, 0x7E, 0x63, 0x7E, 0x63, 0x3D, 0x5B, 0x1B, 0x57, 0xFA, 0x52, 
    0xFA, 0x56, 0x1C, 0x5B, 0x1B, 0x5B, 0xDB, 0x52, 0xB7, 0x4E, 0x74, 0x42, 0x2F, 0x42, 0x0F, 0x3E, 
    0x0D, 0x3E, 0x0E, 0x3E, 0x2F, 0x46, 0x53, 0x4A, 0x94, 0x52, 0x96, 0x52, 0xB5, 0x52, 0x75, 0x4E, 
    0x74, 0x4A, 0x33, 0x42, 0x0F, 0x3E, 0xAB, 0x31, 0x87, 0x2D, 0x88, 0x2D, 0x6A, 0x31, 0xCE, 0x3D, 
    0xB4, 0x5A, 0xB4, 0x5A, 0x49, 0x31, 0x09, 0x29, 0x6A, 0x35, 0x4A, 0x2D, 0x6B, 0x31, 0x8D, 0x35, 
    0xAC, 0x39, 0x10, 0x46, 0x51, 0x4E, 0xB5, 0x5A, 0xF5, 0x5E, 0xD7, 0x5E, 0xD5, 0x5A, 0xAD, 0x3D, 
    0x29, 0x2D, 0x8C, 0x35, 0xCD, 0x3D, 0x73, 0x52, 0x30, 0x4A, 0x8C, 0x35, 0x6B, 0x35, 0x6C, 0x31, 
    0xAC, 0x35, 0xAD, 0x39, 0x51, 0x4E, 0x10, 0x46, 0xAC, 0x39, 0x29, 0x29, 0x49, 0x2D, 0x4A, 0x2D, 
    0x6B, 0x35, 0x11, 0x46, 0xD5, 0x5A, 0xB5, 0x5A, 0x31, 0x4E, 0x73, 0x56, 0xAC, 0x39, 0xAE, 0x39, 
    0xCE, 0x3D, 0x32, 0x4A, 0xF7, 0x62, 0xF7, 0x5E, 0x7A, 0x6F, 0x9C, 0x73, 0x9B, 0x73, 0x5A, 0x6F, 
    0x38, 0x6B, 0x19, 0x6B, 0xF5, 0x6A, 0xAC, 0x41, 0x8A, 0x3D, 0xAC, 0x45, 0x0E, 0x52, 0xEE, 0x45, 
    0x93, 0x5A, 0xF7, 0x66, 0xF6, 0x62, 0xD6, 0x5E, 0xF7, 0x62, 0xF7, 0x66, 0x30, 0x4E, 0x4B, 0x35, 
    0x93, 0x5A, 0x6A, 0x35, 0x69, 0x35, 0xCE, 0x45, 0x51, 0x52, 0x0F, 0x4A, 0xED, 0x49, 0x0F, 0x4A, 
    0xED, 0x45, 0xAC, 0x3D, 0xCD, 0x41, 0x10, 0x46, 0x8B, 0x35, 0xAD, 0x39, 0x0E, 0x42, 0xD8, 0x56, 
    0x1A, 0x5B, 0x1C, 0x5B, 0x3C, 0x5F, 0xFB, 0x5A, 0xFA, 0x5A, 0xD9, 0x52, 0xB7, 0x52, 0xB8, 0x4E, 
    0xD7, 0x52, 0xD8, 0x52, 0xD7, 0x52, 0xD9, 0x52, 0x19, 0x5B, 0xD9, 0x56, 0xD8, 0x56, 0xF9, 0x52, 
    0x1A, 0x5B, 0xFA, 0x56, 0x1A, 0x5B, 0xFB, 0x56, 0xFA, 0x5A, 0xD9, 0x52, 0xD8, 0x52, 0xB8, 0x4E, 
    0xB7, 0x4E, 0x76, 0x46, 0x76, 0x46, 0x76, 0x46, 0x97, 0x4E, 0xB8, 0x52, 0xD8, 0x56, 0xDA, 0x56, 
    0xF9, 0x5A, 0xF9, 0x56, 0xF8, 0x56, 0xD8, 0x56, 0xF8, 0x56, 0xD8, 0x56, 0xD7, 0x56, 0xD8, 0x52, 
    0xD7, 0x52, 0xB7, 0x4E, 0xB6, 0x52, 0x76, 0x4A, 0x93, 0x4A, 0x72, 0x46, 0x71, 0x4A, 0x72, 0x46, 
    0x73, 0x4A, 0x73, 0x46, 0x94, 0x4A, 0xB7, 0x4E, 0xD7, 0x52, 0xB7, 0x52, 0xF9, 0x56, 0xFB, 0x5A, 
    0x1B, 0x5F, 0xFB, 0x5A, 0xDA, 0x5A, 0xDA, 0x56, 0xD9, 0x56, 0xB9, 0x52, 0xB8, 0x52, 0xB8, 0x52, 
    0xD8, 0x56, 0xB8, 0x56, 0xF9, 0x5A, 0x1C, 0x5F, 0x3C, 0x63, 0x3D, 0x63, 0x5D, 0x67, 0x5E, 0x63, 
    0x7D, 0x67, 0x5E, 0x67, 0x5D, 0x67, 0x3C, 0x5F, 0x1A, 0x5F, 0xF9, 0x56, 0xD8, 0x56, 0xB7, 0x4E, 
    0x95, 0x4E, 0x74, 0x46, 0x52, 0x46, 0x32, 0x42, 0x51, 0x46, 0x32, 0x42, 0x72, 0x46, 0x73, 0x4A, 
    0xEE, 0x3D, 0x0E, 0x42, 0x30, 0x42, 0x30, 0x46, 0x30, 0x42, 0x4F, 0x46, 0x50, 0x46, 0x70, 0x4A, 
    0x50, 0x4A, 0x70, 0x4A, 0x52, 0x46, 0x53, 0x46, 0x34, 0x42, 0x53, 0x46, 0x55, 0x46, 0x74, 0x4A, 
    0x75, 0x46, 0xB9, 0x52, 0xDB, 0x52, 0xDA, 0x56, 0x99, 0x4E, 0x95, 0x4A, 0x72, 0x46, 0x73, 0x4A, 
    0x96, 0x4A, 0xB9, 0x4E, 0x78, 0x4A, 0x74, 0x46, 0x52, 0x46, 0x51, 0x46, 0x52, 0x46, 0x53, 0x46, 
    0x55, 0x46, 0xB8, 0x4E, 0xDA, 0x52, 0x1C, 0x5B, 0x3E, 0x5F, 0x9E, 0x67, 0x9F, 0x6B, 0xBF, 0x6F, 
    0xBF, 0x6F, 0xBF, 0x73, 0x9F, 0x6F, 0xBF, 0x6F, 0x9F, 0x6B, 0x9E, 0x6B, 0x9F, 0x6B, 0x9E, 0x6B, 
    0x7F, 0x67, 0x9E, 0x67, 0x7F, 0x63, 0x7E, 0x63, 0x5E, 0x5F, 0x5E, 0x63, 0x5E, 0x5F, 0x5E, 0x5F, 
    0x3E, 0x5F, 0x5E, 0x63, 0x5F, 0x63, 0x9E, 0x67, 0x5E, 0x63, 0x3C, 0x5F, 0xFB, 0x56, 0xD9, 0x52, 
    0xDA, 0x52, 0xFB, 0x5A, 0xFD, 0x5A, 0xFB, 0x56, 0xBA, 0x4E, 0x96, 0x4A, 0x33, 0x42, 0x31, 0x46, 
    0x31, 0x42, 0x31, 0x46, 0x52, 0x4A, 0x94, 0x52, 0x96, 0x52, 0xB6, 0x56, 0xB7, 0x56, 0xB6, 0x56, 
    0x76, 0x4E, 0x53, 0x46, 0xEF, 0x39, 0xAB, 0x31, 0x8A, 0x2D, 0xAB, 0x35, 0x8D, 0x35, 0xEE, 0x41, 
    0xB6, 0x5A, 0x51, 0x4E, 0x29, 0x2D, 0x6B, 0x39, 0x8D, 0x39, 0x6B, 0x31, 0x4B, 0x2D, 0xEF, 0x41, 
    0x12, 0x4A, 0x73, 0x52, 0x74, 0x52, 0xF7, 0x62, 0xB6, 0x5A, 0x52, 0x4E, 0xF0, 0x45, 0x8C, 0x39, 
    0x2A, 0x2D, 0xAD, 0x3D, 0xEF, 0x41, 0x31, 0x4E, 0x8D, 0x39, 0x8C, 0x35, 0x4C, 0x31, 0x8C, 0x35, 
    0xF1, 0x45, 0xEF, 0x45, 0x53, 0x52, 0x10, 0x4E, 0x8D, 0x39, 0x4A, 0x31, 0x4B, 0x31, 0x6B, 0x35, 
    0xAE, 0x3D, 0xB5, 0x5E, 0x53, 0x52, 0x32, 0x4E, 0xF0, 0x45, 0x31, 0x4E, 0x6C, 0x35, 0xCE, 0x41, 
    0xD0, 0x41, 0x74, 0x56, 0xD8, 0x62, 0x5B, 0x6F, 0x7D, 0x73, 0x9C, 0x77, 0x7C, 0x73, 0x38, 0x6B, 
    0xD7, 0x62, 0x17, 0x6B, 0x52, 0x56, 0x2F, 0x56, 0xCD, 0x49, 0x2E, 0x52, 0x0F, 0x52, 0x72, 0x5A, 
    0x18, 0x6B, 0xF7, 0x66, 0xD7, 0x62, 0x18, 0x6B, 0x39, 0x6B, 0x59, 0x6F, 0x18, 0x67, 0xAC, 0x41, 
    0x29, 0x31, 0x48, 0x31, 0x29, 0x31, 0xCD, 0x45, 0x31, 0x4E, 0x51, 0x56, 0x31, 0x52, 0x50, 0x56, 
    0xEF, 0x49, 0xAC, 0x3D, 0xCE, 0x41, 0x94, 0x5A, 0xEF, 0x41, 0xAC, 0x39, 0xAC, 0x39, 0xB6, 0x52, 
    0xFA, 0x56, 0x1B, 0x5F, 0x1C, 0x5F, 0x1B, 0x5F, 0xFB, 0x5A, 0xD9, 0x56, 0x97, 0x4E, 0xB7, 0x52, 
    0xB8, 0x52, 0xD8, 0x56, 0xD9, 0x52, 0xFA, 0x5A, 0xFA, 0x56, 0xD9, 0x56, 0xDA, 0x56, 0x1B, 0x5B, 
    0x1C, 0x5B, 0x1B, 0x5F, 0xFB, 0x5A, 0x1B, 0x5B, 0xFB, 0x5A, 0xF9, 0x56, 0xD9, 0x52, 0xB8, 0x52, 
    0x98, 0x4E, 0x76, 0x4A, 0x56, 0x46, 0x76, 0x4A, 0x98, 0x4A, 0xB8, 0x52, 0xB9, 0x56, 0xF9, 0x5A, 
    0xFB, 0x5A, 0xFA, 0x5A, 0xFA, 0x56, 0xF9, 0x5A, 0xD9, 0x56, 0xD9, 0x56, 0xD9, 0x56, 0xD8, 0x56, 
    0xB8, 0x52, 0xB7, 0x52, 0x97, 0x4E, 0x95, 0x4E, 0x74, 0x4A, 0x72, 0x4A, 0x52, 0x46, 0x73, 0x4A, 
    0x74, 0x4A, 0x73, 0x4A, 0x75, 0x4A, 0xB7, 0x52, 0xB8, 0x52, 0xB8, 0x56, 0xFB, 0x5A, 0xFB, 0x5E, 
    0xFC, 0x5E, 0xFA, 0x5A, 0xDB, 0x56, 0xDA, 0x5A, 0xDA, 0x5A, 0xD9, 0x5A, 0xB9, 0x56, 0xB8, 0x56, 
    0xB9, 0x56, 0xD8, 0x56, 0xDB, 0x5A, 0x1C, 0x63, 0x1D, 0x63, 0x5D, 0x67, 0x5E, 0x67, 0x7E, 0x6B, 
    0x7F, 0x67, 0x7E, 0x6B, 0x5E, 0x67, 0x3C, 0x63, 0x1B, 0x5F, 0xFA, 0x5E, 0xD9, 0x56, 0xD8, 0x56, 
    0xB7, 0x52, 0x95, 0x4E, 0x54, 0x46, 0x53, 0x46, 0x33, 0x46, 0x52, 0x46, 0x32, 0x46, 0x52, 0x4A, 
    0x2E, 0x42, 0x2F, 0x42, 0x50, 0x46, 0x30, 0x42, 0x4F, 0x42, 0x2E, 0x42, 0x4F, 0x46, 0x71, 0x46, 
    0x71, 0x4A, 0x71, 0x46, 0x71, 0x46, 0x53, 0x42, 0x54, 0x46, 0x54, 0x42, 0x74, 0x46, 0x74, 0x46, 
    0x73, 0x46, 0xB7, 0x4A, 0xD9, 0x52, 0xDA, 0x52, 0xD8, 0x52, 0x96, 0x4A, 0x73, 0x46, 0x73, 0x46, 
    0x95, 0x46, 0x98, 0x4A, 0xB7, 0x4A, 0x75, 0x42, 0x51, 0x46, 0x2F, 0x42, 0x50, 0x42, 0x53, 0x42, 
    0x75, 0x46, 0xB8, 0x4A, 0xF9, 0x52, 0xFB, 0x56, 0x3C, 0x5B, 0x7E, 0x5F, 0x9E, 0x6B, 0xBF, 0x6B, 
    0xBE, 0x6F, 0xBF, 0x6F, 0xBE, 0x6F, 0xBF, 0x6B, 0xBE, 0x6B, 0x9F, 0x67, 0xBE, 0x6B, 0x9F, 0x67, 
    0x9E, 0x67, 0x9F, 0x63, 0x9E, 0x67, 0x7E, 0x63, 0x7E, 0x63, 0x5E, 0x5F, 0x5D, 0x5F, 0x3D, 0x5B, 
    0x5D, 0x5F, 0x5D, 0x5B, 0x7E, 0x63, 0x7E, 0x63, 0x5D, 0x5F, 0x1C, 0x57, 0xFA, 0x52, 0xD9, 0x4E, 
    0xD8, 0x52, 0xFB, 0x52, 0x1B, 0x5B, 0xFB, 0x52, 0xD9, 0x52, 0x97, 0x4A, 0x74, 0x46, 0x53, 0x46, 
    0x73, 0x46, 0x53, 0x4A, 0x94, 0x4E, 0x95, 0x52, 0xD6, 0x56, 0xD7, 0x56, 0xD7, 0x56, 0xB7, 0x52, 
    0x95, 0x4E, 0x33, 0x42, 0x0E, 0x3A, 0xCC, 0x31, 0xCB, 0x35, 0xEF, 0x39, 0xAD, 0x35, 0xEE, 0x3D, 
    0xB4, 0x5A, 0xAD, 0x39, 0x8B, 0x35, 0xEF, 0x41, 0xCD, 0x3D, 0x6B, 0x2D, 0x8B, 0x35, 0x31, 0x46, 
    0x93, 0x52, 0x74, 0x52, 0xD6, 0x5A, 0xD6, 0x5E, 0x51, 0x4A, 0xAE, 0x39, 0x0F, 0x46, 0xAD, 0x39, 
    0xAC, 0x39, 0xEF, 0x41, 0x30, 0x4A, 0xEF, 0x41, 0x8B, 0x35, 0x8D, 0x35, 0x8B, 0x35, 0xAD, 0x35, 
    0x51, 0x4A, 0xCE, 0x3D, 0x0F, 0x46, 0xEF, 0x41, 0xEE, 0x45, 0x8C, 0x35, 0xAC, 0x39, 0x6B, 0x31, 
    0xEE, 0x41, 0x3A, 0x6B, 0xF6, 0x62, 0x94, 0x56, 0x93, 0x56, 0xEF, 0x41, 0x4A, 0x2D, 0xEF, 0x3D, 
    0x31, 0x46, 0x95, 0x52, 0x5A, 0x6F, 0x9C, 0x73, 0x9C, 0x73, 0x7C, 0x6F, 0x59, 0x6B, 0x94, 0x56, 
    0xB4, 0x5A, 0x73, 0x56, 0x2F, 0x52, 0x51, 0x56, 0x4F, 0x56, 0x50, 0x56, 0x70, 0x5A, 0x16, 0x67, 
    0x37, 0x6B, 0xD7, 0x62, 0x17, 0x67, 0x39, 0x6B, 0x59, 0x6F, 0x39, 0x6B, 0x17, 0x67, 0xAD, 0x41, 
    0x06, 0x2D, 0x49, 0x31, 0x28, 0x2D, 0xAD, 0x3D, 0xB4, 0x5E, 0xD6, 0x62, 0x72, 0x56, 0x30, 0x4E, 
    0x50, 0x52, 0x30, 0x4A, 0xAC, 0x39, 0xEE, 0x3D, 0x51, 0x4E, 0xCD, 0x3D, 0xAB, 0x39, 0x73, 0x4A, 
    0xF9, 0x56, 0xFA, 0x56, 0x1A, 0x5B, 0x1B, 0x5B, 0x1A, 0x5B, 0xD9, 0x52, 0xB6, 0x4E, 0xB7, 0x4E, 
    0xD8, 0x52, 0xD9, 0x52, 0xF8, 0x56, 0xFA, 0x56, 0xF8, 0x56, 0xD9, 0x52, 0x1A, 0x5B, 0x3C, 0x5B, 
    0x3B, 0x5F, 0x1C, 0x5B, 0x1B, 0x5B, 0xFB, 0x5A, 0x1A, 0x5B, 0xFA, 0x56, 0xF9, 0x56, 0xB8, 0x4E, 
    0xB7, 0x4E, 0x76, 0x46, 0x75, 0x46, 0x75, 0x46, 0x96, 0x4A, 0xB8, 0x52, 0xD8, 0x56, 0xDA, 0x56, 
    0x1A, 0x5B, 0xFA, 0x5A, 0x19, 0x5B, 0xFA, 0x56, 0xF9, 0x5A, 0xF9, 0x56, 0xF8, 0x56, 0xD8, 0x52, 
    0xD7, 0x52, 0xB7, 0x4E, 0xB6, 0x4E, 0x95, 0x4A, 0x93, 0x4A, 0x72, 0x46, 0x71, 0x4A, 0x73, 0x4A, 
    0x93, 0x4A, 0x73, 0x46, 0x94, 0x4A, 0xB7, 0x4E, 0xD7, 0x52, 0xD9, 0x56, 0x1B, 0x5F, 0x1C, 0x5F, 
    0x1B, 0x5F, 0xFB, 0x5A, 0xFA, 0x5A, 0xFB, 0x5A, 0xFA, 0x5A, 0xDA, 0x56, 0xD9, 0x56, 0xB8, 0x52, 
    0xD8, 0x56, 0xD9, 0x56, 0xFA, 0x5A, 0x1C, 0x5F, 0x3C, 0x63, 0x5E, 0x63, 0x7E, 0x67, 0x9F, 0x67, 
    0x9E, 0x6B, 0x7E, 0x67, 0x7D, 0x67, 0x5C, 0x63, 0x3B, 0x5F, 0x1A, 0x5B, 0xF9, 0x5A, 0xD9, 0x56, 
    0xD7, 0x52, 0x96, 0x4A, 0x94, 0x4A, 0x74, 0x46, 0x73, 0x46, 0x53, 0x46, 0x52, 0x46, 0x52, 0x46, 
    0x0F, 0x42, 0x50, 0x46, 0x31, 0x46, 0x51, 0x46, 0x30, 0x46, 0x4E, 0x46, 0x50, 0x46, 0x72, 0x4A, 
    0x53, 0x46, 0x73, 0x4A, 0x52, 0x46, 0x53, 0x46, 0x55, 0x42, 0x54, 0x46, 0x54, 0x42, 0x73, 0x46, 
    0x53, 0x46, 0x95, 0x4A, 0xB9, 0x4E, 0xDA, 0x56, 0xB9, 0x52, 0x97, 0x4E, 0x76, 0x46, 0x74, 0x46, 
    0x75, 0x46, 0x97, 0x4A, 0x98, 0x4A, 0x75, 0x46, 0x31, 0x42, 0x2E, 0x42, 0x30, 0x42, 0x53, 0x46, 
    0x76, 0x46, 0xB7, 0x4E, 0xD9, 0x52, 0xFB, 0x56, 0x1D, 0x57, 0x5D, 0x5F, 0x7F, 0x63, 0x9E, 0x6B, 
    0x9F, 0x6B, 0xBF, 0x6F, 0x9F, 0x6F, 0xBF, 0x6F, 0x9F, 0x6B, 0xBE, 0x6B, 0x9F, 0x67, 0x9F, 0x6B, 
    0x9F, 0x67, 0x9E, 0x67, 0x9F, 0x63, 0x7E, 0x63, 0x5E, 0x5F, 0x5D, 0x5F, 0x3E, 0x5B, 0x3D, 0x5F, 
    0x3D, 0x5B, 0x3D, 0x5F, 0x5E, 0x5F, 0x7E, 0x63, 0x3D, 0x5F, 0x1C, 0x5B, 0xDA, 0x52, 0xD8, 0x4E, 
    0xB7, 0x4E, 0xD9, 0x52, 0xDB, 0x52, 0xDA, 0x56, 0xBA, 0x52, 0xB8, 0x4E, 0x76, 0x46, 0x74, 0x4A, 
    0x75, 0x4A, 0x95, 0x4E, 0x96, 0x52, 0xD6, 0x56, 0xD7, 0x56, 0xF7, 0x5A, 0xD8, 0x56, 0xB6, 0x56, 
    0x75, 0x4A, 0x53, 0x46, 0x10, 0x3A, 0xEE, 0x39, 0xEE, 0x35, 0x31, 0x42, 0x8E, 0x35, 0x8B, 0x35, 
    0x11, 0x46, 0xAD, 0x3D, 0xF0, 0x45, 0x73, 0x52, 0xCF, 0x3D, 0x4A, 0x2D, 0x8D, 0x35, 0x72, 0x4E, 
    0x74, 0x52, 0x94, 0x52, 0xD7, 0x5A, 0x51, 0x4E, 0x8D, 0x35, 0xAD, 0x39, 0x53, 0x4E, 0x51, 0x4E, 
    0x10, 0x46, 0x10, 0x4A, 0x10, 0x46, 0xEE, 0x41, 0xAE, 0x3D, 0xEF, 0x41, 0x8D, 0x35, 0xCE, 0x3D, 
    0xAE, 0x39, 0xCE, 0x41, 0x74, 0x56, 0x51, 0x52, 0x11, 0x4A, 0xAC, 0x39, 0xEF, 0x41, 0xAC, 0x3D, 
    0xF0, 0x45, 0xF7, 0x62, 0xEF, 0x45, 0xEF, 0x45, 0x31, 0x4A, 0x6B, 0x35, 0x4B, 0x2D, 0x10, 0x46, 
    0x53, 0x4E, 0xB6, 0x5E, 0x3A, 0x6B, 0x7B, 0x6F, 0x5C, 0x6F, 0x3A, 0x6B, 0xF8, 0x5E, 0xB5, 0x5A, 
    0xD6, 0x62, 0x94, 0x5A, 0x73, 0x5A, 0xB4, 0x62, 0x93, 0x5E, 0x91, 0x5E, 0xD5, 0x66, 0x37, 0x6F, 
    0xF7, 0x66, 0xB5, 0x5E, 0xF8, 0x66, 0x39, 0x6B, 0x39, 0x6B, 0x17, 0x6B, 0xEF, 0x49, 0x49, 0x35, 
    0x29, 0x31, 0x8B, 0x3D, 0xAD, 0x41, 0x0F, 0x4A, 0x18, 0x6B, 0x38, 0x6B, 0xB5, 0x5E, 0x30, 0x4E, 
    0xEF, 0x49, 0x0F, 0x4A, 0x8C, 0x35, 0x49, 0x31, 0x8C, 0x35, 0xEE, 0x41, 0x8B, 0x35, 0x0E, 0x42, 
    0xD9, 0x56, 0xF9, 0x56, 0xDA, 0x52, 0xFA, 0x5A, 0xFA, 0x56, 0xF8, 0x56, 0xB7, 0x4E, 0xB7, 0x52, 
    0xD9, 0x52, 0xF9, 0x56, 0xD9, 0x52, 0xF9, 0x56, 0xB8, 0x52, 0xD9, 0x56, 0x1C, 0x5B, 0x3C, 0x5F, 
    0x3C, 0x5F, 0x1B, 0x5F, 0xFB, 0x5A, 0x1B, 0x5B, 0xFB, 0x5A, 0xFA, 0x5A, 0xDA, 0x56, 0xD8, 0x52, 
    0xB8, 0x4E, 0x96, 0x4A, 0x55, 0x42, 0x74, 0x46, 0x76, 0x4A, 0xB7, 0x52, 0xB9, 0x56, 0xF9, 0x5A, 
    0xFB, 0x5A, 0x1B, 0x5F, 0xFB, 0x5A, 0x1A, 0x5B, 0xFA, 0x5A, 0xF9, 0x5A, 0xD9, 0x56, 0xD8, 0x56, 
    0xB8, 0x52, 0xB7, 0x52, 0x97, 0x4E, 0x95, 0x4A, 0x74, 0x46, 0x72, 0x4A, 0x72, 0x46, 0x93, 0x4A, 
    0x74, 0x4A, 0x73, 0x4A, 0x74, 0x4A, 0xB6, 0x52, 0xB8, 0x52, 0xFA, 0x5A, 0x1C, 0x5F, 0x1B, 0x5F, 
    0xFC, 0x5E, 0xFB, 0x5E, 0xFB, 0x5A, 0x1B, 0x5F, 0xFB, 0x5A, 0xFA, 0x5A, 0xD9, 0x56, 0xD8, 0x56, 
    0xB9, 0x56, 0xD9, 0x5A, 0xFB, 0x5A, 0x3C, 0x63, 0x3D, 0x63, 0x5E, 0x67, 0x7F, 0x6B, 0x9E, 0x6B, 
    0x9F, 0x6B, 0x9E, 0x6B, 0x5E, 0x67, 0x5D, 0x67, 0x1C, 0x5F, 0x1A, 0x5F, 0xFA, 0x5A, 0xF9, 0x5A, 
    0xB8, 0x52, 0xB6, 0x4E, 0x75, 0x4A, 0x74, 0x4A, 0x55, 0x46, 0x73, 0x4A, 0x53, 0x46, 0x52, 0x46, 
    0x2F, 0x46, 0x51, 0x46, 0x52, 0x4A, 0x52, 0x46, 0x50, 0x4A, 0x4F, 0x46, 0x6F, 0x46, 0x73, 0x46, 
    0x74, 0x46, 0x54, 0x46, 0x72, 0x46, 0x53, 0x42, 0x74, 0x46, 0x55, 0x42, 0x73, 0x46, 0x53, 0x42, 
    0x74, 0x46, 0x75, 0x46, 0xB7, 0x4E, 0xDA, 0x52, 0xD9, 0x52, 0x99, 0x4E, 0x97, 0x4A, 0x74, 0x46, 
    0x72, 0x46, 0x75, 0x46, 0x96, 0x46, 0x55, 0x42, 0x51, 0x42, 0x0F, 0x3E, 0x50, 0x42, 0x75, 0x42, 
    0x96, 0x4A, 0x98, 0x4A, 0xD9, 0x52, 0xFB, 0x52, 0x1C, 0x5B, 0x3D, 0x5B, 0x7E, 0x63, 0x9F, 0x67, 
    0xBF, 0x6B, 0xBF, 0x6B, 0xBE, 0x6F, 0x9F, 0x6B, 0x9E, 0x6B, 0x9F, 0x67, 0xBE, 0x6B, 0x9F, 0x67, 
    0xBE, 0x6B, 0x9F, 0x67, 0x9E, 0x67, 0x7F, 0x63, 0x7E, 0x63, 0x5E, 0x5B, 0x3D, 0x5B, 0x1D, 0x5B, 
    0x3C, 0x5B, 0x3D, 0x57, 0x5D, 0x5F, 0x5E, 0x5F, 0x3D, 0x5F, 0x1C, 0x57, 0xFA, 0x52, 0xB7, 0x4A, 
    0xB5, 0x4A, 0xB7, 0x4E, 0xB8, 0x4E, 0xB9, 0x4E, 0xB8, 0x4E, 0x98, 0x4E, 0xB6, 0x4E, 0x96, 0x4E, 
    0xB6, 0x52, 0xB7, 0x52, 0xD7, 0x56, 0xD7, 0x56, 0xF7, 0x5A, 0xD8, 0x56, 0xF7, 0x5A, 0xB7, 0x52, 
    0x95, 0x4E, 0x53, 0x46, 0x31, 0x42, 0x10, 0x3A, 0x0F, 0x3E, 0x53, 0x46, 0x8C, 0x31, 0x08, 0x25, 
    0x8B, 0x35, 0x11, 0x4A, 0x94, 0x56, 0xB6, 0x56, 0xEF, 0x41, 0x2A, 0x29, 0xCE, 0x3D, 0x53, 0x4A, 
    0x52, 0x4A, 0x95, 0x52, 0x52, 0x4E, 0x4A, 0x2D, 0x49, 0x2D, 0xAD, 0x39, 0xD5, 0x5E, 0xB5, 0x5A, 
    0x51, 0x4E, 0x10, 0x46, 0x51, 0x4E, 0x10, 0x46, 0x52, 0x4E, 0x32, 0x4A, 0x8C, 0x35, 0x8C, 0x31, 
    0x29, 0x2D, 0x52, 0x4E, 0xD6, 0x62, 0xB5, 0x5A, 0x10, 0x4A, 0xAD, 0x39, 0x0F, 0x46, 0xCE, 0x41, 
    0x10, 0x4A, 0x31, 0x4E, 0x30, 0x4E, 0x10, 0x4A, 0x8C, 0x39, 0x29, 0x29, 0x4A, 0x2D, 0xCE, 0x39, 
    0xF0, 0x41, 0xCF, 0x3D, 0xF8, 0x62, 0x5B, 0x6B, 0x5B, 0x6B, 0x3A, 0x6B, 0x5A, 0x6F, 0x5A, 0x6B, 
    0x38, 0x6B, 0xF7, 0x62, 0xD4, 0x5E, 0x93, 0x5A, 0x71, 0x5A, 0x71, 0x5A, 0x37, 0x6B, 0x38, 0x6B, 
    0x93, 0x5A, 0x74, 0x56, 0x17, 0x67, 0x18, 0x67, 0x38, 0x6B, 0x31, 0x52, 0xCD, 0x45, 0xAC, 0x41, 
    0xCD, 0x45, 0x0F, 0x4A, 0x72, 0x5A, 0x10, 0x4A, 0x38, 0x6F, 0x39, 0x6B, 0x72, 0x56, 0x93, 0x56, 
    0x0E, 0x4A, 0x6A, 0x35, 0x69, 0x31, 0xCE, 0x41, 0xCC, 0x3D, 0xAC, 0x39, 0xAB, 0x39, 0xCC, 0x39, 
    0xB7, 0x52, 0xDA, 0x56, 0xD8, 0x52, 0xD9, 0x52, 0xF9, 0x56, 0xD9, 0x52, 0xD7, 0x52, 0xB8, 0x52, 
    0xF9, 0x5A, 0xFA, 0x56, 0xF9, 0x56, 0xB8, 0x52, 0xB7, 0x52, 0xFA, 0x56, 0x3C, 0x5F, 0x3D, 0x5F, 
    0x3C, 0x5F, 0x1C, 0x5B, 0x1B, 0x5B, 0x1C, 0x5B, 0x1B, 0x5F, 0xFB, 0x56, 0xF9, 0x56, 0xB9, 0x52, 
    0xB8, 0x4E, 0x97, 0x4A, 0x75, 0x46, 0x54, 0x46, 0x74, 0x4A, 0x97, 0x4E, 0xD8, 0x56, 0xDA, 0x56, 
    0xFA, 0x5A, 0x1B, 0x5B, 0x1B, 0x5F, 0x1B, 0x5B, 0x1A, 0x5B, 0xFA, 0x56, 0xF9, 0x5A, 0xD9, 0x56, 
    0xD7, 0x52, 0xB7, 0x4E, 0xB6, 0x4E, 0x95, 0x4A, 0x93, 0x4A, 0x73, 0x46, 0x93, 0x4A, 0x74, 0x4A, 
    0x73, 0x4A, 0x73, 0x46, 0x94, 0x4A, 0x97, 0x4E, 0xD8, 0x56, 0xFB, 0x5A, 0x1C, 0x5F, 0x1C, 0x5F, 
    0x1B, 0x5F, 0xFB, 0x5A, 0x1B, 0x5F, 0x1C, 0x5F, 0x1B, 0x5F, 0xDB, 0x5A, 0xD9, 0x56, 0xB8, 0x52, 
    0xD8, 0x56, 0xD9, 0x56, 0x1A, 0x5F, 0x1C, 0x5F, 0x5D, 0x67, 0x5E, 0x67, 0x9E, 0x6B, 0x9F, 0x6B, 
    0x9E, 0x6F, 0x7E, 0x6B, 0x7D, 0x6B, 0x5D, 0x63, 0x3B, 0x63, 0x1B, 0x5B, 0x19, 0x5B, 0xF9, 0x56, 
    0xD7, 0x56, 0x97, 0x4E, 0x95, 0x4E, 0x75, 0x4A, 0x74, 0x4A, 0x74, 0x46, 0x73, 0x46, 0x32, 0x46, 
    0x31, 0x46, 0x52, 0x4A, 0x53, 0x4A, 0x72, 0x4A, 0x51, 0x4A, 0x50, 0x4A, 0x51, 0x4A, 0x74, 0x4A, 
    0x56, 0x46, 0x75, 0x46, 0x53, 0x46, 0x53, 0x46, 0x55, 0x42, 0x75, 0x46, 0x54, 0x42, 0x73, 0x46, 
    0x76, 0x46, 0x75, 0x46, 0x96, 0x4A, 0xD9, 0x52, 0xBA, 0x52, 0xB9, 0x52, 0x98, 0x4A, 0x74, 0x4A, 
    0x30, 0x46, 0x72, 0x46, 0x55, 0x46, 0x54, 0x46, 0x32, 0x42, 0x30, 0x42, 0x32, 0x46, 0x75, 0x4A, 
    0x98, 0x4A, 0xB8, 0x52, 0xBA, 0x52, 0xFA, 0x56, 0xFC, 0x56, 0x3C, 0x5B, 0x3E, 0x5F, 0x7E, 0x67, 
    0x9F, 0x67, 0xBF, 0x6B, 0x9F, 0x6B, 0x9E, 0x6B, 0x7F, 0x67, 0x9E, 0x67, 0x9F, 0x67, 0x9F, 0x6B, 
    0x9F, 0x6B, 0x9F, 0x6B, 0x9F, 0x67, 0x9E, 0x67, 0x5F, 0x5F, 0x5D, 0x5F, 0x1D, 0x5B, 0x1C, 0x5B, 
    0xFC, 0x56, 0x1C, 0x57, 0x1D, 0x5B, 0x3D, 0x5F, 0x1D, 0x5B, 0x1C, 0x5B, 0xDA, 0x52, 0x97, 0x4A, 
    0x75, 0x46, 0x95, 0x4A, 0x97, 0x4A, 0xB7, 0x4E, 0x98, 0x4E, 0xB8, 0x52, 0x98, 0x52, 0xB7, 0x52, 
    0xB8, 0x52, 0xD8, 0x56, 0xD8, 0x56, 0xF8, 0x5A, 0xF9, 0x5A, 0xF8, 0x5E, 0xD8, 0x5A, 0xD7, 0x56, 
    0x96, 0x4E, 0x73, 0x4A, 0x32, 0x42, 0x10, 0x3E, 0x11, 0x42, 0x54, 0x4E, 0x4B, 0x2D, 0x28, 0x29, 
    0x8C, 0x35, 0x73, 0x56, 0xD7, 0x5E, 0xD7, 0x5E, 0x8D, 0x35, 0x29, 0x29, 0xAF, 0x3D, 0x11, 0x46, 
    0x12, 0x46, 0x94, 0x56, 0x6C, 0x35, 0x28, 0x29, 0x29, 0x29, 0xEE, 0x41, 0x95, 0x5A, 0xB5, 0x5E, 
    0x32, 0x4A, 0x31, 0x4A, 0x74, 0x52, 0x52, 0x4E, 0x75, 0x52, 0x32, 0x4A, 0x6D, 0x35, 0x6B, 0x31, 
    0x8D, 0x35, 0xB5, 0x5E, 0xF8, 0x66, 0x73, 0x56, 0xF0, 0x49, 0xEF, 0x49, 0xAE, 0x3D, 0xEF, 0x45, 
    0x11, 0x4A, 0xEF, 0x45, 0x95, 0x5A, 0x31, 0x4A, 0x09, 0x29, 0x4A, 0x2D, 0x2A, 0x29, 0x4A, 0x2D, 
    0x4B, 0x2D, 0xAD, 0x3D, 0xF9, 0x62, 0x5B, 0x6F, 0x5C, 0x6F, 0x5B, 0x6F, 0x19, 0x67, 0x39, 0x6B, 
    0xD7, 0x62, 0xB5, 0x5E, 0xCF, 0x45, 0xAD, 0x41, 0x31, 0x52, 0xB4, 0x62, 0x39, 0x6F, 0xF6, 0x66, 
    0x10, 0x4A, 0x73, 0x56, 0xD7, 0x62, 0xF7, 0x66, 0xB5, 0x5E, 0x30, 0x52, 0x10, 0x4E, 0x2F, 0x52, 
    0x31, 0x52, 0x93, 0x5A, 0xB6, 0x62, 0x94, 0x5E, 0xD7, 0x62, 0x38, 0x6B, 0x74, 0x5A, 0x93, 0x5A, 
    0x10, 0x4A, 0x6A, 0x35, 0x49, 0x2D, 0xEE, 0x45, 0xCE, 0x41, 0x2F, 0x4A, 0xAC, 0x39, 0xCB, 0x3D, 
    0x75, 0x4A, 0x1B, 0x5B, 0xDA, 0x56, 0xD8, 0x52, 0xDA, 0x52, 0xD9, 0x56, 0xB9, 0x52, 0xF9, 0x56, 
    0xFB, 0x5A, 0x1A, 0x5B, 0xD9, 0x56, 0xB7, 0x52, 0x97, 0x4E, 0x1B, 0x5F, 0x3D, 0x63, 0x3D, 0x63, 
    0x3D, 0x5F, 0x1C, 0x5F, 0x1C, 0x5F, 0x3C, 0x5F, 0x1C, 0x5F, 0x1B, 0x5B, 0xDA, 0x56, 0xD9, 0x56, 
    0xB9, 0x4E, 0xB8, 0x4E, 0x76, 0x46, 0x74, 0x4A, 0x55, 0x46, 0x96, 0x4E, 0xB9, 0x52, 0xD9, 0x5A, 
    0xFB, 0x5A, 0x1B, 0x5F, 0x1C, 0x5F, 0x1B, 0x5F, 0xFB, 0x5A, 0xFA, 0x5A, 0xFA, 0x56, 0xF8, 0x56, 
    0xB8, 0x52, 0xB7, 0x52, 0x97, 0x4E, 0x95, 0x4A, 0x75, 0x4A, 0x94, 0x4E, 0x75, 0x4E, 0x94, 0x4E, 
    0x53, 0x46, 0x73, 0x4A, 0x76, 0x4A, 0xB7, 0x52, 0xDA, 0x56, 0x1B, 0x5F, 0x1D, 0x5F, 0x1C, 0x63, 
    0xFC, 0x5E, 0xFB, 0x5E, 0xFC, 0x5E, 0x1C, 0x63, 0xFC, 0x5E, 0xFA, 0x5E, 0xB9, 0x56, 0xB7, 0x56, 
    0xB8, 0x56, 0xD9, 0x5A, 0xFB, 0x5A, 0x1B, 0x63, 0x3D, 0x63, 0x5E, 0x67, 0x7F, 0x6B, 0x9F, 0x6F, 
    0x9F, 0x6B, 0x9E, 0x6B, 0x5E, 0x67, 0x5D, 0x67, 0x3C, 0x63, 0x1B, 0x5F, 0xFA, 0x5A, 0xF9, 0x5A, 
    0xB8, 0x56, 0xB7, 0x52, 0x96, 0x4E, 0x96, 0x4E, 0x76, 0x4A, 0x74, 0x4A, 0x53, 0x46, 0x32, 0x46, 
    0x50, 0x46, 0x52, 0x4A, 0x73, 0x4A, 0x73, 0x4A, 0x92, 0x4E, 0x72, 0x4A, 0x92, 0x4A, 0x75, 0x46, 
    0x96, 0x46, 0x75, 0x42, 0x73, 0x46, 0x53, 0x42, 0x74, 0x46, 0x75, 0x42, 0x74, 0x42, 0x74, 0x42, 
    0x96, 0x46, 0x76, 0x46, 0x94, 0x46, 0xB8, 0x4A, 0xD9, 0x52, 0xB9, 0x4E, 0xB7, 0x4A, 0x73, 0x46, 
    0x2E, 0x42, 0x2F, 0x42, 0x71, 0x46, 0x52, 0x42, 0x51, 0x42, 0x31, 0x42, 0x72, 0x46, 0x96, 0x46, 
    0xB8, 0x4E, 0xB9, 0x4E, 0xD9, 0x52, 0xDA, 0x52, 0x1B, 0x57, 0x1C, 0x57, 0x5D, 0x5F, 0x7E, 0x5F, 
    0x9E, 0x67, 0x9F, 0x67, 0xBE, 0x67, 0x9E, 0x63, 0x9E, 0x63, 0x7E, 0x63, 0x9E, 0x67, 0x9F, 0x67, 
    0xBE, 0x6B, 0x9F, 0x67, 0xBE, 0x67, 0x7F, 0x63, 0x7E, 0x63, 0x3D, 0x5B, 0x3C, 0x5B, 0xFC, 0x52, 
    0xFA, 0x52, 0xFB, 0x52, 0x1B, 0x57, 0x1C, 0x57, 0x3C, 0x5B, 0x1C, 0x57, 0xF9, 0x52, 0x96, 0x46, 
    0x94, 0x46, 0x95, 0x46, 0xB6, 0x4A, 0xB7, 0x4A, 0xB7, 0x4E, 0xB9, 0x4E, 0xD8, 0x56, 0xD9, 0x56, 
    0xF8, 0x56, 0xD9, 0x56, 0xF8, 0x5A, 0xF9, 0x56, 0x18, 0x5B, 0x19, 0x5B, 0x18, 0x5B, 0xD7, 0x52, 
    0xB5, 0x52, 0x74, 0x46, 0x51, 0x42, 0x10, 0x3E, 0x72, 0x46, 0x54, 0x46, 0x4A, 0x29, 0x4A, 0x29, 
    0xCE, 0x3D, 0xD6, 0x5A, 0x18, 0x63, 0xB6, 0x56, 0x49, 0x2D, 0x4A, 0x2D, 0xEF, 0x41, 0xCF, 0x39, 
    0x30, 0x46, 0xCE, 0x39, 0x07, 0x25, 0x29, 0x25, 0x6A, 0x31, 0xAD, 0x3D, 0x51, 0x4E, 0x94, 0x56, 
    0x51, 0x4A, 0x31, 0x46, 0x73, 0x4E, 0x53, 0x4E, 0x73, 0x52, 0x12, 0x46, 0x10, 0x42, 0x6B, 0x31, 
    0xEF, 0x41, 0x19, 0x6B, 0xF6, 0x62, 0xCD, 0x41, 0x50, 0x52, 0x51, 0x52, 0xCD, 0x41, 0x10, 0x46, 
    0x30, 0x4E, 0x73, 0x52, 0x17, 0x67, 0x53, 0x52, 0x6B, 0x31, 0x4B, 0x2D, 0x49, 0x2D, 0x8C, 0x31, 
    0x8C, 0x35, 0xAE, 0x39, 0x18, 0x63, 0x7C, 0x6F, 0x7A, 0x6F, 0x3A, 0x67, 0x94, 0x56, 0x94, 0x56, 
    0x51, 0x4E, 0xEF, 0x41, 0x30, 0x4A, 0xB6, 0x5A, 0x93, 0x5A, 0xB5, 0x5E, 0xF6, 0x66, 0x51, 0x4E, 
    0xCD, 0x45, 0xB5, 0x5A, 0xD5, 0x62, 0xD6, 0x62, 0x93, 0x5A, 0x72, 0x56, 0x71, 0x5A, 0x92, 0x5A, 
    0xD4, 0x62, 0xD5, 0x62, 0x16, 0x67, 0x38, 0x6B, 0xB4, 0x5A, 0x18, 0x67, 0xB3, 0x5E, 0x72, 0x56, 
    0x2F, 0x4E, 0x49, 0x31, 0x68, 0x31, 0x6B, 0x35, 0xCC, 0x3D, 0xCC, 0x3D, 0xEC, 0x3D, 0xCC, 0x3D, 
    0x51, 0x46, 0x1B, 0x5B, 0x1B, 0x5B, 0xF9, 0x52, 0xF8, 0x52, 0xD9, 0x52, 0xD8, 0x52, 0xFB, 0x56, 
    0x3B, 0x5F, 0x1B, 0x5B, 0xF8, 0x56, 0x96, 0x4A, 0xD8, 0x52, 0x3C, 0x5F, 0x5C, 0x63, 0x3D, 0x5F, 
    0x5C, 0x5F, 0x3D, 0x5F, 0x3C, 0x5F, 0x3D, 0x5F, 0x3C, 0x5F, 0x1C, 0x5B, 0x1A, 0x57, 0xD9, 0x52, 
    0xD8, 0x52, 0xB8, 0x4E, 0xB7, 0x4E, 0x75, 0x46, 0x74, 0x46, 0x96, 0x4A, 0xB7, 0x52, 0xD9, 0x56, 
    0xFA, 0x5A, 0x1B, 0x5B, 0x3B, 0x5F, 0x1B, 0x5B, 0x1A, 0x5B, 0xFA, 0x56, 0xF9, 0x56, 0xD9, 0x52, 
    0xD7, 0x52, 0xB7, 0x4E, 0xB6, 0x4E, 0x95, 0x4A, 0xB5, 0x4A, 0x96, 0x4A, 0xB5, 0x4E, 0x94, 0x4A, 
    0x71, 0x46, 0x74, 0x46, 0xB6, 0x4E, 0xB8, 0x52, 0xFA, 0x5A, 0x1C, 0x5F, 0x3C, 0x63, 0x1C, 0x5F, 
    0x1B, 0x5F, 0xFB, 0x5A, 0x1B, 0x5F, 0x1C, 0x5F, 0x1B, 0x5F, 0xFA, 0x5A, 0xD7, 0x56, 0xB7, 0x52, 
    0xD7, 0x56, 0xD9, 0x56, 0xF9, 0x5A, 0x1B, 0x5B, 0x3C, 0x63, 0x5E, 0x67, 0x9E, 0x6B, 0x9F, 0x6B, 
    0xBE, 0x6F, 0x7E, 0x6B, 0x7D, 0x67, 0x5D, 0x63, 0x5B, 0x63, 0x1B, 0x5F, 0x19, 0x5B, 0xF9, 0x56, 
    0xD7, 0x56, 0xB7, 0x4E, 0xB6, 0x4E, 0x96, 0x4A, 0x95, 0x4A, 0x74, 0x46, 0x52, 0x46, 0x31, 0x42, 
    0x31, 0x46, 0x72, 0x4E, 0x74, 0x4A, 0x74, 0x4E, 0x74, 0x4E, 0x93, 0x4E, 0x94, 0x4E, 0x96, 0x4E, 
    0x77, 0x4A, 0x76, 0x46, 0x54, 0x42, 0x72, 0x46, 0x54, 0x42, 0x75, 0x46, 0x55, 0x42, 0x75, 0x46, 
    0x77, 0x46, 0x96, 0x4A, 0x74, 0x46, 0x96, 0x4A, 0x98, 0x4E, 0xB8, 0x4E, 0x97, 0x4A, 0x72, 0x46, 
    0x0E, 0x3E, 0x2D, 0x42, 0x30, 0x42, 0x51, 0x46, 0x32, 0x42, 0x52, 0x46, 0x74, 0x46, 0x97, 0x4E, 
    0xBA, 0x52, 0xDA, 0x52, 0xBA, 0x52, 0xD9, 0x52, 0xDA, 0x52, 0x1B, 0x57, 0x1D, 0x5B, 0x5D, 0x5F, 
    0x7E, 0x63, 0x9E, 0x67, 0x7F, 0x63, 0x7E, 0x63, 0x5E, 0x5F, 0x7E, 0x63, 0x7E, 0x63, 0x9E, 0x67, 
    0x9F, 0x67, 0xBF, 0x6B, 0x9F, 0x67, 0x9E, 0x67, 0x5E, 0x5F, 0x3D, 0x5B, 0x1C, 0x57, 0xFB, 0x56, 
    0xDA, 0x4E, 0xD9, 0x4E, 0xDA, 0x52, 0xFB, 0x56, 0x1D, 0x5B, 0x1C, 0x5B, 0xB9, 0x4E, 0x95, 0x46, 
    0x75, 0x46, 0x96, 0x4A, 0x97, 0x4A, 0xB7, 0x4E, 0xB8, 0x4E, 0xF9, 0x56, 0xFA, 0x5A, 0xFA, 0x5A, 
    0xFA, 0x5A, 0xF9, 0x5A, 0xF9, 0x5A, 0x19, 0x5B, 0xF9, 0x5A, 0x19, 0x5F, 0xF9, 0x5A, 0xF7, 0x56, 
    0xB6, 0x52, 0x93, 0x4A, 0x52, 0x42, 0x30, 0x42, 0x74, 0x4A, 0x53, 0x4A, 0x6C, 0x31, 0x4A, 0x2D, 
    0x32, 0x4A, 0x39, 0x67, 0xF8, 0x5E, 0x32, 0x4A, 0x08, 0x29, 0x8D, 0x39, 0x33, 0x4E, 0xCE, 0x3D, 
    0xAE, 0x39, 0x4A, 0x31, 0x29, 0x29, 0x4A, 0x2D, 0x4B, 0x31, 0xAC, 0x39, 0x53, 0x4E, 0xF7, 0x62, 
    0x94, 0x56, 0x10, 0x46, 0x54, 0x4E, 0x53, 0x4E, 0x33, 0x4A, 0xB6, 0x5A, 0x75, 0x52, 0x8C, 0x39, 
    0x11, 0x4A, 0x39, 0x6F, 0x74, 0x56, 0xEE, 0x49, 0x31, 0x52, 0x30, 0x52, 0xAD, 0x3D, 0x0F, 0x4A, 
    0x32, 0x4E, 0x73, 0x52, 0xF7, 0x62, 0x10, 0x4A, 0x6C, 0x31, 0x8C, 0x35, 0x2B, 0x2D, 0x29, 0x29, 
    0x2A, 0x2D, 0x6B, 0x31, 0xF9, 0x66, 0x9C, 0x73, 0xD7, 0x5E, 0xB5, 0x5A, 0x95, 0x56, 0x94, 0x56, 
    0x33, 0x4E, 0xF8, 0x66, 0x19, 0x67, 0x7A, 0x6F, 0x39, 0x67, 0x93, 0x56, 0x11, 0x4A, 0xCD, 0x41, 
    0xCE, 0x41, 0xD5, 0x62, 0xF8, 0x66, 0xF7, 0x66, 0xD6, 0x66, 0xF5, 0x66, 0xD5, 0x66, 0xD4, 0x66, 
    0xD5, 0x66, 0x16, 0x6B, 0xD5, 0x62, 0x93, 0x5A, 0xD6, 0x62, 0x51, 0x56, 0x10, 0x4E, 0x71, 0x5A, 
    0xCE, 0x45, 0xCD, 0x41, 0x49, 0x31, 0x27, 0x2D, 0xAD, 0x3D, 0x50, 0x52, 0xCD, 0x3D, 0xEC, 0x3D, 
    0x0F, 0x42, 0xFA, 0x5A, 0x1C, 0x5B, 0x1A, 0x5B, 0xD9, 0x52, 0xD8, 0x52, 0xB9, 0x52, 0x1B, 0x5B, 
    0x3D, 0x5F, 0x3B, 0x5F, 0xD8, 0x52, 0xB6, 0x4E, 0xFA, 0x56, 0x3D, 0x63, 0x3D, 0x5F, 0x5D, 0x63, 
    0x3D, 0x5F, 0x5D, 0x63, 0x3E, 0x63, 0x5D, 0x63, 0x3D, 0x5F, 0x3C, 0x5F, 0xFB, 0x56, 0xF9, 0x56, 
    0xD9, 0x52, 0xD8, 0x52, 0xB8, 0x4E, 0x96, 0x4A, 0x75, 0x4A, 0x95, 0x4E, 0x97, 0x4E, 0xD8, 0x56, 
    0xDA, 0x56, 0xFB, 0x5E, 0xFB, 0x5A, 0x1B, 0x5F, 0x1B, 0x5B, 0x19, 0x5B, 0xF9, 0x56, 0xF8, 0x56, 
    0xB7, 0x52, 0xB6, 0x4E, 0x96, 0x4A, 0xB5, 0x4E, 0xB6, 0x4E, 0xB6, 0x52, 0x96, 0x4E, 0x94, 0x4E, 
    0x53, 0x46, 0x95, 0x4E, 0xB8, 0x52, 0xD8, 0x56, 0xFB, 0x5A, 0x3C, 0x63, 0x1D, 0x63, 0x1C, 0x63, 
    0xFC, 0x5E, 0x1B, 0x5F, 0xFC, 0x5E, 0x1C, 0x63, 0x1C, 0x5F, 0xFA, 0x5A, 0xB8, 0x52, 0xB6, 0x52, 
    0xB8, 0x52, 0xD8, 0x5A, 0xDA, 0x5A, 0xFB, 0x5E, 0x1D, 0x63, 0x5E, 0x67, 0x7F, 0x6B, 0xBF, 0x6F, 
    0x9F, 0x6B, 0x9E, 0x6B, 0x7E, 0x67, 0x5D, 0x67, 0x3C, 0x63, 0x1B, 0x5F, 0xFA, 0x5A, 0xD8, 0x5A, 
    0xB8, 0x52, 0xB7, 0x52, 0x97, 0x4E, 0x75, 0x4A, 0x75, 0x46, 0x73, 0x46, 0x31, 0x42, 0x31, 0x42, 
    0x51, 0x4A, 0x53, 0x4A, 0x73, 0x4E, 0x74, 0x4A, 0x94, 0x4E, 0x95, 0x4E, 0xB5, 0x4E, 0x97, 0x4A, 
    0x97, 0x4A, 0x76, 0x46, 0x74, 0x46, 0x53, 0x42, 0x73, 0x46, 0x55, 0x42, 0x75, 0x46, 0x75, 0x42, 
    0x97, 0x4A, 0x97, 0x4A, 0x74, 0x46, 0x74, 0x46, 0x95, 0x4A, 0x76, 0x46, 0x94, 0x4A, 0x30, 0x42, 
    0x0C, 0x3E, 0x0D, 0x3E, 0x0D, 0x42, 0x30, 0x42, 0x51, 0x42, 0x53, 0x42, 0x95, 0x46, 0xB8, 0x4A, 
    0xDA, 0x56, 0xDB, 0x52, 0xDA, 0x52, 0xB9, 0x4E, 0xD9, 0x52, 0xFB, 0x52, 0x1C, 0x5B, 0x3D, 0x5B, 
    0x5D, 0x5F, 0x5E, 0x5F, 0x7E, 0x63, 0x5E, 0x5F, 0x5D, 0x5F, 0x5E, 0x5F, 0x7E, 0x63, 0x7E, 0x63, 
    0x9E, 0x67, 0x9F, 0x67, 0x9E, 0x67, 0x7F, 0x63, 0x5D, 0x5F, 0x3D, 0x5B, 0x1B, 0x57, 0xDA, 0x4E, 
    0xB7, 0x4A, 0xB7, 0x46, 0xD8, 0x4E, 0xDA, 0x52, 0xFB, 0x56, 0xDB, 0x52, 0xB7, 0x4A, 0x76, 0x42, 
    0x96, 0x4A, 0xB8, 0x4A, 0xD8, 0x4E, 0xB9, 0x4E, 0xF9, 0x56, 0xFB, 0x5A, 0x1B, 0x5F, 0x1B, 0x5B, 
    0x1A, 0x5F, 0xFA, 0x5A, 0x19, 0x5B, 0xF9, 0x5A, 0x19, 0x5B, 0xF9, 0x5A, 0x19, 0x5B, 0xD8, 0x56, 
    0xD5, 0x52, 0x73, 0x4A, 0x51, 0x46, 0x31, 0x42, 0x94, 0x4E, 0x33, 0x46, 0x8C, 0x35, 0x6C, 0x31, 
    0xB5, 0x56, 0x39, 0x67, 0xB5, 0x56, 0xAE, 0x35, 0x4A, 0x2D, 0x11, 0x46, 0x73, 0x52, 0xAE, 0x39, 
    0x8B, 0x35, 0xAD, 0x39, 0x6A, 0x31, 0x8C, 0x35, 0x8B, 0x35, 0xEF, 0x41, 0xB5, 0x5A, 0x19, 0x67, 
    0xB5, 0x56, 0xCF, 0x3D, 0x73, 0x52, 0x32, 0x4A, 0x52, 0x4A, 0xF9, 0x5E, 0x95, 0x56, 0x4B, 0x2D, 
    0xEF, 0x45, 0x73, 0x52, 0xEE, 0x41, 0x51, 0x52, 0x71, 0x56, 0x31, 0x4E, 0xEE, 0x49, 0x10, 0x4A, 
    0xEE, 0x41, 0x10, 0x4A, 0x30, 0x4A, 0xAE, 0x3D, 0x8C, 0x35, 0xAD, 0x39, 0xAD, 0x39, 0xE8, 0x20, 
    0x6B, 0x31, 0x4A, 0x2D, 0x73, 0x52, 0xB6, 0x5A, 0x52, 0x4E, 0x95, 0x52, 0x94, 0x56, 0x74, 0x52, 
    0x18, 0x67, 0x7C, 0x6F, 0x7B, 0x73, 0x5B, 0x6F, 0x5A, 0x6F, 0x94, 0x56, 0xCD, 0x3D, 0x8C, 0x39, 
    0x52, 0x52, 0x18, 0x67, 0x38, 0x6B, 0x18, 0x6B, 0x37, 0x6F, 0x17, 0x6B, 0xF4, 0x6A, 0xD5, 0x66, 
    0xD4, 0x62, 0x72, 0x56, 0x93, 0x5E, 0x10, 0x4A, 0x51, 0x56, 0xEF, 0x49, 0xED, 0x49, 0x71, 0x56, 
    0x2F, 0x4E, 0x8C, 0x39, 0x49, 0x31, 0x6A, 0x35, 0xCC, 0x41, 0x71, 0x56, 0xCB, 0x3D, 0xCC, 0x3D, 
    0x4F, 0x4A, 0xD8, 0x56, 0x1B, 0x5F, 0xFB, 0x5A, 0xF9, 0x56, 0xB8, 0x4E, 0xD8, 0x52, 0xFC, 0x5A, 
    0x3C, 0x5F, 0x1B, 0x5B, 0xD7, 0x52, 0xB8, 0x4E, 0x1B, 0x5B, 0x3D, 0x5F, 0x5D, 0x63, 0x3D, 0x5F, 
    0x5D, 0x63, 0x5E, 0x63, 0x7E, 0x67, 0x7E, 0x63, 0x5D, 0x63, 0x3C, 0x5B, 0x1B, 0x5B, 0xFA, 0x56, 
    0xF9, 0x56, 0xD9, 0x52, 0xD8, 0x52, 0x97, 0x4A, 0x95, 0x4A, 0x96, 0x4A, 0x96, 0x4E, 0xB8, 0x52, 
    0xF9, 0x5A, 0xFA, 0x5A, 0x1A, 0x5B, 0xFB, 0x5A, 0x1A, 0x5B, 0xFA, 0x56, 0xF8, 0x56, 0xD8, 0x52, 
    0xD6, 0x52, 0xB6, 0x4E, 0xB5, 0x4E, 0xB6, 0x4A, 0xD6, 0x52, 0xD8, 0x52, 0xB6, 0x52, 0x75, 0x4A, 
    0x94, 0x4A, 0x97, 0x4E, 0xD8, 0x56, 0xD9, 0x56, 0x1B, 0x5F, 0x1D, 0x5F, 0x3C, 0x63, 0x1C, 0x5F, 
    0x1B, 0x5F, 0xFB, 0x5E, 0x1B, 0x5F, 0x1C, 0x5F, 0x1B, 0x5F, 0xDA, 0x5A, 0xD7, 0x56, 0xB7, 0x52, 
    0xD7, 0x56, 0xD8, 0x56, 0xF9, 0x5A, 0xFB, 0x5A, 0x3C, 0x63, 0x5E, 0x67, 0x9E, 0x6B, 0x9F, 0x6F, 
    0xBE, 0x6F, 0x9E, 0x6B, 0x7D, 0x6B, 0x5D, 0x67, 0x5C, 0x63, 0x1B, 0x5F, 0xF9, 0x5A, 0xD8, 0x56, 
    0xB7, 0x52, 0x97, 0x4E, 0x96, 0x4E, 0x54, 0x46, 0x73, 0x46, 0x52, 0x42, 0x30, 0x42, 0x31, 0x42, 
    0x32, 0x4A, 0x73, 0x4E, 0x74, 0x4E, 0x94, 0x4E, 0x75, 0x4E, 0x95, 0x4E, 0x97, 0x4E, 0xB8, 0x4E, 
    0x98, 0x4E, 0x97, 0x4A, 0x55, 0x46, 0x53, 0x46, 0x54, 0x42, 0x75, 0x46, 0x56, 0x46, 0x76, 0x46, 
    0x77, 0x46, 0x97, 0x4E, 0x75, 0x46, 0x72, 0x46, 0x53, 0x46, 0x53, 0x46, 0x52, 0x42, 0x2E, 0x42, 
    0xED, 0x3D, 0x0D, 0x3E, 0xED, 0x3D, 0x0E, 0x42, 0x30, 0x42, 0x52, 0x46, 0x76, 0x46, 0xB8, 0x4E, 
    0xDB, 0x52, 0xDB, 0x56, 0xBB, 0x52, 0xB9, 0x52, 0xB9, 0x4E, 0xDA, 0x52, 0xFC, 0x56, 0x1C, 0x5B, 
    0x3E, 0x5B, 0x5D, 0x5F, 0x3E, 0x5F, 0x5D, 0x5F, 0x3E, 0x5F, 0x5D, 0x5F, 0x5E, 0x5F, 0x7E, 0x63, 
    0x7F, 0x63, 0x9F, 0x67, 0x7F, 0x63, 0x7E, 0x63, 0x3E, 0x5F, 0x3D, 0x5B, 0xFC, 0x52, 0xD9, 0x4E, 
    0x96, 0x46, 0x95, 0x46, 0x97, 0x46, 0xB9, 0x4E, 0xBA, 0x4E, 0xB9, 0x4E, 0x77, 0x46, 0x97, 0x4A, 
    0xB9, 0x4E, 0xDA, 0x52, 0xDA, 0x52, 0xDA, 0x56, 0xFB, 0x56, 0x1B, 0x5F, 0x1C, 0x5F, 0x1B, 0x63, 
    0x1B, 0x5F, 0x1A, 0x5F, 0xFA, 0x5A, 0x19, 0x5F, 0xFA, 0x5A, 0x19, 0x5F, 0xFA, 0x5A, 0xF8, 0x5A, 
    0xB7, 0x52, 0x93, 0x4E, 0x52, 0x46, 0x51, 0x46, 0x75, 0x4E, 0x54, 0x4A, 0x6C, 0x31, 0xCF, 0x3D, 
    0xD7, 0x5E, 0x19, 0x67, 0x33, 0x4A, 0x4A, 0x31, 0x8D, 0x35, 0x53, 0x4E, 0x11, 0x46, 0xCE, 0x41, 
    0xAE, 0x39, 0x0F, 0x46, 0x8D, 0x35, 0xAD, 0x3D, 0xCE, 0x41, 0x72, 0x56, 0xD7, 0x5E, 0x19, 0x67, 
    0x53, 0x4E, 0xAD, 0x39, 0x12, 0x46, 0x11, 0x46, 0x75, 0x52, 0xD7, 0x5A, 0xF1, 0x41, 0x8D, 0x39, 
    0x75, 0x56, 0x74, 0x56, 0x52, 0x52, 0xD5, 0x62, 0xB5, 0x62, 0x72, 0x5A, 0x31, 0x52, 0x52, 0x56, 
    0x31, 0x4E, 0x52, 0x56, 0x8E, 0x3D, 0xAD, 0x3D, 0xAE, 0x3D, 0x31, 0x4A, 0xF0, 0x41, 0x4A, 0x2D, 
    0x2A, 0x29, 0x08, 0x29, 0xAE, 0x3D, 0xCE, 0x41, 0x32, 0x4E, 0xB6, 0x5A, 0xF1, 0x45, 0x94, 0x5A, 
    0x5C, 0x73, 0x7C, 0x73, 0x5C, 0x6F, 0x7B, 0x73, 0x3A, 0x6B, 0x73, 0x56, 0x6C, 0x39, 0x4A, 0x35, 
    0x73, 0x56, 0x18, 0x6B, 0x19, 0x6B, 0xF6, 0x6A, 0xB5, 0x62, 0x70, 0x5A, 0x50, 0x5A, 0x0F, 0x52, 
    0xCD, 0x45, 0x8B, 0x41, 0xCE, 0x45, 0x30, 0x52, 0x6C, 0x3D, 0xEE, 0x4D, 0x0F, 0x52, 0x92, 0x5E, 
    0x73, 0x5A, 0xEE, 0x45, 0x4A, 0x31, 0xAC, 0x3D, 0x30, 0x4E, 0x91, 0x56, 0xCC, 0x3D, 0xCB, 0x3D, 
    0x2E, 0x46, 0xB4, 0x56, 0xDA, 0x5A, 0x1B, 0x5F, 0xFB, 0x5A, 0xB8, 0x52, 0xB9, 0x52, 0xFB, 0x5A, 
    0x1D, 0x5F, 0x1B, 0x5F, 0xB8, 0x52, 0xB8, 0x52, 0xFC, 0x5A, 0x3C, 0x63, 0x1D, 0x5F, 0x3D, 0x63, 
    0x3E, 0x63, 0x7E, 0x6B, 0x7F, 0x67, 0x7E, 0x67, 0x5E, 0x63, 0x3C, 0x5F, 0x1B, 0x5B, 0xF9, 0x56, 
    0xD9, 0x52, 0xD9, 0x56, 0xB8, 0x52, 0xB7, 0x4E, 0x96, 0x4A, 0x96, 0x4E, 0x96, 0x4E, 0xB7, 0x52, 
    0xB9, 0x56, 0xD9, 0x5A, 0xDA, 0x5A, 0xFA, 0x5A, 0xFA, 0x5A, 0xF9, 0x5A, 0xD8, 0x56, 0xD7, 0x56, 
    0xB7, 0x52, 0xB6, 0x4E, 0x96, 0x4E, 0xB6, 0x52, 0xB8, 0x52, 0xD8, 0x56, 0x97, 0x52, 0x75, 0x4E, 
    0x97, 0x4E, 0xD8, 0x56, 0xD9, 0x56, 0xFA, 0x5A, 0xFC, 0x5E, 0x1C, 0x63, 0x1D, 0x5F, 0x1C, 0x63, 
    0xFC, 0x5E, 0x1B, 0x5F, 0xFC, 0x5E, 0x3C, 0x63, 0x1C, 0x5F, 0xFA, 0x5A, 0xB9, 0x56, 0xD7, 0x56, 
    0xB8, 0x56, 0xD8, 0x5A, 0xDA, 0x5A, 0xFA, 0x5E, 0x1D, 0x63, 0x5E, 0x6B, 0x7F, 0x6B, 0x9F, 0x6F, 
    0x9F, 0x6F, 0x9E, 0x6F, 0x7E, 0x67, 0x5D, 0x67, 0x3D, 0x63, 0x1B, 0x5F, 0xD9, 0x5A, 0xB7, 0x56, 
    0x97, 0x4E, 0x96, 0x52, 0x76, 0x4A, 0x54, 0x46, 0x53, 0x42, 0x51, 0x42, 0x30, 0x42, 0x31, 0x46, 
    0x51, 0x4A, 0x53, 0x4A, 0x73, 0x4E, 0x75, 0x4A, 0x95, 0x4E, 0x96, 0x4E, 0xB7, 0x4E, 0xB8, 0x4E, 
    0xB8, 0x4E, 0x97, 0x4A, 0x74, 0x46, 0x53, 0x42, 0x73, 0x42, 0x55, 0x42, 0x75, 0x46, 0x76, 0x42, 
    0x96, 0x46, 0x97, 0x46, 0x95, 0x46, 0x53, 0x42, 0x52, 0x46, 0x53, 0x42, 0x50, 0x42, 0x2F, 0x3E, 
    0x0C, 0x3E, 0x0D, 0x3E, 0x0D, 0x3E, 0x0D, 0x3E, 0x2E, 0x42, 0x52, 0x42, 0x95, 0x46, 0xB9, 0x4E, 
    0xFA, 0x56, 0xDB, 0x52, 0xDA, 0x52, 0xB9, 0x4E, 0xB7, 0x4E, 0xB9, 0x4E, 0xFA, 0x52, 0x1B, 0x57, 
    0x3C, 0x5B, 0x3D, 0x5B, 0x5D, 0x5F, 0x3D, 0x5B, 0x3C, 0x5B, 0x3D, 0x5B, 0x5D, 0x5B, 0x5E, 0x5B, 
    0x7E, 0x63, 0x7E, 0x5F, 0x7E, 0x63, 0x5E, 0x5F, 0x5D, 0x5B, 0x1C, 0x57, 0xFA, 0x52, 0xB8, 0x4A, 
    0x95, 0x46, 0x75, 0x42, 0x95, 0x46, 0x97, 0x46, 0x97, 0x4A, 0x97, 0x46, 0x96, 0x46, 0xB9, 0x4A, 
    0xFA, 0x52, 0xFB, 0x56, 0x1B, 0x5B, 0xFB, 0x56, 0x1B, 0x5B, 0x3C, 0x5F, 0x3C, 0x5F, 0x1B, 0x5F, 
    0x3A, 0x5F, 0x1A, 0x5B, 0x19, 0x5F, 0x1A, 0x5B, 0x19, 0x5B, 0x1A, 0x5B, 0x19, 0x5B, 0xF9, 0x56, 
    0xD6, 0x56, 0x94, 0x4E, 0x71, 0x46, 0x72, 0x46, 0x94, 0x4E, 0x53, 0x46, 0x4A, 0x2D, 0x11, 0x46, 
    0xF6, 0x5E, 0xF7, 0x5E, 0xEF, 0x41, 0x4A, 0x2D, 0x10, 0x46, 0xB7, 0x56, 0x31, 0x4A, 0x10, 0x46, 
    0x0F, 0x46, 0x31, 0x46, 0xEE, 0x41, 0x10, 0x4A, 0x92, 0x5A, 0xB5, 0x5A, 0xF6, 0x5E, 0xF7, 0x5E, 
    0x10, 0x46, 0xCE, 0x39, 0x52, 0x4A, 0xD0, 0x3D, 0x95, 0x52, 0x33, 0x4A, 0x6C, 0x31, 0x74, 0x52, 
    0x39, 0x67, 0xF8, 0x62, 0xF6, 0x62, 0x38, 0x6F, 0x16, 0x6B, 0x93, 0x5A, 0x92, 0x5A, 0xB4, 0x5E, 
    0xD4, 0x62, 0x51, 0x52, 0xEE, 0x45, 0xF0, 0x45, 0x51, 0x4E, 0x53, 0x4E, 0x10, 0x46, 0x4B, 0x2D, 
    0x08, 0x25, 0xE8, 0x20, 0xAC, 0x39, 0xCE, 0x3D, 0x52, 0x4E, 0x95, 0x56, 0xEF, 0x45, 0xB5, 0x5A, 
    0x9B, 0x73, 0x7C, 0x6F, 0x7A, 0x6F, 0x19, 0x67, 0xD6, 0x5E, 0x31, 0x4A, 0x6A, 0x35, 0x08, 0x29, 
    0x93, 0x5A, 0x18, 0x67, 0x17, 0x67, 0xB4, 0x5E, 0x2E, 0x52, 0x8A, 0x3D, 0x89, 0x3D, 0x6A, 0x39, 
    0x8A, 0x3D, 0x49, 0x35, 0x8A, 0x39, 0x6A, 0x35, 0xAB, 0x3D, 0xB3, 0x5E, 0xB3, 0x5E, 0xB4, 0x5E, 
    0xB4, 0x5E, 0x51, 0x52, 0x0E, 0x46, 0x6A, 0x31, 0xED, 0x41, 0x71, 0x52, 0x0C, 0x42, 0xCB, 0x39, 
    0xCA, 0x39, 0x91, 0x4E, 0xF8, 0x5E, 0xFB, 0x5A, 0x1A, 0x5B, 0xD9, 0x52, 0xD8, 0x52, 0xDA, 0x56, 
    0x3B, 0x5B, 0x1B, 0x57, 0xD7, 0x52, 0xD9, 0x52, 0x1B, 0x5B, 0x1C, 0x5B, 0x3C, 0x5F, 0x1D, 0x5F, 
    0x7D, 0x67, 0x9F, 0x67, 0x9E, 0x6B, 0x7E, 0x67, 0x5D, 0x63, 0x3C, 0x5F, 0x3B, 0x5B, 0xFA, 0x56, 
    0xF9, 0x56, 0xD9, 0x52, 0xD8, 0x52, 0xB8, 0x4E, 0xB6, 0x4E, 0x95, 0x4A, 0x95, 0x4E, 0x96, 0x4E, 
    0xB7, 0x52, 0xB9, 0x56, 0xD9, 0x56, 0xD9, 0x56, 0xF8, 0x56, 0xF8, 0x56, 0xD7, 0x56, 0xD7, 0x52, 
    0xD6, 0x52, 0xB6, 0x4E, 0xB6, 0x4E, 0xB7, 0x4E, 0xF8, 0x56, 0xD8, 0x52, 0xB6, 0x52, 0x96, 0x4A, 
    0xB7, 0x52, 0xD9, 0x56, 0xF9, 0x5A, 0xFA, 0x56, 0x1B, 0x5F, 0x1C, 0x5F, 0x3C, 0x5F, 0x1C, 0x5F, 
    0x1B, 0x5F, 0x1C, 0x5F, 0x3B, 0x5F, 0x3C, 0x5F, 0x3B, 0x5F, 0xFB, 0x5A, 0xF9, 0x56, 0xD8, 0x56, 
    0xF8, 0x56, 0xF9, 0x56, 0x19, 0x5B, 0xFB, 0x5A, 0x3C, 0x63, 0x5D, 0x63, 0x9E, 0x6B, 0x9F, 0x6B, 
    0xBE, 0x6F, 0x9E, 0x6B, 0x7D, 0x6B, 0x5D, 0x63, 0x5C, 0x63, 0x1A, 0x5B, 0xF8, 0x56, 0xB7, 0x4E, 
    0x96, 0x4E, 0x96, 0x4A, 0x95, 0x4A, 0x54, 0x42, 0x73, 0x46, 0x52, 0x42, 0x30, 0x42, 0x31, 0x42, 
    0x32, 0x4A, 0x72, 0x4E, 0x74, 0x4E, 0x94, 0x4E, 0x75, 0x4E, 0xB6, 0x4E, 0xB8, 0x52, 0xD8, 0x52, 
    0xB9, 0x4E, 0x97, 0x4E, 0x76, 0x46, 0x73, 0x46, 0x54, 0x42, 0x75, 0x46, 0x56, 0x42, 0x76, 0x46, 
    0x77, 0x46, 0x97, 0x4A, 0x77, 0x46, 0x53, 0x46, 0x53, 0x42, 0x53, 0x46, 0x31, 0x42, 0x2F, 0x42, 
    0xED, 0x3D, 0x0C, 0x3E, 0x0D, 0x3E, 0x0D, 0x42, 0x2F, 0x42, 0x72, 0x46, 0x76, 0x46, 0xB8, 0x4E, 
    0xDB, 0x52, 0xDA, 0x56, 0xBA, 0x52, 0xB8, 0x4E, 0x97, 0x4A, 0xB7, 0x4E, 0xD9, 0x4E, 0xFA, 0x56, 
    0xFC, 0x56, 0x3C, 0x5B, 0x1D, 0x5B, 0x3C, 0x5B, 0x1C, 0x57, 0x3C, 0x5B, 0x1D, 0x5B, 0x3D, 0x5F, 
    0x5E, 0x5B, 0x5E, 0x5F, 0x5E, 0x5F, 0x5D, 0x5F, 0x1D, 0x57, 0x1B, 0x57, 0xDA, 0x4E, 0xB7, 0x4A, 
    0x76, 0x46, 0x75, 0x46, 0x76, 0x42, 0x76, 0x46, 0x76, 0x42, 0x76, 0x46, 0x98, 0x46, 0xDA, 0x52, 
    0xFC, 0x56, 0x3C, 0x5F, 0x1D, 0x5B, 0x3C, 0x5F, 0x3D, 0x5F, 0x3C, 0x63, 0x3D, 0x5F, 0x3B, 0x5F, 
    0x1B, 0x5F, 0x1A, 0x5F, 0xFA, 0x5E, 0x19, 0x5F, 0xFA, 0x5A, 0x19, 0x5F, 0xFA, 0x5A, 0xF9, 0x5A, 
    0xD7, 0x56, 0xB4, 0x52, 0x52, 0x46, 0x72, 0x4A, 0x75, 0x4E, 0x11, 0x42, 0x2A, 0x29, 0xEF, 0x41, 
    0x95, 0x56, 0x94, 0x56, 0x6D, 0x35, 0x8C, 0x39, 0x96, 0x52, 0xD6, 0x5A, 0xF1, 0x45, 0xEF, 0x45, 
    0x11, 0x46, 0x31, 0x4A, 0x12, 0x4A, 0xB5, 0x5E, 0xD6, 0x62, 0xD5, 0x62, 0xB6, 0x5A, 0xD6, 0x5E, 
    0x74, 0x52, 0x31, 0x4A, 0x75, 0x52, 0xCF, 0x3D, 0xD0, 0x3D, 0x4A, 0x29, 0xAF, 0x39, 0xF8, 0x5E, 
    0x3B, 0x6B, 0x18, 0x67, 0xB6, 0x5E, 0x17, 0x6B, 0xF7, 0x66, 0xD4, 0x62, 0xD6, 0x66, 0xF5, 0x66, 
    0xD4, 0x62, 0x92, 0x5A, 0x52, 0x52, 0x94, 0x5A, 0x32, 0x4A, 0xCE, 0x41, 0xF0, 0x41, 0x4A, 0x2D, 
    0xE7, 0x20, 0xE7, 0x20, 0x6B, 0x31, 0x31, 0x4E, 0x52, 0x4E, 0xCE, 0x41, 0x6B, 0x35, 0x51, 0x52, 
    0x7B, 0x6F, 0x7B, 0x73, 0x3A, 0x6B, 0x94, 0x56, 0x32, 0x4E, 0x10, 0x4A, 0x6B, 0x35, 0xC5, 0x20, 
    0x10, 0x4A, 0x39, 0x6F, 0x18, 0x6B, 0x71, 0x5A, 0xAC, 0x41, 0x69, 0x39, 0x07, 0x31, 0xAB, 0x45, 
    0x51, 0x56, 0x30, 0x52, 0xEF, 0x45, 0x49, 0x35, 0xAD, 0x41, 0xD4, 0x62, 0x17, 0x6B, 0xF6, 0x66, 
    0xD6, 0x62, 0xB4, 0x5E, 0x0F, 0x4A, 0x69, 0x35, 0xEE, 0x45, 0x2E, 0x4A, 0x2E, 0x46, 0xEC, 0x41, 
    0xCA, 0x39, 0x6E, 0x4E, 0xF8, 0x5E, 0x1B, 0x5F, 0xFB, 0x56, 0xF9, 0x56, 0xB9, 0x52, 0xDA, 0x56, 
    0xFB, 0x5A, 0xFA, 0x56, 0xB8, 0x4E, 0xD9, 0x56, 0x1C, 0x5B, 0x1C, 0x5F, 0x1C, 0x5B, 0x3D, 0x63, 
    0x7F, 0x67, 0xBF, 0x6F, 0x9F, 0x6B, 0x7E, 0x67, 0x3D, 0x5F, 0x3B, 0x5F, 0x1B, 0x5B, 0x1A, 0x5B, 
    0xFA, 0x56, 0xF9, 0x56, 0xD9, 0x52, 0xB8, 0x52, 0x97, 0x4E, 0x95, 0x4E, 0x76, 0x4A, 0x95, 0x4E, 
    0x97, 0x4E, 0xB7, 0x52, 0xB8, 0x52, 0xD8, 0x56, 0xD8, 0x56, 0xD7, 0x56, 0xB7, 0x52, 0xB6, 0x52, 
    0xB6, 0x4E, 0xB6, 0x52, 0xB6, 0x4E, 0xD7, 0x56, 0xD9, 0x56, 0xD8, 0x56, 0x97, 0x4E, 0x96, 0x4E, 
    0xB9, 0x56, 0xFA, 0x5A, 0xFA, 0x5A, 0xFA, 0x5A, 0xFC, 0x5A, 0x1C, 0x5F, 0x1C, 0x5F, 0x1B, 0x5F, 
    0xFC, 0x5E, 0x1B, 0x5F, 0x1C, 0x5F, 0x3C, 0x63, 0x1C, 0x5F, 0x1B, 0x5F, 0xFB, 0x5A, 0xF9, 0x5A, 
    0xFA, 0x5A, 0x1A, 0x5F, 0xFA, 0x5E, 0x1A, 0x5F, 0x1C, 0x5F, 0x5D, 0x67, 0x7E, 0x67, 0x9E, 0x6B, 
    0x9F, 0x6B, 0x9E, 0x6B, 0x7E, 0x67, 0x5D, 0x67, 0x3C, 0x63, 0x1A, 0x5F, 0xD9, 0x56, 0xB6, 0x52, 
    0x96, 0x4E, 0x96, 0x4E, 0x76, 0x4A, 0x75, 0x4A, 0x75, 0x46, 0x74, 0x4A, 0x52, 0x46, 0x52, 0x46, 
    0x51, 0x4A, 0x53, 0x4A, 0x73, 0x4E, 0x75, 0x4E, 0x95, 0x4E, 0x97, 0x4E, 0xD8, 0x52, 0xB9, 0x52, 
    0xD8, 0x52, 0x98, 0x4A, 0x76, 0x46, 0x54, 0x42, 0x73, 0x42, 0x55, 0x42, 0x76, 0x46, 0x76, 0x46, 
    0x76, 0x46, 0x77, 0x46, 0x96, 0x46, 0x54, 0x42, 0x52, 0x46, 0x33, 0x42, 0x50, 0x42, 0x0F, 0x3E, 
    0x0D, 0x3E, 0xED, 0x39, 0x0C, 0x3E, 0xED, 0x3D, 0x2E, 0x42, 0x52, 0x42, 0x75, 0x46, 0xB8, 0x4A, 
    0xD9, 0x52, 0xDB, 0x52, 0xD9, 0x52, 0x98, 0x4A, 0x75, 0x4A, 0x95, 0x46, 0xD7, 0x4E, 0xDA, 0x52, 
    0xFA, 0x56, 0x1C, 0x57, 0x1C, 0x5B, 0x1C, 0x57, 0x1B, 0x57, 0x1C, 0x57, 0x1C, 0x5B, 0x1D, 0x5B, 
    0x5D, 0x5B, 0x3D, 0x5B, 0x5D, 0x5B, 0x3D, 0x57, 0x1C, 0x57, 0xDA, 0x52, 0xD8, 0x4E, 0x97, 0x4A, 
    0x97, 0x4A, 0x76, 0x42, 0x74, 0x42, 0x55, 0x42, 0x75, 0x42, 0x76, 0x42, 0xB8, 0x4E, 0xFB, 0x56, 
    0x1C, 0x5B, 0x3E, 0x5F, 0x5D, 0x5F, 0x3D, 0x5F, 0x5C, 0x63, 0x3D, 0x5F, 0x3C, 0x63, 0x1B, 0x5F, 
    0x1A, 0x5F, 0x1A, 0x5F, 0x19, 0x5F, 0xFA, 0x5A, 0x19, 0x5F, 0xFA, 0x5A, 0xF9, 0x5A, 0xF9, 0x56, 
    0xD7, 0x56, 0xB5, 0x4E, 0x93, 0x4A, 0x73, 0x4A, 0x74, 0x4E, 0xCF, 0x39, 0x29, 0x2D, 0x6B, 0x31, 
    0xCE, 0x3D, 0xAD, 0x39, 0x6B, 0x31, 0x11, 0x46, 0xF8, 0x62, 0x53, 0x4A, 0x8C, 0x35, 0xAE, 0x39, 
    0xEF, 0x41, 0x53, 0x4E, 0x94, 0x56, 0xD7, 0x5E, 0xD5, 0x62, 0xD6, 0x5E, 0x18, 0x63, 0x18, 0x63, 
    0x94, 0x56, 0x74, 0x4E, 0x32, 0x4A, 0x8E, 0x35, 0x29, 0x29, 0x4B, 0x29, 0x53, 0x4A, 0xD8, 0x5E, 
    0x5A, 0x6B, 0x3A, 0x67, 0x39, 0x6B, 0x18, 0x67, 0xD5, 0x62, 0x38, 0x6B, 0x37, 0x6F, 0xF6, 0x6A, 
    0xD4, 0x66, 0x94, 0x5E, 0x51, 0x52, 0x32, 0x4E, 0x8C, 0x39, 0x6B, 0x31, 0xCD, 0x3D, 0x6B, 0x31, 
    0xE6, 0x20, 0xC7, 0x20, 0x6A, 0x31, 0xCE, 0x3D, 0x51, 0x4E, 0x6C, 0x35, 0x49, 0x31, 0xEF, 0x45, 
    0x7A, 0x6F, 0x5B, 0x6B, 0xF7, 0x5E, 0x95, 0x56, 0x10, 0x46, 0x31, 0x4A, 0x73, 0x52, 0x2A, 0x2D, 
    0x49, 0x31, 0xF7, 0x62, 0x17, 0x67, 0xAC, 0x3D, 0x05, 0x29, 0x07, 0x2D, 0xEC, 0x49, 0xB4, 0x5E, 
    0x37, 0x6B, 0x38, 0x6B, 0x17, 0x6B, 0x10, 0x4E, 0x0F, 0x4A, 0x18, 0x6B, 0x59, 0x6F, 0x18, 0x67, 
    0xF6, 0x62, 0x93, 0x5A, 0xCC, 0x41, 0xCD, 0x41, 0xCB, 0x3D, 0xAB, 0x39, 0x2D, 0x46, 0xEC, 0x3D, 
    0xEA, 0x3D, 0x2D, 0x46, 0xF5, 0x62, 0x1B, 0x5F, 0xFA, 0x56, 0xDA, 0x52, 0xD9, 0x56, 0xDA, 0x56, 
    0x1A, 0x5B, 0xDA, 0x52, 0xB8, 0x52, 0xDA, 0x52, 0x1B, 0x5B, 0x1C, 0x5B, 0x1C, 0x5F, 0x3E, 0x5F, 
    0x9E, 0x6B, 0xBF, 0x6B, 0xBE, 0x6B, 0x7E, 0x63, 0x3C, 0x5F, 0x1B, 0x5B, 0x1A, 0x5B, 0x1B, 0x57, 
    0xF9, 0x5A, 0xD9, 0x56, 0xD8, 0x56, 0xB8, 0x52, 0x96, 0x4E, 0x76, 0x4A, 0x95, 0x4E, 0x75, 0x4A, 
    0x95, 0x4E, 0x96, 0x4E, 0xB7, 0x52, 0xB7, 0x52, 0xD6, 0x52, 0xB6, 0x52, 0xB5, 0x52, 0xB5, 0x4E, 
    0xB5, 0x52, 0xB6, 0x4E, 0xB6, 0x52, 0xD8, 0x52, 0xF8, 0x56, 0xB8, 0x52, 0xB6, 0x52, 0x97, 0x4E, 
    0xF9, 0x5A, 0xFA, 0x5A, 0x1A, 0x5B, 0xFA, 0x56, 0x1B, 0x5F, 0x1C, 0x5F, 0x1B, 0x5F, 0xFC, 0x5A, 
    0x1B, 0x5F, 0x1C, 0x5F, 0x3C, 0x63, 0x3D, 0x5F, 0x3C, 0x63, 0x1C, 0x5F, 0x1B, 0x5F, 0xFB, 0x5A, 
    0x1A, 0x5F, 0x1B, 0x5B, 0x1A, 0x5F, 0xFA, 0x5A, 0x1A, 0x5F, 0x3C, 0x63, 0x7D, 0x67, 0x7E, 0x6B, 
    0x9E, 0x6B, 0x7F, 0x6B, 0x7E, 0x6B, 0x5E, 0x67, 0x3C, 0x63, 0xFA, 0x5A, 0xD8, 0x56, 0x97, 0x4E, 
    0x96, 0x4E, 0x76, 0x4A, 0x95, 0x4A, 0x97, 0x4E, 0xB7, 0x4E, 0x97, 0x4E, 0x74, 0x4A, 0x53, 0x46, 
    0x32, 0x4A, 0x52, 0x4E, 0x54, 0x4E, 0x74, 0x4E, 0x96, 0x4E, 0xB7, 0x52, 0xB8, 0x52, 0xB9, 0x56, 
    0xB9, 0x4E, 0x97, 0x4E, 0x77, 0x46, 0x75, 0x46, 0x55, 0x42, 0x75, 0x46, 0x57, 0x46, 0x76, 0x46, 
    0x77, 0x46, 0x76, 0x46, 0x57, 0x46, 0x53, 0x46, 0x31, 0x42, 0x31, 0x42, 0x10, 0x42, 0x0F, 0x42, 
    0xED, 0x39, 0xEC, 0x3D, 0xED, 0x3D, 0xEC, 0x3D, 0x0E, 0x3E, 0x52, 0x46, 0x75, 0x46, 0x97, 0x4E, 
    0xBA, 0x4E, 0xDA, 0x56, 0xBA, 0x52, 0x98, 0x4E, 0x55, 0x46, 0x73, 0x46, 0x95, 0x4A, 0xD8, 0x52, 
    0xDA, 0x52, 0xFB, 0x5A, 0xFC, 0x56, 0xFB, 0x5A, 0xFC, 0x56, 0xFB, 0x56, 0xFC, 0x56, 0x1C, 0x5B, 
    0x1D, 0x5B, 0x3D, 0x5F, 0x1D, 0x5B, 0x1C, 0x5B, 0xFB, 0x52, 0xD9, 0x52, 0x98, 0x4A, 0x98, 0x4E, 
    0x98, 0x4A, 0x76, 0x4A, 0x55, 0x42, 0x75, 0x42, 0x56, 0x42, 0x97, 0x4A, 0xDA, 0x52, 0x1C, 0x5B, 
    0x3E, 0x5F, 0x5E, 0x63, 0x5E, 0x63, 0x5D, 0x63, 0x3E, 0x63, 0x5D, 0x63, 0x3D, 0x5F, 0x3B, 0x5F, 
    0x1B, 0x5F, 0x1A, 0x5F, 0xFA, 0x5E, 0x1A, 0x5F, 0xFA, 0x5E, 0xFA, 0x5E, 0xFA, 0x5A, 0xF9, 0x5A, 
    0xD8, 0x56, 0xB6, 0x52, 0x74, 0x4A, 0x94, 0x4E, 0x54, 0x4A, 0x8D, 0x35, 0x29, 0x29, 0x4A, 0x2D, 
    0x4B, 0x2D, 0x4A, 0x31, 0x4B, 0x2D, 0x95, 0x56, 0xF9, 0x62, 0x32, 0x4A, 0x6D, 0x35, 0x6C, 0x35, 
    0xD0, 0x41, 0x96, 0x5A, 0xD8, 0x62, 0xD6, 0x5E, 0xB5, 0x5E, 0xF7, 0x66, 0x3B, 0x6B, 0xF8, 0x62, 
    0x53, 0x4E, 0xF0, 0x45, 0x4C, 0x2D, 0x2A, 0x29, 0xC8, 0x20, 0xAE, 0x39, 0xB7, 0x56, 0xD7, 0x5E, 
    0x5B, 0x6B, 0x7C, 0x73, 0x7C, 0x73, 0x9C, 0x77, 0x7B, 0x73, 0x9B, 0x77, 0x5A, 0x73, 0x37, 0x73, 
    0xF5, 0x6A, 0x93, 0x5E, 0x11, 0x4E, 0x31, 0x4E, 0xCF, 0x41, 0x6B, 0x35, 0xAE, 0x3D, 0x8C, 0x39, 
    0xC7, 0x20, 0x07, 0x25, 0x6C, 0x35, 0x6B, 0x35, 0x52, 0x52, 0xAD, 0x3D, 0x29, 0x31, 0xAD, 0x41, 
    0x3A, 0x6B, 0x19, 0x67, 0x95, 0x56, 0xB5, 0x5A, 0x96, 0x5E, 0x94, 0x5A, 0xF8, 0x62, 0x73, 0x56, 
    0xA6, 0x20, 0xEE, 0x41, 0x53, 0x52, 0xE6, 0x28, 0xE7, 0x28, 0x6A, 0x3D, 0x93, 0x5E, 0x18, 0x6B, 
    0x3A, 0x6B, 0x5A, 0x6F, 0x5A, 0x73, 0x18, 0x6B, 0xF0, 0x4D, 0x39, 0x6F, 0x5B, 0x73, 0x59, 0x6F, 
    0xB5, 0x5E, 0x30, 0x4E, 0x8C, 0x3D, 0x0F, 0x4A, 0xAC, 0x3D, 0x68, 0x35, 0xAB, 0x39, 0xEC, 0x41, 
    0xEC, 0x41, 0x0C, 0x46, 0xB3, 0x5A, 0x18, 0x63, 0xFA, 0x56, 0xD9, 0x56, 0xDB, 0x56, 0xFA, 0x5A, 
    0xFB, 0x56, 0xD9, 0x56, 0xB9, 0x52, 0xFB, 0x5A, 0xFC, 0x5A, 0x1B, 0x5B, 0x1D, 0x5F, 0x5E, 0x67, 
    0x9F, 0x6B, 0xBF, 0x6F, 0x7F, 0x6B, 0x5D, 0x63, 0x1C, 0x5B, 0xFA, 0x5A, 0xFB, 0x5A, 0x1A, 0x5B, 
    0xDA, 0x56, 0xD8, 0x56, 0xB8, 0x52, 0xB7, 0x56, 0x97, 0x4E, 0x75, 0x4E, 0x75, 0x4A, 0x75, 0x4E, 
    0x76, 0x4E, 0x75, 0x4E, 0x97, 0x52, 0xB6, 0x52, 0x96, 0x52, 0x95, 0x52, 0x95, 0x4E, 0x95, 0x52, 
    0x96, 0x4E, 0xB5, 0x52, 0xB7, 0x52, 0xD7, 0x56, 0xD9, 0x56, 0xB7, 0x56, 0x97, 0x52, 0xB7, 0x52, 
    0xDA, 0x5A, 0xFA, 0x5E, 0xFA, 0x5A, 0xFA, 0x5A, 0xFB, 0x5A, 0xFB, 0x5E, 0xFB, 0x5A, 0xFB, 0x5E, 
    0xFC, 0x5E, 0x1B, 0x63, 0x1C, 0x5F, 0x3C, 0x63, 0x3D, 0x63, 0x3C, 0x63, 0x1C, 0x5F, 0x1C, 0x5F, 
    0x1C, 0x5F, 0x1B, 0x5F, 0xFB, 0x5A, 0xFA, 0x5E, 0xFB, 0x5A, 0x3C, 0x63, 0x3E, 0x67, 0x7E, 0x6B, 
    0x7F, 0x6B, 0x7E, 0x6F, 0x7F, 0x6B, 0x5D, 0x67, 0x1C, 0x63, 0x1A, 0x5F, 0xB9, 0x56, 0xB7, 0x52, 
    0x97, 0x4E, 0x96, 0x4E, 0x97, 0x4E, 0xB8, 0x56, 0xB9, 0x52, 0xB8, 0x56, 0x75, 0x4A, 0x73, 0x4A, 
    0x51, 0x4A, 0x52, 0x4A, 0x72, 0x4E, 0x74, 0x4E, 0x95, 0x4E, 0x97, 0x4E, 0xB8, 0x52, 0xB9, 0x52, 
    0xD8, 0x52, 0x98, 0x4A, 0x96, 0x4A, 0x76, 0x46, 0x75, 0x42, 0x76, 0x42, 0x76, 0x46, 0x77, 0x46, 
    0x76, 0x46, 0x77, 0x42, 0x76, 0x42, 0x53, 0x3E, 0x2F, 0x3E, 0x2F, 0x3E, 0x2E, 0x3E, 0x0F, 0x3E, 
    0x0C, 0x3A, 0xEC, 0x39, 0xEB, 0x3D, 0xEC, 0x39, 0x0C, 0x3E, 0x51, 0x42, 0x74, 0x46, 0x97, 0x46, 
    0xB8, 0x4E, 0xB9, 0x4E, 0xB8, 0x4E, 0x77, 0x4A, 0x53, 0x46, 0x52, 0x42, 0x72, 0x46, 0xB7, 0x4A, 
    0xF9, 0x52, 0xFA, 0x52, 0xFA, 0x56, 0xFB, 0x52, 0xFA, 0x52, 0xDA, 0x52, 0xFB, 0x56, 0x1C, 0x57, 
    0x3C, 0x5B, 0x3D, 0x5B, 0x3C, 0x5B, 0xFC, 0x52, 0xF9, 0x52, 0xB8, 0x4A, 0xB7, 0x4A, 0x98, 0x4A, 
    0x97, 0x4A, 0x77, 0x46, 0x75, 0x42, 0x75, 0x3E, 0x96, 0x46, 0xB9, 0x4A, 0x1B, 0x57, 0x3D, 0x5B, 
    0x7D, 0x5F, 0x7E, 0x63, 0x7D, 0x63, 0x5E, 0x63, 0x5D, 0x63, 0x5D, 0x5F, 0x5C, 0x5F, 0x1B, 0x5B, 
    0x3A, 0x5F, 0x1A, 0x5F, 0x19, 0x5F, 0x1A, 0x5B, 0x19, 0x5F, 0xFA, 0x5A, 0xF9, 0x5A, 0xF8, 0x56, 
    0xF7, 0x56, 0xB6, 0x4E, 0x94, 0x4A, 0x74, 0x4A, 0x52, 0x46, 0x6B, 0x2D, 0x49, 0x2D, 0x2A, 0x29, 
    0x49, 0x2D, 0x29, 0x25, 0xAC, 0x35, 0xB6, 0x56, 0xF7, 0x5A, 0x74, 0x4E, 0x6B, 0x31, 0x6D, 0x31, 
    0x53, 0x4E, 0x75, 0x52, 0xF6, 0x5E, 0xB5, 0x5A, 0xB3, 0x5A, 0x19, 0x63, 0x39, 0x67, 0xD6, 0x5A, 
    0x52, 0x4E, 0xCF, 0x39, 0xF0, 0x41, 0x09, 0x21, 0xE8, 0x20, 0x33, 0x4A, 0xF7, 0x5E, 0x74, 0x4E, 
    0x5A, 0x6B, 0x5B, 0x6B, 0x7B, 0x6F, 0xBD, 0x77, 0xBB, 0x77, 0x9C, 0x77, 0x9A, 0x77, 0x58, 0x6F, 
    0xF4, 0x6A, 0x93, 0x5A, 0x72, 0x56, 0x74, 0x56, 0x0F, 0x46, 0x49, 0x2D, 0x49, 0x2D, 0x4A, 0x2D, 
    0x07, 0x25, 0x08, 0x25, 0x0F, 0x46, 0xCF, 0x3D, 0x52, 0x52, 0xCE, 0x3D, 0x49, 0x31, 0xCE, 0x3D, 
    0x38, 0x67, 0xF8, 0x5E, 0xD5, 0x5A, 0xD7, 0x5E, 0xD5, 0x5E, 0xF7, 0x5E, 0x17, 0x63, 0xF7, 0x5E, 
    0x6B, 0x35, 0xC6, 0x20, 0x8B, 0x35, 0x08, 0x29, 0xAB, 0x3D, 0x30, 0x52, 0xF5, 0x66, 0x39, 0x6B, 
    0x59, 0x6B, 0x5A, 0x6B, 0x7A, 0x6F, 0x7A, 0x6F, 0xB4, 0x5E, 0xD6, 0x62, 0x9A, 0x73, 0x59, 0x6B, 
    0x92, 0x56, 0xCD, 0x3D, 0xAB, 0x39, 0xAB, 0x39, 0xCB, 0x3D, 0x89, 0x31, 0xC9, 0x39, 0xEC, 0x3D, 
    0x0C, 0x42, 0x2D, 0x46, 0xB0, 0x56, 0xF6, 0x5E, 0x19, 0x5B, 0xDA, 0x52, 0x1A, 0x57, 0xFB, 0x56, 
    0x1A, 0x5B, 0xD9, 0x52, 0xD9, 0x52, 0xFB, 0x56, 0x1B, 0x5B, 0x1C, 0x5B, 0x3D, 0x5F, 0x7E, 0x67, 
    0xBE, 0x6B, 0xBF, 0x6B, 0x9D, 0x67, 0x3C, 0x5B, 0xF9, 0x56, 0xF9, 0x56, 0x19, 0x57, 0xFA, 0x56, 
    0xF8, 0x56, 0xB7, 0x4E, 0xB6, 0x52, 0xB7, 0x52, 0xB6, 0x52, 0x75, 0x4A, 0x94, 0x4E, 0x95, 0x4A, 
    0x95, 0x4E, 0x75, 0x4E, 0x95, 0x4E, 0x96, 0x4E, 0xB5, 0x52, 0x94, 0x4E, 0xB3, 0x4E, 0x94, 0x4E, 
    0xB4, 0x4E, 0x95, 0x4E, 0xB5, 0x52, 0xB7, 0x52, 0xD7, 0x56, 0xB7, 0x4E, 0xB6, 0x52, 0xB8, 0x52, 
    0xF9, 0x5A, 0xFA, 0x5A, 0xF9, 0x5A, 0xD9, 0x56, 0xFA, 0x5A, 0xFA, 0x5A, 0xF9, 0x5A, 0xFA, 0x56, 
    0x1A, 0x5F, 0x1C, 0x5F, 0x3C, 0x5F, 0x3D, 0x5F, 0x5D, 0x63, 0x3D, 0x5F, 0x3C, 0x5F, 0x1C, 0x5F, 
    0x3B, 0x5F, 0x1B, 0x5B, 0x1A, 0x5F, 0xFA, 0x5A, 0x1A, 0x5F, 0x1C, 0x5F, 0x5C, 0x67, 0x5E, 0x67, 
    0x7E, 0x6B, 0x7E, 0x67, 0x7E, 0x6B, 0x5E, 0x63, 0x3B, 0x63, 0x1A, 0x5B, 0xF8, 0x56, 0xB8, 0x52, 
    0xB7, 0x52, 0x97, 0x4E, 0xB6, 0x52, 0xB8, 0x52, 0xD9, 0x56, 0xD9, 0x52, 0x95, 0x4E, 0x73, 0x4A, 
    0x32, 0x4A, 0x52, 0x4A, 0x53, 0x4A, 0x74, 0x4E, 0x76, 0x4E, 0xB7, 0x52, 0xB9, 0x52, 0xB8, 0x52, 
    0xB9, 0x52, 0xB8, 0x52, 0x98, 0x4A, 0x96, 0x4A, 0x77, 0x42, 0x76, 0x46, 0x77, 0x46, 0x77, 0x46, 
    0x77, 0x46, 0x76, 0x46, 0x56, 0x42, 0x53, 0x42, 0x0F, 0x3E, 0x0D, 0x3E, 0xEE, 0x39, 0x0D, 0x3E, 
    0xCD, 0x39, 0xEB, 0x39, 0xCC, 0x39, 0xEB, 0x3D, 0xED, 0x3D, 0x50, 0x42, 0x54, 0x42, 0x96, 0x4A, 
    0x98, 0x4E, 0xB8, 0x52, 0x98, 0x4E, 0x76, 0x4A, 0x33, 0x42, 0x30, 0x42, 0x52, 0x42, 0xB5, 0x4E, 
    0xB9, 0x4E, 0xD9, 0x56, 0xDA, 0x52, 0xD9, 0x52, 0xB9, 0x4E, 0xD9, 0x4E, 0xDB, 0x52, 0x1C, 0x5B, 
    0x1D, 0x5B, 0x3C, 0x5B, 0xFC, 0x56, 0xFA, 0x52, 0xD9, 0x4E, 0xB8, 0x4E, 0x98, 0x4A, 0x97, 0x4A, 
    0x77, 0x46, 0x76, 0x46, 0x76, 0x42, 0x76, 0x46, 0x98, 0x4A, 0xFA, 0x56, 0x1C, 0x5B, 0x3D, 0x5F, 
    0x5E, 0x63, 0x9E, 0x67, 0x7E, 0x63, 0x7E, 0x67, 0x5E, 0x63, 0x5D, 0x63, 0x3C, 0x5F, 0x3B, 0x5F, 
    0x1B, 0x5F, 0x1A, 0x5F, 0x1A, 0x5F, 0x1A, 0x5F, 0x1A, 0x5F, 0x19, 0x5F, 0xFA, 0x5A, 0xF8, 0x5A, 
    0xD8, 0x52, 0xB6, 0x52, 0x95, 0x4A, 0x73, 0x4A, 0xF1, 0x3D, 0x6B, 0x31, 0x2A, 0x29, 0x4A, 0x2D, 
    0x4B, 0x2D, 0x08, 0x25, 0xF1, 0x41, 0xF8, 0x5E, 0xB7, 0x56, 0x73, 0x4E, 0x4B, 0x2D, 0x11, 0x46, 
    0xD8, 0x5E, 0x95, 0x56, 0x95, 0x56, 0x52, 0x4E, 0x53, 0x52, 0x39, 0x67, 0x3A, 0x67, 0xF7, 0x62, 
    0x96, 0x56, 0x73, 0x52, 0x54, 0x4E, 0x29, 0x29, 0x2A, 0x29, 0x95, 0x56, 0x54, 0x4E, 0xB6, 0x5A, 
    0xF9, 0x62, 0x3A, 0x6B, 0x3A, 0x67, 0x5A, 0x6F, 0x5B, 0x6F, 0x39, 0x6F, 0x39, 0x6F, 0x16, 0x6B, 
    0x51, 0x5A, 0xB3, 0x5E, 0xD6, 0x5E, 0x94, 0x5A, 0x32, 0x4A, 0x28, 0x2D, 0xE8, 0x20, 0x29, 0x2D, 
    0x2A, 0x2D, 0x4A, 0x31, 0x53, 0x4E, 0x31, 0x4A, 0x11, 0x4A, 0x8C, 0x3D, 0x08, 0x29, 0xAC, 0x39, 
    0xF8, 0x62, 0x94, 0x56, 0xCE, 0x41, 0x73, 0x56, 0xB6, 0x5E, 0x17, 0x67, 0x19, 0x67, 0xD6, 0x62, 
    0x32, 0x52, 0xC5, 0x24, 0xE7, 0x20, 0xE6, 0x24, 0x8B, 0x39, 0x71, 0x56, 0xF7, 0x66, 0x38, 0x6B, 
    0x3A, 0x6B, 0x59, 0x6F, 0x5A, 0x6F, 0x5A, 0x6F, 0x39, 0x6B, 0x72, 0x56, 0x17, 0x67, 0xF5, 0x66, 
    0x30, 0x52, 0x69, 0x35, 0x49, 0x31, 0x48, 0x2D, 0x48, 0x2D, 0xA9, 0x35, 0xCB, 0x3D, 0xEB, 0x41, 
    0xEC, 0x41, 0x2D, 0x4A, 0x4F, 0x4E, 0xF5, 0x62, 0xF9, 0x5A, 0xFA, 0x56, 0xFB, 0x56, 0x1B, 0x5F, 
    0x1C, 0x5B, 0xFA, 0x56, 0xDA, 0x52, 0x1B, 0x5B, 0xFC, 0x56, 0x1C, 0x5F, 0x3E, 0x63, 0x9E, 0x6B, 
    0x9F, 0x6B, 0x9E, 0x6B, 0x3D, 0x5F, 0xFA, 0x5A, 0xDA, 0x52, 0xF9, 0x56, 0xFA, 0x56, 0xF8, 0x56, 
    0xD8, 0x52, 0xB6, 0x52, 0xB7, 0x4E, 0xB7, 0x56, 0xB8, 0x52, 0x95, 0x4E, 0x75, 0x4A, 0x95, 0x4E, 
    0x96, 0x4E, 0x95, 0x4E, 0x75, 0x4E, 0x95, 0x4E, 0x95, 0x4E, 0xB4, 0x52, 0x94, 0x4E, 0x93, 0x52, 
    0x93, 0x4E, 0x94, 0x4E, 0x95, 0x4E, 0xB5, 0x52, 0x96, 0x4E, 0x96, 0x52, 0x97, 0x4E, 0xD8, 0x56, 
    0xFA, 0x5A, 0xFA, 0x5E, 0xD9, 0x56, 0xF9, 0x5A, 0xDA, 0x56, 0xF9, 0x5A, 0xD9, 0x56, 0xF9, 0x5A, 
    0xFB, 0x5A, 0x1B, 0x5F, 0x1C, 0x5F, 0x3C, 0x63, 0x3D, 0x63, 0x3D, 0x63, 0x1D, 0x5F, 0x1C, 0x5F, 
    0xFB, 0x5E, 0xFA, 0x5E, 0xFB, 0x5A, 0x1A, 0x5F, 0xFB, 0x5A, 0x1B, 0x63, 0x3D, 0x63, 0x5D, 0x67, 
    0x5E, 0x67, 0x7E, 0x6B, 0x5E, 0x67, 0x5D, 0x67, 0x1C, 0x5F, 0x1A, 0x5B, 0xDA, 0x56, 0xD9, 0x56, 
    0xB9, 0x52, 0xB8, 0x56, 0xB8, 0x52, 0xB8, 0x56, 0xB9, 0x56, 0xD9, 0x56, 0x96, 0x4E, 0x93, 0x4E, 
    0x51, 0x4A, 0x52, 0x4A, 0x52, 0x4E, 0x74, 0x4E, 0x95, 0x4E, 0x97, 0x4E, 0xB8, 0x52, 0xB9, 0x52, 
    0xD8, 0x52, 0xB9, 0x4E, 0xB8, 0x4E, 0x97, 0x4A, 0x97, 0x46, 0x77, 0x46, 0x97, 0x4A, 0x77, 0x46, 
    0x97, 0x46, 0x77, 0x46, 0x76, 0x42, 0x54, 0x3E, 0x0E, 0x3E, 0xED, 0x39, 0xEC, 0x39, 0xCD, 0x35, 
    0xEB, 0x39, 0xCB, 0x35, 0xEB, 0x39, 0xEB, 0x39, 0x0C, 0x3E, 0x30, 0x42, 0x52, 0x46, 0x76, 0x46, 
    0x97, 0x4A, 0x98, 0x4A, 0x97, 0x4A, 0x55, 0x42, 0x32, 0x42, 0x10, 0x3E, 0x50, 0x46, 0x94, 0x4A, 
    0xB7, 0x4E, 0xB9, 0x4E, 0xD9, 0x52, 0xB8, 0x4E, 0xB6, 0x4A, 0xB8, 0x4A, 0xDA, 0x52, 0xFC, 0x56, 
    0x1C, 0x5B, 0x1C, 0x57, 0xFA, 0x56, 0xB9, 0x4E, 0xB8, 0x4E, 0x98, 0x4A, 0x97, 0x4A, 0x77, 0x46, 
    0x75, 0x46, 0x76, 0x42, 0x96, 0x46, 0x98, 0x4A, 0xDA, 0x52, 0xFC, 0x56, 0x3C, 0x5B, 0x5E, 0x5F, 
    0x9E, 0x67, 0x7F, 0x67, 0x9E, 0x67, 0x7E, 0x63, 0x7D, 0x63, 0x3D, 0x5F, 0x3C, 0x5F, 0x1B, 0x5F, 
    0x3A, 0x5F, 0x1A, 0x5F, 0x1A, 0x5F, 0x1A, 0x5B, 0x1A, 0x5F, 0xFA, 0x5A, 0xF9, 0x5A, 0xD9, 0x56, 
    0xD7, 0x56, 0xB7, 0x4E, 0xB4, 0x4E, 0x74, 0x4A, 0xEF, 0x3D, 0x6B, 0x2D, 0x29, 0x29, 0x4B, 0x2D, 
    0x6B, 0x31, 0x09, 0x25, 0xB5, 0x56, 0x1A, 0x63, 0x53, 0x4E, 0xCF, 0x3D, 0xCE, 0x3D, 0x95, 0x56, 
    0x3A, 0x6B, 0xB6, 0x5A, 0xD6, 0x5E, 0xF0, 0x41, 0x94, 0x52, 0x1A, 0x67, 0x5A, 0x6B, 0x19, 0x63, 
    0xD6, 0x5A, 0xD7, 0x5A, 0xB5, 0x56, 0x2A, 0x29, 0x29, 0x29, 0x75, 0x4E, 0x11, 0x46, 0x74, 0x4E, 
    0xB6, 0x5A, 0x19, 0x63, 0x18, 0x63, 0xF8, 0x5E, 0x9B, 0x73, 0xB6, 0x5E, 0x10, 0x4E, 0x30, 0x52, 
    0x70, 0x5A, 0xB5, 0x62, 0xF6, 0x66, 0xF7, 0x62, 0xB4, 0x5E, 0x4B, 0x31, 0x28, 0x2D, 0x8C, 0x35, 
    0x6B, 0x35, 0x6B, 0x31, 0x73, 0x52, 0x74, 0x52, 0x73, 0x52, 0x8D, 0x39, 0x07, 0x29, 0x08, 0x29, 
    0x0F, 0x4A, 0xAD, 0x3D, 0xAB, 0x3D, 0x52, 0x52, 0xD6, 0x62, 0x18, 0x67, 0x38, 0x6B, 0xD6, 0x5E, 
    0x51, 0x56, 0xE7, 0x24, 0xC5, 0x20, 0x08, 0x29, 0xED, 0x45, 0x31, 0x4E, 0xF6, 0x62, 0x18, 0x67, 
    0x39, 0x6B, 0xF7, 0x62, 0x17, 0x6B, 0x39, 0x6B, 0x7A, 0x6F, 0xD6, 0x5E, 0x0E, 0x4E, 0xAB, 0x45, 
    0xEB, 0x49, 0x8A, 0x39, 0x48, 0x31, 0x48, 0x2D, 0x68, 0x31, 0x89, 0x35, 0x0C, 0x46, 0xEB, 0x3D, 
    0x2C, 0x46, 0x2E, 0x4A, 0x4D, 0x4A, 0xB2, 0x56, 0xF7, 0x5A, 0xFA, 0x56, 0x1B, 0x5B, 0x3C, 0x5B, 
    0x3C, 0x5F, 0xFB, 0x5A, 0xFA, 0x56, 0xFB, 0x56, 0x1B, 0x5B, 0x1D, 0x5F, 0x7E, 0x67, 0x9F, 0x67, 
    0x9E, 0x6B, 0x7E, 0x63, 0x3B, 0x5F, 0xDA, 0x52, 0xD9, 0x56, 0xD9, 0x56, 0xF9, 0x56, 0xF8, 0x56, 
    0xD7, 0x56, 0xB7, 0x52, 0xD7, 0x52, 0xD8, 0x52, 0xD8, 0x56, 0x97, 0x4E, 0x95, 0x4E, 0x96, 0x4E, 
    0x95, 0x4E, 0x75, 0x4E, 0x73, 0x4E, 0x74, 0x4E, 0x94, 0x52, 0x94, 0x52, 0xB3, 0x52, 0x93, 0x4E, 
    0x91, 0x4E, 0x93, 0x4E, 0x93, 0x4E, 0x94, 0x4E, 0x94, 0x4E, 0x75, 0x4A, 0xB6, 0x52, 0xD8, 0x56, 
    0x1A, 0x5B, 0xFA, 0x5A, 0xF8, 0x5A, 0xD8, 0x56, 0xF8, 0x56, 0xD8, 0x56, 0xD8, 0x56, 0xD9, 0x56, 
    0x1A, 0x5F, 0x1C, 0x5F, 0x1C, 0x5F, 0x1D, 0x5F, 0x3C, 0x63, 0x1D, 0x5F, 0x1C, 0x5F, 0xFB, 0x5A, 
    0xD9, 0x5A, 0xDA, 0x56, 0xFA, 0x5A, 0xFA, 0x5A, 0x1A, 0x5B, 0xFB, 0x5A, 0x3C, 0x63, 0x3D, 0x63, 
    0x7D, 0x6B, 0x5E, 0x67, 0x7D, 0x67, 0x5D, 0x63, 0x3C, 0x5F, 0xFB, 0x5A, 0xFA, 0x5A, 0xDA, 0x56, 
    0xD9, 0x56, 0xD9, 0x56, 0xD8, 0x56, 0xD8, 0x52, 0xD8, 0x56, 0xD8, 0x56, 0xD6, 0x56, 0xB4, 0x52, 
    0x31, 0x4A, 0x51, 0x4A, 0x52, 0x4A, 0x73, 0x4E, 0x75, 0x4E, 0xB7, 0x52, 0xB9, 0x52, 0xB9, 0x56, 
    0xB9, 0x52, 0xB9, 0x52, 0x99, 0x4E, 0x98, 0x4E, 0x78, 0x4A, 0x97, 0x4A, 0x78, 0x4A, 0x98, 0x4A, 
    0x78, 0x4A, 0x77, 0x4A, 0x57, 0x42, 0x54, 0x42, 0xEE, 0x39, 0xCC, 0x39, 0xAB, 0x35, 0xCB, 0x35, 
    0xAB, 0x35, 0xCB, 0x39, 0xCB, 0x39, 0xEB, 0x39, 0xEC, 0x3D, 0x2E, 0x42, 0x32, 0x42, 0x74, 0x46, 
    0x77, 0x46, 0x97, 0x4A, 0x57, 0x46, 0x34, 0x42, 0x12, 0x3E, 0x10, 0x3E, 0x30, 0x42, 0x72, 0x4A, 
    0x96, 0x4A, 0xB8, 0x4E, 0xB9, 0x4E, 0x96, 0x4A, 0x75, 0x46, 0x97, 0x4A, 0xDA, 0x52, 0xFB, 0x5A, 
    0xFC, 0x56, 0xFB, 0x56, 0xBA, 0x52, 0xB8, 0x4E, 0x97, 0x46, 0x96, 0x4A, 0x76, 0x46, 0x75, 0x46, 
    0x54, 0x42, 0x76, 0x46, 0x98, 0x4A, 0xD9, 0x52, 0xFC, 0x56, 0x1C, 0x5B, 0x3E, 0x5F, 0x7E, 0x63, 
    0x7F, 0x67, 0x9E, 0x67, 0x7F, 0x67, 0x7E, 0x67, 0x5E, 0x63, 0x5C, 0x63, 0x3C, 0x5F, 0x3B, 0x5F, 
    0x1B, 0x5F, 0x1A, 0x5F, 0x1B, 0x5F, 0x1A, 0x5F, 0xFB, 0x5E, 0x1A, 0x5F, 0xFA, 0x5A, 0xF9, 0x5A, 
    0xD8, 0x52, 0xB7, 0x52, 0x96, 0x4E, 0x74, 0x4E, 0x8E, 0x39, 0x6B, 0x31, 0x2B, 0x2D, 0x4B, 0x31, 
    0x4B, 0x2D, 0x4B, 0x31, 0x95, 0x56, 0xD7, 0x5A, 0xAF, 0x39, 0xAD, 0x39, 0xAF, 0x3D, 0xB6, 0x5A, 
    0xF8, 0x62, 0xD6, 0x5E, 0xF8, 0x62, 0xCF, 0x41, 0x11, 0x46, 0x39, 0x67, 0xF8, 0x62, 0x94, 0x56, 
    0x74, 0x52, 0xD7, 0x5E, 0x75, 0x56, 0x09, 0x29, 0x09, 0x25, 0xAE, 0x39, 0xF0, 0x41, 0xAE, 0x39, 
    0x96, 0x56, 0x19, 0x67, 0xB7, 0x5A, 0xF7, 0x62, 0xBE, 0x7B, 0x5A, 0x6F, 0xB6, 0x5E, 0xD5, 0x62, 
    0xD6, 0x66, 0x17, 0x6B, 0xF8, 0x66, 0xD6, 0x62, 0xB6, 0x5E, 0xAD, 0x3D, 0x6B, 0x35, 0xAD, 0x3D, 
    0x4B, 0x31, 0x4A, 0x2D, 0x11, 0x4A, 0x73, 0x56, 0x32, 0x4E, 0xCD, 0x41, 0xE8, 0x28, 0x28, 0x2D, 
    0x6B, 0x35, 0xCD, 0x45, 0xEE, 0x45, 0x73, 0x5A, 0xD6, 0x62, 0xF6, 0x66, 0x73, 0x56, 0xD5, 0x62, 
    0xAD, 0x41, 0xE6, 0x24, 0xA6, 0x20, 0xC6, 0x24, 0x4A, 0x35, 0x31, 0x52, 0xD6, 0x5E, 0x18, 0x67, 
    0x19, 0x67, 0x51, 0x56, 0x10, 0x4E, 0x93, 0x5E, 0xF7, 0x66, 0x72, 0x5A, 0x4A, 0x39, 0xCC, 0x49, 
    0x0E, 0x52, 0xEC, 0x49, 0xCD, 0x41, 0x69, 0x35, 0x6A, 0x35, 0xCB, 0x3D, 0x2F, 0x4A, 0x0C, 0x4A, 
    0xEC, 0x41, 0x2D, 0x46, 0x2E, 0x46, 0x6F, 0x4E, 0xD5, 0x56, 0xF9, 0x5A, 0xFB, 0x5A, 0x3C, 0x5F, 
    0x1D, 0x5F, 0x1C, 0x5F, 0xFB, 0x5A, 0xFA, 0x56, 0xFC, 0x5A, 0x3D, 0x63, 0x7F, 0x67, 0x9E, 0x6B, 
    0x7F, 0x67, 0x5D, 0x63, 0xFC, 0x5A, 0xFA, 0x56, 0xD9, 0x56, 0xF9, 0x5A, 0xD9, 0x56, 0xF8, 0x56, 
    0xD8, 0x56, 0xD8, 0x56, 0xD9, 0x56, 0xD9, 0x5A, 0xD9, 0x56, 0xB7, 0x56, 0x77, 0x4E, 0x96, 0x52, 
    0x76, 0x4E, 0x74, 0x4E, 0x54, 0x4A, 0x74, 0x4E, 0x74, 0x52, 0x93, 0x52, 0x93, 0x52, 0x92, 0x52, 
    0x72, 0x4E, 0x92, 0x4E, 0x73, 0x4E, 0x73, 0x4E, 0x53, 0x4A, 0x74, 0x4E, 0x96, 0x4E, 0xD8, 0x56, 
    0xDA, 0x5A, 0xF9, 0x5A, 0xD8, 0x56, 0xD7, 0x56, 0xB7, 0x56, 0xD7, 0x56, 0xD9, 0x56, 0xF9, 0x5A, 
    0xFB, 0x5A, 0x1B, 0x5F, 0x1C, 0x5F, 0x1C, 0x63, 0x1D, 0x5F, 0x1C, 0x63, 0xDB, 0x5A, 0xB9, 0x56, 
    0xB9, 0x56, 0xD9, 0x5A, 0xDA, 0x5A, 0xFA, 0x5A, 0xDA, 0x5A, 0xFA, 0x5E, 0xFC, 0x5E, 0x3C, 0x67, 
    0x3E, 0x67, 0x5E, 0x6B, 0x5E, 0x67, 0x5D, 0x67, 0x1C, 0x5F, 0x1B, 0x5F, 0xFB, 0x5A, 0xFA, 0x5A, 
    0xDA, 0x56, 0xD9, 0x5A, 0xDA, 0x5A, 0xD8, 0x56, 0xB8, 0x52, 0xD7, 0x5A, 0xD7, 0x5A, 0xD4, 0x5A, 
    0x50, 0x4A, 0x31, 0x4A, 0x51, 0x4A, 0x73, 0x4A, 0x95, 0x4E, 0xB7, 0x4E, 0xD8, 0x52, 0xB9, 0x52, 
    0xD8, 0x52, 0xB9, 0x4E, 0xB8, 0x52, 0x98, 0x4A, 0x97, 0x4A, 0x98, 0x4A, 0x98, 0x4A, 0x98, 0x4A, 
    0x97, 0x4A, 0x78, 0x46, 0x77, 0x42, 0x54, 0x3E, 0x0E, 0x3A, 0xCB, 0x35, 0xCA, 0x31, 0xAA, 0x31, 
    0xCA, 0x31, 0xCA, 0x31, 0xCA, 0x39, 0xCB, 0x35, 0xEB, 0x39, 0x0E, 0x3E, 0x50, 0x42, 0x53, 0x42, 
    0x95, 0x46, 0x76, 0x46, 0x74, 0x46, 0x33, 0x3E, 0x31, 0x3E, 0x10, 0x3A, 0x2F, 0x3E, 0x51, 0x42, 
    0x94, 0x4A, 0x97, 0x4A, 0xB7, 0x4A, 0x75, 0x46, 0x73, 0x46, 0x96, 0x46, 0xD9, 0x52, 0xFB, 0x52, 
    0xFA, 0x56, 0xDA, 0x52, 0xB8, 0x4E, 0x97, 0x46, 0x95, 0x46, 0x75, 0x42, 0x74, 0x42, 0x54, 0x42, 
    0x74, 0x42, 0x97, 0x46, 0xD8, 0x4E, 0xDB, 0x52, 0x1B, 0x5B, 0x3D, 0x5B, 0x7D, 0x5F, 0x7F, 0x63, 
    0x9E, 0x67, 0x9E, 0x67, 0x9E, 0x67, 0x7E, 0x63, 0x7D, 0x63, 0x5D, 0x5F, 0x3C, 0x5F, 0x3C, 0x5F, 
    0x3B, 0x5F, 0x1B, 0x5B, 0x3A, 0x5F, 0x1B, 0x5B, 0x1A, 0x5F, 0x1A, 0x5B, 0x19, 0x5B, 0xF9, 0x56, 
    0xD8, 0x52, 0xB7, 0x4E, 0xB6, 0x4E, 0x33, 0x46, 0x6B, 0x31, 0x6C, 0x31, 0x4A, 0x2D, 0x6C, 0x31, 
    0x4A, 0x2D, 0x8D, 0x35, 0xED, 0x3D, 0xCE, 0x39, 0x29, 0x29, 0x2A, 0x29, 0x4A, 0x2D, 0xF0, 0x41, 
    0x31, 0x46, 0xD7, 0x5A, 0x39, 0x6B, 0x32, 0x46, 0x6B, 0x2D, 0x95, 0x52, 0xD6, 0x5A, 0x32, 0x4A, 
    0xB5, 0x56, 0x74, 0x4E, 0xEF, 0x41, 0x29, 0x29, 0x08, 0x25, 0x08, 0x25, 0x52, 0x4A, 0x6C, 0x2D, 
    0x32, 0x4A, 0xF8, 0x62, 0x94, 0x56, 0xF8, 0x62, 0xDD, 0x7B, 0x9D, 0x73, 0x7A, 0x6F, 0x38, 0x67, 
    0xF5, 0x62, 0x18, 0x67, 0x16, 0x67, 0x73, 0x52, 0xB4, 0x5E, 0xAD, 0x3D, 0x8B, 0x39, 0x6B, 0x31, 
    0xE6, 0x20, 0x08, 0x25, 0xCE, 0x3D, 0x8D, 0x35, 0x8B, 0x35, 0x49, 0x2D, 0x28, 0x2D, 0x4A, 0x31, 
    0x8B, 0x39, 0xCD, 0x41, 0x50, 0x52, 0xD5, 0x5E, 0x16, 0x67, 0xF7, 0x62, 0x50, 0x4E, 0xEE, 0x45, 
    0x69, 0x31, 0xA4, 0x1C, 0xC5, 0x20, 0xA5, 0x1C, 0x48, 0x31, 0x73, 0x52, 0xD5, 0x5E, 0xD7, 0x5E, 
    0x17, 0x67, 0x51, 0x52, 0xCC, 0x45, 0xCD, 0x45, 0xCC, 0x45, 0xAB, 0x3D, 0x8A, 0x3D, 0x8B, 0x3D, 
    0x2D, 0x52, 0x2E, 0x4E, 0xEB, 0x41, 0x8A, 0x35, 0xAA, 0x39, 0xCB, 0x3D, 0x4E, 0x4E, 0x2D, 0x46, 
    0x2D, 0x46, 0x0D, 0x42, 0x4D, 0x4A, 0x2D, 0x46, 0xB1, 0x52, 0xF8, 0x52, 0x1A, 0x5B, 0x1C, 0x5B, 
    0x3C, 0x5F, 0x1C, 0x5B, 0x1B, 0x5B, 0xDA, 0x52, 0x1C, 0x5B, 0x5E, 0x5F, 0x9E, 0x67, 0x7E, 0x67, 
    0x7D, 0x63, 0x3D, 0x5B, 0x1B, 0x5B, 0xFA, 0x56, 0xF9, 0x56, 0xF9, 0x56, 0xF8, 0x56, 0xF8, 0x52, 
    0xF8, 0x56, 0xD9, 0x56, 0xF9, 0x56, 0xFA, 0x56, 0xF9, 0x5A, 0xD9, 0x56, 0xB7, 0x52, 0x97, 0x4E, 
    0x95, 0x4E, 0x74, 0x4A, 0x73, 0x4E, 0x74, 0x4E, 0x93, 0x52, 0x93, 0x4E, 0xB2, 0x52, 0x92, 0x4E, 
    0x92, 0x4E, 0x92, 0x4A, 0x92, 0x4E, 0x73, 0x4A, 0x72, 0x4A, 0x73, 0x4A, 0x95, 0x4E, 0xD8, 0x52, 
    0xF9, 0x5A, 0xD8, 0x56, 0xD6, 0x56, 0xB6, 0x52, 0xD6, 0x52, 0xD7, 0x52, 0xF8, 0x56, 0xFA, 0x5A, 
    0x1B, 0x5F, 0x1C, 0x5F, 0x3B, 0x5F, 0x1C, 0x5F, 0x3B, 0x5F, 0xFB, 0x5A, 0xD8, 0x56, 0xB8, 0x52, 
    0xD9, 0x56, 0xFA, 0x56, 0xFA, 0x5A, 0xF9, 0x56, 0xF8, 0x56, 0xF9, 0x56, 0x1A, 0x5F, 0x1C, 0x5F, 
    0x5C, 0x67, 0x5D, 0x63, 0x5D, 0x67, 0x3D, 0x63, 0x3C, 0x63, 0x1C, 0x5B, 0x1B, 0x5B, 0xFB, 0x5A, 
    0xFA, 0x5A, 0xFA, 0x5A, 0x19, 0x5B, 0xF9, 0x56, 0xD7, 0x56, 0xD7, 0x56, 0xF6, 0x5E, 0xD4, 0x5A, 
    0x30, 0x46, 0x50, 0x4A, 0x51, 0x4A, 0x72, 0x4E, 0x75, 0x4E, 0xB7, 0x52, 0xB9, 0x52, 0xD9, 0x56, 
    0xB9, 0x52, 0xD9, 0x52, 0xB9, 0x52, 0xB8, 0x52, 0x99, 0x4E, 0xB8, 0x4E, 0x99, 0x4A, 0x98, 0x4E, 
    0x98, 0x4A, 0x98, 0x4A, 0x78, 0x46, 0x54, 0x3E, 0xEE, 0x39, 0xCA, 0x35, 0x8A, 0x2D, 0xA9, 0x31, 
    0x8A, 0x31, 0xAA, 0x35, 0xAB, 0x35, 0xCA, 0x39, 0xEC, 0x39, 0x0D, 0x3E, 0x2F, 0x42, 0x52, 0x46, 
    0x55, 0x46, 0x75, 0x46, 0x34, 0x42, 0x32, 0x3E, 0x11, 0x3E, 0x0F, 0x3E, 0x0F, 0x3E, 0x50, 0x42, 
    0x54, 0x46, 0x95, 0x4A, 0x76, 0x46, 0x73, 0x46, 0x52, 0x42, 0x95, 0x4A, 0xBA, 0x4E, 0xDA, 0x52, 
    0xDA, 0x52, 0xD9, 0x52, 0x98, 0x4A, 0x97, 0x4A, 0x76, 0x42, 0x74, 0x42, 0x55, 0x42, 0x74, 0x46, 
    0x76, 0x46, 0xB8, 0x4E, 0xDA, 0x52, 0xFB, 0x5A, 0x1C, 0x5B, 0x5D, 0x5F, 0x5E, 0x63, 0x9E, 0x67, 
    0x7F, 0x67, 0x9E, 0x67, 0x7E, 0x67, 0x7E, 0x67, 0x5E, 0x63, 0x5D, 0x63, 0x3D, 0x5F, 0x3C, 0x5F, 
    0x1C, 0x5F, 0x1B, 0x5F, 0x1B, 0x5F, 0x1B, 0x5F, 0x1B, 0x5B, 0x1A, 0x5F, 0xFB, 0x5A, 0xF9, 0x5A, 
    0xD9, 0x52, 0xD7, 0x52, 0xB7, 0x4E, 0x10, 0x42, 0x8E, 0x35, 0x8D, 0x39, 0x2B, 0x2D, 0x6B, 0x31, 
    0x2B, 0x29, 0xAD, 0x39, 0x6C, 0x31, 0x29, 0x29, 0x2A, 0x25, 0x2A, 0x29, 0x2B, 0x29, 0xCE, 0x3D, 
    0x75, 0x52, 0x19, 0x67, 0x3B, 0x6B, 0x74, 0x52, 0xAF, 0x39, 0x11, 0x46, 0xB7, 0x5A, 0xB5, 0x5A, 
    0xD7, 0x5E, 0xEF, 0x41, 0x4C, 0x31, 0x29, 0x29, 0xE8, 0x20, 0x4A, 0x2D, 0x95, 0x52, 0xEF, 0x41, 
    0x6C, 0x31, 0x74, 0x52, 0x12, 0x4A, 0xB6, 0x5A, 0x9D, 0x73, 0x9C, 0x73, 0x5B, 0x6B, 0xF7, 0x62, 
    0xD7, 0x62, 0x38, 0x6F, 0xB5, 0x5E, 0x6A, 0x39, 0xAD, 0x41, 0x6A, 0x39, 0x29, 0x29, 0x4A, 0x31, 
    0x4B, 0x31, 0x10, 0x4A, 0x32, 0x4A, 0x8C, 0x39, 0x2A, 0x2D, 0x28, 0x2D, 0x4A, 0x31, 0x6B, 0x39, 
    0x8C, 0x3D, 0xAC, 0x3D, 0x31, 0x4E, 0xD5, 0x62, 0xD6, 0x62, 0xD5, 0x62, 0x73, 0x5A, 0x07, 0x2D, 
    0xA5, 0x20, 0xE6, 0x24, 0xC6, 0x20, 0xC5, 0x20, 0xE7, 0x28, 0x73, 0x56, 0xD6, 0x5E, 0xD5, 0x62, 
    0x94, 0x56, 0x0F, 0x4E, 0x72, 0x56, 0x70, 0x56, 0xCD, 0x45, 0xCC, 0x45, 0xCD, 0x45, 0x69, 0x39, 
    0x8A, 0x3D, 0x2E, 0x52, 0xCC, 0x41, 0x89, 0x35, 0xCB, 0x3D, 0xCA, 0x3D, 0xCB, 0x3D, 0x2C, 0x4A, 
    0x4F, 0x4E, 0x0C, 0x46, 0x2D, 0x46, 0x2C, 0x46, 0x4E, 0x4A, 0xB4, 0x52, 0xDA, 0x56, 0x1C, 0x5B, 
    0x1C, 0x5B, 0x1C, 0x5F, 0xFB, 0x56, 0xFA, 0x56, 0x1C, 0x5B, 0x5D, 0x63, 0x7E, 0x63, 0x7E, 0x67, 
    0x3E, 0x5F, 0x3C, 0x5F, 0xFB, 0x5A, 0xFA, 0x5A, 0xFA, 0x56, 0xF9, 0x5A, 0xD9, 0x56, 0xF8, 0x56, 
    0xD9, 0x56, 0xF9, 0x56, 0xFA, 0x56, 0x1A, 0x5B, 0xDA, 0x56, 0xD9, 0x5A, 0xD9, 0x56, 0xB7, 0x52, 
    0x76, 0x4E, 0x74, 0x4E, 0x75, 0x4A, 0x94, 0x4E, 0x73, 0x4E, 0x92, 0x52, 0x72, 0x4E, 0x92, 0x52, 
    0x92, 0x4E, 0x92, 0x4E, 0x74, 0x4E, 0x73, 0x4E, 0x53, 0x4A, 0x73, 0x4A, 0x75, 0x4E, 0xD6, 0x56, 
    0xD8, 0x56, 0xD7, 0x56, 0xB6, 0x52, 0xB5, 0x52, 0xB6, 0x52, 0xD7, 0x56, 0xDA, 0x56, 0x1B, 0x5F, 
    0x1C, 0x5F, 0x1C, 0x5F, 0x1C, 0x5F, 0x1B, 0x5F, 0xFB, 0x5A, 0xD9, 0x56, 0xB8, 0x52, 0xD9, 0x56, 
    0xFB, 0x5A, 0xFB, 0x5A, 0xFB, 0x5A, 0xF9, 0x5A, 0xD9, 0x56, 0xF9, 0x5A, 0xFA, 0x5A, 0x1B, 0x63, 
    0x1C, 0x63, 0x5D, 0x67, 0x3D, 0x67, 0x3C, 0x67, 0x3D, 0x63, 0x3C, 0x63, 0x1C, 0x5F, 0x1B, 0x5F, 
    0xFB, 0x5A, 0x1B, 0x5F, 0xFB, 0x5A, 0xF9, 0x5A, 0xD8, 0x56, 0xF7, 0x5E, 0xF5, 0x5E, 0xF5, 0x5E, 
    0x2F, 0x4A, 0x30, 0x46, 0x50, 0x4A, 0x52, 0x4A, 0x94, 0x4E, 0x97, 0x4E, 0xB8, 0x56, 0xB9, 0x52, 
    0xD9, 0x56, 0xBA, 0x52, 0xB9, 0x52, 0xB9, 0x4E, 0xB9, 0x52, 0xB9, 0x4E, 0xB9, 0x4E, 0x99, 0x4A, 
    0xB8, 0x4E, 0x98, 0x4A, 0x77, 0x46, 0x34, 0x3E, 0xED, 0x39, 0xAA, 0x2D, 0xA8, 0x2D, 0x89, 0x2D, 
    0x88, 0x2D, 0xAA, 0x31, 0xCA, 0x35, 0xCB, 0x35, 0xEB, 0x39, 0x0E, 0x3E, 0x2F, 0x42, 0x53, 0x42, 
    0x54, 0x42, 0x54, 0x42, 0x53, 0x3E, 0x12, 0x3E, 0x10, 0x3E, 0x0F, 0x3A, 0x2F, 0x3E, 0x31, 0x3E, 
    0x52, 0x42, 0x73, 0x42, 0x73, 0x46, 0x31, 0x3E, 0x30, 0x42, 0x74, 0x46, 0xB7, 0x4E, 0xB9, 0x4E, 
    0xD9, 0x4E, 0xB9, 0x4E, 0xB7, 0x4A, 0x97, 0x46, 0x96, 0x46, 0x55, 0x42, 0x74, 0x46, 0x74, 0x42, 
    0x96, 0x4A, 0xBA, 0x4E, 0xFB, 0x56, 0xFC, 0x56, 0x3C, 0x5B, 0x5E, 0x5F, 0x9E, 0x67, 0x9F, 0x67, 
    0x9E, 0x67, 0x9E, 0x67, 0x9E, 0x67, 0x7E, 0x63, 0x7D, 0x63, 0x5D, 0x5F, 0x5C, 0x5F, 0x3C, 0x5F, 
    0x3B, 0x5F, 0x1B, 0x5B, 0x1B, 0x5F, 0x1B, 0x5B, 0x3B, 0x5F, 0x1B, 0x5B, 0x1A, 0x5B, 0xFA, 0x56, 
    0xF8, 0x52, 0xD8, 0x52, 0xB7, 0x52, 0xCF, 0x39, 0xF0, 0x41, 0x6C, 0x31, 0x6B, 0x31, 0x4C, 0x2D, 
    0x4B, 0x2D, 0x8D, 0x35, 0x4A, 0x2D, 0x2A, 0x29, 0x4A, 0x2D, 0x2B, 0x29, 0x6C, 0x31, 0x12, 0x46, 
    0xF8, 0x62, 0x3B, 0x67, 0x3A, 0x6B, 0x54, 0x4E, 0x53, 0x4E, 0x53, 0x4A, 0xD6, 0x5A, 0xD7, 0x5A, 
    0x17, 0x63, 0x11, 0x46, 0x8C, 0x35, 0x29, 0x29, 0x07, 0x25, 0x4B, 0x2D, 0x73, 0x4E, 0x32, 0x4A, 
    0x29, 0x29, 0xD0, 0x3D, 0xAE, 0x3D, 0x12, 0x42, 0x5B, 0x6F, 0xF8, 0x5E, 0xF6, 0x5E, 0x18, 0x63, 
    0x17, 0x67, 0xD6, 0x5E, 0xAC, 0x41, 0x29, 0x2D, 0x28, 0x31, 0x29, 0x2D, 0x08, 0x29, 0xCF, 0x41, 
    0xB5, 0x5A, 0x19, 0x63, 0x73, 0x52, 0xEF, 0x41, 0xAD, 0x3D, 0x29, 0x2D, 0x8B, 0x3D, 0x6B, 0x35, 
    0x6A, 0x35, 0x29, 0x2D, 0xCE, 0x41, 0x52, 0x52, 0x50, 0x52, 0xCE, 0x45, 0xCD, 0x41, 0x49, 0x31, 
    0x48, 0x31, 0x29, 0x2D, 0xCD, 0x41, 0x8C, 0x39, 0x83, 0x1C, 0xCE, 0x41, 0xF6, 0x66, 0xB4, 0x5A, 
    0x8A, 0x39, 0x49, 0x35, 0x2E, 0x4E, 0x71, 0x5A, 0x4F, 0x56, 0xCD, 0x45, 0xAB, 0x41, 0x6A, 0x35, 
    0x48, 0x31, 0xCC, 0x41, 0xEC, 0x45, 0xAB, 0x39, 0xEC, 0x41, 0x90, 0x52, 0x2C, 0x46, 0x4E, 0x4A, 
    0x6F, 0x4E, 0x2E, 0x46, 0x2C, 0x46, 0x2D, 0x46, 0x4E, 0x4A, 0x71, 0x4A, 0xD7, 0x52, 0xFB, 0x56, 
    0x1B, 0x5B, 0x1C, 0x5B, 0xFA, 0x56, 0xDA, 0x52, 0x1B, 0x5B, 0x5D, 0x5F, 0x7D, 0x63, 0x5E, 0x63, 
    0x3D, 0x5F, 0x1C, 0x5B, 0x1B, 0x5B, 0xFB, 0x56, 0x19, 0x5B, 0xF9, 0x56, 0xF8, 0x56, 0xD8, 0x52, 
    0xD7, 0x56, 0xD9, 0x52, 0xFA, 0x5A, 0x1B, 0x5B, 0xF9, 0x56, 0xD9, 0x56, 0xD9, 0x5A, 0xB9, 0x52, 
    0x96, 0x4E, 0x96, 0x4E, 0x95, 0x4E, 0x74, 0x4E, 0x92, 0x4E, 0x71, 0x4A, 0x71, 0x4E, 0x71, 0x4A, 
    0x91, 0x4E, 0x93, 0x4E, 0x93, 0x4E, 0x74, 0x4E, 0x73, 0x4A, 0x53, 0x4A, 0x94, 0x4E, 0xB6, 0x4E, 
    0xB5, 0x52, 0xB6, 0x52, 0xB5, 0x52, 0xB6, 0x52, 0xD6, 0x56, 0xD9, 0x56, 0xFA, 0x5A, 0x1B, 0x5B, 
    0x1B, 0x5F, 0x1C, 0x5F, 0x1B, 0x5F, 0xFA, 0x56, 0xD8, 0x52, 0xB8, 0x52, 0xD9, 0x56, 0xFB, 0x5A, 
    0x1B, 0x5F, 0x1C, 0x5B, 0x1A, 0x5B, 0xFA, 0x56, 0xF9, 0x5A, 0xD9, 0x56, 0xF9, 0x5A, 0xFB, 0x5E, 
    0x3B, 0x63, 0x3C, 0x63, 0x5C, 0x67, 0x3D, 0x63, 0x3C, 0x63, 0x3D, 0x63, 0x3C, 0x63, 0x1C, 0x5F, 
    0x1B, 0x5F, 0x1C, 0x5F, 0x1B, 0x5F, 0xFA, 0x56, 0xF8, 0x56, 0xF7, 0x5A, 0xF4, 0x5E, 0x17, 0x5F, 
    0x2F, 0x46, 0x2F, 0x4A, 0x30, 0x4A, 0x72, 0x4E, 0x75, 0x4E, 0x97, 0x52, 0x99, 0x52, 0xB9, 0x56, 
    0xBA, 0x56, 0xB9, 0x56, 0xBA, 0x52, 0xB9, 0x56, 0xBA, 0x52, 0xBA, 0x52, 0xBA, 0x52, 0xB9, 0x52, 
    0x99, 0x4E, 0x98, 0x4A, 0x57, 0x42, 0x33, 0x3E, 0xCD, 0x35, 0xAA, 0x31, 0x69, 0x2D, 0x88, 0x2D, 
    0x89, 0x2D, 0xA9, 0x31, 0xAA, 0x35, 0xCA, 0x39, 0xCC, 0x39, 0x0E, 0x42, 0x30, 0x42, 0x52, 0x42, 
    0x34, 0x42, 0x33, 0x42, 0x13, 0x3E, 0x12, 0x3E, 0x11, 0x3A, 0x10, 0x3E, 0x11, 0x3E, 0x31, 0x42, 
    0x32, 0x42, 0x52, 0x46, 0x32, 0x42, 0x31, 0x42, 0x10, 0x3E, 0x51, 0x42, 0x75, 0x46, 0x97, 0x4E, 
    0x98, 0x4A, 0x97, 0x4A, 0x97, 0x4A, 0x96, 0x4A, 0x77, 0x46, 0x75, 0x46, 0x55, 0x42, 0x75, 0x46, 
    0x98, 0x4E, 0xDA, 0x56, 0xFC, 0x56, 0x1B, 0x5B, 0x1D, 0x5B, 0x5E, 0x63, 0x7F, 0x67, 0x9F, 0x6B, 
    0x7F, 0x67, 0x9E, 0x67, 0x7F, 0x67, 0x7E, 0x67, 0x5E, 0x63, 0x5D, 0x63, 0x3D, 0x5F, 0x3C, 0x5F, 
    0x1C, 0x5F, 0x1B, 0x5F, 0x1C, 0x5F, 0x1B, 0x5F, 0x1C, 0x5B, 0x1C, 0x5F, 0xFC, 0x5A, 0x1B, 0x5B, 
    0xDA, 0x56, 0xD9, 0x56, 0x97, 0x52, 0xF0, 0x41, 0x11, 0x46, 0x6B, 0x31, 0x6D, 0x31, 0x6C, 0x31, 
    0x4C, 0x2D, 0x6B, 0x31, 0x2A, 0x29, 0x2A, 0x2D, 0x4C, 0x2D, 0x6B, 0x31, 0xAF, 0x3D, 0x74, 0x52, 
    0xB7, 0x5A, 0x19, 0x67, 0xB6, 0x5A, 0x53, 0x52, 0x96, 0x56, 0xF8, 0x62, 0x19, 0x67, 0xB6, 0x5E, 
    0xD7, 0x5E, 0x53, 0x52, 0xCF, 0x3D, 0x2A, 0x2D, 0xE9, 0x24, 0x8C, 0x39, 0x54, 0x4E, 0xF0, 0x45, 
    0xC8, 0x20, 0x10, 0x46, 0x75, 0x56, 0xD7, 0x5E, 0x3B, 0x6B, 0xD7, 0x62, 0xD8, 0x62, 0x17, 0x67, 
    0x74, 0x56, 0xEF, 0x49, 0x11, 0x52, 0xEF, 0x4D, 0x6C, 0x3D, 0x29, 0x31, 0x08, 0x2D, 0x94, 0x56, 
    0x5B, 0x6B, 0x5B, 0x6F, 0xD7, 0x5E, 0x52, 0x52, 0x11, 0x4A, 0x6B, 0x35, 0x2A, 0x31, 0x29, 0x31, 
    0x29, 0x2D, 0xAD, 0x41, 0x32, 0x4E, 0xB4, 0x5E, 0x10, 0x4E, 0x8B, 0x3D, 0xC6, 0x24, 0x49, 0x31, 
    0x8C, 0x39, 0xEF, 0x49, 0x53, 0x52, 0x93, 0x5A, 0x4A, 0x31, 0xE7, 0x2C, 0x94, 0x5A, 0x72, 0x5A, 
    0xE7, 0x2C, 0x48, 0x35, 0xAC, 0x41, 0x0E, 0x52, 0xEE, 0x4D, 0x6A, 0x39, 0x49, 0x31, 0x8B, 0x3D, 
    0x49, 0x35, 0xAB, 0x41, 0xED, 0x45, 0xAA, 0x3D, 0x89, 0x35, 0x2D, 0x4A, 0x2E, 0x4A, 0x4E, 0x4E, 
    0x6F, 0x4E, 0x6F, 0x52, 0x2D, 0x46, 0x4D, 0x4A, 0x4F, 0x4A, 0x4F, 0x4A, 0x95, 0x4E, 0xD9, 0x56, 
    0xDB, 0x56, 0xFB, 0x5A, 0xDA, 0x56, 0xB9, 0x56, 0xDB, 0x56, 0x3D, 0x5F, 0x3D, 0x5F, 0x3D, 0x5F, 
    0x1D, 0x5B, 0x1B, 0x5B, 0xFB, 0x5A, 0xFA, 0x5A, 0xF9, 0x56, 0xD7, 0x56, 0xD8, 0x52, 0xD8, 0x56, 
    0xD8, 0x52, 0xD9, 0x56, 0xFB, 0x5A, 0x1B, 0x5F, 0xFB, 0x56, 0xDA, 0x5A, 0xDA, 0x56, 0xD9, 0x56, 
    0x98, 0x52, 0xB7, 0x52, 0x96, 0x4E, 0x94, 0x4E, 0x72, 0x4E, 0x71, 0x4E, 0x51, 0x4A, 0x71, 0x4E, 
    0x71, 0x4A, 0x92, 0x4E, 0x94, 0x4E, 0x95, 0x52, 0x75, 0x4E, 0x73, 0x4E, 0x74, 0x4A, 0x94, 0x52, 
    0x95, 0x52, 0xB5, 0x56, 0xB6, 0x52, 0xD7, 0x56, 0xD8, 0x56, 0xFA, 0x5A, 0xFB, 0x5A, 0x1B, 0x5F, 
    0xFC, 0x5E, 0x1C, 0x5F, 0xFC, 0x5A, 0xD8, 0x56, 0x97, 0x4E, 0xB7, 0x52, 0xDA, 0x56, 0xFB, 0x5A, 
    0xFB, 0x5A, 0xFB, 0x5E, 0xFB, 0x5A, 0xFA, 0x5A, 0xD9, 0x56, 0xD9, 0x5A, 0xDA, 0x5A, 0xFA, 0x5E, 
    0xFB, 0x5E, 0x3C, 0x63, 0x3D, 0x63, 0x3C, 0x67, 0x3D, 0x63, 0x3D, 0x67, 0x3D, 0x63, 0x3C, 0x63, 
    0x1D, 0x63, 0x3C, 0x63, 0x1C, 0x5F, 0xFA, 0x5A, 0xD9, 0x5A, 0xF6, 0x5E, 0xF5, 0x5E, 0x38, 0x67, 
    0x4E, 0x46, 0x2F, 0x46, 0x4F, 0x4A, 0x51, 0x4A, 0x93, 0x4E, 0x96, 0x4E, 0xB7, 0x52, 0xB9, 0x52, 
    0xD9, 0x56, 0xB9, 0x52, 0xD9, 0x52, 0xBA, 0x52, 0xD9, 0x52, 0xBA, 0x52, 0xD9, 0x52, 0xBA, 0x4E, 
    0xB8, 0x4E, 0x98, 0x46, 0x76, 0x42, 0x32, 0x3A, 0xEC, 0x35, 0x89, 0x2D, 0x88, 0x2D, 0x88, 0x29, 
    0xA9, 0x31, 0xAA, 0x31, 0xCA, 0x35, 0xCA, 0x35, 0xEB, 0x39, 0x0E, 0x3E, 0x50, 0x42, 0x53, 0x42, 
    0x53, 0x42, 0x33, 0x3E, 0x32, 0x3E, 0x12, 0x3A, 0x10, 0x3A, 0x10, 0x3A, 0x30, 0x3E, 0x32, 0x3E, 
    0x51, 0x42, 0x52, 0x42, 0x51, 0x42, 0x31, 0x3E, 0x2F, 0x3E, 0x2F, 0x3E, 0x51, 0x42, 0x74, 0x42, 
    0x95, 0x4A, 0x95, 0x46, 0x95, 0x4A, 0x96, 0x46, 0x96, 0x4A, 0x76, 0x46, 0x75, 0x46, 0x97, 0x4A, 
    0xD9, 0x52, 0xFB, 0x56, 0x1B, 0x57, 0x1C, 0x57, 0x3C, 0x5B, 0x7E, 0x5F, 0x9E, 0x67, 0x9F, 0x67, 
    0x9E, 0x67, 0x9E, 0x67, 0x9E, 0x67, 0x7E, 0x63, 0x7D, 0x63, 0x5D, 0x5F, 0x5C, 0x5F, 0x3C, 0x5B, 
    0x3B, 0x5F, 0x1C, 0x5B, 0x3B, 0x5F, 0x1C, 0x5B, 0x3B, 0x5F, 0x1C, 0x5B, 0x3C, 0x5B, 0x1C, 0x57, 
    0x1A, 0x57, 0xFA, 0x56, 0x74, 0x4E, 0x11, 0x42, 0xEF, 0x3D, 0xEF, 0x41, 0xAD, 0x39, 0x8D, 0x31, 
    0x6C, 0x31, 0x4B, 0x2D, 0x29, 0x29, 0x6C, 0x2D, 0x6B, 0x31, 0x6C, 0x31, 0x10, 0x46, 0xD7, 0x5A, 
    0xD7, 0x5A, 0x74, 0x4E, 0x94, 0x52, 0xB6, 0x56, 0x18, 0x63, 0x19, 0x63, 0xB5, 0x56, 0x74, 0x52, 
    0xB5, 0x5A, 0x95, 0x56, 0x51, 0x4A, 0x4A, 0x29, 0x29, 0x29, 0x6C, 0x31, 0x10, 0x46, 0x09, 0x25, 
    0x08, 0x29, 0x73, 0x4E, 0x39, 0x63, 0x1A, 0x63, 0x39, 0x67, 0x95, 0x56, 0x17, 0x67, 0x74, 0x52, 
    0x52, 0x52, 0x94, 0x56, 0x38, 0x6B, 0xF8, 0x62, 0xB4, 0x5A, 0xAD, 0x3D, 0x07, 0x2D, 0xD6, 0x5E, 
    0x7B, 0x6F, 0x5B, 0x6B, 0x18, 0x63, 0x53, 0x4E, 0x0F, 0x46, 0xCE, 0x3D, 0x27, 0x2D, 0x08, 0x29, 
    0xAC, 0x3D, 0xB5, 0x5E, 0xF6, 0x62, 0xF7, 0x62, 0x71, 0x56, 0xCD, 0x41, 0xED, 0x45, 0xCD, 0x41, 
    0xEE, 0x45, 0x52, 0x52, 0xB4, 0x5A, 0xD6, 0x5E, 0x30, 0x4E, 0x62, 0x1C, 0xED, 0x45, 0x2F, 0x4A, 
    0x47, 0x31, 0x8A, 0x39, 0xEC, 0x49, 0xED, 0x49, 0x48, 0x31, 0x28, 0x2D, 0xAB, 0x3D, 0x51, 0x52, 
    0x50, 0x52, 0xCC, 0x41, 0xEB, 0x41, 0x89, 0x35, 0xA8, 0x35, 0xA9, 0x35, 0xEA, 0x3D, 0x0B, 0x42, 
    0x2B, 0x46, 0x6F, 0x4E, 0x4D, 0x4A, 0x2D, 0x46, 0x6E, 0x4A, 0x4E, 0x46, 0x91, 0x4A, 0xB7, 0x4A, 
    0xB8, 0x52, 0xDA, 0x52, 0xD8, 0x52, 0x98, 0x4E, 0xD9, 0x56, 0x1C, 0x5B, 0x3C, 0x5F, 0x1C, 0x5B, 
    0xFA, 0x56, 0xFA, 0x56, 0xFA, 0x56, 0xF9, 0x56, 0xF8, 0x56, 0xD7, 0x52, 0xD7, 0x52, 0xD9, 0x52, 
    0xF8, 0x56, 0xF9, 0x56, 0x1A, 0x5B, 0x1C, 0x5B, 0x1A, 0x5B, 0xFA, 0x56, 0xF9, 0x56, 0xD9, 0x52, 
    0xD8, 0x56, 0xB8, 0x52, 0xB6, 0x52, 0x94, 0x4A, 0x92, 0x4E, 0x72, 0x4A, 0x71, 0x4E, 0x71, 0x4A, 
    0x70, 0x4A, 0x71, 0x4A, 0x93, 0x4E, 0x95, 0x4E, 0xB4, 0x4E, 0x73, 0x4A, 0x72, 0x4A, 0x93, 0x4E, 
    0xB3, 0x52, 0xB4, 0x4E, 0xD5, 0x52, 0xD8, 0x56, 0xF9, 0x5A, 0x1B, 0x5B, 0x3B, 0x5F, 0x1C, 0x5B, 
    0x1B, 0x5B, 0xFB, 0x5A, 0xFA, 0x56, 0xB8, 0x4E, 0xB6, 0x4E, 0xB7, 0x4E, 0xD8, 0x52, 0xB8, 0x52, 
    0xD8, 0x56, 0xDA, 0x56, 0xFA, 0x5A, 0xFA, 0x56, 0xF8, 0x56, 0xD9, 0x56, 0xF8, 0x5A, 0xF9, 0x5A, 
    0x1A, 0x5F, 0x1B, 0x5F, 0x3B, 0x63, 0x3C, 0x63, 0x5C, 0x67, 0x5D, 0x63, 0x5D, 0x67, 0x3D, 0x63, 
    0x3C, 0x63, 0x3C, 0x5F, 0x3C, 0x5F, 0xFB, 0x5A, 0xF8, 0x5A, 0xF6, 0x5A, 0x14, 0x5F, 0x39, 0x63, 
    0x2F, 0x46, 0x2E, 0x4A, 0x2F, 0x46, 0x50, 0x4A, 0x73, 0x4A, 0x95, 0x4E, 0x97, 0x4E, 0xB8, 0x52, 
    0xBA, 0x52, 0xD9, 0x56, 0xBA, 0x52, 0xDA, 0x56, 0xBA, 0x52, 0xDA, 0x52, 0xBA, 0x52, 0xD9, 0x52, 
    0x99, 0x4E, 0x98, 0x4A, 0x56, 0x42, 0x31, 0x3A, 0xCC, 0x31, 0xA9, 0x2D, 0x69, 0x29, 0x88, 0x2D, 
    0x8A, 0x31, 0xAA, 0x35, 0xAA, 0x31, 0xCA, 0x35, 0xEC, 0x39, 0x2F, 0x42, 0x31, 0x42, 0x52, 0x42, 
    0x33, 0x3E, 0x33, 0x42, 0x13, 0x3E, 0x32, 0x3E, 0x11, 0x3A, 0x30, 0x3E, 0x32, 0x3E, 0x52, 0x42, 
    0x32, 0x3E, 0x52, 0x46, 0x53, 0x42, 0x52, 0x42, 0x10, 0x3E, 0x2F, 0x3E, 0x30, 0x3E, 0x51, 0x42, 
    0x52, 0x42, 0x93, 0x46, 0x96, 0x46, 0x96, 0x4A, 0x77, 0x4A, 0x96, 0x4A, 0x97, 0x4A, 0xD8, 0x52, 
    0xDB, 0x56, 0xFB, 0x5A, 0xFB, 0x56, 0x1B, 0x5B, 0x3D, 0x5B, 0x7E, 0x63, 0x7F, 0x67, 0x9E, 0x67, 
    0x7F, 0x67, 0x9E, 0x67, 0x7E, 0x63, 0x7E, 0x63, 0x5E, 0x63, 0x5D, 0x63, 0x3D, 0x5F, 0x3C, 0x5F, 
    0x1C, 0x5F, 0x3C, 0x5F, 0x1C, 0x5F, 0x3C, 0x5F, 0x1C, 0x5B, 0x3C, 0x5F, 0x1D, 0x5B, 0x1C, 0x5B, 
    0x1C, 0x5B, 0x1B, 0x5B, 0x75, 0x4E, 0x10, 0x46, 0x11, 0x46, 0x73, 0x56, 0xAF, 0x3D, 0xCF, 0x3D, 
    0x4C, 0x2D, 0x4B, 0x2D, 0x4B, 0x2D, 0x6C, 0x31, 0x4C, 0x2D, 0x8D, 0x35, 0xF0, 0x41, 0x19, 0x67, 
    0xD8, 0x5E, 0x73, 0x52, 0xF8, 0x62, 0x3A, 0x6B, 0x1A, 0x67, 0x32, 0x4A, 0x8E, 0x3D, 0x73, 0x52, 
    0xB6, 0x5A, 0xD6, 0x5A, 0xF0, 0x41, 0x4A, 0x2D, 0x4B, 0x2D, 0x6B, 0x35, 0x6C, 0x31, 0x08, 0x25, 
    0x4B, 0x2D, 0x94, 0x56, 0x3B, 0x67, 0x19, 0x67, 0xF9, 0x62, 0x31, 0x4A, 0xB6, 0x5A, 0xF7, 0x62, 
    0x19, 0x67, 0x39, 0x6B, 0x3A, 0x6B, 0x39, 0x6B, 0x3A, 0x6B, 0x31, 0x4E, 0xC7, 0x28, 0x94, 0x5A, 
    0x5B, 0x6B, 0x19, 0x67, 0xD7, 0x5E, 0x94, 0x56, 0x8C, 0x39, 0xEE, 0x45, 0x2A, 0x31, 0x6A, 0x35, 
    0x94, 0x56, 0xD6, 0x5E, 0x19, 0x6B, 0xD6, 0x62, 0x52, 0x52, 0x0F, 0x4A, 0x73, 0x56, 0x72, 0x5A, 
    0x52, 0x52, 0x93, 0x5A, 0xB5, 0x5E, 0xD5, 0x5E, 0x94, 0x5A, 0x28, 0x31, 0xE6, 0x28, 0x27, 0x2D, 
    0x49, 0x31, 0xCC, 0x45, 0x8B, 0x3D, 0x8A, 0x39, 0x29, 0x31, 0x69, 0x39, 0x30, 0x4E, 0x72, 0x5A, 
    0x52, 0x52, 0x2F, 0x4E, 0xED, 0x45, 0xCA, 0x3D, 0xA9, 0x35, 0xC9, 0x39, 0xCA, 0x3D, 0x0B, 0x46, 
    0x0C, 0x46, 0x2C, 0x46, 0x0C, 0x46, 0x2C, 0x46, 0x2E, 0x46, 0x6F, 0x4E, 0x51, 0x46, 0x74, 0x4A, 
    0x56, 0x46, 0x97, 0x4E, 0x77, 0x4A, 0x75, 0x4A, 0xB9, 0x52, 0xFB, 0x5A, 0xFC, 0x56, 0xFA, 0x56, 
    0xBA, 0x52, 0xD9, 0x56, 0xFA, 0x56, 0xF9, 0x56, 0xD7, 0x52, 0xB7, 0x52, 0xD8, 0x52, 0xF9, 0x56, 
    0xD9, 0x56, 0xFA, 0x5A, 0x1C, 0x5F, 0x3C, 0x63, 0x1C, 0x5F, 0xFB, 0x5A, 0xDA, 0x56, 0xD9, 0x56, 
    0xB9, 0x52, 0xB8, 0x56, 0x97, 0x4E, 0x94, 0x4E, 0x73, 0x4A, 0x92, 0x4E, 0x72, 0x4E, 0x71, 0x4E, 
    0x51, 0x4A, 0x70, 0x4A, 0x73, 0x4A, 0x94, 0x52, 0x95, 0x4E, 0x72, 0x4E, 0x52, 0x4A, 0x93, 0x52, 
    0x94, 0x4E, 0xB4, 0x52, 0xB7, 0x52, 0xF9, 0x5A, 0x1B, 0x5B, 0x3C, 0x5F, 0x1D, 0x5F, 0x1C, 0x5F, 
    0xFB, 0x5A, 0xF9, 0x56, 0xB9, 0x52, 0xB7, 0x4E, 0xB7, 0x4E, 0xB7, 0x52, 0x97, 0x4E, 0x96, 0x4E, 
    0x98, 0x52, 0xD9, 0x56, 0xDA, 0x56, 0xFA, 0x5A, 0xD9, 0x56, 0xF8, 0x5A, 0xD9, 0x56, 0xF9, 0x5A, 
    0xFA, 0x5A, 0x1A, 0x63, 0x1C, 0x63, 0x3C, 0x63, 0x3D, 0x63, 0x5D, 0x67, 0x3E, 0x67, 0x3D, 0x67, 
    0x3D, 0x63, 0x3C, 0x63, 0x1D, 0x5F, 0x1B, 0x5F, 0xF9, 0x5A, 0xF6, 0x5E, 0xF5, 0x5E, 0x5A, 0x67, 
    0x4F, 0x4A, 0x2F, 0x46, 0x2E, 0x46, 0x2F, 0x46, 0x71, 0x4A, 0x74, 0x4A, 0x96, 0x4E, 0x98, 0x4E, 
    0xB9, 0x52, 0xB9, 0x52, 0xD9, 0x56, 0xBA, 0x52, 0xDA, 0x56, 0xDA, 0x52, 0xD9, 0x52, 0xBA, 0x4E, 
    0xB9, 0x4E, 0x98, 0x46, 0x55, 0x42, 0x11, 0x3A, 0xCC, 0x35, 0x8A, 0x2D, 0x88, 0x2D, 0x69, 0x29, 
    0xA9, 0x31, 0xAA, 0x31, 0xAA, 0x35, 0xAA, 0x35, 0xEB, 0x39, 0x0E, 0x3E, 0x30, 0x42, 0x31, 0x3E, 
    0x52, 0x42, 0x34, 0x3E, 0x33, 0x3E, 0x12, 0x3A, 0x31, 0x3A, 0x11, 0x3A, 0x31, 0x3E, 0x32, 0x3E, 
    0x52, 0x42, 0x53, 0x42, 0x53, 0x46, 0x53, 0x42, 0x52, 0x42, 0x31, 0x3E, 0x50, 0x42, 0x50, 0x42, 
    0x70, 0x46, 0x74, 0x46, 0x95, 0x4A, 0x96, 0x4A, 0x96, 0x4E, 0x97, 0x4A, 0xB8, 0x4E, 0xD9, 0x52, 
    0xFA, 0x56, 0xFB, 0x56, 0xFA, 0x56, 0xFB, 0x56, 0x5D, 0x5F, 0x5E, 0x5F, 0x9E, 0x67, 0x7E, 0x67, 
    0x9E, 0x67, 0x7E, 0x67, 0x9E, 0x67, 0x5E, 0x63, 0x5D, 0x63, 0x3D, 0x5F, 0x3C, 0x5F, 0x3C, 0x5F, 
    0x3C, 0x5F, 0x3D, 0x5F, 0x3C, 0x5F, 0x3D, 0x5B, 0x3C, 0x5F, 0x3D, 0x5B, 0x3D, 0x5F, 0x1D, 0x5B, 
    0x3C, 0x5F, 0xFB, 0x56, 0x74, 0x52, 0xCF, 0x39, 0x94, 0x56, 0xB6, 0x5A, 0x52, 0x4E, 0x34, 0x4E, 
    0x4B, 0x2D, 0x4B, 0x2D, 0x6C, 0x31, 0x4C, 0x2D, 0x4A, 0x29, 0x6D, 0x31, 0x10, 0x46, 0x19, 0x63, 
    0xF7, 0x5E, 0x74, 0x52, 0xF8, 0x62, 0x5C, 0x6B, 0x18, 0x63, 0xF0, 0x41, 0x74, 0x56, 0xD6, 0x5E, 
    0xD5, 0x5A, 0x32, 0x4A, 0x4A, 0x2D, 0x4B, 0x2D, 0x8B, 0x35, 0x8C, 0x35, 0x29, 0x29, 0x29, 0x29, 
    0xCE, 0x3D, 0x95, 0x56, 0xB5, 0x56, 0xD7, 0x5A, 0x18, 0x63, 0x53, 0x4E, 0xF7, 0x62, 0x5B, 0x6F, 
    0x59, 0x6B, 0x3A, 0x6B, 0x39, 0x6B, 0x39, 0x67, 0x39, 0x6B, 0x31, 0x4E, 0xE6, 0x28, 0x32, 0x4A, 
    0x39, 0x67, 0xF8, 0x5E, 0xD6, 0x5E, 0x74, 0x52, 0x8B, 0x35, 0x8C, 0x35, 0x49, 0x31, 0xF0, 0x45, 
    0x18, 0x6B, 0x18, 0x67, 0x18, 0x67, 0xD7, 0x62, 0x72, 0x56, 0x73, 0x56, 0xB4, 0x5E, 0xB4, 0x5A, 
    0x93, 0x5A, 0x94, 0x56, 0xB4, 0x5E, 0x94, 0x5A, 0xD5, 0x62, 0x10, 0x4A, 0xA3, 0x20, 0xE6, 0x24, 
    0x27, 0x2D, 0x6A, 0x35, 0x27, 0x2D, 0x07, 0x29, 0x48, 0x31, 0x8B, 0x39, 0xB4, 0x5E, 0xD5, 0x5E, 
    0x50, 0x52, 0x30, 0x4E, 0x0D, 0x4A, 0xCB, 0x41, 0xA8, 0x39, 0xCA, 0x3D, 0x2B, 0x4A, 0x0B, 0x42, 
    0x2A, 0x46, 0x2C, 0x46, 0x2B, 0x46, 0x0C, 0x42, 0x2C, 0x46, 0x4F, 0x46, 0x71, 0x4A, 0x54, 0x46, 
    0x54, 0x46, 0x55, 0x46, 0x74, 0x46, 0x54, 0x46, 0xB8, 0x52, 0xDA, 0x52, 0xFA, 0x56, 0xB9, 0x52, 
    0xD9, 0x52, 0xDA, 0x56, 0xF9, 0x56, 0xF8, 0x52, 0xB5, 0x52, 0xB7, 0x4E, 0xD8, 0x56, 0xD9, 0x52, 
    0xF9, 0x56, 0x1B, 0x5B, 0x3C, 0x5F, 0x3D, 0x5F, 0x5C, 0x63, 0x1C, 0x5B, 0xFA, 0x5A, 0xD9, 0x52, 
    0xD8, 0x56, 0xB7, 0x4E, 0x96, 0x4E, 0x74, 0x4A, 0x92, 0x4E, 0x73, 0x4E, 0x92, 0x4E, 0x72, 0x4E, 
    0x70, 0x4A, 0x50, 0x46, 0x70, 0x4A, 0x93, 0x4E, 0x94, 0x4E, 0x73, 0x4A, 0x71, 0x4A, 0x73, 0x4E, 
    0x93, 0x52, 0x94, 0x52, 0xD7, 0x56, 0x1B, 0x5B, 0x3C, 0x5F, 0x3D, 0x5F, 0x3C, 0x63, 0x1C, 0x5F, 
    0x1A, 0x5B, 0xD9, 0x52, 0xB7, 0x52, 0xB7, 0x4E, 0xD7, 0x52, 0xB7, 0x4E, 0x96, 0x4E, 0x96, 0x4A, 
    0xB8, 0x52, 0xDA, 0x56, 0xFA, 0x5A, 0xFA, 0x56, 0xF9, 0x56, 0xD9, 0x56, 0xF8, 0x5A, 0xD9, 0x5A, 
    0xF9, 0x5E, 0xFA, 0x5E, 0x1B, 0x63, 0x1C, 0x63, 0x3C, 0x67, 0x3D, 0x67, 0x5D, 0x67, 0x3D, 0x63, 
    0x3C, 0x63, 0x3D, 0x5F, 0x3C, 0x63, 0xFB, 0x5A, 0xF8, 0x5A, 0xF6, 0x5A, 0x15, 0x5F, 0x5B, 0x67, 
    0x50, 0x4A, 0x2F, 0x4A, 0x2F, 0x46, 0x2E, 0x46, 0x30, 0x46, 0x72, 0x4E, 0x75, 0x4A, 0x97, 0x4E, 
    0x99, 0x52, 0xB9, 0x56, 0xBA, 0x52, 0xDA, 0x56, 0xBB, 0x56, 0xDA, 0x56, 0xBA, 0x52, 0xB9, 0x52, 
    0x99, 0x4E, 0x97, 0x4A, 0x55, 0x42, 0x10, 0x3A, 0xAC, 0x31, 0xAA, 0x31, 0x69, 0x29, 0x88, 0x2D, 
    0x8A, 0x2D, 0xAA, 0x31, 0x8A, 0x31, 0xAA, 0x35, 0xCC, 0x39, 0x0D, 0x3E, 0x0F, 0x3E, 0x50, 0x42, 
    0x33, 0x42, 0x54, 0x42, 0x35, 0x3E, 0x33, 0x3E, 0x13, 0x3A, 0x31, 0x3E, 0x11, 0x3E, 0x31, 0x42, 
    0x33, 0x42, 0x53, 0x46, 0x54, 0x42, 0x54, 0x42, 0x54, 0x42, 0x53, 0x42, 0x53, 0x42, 0x51, 0x46, 
    0x72, 0x46, 0x94, 0x4E, 0x97, 0x4E, 0xB7, 0x52, 0x97, 0x4E, 0xB8, 0x52, 0xB9, 0x52, 0xD9, 0x56, 
    0xDB, 0x56, 0xFA, 0x5A, 0xFB, 0x56, 0x1B, 0x5B, 0x3D, 0x5B, 0x5D, 0x63, 0x5E, 0x63, 0x7E, 0x67, 
    0x7F, 0x67, 0x7E, 0x67, 0x5E, 0x63, 0x5D, 0x63, 0x3D, 0x5F, 0x3C, 0x63, 0x3D, 0x5F, 0x3C, 0x5F, 
    0x3D, 0x5F, 0x3C, 0x5F, 0x3D, 0x5F, 0x3C, 0x5F, 0x1D, 0x5F, 0x3D, 0x5F, 0x3E, 0x5F, 0x3D, 0x5F, 
    0x3D, 0x5F, 0xFA, 0x5A, 0x12, 0x4A, 0x8C, 0x35, 0xD6, 0x5E, 0xD7, 0x62, 0xB8, 0x5E, 0x95, 0x56, 
    0x2B, 0x2D, 0x4B, 0x31, 0xAF, 0x39, 0xAE, 0x39, 0x4B, 0x2D, 0xF0, 0x45, 0x96, 0x56, 0x19, 0x67, 
    0xD8, 0x5E, 0x53, 0x4E, 0x54, 0x4E, 0x5B, 0x6F, 0x54, 0x4E, 0x11, 0x46, 0x96, 0x5A, 0xB5, 0x5A, 
    0xB6, 0x5A, 0xEF, 0x41, 0x4B, 0x31, 0x6B, 0x31, 0x6C, 0x35, 0x8C, 0x39, 0x2A, 0x2D, 0x08, 0x25, 
    0xAE, 0x39, 0xB5, 0x5A, 0xAF, 0x41, 0x32, 0x4E, 0x96, 0x56, 0x94, 0x56, 0xD7, 0x5E, 0x5A, 0x6F, 
    0x3A, 0x6B, 0x39, 0x6B, 0xF9, 0x66, 0x19, 0x67, 0x3A, 0x6B, 0x0F, 0x4A, 0xC6, 0x24, 0xEE, 0x41, 
    0x74, 0x52, 0x32, 0x4E, 0x53, 0x52, 0x8C, 0x39, 0x09, 0x2D, 0x08, 0x2D, 0x09, 0x2D, 0xB5, 0x5E, 
    0x3A, 0x6B, 0x39, 0x6B, 0x19, 0x67, 0xF7, 0x66, 0x95, 0x5A, 0x94, 0x5A, 0x95, 0x5E, 0x93, 0x5A, 
    0x94, 0x5A, 0x73, 0x56, 0x73, 0x56, 0x52, 0x56, 0x94, 0x5E, 0xEE, 0x49, 0xA4, 0x20, 0xC5, 0x24, 
    0xA5, 0x20, 0xE5, 0x24, 0xE7, 0x28, 0xE6, 0x28, 0x8B, 0x39, 0x51, 0x52, 0x73, 0x56, 0xF6, 0x66, 
    0x94, 0x5A, 0x0E, 0x4A, 0xED, 0x45, 0xCB, 0x41, 0xAA, 0x39, 0xEA, 0x41, 0x2C, 0x4A, 0x0A, 0x46, 
    0xEA, 0x41, 0x2B, 0x46, 0x0C, 0x46, 0x2C, 0x46, 0x2D, 0x46, 0x4E, 0x4A, 0x51, 0x4A, 0x96, 0x4E, 
    0x56, 0x46, 0x54, 0x46, 0x32, 0x42, 0x32, 0x46, 0x77, 0x4A, 0xB9, 0x52, 0xB9, 0x52, 0xB9, 0x56, 
    0xDA, 0x56, 0xFA, 0x5A, 0xF9, 0x56, 0xD5, 0x52, 0x94, 0x4E, 0x96, 0x52, 0xD9, 0x52, 0xF9, 0x56, 
    0xFA, 0x56, 0x1B, 0x5F, 0x1C, 0x5F, 0x3D, 0x63, 0x3E, 0x63, 0x3C, 0x63, 0xFB, 0x56, 0xD9, 0x56, 
    0xB8, 0x52, 0xB6, 0x52, 0x76, 0x4A, 0x74, 0x4E, 0x73, 0x4E, 0x72, 0x4E, 0x73, 0x4E, 0x92, 0x4E, 
    0x71, 0x4A, 0x50, 0x4A, 0x50, 0x46, 0x71, 0x4E, 0x74, 0x4E, 0x72, 0x4E, 0x51, 0x4A, 0x72, 0x4E, 
    0x94, 0x52, 0xB4, 0x52, 0xD9, 0x5A, 0x3C, 0x63, 0x3D, 0x63, 0x5D, 0x67, 0x3D, 0x63, 0x3C, 0x5F, 
    0xFB, 0x5A, 0xD9, 0x56, 0x98, 0x4E, 0xB7, 0x52, 0xB8, 0x4E, 0xB7, 0x4E, 0x76, 0x4A, 0xB7, 0x52, 
    0xB9, 0x56, 0xFA, 0x5A, 0xFB, 0x56, 0xFA, 0x5A, 0xD9, 0x56, 0xD8, 0x56, 0xB8, 0x56, 0xD8, 0x5A, 
    0xD9, 0x5A, 0xF9, 0x5E, 0xFB, 0x5E, 0x1B, 0x63, 0x1D, 0x63, 0x5D, 0x67, 0x3D, 0x67, 0x3C, 0x63, 
    0x1D, 0x63, 0x3C, 0x63, 0x1C, 0x5F, 0xFA, 0x5A, 0xD8, 0x56, 0xF5, 0x5A, 0xF6, 0x5E, 0x5C, 0x6B, 
    0x6F, 0x4E, 0x4F, 0x46, 0x2E, 0x46, 0x0E, 0x42, 0x2E, 0x46, 0x51, 0x46, 0x73, 0x4A, 0x76, 0x4A, 
    0xB7, 0x4E, 0xB9, 0x52, 0xD9, 0x52, 0xDA, 0x52, 0xD9, 0x56, 0xDA, 0x52, 0xD9, 0x52, 0xB9, 0x4E, 
    0xB8, 0x4E, 0x77, 0x46, 0x53, 0x42, 0x10, 0x3A, 0xCC, 0x31, 0x8A, 0x2D, 0x88, 0x29, 0x89, 0x29, 
    0x89, 0x2D, 0x8A, 0x2D, 0xA9, 0x31, 0xAA, 0x31, 0xEA, 0x35, 0xEC, 0x39, 0x2C, 0x3E, 0x30, 0x3E, 
    0x73, 0x42, 0x56, 0x42, 0x75, 0x42, 0x55, 0x3E, 0x53, 0x3E, 0x30, 0x3A, 0x2F, 0x3E, 0x31, 0x3E, 
    0x53, 0x42, 0x54, 0x42, 0x54, 0x42, 0x55, 0x42, 0x75, 0x42, 0x76, 0x46, 0x74, 0x46, 0x52, 0x42, 
    0x92, 0x4A, 0xB6, 0x4E, 0xD7, 0x52, 0xB8, 0x52, 0xB7, 0x52, 0xB9, 0x52, 0xD8, 0x52, 0xD9, 0x52, 
    0xF9, 0x56, 0xFA, 0x56, 0xFA, 0x56, 0x1B, 0x57, 0x3C, 0x5B, 0x5D, 0x5F, 0x7D, 0x63, 0x7E, 0x63, 
    0x9E, 0x67, 0x7E, 0x63, 0x7D, 0x63, 0x5D, 0x5F, 0x5C, 0x5F, 0x3C, 0x5F, 0x3C, 0x5F, 0x3D, 0x5B, 
    0x3C, 0x5F, 0x3D, 0x5B, 0x5C, 0x5F, 0x3D, 0x5B, 0x3C, 0x5F, 0x3D, 0x5B, 0x5D, 0x5F, 0x3D, 0x5B, 
    0x5D, 0x5F, 0xF9, 0x5A, 0xEE, 0x3D, 0x4B, 0x2D, 0xD5, 0x5A, 0x19, 0x63, 0xF8, 0x5E, 0xF0, 0x3D, 
    0x8B, 0x31, 0x6D, 0x31, 0x52, 0x4A, 0x8E, 0x35, 0x29, 0x29, 0x53, 0x4E, 0x39, 0x67, 0x1A, 0x67, 
    0xD6, 0x5A, 0x32, 0x46, 0xEF, 0x3D, 0xB6, 0x56, 0xCE, 0x3D, 0x32, 0x4A, 0x94, 0x52, 0xD6, 0x5A, 
    0x38, 0x67, 0x94, 0x56, 0xAD, 0x39, 0x8C, 0x35, 0x6A, 0x31, 0x8C, 0x35, 0x28, 0x29, 0xE8, 0x20, 
    0x8B, 0x35, 0x95, 0x52, 0x8C, 0x35, 0xAD, 0x35, 0x31, 0x46, 0xEF, 0x3D, 0x93, 0x52, 0x19, 0x63, 
    0xF7, 0x62, 0xD7, 0x5E, 0xF6, 0x5E, 0x18, 0x63, 0x59, 0x6B, 0xEF, 0x41, 0xC5, 0x24, 0x8C, 0x35, 
    0xB4, 0x5A, 0x95, 0x56, 0x0F, 0x4A, 0xCE, 0x3D, 0xAC, 0x3D, 0x08, 0x29, 0x28, 0x2D, 0xD7, 0x5E, 
    0x5A, 0x6B, 0x19, 0x63, 0x18, 0x67, 0xB6, 0x5A, 0x73, 0x52, 0x93, 0x56, 0xB3, 0x5A, 0x72, 0x52, 
    0x92, 0x56, 0x73, 0x56, 0x50, 0x52, 0x51, 0x52, 0x50, 0x56, 0x07, 0x29, 0xC4, 0x20, 0xA4, 0x1C, 
    0xC4, 0x1C, 0xC4, 0x1C, 0xE5, 0x20, 0xE6, 0x24, 0x8A, 0x35, 0xB4, 0x5A, 0xF5, 0x62, 0xF6, 0x5E, 
    0xD4, 0x5A, 0x51, 0x4E, 0x0D, 0x4A, 0x0D, 0x46, 0xEA, 0x41, 0xCA, 0x3D, 0xE8, 0x3D, 0xE9, 0x3D, 
    0x2A, 0x46, 0x0A, 0x42, 0x0A, 0x42, 0x2C, 0x42, 0x2C, 0x46, 0x2D, 0x42, 0x6F, 0x4A, 0xB8, 0x4E, 
    0xB7, 0x4E, 0x54, 0x46, 0x30, 0x42, 0x10, 0x3E, 0x73, 0x46, 0x97, 0x4A, 0xB8, 0x52, 0xB9, 0x52, 
    0xF9, 0x56, 0xFA, 0x56, 0xF7, 0x52, 0x94, 0x4A, 0x93, 0x4E, 0xB7, 0x4E, 0xF8, 0x56, 0xF9, 0x56, 
    0x1A, 0x5B, 0x1B, 0x5B, 0x3B, 0x5F, 0x3D, 0x5F, 0x5D, 0x63, 0x3C, 0x5F, 0x1A, 0x5B, 0xD9, 0x52, 
    0xD7, 0x52, 0x96, 0x4A, 0x94, 0x4A, 0x74, 0x4A, 0x92, 0x4E, 0x72, 0x4A, 0x91, 0x4E, 0x72, 0x4A, 
    0x91, 0x4A, 0x51, 0x46, 0x70, 0x4A, 0x51, 0x46, 0x71, 0x4E, 0x51, 0x46, 0x50, 0x4A, 0x72, 0x4A, 
    0x93, 0x52, 0x95, 0x52, 0x19, 0x5B, 0x3D, 0x5F, 0x5D, 0x63, 0x3D, 0x5F, 0x3C, 0x63, 0x1C, 0x5B, 
    0x1A, 0x5B, 0xD9, 0x52, 0xB6, 0x4E, 0x96, 0x4A, 0x96, 0x4A, 0x96, 0x4A, 0xB6, 0x4E, 0xB8, 0x4E, 
    0xD9, 0x56, 0xFA, 0x56, 0xFA, 0x56, 0xD9, 0x52, 0xD8, 0x56, 0xD7, 0x52, 0xD7, 0x56, 0xB7, 0x52, 
    0xD7, 0x56, 0xD8, 0x56, 0xF9, 0x5A, 0x1A, 0x5B, 0x3B, 0x63, 0x3C, 0x63, 0x5C, 0x63, 0x3C, 0x5F, 
    0x3B, 0x5F, 0x1C, 0x5F, 0x3B, 0x5F, 0xFA, 0x56, 0xD7, 0x56, 0xD5, 0x56, 0x17, 0x5F, 0x5D, 0x67, 
    0x50, 0x4E, 0x4F, 0x4A, 0x2F, 0x46, 0x2E, 0x46, 0x0F, 0x42, 0x2F, 0x46, 0x52, 0x4A, 0x74, 0x4E, 
    0x97, 0x4E, 0xB7, 0x52, 0xB9, 0x52, 0xB9, 0x52, 0xBA, 0x52, 0xD9, 0x56, 0xB9, 0x52, 0xB8, 0x52, 
    0x98, 0x4E, 0x76, 0x4A, 0x54, 0x42, 0x31, 0x3E, 0xCE, 0x35, 0xAA, 0x31, 0x8A, 0x29, 0x8A, 0x31, 
    0x8A, 0x2D, 0xAA, 0x31, 0xAA, 0x31, 0xCA, 0x35, 0xCB, 0x35, 0xEB, 0x39, 0xEC, 0x39, 0x50, 0x42, 
    0x75, 0x46, 0x77, 0x4A, 0x77, 0x46, 0x76, 0x46, 0x34, 0x3E, 0x30, 0x3E, 0x0E, 0x3A, 0x30, 0x3E, 
    0x34, 0x42, 0x54, 0x42, 0x55, 0x42, 0x75, 0x46, 0x76, 0x46, 0x97, 0x4A, 0x76, 0x46, 0x73, 0x4A, 
    0x95, 0x4E, 0xD7, 0x56, 0xD9, 0x56, 0xD8, 0x56, 0xD9, 0x52, 0xD9, 0x56, 0xD9, 0x52, 0xF9, 0x56, 
    0xDA, 0x56, 0xF9, 0x56, 0xDA, 0x56, 0x1B, 0x5B, 0x1C, 0x5B, 0x3D, 0x5F, 0x5E, 0x5F, 0x5D, 0x63, 
    0x5E, 0x63, 0x5D, 0x63, 0x5E, 0x5F, 0x5D, 0x5F, 0x3D, 0x5F, 0x3C, 0x5F, 0x3D, 0x5B, 0x3C, 0x5F, 
    0x3D, 0x5B, 0x3D, 0x5F, 0x3D, 0x5B, 0x3D, 0x5F, 0x1D, 0x5B, 0x3D, 0x5F, 0x3D, 0x5B, 0x3D, 0x5F, 
    0x3D, 0x5F, 0xD7, 0x5A, 0x6C, 0x31, 0x49, 0x2D, 0x74, 0x52, 0x3A, 0x67, 0x75, 0x52, 0x4A, 0x2D, 
    0x6C, 0x31, 0xCF, 0x3D, 0x96, 0x52, 0x8D, 0x31, 0xE9, 0x20, 0x32, 0x4A, 0xF8, 0x5E, 0x3A, 0x67, 
    0x75, 0x52, 0xF0, 0x41, 0x4B, 0x29, 0x8D, 0x35, 0xCF, 0x3D, 0x74, 0x52, 0x95, 0x56, 0xF7, 0x62, 
    0x39, 0x6B, 0x18, 0x67, 0x12, 0x4A, 0xAD, 0x39, 0x09, 0x29, 0x6B, 0x35, 0xE7, 0x20, 0xE6, 0x20, 
    0x4A, 0x2D, 0x73, 0x4E, 0x4B, 0x2D, 0xE7, 0x24, 0xCF, 0x3D, 0xF0, 0x41, 0xD0, 0x3D, 0x74, 0x56, 
    0x95, 0x56, 0xD6, 0x5E, 0xD7, 0x5E, 0x39, 0x6B, 0x3A, 0x6B, 0xCD, 0x41, 0xA5, 0x20, 0x8A, 0x35, 
    0x31, 0x4A, 0x31, 0x4E, 0x32, 0x4E, 0x52, 0x4E, 0x74, 0x56, 0x6A, 0x35, 0xE7, 0x28, 0xB5, 0x5A, 
    0x3A, 0x6B, 0x19, 0x67, 0xD8, 0x62, 0xD6, 0x5E, 0x53, 0x52, 0x93, 0x5A, 0xB5, 0x5E, 0xB4, 0x5E, 
    0x73, 0x5A, 0x72, 0x5A, 0x31, 0x52, 0xAC, 0x45, 0x8B, 0x3D, 0xC4, 0x24, 0xA4, 0x1C, 0xA4, 0x20, 
    0xC5, 0x20, 0xE5, 0x24, 0xC6, 0x24, 0x06, 0x29, 0x08, 0x2D, 0x94, 0x5A, 0xF7, 0x62, 0xD5, 0x5E, 
    0xD6, 0x5E, 0xB3, 0x5E, 0x72, 0x56, 0xD3, 0x5E, 0x50, 0x52, 0xEA, 0x41, 0xC9, 0x3D, 0xE8, 0x3D, 
    0x2B, 0x46, 0x2A, 0x46, 0xEA, 0x3D, 0x0B, 0x42, 0x0C, 0x42, 0x2C, 0x46, 0x4E, 0x46, 0xD7, 0x56, 
    0xB9, 0x52, 0x75, 0x4A, 0x31, 0x42, 0x0F, 0x42, 0x31, 0x42, 0x76, 0x4E, 0x98, 0x4E, 0xB8, 0x52, 
    0xD9, 0x52, 0xD8, 0x52, 0xB6, 0x4E, 0x93, 0x4E, 0x75, 0x4E, 0xD7, 0x56, 0xD9, 0x56, 0xF9, 0x56, 
    0xFB, 0x5A, 0x3B, 0x5F, 0x1C, 0x5F, 0x3C, 0x63, 0x3D, 0x63, 0x3C, 0x5F, 0xFB, 0x56, 0xD9, 0x56, 
    0xB8, 0x52, 0x96, 0x4E, 0x74, 0x46, 0x73, 0x4A, 0x73, 0x4A, 0x72, 0x4E, 0x72, 0x4A, 0x71, 0x4E, 
    0x71, 0x4A, 0x71, 0x4A, 0x51, 0x4A, 0x50, 0x4A, 0x50, 0x46, 0x4F, 0x46, 0x30, 0x46, 0x71, 0x4E, 
    0x73, 0x4E, 0xB5, 0x52, 0xFB, 0x5A, 0x5D, 0x63, 0x3D, 0x63, 0x3C, 0x63, 0x1C, 0x5F, 0xFB, 0x5A, 
    0xDA, 0x5A, 0xD8, 0x56, 0x97, 0x4E, 0x96, 0x4E, 0x76, 0x4A, 0x96, 0x4E, 0x98, 0x4E, 0xD9, 0x56, 
    0xDA, 0x56, 0xFA, 0x5A, 0xDA, 0x56, 0xD8, 0x56, 0xB8, 0x52, 0xD7, 0x56, 0xB7, 0x52, 0xD6, 0x56, 
    0xB6, 0x56, 0xD6, 0x56, 0xD8, 0x56, 0xF9, 0x5E, 0x1B, 0x5F, 0x3B, 0x63, 0x3C, 0x63, 0x3B, 0x5F, 
    0x1C, 0x5F, 0x1B, 0x5F, 0xFB, 0x5A, 0xFA, 0x5A, 0xB7, 0x52, 0xD5, 0x56, 0xF9, 0x5A, 0x7E, 0x6B, 
    0x70, 0x4E, 0x50, 0x4A, 0x4E, 0x4A, 0x0E, 0x42, 0x0D, 0x46, 0x0E, 0x42, 0x4F, 0x46, 0x53, 0x46, 
    0x94, 0x4E, 0x96, 0x4E, 0xB7, 0x52, 0x99, 0x4E, 0xB8, 0x52, 0xB9, 0x52, 0xB8, 0x52, 0x98, 0x4E, 
    0x96, 0x4E, 0x75, 0x46, 0x74, 0x46, 0x32, 0x3E, 0x0F, 0x3A, 0xAC, 0x31, 0xAB, 0x31, 0xAB, 0x31, 
    0xAA, 0x31, 0xAA, 0x31, 0xA9, 0x35, 0xAA, 0x35, 0xCA, 0x35, 0xCA, 0x35, 0x0B, 0x3A, 0x50, 0x42, 
    0x95, 0x46, 0x98, 0x46, 0x97, 0x4A, 0x77, 0x46, 0x54, 0x42, 0x30, 0x3E, 0x0D, 0x3A, 0x0F, 0x3A, 
    0x53, 0x42, 0x55, 0x42, 0x54, 0x42, 0x55, 0x42, 0x96, 0x4A, 0x97, 0x4A, 0x95, 0x4A, 0x96, 0x4A, 
    0xD6, 0x52, 0xD9, 0x56, 0xF9, 0x5A, 0xDA, 0x56, 0xD9, 0x56, 0xD9, 0x52, 0xF8, 0x56, 0xD9, 0x52, 
    0xF9, 0x56, 0xD9, 0x52, 0xF9, 0x56, 0xFB, 0x56, 0x3B, 0x5B, 0x3D, 0x5B, 0x5D, 0x5F, 0x5E, 0x5F, 
    0x7D, 0x63, 0x5E, 0x5F, 0x5D, 0x5F, 0x3D, 0x5F, 0x3C, 0x5F, 0x3D, 0x5B, 0x3C, 0x5F, 0x3D, 0x5B, 
    0x3C, 0x5F, 0x3D, 0x5B, 0x3D, 0x5F, 0x3D, 0x5B, 0x3C, 0x5B, 0x3D, 0x5B, 0x5D, 0x5F, 0x3D, 0x5B, 
    0x3C, 0x5F, 0x74, 0x4E, 0x29, 0x29, 0x4A, 0x2D, 0xD5, 0x5A, 0x1A, 0x63, 0xB5, 0x56, 0xAE, 0x39, 
    0x4A, 0x2D, 0x34, 0x4A, 0xD8, 0x5A, 0x8E, 0x31, 0x29, 0x25, 0xF1, 0x41, 0x53, 0x4E, 0x19, 0x63, 
    0xF7, 0x5E, 0x8E, 0x35, 0x29, 0x29, 0x6C, 0x31, 0x10, 0x46, 0x75, 0x52, 0x52, 0x4A, 0xB6, 0x56, 
    0x18, 0x67, 0x19, 0x67, 0x94, 0x56, 0xCF, 0x3D, 0x4A, 0x31, 0x08, 0x29, 0xE6, 0x20, 0xE7, 0x20, 
    0x28, 0x29, 0x32, 0x46, 0x6B, 0x31, 0xA6, 0x1C, 0x08, 0x25, 0xF0, 0x41, 0x31, 0x4A, 0x74, 0x52, 
    0x73, 0x52, 0xB6, 0x5A, 0x17, 0x63, 0x3A, 0x6B, 0xF7, 0x62, 0x8C, 0x39, 0xE6, 0x24, 0xAD, 0x39, 
    0x0F, 0x4A, 0x4C, 0x31, 0x31, 0x4A, 0x75, 0x52, 0xF7, 0x62, 0xCF, 0x41, 0xC5, 0x24, 0x73, 0x52, 
    0xD5, 0x5E, 0xD7, 0x5E, 0x51, 0x4E, 0x52, 0x4E, 0xAC, 0x41, 0x30, 0x4E, 0xD4, 0x62, 0xD5, 0x62, 
    0x93, 0x5A, 0x51, 0x52, 0x0E, 0x4E, 0x28, 0x31, 0xC4, 0x24, 0xA4, 0x20, 0xE5, 0x28, 0x07, 0x29, 
    0x49, 0x31, 0x8B, 0x39, 0x49, 0x31, 0xE6, 0x24, 0x28, 0x2D, 0x94, 0x5A, 0xD5, 0x5E, 0x52, 0x52, 
    0x71, 0x52, 0x30, 0x4E, 0xED, 0x45, 0xD5, 0x62, 0xB1, 0x5A, 0xCA, 0x3D, 0xE8, 0x3D, 0xC8, 0x39, 
    0x09, 0x42, 0x2B, 0x46, 0x0A, 0x42, 0x0A, 0x3E, 0x2C, 0x46, 0x2C, 0x42, 0x4C, 0x46, 0xB6, 0x4E, 
    0xD9, 0x56, 0x97, 0x4E, 0x73, 0x4A, 0x0F, 0x3E, 0x2F, 0x42, 0x75, 0x46, 0xB7, 0x4E, 0x97, 0x4E, 
    0xD7, 0x52, 0xB7, 0x4E, 0xB4, 0x4E, 0x74, 0x4A, 0x96, 0x4E, 0xD8, 0x52, 0xF8, 0x56, 0xD9, 0x52, 
    0x19, 0x5B, 0x1B, 0x5B, 0x1B, 0x5F, 0x1C, 0x5F, 0x3C, 0x63, 0x1C, 0x5B, 0xFA, 0x56, 0xDA, 0x52, 
    0xD8, 0x52, 0x96, 0x4E, 0x74, 0x4A, 0x74, 0x46, 0x73, 0x4A, 0x72, 0x4A, 0x70, 0x4A, 0x50, 0x46, 
    0x6F, 0x4A, 0x71, 0x4A, 0x71, 0x4E, 0x51, 0x4A, 0x4F, 0x46, 0x2F, 0x42, 0x50, 0x46, 0x52, 0x4A, 
    0x72, 0x4A, 0x96, 0x52, 0x1A, 0x5F, 0x3D, 0x63, 0x3C, 0x63, 0x1C, 0x5B, 0xFA, 0x5A, 0xDA, 0x56, 
    0xD9, 0x56, 0xB8, 0x52, 0x96, 0x4E, 0x76, 0x4A, 0x96, 0x4E, 0x97, 0x4E, 0xB8, 0x52, 0xD9, 0x52, 
    0xF9, 0x56, 0xDA, 0x56, 0xF9, 0x56, 0xD8, 0x52, 0xD7, 0x52, 0xB7, 0x52, 0xB5, 0x56, 0xB5, 0x52, 
    0xD5, 0x56, 0xD6, 0x52, 0xD7, 0x56, 0xF9, 0x56, 0x1A, 0x5F, 0x1B, 0x5F, 0x3A, 0x5F, 0x1B, 0x5B, 
    0x1A, 0x5B, 0xFB, 0x5A, 0xFA, 0x5A, 0xD9, 0x52, 0xD7, 0x52, 0xD6, 0x52, 0x19, 0x5F, 0x7E, 0x67, 
    0x71, 0x4E, 0x70, 0x4E, 0x2F, 0x4A, 0x2E, 0x46, 0x0E, 0x42, 0x0D, 0x42, 0x0F, 0x42, 0x30, 0x46, 
    0x53, 0x4A, 0x75, 0x4E, 0x77, 0x4E, 0x97, 0x52, 0x98, 0x52, 0xB8, 0x52, 0x98, 0x52, 0x97, 0x52, 
    0x76, 0x4A, 0x75, 0x4A, 0x55, 0x46, 0x53, 0x42, 0x11, 0x3E, 0xEE, 0x39, 0xAD, 0x31, 0xCC, 0x35, 
    0xAC, 0x31, 0xAA, 0x35, 0xAA, 0x31, 0xCA, 0x35, 0xAA, 0x35, 0xCA, 0x39, 0xEB, 0x39, 0x50, 0x46, 
    0x76, 0x46, 0x97, 0x4A, 0x78, 0x4A, 0x77, 0x4A, 0x35, 0x42, 0x30, 0x3E, 0xED, 0x39, 0x0C, 0x3A, 
    0x32, 0x42, 0x53, 0x42, 0x54, 0x42, 0x75, 0x46, 0x76, 0x46, 0x97, 0x4A, 0x77, 0x4A, 0xB7, 0x4E, 
    0xD8, 0x52, 0xFA, 0x5A, 0xFB, 0x5A, 0xFA, 0x5A, 0xDA, 0x56, 0xD9, 0x56, 0xD9, 0x52, 0xD9, 0x56, 
    0xD9, 0x56, 0xF9, 0x56, 0xDA, 0x52, 0xFA, 0x56, 0xFC, 0x5A, 0x3C, 0x5F, 0x3D, 0x5F, 0x5D, 0x63, 
    0x5E, 0x63, 0x5E, 0x63, 0x3E, 0x5F, 0x3D, 0x5F, 0x3D, 0x5F, 0x3D, 0x5F, 0x1D, 0x5B, 0x3C, 0x5F, 
    0x1D, 0x5B, 0x3D, 0x5F, 0x3D, 0x5B, 0x3D, 0x5F, 0x1D, 0x5B, 0x3D, 0x5F, 0x3E, 0x5F, 0x5D, 0x5F, 
    0x1C, 0x5F, 0x32, 0x4A, 0xE8, 0x24, 0x8C, 0x35, 0xD8, 0x5E, 0x19, 0x67, 0xD8, 0x5E, 0x31, 0x4A, 
    0x8E, 0x39, 0xF9, 0x62, 0xD9, 0x5E, 0x8D, 0x39, 0xE9, 0x24, 0x32, 0x4E, 0x75, 0x52, 0xF8, 0x62, 
    0xFA, 0x66, 0xAD, 0x39, 0x0A, 0x29, 0x8C, 0x35, 0x12, 0x46, 0xB5, 0x5A, 0x74, 0x52, 0xB5, 0x5A, 
    0xB6, 0x5A, 0xF7, 0x66, 0x95, 0x56, 0x53, 0x52, 0xCE, 0x3D, 0x08, 0x29, 0xC6, 0x1C, 0xE6, 0x20, 
    0x6C, 0x35, 0x10, 0x46, 0x2A, 0x2D, 0x08, 0x29, 0x4B, 0x31, 0x73, 0x52, 0x19, 0x67, 0xF8, 0x66, 
    0x75, 0x56, 0xF7, 0x62, 0x19, 0x6B, 0xF7, 0x62, 0x11, 0x4E, 0x6A, 0x39, 0x08, 0x29, 0x4A, 0x31, 
    0x4C, 0x35, 0xCF, 0x41, 0x12, 0x4A, 0x95, 0x5A, 0xF9, 0x62, 0x31, 0x4E, 0xC6, 0x24, 0x30, 0x4E, 
    0xF0, 0x45, 0xAD, 0x41, 0x4B, 0x35, 0x8C, 0x3D, 0x8C, 0x3D, 0x30, 0x52, 0xB5, 0x62, 0xD5, 0x66, 
    0x52, 0x56, 0xCD, 0x45, 0x29, 0x35, 0x28, 0x35, 0xC6, 0x28, 0x49, 0x39, 0x4A, 0x35, 0x8B, 0x3D, 
    0xEE, 0x45, 0x30, 0x52, 0x31, 0x4E, 0xCD, 0x41, 0x29, 0x2D, 0x94, 0x5E, 0xB6, 0x5E, 0x72, 0x56, 
    0x94, 0x5A, 0xEE, 0x49, 0x8B, 0x39, 0xED, 0x45, 0xB3, 0x5E, 0x0C, 0x46, 0xEA, 0x41, 0xE8, 0x3D, 
    0xC8, 0x3D, 0x09, 0x42, 0x0B, 0x42, 0x09, 0x42, 0x0C, 0x42, 0x2B, 0x46, 0x0B, 0x42, 0x93, 0x4E, 
    0xB9, 0x52, 0xB8, 0x52, 0x76, 0x4A, 0x50, 0x46, 0xEE, 0x3D, 0x53, 0x46, 0x76, 0x4A, 0xB6, 0x4E, 
    0x97, 0x4E, 0xB5, 0x52, 0x93, 0x4A, 0x94, 0x4E, 0x97, 0x52, 0xD8, 0x56, 0xD9, 0x56, 0xD8, 0x56, 
    0xD9, 0x56, 0xFA, 0x5A, 0xFB, 0x5A, 0x1C, 0x5F, 0x1D, 0x5F, 0xFB, 0x5A, 0xBA, 0x56, 0xD9, 0x56, 
    0xDA, 0x52, 0xB6, 0x4E, 0x75, 0x46, 0x75, 0x4A, 0x75, 0x4A, 0x72, 0x4A, 0x50, 0x46, 0x2E, 0x46, 
    0x2F, 0x46, 0x50, 0x4A, 0x51, 0x4A, 0x50, 0x4A, 0x30, 0x46, 0x2F, 0x46, 0x52, 0x4A, 0x73, 0x4E, 
    0x53, 0x4A, 0x96, 0x52, 0xFB, 0x5A, 0x1C, 0x63, 0x1C, 0x5F, 0xFB, 0x5A, 0xB9, 0x52, 0x97, 0x52, 
    0x98, 0x52, 0x96, 0x4E, 0x55, 0x4A, 0x97, 0x4E, 0xB9, 0x52, 0xD9, 0x56, 0xDA, 0x56, 0xDA, 0x56, 
    0xDA, 0x56, 0xD9, 0x56, 0xB8, 0x52, 0xD8, 0x56, 0xB7, 0x52, 0xB6, 0x56, 0xB6, 0x52, 0xB5, 0x56, 
    0xB6, 0x52, 0xD6, 0x56, 0xD7, 0x56, 0xF8, 0x5A, 0xF9, 0x5A, 0x19, 0x5F, 0xFA, 0x5A, 0xF9, 0x5A, 
    0xDA, 0x56, 0xD9, 0x5A, 0xDA, 0x56, 0xD8, 0x52, 0xB7, 0x4E, 0xD6, 0x52, 0x1B, 0x5F, 0x7E, 0x6B, 
    0x91, 0x4E, 0x71, 0x4A, 0x6F, 0x4A, 0x2E, 0x42, 0x0D, 0x42, 0x0D, 0x3E, 0x0D, 0x42, 0x0F, 0x42, 
    0x50, 0x4A, 0x73, 0x4A, 0x94, 0x4E, 0x96, 0x4A, 0x96, 0x4E, 0x97, 0x4E, 0xB6, 0x4E, 0x96, 0x4E, 
    0x95, 0x4E, 0x75, 0x4A, 0x75, 0x4A, 0x54, 0x42, 0x32, 0x42, 0xF0, 0x39, 0xEE, 0x39, 0xCD, 0x31, 
    0xCB, 0x35, 0xAB, 0x31, 0xA9, 0x35, 0xCA, 0x31, 0xC9, 0x35, 0xCA, 0x35, 0xEA, 0x39, 0x4F, 0x42, 
    0x95, 0x46, 0x97, 0x46, 0x97, 0x4A, 0x77, 0x46, 0x53, 0x42, 0x30, 0x3A, 0x0C, 0x3A, 0xEB, 0x35, 
    0x2E, 0x3E, 0x30, 0x3E, 0x52, 0x42, 0x55, 0x42, 0x95, 0x46, 0x97, 0x4A, 0x97, 0x4E, 0xB7, 0x4E, 
    0xF8, 0x56, 0x1B, 0x5B, 0x1B, 0x5B, 0xFB, 0x56, 0xFA, 0x56, 0xD9, 0x52, 0xF8, 0x56, 0xD9, 0x52, 
    0xF8, 0x56, 0xD9, 0x52, 0xF9, 0x56, 0xFA, 0x56, 0x1B, 0x5B, 0x1C, 0x5B, 0x5C, 0x5F, 0x5E, 0x5F, 
    0x7D, 0x63, 0x5E, 0x5F, 0x5D, 0x5F, 0x3D, 0x5F, 0x3C, 0x5F, 0x3D, 0x5B, 0x3C, 0x5B, 0x3D, 0x5B, 
    0x3C, 0x5B, 0x3D, 0x5B, 0x5D, 0x5B, 0x3D, 0x5B, 0x3C, 0x5B, 0x3D, 0x5B, 0x5D, 0x5F, 0x5E, 0x5F, 
    0x3B, 0x5F, 0xF0, 0x41, 0x07, 0x25, 0x8C, 0x31, 0xF7, 0x5E, 0xF9, 0x5E, 0x94, 0x52, 0x11, 0x46, 
    0x52, 0x4E, 0x1A, 0x63, 0xD6, 0x5A, 0x6C, 0x31, 0x08, 0x21, 0xB6, 0x56, 0xF8, 0x5E, 0xF8, 0x5E, 
    0xF8, 0x62, 0xAE, 0x35, 0x4A, 0x2D, 0xAE, 0x39, 0x72, 0x4E, 0xB6, 0x5A, 0x73, 0x52, 0xB6, 0x5A, 
    0x94, 0x52, 0x94, 0x52, 0x94, 0x56, 0x73, 0x52, 0xCD, 0x3D, 0x29, 0x29, 0xE6, 0x20, 0xC6, 0x1C, 
    0xCD, 0x3D, 0xCE, 0x3D, 0x49, 0x2D, 0x29, 0x29, 0xCE, 0x3D, 0xD8, 0x5E, 0x7A, 0x6F, 0x19, 0x63, 
    0x93, 0x56, 0xD6, 0x5E, 0xD4, 0x5E, 0x52, 0x4E, 0xE6, 0x28, 0x4A, 0x31, 0x28, 0x2D, 0x4A, 0x2D, 
    0xAD, 0x39, 0x32, 0x46, 0x52, 0x4E, 0xD7, 0x5A, 0x38, 0x67, 0x73, 0x52, 0x06, 0x29, 0x49, 0x31, 
    0xCC, 0x3D, 0x11, 0x4A, 0x0F, 0x4A, 0x52, 0x52, 0xCC, 0x41, 0xB4, 0x5E, 0xF5, 0x66, 0xD5, 0x62, 
    0xCC, 0x45, 0x28, 0x31, 0x47, 0x31, 0x6A, 0x39, 0x8A, 0x3D, 0xAC, 0x41, 0xAB, 0x3D, 0xCC, 0x41, 
    0x2F, 0x4E, 0x72, 0x56, 0xB3, 0x5E, 0x93, 0x5A, 0x49, 0x31, 0x52, 0x4E, 0xB4, 0x5A, 0x31, 0x4E, 
    0x71, 0x52, 0xAC, 0x39, 0x89, 0x39, 0xCC, 0x41, 0x4E, 0x4E, 0x2E, 0x4A, 0x0A, 0x42, 0x0A, 0x42, 
    0xE7, 0x3D, 0xE8, 0x39, 0x09, 0x42, 0xE9, 0x3D, 0x0A, 0x3E, 0x0B, 0x3E, 0x0A, 0x3E, 0x4F, 0x46, 
    0xB5, 0x4E, 0x97, 0x4A, 0x74, 0x46, 0x2F, 0x3E, 0x0D, 0x3E, 0x51, 0x42, 0x94, 0x4A, 0x95, 0x4A, 
    0xB3, 0x4E, 0x93, 0x4A, 0x91, 0x4A, 0x74, 0x4A, 0xB7, 0x52, 0xD8, 0x52, 0xD8, 0x56, 0xD8, 0x52, 
    0xF8, 0x56, 0xF9, 0x56, 0x1A, 0x5B, 0xFB, 0x5A, 0x1B, 0x5F, 0xDA, 0x56, 0xD8, 0x52, 0xB9, 0x52, 
    0xD9, 0x56, 0x96, 0x4A, 0x94, 0x4A, 0x75, 0x4A, 0x94, 0x4A, 0x72, 0x46, 0x4D, 0x42, 0x0D, 0x3E, 
    0x2C, 0x42, 0x2E, 0x42, 0x4E, 0x46, 0x4F, 0x46, 0x4F, 0x4A, 0x51, 0x46, 0x94, 0x4E, 0x76, 0x4A, 
    0x73, 0x4A, 0x75, 0x4A, 0xD8, 0x56, 0xFB, 0x5A, 0xFA, 0x5A, 0xD9, 0x52, 0x95, 0x4E, 0x75, 0x4A, 
    0x95, 0x4E, 0x75, 0x46, 0x75, 0x4A, 0xB8, 0x52, 0xF9, 0x56, 0xFB, 0x5A, 0x1B, 0x5B, 0xFA, 0x56, 
    0xF9, 0x56, 0xD8, 0x52, 0xD7, 0x52, 0xB7, 0x52, 0xD6, 0x52, 0xB6, 0x52, 0xD6, 0x52, 0xB6, 0x52, 
    0xD6, 0x56, 0xD6, 0x52, 0xD6, 0x56, 0xD7, 0x52, 0xF6, 0x56, 0xD7, 0x56, 0xD6, 0x56, 0xD8, 0x52, 
    0xD8, 0x56, 0xD9, 0x52, 0xD8, 0x52, 0xB8, 0x4E, 0xB5, 0x4E, 0xB6, 0x4E, 0x3B, 0x5F, 0x7E, 0x67, 
    0x92, 0x4E, 0x91, 0x4E, 0x70, 0x4A, 0x4E, 0x46, 0x0E, 0x42, 0x0D, 0x42, 0xED, 0x3D, 0x0D, 0x42, 
    0x10, 0x42, 0x51, 0x4A, 0x53, 0x4A, 0x74, 0x4E, 0x75, 0x4A, 0x95, 0x4E, 0x76, 0x4E, 0x95, 0x4E, 
    0x76, 0x4A, 0x75, 0x4E, 0x75, 0x4A, 0x54, 0x4A, 0x33, 0x42, 0x10, 0x3E, 0xF0, 0x39, 0xEE, 0x39, 
    0xCC, 0x35, 0xCA, 0x35, 0xAA, 0x31, 0xCA, 0x35, 0xCA, 0x35, 0xCA, 0x39, 0xCA, 0x35, 0x4E, 0x42, 
    0x75, 0x46, 0x97, 0x4A, 0x77, 0x4A, 0x55, 0x46, 0x33, 0x3E, 0x2F, 0x3E, 0xED, 0x39, 0xEA, 0x35, 
    0xEB, 0x35, 0x2E, 0x3E, 0x32, 0x3E, 0x54, 0x46, 0x76, 0x46, 0x97, 0x4E, 0x98, 0x4E, 0xD8, 0x52, 
    0xFA, 0x56, 0x1B, 0x5F, 0x1C, 0x5B, 0x1B, 0x5B, 0xDA, 0x52, 0xD8, 0x56, 0xD9, 0x52, 0xF8, 0x56, 
    0xD9, 0x56, 0xF8, 0x56, 0xDA, 0x52, 0xFA, 0x56, 0x1B, 0x5B, 0x3C, 0x5F, 0x3D, 0x5F, 0x5D, 0x63, 
    0x5E, 0x63, 0x7E, 0x63, 0x5E, 0x5F, 0x5D, 0x63, 0x3D, 0x5B, 0x3D, 0x5F, 0x3D, 0x5B, 0x3C, 0x5F, 
    0x1D, 0x5B, 0x3D, 0x5F, 0x3D, 0x5B, 0x3D, 0x5F, 0x3D, 0x5B, 0x5D, 0x5F, 0x5E, 0x5F, 0x7E, 0x63, 
    0xFA, 0x5A, 0xCE, 0x3D, 0x09, 0x29, 0xCE, 0x3D, 0x1A, 0x63, 0xD7, 0x5A, 0xF1, 0x41, 0xEF, 0x41, 
    0xB7, 0x5A, 0x95, 0x56, 0x54, 0x4E, 0x4A, 0x2D, 0x4B, 0x2D, 0xF7, 0x62, 0xD7, 0x5A, 0xF8, 0x62, 
    0x96, 0x56, 0x6B, 0x31, 0x8E, 0x35, 0x31, 0x46, 0x94, 0x52, 0x73, 0x52, 0x32, 0x4A, 0xD6, 0x5A, 
    0x74, 0x52, 0x31, 0x4A, 0x53, 0x4E, 0x31, 0x4A, 0x8C, 0x39, 0x28, 0x2D, 0xE8, 0x24, 0x07, 0x25, 
    0x08, 0x25, 0xE7, 0x24, 0x09, 0x29, 0x07, 0x29, 0x33, 0x4E, 0x3A, 0x6B, 0x7B, 0x6F, 0x17, 0x63, 
    0x74, 0x56, 0xB5, 0x5E, 0x31, 0x4E, 0xCD, 0x41, 0xC7, 0x24, 0x29, 0x2D, 0x08, 0x29, 0x6A, 0x31, 
    0xD0, 0x41, 0x52, 0x4E, 0x96, 0x56, 0x18, 0x67, 0x95, 0x56, 0xEE, 0x45, 0x08, 0x2D, 0x28, 0x31, 
    0x6B, 0x35, 0x31, 0x4E, 0x94, 0x5A, 0xB4, 0x5E, 0x8C, 0x3D, 0xEE, 0x49, 0x51, 0x52, 0x2F, 0x52, 
    0x6A, 0x39, 0x27, 0x35, 0xAC, 0x41, 0xAB, 0x41, 0x8B, 0x3D, 0xCC, 0x45, 0xCD, 0x45, 0xED, 0x49, 
    0x0F, 0x4E, 0x71, 0x56, 0x94, 0x5E, 0x93, 0x5A, 0x8C, 0x39, 0xEE, 0x45, 0x10, 0x4A, 0x28, 0x31, 
    0x4A, 0x31, 0xAC, 0x3D, 0xAC, 0x3D, 0xAB, 0x3D, 0xED, 0x45, 0x0C, 0x46, 0xCA, 0x3D, 0x0A, 0x42, 
    0xE9, 0x3D, 0xE9, 0x41, 0xEA, 0x3D, 0x09, 0x42, 0xEA, 0x3D, 0x0A, 0x42, 0xEA, 0x3D, 0x2C, 0x42, 
    0x73, 0x46, 0x73, 0x46, 0x31, 0x42, 0x0C, 0x3E, 0xED, 0x3D, 0x50, 0x46, 0x72, 0x46, 0x71, 0x4A, 
    0x71, 0x4A, 0x91, 0x4A, 0x72, 0x4A, 0x94, 0x4E, 0xB8, 0x52, 0xD8, 0x56, 0xB8, 0x52, 0xD7, 0x56, 
    0xD8, 0x52, 0xD8, 0x56, 0xDA, 0x56, 0xFA, 0x5A, 0xFB, 0x56, 0xD9, 0x56, 0x97, 0x4E, 0xB8, 0x52, 
    0xB9, 0x52, 0xB6, 0x4E, 0x74, 0x46, 0x74, 0x4A, 0x74, 0x4A, 0x50, 0x46, 0x0D, 0x3E, 0x0B, 0x3E, 
    0xEC, 0x3D, 0x0C, 0x42, 0x0D, 0x42, 0x2E, 0x46, 0x30, 0x46, 0x51, 0x4A, 0x96, 0x4E, 0xB7, 0x52, 
    0x76, 0x4A, 0x54, 0x4A, 0x77, 0x4E, 0xD8, 0x56, 0xB9, 0x52, 0x97, 0x52, 0x76, 0x4A, 0x74, 0x4A, 
    0x75, 0x4A, 0x74, 0x4A, 0x97, 0x4E, 0xD9, 0x56, 0xDA, 0x56, 0xFB, 0x5A, 0xFB, 0x5A, 0xFA, 0x5A, 
    0xDA, 0x56, 0xD8, 0x56, 0xB8, 0x52, 0xB7, 0x56, 0xB7, 0x52, 0xD6, 0x56, 0xB7, 0x52, 0xD7, 0x56, 
    0xB7, 0x52, 0xD6, 0x56, 0xD6, 0x52, 0xD4, 0x52, 0xB4, 0x52, 0xB4, 0x52, 0x95, 0x52, 0xB7, 0x56, 
    0xB9, 0x56, 0xD8, 0x56, 0xB9, 0x52, 0xB7, 0x52, 0x94, 0x4A, 0xD6, 0x52, 0x3D, 0x5F, 0x7E, 0x67, 
    0xB2, 0x52, 0x91, 0x4E, 0x70, 0x4E, 0x4F, 0x46, 0x2E, 0x46, 0x0D, 0x3E, 0x0D, 0x3E, 0xEE, 0x3D, 
    0x0E, 0x42, 0x30, 0x46, 0x51, 0x4A, 0x53, 0x4A, 0x73, 0x4E, 0x74, 0x4E, 0x74, 0x4E, 0x75, 0x4E, 
    0x75, 0x4E, 0x75, 0x4A, 0x75, 0x4A, 0x55, 0x4A, 0x53, 0x46, 0x32, 0x42, 0x10, 0x3E, 0xEF, 0x39, 
    0xED, 0x39, 0xCB, 0x35, 0xCA, 0x35, 0xAA, 0x35, 0xCA, 0x39, 0xCA, 0x35, 0xE9, 0x39, 0x2C, 0x3E, 
    0x72, 0x46, 0x76, 0x46, 0x75, 0x46, 0x33, 0x42, 0x30, 0x3E, 0x0F, 0x3E, 0x0C, 0x3A, 0xCB, 0x35, 
    0xEA, 0x35, 0x2F, 0x3A, 0x52, 0x42, 0x54, 0x42, 0x76, 0x4A, 0x98, 0x4A, 0xB7, 0x52, 0xD9, 0x52, 
    0x1A, 0x5B, 0x1C, 0x5B, 0x3C, 0x5F, 0xFB, 0x56, 0xF9, 0x52, 0xD8, 0x52, 0xD8, 0x56, 0xD9, 0x56, 
    0xF8, 0x56, 0xD9, 0x52, 0xF9, 0x56, 0xFB, 0x56, 0x1B, 0x5B, 0x3D, 0x5B, 0x5D, 0x5F, 0x5E, 0x5F, 
    0x7E, 0x63, 0x7E, 0x63, 0x7D, 0x63, 0x5E, 0x5F, 0x5D, 0x5F, 0x3D, 0x5B, 0x3D, 0x5B, 0x3D, 0x5B, 
    0x3C, 0x5F, 0x3D, 0x5B, 0x3D, 0x5F, 0x3D, 0x5B, 0x3D, 0x5B, 0x5E, 0x5B, 0x7E, 0x63, 0x7E, 0x63, 
    0xF8, 0x5A, 0x8D, 0x35, 0x4A, 0x2D, 0x54, 0x4E, 0x39, 0x67, 0x12, 0x46, 0xCF, 0x3D, 0x52, 0x4E, 
    0xF8, 0x62, 0x11, 0x42, 0x11, 0x46, 0x2A, 0x25, 0x4A, 0x2D, 0x53, 0x4E, 0x52, 0x4E, 0x75, 0x4E, 
    0x11, 0x46, 0xE8, 0x20, 0xEF, 0x3D, 0x95, 0x52, 0x10, 0x46, 0x8E, 0x39, 0x52, 0x4A, 0xB5, 0x56, 
    0xEF, 0x41, 0xF0, 0x41, 0x72, 0x4E, 0xCF, 0x3D, 0x6B, 0x35, 0x2A, 0x2D, 0x49, 0x2D, 0x08, 0x29, 
    0x28, 0x29, 0x08, 0x25, 0x07, 0x25, 0xE7, 0x24, 0x95, 0x56, 0x1A, 0x67, 0x5A, 0x6B, 0xB6, 0x56, 
    0x51, 0x4E, 0x52, 0x4E, 0xAC, 0x39, 0x09, 0x29, 0xC5, 0x20, 0xC7, 0x20, 0x28, 0x29, 0xAE, 0x39, 
    0x52, 0x4E, 0x53, 0x4E, 0xB5, 0x5A, 0x53, 0x52, 0xAC, 0x3D, 0x49, 0x31, 0x27, 0x2D, 0x08, 0x29, 
    0x49, 0x31, 0x4A, 0x31, 0xEE, 0x45, 0x72, 0x56, 0xAC, 0x3D, 0x29, 0x31, 0x48, 0x35, 0x6A, 0x39, 
    0x47, 0x35, 0x69, 0x39, 0x2F, 0x52, 0xEE, 0x49, 0xCC, 0x45, 0xAC, 0x41, 0x0E, 0x4E, 0x30, 0x52, 
    0x50, 0x56, 0x51, 0x52, 0x92, 0x5A, 0x72, 0x56, 0x0E, 0x4A, 0xAC, 0x3D, 0x27, 0x2D, 0x08, 0x29, 
    0x27, 0x2D, 0x0F, 0x46, 0x71, 0x56, 0xED, 0x41, 0xAA, 0x3D, 0xA9, 0x39, 0xEA, 0x41, 0xEA, 0x3D, 
    0x0A, 0x42, 0x2B, 0x46, 0x2A, 0x42, 0x0A, 0x42, 0x09, 0x3E, 0xEA, 0x3D, 0x09, 0x3E, 0x0B, 0x3E, 
    0x2D, 0x42, 0x2E, 0x3E, 0x2E, 0x42, 0xEB, 0x39, 0x0B, 0x3A, 0x2E, 0x3E, 0x4E, 0x42, 0x4E, 0x42, 
    0x6E, 0x46, 0x4F, 0x46, 0x71, 0x4A, 0x75, 0x4A, 0xB7, 0x52, 0xB8, 0x52, 0xD7, 0x52, 0xB7, 0x52, 
    0xD8, 0x56, 0xD8, 0x52, 0xD8, 0x56, 0xD9, 0x56, 0xD9, 0x56, 0xB8, 0x4E, 0x95, 0x4A, 0x76, 0x4A, 
    0xB7, 0x52, 0x75, 0x4A, 0x52, 0x46, 0x53, 0x46, 0x51, 0x46, 0x2F, 0x42, 0xEB, 0x3D, 0xEB, 0x39, 
    0xEA, 0x3D, 0xEB, 0x3D, 0xEB, 0x3D, 0x0E, 0x42, 0x2F, 0x46, 0x51, 0x46, 0x95, 0x4E, 0xB9, 0x52, 
    0xB7, 0x52, 0x55, 0x46, 0x74, 0x4A, 0x96, 0x4E, 0x95, 0x4E, 0x96, 0x4E, 0x96, 0x4E, 0x75, 0x4A, 
    0x74, 0x4A, 0x76, 0x4A, 0xD8, 0x52, 0xB9, 0x52, 0xD9, 0x56, 0xDA, 0x52, 0xFA, 0x56, 0xFA, 0x56, 
    0xF9, 0x56, 0xD9, 0x52, 0xD7, 0x52, 0xB8, 0x52, 0xD7, 0x56, 0xD8, 0x52, 0xD8, 0x56, 0xB8, 0x52, 
    0xD7, 0x52, 0xB6, 0x52, 0xD4, 0x52, 0x92, 0x4A, 0x90, 0x4A, 0x92, 0x4E, 0xB4, 0x52, 0xB8, 0x56, 
    0xD8, 0x56, 0xB9, 0x52, 0xD8, 0x52, 0xB6, 0x4E, 0x91, 0x4A, 0xD7, 0x52, 0x3C, 0x63, 0x5E, 0x63, 
    0x93, 0x52, 0x91, 0x52, 0x51, 0x4A, 0x4F, 0x4A, 0x0F, 0x42, 0x0D, 0x42, 0xED, 0x3D, 0xED, 0x41, 
    0xEE, 0x3D, 0x0F, 0x42, 0x11, 0x46, 0x32, 0x4A, 0x33, 0x4A, 0x53, 0x4E, 0x54, 0x4E, 0x75, 0x4E, 
    0x75, 0x4E, 0x75, 0x4E, 0x76, 0x4A, 0x75, 0x4E, 0x34, 0x4A, 0x32, 0x46, 0x12, 0x42, 0x10, 0x42, 
    0xEE, 0x39, 0xCC, 0x39, 0xAB, 0x35, 0xCA, 0x35, 0xCA, 0x35, 0xC9, 0x39, 0xC9, 0x35, 0x0B, 0x3E, 
    0x50, 0x42, 0x73, 0x46, 0x53, 0x42, 0x30, 0x42, 0x10, 0x3E, 0x0E, 0x3E, 0xEC, 0x39, 0xEB, 0x39, 
    0xEC, 0x39, 0x30, 0x42, 0x54, 0x42, 0x55, 0x46, 0x77, 0x4A, 0x98, 0x4E, 0xB8, 0x4E, 0xF8, 0x56, 
    0xFA, 0x56, 0x1C, 0x5F, 0x1D, 0x5F, 0x1B, 0x5B, 0xD9, 0x52, 0xD8, 0x56, 0xD9, 0x56, 0xF9, 0x56, 
    0xD9, 0x52, 0xD8, 0x52, 0xDA, 0x56, 0xFB, 0x5A, 0x1C, 0x5B, 0x3D, 0x5F, 0x3E, 0x5F, 0x5D, 0x63, 
    0x7F, 0x63, 0x7E, 0x67, 0x7E, 0x63, 0x7E, 0x63, 0x5E, 0x5F, 0x5D, 0x5F, 0x3E, 0x5B, 0x3D, 0x5F, 
    0x1D, 0x5B, 0x3D, 0x5F, 0x3D, 0x5B, 0x3D, 0x5F, 0x3E, 0x5B, 0x5E, 0x63, 0x5E, 0x63, 0x7E, 0x67, 
    0xB8, 0x56, 0x6C, 0x31, 0x8E, 0x35, 0xF8, 0x62, 0xB7, 0x5A, 0x6C, 0x31, 0x6C, 0x31, 0x94, 0x56, 
    0xB6, 0x5A, 0x94, 0x56, 0xD0, 0x3D, 0x09, 0x29, 0x2A, 0x29, 0xCE, 0x3D, 0xF1, 0x41, 0x74, 0x52, 
    0x12, 0x46, 0x09, 0x25, 0xF1, 0x41, 0xD6, 0x5E, 0xF0, 0x41, 0x8C, 0x39, 0x54, 0x52, 0x94, 0x56, 
    0xAF, 0x39, 0x31, 0x4A, 0x74, 0x52, 0x10, 0x4A, 0x6C, 0x35, 0x4A, 0x31, 0x8D, 0x39, 0x4A, 0x31, 
    0x29, 0x2D, 0x6B, 0x35, 0xC7, 0x24, 0xE6, 0x24, 0x96, 0x56, 0x19, 0x67, 0x19, 0x67, 0x74, 0x52, 
    0xCF, 0x41, 0xAD, 0x3D, 0xC7, 0x24, 0xE7, 0x24, 0xE8, 0x28, 0x4B, 0x35, 0xCF, 0x41, 0x32, 0x4E, 
    0x54, 0x52, 0xAD, 0x3D, 0xF0, 0x45, 0x6B, 0x39, 0x29, 0x31, 0xE6, 0x24, 0xC6, 0x24, 0xC5, 0x24, 
    0x08, 0x29, 0xEE, 0x45, 0x8D, 0x3D, 0xCD, 0x45, 0x4A, 0x35, 0x28, 0x31, 0x08, 0x31, 0x6A, 0x3D, 
    0x29, 0x35, 0x8A, 0x41, 0x51, 0x56, 0x50, 0x56, 0x0F, 0x4E, 0xCC, 0x45, 0xEE, 0x49, 0x2F, 0x52, 
    0x30, 0x52, 0x50, 0x56, 0x51, 0x56, 0x71, 0x56, 0x10, 0x4E, 0x8B, 0x3D, 0x07, 0x29, 0x27, 0x2D, 
    0xE7, 0x24, 0x49, 0x31, 0x30, 0x4A, 0x2F, 0x52, 0xCC, 0x41, 0xCA, 0x3D, 0xCA, 0x3D, 0xEA, 0x41, 
    0xEA, 0x41, 0x0A, 0x46, 0xEA, 0x3D, 0x2A, 0x46, 0xEA, 0x3D, 0x09, 0x42, 0xEA, 0x39, 0xE9, 0x3D, 
    0xC9, 0x35, 0xC8, 0x39, 0xCB, 0x39, 0xEB, 0x39, 0xEC, 0x39, 0x2D, 0x42, 0x0D, 0x3E, 0x2B, 0x42, 
    0x2E, 0x42, 0x4E, 0x46, 0x51, 0x46, 0x94, 0x4E, 0x97, 0x4E, 0xB7, 0x52, 0x97, 0x4E, 0xB7, 0x52, 
    0xB8, 0x52, 0xD8, 0x56, 0xB8, 0x52, 0xD8, 0x56, 0xB9, 0x52, 0xB7, 0x52, 0x75, 0x46, 0x74, 0x4A, 
    0x76, 0x4A, 0x73, 0x4A, 0x30, 0x42, 0x30, 0x46, 0x30, 0x42, 0x0D, 0x42, 0xCB, 0x39, 0xEA, 0x3D, 
    0xCB, 0x39, 0xCA, 0x3D, 0xCB, 0x3D, 0x0D, 0x42, 0x0F, 0x42, 0x30, 0x46, 0x75, 0x4A, 0xD9, 0x56, 
    0xB9, 0x56, 0x75, 0x4A, 0x33, 0x46, 0x73, 0x4E, 0x74, 0x4A, 0x96, 0x4E, 0x98, 0x52, 0x96, 0x4E, 
    0x76, 0x4E, 0xB9, 0x56, 0xDB, 0x56, 0xDA, 0x56, 0xBA, 0x52, 0xD9, 0x56, 0xDA, 0x52, 0xFA, 0x56, 
    0xDA, 0x56, 0xD9, 0x56, 0xB9, 0x56, 0xD8, 0x56, 0xD9, 0x56, 0xD9, 0x5A, 0xD9, 0x56, 0xD8, 0x56, 
    0x97, 0x52, 0xB6, 0x52, 0x94, 0x4E, 0x70, 0x4A, 0x50, 0x46, 0x72, 0x4E, 0x96, 0x52, 0xD9, 0x56, 
    0xB9, 0x56, 0xD8, 0x56, 0xB8, 0x52, 0x93, 0x4E, 0x72, 0x4A, 0xD7, 0x56, 0x1D, 0x63, 0x3D, 0x67, 
    0xB2, 0x52, 0x92, 0x4E, 0x70, 0x4A, 0x4F, 0x46, 0x2E, 0x46, 0x0E, 0x42, 0x0D, 0x42, 0xED, 0x3D, 
    0x0D, 0x3E, 0xEE, 0x3D, 0x0F, 0x42, 0x31, 0x46, 0x51, 0x4A, 0x52, 0x4A, 0x73, 0x4A, 0x74, 0x4A, 
    0x74, 0x4E, 0x75, 0x4A, 0x75, 0x4E, 0x55, 0x4A, 0x73, 0x4A, 0x33, 0x46, 0x31, 0x42, 0x10, 0x3E, 
    0x0E, 0x3E, 0xED, 0x39, 0xCB, 0x39, 0xCA, 0x35, 0xE9, 0x39, 0xC9, 0x35, 0xE9, 0x35, 0xEA, 0x35, 
    0x4D, 0x3E, 0x50, 0x42, 0x50, 0x42, 0x2F, 0x3E, 0x2E, 0x3E, 0x0D, 0x3A, 0xEB, 0x39, 0xEC, 0x35, 
    0x2F, 0x3E, 0x53, 0x3E, 0x74, 0x42, 0x76, 0x42, 0x97, 0x4A, 0x98, 0x4A, 0xB7, 0x4E, 0xD8, 0x52, 
    0x19, 0x5B, 0x1C, 0x5B, 0x3C, 0x5F, 0x1B, 0x57, 0xF9, 0x52, 0xD9, 0x52, 0xF9, 0x56, 0xF9, 0x52, 
    0xF8, 0x52, 0xD8, 0x4E, 0xF9, 0x56, 0xFB, 0x56, 0x1B, 0x5B, 0x3D, 0x5B, 0x5D, 0x5F, 0x5E, 0x5F, 
    0x9E, 0x67, 0x9F, 0x67, 0x9E, 0x67, 0x7E, 0x63, 0x7D, 0x63, 0x5D, 0x5F, 0x5D, 0x5F, 0x3D, 0x5B, 
    0x5D, 0x5B, 0x3D, 0x5B, 0x5D, 0x5B, 0x3D, 0x5B, 0x5D, 0x5F, 0x7E, 0x5F, 0x9E, 0x63, 0x7E, 0x63, 
    0x95, 0x52, 0x4B, 0x2D, 0x52, 0x4A, 0x19, 0x63, 0x73, 0x4E, 0x4B, 0x29, 0x6B, 0x31, 0x52, 0x4E, 
    0xB4, 0x56, 0xF8, 0x5E, 0x53, 0x4E, 0x2A, 0x29, 0x4A, 0x2D, 0x10, 0x42, 0x52, 0x4E, 0x74, 0x4E, 
    0x8C, 0x31, 0xE7, 0x1C, 0x30, 0x46, 0x74, 0x52, 0x6B, 0x31, 0xAE, 0x39, 0x52, 0x4E, 0x52, 0x4A, 
    0xCE, 0x39, 0x53, 0x4A, 0xD6, 0x5A, 0x31, 0x4A, 0x29, 0x2D, 0x4A, 0x2D, 0x0F, 0x46, 0x8C, 0x35, 
    0x28, 0x2D, 0x4A, 0x2D, 0xE6, 0x24, 0xE7, 0x24, 0xB5, 0x56, 0xB6, 0x56, 0xD6, 0x5E, 0xF0, 0x41, 
    0x8B, 0x39, 0x4A, 0x31, 0x4A, 0x31, 0x8C, 0x35, 0x30, 0x4A, 0x74, 0x52, 0xB5, 0x56, 0x73, 0x4E, 
    0x51, 0x4E, 0x29, 0x2D, 0x49, 0x31, 0x4A, 0x31, 0x06, 0x29, 0xC5, 0x20, 0x06, 0x29, 0x07, 0x25, 
    0x49, 0x31, 0xAD, 0x3D, 0x6A, 0x35, 0x49, 0x31, 0x48, 0x31, 0x07, 0x29, 0x27, 0x2D, 0xAC, 0x41, 
    0x0E, 0x4E, 0x30, 0x52, 0x91, 0x5A, 0x71, 0x56, 0x2F, 0x52, 0xEE, 0x49, 0xED, 0x45, 0x0E, 0x4A, 
    0x2E, 0x52, 0x0E, 0x4E, 0x4F, 0x56, 0x0E, 0x4A, 0xAB, 0x3D, 0x07, 0x29, 0x48, 0x31, 0x28, 0x2D, 
    0x06, 0x25, 0xE6, 0x20, 0xAA, 0x39, 0x30, 0x4E, 0x0D, 0x46, 0xEB, 0x3D, 0xC9, 0x39, 0xEA, 0x3D, 
    0x0A, 0x42, 0x0B, 0x42, 0x0A, 0x42, 0x0A, 0x42, 0x09, 0x42, 0xE9, 0x39, 0xE8, 0x39, 0xC8, 0x35, 
    0xC7, 0x35, 0xA7, 0x31, 0xE9, 0x35, 0x0D, 0x3E, 0x0A, 0x3A, 0x0B, 0x3A, 0x0A, 0x3A, 0x2B, 0x3E, 
    0x4C, 0x42, 0x4E, 0x42, 0x71, 0x4A, 0x95, 0x4A, 0xB5, 0x4E, 0x96, 0x4A, 0xB5, 0x4E, 0x96, 0x4A, 
    0xB6, 0x52, 0xB8, 0x52, 0xD8, 0x52, 0xD9, 0x52, 0xD8, 0x52, 0x97, 0x4A, 0x73, 0x4A, 0x53, 0x46, 
    0x72, 0x46, 0x30, 0x42, 0x2D, 0x42, 0x0D, 0x3E, 0x0D, 0x42, 0xEC, 0x3D, 0xEA, 0x3D, 0xCA, 0x39, 
    0xEA, 0x3D, 0xCA, 0x39, 0xEA, 0x39, 0xEC, 0x3D, 0x0D, 0x42, 0x0E, 0x3E, 0x93, 0x4A, 0xD9, 0x52, 
    0xD9, 0x56, 0x75, 0x46, 0x50, 0x42, 0x72, 0x46, 0x93, 0x4A, 0x96, 0x4E, 0xD7, 0x52, 0xB8, 0x52, 
    0xD9, 0x56, 0xFB, 0x56, 0x1B, 0x5B, 0xFB, 0x56, 0xFA, 0x56, 0xD9, 0x52, 0xF9, 0x52, 0xDA, 0x52, 
    0x1A, 0x5B, 0xFA, 0x56, 0xF9, 0x56, 0xDA, 0x56, 0xF9, 0x56, 0xD9, 0x56, 0xF9, 0x56, 0xB8, 0x52, 
    0xB7, 0x52, 0x96, 0x4E, 0x93, 0x4E, 0x6F, 0x46, 0x6E, 0x46, 0x73, 0x4A, 0xB6, 0x52, 0xB8, 0x52, 
    0xD8, 0x56, 0xB8, 0x52, 0xB6, 0x4E, 0x73, 0x46, 0x91, 0x4A, 0xD7, 0x52, 0x3B, 0x5F, 0x1C, 0x5F, 
    0x93, 0x52, 0x92, 0x52, 0x71, 0x4A, 0x4F, 0x4A, 0x2F, 0x42, 0x0E, 0x42, 0xEE, 0x3D, 0xED, 0x41, 
    0xEE, 0x3D, 0xEE, 0x3D, 0xEF, 0x3D, 0x0F, 0x46, 0x11, 0x46, 0x52, 0x4A, 0x53, 0x4A, 0x73, 0x4E, 
    0x55, 0x4A, 0x75, 0x4E, 0x55, 0x4A, 0x54, 0x4E, 0x54, 0x4A, 0x53, 0x4A, 0x32, 0x42, 0x10, 0x42, 
    0xF0, 0x3D, 0xEE, 0x3D, 0xCC, 0x39, 0xCA, 0x39, 0xCA, 0x35, 0xE9, 0x39, 0xEA, 0x35, 0x0A, 0x3A, 
    0x0E, 0x3E, 0x2F, 0x42, 0x2F, 0x3E, 0x2E, 0x3E, 0x0E, 0x3A, 0xEC, 0x39, 0xED, 0x39, 0x2F, 0x3E, 
    0x53, 0x3E, 0x75, 0x46, 0x56, 0x42, 0x76, 0x46, 0x97, 0x4A, 0x96, 0x4A, 0xB7, 0x4A, 0xF8, 0x56, 
    0xFA, 0x56, 0x1C, 0x5F, 0x1D, 0x5B, 0x1B, 0x5B, 0xDA, 0x56, 0xF9, 0x56, 0xFA, 0x56, 0xF9, 0x56, 
    0xD8, 0x52, 0xD8, 0x52, 0xDA, 0x52, 0x1B, 0x5B, 0x1C, 0x5B, 0x3C, 0x5F, 0x3E, 0x5F, 0x5E, 0x63, 
    0x7E, 0x63, 0x9E, 0x67, 0x7F, 0x67, 0x7E, 0x67, 0x5E, 0x63, 0x5D, 0x63, 0x3D, 0x5B, 0x3D, 0x5F, 
    0x3D, 0x5B, 0x3D, 0x5B, 0x3E, 0x5B, 0x5D, 0x5F, 0x5E, 0x5F, 0x7E, 0x63, 0x7F, 0x63, 0x7D, 0x67, 
    0x12, 0x46, 0xAD, 0x39, 0xD7, 0x5A, 0x95, 0x56, 0x33, 0x4A, 0x4B, 0x31, 0x2A, 0x29, 0x0F, 0x46, 
    0xD8, 0x5E, 0xD7, 0x5E, 0x75, 0x52, 0x8D, 0x35, 0x2A, 0x29, 0x10, 0x4A, 0x32, 0x4A, 0x8D, 0x35, 
    0xC7, 0x1C, 0x08, 0x25, 0x6C, 0x31, 0x6B, 0x31, 0x2A, 0x29, 0xCE, 0x3D, 0x8D, 0x35, 0xAE, 0x3D, 
    0x6C, 0x31, 0x73, 0x4E, 0xD7, 0x5A, 0x52, 0x4E, 0x4A, 0x31, 0xCD, 0x41, 0x73, 0x52, 0xCD, 0x3D, 
    0x6B, 0x31, 0xAC, 0x3D, 0xE7, 0x24, 0x49, 0x31, 0x94, 0x56, 0x30, 0x4A, 0x11, 0x46, 0x6A, 0x31, 
    0x09, 0x2D, 0x8C, 0x39, 0x53, 0x52, 0xB5, 0x5A, 0xB7, 0x5E, 0xF7, 0x62, 0xF8, 0x62, 0x93, 0x56, 
    0x8C, 0x39, 0x07, 0x29, 0x08, 0x29, 0x08, 0x2D, 0xC6, 0x20, 0x28, 0x2D, 0x6B, 0x35, 0x4A, 0x31, 
    0x6C, 0x35, 0x6B, 0x39, 0x6C, 0x35, 0x8B, 0x39, 0x09, 0x2D, 0x07, 0x29, 0x07, 0x2D, 0x8A, 0x3D, 
    0xB4, 0x5E, 0xD5, 0x66, 0xB4, 0x62, 0x51, 0x5A, 0xCD, 0x45, 0xED, 0x45, 0xAC, 0x3D, 0xCB, 0x45, 
    0xCC, 0x45, 0x89, 0x3D, 0xED, 0x49, 0x89, 0x39, 0x28, 0x31, 0x27, 0x31, 0x49, 0x35, 0x27, 0x2D, 
    0xE7, 0x28, 0xC5, 0x20, 0x49, 0x31, 0x0E, 0x46, 0x2F, 0x4A, 0xCA, 0x3D, 0xA9, 0x39, 0xEA, 0x41, 
    0xEB, 0x3D, 0x0A, 0x42, 0xEA, 0x3D, 0x0A, 0x42, 0xEA, 0x3D, 0x09, 0x3E, 0xC9, 0x39, 0xC7, 0x39, 
    0xA7, 0x35, 0xA6, 0x35, 0xC9, 0x35, 0x0C, 0x3E, 0xEA, 0x35, 0xE8, 0x39, 0xE9, 0x39, 0x2A, 0x3E, 
    0x2C, 0x3E, 0x4D, 0x42, 0x52, 0x46, 0x94, 0x4E, 0x95, 0x4E, 0x94, 0x4E, 0x95, 0x4E, 0x95, 0x4E, 
    0x97, 0x4E, 0xB7, 0x52, 0xB8, 0x52, 0xD8, 0x56, 0xB9, 0x52, 0x96, 0x4E, 0x54, 0x46, 0x52, 0x46, 
    0x31, 0x46, 0x2E, 0x42, 0xEC, 0x3D, 0xEB, 0x3D, 0xEB, 0x3D, 0xEB, 0x3D, 0xCB, 0x39, 0xEA, 0x3D, 
    0xCB, 0x3D, 0xCA, 0x3D, 0xCA, 0x39, 0xEB, 0x3D, 0xED, 0x3D, 0x0D, 0x42, 0x53, 0x46, 0xD8, 0x52, 
    0xB9, 0x52, 0x75, 0x4A, 0x0F, 0x3E, 0x50, 0x46, 0x73, 0x4A, 0xB6, 0x4E, 0xB9, 0x52, 0xFA, 0x56, 
    0xFB, 0x56, 0x1C, 0x5B, 0x1C, 0x5B, 0x3C, 0x5F, 0x1C, 0x5B, 0x1B, 0x5B, 0xFB, 0x56, 0xFA, 0x56, 
    0xFB, 0x56, 0xFA, 0x5A, 0xDB, 0x56, 0xFA, 0x5A, 0xDA, 0x56, 0xF9, 0x5A, 0xDA, 0x56, 0xD8, 0x56, 
    0x98, 0x52, 0x96, 0x52, 0x74, 0x4A, 0x6F, 0x46, 0x4F, 0x46, 0x94, 0x4E, 0x97, 0x4E, 0xD8, 0x56, 
    0xB9, 0x56, 0xB8, 0x56, 0x96, 0x4E, 0x92, 0x4A, 0x51, 0x46, 0xB6, 0x52, 0x1C, 0x5F, 0x1B, 0x5F, 
    0x92, 0x52, 0x72, 0x4E, 0x70, 0x4E, 0x2F, 0x46, 0x2E, 0x46, 0x0E, 0x42, 0x0E, 0x42, 0xEF, 0x3D, 
    0x0E, 0x42, 0xEE, 0x3D, 0xEE, 0x3D, 0xEF, 0x3D, 0x0F, 0x46, 0x31, 0x46, 0x52, 0x4A, 0x53, 0x4A, 
    0x53, 0x4E, 0x55, 0x4A, 0x74, 0x4E, 0x54, 0x4A, 0x53, 0x4A, 0x33, 0x46, 0x32, 0x46, 0x11, 0x42, 
    0x0F, 0x42, 0xEE, 0x3D, 0xEC, 0x3D, 0xCB, 0x39, 0xEA, 0x39, 0xEA, 0x35, 0xEA, 0x39, 0xEC, 0x39, 
    0x2D, 0x3E, 0x0F, 0x3E, 0x2E, 0x3E, 0x0E, 0x3A, 0x0C, 0x3A, 0xEC, 0x35, 0x0D, 0x3E, 0x53, 0x42, 
    0x75, 0x46, 0x76, 0x42, 0x76, 0x46, 0x77, 0x46, 0x96, 0x4A, 0x76, 0x46, 0xB6, 0x4E, 0xD8, 0x52, 
    0xFA, 0x56, 0x1C, 0x5B, 0x1C, 0x5B, 0xFB, 0x56, 0xFA, 0x56, 0xFB, 0x56, 0x1A, 0x5B, 0xDA, 0x52, 
    0xD8, 0x52, 0xD8, 0x52, 0xF9, 0x56, 0xFB, 0x56, 0x1B, 0x5B, 0x1D, 0x5B, 0x5D, 0x5F, 0x5E, 0x5F, 
    0x7E, 0x63, 0x7E, 0x63, 0x9E, 0x67, 0x7E, 0x63, 0x7E, 0x63, 0x5E, 0x5F, 0x5D, 0x5F, 0x3D, 0x5B, 
    0x5D, 0x5F, 0x3D, 0x5B, 0x5D, 0x5F, 0x5E, 0x5F, 0x7D, 0x5F, 0x7E, 0x5F, 0x9E, 0x67, 0x5D, 0x63, 
    0xEF, 0x3D, 0x32, 0x46, 0x18, 0x63, 0x53, 0x4A, 0x53, 0x4E, 0x4B, 0x2D, 0x28, 0x29, 0x52, 0x4E, 
    0x18, 0x67, 0xD8, 0x5E, 0x94, 0x56, 0xAE, 0x39, 0x28, 0x29, 0x6C, 0x31, 0x6B, 0x31, 0xAF, 0x39, 
    0x08, 0x25, 0x09, 0x25, 0x49, 0x29, 0x29, 0x25, 0x29, 0x29, 0xF0, 0x41, 0x6B, 0x31, 0xAE, 0x39, 
    0xCE, 0x39, 0x33, 0x46, 0xD6, 0x5A, 0x31, 0x46, 0xAC, 0x3D, 0x10, 0x46, 0x93, 0x56, 0x8C, 0x35, 
    0xAC, 0x39, 0x8C, 0x35, 0x07, 0x29, 0x29, 0x2D, 0x4A, 0x31, 0x4B, 0x31, 0x6A, 0x31, 0xC7, 0x20, 
    0x29, 0x2D, 0x74, 0x52, 0x18, 0x67, 0x19, 0x67, 0x39, 0x67, 0x19, 0x63, 0xD6, 0x5E, 0xCE, 0x3D, 
    0x8B, 0x39, 0x29, 0x2D, 0x07, 0x29, 0xE7, 0x24, 0x29, 0x2D, 0x6B, 0x35, 0xCD, 0x41, 0x6C, 0x35, 
    0xAD, 0x3D, 0xCF, 0x41, 0x10, 0x4A, 0x11, 0x4A, 0xAC, 0x3D, 0xE7, 0x28, 0x28, 0x31, 0xCD, 0x45, 
    0xD5, 0x62, 0xB4, 0x5E, 0xD4, 0x66, 0x71, 0x56, 0xCC, 0x45, 0xCD, 0x41, 0x69, 0x39, 0x6A, 0x39, 
    0xAA, 0x3D, 0x48, 0x35, 0x47, 0x31, 0x27, 0x2D, 0x47, 0x31, 0x27, 0x2D, 0x68, 0x35, 0x07, 0x29, 
    0x06, 0x29, 0xE7, 0x24, 0x48, 0x2D, 0xEE, 0x41, 0x4F, 0x4E, 0xCB, 0x39, 0xEB, 0x41, 0xA9, 0x39, 
    0x2B, 0x46, 0xEA, 0x3D, 0x09, 0x42, 0x0A, 0x42, 0x09, 0x42, 0xE9, 0x39, 0xE8, 0x39, 0xA7, 0x31, 
    0xC6, 0x35, 0xA6, 0x31, 0xC7, 0x35, 0xC9, 0x35, 0xE7, 0x35, 0xC7, 0x35, 0xE8, 0x39, 0x0A, 0x3E, 
    0x2A, 0x3E, 0x2E, 0x42, 0x71, 0x4A, 0x74, 0x4A, 0x93, 0x4E, 0x74, 0x4A, 0x94, 0x4E, 0x95, 0x4A, 
    0x96, 0x4E, 0x97, 0x4E, 0xB7, 0x52, 0xB8, 0x52, 0xB7, 0x52, 0x76, 0x4A, 0x73, 0x46, 0x53, 0x46, 
    0x4F, 0x46, 0x0D, 0x3E, 0xEB, 0x3D, 0xEB, 0x39, 0xEA, 0x3D, 0xCB, 0x39, 0xEA, 0x3D, 0xCB, 0x3D, 
    0xEA, 0x3D, 0xCA, 0x39, 0xCA, 0x3D, 0xCB, 0x39, 0x0C, 0x42, 0x0E, 0x3E, 0x51, 0x46, 0x95, 0x4A, 
    0xB6, 0x4E, 0x54, 0x46, 0x0C, 0x3E, 0x0D, 0x3E, 0x70, 0x46, 0x95, 0x4E, 0xD8, 0x56, 0xFB, 0x56, 
    0x1B, 0x5B, 0x1C, 0x5B, 0x3C, 0x5F, 0x3D, 0x5F, 0x5D, 0x63, 0x3C, 0x5F, 0x1B, 0x5B, 0xFB, 0x56, 
    0x1A, 0x5B, 0xFB, 0x56, 0xFB, 0x5A, 0xFB, 0x5A, 0xFA, 0x5A, 0xDA, 0x56, 0xF9, 0x56, 0xD9, 0x56, 
    0xB7, 0x52, 0x96, 0x4E, 0x93, 0x4E, 0x4F, 0x46, 0x6E, 0x46, 0x74, 0x4A, 0x96, 0x4E, 0xB8, 0x52, 
    0xD8, 0x56, 0xB7, 0x52, 0xB5, 0x4E, 0x72, 0x4A, 0x4E, 0x46, 0x94, 0x4E, 0x1A, 0x5B, 0xDA, 0x56, 
    0x72, 0x4E, 0x71, 0x4E, 0x51, 0x4A, 0x4F, 0x4A, 0x30, 0x46, 0x2F, 0x46, 0x10, 0x42, 0x10, 0x42, 
    0xF0, 0x41, 0xEF, 0x41, 0xCF, 0x3D, 0xEE, 0x3D, 0xEF, 0x3D, 0x10, 0x46, 0x12, 0x46, 0x32, 0x4A, 
    0x33, 0x4A, 0x53, 0x4E, 0x54, 0x4A, 0x54, 0x4E, 0x34, 0x4A, 0x53, 0x4A, 0x32, 0x46, 0x10, 0x46, 
    0xF0, 0x41, 0x0F, 0x42, 0xEE, 0x3D, 0xEC, 0x3D, 0xEC, 0x39, 0xEB, 0x39, 0xEC, 0x39, 0x0D, 0x3E, 
    0x0E, 0x3E, 0x0F, 0x3E, 0x0F, 0x3A, 0x0E, 0x3E, 0xCC, 0x35, 0xEB, 0x39, 0x0F, 0x3E, 0x75, 0x46, 
    0x78, 0x46, 0x77, 0x4A, 0x77, 0x4A, 0x97, 0x4A, 0x77, 0x46, 0x76, 0x46, 0x97, 0x4A, 0xD8, 0x56, 
    0xDA, 0x56, 0xFB, 0x5A, 0xFC, 0x5A, 0xFB, 0x5A, 0xFB, 0x56, 0x1B, 0x5B, 0xFC, 0x56, 0xFA, 0x56, 
    0xD9, 0x52, 0xD8, 0x52, 0xDA, 0x56, 0xFB, 0x5A, 0xFC, 0x5A, 0x1C, 0x5F, 0x3D, 0x5F, 0x5D, 0x63, 
    0x5E, 0x63, 0x7E, 0x67, 0x7F, 0x63, 0x7E, 0x67, 0x5E, 0x63, 0x5E, 0x63, 0x3E, 0x5F, 0x3D, 0x5F, 
    0x3E, 0x5B, 0x3D, 0x5F, 0x3E, 0x5F, 0x7E, 0x63, 0x5E, 0x5F, 0x7E, 0x63, 0x7F, 0x63, 0x5C, 0x63, 
    0xD0, 0x3D, 0xB5, 0x5A, 0x19, 0x63, 0x95, 0x56, 0x12, 0x4A, 0x8C, 0x35, 0x4B, 0x2D, 0x51, 0x52, 
    0xF9, 0x66, 0xF8, 0x62, 0x12, 0x4A, 0x29, 0x29, 0x09, 0x29, 0x29, 0x2D, 0xD0, 0x3D, 0xB6, 0x5A, 
    0xAF, 0x3D, 0x09, 0x29, 0x2A, 0x29, 0x08, 0x25, 0x09, 0x25, 0x10, 0x46, 0x6C, 0x31, 0x8C, 0x35, 
    0x8E, 0x39, 0x53, 0x4E, 0x96, 0x56, 0xAD, 0x39, 0xAE, 0x3D, 0xEF, 0x45, 0xCE, 0x3D, 0x4A, 0x31, 
    0x09, 0x29, 0xE6, 0x24, 0xE8, 0x28, 0x29, 0x2D, 0xE8, 0x24, 0x29, 0x2D, 0x2A, 0x2D, 0xC5, 0x20, 
    0xD0, 0x41, 0x18, 0x67, 0x19, 0x67, 0x3A, 0x6B, 0x19, 0x67, 0xB5, 0x5A, 0xD0, 0x41, 0x4A, 0x35, 
    0x6B, 0x35, 0x29, 0x2D, 0xA6, 0x20, 0x29, 0x31, 0xAF, 0x41, 0xCE, 0x41, 0xF0, 0x45, 0x32, 0x4E, 
    0x74, 0x52, 0xB5, 0x5A, 0xD7, 0x5E, 0xD7, 0x62, 0x95, 0x5A, 0x6A, 0x35, 0x4A, 0x35, 0x93, 0x5E, 
    0xD6, 0x66, 0x72, 0x5A, 0x52, 0x56, 0xCD, 0x45, 0x28, 0x31, 0x49, 0x35, 0x49, 0x31, 0x69, 0x35, 
    0x6A, 0x39, 0x89, 0x39, 0x28, 0x2D, 0x26, 0x2D, 0x07, 0x2D, 0xE5, 0x24, 0x49, 0x35, 0x69, 0x35, 
    0x49, 0x31, 0x49, 0x31, 0x29, 0x2D, 0xAB, 0x3D, 0x30, 0x4A, 0xCC, 0x41, 0x2F, 0x4A, 0xCA, 0x3D, 
    0xEB, 0x41, 0x0B, 0x42, 0x0B, 0x42, 0xC8, 0x3D, 0xC9, 0x3D, 0xE9, 0x3D, 0xC9, 0x39, 0xA6, 0x35, 
    0xA6, 0x31, 0xA5, 0x31, 0xA7, 0x31, 0xC7, 0x35, 0xA6, 0x35, 0xC7, 0x39, 0xE9, 0x39, 0x09, 0x3E, 
    0x0B, 0x3E, 0x4E, 0x46, 0x52, 0x4A, 0x72, 0x4E, 0x73, 0x4A, 0x73, 0x4E, 0x74, 0x4A, 0x94, 0x4E, 
    0x76, 0x4E, 0x96, 0x4E, 0x77, 0x4E, 0x96, 0x4E, 0x76, 0x4E, 0x74, 0x4A, 0x33, 0x46, 0x52, 0x46, 
    0x30, 0x46, 0x0D, 0x42, 0xED, 0x3D, 0xEB, 0x3D, 0xCB, 0x39, 0xCA, 0x3D, 0xCB, 0x39, 0xEA, 0x3D, 
    0xCB, 0x3D, 0xCA, 0x3D, 0xCB, 0x3D, 0xEB, 0x3D, 0xED, 0x3D, 0x0E, 0x42, 0x30, 0x42, 0x53, 0x46, 
    0x54, 0x46, 0x51, 0x46, 0xEC, 0x39, 0x0B, 0x3E, 0x2E, 0x42, 0x74, 0x4E, 0xB9, 0x52, 0xFA, 0x5A, 
    0xFC, 0x5A, 0x1C, 0x5F, 0x1D, 0x5F, 0x3D, 0x63, 0x3D, 0x63, 0x3D, 0x63, 0x1D, 0x5F, 0x3C, 0x5F, 
    0x1C, 0x5B, 0x1B, 0x5F, 0xFC, 0x5A, 0xFB, 0x5E, 0xFB, 0x5A, 0xFA, 0x5A, 0xD9, 0x56, 0xD8, 0x56, 
    0xB8, 0x52, 0x96, 0x52, 0x74, 0x4E, 0x4F, 0x4A, 0x4F, 0x46, 0x93, 0x4E, 0x96, 0x4E, 0xB6, 0x52, 
    0xB7, 0x52, 0xB6, 0x52, 0x94, 0x4E, 0x70, 0x4A, 0x2E, 0x42, 0x92, 0x4E, 0xD9, 0x52, 0xD8, 0x52, 
    0x92, 0x52, 0x71, 0x4A, 0x70, 0x4A, 0x50, 0x46, 0x50, 0x46, 0x31, 0x46, 0x30, 0x42, 0x10, 0x3E, 
    0x0F, 0x42, 0xEF, 0x3D, 0xEE, 0x3D, 0xCE, 0x39, 0xEE, 0x3D, 0xEF, 0x3D, 0x30, 0x46, 0x31, 0x46, 
    0x52, 0x4A, 0x53, 0x4A, 0x53, 0x4A, 0x53, 0x4A, 0x52, 0x4A, 0x32, 0x46, 0x31, 0x46, 0x11, 0x42, 
    0x2F, 0x42, 0x0F, 0x3E, 0x0E, 0x3E, 0x0D, 0x3A, 0x0D, 0x3E, 0xEC, 0x39, 0x0C, 0x3A, 0x0D, 0x3A, 
    0x2E, 0x3E, 0x0F, 0x3A, 0x0F, 0x3A, 0xEE, 0x39, 0xEB, 0x35, 0xCB, 0x35, 0x4F, 0x42, 0x97, 0x4A, 
    0xB8, 0x4E, 0x98, 0x4A, 0x97, 0x4A, 0x98, 0x46, 0x96, 0x46, 0x76, 0x46, 0xB6, 0x4A, 0xB8, 0x4E, 
    0xF9, 0x56, 0xDA, 0x52, 0xFB, 0x56, 0xFB, 0x56, 0x1B, 0x5B, 0x1C, 0x5B, 0x1B, 0x5B, 0xFA, 0x52, 
    0xD8, 0x52, 0xD8, 0x4E, 0xF9, 0x56, 0xFA, 0x56, 0x1B, 0x5B, 0x1C, 0x5B, 0x3C, 0x5F, 0x3D, 0x5F, 
    0x5D, 0x63, 0x5E, 0x63, 0x7D, 0x63, 0x7E, 0x63, 0x7E, 0x63, 0x5E, 0x5F, 0x5D, 0x5F, 0x3D, 0x5B, 
    0x5D, 0x5F, 0x3D, 0x5B, 0x7D, 0x5F, 0x7E, 0x5F, 0x7E, 0x63, 0x7E, 0x5F, 0x9E, 0x63, 0x3B, 0x5F, 
    0x10, 0x46, 0xF8, 0x5E, 0x39, 0x63, 0xD8, 0x5A, 0x52, 0x4E, 0xAE, 0x39, 0x49, 0x2D, 0x73, 0x56, 
    0x18, 0x67, 0x74, 0x52, 0x10, 0x46, 0x09, 0x25, 0x29, 0x29, 0x09, 0x25, 0x73, 0x52, 0xF9, 0x62, 
    0x74, 0x52, 0xE8, 0x20, 0x08, 0x25, 0xE7, 0x20, 0xE7, 0x20, 0x8C, 0x31, 0x6A, 0x2D, 0x2A, 0x29, 
    0x6B, 0x31, 0x32, 0x46, 0xB5, 0x56, 0xAE, 0x39, 0x6B, 0x35, 0x10, 0x46, 0x8B, 0x35, 0x49, 0x2D, 
    0xC4, 0x1C, 0xA4, 0x18, 0xE6, 0x20, 0x08, 0x25, 0x08, 0x29, 0x4A, 0x2D, 0x49, 0x2D, 0xC6, 0x1C, 
    0x73, 0x52, 0x39, 0x67, 0x39, 0x67, 0x5A, 0x6B, 0xF6, 0x5E, 0x11, 0x46, 0xCD, 0x41, 0x8D, 0x39, 
    0x69, 0x35, 0x28, 0x29, 0x28, 0x2D, 0xF0, 0x45, 0x72, 0x4E, 0x74, 0x4E, 0x94, 0x56, 0xB7, 0x5A, 
    0xF7, 0x62, 0xD7, 0x5E, 0xF7, 0x62, 0xF8, 0x62, 0x17, 0x63, 0xEF, 0x41, 0x48, 0x31, 0xD5, 0x62, 
    0xF5, 0x66, 0x51, 0x52, 0x8A, 0x3D, 0x28, 0x31, 0x27, 0x31, 0x28, 0x2D, 0x48, 0x31, 0x6A, 0x35, 
    0xAA, 0x39, 0x8A, 0x39, 0x89, 0x35, 0x48, 0x2D, 0xE5, 0x24, 0x83, 0x18, 0x48, 0x31, 0x8B, 0x39, 
    0xAA, 0x3D, 0x6A, 0x35, 0x06, 0x29, 0x8A, 0x31, 0x4F, 0x4E, 0xCC, 0x3D, 0x70, 0x52, 0x2E, 0x46, 
    0x0B, 0x42, 0xEA, 0x3D, 0x0A, 0x42, 0xA8, 0x35, 0xE7, 0x39, 0xE9, 0x39, 0xC8, 0x39, 0xA7, 0x31, 
    0xA5, 0x31, 0xA5, 0x31, 0xA5, 0x31, 0xC6, 0x31, 0xC5, 0x35, 0xC7, 0x35, 0xE8, 0x39, 0x09, 0x3A, 
    0x2A, 0x3E, 0x2E, 0x42, 0x70, 0x4A, 0x72, 0x4A, 0x91, 0x4A, 0x72, 0x4A, 0x72, 0x4A, 0x73, 0x4A, 
    0x73, 0x4A, 0x74, 0x4A, 0x74, 0x4A, 0x75, 0x46, 0x74, 0x4A, 0x32, 0x46, 0x30, 0x42, 0x10, 0x42, 
    0x2F, 0x42, 0x0D, 0x42, 0x0C, 0x42, 0xEC, 0x3D, 0xEA, 0x3D, 0xCB, 0x39, 0xEA, 0x3D, 0xCB, 0x39, 
    0xEA, 0x3D, 0xCB, 0x39, 0xEA, 0x3D, 0xEC, 0x3D, 0x0D, 0x42, 0x0E, 0x3E, 0x2F, 0x42, 0x52, 0x42, 
    0x51, 0x42, 0x2F, 0x3E, 0x0C, 0x3E, 0x0C, 0x3A, 0x2C, 0x42, 0x52, 0x46, 0xB7, 0x52, 0xDB, 0x56, 
    0x3C, 0x5F, 0x3D, 0x5F, 0x3C, 0x5F, 0x3D, 0x5F, 0x5D, 0x63, 0x3D, 0x5F, 0x5C, 0x63, 0x3D, 0x5F, 
    0x3C, 0x5F, 0x1C, 0x5B, 0x1B, 0x5B, 0xFB, 0x5A, 0x1A, 0x5B, 0xFA, 0x56, 0xD8, 0x56, 0xB8, 0x52, 
    0xB7, 0x56, 0x96, 0x52, 0x93, 0x4E, 0x50, 0x46, 0x4D, 0x46, 0x92, 0x4A, 0xB4, 0x4E, 0x95, 0x4E, 
    0xB5, 0x52, 0xB4, 0x4E, 0x91, 0x4E, 0x4F, 0x46, 0x2D, 0x42, 0x50, 0x46, 0xB5, 0x4E, 0x95, 0x4A, 
    0x93, 0x4E, 0x92, 0x4E, 0x51, 0x4A, 0x50, 0x4A, 0x51, 0x4A, 0x52, 0x4A, 0x32, 0x42, 0x11, 0x42, 
    0xF0, 0x3D, 0xEF, 0x41, 0xCF, 0x39, 0xCE, 0x39, 0xAE, 0x39, 0xEE, 0x3D, 0xF0, 0x41, 0x10, 0x46, 
    0x12, 0x46, 0x32, 0x4A, 0x32, 0x4A, 0x52, 0x4A, 0x32, 0x46, 0x31, 0x46, 0x12, 0x46, 0x30, 0x46, 
    0x10, 0x42, 0x0F, 0x42, 0xEF, 0x3D, 0x0F, 0x42, 0x0F, 0x3E, 0x0C, 0x3E, 0xED, 0x39, 0x2E, 0x3E, 
    0x10, 0x3E, 0x30, 0x3E, 0x11, 0x3A, 0x0E, 0x3E, 0xED, 0x39, 0xEC, 0x39, 0x53, 0x46, 0xB9, 0x52, 
    0xBA, 0x52, 0xB8, 0x4E, 0x99, 0x4E, 0xB8, 0x4E, 0x98, 0x4A, 0x96, 0x4A, 0x97, 0x4A, 0xB8, 0x4E, 
    0xB9, 0x52, 0xD9, 0x52, 0xDB, 0x52, 0xFB, 0x56, 0x1C, 0x5B, 0x3C, 0x5F, 0x1C, 0x5B, 0xFA, 0x56, 
    0xD9, 0x52, 0xD8, 0x52, 0xD9, 0x52, 0xFA, 0x56, 0xFB, 0x56, 0x1C, 0x5B, 0x1D, 0x5B, 0x3D, 0x63, 
    0x3D, 0x5F, 0x5D, 0x63, 0x5E, 0x63, 0x7E, 0x63, 0x7E, 0x63, 0x7E, 0x63, 0x3E, 0x5F, 0x5D, 0x5F, 
    0x3D, 0x5F, 0x5D, 0x5F, 0x5E, 0x5F, 0x7E, 0x63, 0x7E, 0x5F, 0x7E, 0x63, 0x7F, 0x63, 0xF9, 0x5A, 
    0x53, 0x4E, 0x19, 0x63, 0xF9, 0x5E, 0x95, 0x56, 0x12, 0x4A, 0x8D, 0x39, 0x4A, 0x31, 0xB3, 0x5E, 
    0xB6, 0x5A, 0x53, 0x4E, 0x33, 0x4A, 0x6C, 0x35, 0x0A, 0x29, 0x8C, 0x35, 0xB7, 0x5A, 0x3A, 0x67, 
    0xD8, 0x5E, 0x6C, 0x35, 0xC6, 0x1C, 0xC6, 0x20, 0xE8, 0x20, 0x29, 0x29, 0x09, 0x29, 0x08, 0x25, 
    0xAF, 0x39, 0x74, 0x52, 0x32, 0x46, 0x4B, 0x31, 0x2A, 0x29, 0x8C, 0x39, 0x6C, 0x35, 0x07, 0x25, 
    0x84, 0x18, 0xA5, 0x1C, 0xA5, 0x18, 0xE6, 0x20, 0x4A, 0x2D, 0xCE, 0x41, 0x29, 0x29, 0x08, 0x29, 
    0xD7, 0x5E, 0x39, 0x67, 0x3A, 0x67, 0x18, 0x67, 0x95, 0x56, 0x32, 0x4E, 0x96, 0x56, 0x95, 0x5A, 
    0xAF, 0x3D, 0x08, 0x2D, 0x4A, 0x31, 0x94, 0x56, 0xB7, 0x5A, 0xB6, 0x5E, 0xD7, 0x5E, 0x18, 0x67, 
    0xF9, 0x62, 0xF7, 0x5E, 0xD8, 0x5E, 0xF8, 0x62, 0xF8, 0x62, 0x31, 0x4E, 0xE7, 0x28, 0x93, 0x5A, 
    0xEF, 0x49, 0x8B, 0x3D, 0x4A, 0x35, 0x28, 0x35, 0x49, 0x35, 0xCC, 0x45, 0xCD, 0x45, 0xAA, 0x3D, 
    0xAC, 0x41, 0xAB, 0x3D, 0x8B, 0x39, 0x89, 0x39, 0xE6, 0x24, 0x62, 0x18, 0x49, 0x31, 0xAB, 0x3D, 
    0x6A, 0x39, 0xAB, 0x3D, 0x28, 0x2D, 0x48, 0x31, 0x0F, 0x46, 0x2F, 0x4A, 0xED, 0x41, 0x6F, 0x52, 
    0x2D, 0x4A, 0x0C, 0x46, 0xCA, 0x3D, 0xC7, 0x39, 0xA8, 0x39, 0xE9, 0x3D, 0xA8, 0x35, 0xC7, 0x35, 
    0x85, 0x31, 0xA5, 0x31, 0x85, 0x31, 0xC5, 0x31, 0xA6, 0x31, 0xC6, 0x35, 0xE8, 0x39, 0x09, 0x3E, 
    0x0B, 0x3E, 0x2D, 0x42, 0x50, 0x46, 0x50, 0x4A, 0x51, 0x46, 0x70, 0x4A, 0x50, 0x46, 0x50, 0x4A, 
    0x31, 0x46, 0x30, 0x46, 0x31, 0x46, 0x52, 0x4A, 0x32, 0x46, 0x10, 0x46, 0xEE, 0x3D, 0xED, 0x41, 
    0x0E, 0x42, 0x0D, 0x42, 0xED, 0x41, 0xEC, 0x41, 0xCC, 0x3D, 0xEB, 0x3D, 0xCB, 0x3D, 0xEB, 0x3D, 
    0xCB, 0x3D, 0xEB, 0x3D, 0xCB, 0x3D, 0xEC, 0x41, 0x0E, 0x42, 0x2E, 0x42, 0x30, 0x42, 0x50, 0x46, 
    0x2F, 0x3E, 0x2E, 0x3E, 0x0D, 0x3E, 0x2D, 0x42, 0x2F, 0x42, 0x53, 0x4A, 0x99, 0x4E, 0xFB, 0x5A, 
    0x3E, 0x5F, 0x3D, 0x63, 0x1D, 0x5F, 0x3D, 0x63, 0x3D, 0x5F, 0x3D, 0x63, 0x3D, 0x5F, 0x5D, 0x63, 
    0x3D, 0x5F, 0x3C, 0x63, 0x1C, 0x5F, 0x1B, 0x5B, 0xFB, 0x5A, 0xF9, 0x5A, 0xB8, 0x52, 0xB7, 0x52, 
    0xB6, 0x52, 0xB4, 0x52, 0x73, 0x4E, 0x4F, 0x4A, 0x2D, 0x42, 0x6F, 0x4A, 0x93, 0x4E, 0x94, 0x4E, 
    0x94, 0x4E, 0x92, 0x52, 0x51, 0x4A, 0x4E, 0x46, 0x2D, 0x42, 0x4E, 0x46, 0x93, 0x4E, 0x72, 0x4A, 
    0xB4, 0x52, 0x73, 0x4E, 0x72, 0x4E, 0x72, 0x4A, 0x72, 0x4A, 0x53, 0x46, 0x32, 0x46, 0x11, 0x42, 
    0x10, 0x42, 0xF0, 0x3D, 0xEE, 0x3D, 0xCE, 0x39, 0xCD, 0x39, 0xCE, 0x39, 0xEE, 0x3D, 0xF0, 0x3D, 
    0x10, 0x46, 0x11, 0x46, 0x31, 0x4A, 0x32, 0x46, 0x31, 0x46, 0x31, 0x46, 0x31, 0x46, 0x11, 0x42, 
    0x30, 0x42, 0x0F, 0x3E, 0x0E, 0x3E, 0x10, 0x3E, 0x0F, 0x3E, 0xED, 0x39, 0x0D, 0x3E, 0x2F, 0x3E, 
    0x31, 0x3E, 0x33, 0x3E, 0x31, 0x3E, 0x10, 0x3A, 0x0E, 0x3E, 0x0F, 0x3A, 0x95, 0x4A, 0xBA, 0x52, 
    0xDA, 0x52, 0xB9, 0x4E, 0xB9, 0x52, 0xB9, 0x4E, 0xB8, 0x4E, 0x97, 0x46, 0x96, 0x4A, 0xB8, 0x4E, 
    0xD9, 0x52, 0xB9, 0x4E, 0xD9, 0x52, 0xFB, 0x56, 0x1C, 0x5B, 0x1D, 0x5B, 0x1C, 0x5B, 0xFA, 0x56, 
    0xF8, 0x52, 0xD8, 0x4E, 0xD8, 0x52, 0xDA, 0x52, 0xFA, 0x56, 0xFC, 0x56, 0x3C, 0x5F, 0x3D, 0x5F, 
    0x5D, 0x5F, 0x5E, 0x5F, 0x7D, 0x63, 0x5E, 0x63, 0x7E, 0x63, 0x5E, 0x63, 0x5D, 0x63, 0x3D, 0x5B, 
    0x5D, 0x5F, 0x3E, 0x5B, 0x7D, 0x5F, 0x7E, 0x5F, 0x7E, 0x63, 0x7E, 0x5F, 0x7E, 0x63, 0xB8, 0x52, 
    0xB5, 0x56, 0xF9, 0x5E, 0xD6, 0x5A, 0xCF, 0x3D, 0x31, 0x4A, 0x6B, 0x31, 0xCD, 0x41, 0xB4, 0x5E, 
    0xD6, 0x5E, 0x96, 0x52, 0x95, 0x56, 0xCF, 0x3D, 0x29, 0x2D, 0x11, 0x42, 0x18, 0x63, 0x3B, 0x67, 
    0xD6, 0x5E, 0x6C, 0x31, 0xC6, 0x1C, 0xA6, 0x1C, 0xE7, 0x20, 0x2A, 0x29, 0x4A, 0x2D, 0x6B, 0x31, 
    0x31, 0x46, 0x74, 0x4E, 0x6B, 0x2D, 0x4B, 0x2D, 0xEF, 0x41, 0xCF, 0x3D, 0x28, 0x29, 0x84, 0x14, 
    0xA4, 0x1C, 0xA5, 0x1C, 0xC5, 0x20, 0xE8, 0x24, 0x8C, 0x39, 0x31, 0x4A, 0x49, 0x2D, 0x2A, 0x2D, 
    0x17, 0x63, 0x39, 0x67, 0x17, 0x63, 0xB6, 0x5A, 0xD6, 0x5E, 0x75, 0x52, 0xF8, 0x5E, 0xD8, 0x5E, 
    0x74, 0x52, 0x29, 0x2D, 0x07, 0x29, 0xB6, 0x5A, 0x18, 0x67, 0xF8, 0x5E, 0xF8, 0x62, 0xD7, 0x5E, 
    0xF7, 0x5E, 0xD7, 0x5A, 0xF7, 0x5E, 0xF8, 0x62, 0x18, 0x67, 0x73, 0x52, 0xE5, 0x28, 0x6A, 0x35, 
    0x06, 0x2D, 0x6A, 0x39, 0x69, 0x39, 0x28, 0x31, 0x8A, 0x3D, 0x0F, 0x4E, 0x71, 0x56, 0xCC, 0x41, 
    0x0E, 0x4A, 0xED, 0x45, 0xCB, 0x41, 0xAB, 0x3D, 0x27, 0x2D, 0x63, 0x18, 0x48, 0x31, 0xAC, 0x3D, 
    0xAB, 0x3D, 0x29, 0x2D, 0x06, 0x29, 0x07, 0x25, 0x89, 0x35, 0x0E, 0x42, 0xCB, 0x3D, 0x0D, 0x46, 
    0xCA, 0x3D, 0xEB, 0x41, 0xC9, 0x3D, 0xC8, 0x39, 0xE9, 0x3D, 0xC9, 0x39, 0xC8, 0x35, 0xA8, 0x35, 
    0xA5, 0x31, 0xA5, 0x31, 0xA4, 0x31, 0xA5, 0x31, 0xC5, 0x31, 0xC7, 0x35, 0xE8, 0x39, 0xE9, 0x39, 
    0x2B, 0x3E, 0x2D, 0x3E, 0x4E, 0x46, 0x50, 0x46, 0x70, 0x46, 0x50, 0x46, 0x4E, 0x46, 0x0E, 0x42, 
    0x0D, 0x42, 0xED, 0x3D, 0x0E, 0x42, 0x10, 0x42, 0x0F, 0x46, 0xCE, 0x3D, 0xCC, 0x3D, 0xCD, 0x3D, 
    0xED, 0x41, 0xED, 0x41, 0x0D, 0x42, 0xEC, 0x3D, 0xEB, 0x3D, 0xCB, 0x3D, 0xEA, 0x3D, 0xEB, 0x3D, 
    0xEB, 0x3D, 0xCB, 0x3D, 0xEA, 0x3D, 0x0E, 0x42, 0x50, 0x4A, 0x31, 0x42, 0x2F, 0x42, 0x0F, 0x3E, 
    0x0C, 0x3E, 0x0C, 0x3A, 0x2D, 0x3E, 0x2F, 0x42, 0x51, 0x46, 0x97, 0x4E, 0xDB, 0x5A, 0x1D, 0x5F, 
    0x5D, 0x63, 0x3D, 0x5F, 0x3D, 0x63, 0x3D, 0x5F, 0x5D, 0x63, 0x3D, 0x5F, 0x5D, 0x63, 0x3E, 0x63, 
    0x5D, 0x63, 0x3D, 0x5F, 0x3B, 0x5F, 0xFB, 0x5A, 0xF9, 0x5A, 0xD9, 0x52, 0xD7, 0x56, 0xB6, 0x52, 
    0xB4, 0x52, 0x93, 0x52, 0x71, 0x4E, 0x4F, 0x46, 0x4D, 0x46, 0x4D, 0x42, 0x90, 0x4A, 0x92, 0x4A, 
    0x91, 0x4E, 0x71, 0x4A, 0x4F, 0x4A, 0x4E, 0x46, 0x2D, 0x46, 0x2D, 0x42, 0x4F, 0x4A, 0x2F, 0x42, 
    0x96, 0x4E, 0x94, 0x4E, 0x74, 0x4A, 0x73, 0x4E, 0x54, 0x4A, 0x53, 0x46, 0x33, 0x42, 0x11, 0x42, 
    0xF1, 0x3D, 0xEF, 0x3D, 0xCF, 0x39, 0xCE, 0x39, 0xAE, 0x39, 0xCE, 0x3D, 0xCF, 0x39, 0xEF, 0x3D, 
    0xF0, 0x41, 0x10, 0x46, 0x11, 0x46, 0x31, 0x4A, 0x11, 0x46, 0x31, 0x46, 0x11, 0x42, 0x10, 0x46, 
    0x10, 0x42, 0x0E, 0x42, 0x0F, 0x3E, 0x30, 0x42, 0xEF, 0x3D, 0xEC, 0x39, 0x0E, 0x3E, 0x31, 0x42, 
    0x34, 0x42, 0x54, 0x42, 0x34, 0x3E, 0x32, 0x3E, 0x12, 0x3E, 0x52, 0x42, 0x97, 0x4A, 0xDA, 0x56, 
    0xBB, 0x56, 0xBA, 0x52, 0xBA, 0x52, 0xBA, 0x52, 0x9A, 0x4E, 0x98, 0x4A, 0x77, 0x46, 0xB8, 0x4E, 
    0xBA, 0x52, 0xD9, 0x52, 0xDA, 0x52, 0xFB, 0x5A, 0x1D, 0x5B, 0x3D, 0x5F, 0x1D, 0x5B, 0xFA, 0x5A, 
    0xD9, 0x52, 0xD8, 0x52, 0xB9, 0x52, 0xD9, 0x56, 0xDB, 0x56, 0xFB, 0x5A, 0xFC, 0x5A, 0x3C, 0x5F, 
    0x3D, 0x5F, 0x5D, 0x63, 0x5E, 0x63, 0x5D, 0x63, 0x5E, 0x63, 0x5E, 0x63, 0x3E, 0x5F, 0x3D, 0x5F, 
    0x3E, 0x5F, 0x3D, 0x5F, 0x5E, 0x5F, 0x7E, 0x63, 0x5E, 0x63, 0x7E, 0x63, 0x5E, 0x5F, 0xB7, 0x52, 
    0xB7, 0x5A, 0xF8, 0x62, 0x96, 0x56, 0x32, 0x4A, 0x12, 0x4A, 0x6B, 0x35, 0x31, 0x52, 0xF6, 0x66, 
    0x1A, 0x67, 0xF8, 0x62, 0xB7, 0x5E, 0xCF, 0x41, 0x6D, 0x35, 0x74, 0x52, 0xFA, 0x62, 0x3A, 0x6B, 
    0x54, 0x52, 0xE7, 0x24, 0xE8, 0x24, 0xC6, 0x1C, 0xC8, 0x20, 0x4A, 0x31, 0x4B, 0x31, 0x29, 0x29, 
    0x8D, 0x35, 0x10, 0x46, 0x6C, 0x31, 0xF0, 0x41, 0x75, 0x56, 0x32, 0x4E, 0xC6, 0x20, 0xC5, 0x20, 
    0xA6, 0x1C, 0xE6, 0x24, 0x29, 0x2D, 0x4A, 0x31, 0xF0, 0x45, 0x73, 0x56, 0x6B, 0x35, 0x29, 0x31, 
    0xD7, 0x5E, 0x39, 0x6B, 0x73, 0x52, 0x52, 0x4E, 0xB6, 0x5A, 0x96, 0x5A, 0xD8, 0x5E, 0xF8, 0x5E, 
    0xB7, 0x5A, 0x6B, 0x39, 0xE8, 0x28, 0xD7, 0x62, 0x1A, 0x67, 0xF8, 0x66, 0xD8, 0x62, 0x95, 0x5A, 
    0x75, 0x52, 0x95, 0x56, 0xD7, 0x5E, 0xF8, 0x66, 0xF8, 0x62, 0x73, 0x5A, 0x08, 0x2D, 0x69, 0x35, 
    0x28, 0x31, 0x49, 0x39, 0x6A, 0x3D, 0xCC, 0x49, 0x30, 0x52, 0x72, 0x5A, 0x73, 0x5A, 0x0F, 0x4E, 
    0x0F, 0x4E, 0x2F, 0x52, 0xEE, 0x49, 0x8A, 0x3D, 0xE7, 0x28, 0xA4, 0x1C, 0x4A, 0x31, 0xAC, 0x41, 
    0x4A, 0x31, 0x28, 0x2D, 0x08, 0x29, 0xE6, 0x24, 0x28, 0x29, 0xED, 0x45, 0x0F, 0x4A, 0x4F, 0x4E, 
    0xEC, 0x41, 0x2D, 0x4A, 0xCB, 0x3D, 0xC8, 0x39, 0xEA, 0x41, 0xE9, 0x3D, 0xA9, 0x35, 0xC8, 0x39, 
    0xA7, 0x35, 0xA5, 0x31, 0x85, 0x31, 0xA4, 0x31, 0xA6, 0x31, 0xE7, 0x39, 0xE9, 0x39, 0x0B, 0x3E, 
    0x0C, 0x3E, 0x2D, 0x42, 0x2F, 0x42, 0x4F, 0x46, 0x51, 0x46, 0x71, 0x4A, 0x51, 0x4A, 0x2F, 0x46, 
    0xEE, 0x41, 0xEC, 0x41, 0xCD, 0x3D, 0xED, 0x41, 0xCE, 0x41, 0xCC, 0x41, 0xAD, 0x3D, 0xCD, 0x3D, 
    0xEE, 0x41, 0x0D, 0x46, 0xEE, 0x41, 0xED, 0x41, 0xCC, 0x3D, 0xCB, 0x3D, 0xCB, 0x3D, 0xEB, 0x41, 
    0xCB, 0x3D, 0xEA, 0x3D, 0xCB, 0x3D, 0x2F, 0x46, 0x53, 0x4A, 0x51, 0x4A, 0x31, 0x42, 0x0E, 0x3E, 
    0xEB, 0x39, 0xEB, 0x3D, 0x0F, 0x42, 0x51, 0x46, 0x56, 0x4A, 0xDA, 0x5A, 0xFD, 0x5E, 0x3D, 0x63, 
    0x3E, 0x63, 0x5D, 0x63, 0x3E, 0x63, 0x5E, 0x67, 0x3E, 0x63, 0x5D, 0x63, 0x3E, 0x63, 0x5D, 0x67, 
    0x3E, 0x63, 0x3D, 0x63, 0x1C, 0x5F, 0x1B, 0x5B, 0xD9, 0x56, 0xD8, 0x56, 0xB7, 0x52, 0xB5, 0x56, 
    0xB4, 0x52, 0x92, 0x52, 0x71, 0x4E, 0x4F, 0x4A, 0x2E, 0x46, 0x2D, 0x46, 0x4F, 0x46, 0x70, 0x4A, 
    0x50, 0x46, 0x4F, 0x4A, 0x2F, 0x46, 0x4E, 0x4A, 0x2E, 0x46, 0x2C, 0x46, 0x0D, 0x42, 0x0C, 0x42, 
    0xB6, 0x52, 0x95, 0x4A, 0x94, 0x4A, 0x74, 0x4A, 0x74, 0x4A, 0x54, 0x46, 0x52, 0x42, 0x12, 0x3E, 
    0x10, 0x3E, 0xEF, 0x39, 0xEE, 0x39, 0xCE, 0x39, 0xCE, 0x39, 0xCE, 0x35, 0xCE, 0x39, 0xCE, 0x39, 
    0xEE, 0x3D, 0xEF, 0x41, 0x2F, 0x46, 0x30, 0x46, 0x30, 0x46, 0x30, 0x42, 0x30, 0x46, 0x10, 0x42, 
    0x2F, 0x42, 0x0E, 0x3E, 0x0E, 0x3E, 0x10, 0x3E, 0x0D, 0x3E, 0xEB, 0x35, 0x2E, 0x3E, 0x53, 0x42, 
    0x75, 0x42, 0x55, 0x42, 0x53, 0x42, 0x33, 0x3E, 0x53, 0x3E, 0x55, 0x42, 0xB8, 0x4E, 0xDB, 0x52, 
    0xFA, 0x56, 0xDA, 0x52, 0xD9, 0x52, 0xBA, 0x4E, 0xB9, 0x52, 0x98, 0x4A, 0x95, 0x46, 0xB8, 0x4A, 
    0xD9, 0x52, 0xDA, 0x52, 0xFA, 0x56, 0x1C, 0x57, 0x5D, 0x5F, 0x3E, 0x5F, 0x3C, 0x5B, 0xFB, 0x56, 
    0xF9, 0x52, 0xD9, 0x4E, 0xD8, 0x52, 0xD9, 0x52, 0xF9, 0x56, 0xFB, 0x56, 0x1B, 0x5B, 0x1C, 0x5B, 
    0x3C, 0x5F, 0x3D, 0x5F, 0x5D, 0x63, 0x5E, 0x5F, 0x7D, 0x63, 0x5E, 0x5F, 0x5D, 0x5F, 0x3D, 0x5B, 
    0x3D, 0x5F, 0x3D, 0x5B, 0x5D, 0x5F, 0x7E, 0x5F, 0x7D, 0x63, 0x5E, 0x5F, 0x7D, 0x5F, 0x97, 0x4E, 
    0x95, 0x56, 0x19, 0x63, 0x94, 0x52, 0x95, 0x52, 0x52, 0x4E, 0x6B, 0x35, 0xB3, 0x5E, 0x18, 0x67, 
    0x19, 0x63, 0xF9, 0x5E, 0x74, 0x52, 0x8D, 0x35, 0x10, 0x46, 0xB6, 0x56, 0x39, 0x67, 0xF8, 0x5E, 
    0xCE, 0x3D, 0x29, 0x2D, 0x28, 0x29, 0xC6, 0x1C, 0x07, 0x25, 0x8C, 0x35, 0x49, 0x2D, 0xA6, 0x18, 
    0xE6, 0x1C, 0xE7, 0x1C, 0x8C, 0x35, 0x53, 0x4E, 0xD6, 0x5A, 0x53, 0x4E, 0x28, 0x29, 0x08, 0x29, 
    0x07, 0x29, 0x6B, 0x31, 0xCD, 0x3D, 0xCE, 0x3D, 0x93, 0x56, 0xD6, 0x5E, 0xAC, 0x39, 0x2A, 0x2D, 
    0x52, 0x4E, 0x31, 0x4A, 0xCD, 0x41, 0xEF, 0x41, 0x73, 0x52, 0xB6, 0x56, 0xD7, 0x5A, 0xF8, 0x5E, 
    0xF8, 0x62, 0xAE, 0x3D, 0x07, 0x29, 0xD7, 0x5E, 0x38, 0x67, 0x74, 0x52, 0x52, 0x4E, 0x32, 0x4A, 
    0x94, 0x56, 0x53, 0x4E, 0xF6, 0x5E, 0xD6, 0x5A, 0x93, 0x5A, 0x51, 0x52, 0x26, 0x2D, 0x49, 0x31, 
    0xCC, 0x41, 0xE5, 0x28, 0xAA, 0x41, 0x50, 0x5A, 0x91, 0x5A, 0xB4, 0x5E, 0xB3, 0x5A, 0x50, 0x52, 
    0x0D, 0x4A, 0x50, 0x52, 0xEC, 0x45, 0xC5, 0x20, 0xA3, 0x1C, 0x84, 0x18, 0x07, 0x25, 0x8B, 0x35, 
    0x69, 0x31, 0xE7, 0x20, 0x82, 0x14, 0xC4, 0x18, 0x47, 0x2D, 0x8A, 0x31, 0xCB, 0x3D, 0xCC, 0x3D, 
    0x4E, 0x4E, 0x0D, 0x46, 0xEA, 0x41, 0xA8, 0x35, 0xC8, 0x39, 0xC9, 0x39, 0xC8, 0x35, 0xC9, 0x39, 
    0xC7, 0x35, 0xA5, 0x2D, 0xA4, 0x31, 0xA4, 0x2D, 0xC5, 0x31, 0xC8, 0x35, 0x09, 0x3A, 0x0C, 0x3E, 
    0x2C, 0x3E, 0x2E, 0x3E, 0x4E, 0x42, 0x50, 0x42, 0x70, 0x46, 0x73, 0x46, 0x93, 0x4A, 0x72, 0x4A, 
    0x4F, 0x46, 0xED, 0x3D, 0xEC, 0x3D, 0xCC, 0x3D, 0xCC, 0x3D, 0xCC, 0x39, 0xCC, 0x3D, 0xCD, 0x3D, 
    0x0D, 0x42, 0x0E, 0x42, 0x0D, 0x46, 0xED, 0x41, 0xEB, 0x41, 0xCB, 0x39, 0xEA, 0x3D, 0xEB, 0x3D, 
    0xEB, 0x3D, 0xEB, 0x39, 0xEA, 0x3D, 0x0D, 0x3E, 0x51, 0x4A, 0x52, 0x46, 0x51, 0x46, 0x0E, 0x3E, 
    0xEA, 0x39, 0xEB, 0x39, 0x2F, 0x42, 0x52, 0x42, 0x96, 0x4E, 0xFB, 0x56, 0x3C, 0x5F, 0x5E, 0x5F, 
    0x7D, 0x67, 0x7E, 0x63, 0x7E, 0x67, 0x5E, 0x63, 0x5D, 0x63, 0x5E, 0x63, 0x5D, 0x63, 0x5E, 0x63, 
    0x5D, 0x63, 0x3D, 0x5F, 0x3B, 0x5B, 0xFA, 0x56, 0xF8, 0x56, 0xD7, 0x52, 0xD6, 0x56, 0xB5, 0x52, 
    0xB4, 0x56, 0x93, 0x52, 0x91, 0x4E, 0x70, 0x4A, 0x6E, 0x4A, 0x2D, 0x42, 0x4D, 0x46, 0x2E, 0x42, 
    0x4D, 0x46, 0x2D, 0x42, 0x4D, 0x46, 0x4E, 0x46, 0x4D, 0x46, 0x2C, 0x42, 0x2B, 0x42, 0x0B, 0x3E, 
    0xB7, 0x52, 0xB6, 0x4E, 0x96, 0x4A, 0x95, 0x4A, 0x75, 0x4A, 0x54, 0x46, 0x33, 0x42, 0x32, 0x42, 
    0xF1, 0x3D, 0xEF, 0x3D, 0xCF, 0x39, 0xCE, 0x39, 0xAE, 0x35, 0xCE, 0x39, 0xAF, 0x39, 0xCE, 0x39, 
    0xAD, 0x39, 0xEE, 0x41, 0xEF, 0x41, 0x2F, 0x46, 0x10, 0x46, 0x30, 0x46, 0x10, 0x42, 0x30, 0x46, 
    0x10, 0x42, 0x0D, 0x3E, 0xEE, 0x39, 0x0E, 0x3E, 0xCC, 0x39, 0xEA, 0x39, 0x30, 0x3E, 0x75, 0x46, 
    0x77, 0x46, 0x76, 0x46, 0x34, 0x3E, 0x53, 0x42, 0x55, 0x42, 0x76, 0x4A, 0xB9, 0x4E, 0xFB, 0x56, 
    0xDC, 0x56, 0xDA, 0x56, 0xBA, 0x4E, 0xB9, 0x52, 0x9A, 0x4E, 0x97, 0x4A, 0x76, 0x42, 0xB7, 0x4A, 
    0xDA, 0x52, 0xFA, 0x56, 0xFC, 0x56, 0x3C, 0x5F, 0x3E, 0x5F, 0x5E, 0x63, 0x3D, 0x5B, 0x1B, 0x5B, 
    0xDA, 0x52, 0xD9, 0x52, 0xD9, 0x52, 0xD9, 0x52, 0xBA, 0x52, 0xFA, 0x56, 0xFB, 0x5A, 0x1B, 0x5F, 
    0x1D, 0x5F, 0x3D, 0x63, 0x3D, 0x5F, 0x5D, 0x63, 0x5E, 0x63, 0x5D, 0x63, 0x3D, 0x5F, 0x3D, 0x5F, 
    0x1D, 0x5B, 0x3D, 0x5F, 0x3E, 0x5B, 0x7E, 0x63, 0x5E, 0x5F, 0x5D, 0x5F, 0x3E, 0x5F, 0x96, 0x52, 
    0x32, 0x4A, 0x19, 0x67, 0x33, 0x4A, 0x95, 0x5A, 0x11, 0x4A, 0xCC, 0x45, 0xF5, 0x66, 0x59, 0x6F, 
    0xD8, 0x5A, 0xF8, 0x5E, 0xF1, 0x41, 0x8D, 0x35, 0x32, 0x4A, 0xD6, 0x5E, 0xF9, 0x62, 0xF8, 0x62, 
    0xAE, 0x39, 0x29, 0x2D, 0x4B, 0x2D, 0xC6, 0x20, 0xE8, 0x24, 0x6B, 0x35, 0x09, 0x29, 0x29, 0x29, 
    0x09, 0x25, 0xC6, 0x1C, 0xAF, 0x39, 0xB6, 0x5A, 0xF8, 0x5E, 0x94, 0x5A, 0x8C, 0x39, 0x6A, 0x35, 
    0x4A, 0x31, 0xEE, 0x45, 0xAD, 0x3D, 0xEE, 0x41, 0x10, 0x46, 0x10, 0x4A, 0x08, 0x29, 0x08, 0x29, 
    0x6B, 0x31, 0xC6, 0x20, 0x4B, 0x31, 0xCE, 0x41, 0x75, 0x52, 0xB6, 0x5A, 0xB7, 0x5A, 0x19, 0x63, 
    0x19, 0x63, 0xEF, 0x45, 0xE8, 0x28, 0xF7, 0x62, 0xF8, 0x62, 0x30, 0x4E, 0x11, 0x4A, 0xCE, 0x41, 
    0x33, 0x4E, 0x53, 0x4E, 0xD6, 0x5E, 0x51, 0x52, 0xAD, 0x41, 0xCC, 0x45, 0xE6, 0x28, 0xC5, 0x24, 
    0x07, 0x2D, 0x06, 0x31, 0x8A, 0x41, 0x2E, 0x56, 0x92, 0x5A, 0xB3, 0x62, 0x93, 0x5A, 0x0E, 0x4A, 
    0x49, 0x35, 0xAB, 0x41, 0x29, 0x31, 0xA4, 0x1C, 0xA5, 0x1C, 0xE7, 0x24, 0x09, 0x29, 0x8B, 0x39, 
    0x4B, 0x31, 0x28, 0x2D, 0xC6, 0x1C, 0xA4, 0x18, 0x28, 0x2D, 0x26, 0x29, 0x6A, 0x35, 0x2E, 0x4A, 
    0xCC, 0x41, 0xCA, 0x3D, 0xA9, 0x39, 0xEA, 0x3D, 0x88, 0x35, 0xC9, 0x3D, 0xCA, 0x39, 0xE9, 0x39, 
    0xC9, 0x39, 0xA5, 0x31, 0xA5, 0x31, 0xA4, 0x31, 0xA6, 0x31, 0xE7, 0x39, 0xEB, 0x39, 0x2C, 0x3E, 
    0x2E, 0x3E, 0x4F, 0x46, 0x51, 0x46, 0x71, 0x4A, 0x52, 0x4A, 0x74, 0x4E, 0x96, 0x4E, 0x95, 0x4E, 
    0x73, 0x4A, 0x2F, 0x46, 0xCD, 0x3D, 0xCC, 0x3D, 0xCD, 0x3D, 0xCD, 0x41, 0xCD, 0x3D, 0xED, 0x41, 
    0xEE, 0x41, 0x2F, 0x4A, 0x0F, 0x46, 0x0D, 0x46, 0xEC, 0x41, 0xEA, 0x3D, 0xCA, 0x3D, 0xEA, 0x3D, 
    0xCB, 0x3D, 0xEB, 0x41, 0xCB, 0x3D, 0xEC, 0x3D, 0x31, 0x46, 0x73, 0x4A, 0x53, 0x46, 0x2E, 0x42, 
    0xEC, 0x39, 0xEB, 0x3D, 0x0F, 0x42, 0x53, 0x46, 0x97, 0x4E, 0x1B, 0x5B, 0x3D, 0x5F, 0x5E, 0x63, 
    0x5E, 0x67, 0x7E, 0x67, 0x7E, 0x67, 0x7E, 0x67, 0x5E, 0x63, 0x5D, 0x67, 0x3E, 0x63, 0x5D, 0x63, 
    0x3E, 0x63, 0x5D, 0x63, 0x1C, 0x5B, 0xF9, 0x5A, 0xD8, 0x56, 0xD7, 0x56, 0xD7, 0x52, 0xD6, 0x56, 
    0xB6, 0x52, 0xB4, 0x52, 0x94, 0x52, 0x92, 0x4E, 0x50, 0x4A, 0x4E, 0x4A, 0x2E, 0x42, 0x2D, 0x46, 
    0x0D, 0x42, 0x2C, 0x46, 0x0C, 0x42, 0x2D, 0x46, 0x2D, 0x46, 0x2C, 0x46, 0x0B, 0x42, 0x0A, 0x3E, 
    0xD7, 0x52, 0x97, 0x4E, 0xB6, 0x4E, 0x96, 0x4A, 0x75, 0x4A, 0x55, 0x46, 0x33, 0x42, 0x12, 0x3E, 
    0x10, 0x3E, 0xCF, 0x39, 0xCE, 0x39, 0xAE, 0x35, 0xCD, 0x39, 0xAE, 0x35, 0xCE, 0x39, 0xAE, 0x35, 
    0xCC, 0x39, 0xAC, 0x39, 0xED, 0x41, 0x0F, 0x42, 0x0F, 0x46, 0x10, 0x42, 0x2F, 0x46, 0x10, 0x42, 
    0x0E, 0x42, 0xED, 0x39, 0xEB, 0x39, 0xCB, 0x39, 0xEA, 0x39, 0xEB, 0x35, 0x50, 0x42, 0x56, 0x42, 
    0x76, 0x46, 0x56, 0x42, 0x53, 0x42, 0x33, 0x3E, 0x76, 0x46, 0x98, 0x4A, 0xDA, 0x52, 0xFC, 0x56, 
    0x1C, 0x5B, 0xDB, 0x52, 0xD9, 0x52, 0xBA, 0x4E, 0xB9, 0x4E, 0x98, 0x46, 0x96, 0x46, 0x98, 0x4A, 
    0xFA, 0x56, 0xFC, 0x56, 0x1C, 0x5B, 0x3D, 0x5B, 0x5E, 0x63, 0x5E, 0x5F, 0x5D, 0x5F, 0x1C, 0x57, 
    0xFA, 0x56, 0xDA, 0x52, 0xD9, 0x52, 0xB9, 0x4E, 0xD9, 0x52, 0xDA, 0x52, 0xFB, 0x5A, 0x1C, 0x5B, 
    0x3B, 0x5F, 0x3C, 0x5F, 0x5C, 0x63, 0x3D, 0x5F, 0x5D, 0x63, 0x3D, 0x5F, 0x3C, 0x5F, 0x1D, 0x5B, 
    0x3C, 0x5F, 0x3D, 0x5B, 0x5D, 0x5F, 0x5E, 0x5F, 0x7D, 0x5F, 0x5D, 0x5B, 0x3D, 0x5F, 0x75, 0x4A, 
    0x73, 0x4E, 0x1A, 0x63, 0xCE, 0x3D, 0x74, 0x52, 0xEF, 0x45, 0x30, 0x4E, 0x16, 0x6B, 0x18, 0x63, 
    0xD7, 0x5A, 0x96, 0x52, 0xCF, 0x3D, 0xF0, 0x41, 0x94, 0x56, 0xD8, 0x5E, 0xF7, 0x62, 0x11, 0x46, 
    0x8C, 0x35, 0x4A, 0x2D, 0x49, 0x2D, 0xE7, 0x20, 0xE6, 0x20, 0x4A, 0x2D, 0x29, 0x2D, 0x2A, 0x2D, 
    0x6A, 0x31, 0xA6, 0x1C, 0xEE, 0x41, 0xD7, 0x5E, 0x39, 0x67, 0xB6, 0x5A, 0x0F, 0x4A, 0xAC, 0x39, 
    0xAC, 0x3D, 0x6B, 0x35, 0xE6, 0x24, 0xE7, 0x20, 0x07, 0x29, 0xE7, 0x24, 0xC5, 0x20, 0xA4, 0x18, 
    0x07, 0x29, 0x85, 0x18, 0x8C, 0x39, 0x32, 0x4A, 0xF7, 0x62, 0xB7, 0x56, 0xD7, 0x5A, 0x1A, 0x67, 
    0x39, 0x67, 0xCF, 0x41, 0x28, 0x2D, 0xB5, 0x5A, 0x93, 0x5A, 0x52, 0x52, 0x72, 0x52, 0x73, 0x52, 
    0x10, 0x46, 0x52, 0x4E, 0x72, 0x52, 0x8C, 0x39, 0x69, 0x35, 0x6A, 0x39, 0x06, 0x2D, 0xC5, 0x24, 
    0x06, 0x2D, 0x27, 0x35, 0x89, 0x41, 0x2E, 0x56, 0x71, 0x5A, 0x93, 0x5A, 0x30, 0x52, 0x07, 0x2D, 
    0xE5, 0x24, 0xE6, 0x24, 0xC5, 0x24, 0x84, 0x18, 0xA4, 0x1C, 0x6B, 0x35, 0xAC, 0x39, 0x8C, 0x35, 
    0x6B, 0x35, 0x08, 0x25, 0xE6, 0x20, 0xC5, 0x1C, 0xED, 0x45, 0x8A, 0x35, 0x47, 0x31, 0xED, 0x45, 
    0x2E, 0x4E, 0xEC, 0x45, 0xA8, 0x39, 0x0C, 0x46, 0xA8, 0x39, 0xA9, 0x39, 0xEA, 0x41, 0xC9, 0x39, 
    0x0B, 0x42, 0xA7, 0x31, 0xA4, 0x31, 0xA5, 0x31, 0xC6, 0x35, 0xC9, 0x35, 0x0C, 0x3E, 0x2E, 0x3E, 
    0x50, 0x46, 0x73, 0x46, 0x73, 0x4A, 0x73, 0x4A, 0x94, 0x4E, 0xB7, 0x4E, 0xB8, 0x52, 0xB8, 0x52, 
    0xB6, 0x4E, 0x73, 0x4A, 0x2F, 0x46, 0xEE, 0x41, 0xEE, 0x41, 0xEE, 0x41, 0xED, 0x41, 0xEE, 0x41, 
    0x2F, 0x4A, 0x30, 0x46, 0x2F, 0x4A, 0x0E, 0x46, 0x0C, 0x42, 0xCB, 0x3D, 0xEA, 0x3D, 0xCA, 0x39, 
    0xEA, 0x3D, 0xEC, 0x3D, 0xEC, 0x41, 0xCC, 0x39, 0x0E, 0x42, 0x52, 0x4A, 0x51, 0x4A, 0x0E, 0x3E, 
    0x0D, 0x42, 0x0D, 0x42, 0x2F, 0x42, 0x54, 0x46, 0xB7, 0x4E, 0xFB, 0x5A, 0x5D, 0x63, 0x5E, 0x63, 
    0x7E, 0x67, 0x7E, 0x67, 0x9E, 0x67, 0x7E, 0x67, 0x7E, 0x67, 0x5E, 0x63, 0x5D, 0x63, 0x3D, 0x5F, 
    0x5D, 0x63, 0x3D, 0x5F, 0x3B, 0x5F, 0xFA, 0x56, 0xF8, 0x56, 0xD8, 0x56, 0xD8, 0x56, 0xD8, 0x52, 
    0xD7, 0x56, 0xB7, 0x52, 0xB5, 0x52, 0x94, 0x4E, 0x91, 0x4E, 0x50, 0x46, 0x4E, 0x46, 0x2D, 0x42, 
    0x2C, 0x46, 0x0C, 0x42, 0x0B, 0x42, 0x0C, 0x42, 0x2C, 0x46, 0x0C, 0x42, 0x0B, 0x42, 0xEA, 0x39, 
    0xB9, 0x52, 0xB7, 0x52, 0x97, 0x4E, 0x97, 0x4E, 0x77, 0x4A, 0x55, 0x46, 0x34, 0x42, 0x12, 0x42, 
    0xF1, 0x3D, 0xEF, 0x39, 0xAE, 0x35, 0xAD, 0x35, 0xAE, 0x35, 0xAE, 0x39, 0xAE, 0x35, 0xAD, 0x39, 
    0x8D, 0x35, 0xAB, 0x39, 0xCC, 0x3D, 0xED, 0x41, 0x0E, 0x42, 0x0E, 0x46, 0x0F, 0x42, 0x0E, 0x42, 
    0xED, 0x3D, 0xEB, 0x39, 0xCA, 0x35, 0xC9, 0x39, 0xC9, 0x35, 0xEA, 0x39, 0x31, 0x42, 0x55, 0x46, 
    0x56, 0x46, 0x54, 0x46, 0x32, 0x42, 0x53, 0x42, 0x77, 0x46, 0xB9, 0x4E, 0xDB, 0x56, 0x1C, 0x5B, 
    0xFD, 0x5A, 0xDB, 0x56, 0xBA, 0x4E, 0xB9, 0x4E, 0x99, 0x4A, 0x97, 0x4A, 0x76, 0x46, 0xB8, 0x4E, 
    0xDB, 0x56, 0x1C, 0x5B, 0x1D, 0x5B, 0x5E, 0x63, 0x5F, 0x63, 0x5E, 0x63, 0x3E, 0x5F, 0x1C, 0x5B, 
    0xFC, 0x56, 0xDA, 0x56, 0xBA, 0x52, 0xD9, 0x52, 0xBA, 0x52, 0xDA, 0x56, 0xDB, 0x56, 0xFB, 0x5A, 
    0xFC, 0x5A, 0x1C, 0x5F, 0x1D, 0x5F, 0x3D, 0x5F, 0x3D, 0x5F, 0x3D, 0x5F, 0x1D, 0x5B, 0x1C, 0x5F, 
    0x1D, 0x5B, 0x3D, 0x5F, 0x3E, 0x5B, 0x5E, 0x5F, 0x5E, 0x5F, 0x5D, 0x5F, 0x1D, 0x5B, 0x54, 0x4E, 
    0xB7, 0x5A, 0xF9, 0x62, 0x6C, 0x35, 0x31, 0x4E, 0x8D, 0x3D, 0xB3, 0x62, 0x17, 0x6B, 0x74, 0x56, 
    0x97, 0x56, 0x12, 0x46, 0x33, 0x4A, 0x95, 0x56, 0xB7, 0x5E, 0x18, 0x67, 0xD7, 0x5E, 0xEF, 0x41, 
    0x6C, 0x35, 0xEF, 0x45, 0xCE, 0x3D, 0xE7, 0x24, 0xA6, 0x1C, 0x28, 0x29, 0x2A, 0x2D, 0x6B, 0x35, 
    0x6C, 0x31, 0xC6, 0x1C, 0xCF, 0x3D, 0xB5, 0x5A, 0xD7, 0x5E, 0xD6, 0x62, 0x31, 0x4E, 0x0E, 0x4A, 
    0xAD, 0x3D, 0xE6, 0x28, 0xA5, 0x1C, 0x84, 0x1C, 0xA5, 0x1C, 0xA4, 0x1C, 0x84, 0x18, 0xC5, 0x20, 
    0x2A, 0x2D, 0x29, 0x2D, 0x10, 0x46, 0xD6, 0x5E, 0x1A, 0x67, 0xD7, 0x5E, 0xB7, 0x5A, 0xB7, 0x5E, 
    0xD8, 0x5E, 0x10, 0x4A, 0xC7, 0x24, 0xAD, 0x41, 0x6B, 0x39, 0x0F, 0x4E, 0x10, 0x4A, 0x94, 0x5A, 
    0x74, 0x56, 0x31, 0x4E, 0x8D, 0x3D, 0x49, 0x31, 0x29, 0x31, 0x28, 0x31, 0xE7, 0x28, 0xC5, 0x24, 
    0x28, 0x35, 0x89, 0x41, 0xAA, 0x49, 0x4E, 0x5A, 0x2F, 0x56, 0x50, 0x5A, 0x29, 0x35, 0xC4, 0x24, 
    0xC5, 0x24, 0xE6, 0x28, 0xC6, 0x20, 0xA4, 0x1C, 0x63, 0x14, 0x6B, 0x35, 0xEF, 0x45, 0xAD, 0x3D, 
    0x6C, 0x35, 0x28, 0x2D, 0xA5, 0x18, 0xC5, 0x1C, 0x30, 0x4E, 0xAB, 0x3D, 0xA3, 0x1C, 0x69, 0x35, 
    0x51, 0x52, 0x2E, 0x4E, 0xAA, 0x39, 0xCA, 0x3D, 0xA9, 0x39, 0xA8, 0x39, 0xCA, 0x3D, 0xC9, 0x39, 
    0x0C, 0x42, 0xC8, 0x39, 0x85, 0x31, 0xA5, 0x31, 0xC7, 0x35, 0xE9, 0x39, 0x0E, 0x42, 0x30, 0x46, 
    0x75, 0x4A, 0x96, 0x4E, 0x96, 0x4A, 0xB6, 0x4E, 0xB9, 0x52, 0xDA, 0x56, 0xDA, 0x56, 0xDA, 0x5A, 
    0xB9, 0x52, 0xB5, 0x52, 0x73, 0x4A, 0x51, 0x4A, 0x31, 0x46, 0x30, 0x46, 0x10, 0x42, 0x30, 0x46, 
    0x10, 0x46, 0x30, 0x4A, 0x30, 0x4A, 0x0E, 0x4A, 0xED, 0x41, 0xEB, 0x41, 0xCA, 0x3D, 0xC9, 0x3D, 
    0xCA, 0x3D, 0xEC, 0x41, 0xED, 0x41, 0xEC, 0x3D, 0xED, 0x3D, 0x30, 0x4A, 0x51, 0x4A, 0x2F, 0x46, 
    0x51, 0x4E, 0x71, 0x52, 0x53, 0x4A, 0x75, 0x4E, 0xB8, 0x4E, 0xFA, 0x5A, 0x1D, 0x5F, 0x5D, 0x63, 
    0x5E, 0x63, 0x7E, 0x67, 0x7F, 0x67, 0x7E, 0x6B, 0x7F, 0x67, 0x5D, 0x67, 0x3D, 0x5F, 0x3D, 0x63, 
    0x3D, 0x5F, 0x3D, 0x63, 0x1C, 0x5F, 0x1B, 0x5B, 0xFB, 0x5A, 0xFA, 0x5E, 0xFA, 0x5A, 0xF9, 0x5A, 
    0xD9, 0x56, 0xD7, 0x56, 0xB7, 0x52, 0x94, 0x52, 0x73, 0x4A, 0x71, 0x4A, 0x30, 0x46, 0x2C, 0x46, 
    0x0C, 0x46, 0x2C, 0x46, 0x0C, 0x42, 0x0B, 0x42, 0x0C, 0x42, 0x0B, 0x42, 0xEB, 0x41, 0x0A, 0x3E, 
    0xD8, 0x52, 0xB8, 0x4E, 0xB7, 0x4E, 0xB8, 0x4A, 0x97, 0x4A, 0x76, 0x46, 0x53, 0x42, 0x12, 0x3E, 
    0x10, 0x3E, 0xCF, 0x35, 0xCD, 0x35, 0xAD, 0x31, 0xAD, 0x35, 0xAD, 0x31, 0xAD, 0x35, 0xAD, 0x31, 
    0xAB, 0x35, 0xAB, 0x35, 0xCA, 0x39, 0xEC, 0x3D, 0x0D, 0x42, 0x0D, 0x3E, 0x2D, 0x42, 0x0D, 0x3E, 
    0x0B, 0x3A, 0xEA, 0x35, 0xC9, 0x35, 0xC9, 0x35, 0xE8, 0x35, 0xEA, 0x35, 0x4F, 0x42, 0x53, 0x42, 
    0x53, 0x42, 0x52, 0x42, 0x50, 0x42, 0x53, 0x42, 0x97, 0x4A, 0xBA, 0x4E, 0xFB, 0x56, 0x1D, 0x5B, 
    0x3C, 0x5B, 0xDB, 0x52, 0xD9, 0x4E, 0xB9, 0x4A, 0x98, 0x4A, 0x97, 0x46, 0x96, 0x46, 0xD9, 0x4E, 
    0x1B, 0x5B, 0x3D, 0x5B, 0x5D, 0x5F, 0x5E, 0x5F, 0x7E, 0x63, 0x5E, 0x5F, 0x5D, 0x5F, 0x1C, 0x5B, 
    0x1B, 0x57, 0xDB, 0x52, 0xD9, 0x52, 0xDA, 0x4E, 0xD9, 0x52, 0xDA, 0x52, 0xFA, 0x56, 0xFA, 0x56, 
    0x1B, 0x5B, 0x1C, 0x5B, 0x3C, 0x5F, 0x1C, 0x5B, 0x3C, 0x5F, 0x1C, 0x5B, 0x3C, 0x5B, 0x1C, 0x5B, 
    0x3C, 0x5B, 0x1D, 0x5B, 0x3C, 0x5B, 0x5D, 0x5B, 0x5D, 0x5F, 0x3D, 0x5B, 0x3B, 0x5B, 0x74, 0x4E, 
    0x18, 0x63, 0xD8, 0x5A, 0x6A, 0x31, 0xAD, 0x39, 0x0E, 0x4A, 0xF5, 0x66, 0x16, 0x6B, 0xF0, 0x41, 
    0x53, 0x4E, 0x6C, 0x31, 0xB5, 0x5A, 0xD7, 0x5A, 0x52, 0x4A, 0xD7, 0x5E, 0xD5, 0x5A, 0x11, 0x42, 
    0x31, 0x4A, 0x32, 0x4A, 0xCD, 0x3D, 0xA6, 0x18, 0xC5, 0x1C, 0x29, 0x29, 0x8B, 0x35, 0x6B, 0x31, 
    0x6A, 0x31, 0xE7, 0x20, 0xAC, 0x39, 0x10, 0x46, 0x0E, 0x42, 0x73, 0x52, 0x51, 0x52, 0xEE, 0x45, 
    0x48, 0x31, 0xE7, 0x28, 0xC4, 0x20, 0xA4, 0x18, 0x27, 0x29, 0xC6, 0x20, 0x83, 0x18, 0xE7, 0x20, 
    0x49, 0x31, 0x10, 0x46, 0x72, 0x4E, 0xF7, 0x5E, 0x18, 0x63, 0x52, 0x4A, 0xEE, 0x41, 0x8C, 0x35, 
    0x30, 0x4E, 0xAD, 0x3D, 0xA3, 0x1C, 0xC6, 0x20, 0x27, 0x29, 0xAC, 0x3D, 0x30, 0x4E, 0x94, 0x5A, 
    0xD5, 0x5E, 0xCE, 0x41, 0x27, 0x2D, 0x28, 0x2D, 0x27, 0x2D, 0xC5, 0x20, 0xC4, 0x20, 0xC4, 0x20, 
    0x47, 0x35, 0xCB, 0x49, 0x0B, 0x52, 0x4E, 0x56, 0x6F, 0x5A, 0xED, 0x49, 0x05, 0x29, 0xE5, 0x24, 
    0xE5, 0x24, 0xE6, 0x24, 0x07, 0x29, 0x08, 0x29, 0xE6, 0x20, 0x08, 0x25, 0xEE, 0x41, 0x6B, 0x31, 
    0x07, 0x25, 0xE7, 0x20, 0xA4, 0x18, 0x62, 0x10, 0xCC, 0x41, 0xCC, 0x3D, 0xA0, 0x18, 0x8A, 0x31, 
    0xD3, 0x5E, 0x4F, 0x4A, 0xEA, 0x3D, 0xA8, 0x35, 0xA7, 0x35, 0xA7, 0x35, 0xC7, 0x35, 0xC9, 0x35, 
    0x0A, 0x3E, 0xE9, 0x39, 0xA5, 0x31, 0xA5, 0x31, 0xE7, 0x35, 0xE9, 0x39, 0x2E, 0x42, 0x53, 0x46, 
    0xB8, 0x52, 0xD9, 0x52, 0xF9, 0x52, 0xDA, 0x52, 0xFA, 0x56, 0xFB, 0x56, 0xFA, 0x5A, 0xFB, 0x56, 
    0xF9, 0x56, 0xB8, 0x4E, 0xB5, 0x4E, 0x74, 0x4A, 0x73, 0x4A, 0x53, 0x46, 0x52, 0x46, 0x52, 0x46, 
    0x50, 0x46, 0x30, 0x46, 0x2E, 0x4A, 0x0E, 0x42, 0x0B, 0x42, 0xEB, 0x3D, 0xEA, 0x3D, 0xC9, 0x39, 
    0xE9, 0x3D, 0xEA, 0x39, 0x0B, 0x3E, 0x2E, 0x42, 0x0D, 0x42, 0x2F, 0x42, 0x71, 0x4A, 0x51, 0x4A, 
    0xB3, 0x5A, 0x94, 0x56, 0x95, 0x52, 0x96, 0x4E, 0xD7, 0x52, 0xD8, 0x52, 0x1A, 0x57, 0x3C, 0x5B, 
    0x7D, 0x63, 0x7E, 0x63, 0x9E, 0x67, 0x7E, 0x67, 0x7E, 0x67, 0x5D, 0x63, 0x5C, 0x5F, 0x3D, 0x5F, 
    0x3C, 0x5F, 0x3D, 0x5F, 0x3C, 0x5F, 0x1C, 0x5B, 0x3B, 0x5F, 0x1C, 0x5B, 0x1B, 0x5F, 0xFB, 0x56, 
    0xF9, 0x56, 0xD8, 0x52, 0xD6, 0x52, 0x94, 0x4A, 0x73, 0x4A, 0x72, 0x4A, 0x70, 0x4A, 0x2D, 0x42, 
    0x2B, 0x46, 0x2C, 0x46, 0x0B, 0x42, 0x0B, 0x3E, 0x0A, 0x42, 0x0B, 0x42, 0x0A, 0x42, 0xEA, 0x39, 
    0xB9, 0x52, 0xD8, 0x52, 0xB8, 0x52, 0xB8, 0x52, 0x98, 0x4A, 0x76, 0x46, 0x34, 0x42, 0x32, 0x3E, 
    0xF1, 0x39, 0xEF, 0x39, 0xAE, 0x35, 0xAD, 0x35, 0xAD, 0x31, 0xAD, 0x35, 0x8D, 0x31, 0xAC, 0x35, 
    0x8C, 0x31, 0xAA, 0x35, 0xAB, 0x35, 0xEB, 0x3D, 0xEC, 0x3D, 0x0C, 0x3E, 0x0D, 0x3E, 0x0B, 0x3A, 
    0xCA, 0x35, 0xC9, 0x35, 0xC9, 0x35, 0xC9, 0x35, 0xC9, 0x35, 0xE9, 0x39, 0x0E, 0x3E, 0x4F, 0x42, 
    0x30, 0x3E, 0x2F, 0x42, 0x30, 0x42, 0x74, 0x46, 0x98, 0x4A, 0xDA, 0x52, 0xFC, 0x56, 0x3D, 0x5F, 
    0x1D, 0x5F, 0xFB, 0x56, 0xBA, 0x4E, 0xB9, 0x4E, 0x99, 0x4A, 0x97, 0x4A, 0x98, 0x4A, 0xFA, 0x56, 
    0x1D, 0x5B, 0x3D, 0x5F, 0x3E, 0x5F, 0x5E, 0x63, 0x5E, 0x5F, 0x5E, 0x5F, 0x3D, 0x5B, 0x1C, 0x5B, 
    0xFC, 0x56, 0xFB, 0x56, 0xDB, 0x52, 0xDA, 0x52, 0xBA, 0x52, 0xD9, 0x52, 0xDA, 0x52, 0xFA, 0x56, 
    0xFB, 0x56, 0x1B, 0x5F, 0x1C, 0x5B, 0x1C, 0x5F, 0x1D, 0x5B, 0x1C, 0x5F, 0x1C, 0x5B, 0x1C, 0x5F, 
    0x1C, 0x5B, 0x1C, 0x5B, 0x1D, 0x5B, 0x5D, 0x5F, 0x3E, 0x5B, 0x3D, 0x5B, 0xFC, 0x56, 0x74, 0x52, 
    0x1A, 0x63, 0xB6, 0x5A, 0x29, 0x2D, 0xAD, 0x3D, 0x93, 0x5A, 0xF4, 0x6A, 0xD5, 0x62, 0x73, 0x52, 
    0xF1, 0x41, 0x4A, 0x2D, 0xB6, 0x5A, 0xB5, 0x5A, 0x54, 0x52, 0x31, 0x4A, 0x74, 0x52, 0x73, 0x52, 
    0x95, 0x56, 0x0F, 0x46, 0x8D, 0x39, 0xE7, 0x20, 0xC7, 0x20, 0x4A, 0x31, 0x8D, 0x39, 0x8B, 0x35, 
    0x08, 0x25, 0xC6, 0x20, 0x29, 0x29, 0xC6, 0x20, 0x08, 0x29, 0x8B, 0x39, 0xAD, 0x3D, 0x28, 0x2D, 
    0xE6, 0x24, 0x06, 0x29, 0xA4, 0x1C, 0xC5, 0x20, 0x08, 0x29, 0x07, 0x25, 0xC7, 0x20, 0x29, 0x2D, 
    0x6B, 0x31, 0x31, 0x4E, 0x74, 0x52, 0xF7, 0x5E, 0xD7, 0x5A, 0xCF, 0x41, 0xC6, 0x20, 0x08, 0x29, 
    0xE7, 0x24, 0xC5, 0x20, 0x84, 0x18, 0xA4, 0x1C, 0x4A, 0x31, 0x8B, 0x39, 0x52, 0x56, 0xD6, 0x62, 
    0xD7, 0x62, 0x0F, 0x4A, 0x08, 0x29, 0x49, 0x31, 0xC6, 0x20, 0xA3, 0x1C, 0xA5, 0x20, 0xC4, 0x20, 
    0xE5, 0x28, 0x68, 0x3D, 0xCB, 0x4D, 0x4E, 0x5E, 0x4F, 0x5A, 0x69, 0x3D, 0xE6, 0x28, 0x48, 0x35, 
    0x08, 0x2D, 0xC4, 0x24, 0xE7, 0x24, 0x8B, 0x39, 0xAE, 0x3D, 0xCD, 0x3D, 0xAD, 0x39, 0x6A, 0x35, 
    0xE7, 0x24, 0xE6, 0x24, 0xA4, 0x18, 0x83, 0x18, 0x6B, 0x35, 0x2E, 0x4E, 0xC4, 0x20, 0x8A, 0x35, 
    0x17, 0x63, 0x92, 0x56, 0xCB, 0x3D, 0xCA, 0x3D, 0xA9, 0x35, 0xA8, 0x39, 0xA9, 0x39, 0xC8, 0x39, 
    0xEA, 0x39, 0x0A, 0x3E, 0xA6, 0x31, 0xC5, 0x31, 0xC8, 0x35, 0xE9, 0x3D, 0x0E, 0x3E, 0x75, 0x4E, 
    0xDB, 0x56, 0xFB, 0x5A, 0xFB, 0x56, 0x1B, 0x5B, 0xFB, 0x5A, 0xFB, 0x5A, 0xFB, 0x5A, 0xFB, 0x5A, 
    0xFB, 0x56, 0xFA, 0x56, 0xB7, 0x52, 0x95, 0x4E, 0x75, 0x4A, 0x74, 0x4A, 0x54, 0x4A, 0x53, 0x4A, 
    0x32, 0x46, 0x2F, 0x4A, 0x0F, 0x46, 0x0D, 0x46, 0xEC, 0x3D, 0xEA, 0x3D, 0xCA, 0x3D, 0xE9, 0x3D, 
    0xC9, 0x39, 0xE9, 0x3D, 0xEC, 0x3D, 0x4F, 0x4A, 0x2F, 0x42, 0x2E, 0x46, 0x30, 0x46, 0x71, 0x4E, 
    0x94, 0x56, 0xB5, 0x5A, 0x96, 0x52, 0xB7, 0x52, 0xB7, 0x4E, 0xD7, 0x52, 0xD9, 0x52, 0x1B, 0x5B, 
    0x3D, 0x5F, 0x5D, 0x63, 0x5E, 0x63, 0x7D, 0x67, 0x3D, 0x63, 0x3C, 0x63, 0x3D, 0x5F, 0x3D, 0x63, 
    0x3D, 0x5F, 0x5D, 0x63, 0x3D, 0x63, 0x3D, 0x63, 0x3D, 0x5F, 0x3C, 0x63, 0x1C, 0x5F, 0x1B, 0x5B, 
    0xFA, 0x56, 0xD8, 0x56, 0xB7, 0x52, 0x94, 0x4E, 0x74, 0x4A, 0x72, 0x4A, 0x50, 0x46, 0x2C, 0x42, 
    0x0C, 0x46, 0x2C, 0x4A, 0x0C, 0x42, 0x0A, 0x42, 0xEB, 0x41, 0x0B, 0x42, 0xEB, 0x3D, 0x0A, 0x3E, 
    0xB7, 0x52, 0xB9, 0x52, 0xD8, 0x52, 0xB9, 0x4E, 0xB8, 0x4E, 0x77, 0x46, 0x54, 0x42, 0x33, 0x3E, 
    0x10, 0x3A, 0xCF, 0x35, 0xCD, 0x35, 0xAD, 0x31, 0xAC, 0x31, 0x8D, 0x31, 0xAC, 0x31, 0x8C, 0x31, 
    0xAB, 0x35, 0xAB, 0x31, 0xCA, 0x35, 0xCB, 0x39, 0xEB, 0x39, 0xEC, 0x39, 0x0B, 0x3A, 0xEA, 0x35, 
    0xE9, 0x35, 0xC9, 0x35, 0xC9, 0x35, 0xC9, 0x35, 0xE9, 0x39, 0xEA, 0x39, 0x0B, 0x3E, 0x0D, 0x3E, 
    0x2D, 0x3E, 0x2E, 0x3E, 0x50, 0x42, 0x76, 0x46, 0xB8, 0x4E, 0xDA, 0x52, 0x1C, 0x5B, 0x1D, 0x5B, 
    0x3D, 0x5F, 0xFC, 0x56, 0xDA, 0x52, 0xB9, 0x4E, 0xB8, 0x4E, 0x98, 0x4A, 0xB8, 0x4E, 0xFB, 0x52, 
    0x3D, 0x5F, 0x3E, 0x5F, 0x5E, 0x63, 0x5E, 0x5F, 0x5E, 0x5F, 0x3D, 0x5B, 0x3C, 0x5B, 0x1C, 0x57, 
    0xFB, 0x56, 0xDB, 0x52, 0xFA, 0x56, 0xDA, 0x52, 0xD9, 0x52, 0xDA, 0x52, 0xDA, 0x56, 0xDA, 0x56, 
    0xFA, 0x5A, 0xFB, 0x5A, 0x1B, 0x5B, 0x1C, 0x5B, 0x1C, 0x5B, 0x1C, 0x5B, 0x1C, 0x5B, 0x1C, 0x5B, 
    0x1C, 0x5B, 0x1C, 0x5B, 0x3C, 0x5B, 0x3D, 0x5B, 0x5D, 0x5B, 0x3D, 0x5B, 0x1B, 0x5B, 0x95, 0x52, 
    0x39, 0x67, 0x74, 0x52, 0x08, 0x29, 0xEF, 0x45, 0xD4, 0x66, 0xD4, 0x66, 0x93, 0x5A, 0x1A, 0x63, 
    0x32, 0x4A, 0xE8, 0x20, 0xCE, 0x3D, 0xCF, 0x3D, 0xCE, 0x41, 0x31, 0x4A, 0x72, 0x52, 0xB7, 0x5A, 
    0xB6, 0x5A, 0xAE, 0x39, 0xCD, 0x3D, 0x4B, 0x2D, 0xC6, 0x20, 0x29, 0x29, 0xAD, 0x39, 0x6C, 0x31, 
    0xC5, 0x1C, 0xA5, 0x18, 0xA5, 0x1C, 0x85, 0x18, 0xC6, 0x20, 0xE7, 0x20, 0x06, 0x29, 0x29, 0x2D, 
    0xAC, 0x3D, 0xE7, 0x28, 0xE5, 0x24, 0xC5, 0x20, 0xE6, 0x24, 0x29, 0x2D, 0x6A, 0x31, 0x6B, 0x31, 
    0xCE, 0x3D, 0x32, 0x4A, 0x94, 0x56, 0x74, 0x52, 0xCE, 0x3D, 0x8C, 0x35, 0xC6, 0x20, 0x84, 0x18, 
    0xC5, 0x1C, 0xA5, 0x1C, 0xA4, 0x1C, 0x07, 0x29, 0xAC, 0x3D, 0xAC, 0x3D, 0x72, 0x56, 0xB5, 0x5E, 
    0xB4, 0x5A, 0x10, 0x4A, 0xE6, 0x24, 0xC6, 0x24, 0xC4, 0x20, 0xC5, 0x20, 0x06, 0x2D, 0x49, 0x35, 
    0x47, 0x35, 0x27, 0x35, 0xC9, 0x49, 0x2E, 0x5A, 0xEB, 0x4D, 0x07, 0x31, 0x8A, 0x3D, 0x10, 0x4E, 
    0x0E, 0x4A, 0x07, 0x29, 0xA3, 0x1C, 0xAD, 0x3D, 0xEE, 0x45, 0x10, 0x46, 0x8B, 0x39, 0x29, 0x2D, 
    0xE6, 0x24, 0xE7, 0x20, 0xA4, 0x1C, 0x84, 0x18, 0x69, 0x31, 0x50, 0x4E, 0x46, 0x2D, 0x8A, 0x31, 
    0x37, 0x67, 0xF6, 0x62, 0x2E, 0x4A, 0xEB, 0x3D, 0x0B, 0x42, 0xA9, 0x35, 0xE9, 0x3D, 0xEA, 0x39, 
    0xE9, 0x3D, 0xEA, 0x3D, 0xC7, 0x35, 0xA6, 0x31, 0xC7, 0x35, 0xE9, 0x39, 0x2E, 0x42, 0x96, 0x4E, 
    0xDA, 0x56, 0x1C, 0x5B, 0x1B, 0x5B, 0xFB, 0x5A, 0xFA, 0x5A, 0xFB, 0x5A, 0xFA, 0x5A, 0xFC, 0x5A, 
    0x1C, 0x5F, 0xFB, 0x56, 0xF8, 0x56, 0xB7, 0x4E, 0x96, 0x4E, 0x76, 0x4A, 0x75, 0x4A, 0x55, 0x4A, 
    0x52, 0x4A, 0x30, 0x46, 0x2E, 0x46, 0x0E, 0x42, 0xEB, 0x3D, 0xCA, 0x39, 0xE9, 0x39, 0xC9, 0x39, 
    0xE8, 0x39, 0xC9, 0x39, 0xEA, 0x3D, 0x2F, 0x46, 0x2E, 0x46, 0x0D, 0x3E, 0x2E, 0x46, 0x51, 0x4A, 
    0x93, 0x56, 0x95, 0x52, 0x96, 0x4E, 0x97, 0x4E, 0xB7, 0x4E, 0xB7, 0x4E, 0xD7, 0x52, 0xFA, 0x52, 
    0x1B, 0x5B, 0x1C, 0x5B, 0x3C, 0x5F, 0x3C, 0x5B, 0x1B, 0x5B, 0x1C, 0x5B, 0x3C, 0x63, 0x5E, 0x63, 
    0x5D, 0x63, 0x3E, 0x63, 0x5D, 0x63, 0x3D, 0x5F, 0x3C, 0x63, 0x3D, 0x5F, 0x3C, 0x5F, 0xFB, 0x5A, 
    0xF9, 0x56, 0xB8, 0x52, 0x95, 0x4E, 0x75, 0x4A, 0x73, 0x4A, 0x51, 0x46, 0x2D, 0x42, 0x0B, 0x3E, 
    0x2B, 0x46, 0x2C, 0x46, 0x2B, 0x4A, 0x0B, 0x42, 0x0A, 0x42, 0x0B, 0x42, 0x0A, 0x42, 0xEA, 0x39, 
    0x98, 0x52, 0xB8, 0x56, 0xB9, 0x52, 0xB9, 0x52, 0x99, 0x4E, 0x77, 0x4A, 0x56, 0x42, 0x33, 0x3E, 
    0xF1, 0x39, 0xEF, 0x39, 0xAE, 0x31, 0xAD, 0x35, 0x8D, 0x31, 0xAD, 0x31, 0x8D, 0x31, 0xAC, 0x35, 
    0x8D, 0x31, 0xAB, 0x35, 0xAC, 0x35, 0xEC, 0x39, 0xCC, 0x39, 0xEB, 0x39, 0xCB, 0x35, 0xEA, 0x35, 
    0xCA, 0x35, 0xC9, 0x39, 0xCA, 0x35, 0xC9, 0x39, 0xCA, 0x39, 0xEA, 0x3D, 0x0B, 0x3E, 0x0C, 0x3E, 
    0x0E, 0x3E, 0x2F, 0x42, 0x32, 0x42, 0x76, 0x4A, 0x99, 0x4E, 0xDA, 0x56, 0xFC, 0x56, 0x1D, 0x5F, 
    0x1D, 0x5F, 0x1C, 0x5B, 0xDB, 0x52, 0xB9, 0x52, 0xBA, 0x4E, 0xB9, 0x4E, 0xB9, 0x4E, 0xFB, 0x56, 
    0x3E, 0x5F, 0x5E, 0x63, 0x5F, 0x63, 0x5E, 0x63, 0x3E, 0x5F, 0x3D, 0x5F, 0x1D, 0x5B, 0x1C, 0x5B, 
    0xDC, 0x56, 0xFB, 0x56, 0xDB, 0x52, 0xDA, 0x56, 0xDB, 0x52, 0xDA, 0x56, 0xBA, 0x52, 0xDA, 0x56, 
    0xDA, 0x56, 0xFB, 0x5A, 0xFC, 0x5A, 0x1B, 0x5F, 0xFC, 0x5A, 0x1C, 0x5F, 0xFC, 0x5A, 0x1B, 0x5B, 
    0xFC, 0x5A, 0x1C, 0x5B, 0x1D, 0x5B, 0x1C, 0x5B, 0x1D, 0x5B, 0x3D, 0x5B, 0xFB, 0x56, 0xB6, 0x5A, 
    0xF9, 0x62, 0x31, 0x4A, 0xE8, 0x28, 0x50, 0x52, 0xB4, 0x62, 0xD4, 0x66, 0x53, 0x52, 0x5C, 0x6B, 
    0x55, 0x4E, 0xE7, 0x24, 0x4B, 0x31, 0xAE, 0x3D, 0xF0, 0x45, 0x31, 0x4E, 0x11, 0x4A, 0xD8, 0x5E, 
    0x75, 0x52, 0x32, 0x4A, 0xF1, 0x45, 0xCE, 0x3D, 0xC7, 0x20, 0x29, 0x2D, 0x8D, 0x39, 0x8C, 0x35, 
    0x85, 0x18, 0x84, 0x18, 0x85, 0x18, 0x08, 0x29, 0x2A, 0x2D, 0x6A, 0x31, 0x6C, 0x39, 0xEF, 0x45, 
    0x53, 0x52, 0xAC, 0x41, 0xC6, 0x24, 0xE7, 0x28, 0x6C, 0x35, 0xAD, 0x3D, 0xAE, 0x39, 0xCE, 0x3D, 
    0x12, 0x46, 0x53, 0x52, 0xD0, 0x41, 0x4A, 0x31, 0xA6, 0x20, 0x6B, 0x35, 0xE8, 0x24, 0xE6, 0x24, 
    0xA6, 0x1C, 0xC5, 0x20, 0xC6, 0x20, 0x6A, 0x35, 0xCE, 0x41, 0x51, 0x52, 0x53, 0x56, 0x31, 0x4E, 
    0x8C, 0x3D, 0x8B, 0x3D, 0xC7, 0x24, 0xE6, 0x28, 0xE7, 0x28, 0x28, 0x31, 0xCE, 0x45, 0x30, 0x52, 
    0xEE, 0x4D, 0xEC, 0x4D, 0xCB, 0x4D, 0xEB, 0x51, 0x68, 0x41, 0x68, 0x3D, 0x10, 0x4E, 0x72, 0x5A, 
    0x73, 0x56, 0xCD, 0x41, 0x08, 0x29, 0xAD, 0x3D, 0x53, 0x52, 0x30, 0x4A, 0x4A, 0x31, 0x07, 0x29, 
    0xC6, 0x20, 0x83, 0x14, 0x84, 0x14, 0xC5, 0x1C, 0x49, 0x2D, 0x2E, 0x4A, 0x8A, 0x35, 0x69, 0x31, 
    0xD6, 0x62, 0xF5, 0x62, 0xD5, 0x5E, 0xEB, 0x41, 0xCA, 0x3D, 0xEB, 0x41, 0xC9, 0x39, 0xE9, 0x3D, 
    0xCA, 0x3D, 0x0A, 0x42, 0xC8, 0x35, 0xC6, 0x35, 0xA7, 0x35, 0xE9, 0x3D, 0x0F, 0x42, 0x96, 0x52, 
    0xBA, 0x52, 0x1C, 0x5F, 0xFC, 0x5A, 0xFA, 0x5A, 0xDA, 0x56, 0xDA, 0x5A, 0xDA, 0x56, 0x1C, 0x5F, 
    0x3D, 0x5F, 0x1B, 0x5B, 0xDA, 0x56, 0xD8, 0x56, 0x98, 0x52, 0x97, 0x52, 0x77, 0x4E, 0x75, 0x4E, 
    0x53, 0x4A, 0x51, 0x4A, 0x30, 0x46, 0x0E, 0x46, 0xEC, 0x3D, 0xEA, 0x3D, 0xCA, 0x39, 0xC8, 0x39, 
    0xC8, 0x39, 0xC8, 0x39, 0xC9, 0x39, 0x0B, 0x3E, 0xEC, 0x3D, 0xEB, 0x3D, 0x0E, 0x42, 0x50, 0x4E, 
    0x53, 0x4E, 0x75, 0x4E, 0x96, 0x4E, 0x96, 0x4E, 0x97, 0x4E, 0xB7, 0x52, 0xB8, 0x4E, 0xD8, 0x52, 
    0xD9, 0x56, 0xFA, 0x5A, 0xFC, 0x5A, 0x1B, 0x5B, 0xFB, 0x56, 0x1C, 0x5F, 0x3E, 0x63, 0x5E, 0x67, 
    0x5E, 0x63, 0x5D, 0x63, 0x3D, 0x5F, 0x3C, 0x63, 0x1D, 0x5F, 0x3D, 0x63, 0x1D, 0x5F, 0x1B, 0x5B, 
    0xD9, 0x56, 0x95, 0x4E, 0x75, 0x4A, 0x74, 0x4A, 0x53, 0x46, 0x50, 0x46, 0x0C, 0x3E, 0xE9, 0x3D, 
    0x0B, 0x42, 0x2C, 0x4A, 0x2D, 0x4A, 0x0B, 0x4A, 0xEB, 0x41, 0x0A, 0x42, 0xEB, 0x3D, 0xEA, 0x3D, 
    0xB6, 0x52, 0xB8, 0x52, 0xD8, 0x52, 0xB9, 0x4E, 0xB8, 0x4E, 0x77, 0x46, 0x75, 0x42, 0x33, 0x3A, 
    0x10, 0x3A, 0xEF, 0x35, 0xCD, 0x35, 0xAD, 0x31, 0xAC, 0x31, 0xAD, 0x31, 0xAC, 0x31, 0xAD, 0x31, 
    0xCC, 0x31, 0xCD, 0x31, 0xEC, 0x35, 0xED, 0x39, 0xEC, 0x39, 0xCB, 0x31, 0xEA, 0x35, 0xEB, 0x35, 
    0xEA, 0x35, 0xCA, 0x35, 0xE9, 0x39, 0xEA, 0x39, 0x09, 0x3E, 0x0A, 0x3E, 0x2B, 0x3E, 0x2D, 0x3E, 
    0x4F, 0x42, 0x51, 0x42, 0x74, 0x46, 0x77, 0x4A, 0xB9, 0x52, 0xDB, 0x52, 0x1B, 0x5B, 0x1D, 0x5B, 
    0x3C, 0x5B, 0xFC, 0x56, 0xDA, 0x52, 0xBA, 0x4E, 0xD9, 0x4E, 0xB9, 0x4E, 0xD9, 0x52, 0x1C, 0x57, 
    0x5D, 0x5F, 0x5E, 0x5F, 0x7E, 0x63, 0x5E, 0x5F, 0x5D, 0x5F, 0x3D, 0x5B, 0x3C, 0x5B, 0x1C, 0x57, 
    0xFB, 0x56, 0xDB, 0x52, 0xFB, 0x56, 0xDB, 0x52, 0xFA, 0x52, 0xDA, 0x52, 0xD9, 0x52, 0xD9, 0x52, 
    0xF9, 0x56, 0xFA, 0x56, 0x1A, 0x5B, 0xFB, 0x56, 0x1B, 0x5B, 0xFB, 0x5A, 0x1B, 0x5B, 0xFC, 0x5A, 
    0x1B, 0x5B, 0xFC, 0x56, 0x1B, 0x57, 0x1C, 0x57, 0x3C, 0x57, 0x3D, 0x57, 0x1A, 0x5B, 0xD6, 0x5A, 
    0xB5, 0x56, 0xCF, 0x3D, 0x28, 0x29, 0x51, 0x52, 0xF4, 0x66, 0x71, 0x56, 0x94, 0x56, 0x5C, 0x67, 
    0x74, 0x4E, 0xC6, 0x1C, 0x28, 0x29, 0x32, 0x4A, 0xB4, 0x5A, 0x10, 0x4A, 0x72, 0x52, 0xD7, 0x5A, 
    0x94, 0x52, 0x95, 0x52, 0x73, 0x52, 0xEF, 0x41, 0x27, 0x29, 0xAD, 0x39, 0xCD, 0x3D, 0x09, 0x29, 
    0xE6, 0x20, 0xA5, 0x18, 0xE6, 0x20, 0x8D, 0x35, 0x51, 0x4E, 0x52, 0x4A, 0x73, 0x52, 0x94, 0x52, 
    0xB5, 0x56, 0x51, 0x4A, 0xA3, 0x1C, 0x29, 0x2D, 0x0F, 0x46, 0x11, 0x46, 0x0F, 0x46, 0x32, 0x4A, 
    0x94, 0x56, 0x10, 0x46, 0x08, 0x29, 0x29, 0x29, 0xE6, 0x24, 0x29, 0x29, 0x8A, 0x35, 0x08, 0x29, 
    0xA4, 0x1C, 0x08, 0x29, 0x6A, 0x35, 0xAC, 0x3D, 0x2F, 0x4A, 0x93, 0x56, 0x51, 0x52, 0x6B, 0x35, 
    0x07, 0x2D, 0x28, 0x2D, 0x28, 0x2D, 0x6B, 0x39, 0x0E, 0x4A, 0x10, 0x4A, 0x93, 0x5A, 0xB4, 0x5E, 
    0x91, 0x5E, 0x70, 0x5A, 0x2C, 0x56, 0x89, 0x45, 0xA9, 0x45, 0x0D, 0x4E, 0x71, 0x56, 0x72, 0x56, 
    0x72, 0x56, 0x31, 0x4E, 0x0F, 0x4A, 0x8C, 0x35, 0x51, 0x4E, 0x30, 0x4A, 0xCC, 0x3D, 0x08, 0x29, 
    0xE5, 0x24, 0x42, 0x0C, 0x41, 0x0C, 0xA4, 0x18, 0x47, 0x2D, 0xAB, 0x39, 0x88, 0x31, 0x27, 0x29, 
    0xD4, 0x5E, 0xB4, 0x5A, 0xF4, 0x5E, 0x71, 0x4E, 0xA7, 0x35, 0x0B, 0x3E, 0x09, 0x3E, 0xC8, 0x35, 
    0x09, 0x3E, 0xE9, 0x39, 0xE7, 0x39, 0xA6, 0x31, 0xC6, 0x35, 0xE9, 0x39, 0x2D, 0x42, 0x76, 0x4A, 
    0xB8, 0x52, 0xFB, 0x56, 0xFA, 0x5A, 0xD9, 0x52, 0xD9, 0x56, 0xDA, 0x56, 0xFA, 0x5A, 0x3D, 0x5F, 
    0x5D, 0x63, 0x1B, 0x5B, 0xF9, 0x56, 0xB8, 0x52, 0xB7, 0x52, 0xB7, 0x4E, 0xB6, 0x4E, 0x76, 0x4A, 
    0x73, 0x4A, 0x52, 0x46, 0x50, 0x46, 0x2F, 0x42, 0x0B, 0x3E, 0xEB, 0x3D, 0xE9, 0x39, 0xC8, 0x35, 
    0xE8, 0x39, 0xC9, 0x35, 0xE8, 0x39, 0xC9, 0x35, 0xE8, 0x39, 0xC9, 0x35, 0x0B, 0x3E, 0x2F, 0x46, 
    0x72, 0x4A, 0x75, 0x4A, 0x95, 0x4E, 0x96, 0x4A, 0xB6, 0x4E, 0xB7, 0x4E, 0xD7, 0x4E, 0xB7, 0x4E, 
    0xD7, 0x52, 0xF9, 0x52, 0x1A, 0x5B, 0xFB, 0x56, 0x1B, 0x5B, 0x1C, 0x5B, 0x5D, 0x63, 0x5E, 0x63, 
    0x5D, 0x63, 0x3D, 0x5F, 0x3C, 0x5F, 0x1C, 0x5B, 0x1C, 0x5F, 0x1C, 0x5F, 0x3B, 0x5F, 0xFA, 0x56, 
    0xD7, 0x52, 0x95, 0x4A, 0x73, 0x4A, 0x52, 0x46, 0x50, 0x46, 0x4F, 0x42, 0x0B, 0x3E, 0xE9, 0x35, 
    0x0A, 0x3E, 0x2C, 0x46, 0x4D, 0x4E, 0x2C, 0x4A, 0x0B, 0x42, 0xEB, 0x3D, 0x0A, 0x3E, 0xEA, 0x39, 
    0x96, 0x52, 0xB6, 0x52, 0xB8, 0x52, 0xD8, 0x52, 0x98, 0x4E, 0x97, 0x4A, 0x56, 0x42, 0x33, 0x3E, 
    0xF1, 0x39, 0xEF, 0x35, 0xAE, 0x31, 0xAD, 0x31, 0xAD, 0x31, 0xAD, 0x31, 0xAD, 0x31, 0xAD, 0x31, 
    0xAE, 0x31, 0xCE, 0x35, 0xCF, 0x35, 0xEE, 0x39, 0xCD, 0x35, 0xEC, 0x35, 0xEC, 0x35, 0xED, 0x39, 
    0xEC, 0x39, 0xEA, 0x39, 0xEB, 0x39, 0x0A, 0x3E, 0x0B, 0x3E, 0x2C, 0x42, 0x2D, 0x42, 0x4F, 0x42, 
    0x51, 0x42, 0x73, 0x46, 0x56, 0x46, 0x98, 0x4E, 0xBA, 0x52, 0xDA, 0x56, 0xDC, 0x56, 0x1C, 0x5B, 
    0x1D, 0x5B, 0xFB, 0x5A, 0xDB, 0x52, 0xB9, 0x52, 0xB9, 0x4E, 0xD9, 0x4E, 0xDA, 0x52, 0x1C, 0x5B, 
    0x5E, 0x5F, 0x7E, 0x63, 0x7F, 0x63, 0x7E, 0x63, 0x5E, 0x5F, 0x3D, 0x5F, 0x1D, 0x5B, 0x1C, 0x5B, 
    0xFC, 0x56, 0xFC, 0x56, 0xDC, 0x56, 0xFB, 0x56, 0xDB, 0x52, 0xDA, 0x56, 0xDA, 0x52, 0xD9, 0x56, 
    0xDA, 0x52, 0xFA, 0x56, 0xFB, 0x56, 0xFA, 0x5A, 0xFB, 0x56, 0xFB, 0x5A, 0xFB, 0x5A, 0x1B, 0x5B, 
    0xFC, 0x56, 0x1B, 0x5B, 0xFC, 0x56, 0x1C, 0x57, 0x1C, 0x57, 0x3C, 0x5B, 0xFB, 0x5A, 0xB4, 0x5A, 
    0xEF, 0x41, 0x8C, 0x39, 0x09, 0x29, 0x71, 0x56, 0x93, 0x5E, 0xCD, 0x45, 0xF8, 0x62, 0x3B, 0x67, 
    0x76, 0x4E, 0xC7, 0x20, 0x08, 0x25, 0x4B, 0x31, 0x6C, 0x35, 0xCD, 0x41, 0x53, 0x52, 0xF8, 0x5E, 
    0xD8, 0x5A, 0x94, 0x52, 0xF0, 0x41, 0x4A, 0x2D, 0x29, 0x2D, 0xEF, 0x45, 0xCF, 0x41, 0x4A, 0x31, 
    0xAE, 0x3D, 0xE7, 0x24, 0x2A, 0x29, 0x10, 0x46, 0xB6, 0x5A, 0xF7, 0x5E, 0x96, 0x56, 0xB5, 0x56, 
    0x95, 0x56, 0x52, 0x4E, 0x83, 0x18, 0xAC, 0x39, 0x53, 0x52, 0x73, 0x52, 0x53, 0x4E, 0x94, 0x56, 
    0x95, 0x56, 0x8C, 0x35, 0x4B, 0x31, 0x8B, 0x39, 0x29, 0x2D, 0xE6, 0x24, 0xE8, 0x24, 0x08, 0x29, 
    0x2A, 0x2D, 0x8C, 0x39, 0xAD, 0x39, 0xCE, 0x41, 0x11, 0x4A, 0x10, 0x4A, 0xAE, 0x3D, 0x6B, 0x35, 
    0xE7, 0x28, 0x06, 0x29, 0x08, 0x2D, 0x51, 0x56, 0xB5, 0x5E, 0xB4, 0x5E, 0xB5, 0x62, 0xD5, 0x66, 
    0x93, 0x62, 0x90, 0x62, 0x2F, 0x5A, 0xA9, 0x49, 0xEC, 0x51, 0x70, 0x5E, 0x51, 0x5A, 0x71, 0x56, 
    0x52, 0x52, 0x72, 0x56, 0x72, 0x52, 0xCE, 0x45, 0xAD, 0x3D, 0x49, 0x31, 0x4A, 0x31, 0x07, 0x2D, 
    0x08, 0x2D, 0xC5, 0x20, 0x62, 0x14, 0xC4, 0x1C, 0x28, 0x2D, 0x69, 0x31, 0x48, 0x2D, 0x25, 0x29, 
    0x71, 0x52, 0x16, 0x67, 0x51, 0x4E, 0xB2, 0x5A, 0xEC, 0x41, 0xC9, 0x39, 0xC9, 0x39, 0xC8, 0x39, 
    0xEA, 0x3D, 0xE8, 0x39, 0xC7, 0x35, 0xA5, 0x35, 0xA6, 0x31, 0xE8, 0x39, 0xEC, 0x3D, 0x73, 0x4A, 
    0x98, 0x52, 0xD9, 0x56, 0xDA, 0x56, 0xDA, 0x56, 0xDA, 0x56, 0xFA, 0x5A, 0x1C, 0x5B, 0x5E, 0x67, 
    0x3D, 0x5F, 0xFA, 0x5A, 0xD9, 0x52, 0xD8, 0x52, 0xB8, 0x52, 0xD8, 0x56, 0xB8, 0x4E, 0x96, 0x4E, 
    0x75, 0x4A, 0x73, 0x4A, 0x52, 0x46, 0x4F, 0x46, 0x0E, 0x3E, 0x2D, 0x42, 0xEA, 0x39, 0xE8, 0x39, 
    0xC9, 0x39, 0xE9, 0x39, 0xC9, 0x35, 0xC8, 0x35, 0xC8, 0x35, 0xC8, 0x35, 0xCA, 0x39, 0x2E, 0x46, 
    0x53, 0x4A, 0x74, 0x4A, 0x75, 0x4A, 0x95, 0x4A, 0x96, 0x4A, 0xB7, 0x4E, 0xB7, 0x4E, 0xB6, 0x4E, 
    0x97, 0x4E, 0xD9, 0x56, 0xFB, 0x56, 0xFA, 0x5A, 0xFB, 0x5A, 0x3C, 0x5F, 0x3E, 0x63, 0x5D, 0x63, 
    0x3E, 0x63, 0x3D, 0x63, 0x1C, 0x5F, 0x1B, 0x5F, 0xFC, 0x5A, 0x1B, 0x5F, 0xFB, 0x5A, 0xD8, 0x56, 
    0xB6, 0x4E, 0x94, 0x4E, 0x53, 0x46, 0x2F, 0x46, 0x0D, 0x3E, 0x2C, 0x3E, 0xEB, 0x39, 0xE9, 0x39, 
    0xEB, 0x3D, 0x2C, 0x4A, 0x4E, 0x4E, 0x2D, 0x4E, 0xEB, 0x41, 0xEA, 0x41, 0xEA, 0x3D, 0xE9, 0x3D, 
    0xB6, 0x52, 0x96, 0x4E, 0xB7, 0x52, 0xB9, 0x52, 0xB8, 0x4E, 0x77, 0x4A, 0x76, 0x46, 0x33, 0x3E, 
    0x10, 0x3A, 0xCF, 0x35, 0xCE, 0x35, 0xAE, 0x31, 0xCD, 0x31, 0xAD, 0x31, 0xAD, 0x31, 0xAE, 0x31, 
    0xCE, 0x35, 0xCF, 0x31, 0xEF, 0x35, 0xCE, 0x35, 0xEC, 0x35, 0xEE, 0x35, 0x0E, 0x3A, 0x0F, 0x3A, 
    0x0D, 0x3E, 0xEB, 0x39, 0x0B, 0x3E, 0x0C, 0x3E, 0x4D, 0x46, 0x50, 0x46, 0x70, 0x4A, 0x52, 0x46, 
    0x73, 0x46, 0x75, 0x42, 0x76, 0x4A, 0x98, 0x4E, 0xD9, 0x52, 0xDB, 0x52, 0xFB, 0x56, 0xFC, 0x56, 
    0x1C, 0x5B, 0xFC, 0x56, 0xDA, 0x52, 0xB9, 0x4E, 0xD9, 0x4E, 0xB9, 0x4E, 0xDA, 0x52, 0x1C, 0x57, 
    0x5D, 0x5F, 0x7E, 0x63, 0x9E, 0x63, 0x7F, 0x63, 0x5E, 0x5F, 0x3D, 0x5B, 0x3C, 0x5B, 0x1D, 0x57, 
    0x1C, 0x5B, 0xFC, 0x56, 0x1C, 0x57, 0xFC, 0x56, 0xFB, 0x56, 0xDB, 0x52, 0xD9, 0x52, 0xD9, 0x52, 
    0xD9, 0x52, 0xD9, 0x52, 0xF9, 0x56, 0xFA, 0x56, 0xFA, 0x5A, 0xFB, 0x56, 0x1B, 0x5B, 0xFB, 0x5A, 
    0x1B, 0x5B, 0xFC, 0x56, 0x1B, 0x57, 0xFC, 0x56, 0x1B, 0x57, 0x1C, 0x57, 0x1A, 0x5B, 0x94, 0x56, 
    0xCD, 0x41, 0x6B, 0x35, 0x4A, 0x31, 0x72, 0x56, 0x0E, 0x4A, 0x10, 0x4A, 0x39, 0x6B, 0x1A, 0x63, 
    0xB6, 0x56, 0x09, 0x25, 0xE7, 0x20, 0xE8, 0x20, 0xEF, 0x45, 0x52, 0x4E, 0x73, 0x56, 0xF9, 0x5E, 
    0x18, 0x63, 0xF1, 0x41, 0xE6, 0x20, 0xE7, 0x20, 0x6A, 0x35, 0xCF, 0x41, 0x6A, 0x31, 0xAD, 0x39, 
    0xEE, 0x41, 0x4A, 0x2D, 0xCD, 0x3D, 0x52, 0x4A, 0xB5, 0x5A, 0x19, 0x63, 0xB5, 0x5A, 0x95, 0x52, 
    0xB4, 0x56, 0x52, 0x4E, 0xC4, 0x20, 0xCF, 0x3D, 0x94, 0x56, 0xB5, 0x56, 0xB5, 0x5A, 0x73, 0x4E, 
    0x10, 0x46, 0x8D, 0x39, 0x52, 0x52, 0x52, 0x4E, 0x6A, 0x35, 0xC6, 0x20, 0xC4, 0x1C, 0x8C, 0x35, 
    0xEF, 0x41, 0xEF, 0x3D, 0xEF, 0x41, 0xF0, 0x41, 0x31, 0x4A, 0xCF, 0x3D, 0x31, 0x4A, 0x53, 0x4E, 
    0x49, 0x31, 0xC6, 0x24, 0x49, 0x31, 0xD6, 0x5E, 0x17, 0x6B, 0xD6, 0x62, 0xD5, 0x62, 0xD6, 0x66, 
    0xB2, 0x62, 0x70, 0x5E, 0x4E, 0x5E, 0xCB, 0x4D, 0x4D, 0x5A, 0x70, 0x5E, 0x70, 0x5A, 0x51, 0x52, 
    0x51, 0x52, 0x52, 0x52, 0x50, 0x4E, 0xAC, 0x3D, 0x6A, 0x35, 0xE6, 0x24, 0x06, 0x29, 0x07, 0x29, 
    0x27, 0x2D, 0x07, 0x29, 0xE5, 0x20, 0xC5, 0x20, 0x8A, 0x39, 0xAC, 0x39, 0x89, 0x35, 0x26, 0x29, 
    0x0C, 0x4A, 0x93, 0x5A, 0x50, 0x52, 0x50, 0x4E, 0x6F, 0x52, 0xC9, 0x39, 0xA6, 0x31, 0xA8, 0x35, 
    0x0B, 0x42, 0xC9, 0x39, 0xC6, 0x35, 0xA5, 0x31, 0xA5, 0x35, 0xC7, 0x35, 0x0A, 0x3E, 0x31, 0x46, 
    0xB7, 0x52, 0xB9, 0x52, 0xFA, 0x5A, 0xFB, 0x5A, 0xFB, 0x5A, 0x1C, 0x5B, 0x3C, 0x5F, 0x5E, 0x63, 
    0x3B, 0x5F, 0xD8, 0x52, 0xD7, 0x52, 0xD8, 0x52, 0xD8, 0x56, 0xD8, 0x52, 0xB7, 0x52, 0x96, 0x4A, 
    0x95, 0x4A, 0x73, 0x46, 0x71, 0x46, 0x30, 0x42, 0x4F, 0x46, 0x50, 0x42, 0x0B, 0x3E, 0xC9, 0x39, 
    0xE9, 0x39, 0xEA, 0x39, 0xC8, 0x35, 0xC7, 0x31, 0xC7, 0x35, 0xA8, 0x35, 0xC8, 0x35, 0x0D, 0x3E, 
    0x51, 0x4A, 0x74, 0x4A, 0x73, 0x4A, 0x74, 0x46, 0x74, 0x4A, 0x96, 0x4E, 0xB6, 0x4E, 0x95, 0x4A, 
    0x95, 0x4E, 0xB8, 0x52, 0xD9, 0x56, 0xDA, 0x56, 0xFA, 0x5A, 0x1C, 0x5B, 0x3C, 0x5F, 0x1D, 0x5F, 
    0x3C, 0x5F, 0x1C, 0x5B, 0x1B, 0x5F, 0xFB, 0x56, 0xFA, 0x5A, 0xFB, 0x56, 0xF9, 0x56, 0xB7, 0x4E, 
    0x94, 0x4E, 0x73, 0x4A, 0x50, 0x46, 0x0C, 0x3E, 0xE9, 0x39, 0xCA, 0x35, 0xEA, 0x39, 0xEC, 0x3D, 
    0x2D, 0x42, 0x2D, 0x46, 0x4D, 0x52, 0x2D, 0x4A, 0x0B, 0x46, 0xEA, 0x3D, 0xEA, 0x3D, 0xEA, 0x39, 
    0x97, 0x52, 0x96, 0x52, 0x98, 0x52, 0xB8, 0x52, 0x98, 0x4E, 0x97, 0x4A, 0x57, 0x46, 0x33, 0x42, 
    0xF1, 0x39, 0xEF, 0x39, 0xCF, 0x35, 0xCE, 0x35, 0xAE, 0x31, 0xCD, 0x31, 0xAE, 0x31, 0xCE, 0x35, 
    0xCF, 0x31, 0xEF, 0x35, 0xD0, 0x35, 0xCD, 0x35, 0xCE, 0x35, 0x10, 0x3A, 0x11, 0x3A, 0x32, 0x3E, 
    0x10, 0x3E, 0x0D, 0x42, 0x0D, 0x3E, 0x2D, 0x42, 0x71, 0x46, 0x94, 0x4E, 0x95, 0x4A, 0x74, 0x4A, 
    0x75, 0x46, 0x75, 0x46, 0x77, 0x4A, 0x98, 0x52, 0xBA, 0x52, 0xDA, 0x56, 0xDB, 0x52, 0xFB, 0x56, 
    0xDC, 0x56, 0xFB, 0x5A, 0xBA, 0x52, 0xB9, 0x52, 0xBA, 0x52, 0xDA, 0x52, 0xDA, 0x52, 0x1C, 0x5B, 
    0x3E, 0x5F, 0x7E, 0x63, 0x7F, 0x63, 0x7E, 0x67, 0x5F, 0x63, 0x5E, 0x5F, 0x3E, 0x5B, 0x3D, 0x5B, 
    0x1D, 0x5B, 0x1D, 0x5B, 0x1D, 0x57, 0x1C, 0x5B, 0xFC, 0x56, 0xFB, 0x56, 0xDA, 0x52, 0xD9, 0x56, 
    0xBA, 0x52, 0xD9, 0x56, 0xDA, 0x56, 0xFA, 0x5A, 0xFB, 0x56, 0xFB, 0x5A, 0xFB, 0x5A, 0xFB, 0x5A, 
    0xFB, 0x5A, 0xFB, 0x5A, 0xFB, 0x56, 0xFB, 0x56, 0xFC, 0x56, 0x1B, 0x5B, 0xFA, 0x5A, 0xB5, 0x5E, 
    0xEF, 0x45, 0x6A, 0x35, 0x6C, 0x35, 0xEE, 0x49, 0xEF, 0x49, 0xD5, 0x62, 0x3A, 0x6B, 0xF8, 0x5E, 
    0x96, 0x56, 0x4B, 0x2D, 0xC7, 0x1C, 0x4A, 0x31, 0x53, 0x52, 0x51, 0x52, 0x32, 0x4E, 0x19, 0x67, 
    0xB7, 0x5A, 0x6C, 0x35, 0x2A, 0x29, 0x84, 0x18, 0x4B, 0x31, 0xEF, 0x45, 0x4B, 0x31, 0x8B, 0x39, 
    0x4B, 0x31, 0x6A, 0x31, 0x11, 0x4A, 0x94, 0x5A, 0x95, 0x56, 0xD6, 0x5E, 0x96, 0x56, 0x73, 0x52, 
    0x95, 0x56, 0x73, 0x52, 0xE7, 0x24, 0x0F, 0x46, 0x74, 0x52, 0xB5, 0x5A, 0x95, 0x56, 0x6C, 0x35, 
    0x33, 0x4A, 0xB5, 0x5A, 0xF8, 0x62, 0xF7, 0x62, 0xF0, 0x45, 0x07, 0x2D, 0xC6, 0x24, 0x31, 0x4E, 
    0x54, 0x52, 0x52, 0x4E, 0x32, 0x4A, 0x53, 0x4E, 0x53, 0x52, 0x73, 0x52, 0xD7, 0x5E, 0xF7, 0x62, 
    0x75, 0x56, 0x6B, 0x39, 0x4B, 0x35, 0x18, 0x67, 0x18, 0x6B, 0xD6, 0x62, 0x74, 0x5A, 0xB4, 0x62, 
    0x72, 0x5E, 0x2E, 0x56, 0x2F, 0x5A, 0x0D, 0x56, 0x4F, 0x5A, 0x70, 0x5E, 0x50, 0x5A, 0x50, 0x56, 
    0x31, 0x52, 0x51, 0x52, 0xEF, 0x45, 0x6A, 0x39, 0x4A, 0x35, 0xC5, 0x24, 0x08, 0x2D, 0x28, 0x31, 
    0xC6, 0x24, 0xE5, 0x24, 0xC6, 0x24, 0x06, 0x29, 0x30, 0x4E, 0xCC, 0x41, 0x49, 0x31, 0x46, 0x31, 
    0xCB, 0x41, 0x71, 0x56, 0x51, 0x52, 0x0D, 0x46, 0x4F, 0x4E, 0x2D, 0x4A, 0x87, 0x31, 0xC8, 0x39, 
    0x0C, 0x42, 0xE9, 0x3D, 0xA7, 0x35, 0xA5, 0x35, 0xA6, 0x31, 0xC6, 0x35, 0xC8, 0x39, 0x0E, 0x42, 
    0x75, 0x4E, 0xB7, 0x52, 0xDB, 0x5A, 0xFB, 0x5A, 0xFC, 0x5A, 0x1C, 0x5F, 0x1C, 0x5F, 0x3C, 0x5F, 
    0xFA, 0x56, 0xB6, 0x52, 0xB8, 0x52, 0xD8, 0x56, 0xB9, 0x52, 0xD8, 0x56, 0x97, 0x4E, 0x96, 0x4E, 
    0x76, 0x4A, 0x72, 0x4A, 0x52, 0x46, 0x51, 0x46, 0x52, 0x46, 0x72, 0x4A, 0x0E, 0x42, 0xEA, 0x3D, 
    0xCA, 0x39, 0xE9, 0x39, 0xC8, 0x35, 0xC7, 0x35, 0xA8, 0x35, 0xC8, 0x35, 0xA8, 0x31, 0xE9, 0x39, 
    0x2F, 0x42, 0x72, 0x4A, 0x52, 0x46, 0x52, 0x4A, 0x53, 0x46, 0x94, 0x4E, 0x74, 0x4A, 0x73, 0x4A, 
    0x74, 0x4A, 0x96, 0x52, 0x98, 0x52, 0xD9, 0x56, 0xDA, 0x56, 0xFB, 0x5A, 0xFC, 0x5A, 0xFB, 0x5E, 
    0xFB, 0x5A, 0xFB, 0x5A, 0xDA, 0x56, 0xD8, 0x56, 0xB8, 0x52, 0xD8, 0x56, 0xB8, 0x52, 0xB5, 0x4E, 
    0x73, 0x4A, 0x71, 0x4A, 0x2F, 0x42, 0x0B, 0x3E, 0xCA, 0x35, 0xC9, 0x39, 0xCB, 0x39, 0x0E, 0x42, 
    0x10, 0x46, 0x2E, 0x4A, 0x2E, 0x4A, 0x2C, 0x4E, 0xEC, 0x45, 0xEA, 0x41, 0xCA, 0x3D, 0xEA, 0x3D, 
    0xD8, 0x56, 0xB7, 0x4E, 0xB6, 0x52, 0xB7, 0x4E, 0xB7, 0x4E, 0x97, 0x4A, 0x76, 0x46, 0x34, 0x3E, 
    0x11, 0x3A, 0xF0, 0x35, 0xEF, 0x35, 0xCF, 0x31, 0xEE, 0x31, 0xCE, 0x31, 0xCE, 0x31, 0xCF, 0x31, 
    0xEF, 0x31, 0xF0, 0x31, 0xEE, 0x35, 0xCE, 0x31, 0x0F, 0x36, 0x12, 0x36, 0x32, 0x3E, 0x34, 0x3A, 
    0x31, 0x3E, 0x30, 0x3E, 0x4E, 0x42, 0x4F, 0x42, 0x94, 0x4A, 0x97, 0x4A, 0xB7, 0x4A, 0x97, 0x46, 
    0x94, 0x46, 0x74, 0x46, 0x96, 0x4A, 0x98, 0x4E, 0xD9, 0x52, 0xDA, 0x4E, 0xDA, 0x52, 0xDB, 0x52, 
    0xFA, 0x56, 0xDB, 0x52, 0xD9, 0x52, 0xBA, 0x4E, 0xFA, 0x52, 0xDA, 0x52, 0xD9, 0x52, 0xFB, 0x56, 
    0x5D, 0x5F, 0x7E, 0x5F, 0x9E, 0x67, 0x9F, 0x63, 0x7E, 0x63, 0x5E, 0x5F, 0x5D, 0x5F, 0x3D, 0x5B, 
    0x3D, 0x5B, 0x3D, 0x5B, 0x3D, 0x5B, 0x1D, 0x57, 0x1C, 0x5B, 0xFC, 0x56, 0xFA, 0x56, 0xDA, 0x52, 
    0xF9, 0x52, 0xD9, 0x52, 0xF9, 0x56, 0xFA, 0x56, 0x1A, 0x5B, 0xFB, 0x5A, 0x1B, 0x5B, 0x1B, 0x5B, 
    0x1A, 0x5B, 0xFB, 0x56, 0x1A, 0x57, 0xFB, 0x52, 0x1A, 0x57, 0x1B, 0x57, 0xF8, 0x5A, 0xB4, 0x5A, 
    0x0F, 0x4A, 0x6A, 0x31, 0x8B, 0x35, 0xAC, 0x39, 0x92, 0x56, 0x18, 0x67, 0x39, 0x67, 0xD7, 0x5A, 
    0xEF, 0x41, 0x09, 0x25, 0xE6, 0x1C, 0x29, 0x29, 0xCD, 0x3D, 0x52, 0x4E, 0x30, 0x46, 0x18, 0x63, 
    0x73, 0x4E, 0xEF, 0x3D, 0x6A, 0x31, 0x84, 0x14, 0x28, 0x29, 0x10, 0x46, 0x0E, 0x46, 0x8C, 0x35, 
    0xC5, 0x1C, 0xE7, 0x20, 0x93, 0x52, 0xD6, 0x5E, 0xB4, 0x5A, 0x10, 0x46, 0x73, 0x52, 0x11, 0x46, 
    0x30, 0x4A, 0x72, 0x52, 0xE6, 0x24, 0xEF, 0x41, 0x51, 0x4E, 0x52, 0x4E, 0x31, 0x4A, 0x4B, 0x2D, 
    0xB5, 0x5A, 0xF8, 0x5E, 0xF7, 0x5E, 0xF7, 0x5E, 0x94, 0x56, 0x29, 0x2D, 0xE5, 0x20, 0x53, 0x4E, 
    0xB5, 0x56, 0x95, 0x52, 0x93, 0x52, 0xB5, 0x56, 0xD5, 0x5E, 0xD7, 0x5A, 0x39, 0x67, 0x19, 0x67, 
    0x38, 0x67, 0xEF, 0x45, 0x8C, 0x39, 0x18, 0x67, 0x17, 0x67, 0x94, 0x56, 0x72, 0x52, 0x51, 0x52, 
    0x50, 0x56, 0xCC, 0x45, 0x0C, 0x52, 0xEC, 0x4D, 0x4D, 0x5A, 0x6F, 0x5E, 0x4E, 0x56, 0xCD, 0x45, 
    0x0D, 0x4A, 0x0E, 0x46, 0xED, 0x45, 0x49, 0x31, 0x27, 0x31, 0x06, 0x29, 0xE5, 0x24, 0xE6, 0x24, 
    0xC4, 0x20, 0xC4, 0x1C, 0xE4, 0x24, 0xE5, 0x24, 0x0D, 0x46, 0xED, 0x41, 0xA9, 0x35, 0x25, 0x29, 
    0xC9, 0x3D, 0x4F, 0x4E, 0x91, 0x56, 0x2E, 0x46, 0xC9, 0x39, 0x4E, 0x4A, 0xC8, 0x39, 0xE9, 0x39, 
    0x0B, 0x42, 0xEA, 0x39, 0xC7, 0x35, 0xA6, 0x31, 0xC5, 0x35, 0xA6, 0x31, 0xC6, 0x35, 0xEB, 0x39, 
    0x71, 0x4A, 0x96, 0x4E, 0xF9, 0x56, 0xFA, 0x56, 0x1B, 0x5B, 0x1B, 0x5B, 0x1A, 0x5B, 0xFA, 0x56, 
    0xD7, 0x52, 0xB5, 0x4A, 0xD7, 0x52, 0xD8, 0x52, 0xD7, 0x52, 0xB7, 0x4E, 0xB6, 0x4E, 0x95, 0x4A, 
    0x94, 0x4A, 0x72, 0x46, 0x73, 0x4A, 0x73, 0x46, 0x72, 0x4A, 0x52, 0x46, 0x2D, 0x42, 0xEA, 0x39, 
    0xE9, 0x39, 0xC9, 0x35, 0xE8, 0x35, 0xC7, 0x31, 0xC7, 0x35, 0xA8, 0x31, 0xC7, 0x35, 0xA8, 0x31, 
    0xE9, 0x39, 0x2E, 0x3E, 0x4F, 0x42, 0x30, 0x42, 0x50, 0x46, 0x51, 0x42, 0x51, 0x46, 0x52, 0x46, 
    0x72, 0x46, 0x53, 0x46, 0x94, 0x4A, 0x97, 0x4E, 0xD8, 0x56, 0xD9, 0x56, 0xFA, 0x5A, 0xDA, 0x56, 
    0xF9, 0x56, 0xD8, 0x52, 0xD6, 0x52, 0x95, 0x4E, 0x94, 0x4E, 0x96, 0x4E, 0xB5, 0x4E, 0x94, 0x4A, 
    0x92, 0x4A, 0x51, 0x46, 0x4E, 0x42, 0x0B, 0x3A, 0xE9, 0x39, 0xCA, 0x35, 0xEC, 0x3D, 0x31, 0x42, 
    0x51, 0x46, 0x2F, 0x42, 0x2C, 0x46, 0x0C, 0x46, 0x0B, 0x42, 0xEA, 0x3D, 0xE9, 0x3D, 0xCA, 0x39, 
    0xD9, 0x56, 0xD8, 0x56, 0xB7, 0x52, 0xB7, 0x52, 0x98, 0x4E, 0x97, 0x4A, 0x57, 0x46, 0x54, 0x42, 
    0x12, 0x3A, 0x11, 0x3A, 0xF0, 0x35, 0xF0, 0x35, 0xD0, 0x31, 0xEF, 0x35, 0xD0, 0x31, 0xF0, 0x35, 
    0xF1, 0x31, 0xF0, 0x35, 0xCE, 0x31, 0xEE, 0x35, 0x12, 0x3A, 0x33, 0x3E, 0x35, 0x3E, 0x55, 0x42, 
    0x34, 0x3E, 0x31, 0x42, 0x30, 0x3E, 0x71, 0x46, 0x76, 0x4A, 0xB9, 0x4E, 0xBA, 0x4E, 0x98, 0x4E, 
    0x75, 0x46, 0x73, 0x46, 0x76, 0x46, 0x97, 0x4E, 0xB9, 0x4E, 0xB9, 0x52, 0xBA, 0x52, 0xDA, 0x56, 
    0xDB, 0x52, 0xDA, 0x56, 0xBA, 0x52, 0xDA, 0x52, 0xDB, 0x52, 0xDA, 0x56, 0xDA, 0x52, 0xFB, 0x56, 
    0x3D, 0x5B, 0x7E, 0x63, 0x7F, 0x67, 0x9F, 0x67, 0x7F, 0x63, 0x7E, 0x63, 0x3E, 0x5F, 0x5D, 0x5F, 
    0x3E, 0x5B, 0x5D, 0x5F, 0x3E, 0x5B, 0x3D, 0x5F, 0x1D, 0x5B, 0x1C, 0x5B, 0xFC, 0x56, 0xFB, 0x56, 
    0xDB, 0x56, 0xFA, 0x56, 0xDA, 0x56, 0xFA, 0x5A, 0xFB, 0x5A, 0x1B, 0x5F, 0x1C, 0x5B, 0x1B, 0x5F, 
    0xFB, 0x5A, 0x1B, 0x5B, 0xFB, 0x56, 0xFA, 0x56, 0xFB, 0x56, 0x1B, 0x5B, 0xD8, 0x5A, 0x72, 0x56, 
    0xCE, 0x41, 0x49, 0x31, 0x4B, 0x31, 0x30, 0x4A, 0xF7, 0x62, 0x38, 0x67, 0x1A, 0x67, 0xB6, 0x5A, 
    0xAE, 0x39, 0x09, 0x29, 0xC7, 0x1C, 0x29, 0x2D, 0x6C, 0x35, 0xAD, 0x3D, 0x11, 0x4A, 0xF7, 0x62, 
    0xF1, 0x41, 0xCF, 0x3D, 0x09, 0x25, 0xC6, 0x20, 0xA6, 0x1C, 0xCD, 0x41, 0xCE, 0x3D, 0x07, 0x25, 
    0x85, 0x18, 0x08, 0x29, 0x73, 0x52, 0xB4, 0x5A, 0x31, 0x4A, 0xAD, 0x3D, 0x10, 0x46, 0xAD, 0x3D, 
    0x6B, 0x35, 0xCD, 0x41, 0xC6, 0x24, 0x8B, 0x39, 0x8C, 0x39, 0x0F, 0x46, 0x8D, 0x35, 0xCF, 0x3D, 
    0x75, 0x52, 0x95, 0x56, 0x75, 0x52, 0xB5, 0x56, 0x94, 0x56, 0x29, 0x2D, 0xA5, 0x1C, 0x73, 0x52, 
    0xB6, 0x5A, 0x95, 0x56, 0xB6, 0x5A, 0xF7, 0x62, 0xF8, 0x62, 0x18, 0x67, 0x3A, 0x67, 0x39, 0x67, 
    0x19, 0x67, 0xEF, 0x45, 0xAE, 0x3D, 0x18, 0x67, 0xD6, 0x5E, 0x31, 0x4E, 0x31, 0x4A, 0xED, 0x45, 
    0xAD, 0x41, 0x8A, 0x41, 0xCB, 0x49, 0xCA, 0x49, 0x0D, 0x52, 0x4E, 0x5A, 0x0D, 0x52, 0x48, 0x39, 
    0x28, 0x31, 0x8A, 0x3D, 0x8B, 0x3D, 0x8A, 0x3D, 0x07, 0x2D, 0x27, 0x31, 0xE6, 0x28, 0xE5, 0x24, 
    0xC5, 0x20, 0xC4, 0x24, 0xC5, 0x20, 0xE5, 0x24, 0x49, 0x2D, 0xAB, 0x39, 0xAB, 0x39, 0x46, 0x2D, 
    0x68, 0x31, 0xA9, 0x39, 0x2F, 0x4A, 0x4E, 0x4E, 0x89, 0x35, 0x2D, 0x4A, 0xCA, 0x3D, 0xC9, 0x3D, 
    0xEB, 0x41, 0xEA, 0x3D, 0xA8, 0x35, 0xC6, 0x35, 0xA7, 0x35, 0xC6, 0x35, 0xC7, 0x35, 0xE8, 0x39, 
    0x2F, 0x42, 0x95, 0x52, 0xB7, 0x52, 0xF9, 0x56, 0xFB, 0x56, 0xF9, 0x5A, 0xD9, 0x52, 0xD8, 0x56, 
    0xB7, 0x52, 0xB6, 0x52, 0xB8, 0x52, 0xD7, 0x56, 0x97, 0x4E, 0x96, 0x4E, 0x96, 0x4E, 0x94, 0x4A, 
    0x74, 0x4A, 0x72, 0x4A, 0x74, 0x46, 0x73, 0x4A, 0x52, 0x46, 0x4F, 0x46, 0x0D, 0x3E, 0x0C, 0x3E, 
    0xEA, 0x39, 0xC9, 0x39, 0xCA, 0x35, 0xC7, 0x35, 0xA8, 0x35, 0xC7, 0x35, 0xA8, 0x35, 0xA7, 0x35, 
    0xA9, 0x35, 0xEA, 0x3D, 0xEC, 0x39, 0x0D, 0x42, 0x0F, 0x42, 0x0E, 0x42, 0x10, 0x42, 0x30, 0x46, 
    0x31, 0x42, 0x51, 0x46, 0x32, 0x42, 0x75, 0x4A, 0x97, 0x4E, 0x97, 0x52, 0x98, 0x52, 0xB9, 0x56, 
    0xB8, 0x52, 0xB6, 0x52, 0x95, 0x4A, 0x73, 0x4A, 0x54, 0x4A, 0x95, 0x4E, 0x95, 0x4E, 0x93, 0x4E, 
    0x73, 0x4A, 0x71, 0x4A, 0x2F, 0x42, 0x0C, 0x3E, 0xCB, 0x39, 0xEB, 0x3D, 0xEF, 0x3D, 0x53, 0x4A, 
    0x54, 0x4A, 0x30, 0x46, 0xED, 0x41, 0x0B, 0x42, 0xEB, 0x3D, 0xEA, 0x3D, 0xCA, 0x39, 0xC9, 0x3D, 
    0xFA, 0x5A, 0xD9, 0x56, 0xB7, 0x52, 0x97, 0x4E, 0x97, 0x4E, 0x97, 0x4A, 0x76, 0x46, 0x55, 0x3E, 
    0x53, 0x3E, 0x13, 0x3A, 0x11, 0x3A, 0xF1, 0x35, 0x11, 0x36, 0xF1, 0x35, 0xF1, 0x35, 0xF2, 0x31, 
    0x11, 0x36, 0xD0, 0x31, 0xCD, 0x31, 0xF0, 0x35, 0x33, 0x3E, 0x34, 0x3E, 0x54, 0x3E, 0x56, 0x3E, 
    0x55, 0x42, 0x33, 0x3E, 0x50, 0x42, 0x53, 0x42, 0xB7, 0x4E, 0xDA, 0x52, 0xDA, 0x52, 0x99, 0x4A, 
    0x74, 0x46, 0x52, 0x46, 0x73, 0x4A, 0x76, 0x4A, 0xB7, 0x4E, 0xB8, 0x4E, 0xB8, 0x52, 0xB9, 0x4E, 
    0xD9, 0x52, 0xBA, 0x52, 0xD9, 0x52, 0xDA, 0x52, 0xFA, 0x56, 0xDB, 0x52, 0xDA, 0x56, 0xFB, 0x56, 
    0x3D, 0x5F, 0x5E, 0x5F, 0x9E, 0x67, 0x9F, 0x67, 0x9E, 0x67, 0x7E, 0x63, 0x7E, 0x63, 0x5E, 0x5F, 
    0x5E, 0x5F, 0x5E, 0x5F, 0x5D, 0x5F, 0x3E, 0x5B, 0x3C, 0x5B, 0x1C, 0x5B, 0x1B, 0x5B, 0xFC, 0x56, 
    0x1B, 0x5B, 0xFB, 0x56, 0x1A, 0x5B, 0x1B, 0x5B, 0x1B, 0x5F, 0x1B, 0x5B, 0x3B, 0x5F, 0x1C, 0x5B, 
    0x1B, 0x5B, 0xFB, 0x56, 0xFA, 0x56, 0xFA, 0x52, 0xFA, 0x56, 0xFB, 0x56, 0xF7, 0x5A, 0x51, 0x4E, 
    0xCD, 0x41, 0x6B, 0x31, 0x6A, 0x31, 0xB6, 0x5A, 0x39, 0x6B, 0x19, 0x67, 0x39, 0x67, 0x95, 0x52, 
    0xAE, 0x39, 0xAE, 0x39, 0x29, 0x29, 0x29, 0x29, 0x8B, 0x35, 0x6C, 0x31, 0xB5, 0x5A, 0xB5, 0x5A, 
    0x8C, 0x35, 0xAD, 0x35, 0x49, 0x2D, 0xA6, 0x1C, 0xA4, 0x18, 0x4A, 0x2D, 0xAC, 0x39, 0x84, 0x18, 
    0x49, 0x2D, 0xEF, 0x41, 0x30, 0x4A, 0x8D, 0x39, 0x8B, 0x39, 0x6A, 0x31, 0x28, 0x2D, 0x6B, 0x35, 
    0x06, 0x29, 0xE6, 0x28, 0xE5, 0x24, 0x4A, 0x31, 0x06, 0x25, 0xE7, 0x20, 0x6A, 0x31, 0xF1, 0x41, 
    0x52, 0x4A, 0x53, 0x4E, 0x74, 0x52, 0x95, 0x56, 0x94, 0x56, 0x4B, 0x31, 0xC5, 0x20, 0x74, 0x52, 
    0xB5, 0x5A, 0x74, 0x4E, 0xF6, 0x62, 0xF8, 0x62, 0x38, 0x67, 0x19, 0x67, 0x39, 0x6B, 0xF8, 0x62, 
    0x17, 0x63, 0xCE, 0x3D, 0xAD, 0x39, 0xB5, 0x5A, 0x10, 0x46, 0x6B, 0x35, 0xAC, 0x3D, 0x6B, 0x39, 
    0xED, 0x49, 0xCD, 0x49, 0xEB, 0x4D, 0x8A, 0x41, 0x89, 0x41, 0xAB, 0x45, 0xAA, 0x45, 0x69, 0x39, 
    0x06, 0x2D, 0x28, 0x31, 0x48, 0x35, 0x8A, 0x3D, 0x48, 0x39, 0x48, 0x35, 0x27, 0x31, 0x07, 0x29, 
    0xE5, 0x28, 0xC5, 0x24, 0xE4, 0x24, 0xE5, 0x24, 0x68, 0x31, 0x48, 0x2D, 0x46, 0x2D, 0x68, 0x31, 
    0xCA, 0x3D, 0x88, 0x31, 0x0C, 0x46, 0x70, 0x4E, 0xCA, 0x3D, 0xCA, 0x39, 0xC9, 0x3D, 0xA8, 0x35, 
    0x0B, 0x42, 0xEB, 0x3D, 0xC7, 0x39, 0xC7, 0x35, 0xE7, 0x39, 0xC7, 0x35, 0xC7, 0x35, 0xC8, 0x35, 
    0x2B, 0x42, 0x72, 0x4A, 0xD4, 0x52, 0xD8, 0x52, 0xF8, 0x56, 0xB7, 0x52, 0xB7, 0x52, 0xB8, 0x52, 
    0xD7, 0x52, 0xB8, 0x52, 0xB7, 0x52, 0x97, 0x4E, 0x96, 0x4E, 0x76, 0x4A, 0x95, 0x4E, 0x74, 0x46, 
    0x73, 0x4A, 0x73, 0x46, 0x94, 0x4A, 0x53, 0x46, 0x50, 0x46, 0x0E, 0x3E, 0x0D, 0x3E, 0x2E, 0x42, 
    0x0A, 0x3A, 0xC9, 0x35, 0xE9, 0x39, 0xA8, 0x31, 0xC7, 0x35, 0xA8, 0x35, 0xA7, 0x35, 0xA7, 0x35, 
    0xC7, 0x35, 0xC9, 0x35, 0xE9, 0x39, 0xEB, 0x39, 0x0C, 0x3E, 0xEE, 0x3D, 0x0E, 0x3E, 0x0F, 0x3E, 
    0x30, 0x42, 0x32, 0x42, 0x51, 0x42, 0x33, 0x42, 0x54, 0x4A, 0x55, 0x46, 0x75, 0x4A, 0x97, 0x4E, 
    0x96, 0x4E, 0x75, 0x4A, 0x73, 0x4A, 0x52, 0x46, 0x74, 0x4A, 0x96, 0x4E, 0xB5, 0x4E, 0x93, 0x4A, 
    0x72, 0x4A, 0x52, 0x4A, 0x4F, 0x46, 0x0E, 0x3E, 0x0D, 0x3E, 0xEE, 0x3D, 0x31, 0x46, 0x55, 0x4A, 
    0x74, 0x4A, 0x31, 0x46, 0x0C, 0x42, 0xCB, 0x3D, 0xEA, 0x3D, 0xCA, 0x39, 0xE9, 0x3D, 0xCA, 0x39, 
    0xFC, 0x5A, 0xDA, 0x5A, 0xB9, 0x52, 0xB7, 0x52, 0x98, 0x4E, 0x97, 0x4E, 0x77, 0x46, 0x76, 0x46, 
    0x35, 0x3E, 0x34, 0x3E, 0x14, 0x3A, 0x13, 0x3A, 0x13, 0x3A, 0x13, 0x3A, 0xF3, 0x35, 0x12, 0x36, 
    0xF2, 0x35, 0xEF, 0x35, 0xCF, 0x35, 0x32, 0x3E, 0x35, 0x3E, 0x34, 0x42, 0x36, 0x3E, 0x56, 0x42, 
    0x57, 0x42, 0x34, 0x42, 0x31, 0x3E, 0x74, 0x46, 0x99, 0x4E, 0xDB, 0x56, 0xBB, 0x52, 0xB9, 0x4E, 
    0x55, 0x46, 0x51, 0x4A, 0x52, 0x4A, 0x74, 0x4A, 0x77, 0x4A, 0x97, 0x4E, 0x98, 0x4E, 0x98, 0x4E, 
    0x99, 0x52, 0xB9, 0x52, 0xBA, 0x52, 0xDA, 0x56, 0xDB, 0x56, 0xDB, 0x56, 0xDB, 0x56, 0xFC, 0x5A, 
    0x1D, 0x5B, 0x5E, 0x63, 0x7F, 0x63, 0x9F, 0x67, 0x9F, 0x67, 0x7E, 0x67, 0x5F, 0x63, 0x7E, 0x63, 
    0x5F, 0x5F, 0x7E, 0x63, 0x5E, 0x5F, 0x5E, 0x5F, 0x3E, 0x5F, 0x3D, 0x5F, 0x1D, 0x5B, 0x1C, 0x5F, 
    0x1C, 0x5B, 0x1B, 0x5B, 0xFC, 0x5A, 0x1B, 0x5F, 0x1C, 0x5F, 0x1B, 0x5F, 0x1B, 0x5F, 0x1B, 0x5F, 
    0x1C, 0x5B, 0xFB, 0x5A, 0xFA, 0x56, 0xF9, 0x56, 0xDA, 0x56, 0xFA, 0x5A, 0xD8, 0x5A, 0x51, 0x52, 
    0x31, 0x4E, 0xEE, 0x45, 0x6C, 0x35, 0xF8, 0x62, 0x1A, 0x67, 0x19, 0x67, 0x19, 0x67, 0xD7, 0x5E, 
    0x54, 0x4E, 0x11, 0x46, 0x09, 0x25, 0x29, 0x29, 0x2A, 0x2D, 0x10, 0x46, 0xD8, 0x5E, 0xB5, 0x5A, 
    0xF1, 0x41, 0x94, 0x56, 0x53, 0x4E, 0x4B, 0x31, 0x84, 0x18, 0xC5, 0x1C, 0xC7, 0x20, 0xC6, 0x20, 
    0xAE, 0x3D, 0x31, 0x4A, 0xF0, 0x41, 0x29, 0x2D, 0x08, 0x2D, 0x07, 0x2D, 0x84, 0x18, 0x28, 0x31, 
    0xE6, 0x28, 0xE6, 0x28, 0xC6, 0x24, 0xE5, 0x24, 0xA5, 0x1C, 0x83, 0x18, 0x6C, 0x31, 0xF0, 0x41, 
    0x32, 0x4A, 0x53, 0x4E, 0x96, 0x56, 0xD7, 0x5E, 0xD7, 0x5A, 0xAD, 0x3D, 0xA5, 0x1C, 0x73, 0x52, 
    0x74, 0x52, 0xCE, 0x3D, 0xB6, 0x5A, 0xB5, 0x5E, 0xD7, 0x62, 0x18, 0x67, 0x19, 0x67, 0xF8, 0x62, 
    0xD7, 0x5E, 0x8C, 0x39, 0xE8, 0x28, 0x8C, 0x35, 0x09, 0x29, 0xCE, 0x41, 0x09, 0x31, 0x6A, 0x3D, 
    0x72, 0x5A, 0xD3, 0x66, 0x2F, 0x5A, 0xCB, 0x49, 0x6A, 0x41, 0x89, 0x41, 0x8A, 0x41, 0xAA, 0x45, 
    0x28, 0x35, 0x27, 0x35, 0x28, 0x35, 0x27, 0x35, 0x07, 0x31, 0x47, 0x39, 0x6A, 0x3D, 0x69, 0x39, 
    0x27, 0x31, 0xE5, 0x28, 0xE5, 0x24, 0x05, 0x29, 0x6A, 0x39, 0x8A, 0x39, 0x27, 0x29, 0x68, 0x35, 
    0x0E, 0x4A, 0xA9, 0x39, 0xAA, 0x39, 0x2E, 0x4E, 0xEC, 0x41, 0xA8, 0x39, 0xA9, 0x39, 0xA8, 0x39, 
    0xEB, 0x3D, 0x0B, 0x42, 0xCA, 0x39, 0xCA, 0x39, 0xEC, 0x3D, 0x2C, 0x42, 0xEB, 0x39, 0xC7, 0x39, 
    0xE9, 0x39, 0x4D, 0x46, 0x93, 0x4E, 0xD6, 0x56, 0xB7, 0x52, 0xB6, 0x52, 0x97, 0x52, 0xD8, 0x56, 
    0xD9, 0x56, 0xB7, 0x52, 0x97, 0x52, 0x96, 0x52, 0x76, 0x4E, 0x95, 0x4E, 0x74, 0x4A, 0x72, 0x4A, 
    0x73, 0x4A, 0x73, 0x4A, 0x75, 0x4A, 0x52, 0x46, 0x2F, 0x42, 0x0E, 0x42, 0x0E, 0x3E, 0x2E, 0x42, 
    0xCA, 0x39, 0xC9, 0x39, 0xC9, 0x35, 0xA7, 0x35, 0xA8, 0x35, 0xC8, 0x35, 0xA8, 0x35, 0xA7, 0x35, 
    0xA7, 0x31, 0xA7, 0x35, 0xA8, 0x35, 0xC9, 0x39, 0xCC, 0x39, 0x0E, 0x3E, 0x0E, 0x3E, 0x0D, 0x3E, 
    0x10, 0x42, 0x52, 0x46, 0x32, 0x46, 0x52, 0x46, 0x34, 0x46, 0x53, 0x46, 0x55, 0x46, 0x74, 0x4A, 
    0x74, 0x4A, 0x94, 0x4E, 0x74, 0x4A, 0x73, 0x4A, 0x76, 0x4E, 0xB7, 0x52, 0x96, 0x4E, 0x93, 0x4E, 
    0x52, 0x4A, 0x72, 0x4A, 0x30, 0x46, 0x0F, 0x42, 0xEF, 0x3D, 0x10, 0x46, 0x34, 0x4A, 0x75, 0x4E, 
    0x54, 0x4A, 0x31, 0x46, 0xED, 0x3D, 0xCA, 0x3D, 0xCB, 0x39, 0xCA, 0x3D, 0xCB, 0x3D, 0xEB, 0x3D, 
    0x1C, 0x5F, 0xFB, 0x56, 0xD8, 0x56, 0xB8, 0x52, 0xB7, 0x52, 0x98, 0x4A, 0x97, 0x4A, 0x77, 0x46, 
    0x76, 0x42, 0x56, 0x3E, 0x55, 0x3E, 0x35, 0x3A, 0x34, 0x3A, 0x13, 0x3A, 0x12, 0x3A, 0xF1, 0x35, 
    0x10, 0x36, 0xF0, 0x35, 0x10, 0x3A, 0x53, 0x3E, 0x55, 0x3E, 0x55, 0x3E, 0x55, 0x42, 0x77, 0x42, 
    0x76, 0x42, 0x34, 0x3E, 0x51, 0x3E, 0x74, 0x42, 0xD9, 0x4E, 0xDB, 0x52, 0xFB, 0x56, 0xBA, 0x4E, 
    0x95, 0x4A, 0x51, 0x46, 0x50, 0x46, 0x53, 0x46, 0x75, 0x4A, 0x76, 0x46, 0x96, 0x4A, 0x97, 0x4A, 
    0x97, 0x4E, 0x98, 0x4E, 0xB8, 0x4E, 0xB9, 0x52, 0xFA, 0x56, 0xDB, 0x52, 0xFA, 0x56, 0xFC, 0x5A, 
    0x3C, 0x5F, 0x5E, 0x5F, 0x7E, 0x63, 0x7F, 0x63, 0x9E, 0x67, 0x7E, 0x63, 0x7E, 0x63, 0x7E, 0x63, 
    0x9E, 0x63, 0x7E, 0x63, 0x7E, 0x63, 0x5E, 0x5F, 0x5D, 0x5F, 0x3D, 0x5B, 0x5D, 0x5F, 0x3D, 0x5B, 
    0x3C, 0x5F, 0x1C, 0x5B, 0x3B, 0x5F, 0x1C, 0x5F, 0x3B, 0x5F, 0x3B, 0x5F, 0x3B, 0x5F, 0x1B, 0x5B, 
    0x1B, 0x5F, 0xFB, 0x56, 0xF9, 0x56, 0xF9, 0x52, 0xF9, 0x56, 0xFA, 0x56, 0xD7, 0x5A, 0x72, 0x52, 
    0xB4, 0x5A, 0x95, 0x56, 0xCD, 0x3D, 0xF8, 0x62, 0x39, 0x67, 0x18, 0x63, 0xF6, 0x5E, 0xD7, 0x5A, 
    0xB6, 0x5A, 0x11, 0x46, 0x07, 0x25, 0x29, 0x29, 0xAC, 0x35, 0x53, 0x4E, 0x18, 0x63, 0x53, 0x4E, 
    0x73, 0x4E, 0xF8, 0x62, 0xF6, 0x5E, 0x10, 0x42, 0xE5, 0x20, 0x83, 0x14, 0x83, 0x14, 0xC6, 0x1C, 
    0xEF, 0x41, 0x11, 0x46, 0xEF, 0x41, 0x4A, 0x2D, 0xC4, 0x20, 0xC5, 0x20, 0x83, 0x18, 0x49, 0x2D, 
    0x27, 0x2D, 0xE6, 0x24, 0xC4, 0x20, 0x83, 0x18, 0x82, 0x14, 0x85, 0x18, 0xAD, 0x39, 0xF0, 0x3D, 
    0x31, 0x4A, 0x74, 0x4E, 0xF7, 0x5E, 0xF8, 0x5E, 0xF6, 0x5E, 0xEF, 0x41, 0x83, 0x1C, 0xAC, 0x39, 
    0xCC, 0x3D, 0x4A, 0x31, 0x51, 0x4E, 0xEF, 0x45, 0x51, 0x52, 0xF8, 0x62, 0x17, 0x63, 0xF7, 0x5E, 
    0xD5, 0x5A, 0x4A, 0x2D, 0xA4, 0x1C, 0x84, 0x18, 0xEF, 0x41, 0x94, 0x56, 0xAC, 0x3D, 0x8B, 0x39, 
    0xF4, 0x66, 0xF5, 0x6A, 0x8F, 0x62, 0x0D, 0x52, 0x0C, 0x52, 0xEC, 0x4D, 0xEB, 0x49, 0x8A, 0x3D, 
    0x68, 0x39, 0x48, 0x35, 0x68, 0x39, 0x27, 0x31, 0x25, 0x31, 0x27, 0x31, 0xA9, 0x45, 0xAA, 0x41, 
    0x68, 0x35, 0x06, 0x2D, 0x04, 0x29, 0x06, 0x29, 0x4F, 0x4E, 0x2F, 0x4A, 0x26, 0x29, 0x48, 0x2D, 
    0xEB, 0x41, 0xCA, 0x39, 0x87, 0x31, 0xCB, 0x3D, 0x0C, 0x46, 0xA9, 0x35, 0xA7, 0x35, 0xA8, 0x35, 
    0xE9, 0x3D, 0x0B, 0x3E, 0xC9, 0x39, 0xED, 0x3D, 0x50, 0x42, 0x73, 0x46, 0x71, 0x4A, 0xEA, 0x39, 
    0xE8, 0x39, 0x2B, 0x3E, 0x8F, 0x4A, 0xB4, 0x4E, 0xB4, 0x4E, 0xB7, 0x4E, 0xD7, 0x56, 0xD9, 0x56, 
    0xF8, 0x56, 0xB7, 0x4E, 0xB6, 0x4E, 0x96, 0x4E, 0x96, 0x4E, 0x95, 0x4A, 0x72, 0x46, 0x72, 0x46, 
    0x72, 0x4A, 0x73, 0x46, 0x94, 0x4A, 0x51, 0x42, 0x2E, 0x42, 0x2E, 0x3E, 0x2D, 0x3E, 0xEC, 0x39, 
    0xE9, 0x35, 0xC9, 0x35, 0xC8, 0x35, 0xA7, 0x31, 0xC7, 0x35, 0xC9, 0x35, 0xC8, 0x35, 0xA7, 0x31, 
    0xA6, 0x31, 0xA6, 0x31, 0xC6, 0x35, 0xC8, 0x35, 0xEA, 0x39, 0xEC, 0x39, 0x0C, 0x3E, 0xEC, 0x39, 
    0x2E, 0x42, 0x51, 0x42, 0x51, 0x46, 0x52, 0x42, 0x72, 0x46, 0x52, 0x42, 0x74, 0x4A, 0x74, 0x46, 
    0x91, 0x4A, 0x92, 0x4A, 0x93, 0x4E, 0x73, 0x4A, 0x94, 0x4E, 0xB6, 0x4E, 0xB5, 0x4E, 0x72, 0x4A, 
    0x72, 0x4A, 0x52, 0x46, 0x50, 0x46, 0x0F, 0x3E, 0x2F, 0x42, 0x32, 0x46, 0x75, 0x4E, 0x75, 0x4A, 
    0x73, 0x4A, 0x31, 0x42, 0xEC, 0x3D, 0xCB, 0x35, 0xEA, 0x39, 0xEB, 0x39, 0x0B, 0x3E, 0xEC, 0x3D, 
    0x1D, 0x5F, 0xFB, 0x5A, 0xDA, 0x56, 0xB8, 0x56, 0x99, 0x52, 0xB8, 0x4E, 0x99, 0x4E, 0x98, 0x4A, 
    0x57, 0x46, 0x76, 0x46, 0x56, 0x42, 0x55, 0x42, 0x35, 0x3E, 0x33, 0x3E, 0x12, 0x3A, 0x0F, 0x36, 
    0x11, 0x36, 0x32, 0x3E, 0x32, 0x3E, 0x54, 0x42, 0x56, 0x3E, 0x56, 0x42, 0x57, 0x42, 0x77, 0x46, 
    0x57, 0x42, 0x33, 0x42, 0x32, 0x3E, 0x75, 0x46, 0xBA, 0x4E, 0xFB, 0x56, 0xFC, 0x56, 0xDB, 0x56, 
    0x98, 0x4E, 0x52, 0x4A, 0x52, 0x46, 0x53, 0x4A, 0x55, 0x46, 0x76, 0x4A, 0x76, 0x46, 0x76, 0x4A, 
    0x77, 0x4A, 0x97, 0x4E, 0x98, 0x4E, 0xB8, 0x52, 0xDA, 0x52, 0xDA, 0x56, 0xFB, 0x56, 0x1C, 0x5F, 
    0x1D, 0x5F, 0x5D, 0x63, 0x5E, 0x5F, 0x7E, 0x63, 0x7F, 0x63, 0x7E, 0x67, 0x7F, 0x63, 0x9E, 0x67, 
    0x7F, 0x67, 0x9E, 0x67, 0x7F, 0x63, 0x7E, 0x63, 0x5E, 0x5F, 0x5D, 0x5F, 0x3E, 0x5F, 0x5D, 0x63, 
    0x3E, 0x5F, 0x3D, 0x5F, 0x3D, 0x5F, 0x3C, 0x63, 0x3C, 0x5F, 0x3B, 0x63, 0x3C, 0x5F, 0x3B, 0x5F, 
    0x1B, 0x5F, 0x1A, 0x5B, 0xFA, 0x56, 0xF9, 0x56, 0xDA, 0x56, 0xFA, 0x5A, 0xD7, 0x5A, 0x93, 0x56, 
    0xD7, 0x5E, 0xF8, 0x62, 0xD0, 0x41, 0x18, 0x67, 0x1A, 0x67, 0xD5, 0x62, 0x95, 0x56, 0xB6, 0x5A, 
    0xB7, 0x56, 0xF0, 0x41, 0x09, 0x29, 0x49, 0x2D, 0xCF, 0x39, 0x31, 0x4A, 0x19, 0x67, 0x52, 0x4E, 
    0x74, 0x52, 0x18, 0x67, 0xF8, 0x5E, 0x52, 0x4E, 0x6B, 0x35, 0x62, 0x14, 0x64, 0x14, 0x63, 0x14, 
    0xAE, 0x39, 0x32, 0x4A, 0xCE, 0x39, 0x6A, 0x31, 0x84, 0x18, 0xE6, 0x24, 0x84, 0x18, 0x27, 0x2D, 
    0x07, 0x2D, 0xE5, 0x28, 0x84, 0x1C, 0x82, 0x18, 0xA5, 0x1C, 0xE7, 0x24, 0xAE, 0x39, 0xEF, 0x41, 
    0x33, 0x4A, 0xB5, 0x5A, 0xD7, 0x5E, 0xF7, 0x5E, 0xD6, 0x5A, 0xAD, 0x3D, 0x63, 0x18, 0xE6, 0x24, 
    0xE7, 0x24, 0x4A, 0x31, 0x4A, 0x31, 0x49, 0x31, 0x8D, 0x39, 0xB5, 0x5A, 0x95, 0x56, 0xB5, 0x5A, 
    0xEF, 0x45, 0xE6, 0x24, 0xC6, 0x20, 0xE7, 0x24, 0x74, 0x52, 0xF7, 0x62, 0x52, 0x52, 0x6A, 0x3D, 
    0x72, 0x5A, 0x50, 0x5A, 0x4F, 0x5A, 0x2E, 0x56, 0x2F, 0x56, 0x2E, 0x56, 0x0E, 0x56, 0xCC, 0x49, 
    0x8A, 0x3D, 0x68, 0x39, 0x48, 0x35, 0x47, 0x39, 0x27, 0x35, 0x47, 0x35, 0xAB, 0x45, 0xAA, 0x45, 
    0x6A, 0x39, 0x26, 0x31, 0x06, 0x2D, 0x47, 0x31, 0x51, 0x52, 0x0E, 0x4A, 0x69, 0x31, 0xAA, 0x39, 
    0xAA, 0x39, 0x88, 0x35, 0x67, 0x2D, 0xEB, 0x45, 0xEC, 0x41, 0xA8, 0x39, 0x88, 0x35, 0xA7, 0x35, 
    0xA8, 0x35, 0xEA, 0x41, 0xCA, 0x39, 0x0F, 0x42, 0x33, 0x46, 0x96, 0x4A, 0x96, 0x4A, 0x4F, 0x46, 
    0xE9, 0x39, 0x09, 0x3E, 0x2C, 0x42, 0x91, 0x4E, 0x94, 0x4E, 0xD8, 0x56, 0xD9, 0x56, 0xD8, 0x5A, 
    0xD8, 0x56, 0xB5, 0x52, 0x97, 0x4E, 0xB7, 0x52, 0xB7, 0x4E, 0x94, 0x4E, 0x52, 0x46, 0x72, 0x4A, 
    0x52, 0x46, 0x72, 0x46, 0x53, 0x46, 0x2F, 0x42, 0x2F, 0x3E, 0x2E, 0x42, 0x0D, 0x3A, 0xEA, 0x39, 
    0xCA, 0x39, 0xC9, 0x39, 0xA8, 0x35, 0xA7, 0x35, 0xA9, 0x35, 0xCA, 0x39, 0xA8, 0x35, 0xA6, 0x35, 
    0x86, 0x31, 0xA5, 0x31, 0xA7, 0x31, 0xC7, 0x35, 0xC9, 0x35, 0xEA, 0x39, 0xEB, 0x39, 0xEB, 0x3D, 
    0x0D, 0x3E, 0x4F, 0x46, 0x50, 0x42, 0x4F, 0x46, 0x51, 0x46, 0x51, 0x46, 0x73, 0x46, 0x72, 0x4A, 
    0x72, 0x46, 0x70, 0x4A, 0x71, 0x46, 0x70, 0x4A, 0x72, 0x4A, 0x94, 0x52, 0x74, 0x4E, 0x72, 0x4E, 
    0x52, 0x4A, 0x52, 0x4A, 0x31, 0x46, 0x30, 0x46, 0x31, 0x46, 0x54, 0x4A, 0x76, 0x4E, 0x75, 0x4E, 
    0x54, 0x46, 0x30, 0x46, 0xED, 0x3D, 0xEB, 0x3D, 0xED, 0x3D, 0x0E, 0x46, 0x0F, 0x42, 0x2E, 0x46, 
    0x3D, 0x5F, 0xFC, 0x5A, 0xD9, 0x56, 0xB9, 0x52, 0xD9, 0x52, 0xB9, 0x52, 0xB9, 0x4E, 0x99, 0x4A, 
    0x97, 0x4A, 0x78, 0x46, 0x77, 0x46, 0x57, 0x42, 0x55, 0x42, 0x13, 0x3A, 0x31, 0x3A, 0x10, 0x36, 
    0x53, 0x3E, 0x55, 0x3E, 0x53, 0x3E, 0x55, 0x42, 0x76, 0x42, 0x77, 0x42, 0x77, 0x46, 0x78, 0x46, 
    0x76, 0x42, 0x34, 0x3E, 0x52, 0x42, 0x76, 0x42, 0xDA, 0x52, 0xFC, 0x56, 0x1C, 0x5B, 0xDC, 0x56, 
    0xB9, 0x52, 0x74, 0x4A, 0x51, 0x4A, 0x54, 0x46, 0x75, 0x4A, 0x76, 0x46, 0x75, 0x46, 0x55, 0x46, 
    0x76, 0x4A, 0x76, 0x4A, 0x96, 0x4A, 0x98, 0x4E, 0xD9, 0x56, 0xDB, 0x52, 0xFB, 0x5A, 0x1C, 0x5B, 
    0x3C, 0x5F, 0x3D, 0x5F, 0x5D, 0x5F, 0x5E, 0x5F, 0x7E, 0x63, 0x7F, 0x63, 0x7E, 0x63, 0x7F, 0x63, 
    0x9F, 0x67, 0x9F, 0x67, 0x7E, 0x63, 0x5E, 0x5F, 0x5D, 0x5F, 0x5E, 0x5F, 0x5D, 0x5F, 0x5E, 0x5F, 
    0x5D, 0x63, 0x5D, 0x5F, 0x5D, 0x63, 0x5D, 0x5F, 0x5C, 0x63, 0x3C, 0x63, 0x5B, 0x63, 0x3C, 0x5F, 
    0x3B, 0x5F, 0x1B, 0x5B, 0xFA, 0x5A, 0xFA, 0x56, 0xF9, 0x56, 0xFA, 0x56, 0xD7, 0x5A, 0x94, 0x56, 
    0x18, 0x63, 0x1A, 0x63, 0x10, 0x46, 0x19, 0x63, 0x18, 0x67, 0x73, 0x56, 0xF6, 0x62, 0xB7, 0x5A, 
    0x95, 0x56, 0xAE, 0x39, 0x49, 0x2D, 0x09, 0x29, 0xCE, 0x3D, 0x73, 0x4E, 0x18, 0x67, 0x54, 0x4E, 
    0x94, 0x56, 0x19, 0x63, 0xF7, 0x62, 0x32, 0x4E, 0x6A, 0x31, 0x63, 0x10, 0x83, 0x14, 0xC6, 0x1C, 
    0xAD, 0x39, 0x11, 0x46, 0x6B, 0x31, 0xE7, 0x20, 0xC4, 0x1C, 0xE6, 0x24, 0xA3, 0x18, 0x62, 0x14, 
    0x06, 0x2D, 0xE6, 0x24, 0xA3, 0x1C, 0x83, 0x14, 0xE6, 0x24, 0x08, 0x25, 0xAC, 0x39, 0xCF, 0x3D, 
    0x94, 0x56, 0xD6, 0x5A, 0x94, 0x56, 0x53, 0x4E, 0xEF, 0x45, 0xE7, 0x24, 0xC4, 0x1C, 0xC5, 0x20, 
    0x06, 0x25, 0xE7, 0x20, 0xE6, 0x24, 0xE8, 0x24, 0xAD, 0x39, 0x53, 0x4E, 0x31, 0x4A, 0xEF, 0x41, 
    0x06, 0x29, 0xC6, 0x20, 0xE6, 0x20, 0x29, 0x29, 0xD6, 0x5A, 0x18, 0x63, 0xD6, 0x5E, 0x10, 0x4A, 
    0xCC, 0x45, 0xCD, 0x49, 0x0D, 0x52, 0x0E, 0x52, 0x4F, 0x56, 0x50, 0x5A, 0x70, 0x5A, 0x50, 0x5A, 
    0x4F, 0x56, 0xAB, 0x41, 0x47, 0x35, 0x68, 0x39, 0x68, 0x3D, 0x47, 0x35, 0xAA, 0x45, 0x8A, 0x3D, 
    0x47, 0x35, 0x27, 0x31, 0x26, 0x31, 0x27, 0x2D, 0x2F, 0x4E, 0xCD, 0x3D, 0x26, 0x2D, 0xCC, 0x3D, 
    0x0D, 0x46, 0x68, 0x31, 0x44, 0x29, 0x88, 0x35, 0x2C, 0x4A, 0xCA, 0x3D, 0xA8, 0x39, 0x87, 0x31, 
    0xC8, 0x39, 0xA9, 0x39, 0xC9, 0x39, 0x10, 0x42, 0x54, 0x46, 0x97, 0x4A, 0xB7, 0x4E, 0x94, 0x4A, 
    0x6F, 0x46, 0x2B, 0x3E, 0x2A, 0x3E, 0x4D, 0x46, 0xB3, 0x52, 0xD7, 0x56, 0xD7, 0x56, 0xD8, 0x56, 
    0xD7, 0x56, 0xB6, 0x4E, 0xD7, 0x52, 0xB8, 0x52, 0xB6, 0x4E, 0x94, 0x4A, 0x72, 0x4A, 0x53, 0x46, 
    0x51, 0x46, 0x52, 0x42, 0x52, 0x46, 0x31, 0x42, 0x2F, 0x42, 0x2F, 0x3E, 0x0C, 0x3E, 0xEB, 0x39, 
    0xEA, 0x39, 0xCA, 0x39, 0xC9, 0x39, 0xA8, 0x35, 0xCA, 0x39, 0xCA, 0x35, 0xA6, 0x35, 0x86, 0x31, 
    0xA5, 0x31, 0x86, 0x31, 0xA6, 0x31, 0xA7, 0x31, 0xC8, 0x35, 0xC9, 0x35, 0xE9, 0x39, 0xEB, 0x39, 
    0x0C, 0x3E, 0x2E, 0x3E, 0x4E, 0x42, 0x2E, 0x3E, 0x4D, 0x42, 0x51, 0x46, 0x71, 0x4A, 0x71, 0x46, 
    0x70, 0x46, 0x4F, 0x42, 0x4F, 0x46, 0x4F, 0x46, 0x71, 0x4A, 0x74, 0x4E, 0x72, 0x4E, 0x51, 0x46, 
    0x72, 0x4A, 0x52, 0x46, 0x51, 0x4A, 0x32, 0x46, 0x53, 0x4A, 0x75, 0x4E, 0x95, 0x4E, 0x75, 0x4A, 
    0x53, 0x4A, 0x31, 0x42, 0x0F, 0x42, 0x0F, 0x42, 0x50, 0x46, 0x52, 0x46, 0x71, 0x4A, 0x50, 0x4A, 
    0x1D, 0x5F, 0xFC, 0x5E, 0xDA, 0x56, 0xB9, 0x56, 0xBA, 0x52, 0xDA, 0x56, 0x9A, 0x52, 0xB9, 0x52, 
    0x99, 0x4E, 0x98, 0x4E, 0x78, 0x4A, 0x77, 0x46, 0x56, 0x42, 0x33, 0x3E, 0x32, 0x3E, 0x53, 0x42, 
    0x56, 0x42, 0x56, 0x42, 0x55, 0x3E, 0x76, 0x46, 0x78, 0x46, 0x98, 0x4A, 0x79, 0x46, 0x78, 0x4A, 
    0x57, 0x42, 0x54, 0x42, 0x54, 0x42, 0x96, 0x4A, 0xDB, 0x52, 0xFC, 0x5A, 0xFD, 0x5A, 0xFC, 0x5A, 
    0xBB, 0x56, 0x96, 0x52, 0x53, 0x4A, 0x55, 0x4A, 0x77, 0x4A, 0x76, 0x4A, 0x55, 0x46, 0x54, 0x4A, 
    0x55, 0x46, 0x75, 0x4A, 0x56, 0x4A, 0x97, 0x4E, 0xB9, 0x52, 0xDA, 0x56, 0xDC, 0x56, 0x1C, 0x5B, 
    0x1D, 0x5B, 0x3D, 0x5F, 0x3E, 0x5F, 0x5E, 0x63, 0x5F, 0x5F, 0x7E, 0x63, 0x5F, 0x63, 0x7E, 0x67, 
    0x9F, 0x67, 0x9F, 0x67, 0x7F, 0x63, 0x7E, 0x63, 0x5E, 0x5F, 0x5E, 0x63, 0x5E, 0x63, 0x7E, 0x67, 
    0x7F, 0x63, 0x7E, 0x67, 0x5E, 0x63, 0x5D, 0x67, 0x5D, 0x63, 0x5C, 0x67, 0x3C, 0x63, 0x5C, 0x63, 
    0x3C, 0x5F, 0x1B, 0x5F, 0xFB, 0x5A, 0xFA, 0x5A, 0xFB, 0x56, 0xFA, 0x5A, 0xD8, 0x5A, 0xB5, 0x5A, 
    0xF9, 0x62, 0x19, 0x63, 0xF1, 0x41, 0xF8, 0x66, 0x95, 0x56, 0x0F, 0x4E, 0xF8, 0x66, 0x95, 0x56, 
    0xF1, 0x41, 0x6B, 0x31, 0x2A, 0x2D, 0x6B, 0x31, 0xF0, 0x41, 0x94, 0x5A, 0xF8, 0x62, 0x74, 0x56, 
    0xB7, 0x5A, 0x18, 0x63, 0xD7, 0x5E, 0x6B, 0x35, 0xA6, 0x1C, 0x63, 0x14, 0x85, 0x18, 0x6C, 0x35, 
    0xF1, 0x41, 0xF0, 0x45, 0x2A, 0x2D, 0x84, 0x1C, 0xC6, 0x20, 0xE6, 0x24, 0xC6, 0x20, 0x83, 0x1C, 
    0xE7, 0x28, 0xC5, 0x24, 0xE7, 0x28, 0x07, 0x29, 0x6C, 0x35, 0x8C, 0x3D, 0x4B, 0x31, 0xAE, 0x3D, 
    0x96, 0x56, 0xD6, 0x5E, 0x53, 0x52, 0x29, 0x31, 0xC6, 0x24, 0xC6, 0x24, 0xA5, 0x1C, 0xC5, 0x20, 
    0xC6, 0x20, 0x29, 0x2D, 0x85, 0x1C, 0x08, 0x29, 0xAE, 0x3D, 0x52, 0x4E, 0xF0, 0x45, 0x4A, 0x35, 
    0x4A, 0x35, 0x07, 0x29, 0xE7, 0x28, 0xAE, 0x3D, 0xF8, 0x5E, 0x18, 0x67, 0x19, 0x67, 0xB4, 0x5E, 
    0xCF, 0x49, 0xCD, 0x49, 0xCD, 0x49, 0x0D, 0x52, 0x0F, 0x52, 0x70, 0x5E, 0x71, 0x5E, 0x92, 0x5E, 
    0x72, 0x5E, 0x2F, 0x56, 0x49, 0x39, 0x68, 0x3D, 0x69, 0x3D, 0x68, 0x3D, 0x48, 0x39, 0x48, 0x39, 
    0x07, 0x31, 0x27, 0x35, 0x06, 0x2D, 0x06, 0x31, 0x30, 0x52, 0x0E, 0x4A, 0x6A, 0x35, 0x0E, 0x4A, 
    0xD5, 0x62, 0x2E, 0x4E, 0x02, 0x25, 0x66, 0x31, 0xCB, 0x41, 0xC9, 0x3D, 0x88, 0x35, 0x87, 0x35, 
    0xA9, 0x39, 0xC9, 0x39, 0xAA, 0x39, 0x31, 0x46, 0x55, 0x46, 0x97, 0x4E, 0x99, 0x4E, 0xB7, 0x4E, 
    0x95, 0x4A, 0x90, 0x4A, 0x0B, 0x3E, 0x2B, 0x46, 0x70, 0x4A, 0xD4, 0x56, 0xB7, 0x56, 0xD7, 0x56, 
    0xB7, 0x52, 0xD6, 0x56, 0xB8, 0x52, 0xD7, 0x52, 0x96, 0x4E, 0x95, 0x4E, 0x74, 0x4A, 0x73, 0x4A, 
    0x32, 0x46, 0x53, 0x46, 0x53, 0x46, 0x52, 0x46, 0x31, 0x46, 0x30, 0x42, 0x0E, 0x3E, 0xEB, 0x3D, 
    0xEB, 0x39, 0xEA, 0x3D, 0xCB, 0x39, 0xCA, 0x39, 0xCB, 0x39, 0xA9, 0x39, 0x87, 0x31, 0x85, 0x31, 
    0x86, 0x31, 0xA5, 0x31, 0x86, 0x31, 0xA7, 0x35, 0xA8, 0x35, 0xC8, 0x35, 0xC9, 0x35, 0xEA, 0x39, 
    0xEC, 0x39, 0x2D, 0x42, 0x0D, 0x3E, 0x2C, 0x3E, 0x0C, 0x3E, 0x4E, 0x46, 0x50, 0x46, 0x6F, 0x46, 
    0x4F, 0x42, 0x4E, 0x46, 0x50, 0x46, 0x50, 0x4A, 0x52, 0x4A, 0x73, 0x4E, 0x53, 0x4A, 0x52, 0x4A, 
    0x53, 0x4A, 0x73, 0x4E, 0x33, 0x4A, 0x53, 0x4E, 0x75, 0x4E, 0x75, 0x52, 0x75, 0x4E, 0x74, 0x4E, 
    0x53, 0x4A, 0x52, 0x4A, 0x32, 0x46, 0x52, 0x4A, 0x54, 0x4A, 0x74, 0x4E, 0x73, 0x4A, 0x71, 0x4E, 
    0x1C, 0x5B, 0xDB, 0x56, 0xD9, 0x56, 0xB9, 0x52, 0xD9, 0x56, 0xDA, 0x52, 0xD9, 0x52, 0xB9, 0x4E, 
    0xB9, 0x4E, 0x99, 0x4A, 0xB8, 0x4A, 0x98, 0x46, 0x96, 0x46, 0x54, 0x3E, 0x73, 0x42, 0x76, 0x42, 
    0x97, 0x42, 0x77, 0x42, 0x75, 0x3E, 0x77, 0x42, 0x98, 0x46, 0x99, 0x4A, 0xB8, 0x4A, 0x78, 0x46, 
    0x76, 0x42, 0x55, 0x3E, 0x74, 0x42, 0xB7, 0x46, 0xFA, 0x52, 0xFC, 0x56, 0x1D, 0x5B, 0xFD, 0x56, 
    0xDA, 0x56, 0x97, 0x4E, 0x73, 0x4A, 0x76, 0x4A, 0xB8, 0x4A, 0x77, 0x46, 0x75, 0x46, 0x53, 0x42, 
    0x53, 0x46, 0x53, 0x46, 0x74, 0x46, 0x76, 0x4A, 0xB8, 0x4E, 0xB9, 0x52, 0xFA, 0x56, 0xFC, 0x56, 
    0x1C, 0x5B, 0x1D, 0x5B, 0x3D, 0x5F, 0x3E, 0x5F, 0x5D, 0x5F, 0x5E, 0x5F, 0x7E, 0x5F, 0x7E, 0x63, 
    0x9E, 0x67, 0x7F, 0x63, 0x7E, 0x63, 0x5E, 0x5F, 0x7D, 0x5F, 0x7E, 0x5F, 0x9E, 0x63, 0x9E, 0x67, 
    0x9E, 0x67, 0x9E, 0x67, 0x9D, 0x67, 0x7D, 0x67, 0x7D, 0x67, 0x7D, 0x63, 0x7C, 0x67, 0x5C, 0x63, 
    0x5B, 0x63, 0x3B, 0x5F, 0x1A, 0x5B, 0x1A, 0x57, 0x1A, 0x5B, 0xFB, 0x56, 0xF7, 0x5A, 0xB5, 0x56, 
    0x18, 0x63, 0x19, 0x5F, 0xEE, 0x41, 0x73, 0x52, 0x0E, 0x46, 0x2F, 0x4E, 0x16, 0x67, 0x75, 0x4E, 
    0x73, 0x4E, 0x6C, 0x31, 0x49, 0x2D, 0x6B, 0x2D, 0xAC, 0x39, 0xB5, 0x56, 0x17, 0x63, 0x95, 0x56, 
    0xF7, 0x5E, 0xF8, 0x5E, 0x72, 0x4E, 0xE7, 0x24, 0xE6, 0x24, 0xC5, 0x1C, 0xE6, 0x24, 0xEF, 0x41, 
    0x94, 0x56, 0x11, 0x46, 0x49, 0x2D, 0x07, 0x25, 0xE5, 0x20, 0xA4, 0x1C, 0xC5, 0x20, 0x84, 0x18, 
    0x27, 0x2D, 0x28, 0x2D, 0xAB, 0x3D, 0xCD, 0x3D, 0x51, 0x4E, 0x52, 0x4E, 0x6A, 0x31, 0x8D, 0x35, 
    0xB4, 0x56, 0x73, 0x4E, 0xCD, 0x3D, 0xE7, 0x24, 0xE6, 0x24, 0xE6, 0x20, 0xC4, 0x1C, 0xC5, 0x1C, 
    0xC5, 0x20, 0xE7, 0x24, 0x28, 0x29, 0x10, 0x46, 0x93, 0x56, 0x52, 0x4E, 0xCD, 0x41, 0x6B, 0x35, 
    0xED, 0x45, 0x4A, 0x31, 0x28, 0x2D, 0xEF, 0x3D, 0xD5, 0x5A, 0xB5, 0x56, 0x17, 0x67, 0xD5, 0x5E, 
    0x51, 0x52, 0x0F, 0x4E, 0x2E, 0x4E, 0x0E, 0x52, 0x2E, 0x52, 0x50, 0x56, 0x70, 0x5A, 0x72, 0x5A, 
    0xB2, 0x5E, 0x72, 0x5A, 0xAA, 0x41, 0x89, 0x41, 0xA9, 0x41, 0x89, 0x3D, 0x67, 0x39, 0x26, 0x31, 
    0x26, 0x35, 0x27, 0x31, 0x46, 0x31, 0x06, 0x2D, 0x4F, 0x52, 0xEE, 0x45, 0x47, 0x31, 0x2F, 0x4A, 
    0xD4, 0x62, 0x70, 0x52, 0x45, 0x2D, 0x45, 0x29, 0xA8, 0x35, 0xCA, 0x39, 0x86, 0x31, 0x87, 0x31, 
    0xA7, 0x35, 0xA9, 0x39, 0xC9, 0x39, 0x54, 0x46, 0x96, 0x4A, 0x97, 0x4A, 0xD9, 0x52, 0xDA, 0x52, 
    0xD8, 0x4E, 0x95, 0x4A, 0x6D, 0x46, 0x2A, 0x3E, 0x6C, 0x46, 0x91, 0x4E, 0xD3, 0x56, 0xD5, 0x56, 
    0xD5, 0x56, 0xD7, 0x52, 0xD7, 0x52, 0xB7, 0x4E, 0xB6, 0x4E, 0x96, 0x4A, 0x94, 0x4A, 0x73, 0x46, 
    0x73, 0x46, 0x75, 0x46, 0x74, 0x4A, 0x53, 0x46, 0x51, 0x46, 0x31, 0x42, 0x2E, 0x42, 0x0C, 0x3E, 
    0x0B, 0x3E, 0xEB, 0x39, 0xEA, 0x3D, 0xCA, 0x39, 0xC9, 0x39, 0xA7, 0x31, 0xA5, 0x31, 0x85, 0x31, 
    0xA5, 0x31, 0x85, 0x2D, 0xA6, 0x31, 0xA7, 0x31, 0xC6, 0x31, 0xC7, 0x31, 0xE8, 0x35, 0xEA, 0x39, 
    0x2C, 0x3E, 0x2C, 0x3E, 0x2C, 0x3E, 0x2C, 0x3A, 0x2B, 0x3A, 0x2C, 0x3E, 0x4D, 0x42, 0x4D, 0x3E, 
    0x4D, 0x42, 0x4F, 0x42, 0x50, 0x46, 0x50, 0x46, 0x72, 0x4A, 0x74, 0x4A, 0x94, 0x4E, 0x74, 0x4A, 
    0x95, 0x4E, 0x75, 0x4E, 0x73, 0x4A, 0x74, 0x4E, 0x94, 0x4E, 0x75, 0x4A, 0x74, 0x4E, 0x74, 0x4A, 
    0x73, 0x4A, 0x53, 0x46, 0x73, 0x4A, 0x75, 0x4A, 0x95, 0x4A, 0x95, 0x4A, 0x93, 0x4E, 0x71, 0x4A, 
    0xDB, 0x56, 0xD9, 0x56, 0xB9, 0x52, 0xB9, 0x56, 0xBA, 0x52, 0xDA, 0x56, 0xBA, 0x52, 0xB9, 0x52, 
    0xBA, 0x4E, 0xBA, 0x52, 0xBA, 0x4E, 0xB9, 0x4E, 0x98, 0x4A, 0x96, 0x4A, 0x76, 0x46, 0x97, 0x46, 
    0x78, 0x46, 0x77, 0x46, 0x57, 0x42, 0x97, 0x46, 0x9A, 0x4A, 0xDA, 0x4E, 0xBA, 0x4A, 0x98, 0x4A, 
    0x56, 0x42, 0x74, 0x42, 0x75, 0x46, 0xD8, 0x4E, 0xDB, 0x52, 0x1C, 0x5B, 0x1E, 0x5B, 0x1D, 0x5B, 
    0xDB, 0x56, 0x97, 0x52, 0x75, 0x4A, 0x97, 0x4E, 0x9A, 0x4E, 0x98, 0x4E, 0x56, 0x46, 0x53, 0x46, 
    0x33, 0x46, 0x53, 0x46, 0x54, 0x46, 0x74, 0x4A, 0x97, 0x4E, 0xB9, 0x52, 0xDA, 0x56, 0xFB, 0x5A, 
    0xFC, 0x56, 0x1C, 0x5B, 0x1D, 0x5B, 0x3D, 0x5F, 0x3D, 0x5F, 0x5D, 0x5F, 0x3E, 0x5F, 0x7E, 0x63, 
    0x7F, 0x63, 0x7E, 0x67, 0x5E, 0x63, 0x7E, 0x63, 0x5E, 0x5F, 0x7E, 0x63, 0x9F, 0x67, 0x9E, 0x6B, 
    0x9F, 0x6B, 0xBE, 0x6B, 0x9E, 0x6B, 0x9E, 0x6B, 0x7E, 0x6B, 0x9D, 0x6B, 0x7E, 0x67, 0x7D, 0x67, 
    0x5D, 0x63, 0x5C, 0x63, 0x1B, 0x5B, 0x1B, 0x5B, 0x1B, 0x5B, 0x1B, 0x5B, 0xD8, 0x5A, 0xD6, 0x5A, 
    0xF9, 0x5E, 0x19, 0x63, 0x6C, 0x35, 0x49, 0x31, 0xCE, 0x41, 0x91, 0x5A, 0xD5, 0x5E, 0xB6, 0x5A, 
    0xF9, 0x62, 0x11, 0x46, 0xE8, 0x20, 0x49, 0x2D, 0xCF, 0x3D, 0xF7, 0x62, 0xD7, 0x5E, 0x10, 0x4A, 
    0xB6, 0x5A, 0x17, 0x63, 0x31, 0x4A, 0xC5, 0x20, 0xC6, 0x20, 0xA5, 0x1C, 0x08, 0x25, 0x31, 0x4E, 
    0x95, 0x56, 0x52, 0x4E, 0x08, 0x25, 0x07, 0x25, 0x84, 0x18, 0x83, 0x18, 0xA5, 0x1C, 0xC5, 0x24, 
    0x49, 0x31, 0xAB, 0x3D, 0x0F, 0x4A, 0x51, 0x52, 0x95, 0x56, 0x94, 0x56, 0x4B, 0x31, 0x29, 0x2D, 
    0xF0, 0x45, 0xEE, 0x41, 0x29, 0x2D, 0x28, 0x2D, 0x08, 0x29, 0xE6, 0x24, 0xA5, 0x1C, 0xA4, 0x1C, 
    0xA5, 0x1C, 0xA4, 0x1C, 0x8D, 0x35, 0xD6, 0x5E, 0xD7, 0x5E, 0x31, 0x4E, 0xAD, 0x41, 0xAB, 0x3D, 
    0xAC, 0x3D, 0xAC, 0x3D, 0x6B, 0x35, 0x29, 0x31, 0xCE, 0x41, 0x94, 0x5A, 0xB6, 0x5E, 0x93, 0x56, 
    0x32, 0x4E, 0x72, 0x56, 0x72, 0x56, 0x50, 0x5A, 0x0F, 0x52, 0x2F, 0x56, 0x50, 0x56, 0x71, 0x5E, 
    0x72, 0x5E, 0x50, 0x5A, 0x8A, 0x41, 0xCB, 0x49, 0xAB, 0x45, 0x89, 0x41, 0x27, 0x39, 0x26, 0x39, 
    0x48, 0x39, 0x26, 0x35, 0x27, 0x31, 0x05, 0x2D, 0xEE, 0x49, 0xCC, 0x41, 0x82, 0x1C, 0x0E, 0x4A, 
    0xB4, 0x5A, 0x2E, 0x4A, 0x68, 0x35, 0x66, 0x31, 0x67, 0x31, 0xA8, 0x35, 0x87, 0x31, 0xC9, 0x39, 
    0x88, 0x35, 0xC8, 0x3D, 0xA9, 0x39, 0x74, 0x4E, 0x98, 0x4E, 0x98, 0x4E, 0xBA, 0x56, 0xFA, 0x5A, 
    0xDA, 0x52, 0xB7, 0x4E, 0x70, 0x46, 0x2A, 0x42, 0x2B, 0x42, 0x6E, 0x4E, 0x70, 0x4E, 0xB1, 0x52, 
    0xB6, 0x56, 0xD6, 0x56, 0xB6, 0x52, 0xD7, 0x52, 0x97, 0x4E, 0xB6, 0x4E, 0x75, 0x4A, 0x75, 0x4A, 
    0x75, 0x4A, 0x95, 0x4A, 0x76, 0x4A, 0x73, 0x4A, 0x52, 0x46, 0x52, 0x46, 0x52, 0x46, 0x2F, 0x42, 
    0x0D, 0x3E, 0xEA, 0x39, 0xCA, 0x39, 0xC9, 0x39, 0xA9, 0x35, 0xA7, 0x35, 0x86, 0x31, 0xA5, 0x31, 
    0x86, 0x31, 0xA5, 0x31, 0xA6, 0x31, 0xA6, 0x35, 0xA7, 0x31, 0xC7, 0x35, 0xA8, 0x35, 0xE9, 0x39, 
    0x0C, 0x3E, 0x2C, 0x3E, 0x0C, 0x3A, 0x2C, 0x3E, 0x0C, 0x3A, 0x2B, 0x3E, 0x2C, 0x3E, 0x4C, 0x42, 
    0x2E, 0x42, 0x50, 0x4A, 0x51, 0x4A, 0x71, 0x4A, 0x53, 0x4A, 0x74, 0x4E, 0x75, 0x4E, 0x96, 0x52, 
    0x98, 0x52, 0x96, 0x52, 0x75, 0x4E, 0x95, 0x52, 0x75, 0x4E, 0x74, 0x4E, 0x75, 0x4E, 0x94, 0x4E, 
    0x75, 0x4A, 0x95, 0x4E, 0x75, 0x4E, 0x95, 0x4E, 0x97, 0x4E, 0x96, 0x4E, 0x95, 0x4E, 0x92, 0x4E, 
    0xD8, 0x52, 0xB8, 0x4E, 0xB8, 0x52, 0xB9, 0x4E, 0xD9, 0x56, 0xDA, 0x52, 0xD9, 0x52, 0xBA, 0x52, 
    0xDA, 0x52, 0xBA, 0x52, 0xDA, 0x52, 0xBB, 0x52, 0xD9, 0x52, 0xB8, 0x4A, 0xB8, 0x4A, 0x98, 0x4A, 
    0x98, 0x4A, 0x78, 0x46, 0x97, 0x46, 0x99, 0x4A, 0xDA, 0x52, 0xDB, 0x4E, 0xDA, 0x52, 0x99, 0x4A, 
    0x76, 0x46, 0x75, 0x42, 0xB6, 0x4A, 0xD9, 0x4E, 0x1B, 0x57, 0x1D, 0x5B, 0x3D, 0x5F, 0x1D, 0x5B, 
    0xFB, 0x56, 0x98, 0x4E, 0x96, 0x4E, 0x99, 0x4E, 0xDA, 0x52, 0xB9, 0x4E, 0x96, 0x4A, 0x55, 0x46, 
    0x54, 0x46, 0x54, 0x46, 0x73, 0x46, 0x73, 0x46, 0x95, 0x4E, 0x98, 0x4E, 0xD9, 0x52, 0xDA, 0x56, 
    0xFB, 0x56, 0xFC, 0x56, 0x1C, 0x5B, 0x1D, 0x5B, 0x3C, 0x5B, 0x1D, 0x5B, 0x5D, 0x5F, 0x5E, 0x5F, 
    0x7E, 0x63, 0x7E, 0x5F, 0x7E, 0x63, 0x5E, 0x5F, 0x7E, 0x63, 0x7E, 0x63, 0x9E, 0x6B, 0x9F, 0x6B, 
    0xBE, 0x6F, 0xBF, 0x6F, 0xBE, 0x6F, 0x9F, 0x6F, 0xBE, 0x6F, 0x9F, 0x6F, 0xBE, 0x6F, 0x9E, 0x67, 
    0x7D, 0x67, 0x5C, 0x63, 0x3B, 0x63, 0x1C, 0x5B, 0x3B, 0x5B, 0x1B, 0x5B, 0xF8, 0x5A, 0xD7, 0x5A, 
    0x19, 0x63, 0xD8, 0x5A, 0x49, 0x2D, 0xAD, 0x3D, 0xCD, 0x45, 0x92, 0x5E, 0xD5, 0x62, 0xF9, 0x5E, 
    0x3A, 0x67, 0x53, 0x4A, 0xE6, 0x20, 0x29, 0x29, 0x10, 0x46, 0xF8, 0x62, 0x30, 0x4A, 0x85, 0x1C, 
    0x73, 0x52, 0xF8, 0x62, 0x0F, 0x46, 0xC6, 0x1C, 0xC5, 0x1C, 0xC6, 0x1C, 0xC5, 0x20, 0x32, 0x4E, 
    0x94, 0x56, 0x11, 0x46, 0xE6, 0x20, 0x08, 0x25, 0xA4, 0x18, 0x63, 0x14, 0x49, 0x2D, 0xAD, 0x3D, 
    0x8A, 0x39, 0xAC, 0x3D, 0x71, 0x52, 0x94, 0x56, 0xD5, 0x5A, 0x94, 0x52, 0x49, 0x2D, 0xA6, 0x1C, 
    0xCD, 0x3D, 0xCE, 0x3D, 0xAC, 0x39, 0xAD, 0x3D, 0x8B, 0x39, 0xE7, 0x20, 0xC5, 0x20, 0xC6, 0x20, 
    0x49, 0x2D, 0xC5, 0x20, 0xAD, 0x39, 0xF8, 0x62, 0xF7, 0x62, 0x52, 0x4E, 0x30, 0x4E, 0xEE, 0x45, 
    0xAC, 0x41, 0xCE, 0x41, 0xAC, 0x3D, 0x08, 0x29, 0x50, 0x4E, 0xB5, 0x5A, 0x93, 0x5A, 0x31, 0x4A, 
    0x30, 0x4A, 0x94, 0x5A, 0x93, 0x5A, 0x72, 0x5A, 0x4F, 0x56, 0x0F, 0x52, 0x2F, 0x56, 0x51, 0x5A, 
    0x2F, 0x56, 0x8A, 0x41, 0x47, 0x39, 0x89, 0x41, 0x89, 0x45, 0x47, 0x39, 0x26, 0x39, 0x47, 0x39, 
    0x68, 0x3D, 0x27, 0x35, 0x26, 0x31, 0xE5, 0x2C, 0x8A, 0x3D, 0xAC, 0x3D, 0xC4, 0x24, 0xEF, 0x45, 
    0x37, 0x6B, 0x30, 0x4A, 0x24, 0x2D, 0x46, 0x2D, 0x65, 0x2D, 0xA8, 0x35, 0xC9, 0x39, 0xCA, 0x3D, 
    0x87, 0x35, 0xA9, 0x39, 0xC8, 0x3D, 0x52, 0x46, 0xB8, 0x52, 0x99, 0x52, 0xFA, 0x56, 0xFB, 0x56, 
    0xFA, 0x56, 0x97, 0x4A, 0x70, 0x46, 0x2B, 0x3E, 0x2A, 0x46, 0x4C, 0x46, 0x6C, 0x4A, 0x8F, 0x4E, 
    0xD4, 0x56, 0xB5, 0x52, 0xD5, 0x56, 0xB7, 0x52, 0xB7, 0x52, 0x97, 0x4E, 0x95, 0x4A, 0x97, 0x4E, 
    0x95, 0x4A, 0x76, 0x4A, 0x95, 0x4A, 0x53, 0x46, 0x51, 0x46, 0x52, 0x46, 0x72, 0x46, 0x31, 0x42, 
    0x2D, 0x42, 0xCA, 0x39, 0xC8, 0x35, 0xA8, 0x35, 0xA7, 0x35, 0x87, 0x35, 0xA6, 0x35, 0x86, 0x31, 
    0xA5, 0x31, 0x86, 0x31, 0xA6, 0x31, 0xA7, 0x31, 0xC7, 0x35, 0xA7, 0x31, 0xC7, 0x35, 0xC9, 0x35, 
    0x0B, 0x3E, 0x0C, 0x3E, 0x2C, 0x3E, 0x0D, 0x3E, 0x2C, 0x3E, 0x0C, 0x3A, 0x2B, 0x3E, 0x2D, 0x3E, 
    0x4E, 0x46, 0x51, 0x46, 0x71, 0x4A, 0x73, 0x4A, 0x73, 0x4A, 0x74, 0x4A, 0x95, 0x52, 0xB8, 0x52, 
    0xB8, 0x56, 0x97, 0x52, 0x96, 0x52, 0x95, 0x4E, 0x94, 0x4E, 0x74, 0x4A, 0x94, 0x4E, 0x95, 0x4E, 
    0xB5, 0x52, 0x96, 0x4E, 0xB5, 0x4E, 0x96, 0x4E, 0xB6, 0x52, 0x97, 0x4E, 0x95, 0x4E, 0x93, 0x4E, 
    0x97, 0x4A, 0x97, 0x4E, 0x97, 0x4E, 0xB8, 0x52, 0xB9, 0x52, 0xDA, 0x56, 0xDB, 0x52, 0xDA, 0x56, 
    0xBB, 0x52, 0xDB, 0x56, 0xDC, 0x52, 0xDB, 0x56, 0xDB, 0x52, 0xDA, 0x52, 0xBA, 0x4E, 0xB9, 0x4E, 
    0x99, 0x4A, 0x97, 0x46, 0x99, 0x46, 0xDA, 0x52, 0xDC, 0x52, 0xFC, 0x56, 0xDC, 0x52, 0xB9, 0x4E, 
    0x77, 0x42, 0x75, 0x46, 0xB8, 0x4A, 0xFA, 0x56, 0xFD, 0x56, 0x3D, 0x5F, 0x1E, 0x5F, 0x3D, 0x5F, 
    0xFC, 0x56, 0xB9, 0x52, 0x98, 0x4E, 0xBA, 0x52, 0xDB, 0x52, 0xBA, 0x52, 0x98, 0x4A, 0x76, 0x4A, 
    0x55, 0x4A, 0x54, 0x4A, 0x54, 0x46, 0x73, 0x4A, 0x75, 0x4A, 0x96, 0x52, 0xB9, 0x52, 0xD9, 0x56, 
    0xDB, 0x56, 0xFB, 0x5A, 0xFC, 0x56, 0x1C, 0x5B, 0xFC, 0x5A, 0x1C, 0x5B, 0x1D, 0x5B, 0x3D, 0x5F, 
    0x5E, 0x5F, 0x5E, 0x63, 0x5E, 0x5F, 0x5E, 0x63, 0x5E, 0x63, 0x9E, 0x67, 0x9F, 0x6B, 0xBF, 0x6F, 
    0xBF, 0x6F, 0xBF, 0x73, 0xBF, 0x6F, 0xBF, 0x73, 0xBF, 0x73, 0xBF, 0x73, 0xBF, 0x73, 0xBE, 0x6F, 
    0x7E, 0x6B, 0x7D, 0x67, 0x3D, 0x63, 0x3C, 0x5F, 0x1C, 0x5B, 0x1B, 0x5B, 0xD9, 0x5A, 0xB6, 0x5A, 
    0xD8, 0x5A, 0x32, 0x4A, 0xE7, 0x20, 0xEE, 0x45, 0x0F, 0x4E, 0xB2, 0x62, 0xB6, 0x5E, 0x19, 0x67, 
    0x1A, 0x63, 0x74, 0x52, 0xE8, 0x20, 0x29, 0x29, 0x12, 0x4A, 0xD6, 0x5E, 0x6C, 0x35, 0x08, 0x2D, 
    0x75, 0x56, 0xD6, 0x5E, 0x6C, 0x35, 0x07, 0x29, 0xE8, 0x24, 0x4A, 0x31, 0xC7, 0x20, 0xEF, 0x41, 
    0x53, 0x4E, 0x6B, 0x31, 0xC6, 0x1C, 0x8B, 0x35, 0xE7, 0x24, 0x42, 0x14, 0xCE, 0x3D, 0x30, 0x4E, 
    0x6B, 0x35, 0xCD, 0x45, 0x94, 0x56, 0xB5, 0x5A, 0xB6, 0x5A, 0x94, 0x56, 0x4B, 0x2D, 0xC5, 0x20, 
    0x10, 0x46, 0xEF, 0x45, 0xAD, 0x3D, 0xAC, 0x3D, 0x6B, 0x35, 0x08, 0x29, 0x09, 0x29, 0x6B, 0x35, 
    0xAD, 0x3D, 0x07, 0x29, 0xCF, 0x41, 0x18, 0x67, 0xF8, 0x62, 0xB5, 0x5A, 0x53, 0x56, 0x0F, 0x4E, 
    0xCE, 0x45, 0xEE, 0x45, 0x8D, 0x3D, 0x10, 0x4A, 0xB5, 0x5E, 0xB4, 0x5E, 0x73, 0x56, 0xCE, 0x45, 
    0x32, 0x4E, 0x93, 0x5A, 0x94, 0x5A, 0xB3, 0x5E, 0x51, 0x5A, 0x0D, 0x52, 0xEE, 0x51, 0x0D, 0x52, 
    0xCC, 0x49, 0x47, 0x3D, 0x28, 0x39, 0x47, 0x3D, 0x27, 0x39, 0x46, 0x3D, 0x27, 0x39, 0x68, 0x3D, 
    0x69, 0x41, 0x47, 0x39, 0x27, 0x35, 0xE5, 0x2C, 0x6B, 0x3D, 0x0E, 0x4A, 0x49, 0x31, 0xAB, 0x3D, 
    0xB4, 0x5A, 0xB3, 0x5E, 0x47, 0x2D, 0x24, 0x29, 0x25, 0x29, 0xA9, 0x39, 0xCB, 0x3D, 0xC9, 0x3D, 
    0x88, 0x35, 0xA8, 0x39, 0xA9, 0x39, 0x2F, 0x46, 0x99, 0x52, 0xB9, 0x56, 0xDB, 0x56, 0xFB, 0x5A, 
    0xDB, 0x56, 0xB7, 0x4E, 0x94, 0x4A, 0x6D, 0x46, 0x2A, 0x42, 0x4A, 0x46, 0x4B, 0x4A, 0x6D, 0x4E, 
    0x91, 0x52, 0xB3, 0x56, 0xB6, 0x52, 0xD7, 0x56, 0xB8, 0x52, 0x96, 0x4E, 0x97, 0x4E, 0xB7, 0x52, 
    0x76, 0x4A, 0x95, 0x4E, 0x74, 0x4A, 0x73, 0x4A, 0x52, 0x46, 0x52, 0x4A, 0x53, 0x46, 0x51, 0x46, 
    0x0F, 0x3E, 0xCA, 0x39, 0xA8, 0x35, 0xA7, 0x35, 0x88, 0x35, 0xA7, 0x35, 0x87, 0x35, 0xA6, 0x35, 
    0x86, 0x31, 0xA6, 0x35, 0x86, 0x31, 0xA6, 0x31, 0xA7, 0x31, 0xC7, 0x35, 0xA8, 0x35, 0xC9, 0x39, 
    0xEB, 0x39, 0x0C, 0x3E, 0x0C, 0x3E, 0x2C, 0x3E, 0x0D, 0x3E, 0x2C, 0x3E, 0x2C, 0x3E, 0x4D, 0x42, 
    0x4F, 0x46, 0x71, 0x4A, 0x53, 0x4A, 0x73, 0x4E, 0x74, 0x4A, 0x94, 0x4E, 0x97, 0x52, 0xB8, 0x56, 
    0xB8, 0x56, 0xB7, 0x56, 0x97, 0x52, 0x95, 0x4E, 0x74, 0x4E, 0x74, 0x4E, 0x75, 0x4E, 0xB6, 0x52, 
    0x96, 0x52, 0xB6, 0x52, 0x97, 0x52, 0xB7, 0x52, 0x97, 0x4E, 0xB7, 0x52, 0x96, 0x4E, 0x94, 0x52, 
    0xB5, 0x4A, 0x95, 0x4A, 0x95, 0x4A, 0x97, 0x4E, 0xD9, 0x52, 0xDA, 0x52, 0xFA, 0x56, 0xDB, 0x52, 
    0xFB, 0x56, 0xDB, 0x52, 0xFB, 0x56, 0xFC, 0x56, 0xFB, 0x56, 0xFC, 0x52, 0xFA, 0x52, 0xB9, 0x4E, 
    0xB8, 0x4A, 0x98, 0x46, 0xD9, 0x4E, 0xFC, 0x52, 0x1C, 0x57, 0xFD, 0x56, 0xFC, 0x56, 0xBA, 0x4E, 
    0x96, 0x46, 0x96, 0x46, 0xF8, 0x4E, 0xFC, 0x56, 0x3C, 0x5B, 0x3E, 0x5B, 0x5D, 0x5F, 0x3E, 0x5B, 
    0x3C, 0x5B, 0xDA, 0x52, 0xD9, 0x52, 0xDB, 0x52, 0xFB, 0x56, 0xDA, 0x4E, 0xB8, 0x4E, 0x97, 0x4A, 
    0x96, 0x4A, 0x75, 0x4A, 0x74, 0x4A, 0x73, 0x4A, 0x93, 0x4A, 0x95, 0x4E, 0xB6, 0x52, 0xB8, 0x4E, 
    0xD9, 0x52, 0xDB, 0x52, 0xFB, 0x56, 0xFB, 0x56, 0xFB, 0x56, 0xFC, 0x56, 0x1C, 0x5B, 0x3D, 0x5B, 
    0x5D, 0x5F, 0x5E, 0x5F, 0x5D, 0x5F, 0x5E, 0x5F, 0x7D, 0x63, 0x9F, 0x67, 0xBE, 0x6B, 0xBF, 0x6F, 
    0xDE, 0x73, 0xDF, 0x73, 0xDE, 0x73, 0xBF, 0x73, 0xDE, 0x73, 0xDF, 0x73, 0xDF, 0x77, 0xBF, 0x73, 
    0xBE, 0x6F, 0x7D, 0x67, 0x5C, 0x63, 0x3C, 0x5F, 0x3B, 0x5F, 0x1C, 0x5B, 0xF8, 0x5A, 0x75, 0x4E, 
    0x74, 0x4E, 0xAD, 0x35, 0x28, 0x25, 0x10, 0x46, 0x71, 0x56, 0xD4, 0x66, 0xD5, 0x5E, 0x1A, 0x63, 
    0x19, 0x63, 0x32, 0x46, 0xC6, 0x1C, 0x6B, 0x31, 0xEF, 0x41, 0xB5, 0x56, 0x6A, 0x35, 0x6B, 0x31, 
    0xD5, 0x5A, 0x74, 0x52, 0xAD, 0x39, 0x6B, 0x31, 0xAC, 0x39, 0xAD, 0x39, 0x49, 0x2D, 0x6B, 0x2D, 
    0xEE, 0x41, 0x07, 0x21, 0xE6, 0x20, 0xEE, 0x3D, 0x28, 0x29, 0xC6, 0x1C, 0x2F, 0x4A, 0x51, 0x4E, 
    0xAB, 0x3D, 0xEE, 0x45, 0xB4, 0x5A, 0x52, 0x4E, 0x93, 0x52, 0x95, 0x52, 0x8B, 0x35, 0xC6, 0x20, 
    0x2F, 0x4A, 0xCE, 0x3D, 0x8B, 0x39, 0x4A, 0x2D, 0x8A, 0x35, 0xAD, 0x39, 0xCD, 0x3D, 0x0F, 0x46, 
    0x0E, 0x46, 0xE7, 0x24, 0xEE, 0x41, 0x18, 0x63, 0x18, 0x63, 0xF7, 0x5E, 0x93, 0x56, 0x2F, 0x4A, 
    0x0E, 0x4E, 0x8B, 0x35, 0xEE, 0x41, 0xB5, 0x5A, 0xD5, 0x5E, 0xB4, 0x5A, 0xB3, 0x5A, 0x10, 0x4A, 
    0x92, 0x56, 0x52, 0x52, 0xB3, 0x5A, 0x93, 0x5A, 0x70, 0x5A, 0xAB, 0x41, 0x89, 0x41, 0x89, 0x41, 
    0x89, 0x41, 0x48, 0x39, 0x47, 0x39, 0x47, 0x39, 0x46, 0x3D, 0x47, 0x39, 0x46, 0x39, 0x48, 0x39, 
    0x88, 0x41, 0x48, 0x39, 0x26, 0x35, 0xE4, 0x28, 0x89, 0x3D, 0xCD, 0x41, 0x69, 0x35, 0x28, 0x2D, 
    0x71, 0x52, 0xF5, 0x62, 0xCA, 0x3D, 0x02, 0x21, 0x24, 0x29, 0x0D, 0x46, 0xA9, 0x39, 0x88, 0x31, 
    0xA7, 0x35, 0xA8, 0x35, 0xA7, 0x39, 0xEE, 0x41, 0xB8, 0x52, 0xBA, 0x52, 0xFA, 0x56, 0xFB, 0x56, 
    0xFA, 0x56, 0xB9, 0x4E, 0xD7, 0x52, 0x92, 0x4A, 0x4A, 0x42, 0x4A, 0x42, 0x4A, 0x46, 0x4C, 0x46, 
    0x8E, 0x4E, 0x92, 0x52, 0xD5, 0x56, 0xB7, 0x52, 0xD7, 0x52, 0xB7, 0x4E, 0xD7, 0x52, 0x96, 0x4A, 
    0x95, 0x4A, 0x75, 0x46, 0x72, 0x46, 0x73, 0x46, 0x71, 0x46, 0x51, 0x46, 0x50, 0x46, 0x2F, 0x3E, 
    0x0C, 0x3E, 0xC9, 0x35, 0xA7, 0x35, 0x87, 0x31, 0xA6, 0x35, 0xA7, 0x35, 0xA6, 0x35, 0xA7, 0x31, 
    0xA5, 0x31, 0xA6, 0x31, 0xA6, 0x31, 0xA6, 0x2D, 0xC6, 0x31, 0xC7, 0x31, 0xC8, 0x35, 0xEA, 0x35, 
    0x0B, 0x3A, 0x0C, 0x3A, 0x2B, 0x3E, 0x2C, 0x3E, 0x2C, 0x3E, 0x2C, 0x3E, 0x4D, 0x42, 0x4F, 0x42, 
    0x71, 0x4A, 0x72, 0x4A, 0x72, 0x4A, 0x73, 0x4A, 0x73, 0x4A, 0x75, 0x4A, 0xB7, 0x52, 0xB8, 0x52, 
    0xB7, 0x56, 0xB7, 0x52, 0xB6, 0x52, 0x95, 0x4E, 0x93, 0x4E, 0x74, 0x4A, 0x94, 0x4E, 0x95, 0x4E, 
    0xB5, 0x52, 0xB6, 0x4E, 0xB6, 0x52, 0xB7, 0x4E, 0xB6, 0x4E, 0x97, 0x4E, 0xB5, 0x4E, 0x94, 0x4E, 
    0x73, 0x4A, 0x93, 0x4E, 0x95, 0x4E, 0xB7, 0x4E, 0xBA, 0x52, 0xFB, 0x56, 0xDB, 0x56, 0xFB, 0x56, 
    0xDC, 0x56, 0xDB, 0x56, 0xDC, 0x52, 0xFC, 0x56, 0xFC, 0x56, 0xFC, 0x5A, 0xDC, 0x56, 0xDA, 0x52, 
    0x99, 0x4A, 0xB9, 0x4E, 0xDB, 0x52, 0xFC, 0x5A, 0xFD, 0x5A, 0x1D, 0x5B, 0xFD, 0x56, 0xDA, 0x52, 
    0x98, 0x46, 0xB6, 0x4A, 0xDA, 0x52, 0x1C, 0x5B, 0x3E, 0x5B, 0x3E, 0x5F, 0x3E, 0x5F, 0x5E, 0x5F, 
    0x1E, 0x5B, 0xFB, 0x56, 0xDB, 0x52, 0xFC, 0x56, 0xFC, 0x56, 0xDA, 0x56, 0xB9, 0x4E, 0x98, 0x4E, 
    0x98, 0x4E, 0x96, 0x4E, 0x75, 0x4A, 0x74, 0x4E, 0x74, 0x4A, 0x94, 0x4E, 0x96, 0x4E, 0xB7, 0x52, 
    0xB8, 0x52, 0xD9, 0x56, 0xDA, 0x52, 0xDA, 0x56, 0xDB, 0x52, 0xFB, 0x56, 0xFC, 0x56, 0x1C, 0x5F, 
    0x3D, 0x5F, 0x5D, 0x5F, 0x3E, 0x5F, 0x5E, 0x63, 0x7E, 0x63, 0x9E, 0x67, 0x9F, 0x6B, 0xBF, 0x73, 
    0xBF, 0x73, 0xDF, 0x77, 0xBF, 0x73, 0xDF, 0x77, 0xDF, 0x77, 0xDF, 0x7B, 0xDF, 0x77, 0xDF, 0x77, 
    0xBF, 0x73, 0x9D, 0x6B, 0x5D, 0x63, 0x5C, 0x63, 0x3D, 0x5F, 0x3C, 0x5F, 0xD9, 0x5A, 0x73, 0x4E, 
    0x8D, 0x35, 0x6B, 0x31, 0x09, 0x29, 0x10, 0x4A, 0xB4, 0x62, 0xD4, 0x66, 0xB6, 0x5E, 0x3A, 0x6B, 
    0xD7, 0x5A, 0x8C, 0x35, 0x64, 0x14, 0x8C, 0x35, 0xB6, 0x5A, 0x73, 0x52, 0xC7, 0x20, 0x10, 0x46, 
    0xD7, 0x5E, 0x73, 0x52, 0xEF, 0x41, 0xEE, 0x41, 0x73, 0x52, 0x72, 0x52, 0x6B, 0x31, 0xE7, 0x24, 
    0x08, 0x25, 0x83, 0x18, 0xE7, 0x20, 0x30, 0x4A, 0xE7, 0x20, 0x49, 0x31, 0x31, 0x4E, 0x72, 0x52, 
    0xEF, 0x45, 0x0F, 0x4A, 0x94, 0x56, 0xEF, 0x45, 0x32, 0x4A, 0x52, 0x4E, 0x4A, 0x2D, 0x83, 0x18, 
    0x29, 0x2D, 0x6B, 0x35, 0x4A, 0x2D, 0x6A, 0x35, 0xAE, 0x3D, 0x30, 0x4A, 0xEF, 0x41, 0x10, 0x4A, 
    0x11, 0x4A, 0xE6, 0x24, 0x8D, 0x39, 0xF7, 0x5E, 0xF8, 0x62, 0x18, 0x67, 0x95, 0x5A, 0x2F, 0x4E, 
    0xEE, 0x49, 0x6B, 0x35, 0x32, 0x4A, 0x73, 0x56, 0x52, 0x52, 0x51, 0x52, 0x94, 0x5A, 0xD5, 0x62, 
    0x52, 0x52, 0x30, 0x52, 0x94, 0x5E, 0x71, 0x56, 0x0F, 0x52, 0xAA, 0x45, 0x27, 0x35, 0x48, 0x3D, 
    0x49, 0x3D, 0x8A, 0x45, 0x69, 0x3D, 0x47, 0x3D, 0x47, 0x3D, 0x47, 0x3D, 0x27, 0x39, 0x67, 0x3D, 
    0x89, 0x41, 0x67, 0x3D, 0x06, 0x31, 0xE3, 0x2C, 0x8B, 0x3D, 0xCC, 0x45, 0x49, 0x31, 0xCC, 0x41, 
    0x31, 0x4E, 0x50, 0x52, 0xED, 0x45, 0x23, 0x25, 0x25, 0x29, 0x70, 0x56, 0xCB, 0x39, 0x87, 0x35, 
    0x88, 0x35, 0xA7, 0x39, 0xA8, 0x39, 0xED, 0x41, 0x98, 0x52, 0xDA, 0x56, 0xDB, 0x56, 0xFB, 0x5A, 
    0xDB, 0x56, 0xFA, 0x56, 0xDA, 0x52, 0xB4, 0x4E, 0x4D, 0x46, 0x4A, 0x46, 0x2A, 0x42, 0x4A, 0x4A, 
    0x4D, 0x4A, 0x91, 0x52, 0xB6, 0x56, 0xD7, 0x56, 0xB8, 0x52, 0xD7, 0x52, 0x96, 0x4E, 0x95, 0x4E, 
    0x76, 0x4A, 0x74, 0x4A, 0x74, 0x46, 0x72, 0x4A, 0x30, 0x42, 0x2F, 0x46, 0x0F, 0x3E, 0x0C, 0x3E, 
    0xEB, 0x39, 0xC9, 0x39, 0xA7, 0x31, 0xA6, 0x35, 0x87, 0x35, 0xA7, 0x35, 0xA7, 0x35, 0xA7, 0x35, 
    0x87, 0x31, 0xA6, 0x31, 0xA7, 0x31, 0xA6, 0x31, 0xA7, 0x31, 0xC8, 0x35, 0xCA, 0x39, 0xEB, 0x39, 
    0x0D, 0x3E, 0x0C, 0x3E, 0x0C, 0x3A, 0x2C, 0x3E, 0x2E, 0x3E, 0x4E, 0x42, 0x51, 0x46, 0x72, 0x4A, 
    0x73, 0x4A, 0x93, 0x4E, 0x74, 0x4A, 0x73, 0x4E, 0x74, 0x4A, 0x94, 0x4E, 0x97, 0x52, 0xB7, 0x56, 
    0x97, 0x52, 0xB6, 0x52, 0x96, 0x4E, 0x95, 0x52, 0x74, 0x4E, 0x93, 0x4E, 0x94, 0x4E, 0xB3, 0x52, 
    0x94, 0x4E, 0x94, 0x52, 0x96, 0x4E, 0xB7, 0x52, 0x97, 0x4E, 0xB7, 0x52, 0x96, 0x4E, 0xB3, 0x52, 
    0x92, 0x4E, 0x73, 0x4E, 0x94, 0x4E, 0x97, 0x4E, 0xD9, 0x52, 0xDA, 0x52, 0xFB, 0x56, 0xDC, 0x56, 
    0xFB, 0x56, 0xDB, 0x52, 0xDA, 0x52, 0xDC, 0x52, 0xFB, 0x56, 0xFC, 0x56, 0xFB, 0x56, 0xDB, 0x52, 
    0xDA, 0x52, 0xDB, 0x52, 0xFB, 0x56, 0xFD, 0x56, 0x1C, 0x5B, 0x1D, 0x5B, 0x1D, 0x5B, 0xDB, 0x52, 
    0xB8, 0x4A, 0xB7, 0x46, 0xFA, 0x52, 0x1D, 0x5B, 0x3D, 0x5F, 0x3E, 0x5F, 0x5E, 0x5F, 0x3E, 0x5F, 
    0x5D, 0x5F, 0x1D, 0x5B, 0x1B, 0x57, 0xFC, 0x56, 0x1C, 0x5B, 0xDB, 0x52, 0xD9, 0x52, 0xB9, 0x4E, 
    0xB8, 0x52, 0x98, 0x4E, 0x96, 0x4E, 0x75, 0x4A, 0x94, 0x4E, 0x74, 0x4E, 0x94, 0x52, 0xB6, 0x52, 
    0xD6, 0x52, 0xB8, 0x52, 0xD8, 0x52, 0xB9, 0x52, 0xD9, 0x52, 0xDA, 0x52, 0xFB, 0x56, 0x1C, 0x5B, 
    0x3C, 0x5B, 0x3D, 0x5B, 0x5D, 0x5F, 0x5E, 0x5F, 0x7E, 0x63, 0x7E, 0x63, 0xBE, 0x6B, 0xBF, 0x6F, 
    0xDE, 0x77, 0xDF, 0x73, 0xDF, 0x77, 0xDF, 0x77, 0xDE, 0x77, 0xDF, 0x77, 0xFE, 0x7B, 0xDF, 0x77, 
    0xDE, 0x77, 0x9E, 0x6B, 0x7D, 0x67, 0x5D, 0x63, 0x5C, 0x5F, 0x3C, 0x5B, 0xD8, 0x56, 0x11, 0x42, 
    0x49, 0x2D, 0x8C, 0x35, 0x8C, 0x35, 0x73, 0x52, 0x15, 0x67, 0xD3, 0x62, 0xF6, 0x66, 0x3A, 0x67, 
    0x94, 0x56, 0xE8, 0x24, 0xC6, 0x1C, 0x09, 0x25, 0x73, 0x52, 0x09, 0x29, 0x29, 0x29, 0x53, 0x4E, 
    0xD6, 0x5A, 0x74, 0x4E, 0x30, 0x4A, 0x31, 0x4A, 0xB4, 0x5A, 0x10, 0x4A, 0xAD, 0x3D, 0x29, 0x29, 
    0xA3, 0x18, 0xA5, 0x1C, 0x07, 0x29, 0x31, 0x4A, 0xC5, 0x1C, 0xAC, 0x39, 0x51, 0x52, 0x51, 0x4E, 
    0x30, 0x4E, 0xEE, 0x41, 0x72, 0x4E, 0xCF, 0x3D, 0xEE, 0x41, 0x6B, 0x35, 0xC5, 0x20, 0x63, 0x14, 
    0xE6, 0x20, 0x08, 0x25, 0x28, 0x29, 0x29, 0x2D, 0x0E, 0x46, 0x73, 0x52, 0x51, 0x4E, 0x10, 0x4A, 
    0x52, 0x4E, 0xC7, 0x20, 0x6B, 0x31, 0xB6, 0x56, 0xB5, 0x56, 0x95, 0x56, 0x93, 0x56, 0xEE, 0x45, 
    0xAC, 0x41, 0x53, 0x4E, 0xD6, 0x5E, 0xD7, 0x5E, 0x72, 0x56, 0x52, 0x52, 0xB4, 0x5E, 0x51, 0x52, 
    0xAC, 0x41, 0x8B, 0x3D, 0x71, 0x56, 0xCD, 0x45, 0xCC, 0x49, 0x8B, 0x41, 0x47, 0x39, 0x48, 0x39, 
    0x89, 0x41, 0xEE, 0x4D, 0xEC, 0x49, 0x48, 0x39, 0x67, 0x3D, 0x89, 0x41, 0x67, 0x3D, 0x68, 0x3D, 
    0x88, 0x41, 0x47, 0x39, 0x26, 0x35, 0xE4, 0x28, 0xAA, 0x3D, 0xEE, 0x45, 0x48, 0x31, 0xAC, 0x3D, 
    0x91, 0x56, 0xCD, 0x41, 0xC9, 0x3D, 0x67, 0x31, 0x24, 0x29, 0xB2, 0x5A, 0x2E, 0x4A, 0x88, 0x35, 
    0xA8, 0x39, 0x88, 0x35, 0xA8, 0x39, 0xCC, 0x3D, 0x96, 0x52, 0xBA, 0x52, 0xDA, 0x56, 0xDB, 0x56, 
    0x1B, 0x5B, 0xFB, 0x56, 0xF9, 0x56, 0x95, 0x4A, 0x90, 0x4A, 0x4C, 0x46, 0x49, 0x46, 0x2A, 0x46, 
    0x4B, 0x4A, 0x92, 0x52, 0xD4, 0x56, 0xB6, 0x52, 0xD6, 0x56, 0xB6, 0x52, 0x94, 0x4E, 0x75, 0x4A, 
    0x75, 0x4A, 0x75, 0x4A, 0x72, 0x4A, 0x2F, 0x42, 0x2E, 0x42, 0x2F, 0x42, 0x2E, 0x42, 0x0D, 0x3E, 
    0xEA, 0x39, 0xCA, 0x35, 0xC7, 0x35, 0xA7, 0x35, 0xA7, 0x35, 0xA7, 0x35, 0xA7, 0x35, 0xA7, 0x31, 
    0xA6, 0x35, 0xA7, 0x31, 0xC7, 0x35, 0xA8, 0x31, 0xC8, 0x35, 0xCA, 0x35, 0xEB, 0x39, 0x0D, 0x3A, 
    0x4F, 0x42, 0x2F, 0x42, 0x4F, 0x42, 0x2F, 0x42, 0x4F, 0x42, 0x51, 0x46, 0x72, 0x4A, 0x95, 0x4A, 
    0x94, 0x4E, 0x95, 0x4A, 0x94, 0x4E, 0x74, 0x4A, 0x93, 0x4E, 0x75, 0x4E, 0xB5, 0x52, 0x96, 0x4E, 
    0xB6, 0x52, 0x97, 0x52, 0xB5, 0x52, 0x95, 0x4E, 0x93, 0x4E, 0x93, 0x4A, 0x91, 0x4E, 0x71, 0x4A, 
    0x91, 0x4E, 0x94, 0x4E, 0xB6, 0x52, 0xB7, 0x52, 0xB7, 0x52, 0xB7, 0x52, 0xB5, 0x52, 0x92, 0x4A, 
    0x73, 0x4A, 0x93, 0x52, 0x95, 0x4E, 0x97, 0x52, 0x99, 0x4E, 0xB9, 0x52, 0xBB, 0x52, 0xDB, 0x56, 
    0xBB, 0x52, 0xBA, 0x52, 0xBB, 0x52, 0xDB, 0x56, 0xDC, 0x56, 0xFC, 0x56, 0xDC, 0x56, 0xDB, 0x56, 
    0xDB, 0x52, 0xDB, 0x56, 0xDC, 0x56, 0xFC, 0x56, 0xFD, 0x56, 0xFD, 0x5A, 0xFD, 0x56, 0xDB, 0x56, 
    0x99, 0x4A, 0xB8, 0x4A, 0xDB, 0x52, 0x1D, 0x5B, 0x3E, 0x5F, 0x5E, 0x63, 0x3F, 0x5F, 0x5E, 0x63, 
    0x3E, 0x5F, 0x3D, 0x5F, 0x1D, 0x5B, 0x1D, 0x5B, 0xFD, 0x5A, 0xFB, 0x56, 0xBA, 0x52, 0xB9, 0x52, 
    0xB9, 0x52, 0xB9, 0x52, 0x98, 0x52, 0x96, 0x52, 0x75, 0x4E, 0x94, 0x52, 0x94, 0x52, 0x94, 0x56, 
    0x95, 0x56, 0xB6, 0x56, 0xB7, 0x52, 0xB8, 0x56, 0xB9, 0x52, 0xD9, 0x52, 0xDB, 0x56, 0xFB, 0x5A, 
    0xFD, 0x5A, 0x1C, 0x5F, 0x1D, 0x5F, 0x3D, 0x5F, 0x5E, 0x5F, 0x7E, 0x67, 0x9F, 0x6B, 0xBF, 0x73, 
    0xBF, 0x73, 0xDF, 0x77, 0xBF, 0x77, 0xDF, 0x7B, 0xDF, 0x7B, 0xDF, 0x7B, 0xDF, 0x7B, 0xDF, 0x7B, 
    0xBF, 0x77, 0xBE, 0x73, 0x7E, 0x67, 0x7D, 0x67, 0x3D, 0x5F, 0x3D, 0x5F, 0x55, 0x4A, 0x8C, 0x39, 
    0x6C, 0x31, 0x8C, 0x39, 0xF1, 0x45, 0xB5, 0x5E, 0xF5, 0x66, 0xB2, 0x66, 0xF7, 0x66, 0x39, 0x6B, 
    0xF0, 0x41, 0x4A, 0x31, 0x4C, 0x31, 0xC7, 0x20, 0x4B, 0x31, 0x29, 0x2D, 0x8D, 0x39, 0xB6, 0x5A, 
    0xB7, 0x5A, 0x74, 0x52, 0x75, 0x52, 0xB5, 0x5A, 0x73, 0x56, 0x6A, 0x35, 0xAD, 0x3D, 0x8C, 0x39, 
    0xC7, 0x20, 0xA5, 0x20, 0x08, 0x29, 0x8B, 0x39, 0x64, 0x18, 0xEE, 0x45, 0x30, 0x4E, 0x0F, 0x4E, 
    0x31, 0x52, 0x8B, 0x39, 0xAD, 0x39, 0x6B, 0x35, 0xE7, 0x24, 0xE6, 0x28, 0xA5, 0x1C, 0x62, 0x14, 
    0xA5, 0x1C, 0xE6, 0x24, 0xE8, 0x24, 0xE7, 0x24, 0x6C, 0x35, 0xEF, 0x45, 0x11, 0x4E, 0x72, 0x56, 
    0x32, 0x4E, 0xA5, 0x20, 0x4B, 0x31, 0x94, 0x56, 0x11, 0x46, 0xCE, 0x41, 0xCF, 0x41, 0x6A, 0x39, 
    0xAE, 0x41, 0xD7, 0x5E, 0x19, 0x63, 0xF7, 0x66, 0x74, 0x56, 0xB5, 0x5E, 0xB5, 0x5E, 0x10, 0x4E, 
    0xEF, 0x49, 0x27, 0x31, 0xAD, 0x41, 0x8A, 0x41, 0xAC, 0x45, 0xAB, 0x45, 0x6A, 0x3D, 0x8B, 0x45, 
    0xAC, 0x45, 0x30, 0x56, 0x0F, 0x52, 0x89, 0x41, 0x48, 0x3D, 0xCB, 0x4D, 0x8A, 0x45, 0x88, 0x45, 
    0x89, 0x41, 0x67, 0x3D, 0x26, 0x35, 0xE4, 0x30, 0x48, 0x35, 0xAB, 0x41, 0x28, 0x31, 0xCD, 0x41, 
    0x93, 0x56, 0xED, 0x45, 0x47, 0x31, 0x87, 0x35, 0x24, 0x29, 0x4F, 0x4E, 0x71, 0x52, 0xA8, 0x39, 
    0xCA, 0x3D, 0x87, 0x39, 0xA9, 0x39, 0xCB, 0x41, 0x77, 0x52, 0xDA, 0x56, 0xDB, 0x5A, 0x1C, 0x5F, 
    0x1C, 0x5F, 0x1B, 0x5B, 0xB9, 0x52, 0x95, 0x4E, 0x73, 0x4A, 0x8F, 0x4A, 0x2B, 0x46, 0x29, 0x46, 
    0x2B, 0x46, 0x6F, 0x52, 0x72, 0x52, 0xB5, 0x56, 0xB6, 0x56, 0x94, 0x52, 0x75, 0x4A, 0x74, 0x4A, 
    0x75, 0x4A, 0x73, 0x4A, 0x50, 0x46, 0x2D, 0x42, 0x2F, 0x46, 0x50, 0x4A, 0x51, 0x46, 0x4F, 0x46, 
    0x0E, 0x42, 0xEB, 0x3D, 0xA9, 0x39, 0xA8, 0x39, 0xA8, 0x35, 0xA7, 0x35, 0xA8, 0x35, 0xA7, 0x35, 
    0xA8, 0x35, 0xC9, 0x35, 0xCB, 0x35, 0xCA, 0x39, 0xCB, 0x35, 0xEB, 0x39, 0xED, 0x3D, 0x0E, 0x3E, 
    0x52, 0x46, 0x73, 0x4A, 0x53, 0x46, 0x52, 0x46, 0x53, 0x46, 0x74, 0x4A, 0x75, 0x4A, 0xB6, 0x4E, 
    0x97, 0x4E, 0x96, 0x4E, 0x96, 0x4E, 0x95, 0x4E, 0x75, 0x4E, 0x95, 0x4E, 0x96, 0x52, 0x96, 0x52, 
    0x97, 0x52, 0xB6, 0x52, 0x96, 0x4E, 0x95, 0x4E, 0x74, 0x4A, 0x71, 0x4E, 0x4F, 0x46, 0x4F, 0x4A, 
    0x51, 0x4A, 0x94, 0x52, 0xB8, 0x52, 0xB8, 0x56, 0xB8, 0x52, 0xB7, 0x56, 0x94, 0x4E, 0x92, 0x4E, 
    0x91, 0x4A, 0x73, 0x4E, 0x94, 0x4E, 0x96, 0x4A, 0x97, 0x4E, 0x98, 0x4E, 0xB9, 0x52, 0xBA, 0x52, 
    0xB9, 0x52, 0xB9, 0x4E, 0xB9, 0x52, 0xBA, 0x4E, 0xDA, 0x52, 0xDB, 0x52, 0xFB, 0x56, 0xDC, 0x52, 
    0xFB, 0x56, 0xDB, 0x52, 0xDB, 0x52, 0xDC, 0x52, 0xFC, 0x56, 0xFC, 0x56, 0xFC, 0x56, 0xDB, 0x52, 
    0xB8, 0x4A, 0xB8, 0x4A, 0xFA, 0x52, 0x1D, 0x57, 0x5D, 0x5F, 0x5E, 0x5F, 0x5E, 0x63, 0x5E, 0x5F, 
    0x5E, 0x63, 0x5E, 0x5F, 0x3D, 0x5F, 0x1D, 0x5B, 0x1C, 0x5B, 0xFC, 0x56, 0xFA, 0x56, 0xDA, 0x52, 
    0xD9, 0x56, 0xD9, 0x52, 0xD8, 0x52, 0xB7, 0x4E, 0xB5, 0x52, 0x95, 0x52, 0xB3, 0x56, 0x93, 0x52, 
    0xB3, 0x56, 0xB4, 0x56, 0xD5, 0x56, 0xB6, 0x52, 0xB6, 0x52, 0xB8, 0x4E, 0xD9, 0x52, 0xFB, 0x52, 
    0x1B, 0x5B, 0x1C, 0x57, 0x3C, 0x5B, 0x3D, 0x5B, 0x5D, 0x5F, 0x7E, 0x5F, 0x9E, 0x67, 0xBF, 0x6B, 
    0xDE, 0x73, 0xDF, 0x73, 0xDE, 0x77, 0xDF, 0x77, 0xFE, 0x7B, 0xDF, 0x7B, 0xFE, 0x7B, 0xDF, 0x7B, 
    0xDE, 0x77, 0xBE, 0x6F, 0x9D, 0x6B, 0x7E, 0x63, 0x5D, 0x5F, 0x3D, 0x5B, 0x31, 0x42, 0x4A, 0x2D, 
    0xAC, 0x39, 0xF0, 0x41, 0xB5, 0x5A, 0xF7, 0x62, 0xD3, 0x62, 0x91, 0x5E, 0x17, 0x6B, 0xF7, 0x62, 
    0x8C, 0x35, 0x11, 0x46, 0xCE, 0x3D, 0xC7, 0x20, 0xE6, 0x20, 0xC7, 0x20, 0xEF, 0x41, 0xB6, 0x56, 
    0xD6, 0x5A, 0xB6, 0x56, 0xF6, 0x5E, 0xB5, 0x56, 0xAC, 0x39, 0x31, 0x4A, 0x30, 0x4A, 0x8C, 0x35, 
    0x28, 0x29, 0xA5, 0x1C, 0xE5, 0x24, 0xA5, 0x1C, 0x83, 0x18, 0xCE, 0x41, 0xED, 0x41, 0xEE, 0x45, 
    0x50, 0x52, 0x28, 0x29, 0xA4, 0x1C, 0xC6, 0x20, 0x28, 0x2D, 0x08, 0x29, 0xC5, 0x20, 0x62, 0x10, 
    0xC5, 0x1C, 0xE7, 0x24, 0xE6, 0x24, 0x08, 0x25, 0x28, 0x2D, 0x08, 0x29, 0x8B, 0x35, 0x31, 0x4A, 
    0x30, 0x4A, 0xA4, 0x18, 0x6A, 0x2D, 0x10, 0x46, 0x6B, 0x35, 0xAD, 0x39, 0x8A, 0x35, 0xAD, 0x3D, 
    0x52, 0x52, 0xF8, 0x5E, 0xF7, 0x62, 0x95, 0x56, 0xB4, 0x5A, 0xF7, 0x62, 0x17, 0x67, 0x94, 0x5A, 
    0x30, 0x4E, 0x07, 0x2D, 0xCC, 0x45, 0xAB, 0x41, 0xAB, 0x41, 0x69, 0x39, 0x69, 0x3D, 0xEE, 0x49, 
    0xED, 0x49, 0x30, 0x52, 0x2F, 0x52, 0xCD, 0x49, 0x46, 0x39, 0xCC, 0x49, 0xCB, 0x4D, 0x89, 0x41, 
    0x88, 0x41, 0x67, 0x39, 0x25, 0x35, 0xE4, 0x2C, 0x04, 0x2D, 0x89, 0x39, 0x89, 0x39, 0x0E, 0x46, 
    0xD3, 0x5E, 0x50, 0x4E, 0x87, 0x31, 0x66, 0x2D, 0x65, 0x2D, 0xCA, 0x3D, 0x6E, 0x4E, 0xCA, 0x39, 
    0xC9, 0x3D, 0x88, 0x35, 0xA8, 0x39, 0xCA, 0x3D, 0x96, 0x52, 0xDB, 0x56, 0x1B, 0x5F, 0x3D, 0x5F, 
    0x3C, 0x5F, 0xFB, 0x56, 0xD8, 0x52, 0x97, 0x4E, 0xB6, 0x4E, 0xB3, 0x4E, 0x4B, 0x46, 0x09, 0x42, 
    0x29, 0x46, 0x2C, 0x46, 0x6F, 0x4E, 0xB4, 0x56, 0xB3, 0x56, 0x93, 0x4E, 0x94, 0x4E, 0x74, 0x4A, 
    0x94, 0x4E, 0x73, 0x4A, 0x4F, 0x46, 0x50, 0x4A, 0x92, 0x52, 0xB4, 0x52, 0xB3, 0x52, 0x93, 0x4A, 
    0x70, 0x4A, 0x0D, 0x3E, 0xE9, 0x39, 0xC8, 0x35, 0xC7, 0x35, 0xA8, 0x35, 0xC7, 0x35, 0xA8, 0x35, 
    0xC8, 0x35, 0xCB, 0x35, 0x2E, 0x3E, 0x0E, 0x3A, 0xEC, 0x39, 0x0D, 0x3A, 0x2F, 0x42, 0x30, 0x42, 
    0x73, 0x4A, 0x75, 0x4A, 0x74, 0x4A, 0x75, 0x46, 0x95, 0x4A, 0x96, 0x4A, 0x96, 0x4A, 0x97, 0x4E, 
    0xB6, 0x4E, 0xB7, 0x4E, 0xB6, 0x4E, 0xB7, 0x4E, 0x95, 0x4E, 0x96, 0x4E, 0xB6, 0x52, 0xB7, 0x4E, 
    0xB6, 0x52, 0xB7, 0x52, 0xB5, 0x4E, 0x95, 0x4A, 0x93, 0x4A, 0x70, 0x46, 0x4D, 0x46, 0x4F, 0x46, 
    0x71, 0x4A, 0x96, 0x52, 0xD8, 0x56, 0xD8, 0x56, 0xD7, 0x56, 0xB6, 0x52, 0x91, 0x4E, 0x93, 0x4E, 
    0x51, 0x46, 0x71, 0x4A, 0x74, 0x4A, 0x96, 0x4E, 0x77, 0x4A, 0x97, 0x4E, 0x99, 0x4E, 0xB9, 0x52, 
    0x99, 0x4E, 0xB9, 0x4E, 0xBA, 0x4E, 0xBA, 0x52, 0xBA, 0x4E, 0xBA, 0x52, 0xBB, 0x52, 0xFB, 0x56, 
    0xDC, 0x52, 0xDB, 0x52, 0xBB, 0x4E, 0xDB, 0x52, 0xDC, 0x52, 0xFC, 0x56, 0xDC, 0x52, 0xDA, 0x52, 
    0x98, 0x46, 0xB8, 0x4A, 0xDB, 0x52, 0x1D, 0x5B, 0x3E, 0x5B, 0x5E, 0x63, 0x5F, 0x5F, 0x5E, 0x63, 
    0x5E, 0x5F, 0x5E, 0x63, 0x3E, 0x5F, 0x3D, 0x5F, 0x1D, 0x5B, 0x1C, 0x5B, 0xFC, 0x56, 0xFB, 0x56, 
    0xDB, 0x56, 0xDA, 0x56, 0xB9, 0x56, 0xB7, 0x56, 0xB6, 0x56, 0xB5, 0x56, 0x95, 0x56, 0xB3, 0x56, 
    0x93, 0x56, 0x92, 0x56, 0x93, 0x52, 0xB4, 0x56, 0x96, 0x52, 0xB6, 0x52, 0xB9, 0x4E, 0xDA, 0x56, 
    0xDB, 0x56, 0x1B, 0x5B, 0xFC, 0x5A, 0x1C, 0x5B, 0x3D, 0x5B, 0x5D, 0x5F, 0x7F, 0x63, 0xBE, 0x6F, 
    0xBF, 0x6F, 0xDF, 0x77, 0xDF, 0x77, 0xDF, 0x7B, 0xDF, 0x7B, 0xFF, 0x7F, 0xDF, 0x7B, 0xFF, 0x7B, 
    0xDF, 0x77, 0xBE, 0x73, 0x9E, 0x6B, 0x7E, 0x67, 0x5E, 0x5F, 0x5D, 0x5F, 0x12, 0x42, 0xAD, 0x3D, 
    0xF0, 0x41, 0x96, 0x5A, 0xF9, 0x62, 0xB4, 0x5A, 0x0F, 0x4E, 0xB1, 0x62, 0xF6, 0x6A, 0xB5, 0x5E, 
    0xCF, 0x3D, 0x73, 0x52, 0x74, 0x52, 0x6B, 0x35, 0x85, 0x18, 0x29, 0x2D, 0x32, 0x4E, 0xB6, 0x5A, 
    0xB7, 0x5A, 0xD7, 0x5A, 0x95, 0x56, 0x31, 0x4A, 0x08, 0x29, 0x94, 0x5A, 0x11, 0x46, 0x6A, 0x31, 
    0x08, 0x25, 0xE6, 0x24, 0xC6, 0x20, 0x62, 0x14, 0xA5, 0x1C, 0x69, 0x35, 0x4A, 0x35, 0xEE, 0x49, 
    0x0F, 0x4A, 0x28, 0x2D, 0x08, 0x29, 0x6A, 0x35, 0x4A, 0x31, 0x28, 0x2D, 0xC6, 0x20, 0x62, 0x14, 
    0xC6, 0x20, 0xE6, 0x24, 0xE8, 0x24, 0xCE, 0x41, 0xF0, 0x41, 0xEF, 0x45, 0xAD, 0x39, 0x10, 0x4A, 
    0x11, 0x4A, 0xC5, 0x20, 0xC6, 0x20, 0x49, 0x31, 0xC7, 0x24, 0x6A, 0x35, 0x8C, 0x39, 0x93, 0x5A, 
    0xB5, 0x5A, 0xD6, 0x5A, 0x95, 0x56, 0x94, 0x5A, 0xB6, 0x5E, 0x38, 0x6B, 0x18, 0x67, 0xF7, 0x66, 
    0x74, 0x56, 0x6A, 0x39, 0x52, 0x52, 0x0F, 0x4E, 0x8C, 0x41, 0x69, 0x3D, 0x28, 0x35, 0xED, 0x49, 
    0x10, 0x4E, 0x50, 0x56, 0x0F, 0x4E, 0x0E, 0x52, 0x69, 0x3D, 0xAA, 0x49, 0xCC, 0x4D, 0xAA, 0x49, 
    0x89, 0x41, 0x66, 0x3D, 0x26, 0x35, 0x04, 0x31, 0xE4, 0x2C, 0x88, 0x39, 0x26, 0x29, 0xEC, 0x41, 
    0xB3, 0x5E, 0x70, 0x52, 0xAA, 0x39, 0x64, 0x2D, 0x65, 0x2D, 0xEA, 0x41, 0x0C, 0x46, 0xEA, 0x41, 
    0xA9, 0x3D, 0xEA, 0x41, 0xCA, 0x41, 0xC9, 0x41, 0x76, 0x52, 0xFB, 0x5E, 0x1D, 0x5F, 0x3D, 0x63, 
    0x1C, 0x5F, 0xFA, 0x56, 0xBA, 0x52, 0xDA, 0x56, 0xD9, 0x52, 0xB3, 0x52, 0x4E, 0x46, 0x2A, 0x46, 
    0x09, 0x42, 0x2A, 0x46, 0x4E, 0x4A, 0x91, 0x52, 0x92, 0x52, 0x93, 0x52, 0x95, 0x52, 0xB5, 0x52, 
    0x95, 0x4E, 0x92, 0x4E, 0x72, 0x4A, 0xB4, 0x52, 0xB5, 0x52, 0xB6, 0x56, 0xB6, 0x52, 0xB4, 0x52, 
    0x72, 0x4A, 0x2E, 0x42, 0xEC, 0x3D, 0xCA, 0x39, 0xA9, 0x39, 0xC8, 0x39, 0xA9, 0x35, 0xC8, 0x39, 
    0xA9, 0x35, 0x0C, 0x3E, 0x30, 0x42, 0x30, 0x42, 0xEE, 0x39, 0x2F, 0x42, 0x52, 0x46, 0x51, 0x46, 
    0x74, 0x4A, 0x96, 0x4E, 0x97, 0x4A, 0x97, 0x4E, 0xB8, 0x4E, 0xD8, 0x52, 0xB9, 0x52, 0xD8, 0x52, 
    0xB8, 0x4E, 0xB7, 0x52, 0xB8, 0x52, 0xB7, 0x52, 0x97, 0x4E, 0xB7, 0x52, 0xB8, 0x52, 0xB7, 0x52, 
    0xB8, 0x52, 0xB7, 0x52, 0x96, 0x4E, 0x95, 0x4E, 0x73, 0x4A, 0x70, 0x4A, 0x2D, 0x42, 0x4F, 0x46, 
    0x74, 0x4E, 0xB7, 0x56, 0xD9, 0x5A, 0xD8, 0x5A, 0xB8, 0x52, 0xB5, 0x52, 0x72, 0x4A, 0x92, 0x4E, 
    0x4F, 0x42, 0x50, 0x42, 0x72, 0x46, 0x75, 0x4A, 0x96, 0x4A, 0x77, 0x4A, 0x97, 0x4E, 0x98, 0x4E, 
    0xB8, 0x4E, 0x99, 0x4E, 0xB9, 0x4E, 0x99, 0x4A, 0x98, 0x4A, 0x99, 0x4A, 0xB9, 0x4E, 0xDB, 0x52, 
    0xDB, 0x56, 0xBB, 0x4E, 0xDA, 0x52, 0xBA, 0x4E, 0xDB, 0x52, 0xDC, 0x52, 0xDB, 0x52, 0xB9, 0x4A, 
    0x96, 0x46, 0xB7, 0x46, 0xFA, 0x52, 0x1D, 0x57, 0x3D, 0x5F, 0x3E, 0x5F, 0x5E, 0x63, 0x5E, 0x5F, 
    0x5E, 0x63, 0x5E, 0x5F, 0x5D, 0x5F, 0x3E, 0x5B, 0x3D, 0x5F, 0x1D, 0x57, 0x1C, 0x5B, 0xFC, 0x56, 
    0xFB, 0x5A, 0xFB, 0x56, 0xD9, 0x56, 0xD8, 0x56, 0xD6, 0x5A, 0xB6, 0x56, 0xD4, 0x5A, 0xB3, 0x56, 
    0xB2, 0x56, 0x72, 0x52, 0x71, 0x52, 0x72, 0x52, 0x94, 0x56, 0x95, 0x4E, 0xB7, 0x4E, 0xB9, 0x4E, 
    0xDA, 0x56, 0xFB, 0x56, 0x1B, 0x5B, 0xFC, 0x56, 0x1C, 0x5B, 0x3D, 0x5B, 0x7E, 0x63, 0x9F, 0x67, 
    0xBE, 0x6F, 0xBF, 0x73, 0xDF, 0x77, 0xDF, 0x77, 0xFF, 0x7B, 0xDF, 0x7B, 0xFF, 0x7F, 0xDF, 0x7B, 
    0xDE, 0x7B, 0xBF, 0x73, 0xBE, 0x6B, 0x7E, 0x63, 0x7D, 0x63, 0x5E, 0x5B, 0x32, 0x42, 0x11, 0x4A, 
    0x52, 0x4E, 0xD8, 0x5E, 0xB6, 0x5A, 0xCF, 0x41, 0x0E, 0x4E, 0xB2, 0x62, 0xF5, 0x6A, 0xB5, 0x5A, 
    0x94, 0x56, 0xB6, 0x5A, 0x17, 0x63, 0x11, 0x46, 0x42, 0x10, 0xE8, 0x24, 0x31, 0x4A, 0xB7, 0x5A, 
    0xF8, 0x5E, 0x11, 0x46, 0x8C, 0x39, 0x4A, 0x31, 0xAD, 0x3D, 0xB6, 0x5A, 0x31, 0x4A, 0x8C, 0x35, 
    0x28, 0x29, 0xE7, 0x24, 0xE5, 0x20, 0x62, 0x10, 0xE5, 0x20, 0xC6, 0x20, 0xE5, 0x28, 0x6A, 0x35, 
    0xCB, 0x41, 0x6A, 0x35, 0xCD, 0x41, 0xAD, 0x3D, 0x6A, 0x35, 0x08, 0x29, 0xA4, 0x1C, 0x63, 0x14, 
    0xE6, 0x24, 0xA5, 0x1C, 0x8C, 0x39, 0x32, 0x4A, 0x73, 0x4E, 0x73, 0x4E, 0x73, 0x52, 0x52, 0x4A, 
    0xEE, 0x41, 0xC6, 0x20, 0xC5, 0x20, 0xA5, 0x1C, 0x6A, 0x35, 0x6B, 0x35, 0xEF, 0x45, 0xF7, 0x62, 
    0xF6, 0x62, 0x74, 0x52, 0x72, 0x52, 0xB6, 0x5A, 0x17, 0x67, 0x19, 0x67, 0xF6, 0x62, 0xF7, 0x62, 
    0xF6, 0x62, 0x32, 0x4E, 0x94, 0x5A, 0x32, 0x52, 0x30, 0x52, 0x10, 0x4E, 0x8B, 0x41, 0x8B, 0x3D, 
    0x30, 0x52, 0x30, 0x52, 0x0E, 0x4E, 0x30, 0x52, 0xCB, 0x49, 0x89, 0x45, 0xCB, 0x4D, 0xAA, 0x45, 
    0x88, 0x45, 0x47, 0x39, 0x25, 0x35, 0x04, 0x2D, 0x04, 0x2D, 0x67, 0x35, 0x45, 0x2D, 0xCB, 0x39, 
    0x4E, 0x4E, 0x2F, 0x4A, 0x2D, 0x4A, 0x44, 0x2D, 0x85, 0x35, 0x6F, 0x52, 0x0B, 0x46, 0xEA, 0x41, 
    0x0A, 0x46, 0xEB, 0x45, 0xE9, 0x41, 0xCA, 0x41, 0x96, 0x56, 0xFC, 0x5E, 0x3C, 0x63, 0x3D, 0x5F, 
    0x1A, 0x5B, 0xDA, 0x56, 0xFA, 0x5A, 0x1B, 0x5B, 0xF9, 0x56, 0xB4, 0x4E, 0x90, 0x4A, 0x4D, 0x46, 
    0x29, 0x42, 0x0A, 0x42, 0x4B, 0x4A, 0x6F, 0x4E, 0x91, 0x52, 0xB4, 0x56, 0xD5, 0x5A, 0xB6, 0x56, 
    0xB5, 0x52, 0x94, 0x4E, 0xB4, 0x52, 0xB6, 0x52, 0xB6, 0x52, 0xB6, 0x52, 0xB6, 0x52, 0x96, 0x4E, 
    0x93, 0x4A, 0x2F, 0x42, 0x0D, 0x3E, 0xCC, 0x39, 0xEA, 0x39, 0xCA, 0x39, 0xC9, 0x39, 0xCA, 0x35, 
    0xEA, 0x39, 0x0D, 0x3E, 0x51, 0x42, 0x31, 0x42, 0x0E, 0x3E, 0x30, 0x42, 0x51, 0x46, 0x31, 0x42, 
    0x73, 0x4A, 0x96, 0x4A, 0xB7, 0x4E, 0xB9, 0x4E, 0xD9, 0x52, 0xDA, 0x52, 0xFA, 0x56, 0xFB, 0x56, 
    0xFA, 0x56, 0xD9, 0x52, 0xD8, 0x56, 0xB9, 0x52, 0xD8, 0x52, 0xB9, 0x52, 0xD8, 0x56, 0xB8, 0x52, 
    0xD7, 0x56, 0xB7, 0x52, 0xB6, 0x52, 0x75, 0x4E, 0x93, 0x4E, 0x51, 0x46, 0x4D, 0x46, 0x50, 0x46, 
    0x94, 0x4E, 0xB7, 0x52, 0xD8, 0x5A, 0xD8, 0x56, 0xD7, 0x56, 0xB5, 0x4E, 0x71, 0x4E, 0x70, 0x46, 
    0x0E, 0x3A, 0x50, 0x42, 0x52, 0x46, 0x74, 0x4A, 0x76, 0x4A, 0x76, 0x4A, 0x78, 0x4A, 0x97, 0x4E, 
    0x78, 0x4E, 0x98, 0x4E, 0x79, 0x4A, 0x77, 0x4A, 0x57, 0x46, 0x77, 0x46, 0x99, 0x4A, 0xDA, 0x52, 
    0xDB, 0x52, 0xDA, 0x52, 0xBB, 0x52, 0xDA, 0x52, 0xDB, 0x52, 0xDB, 0x52, 0xBB, 0x4E, 0xB8, 0x4E, 
    0x75, 0x42, 0xB5, 0x4A, 0xDA, 0x52, 0x1C, 0x5B, 0x3E, 0x5F, 0x5E, 0x63, 0x3F, 0x5F, 0x5E, 0x63, 
    0x5E, 0x5F, 0x5E, 0x63, 0x3E, 0x5F, 0x5E, 0x63, 0x3E, 0x5F, 0x3D, 0x5F, 0x1D, 0x5B, 0x1C, 0x5B, 
    0xFC, 0x5A, 0xFB, 0x5A, 0xDA, 0x56, 0xD8, 0x5A, 0xD7, 0x5A, 0xD6, 0x5E, 0xB5, 0x5A, 0xB4, 0x5E, 
    0x93, 0x56, 0x91, 0x56, 0x71, 0x52, 0x70, 0x52, 0x73, 0x52, 0x94, 0x52, 0x96, 0x4E, 0xB8, 0x52, 
    0xB9, 0x52, 0xDA, 0x56, 0xDB, 0x56, 0xFB, 0x5A, 0xFC, 0x56, 0x3C, 0x5B, 0x5E, 0x5F, 0x7E, 0x67, 
    0x9F, 0x6B, 0xBF, 0x73, 0xBF, 0x73, 0xDF, 0x7B, 0xDF, 0x7B, 0xFF, 0x7F, 0xDF, 0x7F, 0xFF, 0x7F, 
    0xDF, 0x77, 0xBF, 0x73, 0x9F, 0x6B, 0x9E, 0x67, 0x5E, 0x63, 0x5E, 0x63, 0x33, 0x46, 0x73, 0x52, 
    0x54, 0x4E, 0xF9, 0x62, 0x76, 0x52, 0x75, 0x56, 0x93, 0x5E, 0xD3, 0x66, 0xD4, 0x66, 0x72, 0x5A, 
    0xB7, 0x5E, 0xD6, 0x5E, 0xF8, 0x62, 0x8C, 0x39, 0x64, 0x14, 0xA5, 0x1C, 0x33, 0x4A, 0xB7, 0x5A, 
    0x75, 0x52, 0x8B, 0x35, 0x09, 0x29, 0x29, 0x2D, 0x74, 0x52, 0xB6, 0x5A, 0x12, 0x46, 0xCF, 0x41, 
    0x4B, 0x31, 0x29, 0x2D, 0xC6, 0x20, 0x62, 0x14, 0xC7, 0x24, 0xA4, 0x20, 0xA5, 0x20, 0x07, 0x2D, 
    0x8B, 0x39, 0x0F, 0x4A, 0x11, 0x4A, 0xAC, 0x41, 0x4A, 0x31, 0xE7, 0x28, 0x63, 0x18, 0x83, 0x1C, 
    0xA6, 0x1C, 0x4A, 0x31, 0x12, 0x4A, 0x53, 0x52, 0x54, 0x4E, 0x94, 0x56, 0x73, 0x52, 0xEF, 0x45, 
    0x08, 0x29, 0xE6, 0x24, 0x08, 0x29, 0x28, 0x31, 0xEF, 0x45, 0x0F, 0x4A, 0x95, 0x56, 0x18, 0x67, 
    0xD7, 0x5E, 0x31, 0x4A, 0x32, 0x4E, 0xD6, 0x5E, 0xF8, 0x62, 0xD6, 0x62, 0x32, 0x52, 0xB5, 0x5E, 
    0xB6, 0x5E, 0xB5, 0x5A, 0x74, 0x56, 0x53, 0x56, 0x94, 0x5A, 0x93, 0x56, 0x31, 0x4E, 0x8B, 0x3D, 
    0x31, 0x56, 0x51, 0x56, 0x31, 0x52, 0x30, 0x56, 0xCD, 0x4D, 0x88, 0x45, 0x89, 0x45, 0x88, 0x45, 
    0x89, 0x45, 0x47, 0x3D, 0x26, 0x35, 0x04, 0x31, 0x04, 0x2D, 0x88, 0x39, 0x68, 0x35, 0xA9, 0x39, 
    0x70, 0x52, 0x70, 0x52, 0x4F, 0x52, 0x86, 0x35, 0x65, 0x31, 0x4D, 0x4E, 0x4E, 0x4A, 0xE9, 0x41, 
    0x0B, 0x4A, 0xEA, 0x45, 0xCA, 0x41, 0xCA, 0x45, 0x76, 0x56, 0x1B, 0x5F, 0x1D, 0x5F, 0x1C, 0x5F, 
    0xDA, 0x56, 0xFA, 0x5A, 0x1C, 0x5F, 0x3C, 0x5F, 0xD9, 0x56, 0xB4, 0x52, 0x72, 0x4A, 0x6F, 0x4E, 
    0x2B, 0x46, 0x29, 0x46, 0x2B, 0x46, 0x4D, 0x4E, 0x71, 0x52, 0xB3, 0x5A, 0xB6, 0x5A, 0xD7, 0x5A, 
    0xB7, 0x56, 0xB6, 0x56, 0xB7, 0x52, 0xB6, 0x56, 0xB7, 0x52, 0xB6, 0x56, 0x97, 0x52, 0xB6, 0x52, 
    0x74, 0x4A, 0x50, 0x46, 0xEE, 0x3D, 0xEC, 0x3D, 0xCB, 0x39, 0xCA, 0x3D, 0xCA, 0x39, 0xCA, 0x39, 
    0xCC, 0x39, 0x0D, 0x3E, 0x31, 0x42, 0x31, 0x42, 0x10, 0x3E, 0x2F, 0x42, 0x30, 0x42, 0x30, 0x46, 
    0x54, 0x4A, 0x96, 0x4E, 0xB9, 0x52, 0xD9, 0x52, 0xDA, 0x52, 0xFA, 0x56, 0xFB, 0x5A, 0x1B, 0x5B, 
    0xFB, 0x5A, 0xFA, 0x56, 0xDA, 0x56, 0xF9, 0x56, 0xDA, 0x56, 0xD9, 0x5A, 0xDA, 0x56, 0xD9, 0x56, 
    0xB8, 0x52, 0xB7, 0x56, 0x97, 0x52, 0x96, 0x52, 0x75, 0x4E, 0x71, 0x4E, 0x2E, 0x46, 0x70, 0x4A, 
    0x75, 0x4E, 0xB7, 0x52, 0xB8, 0x56, 0xD8, 0x56, 0xB7, 0x52, 0xB4, 0x52, 0x4F, 0x46, 0x4E, 0x46, 
    0x0D, 0x3A, 0x30, 0x3E, 0x71, 0x46, 0x74, 0x46, 0x95, 0x4A, 0x96, 0x46, 0x96, 0x4A, 0x77, 0x4A, 
    0x97, 0x4A, 0x78, 0x4A, 0x76, 0x46, 0x55, 0x42, 0x54, 0x42, 0x55, 0x3E, 0x97, 0x46, 0xB9, 0x4A, 
    0xDA, 0x52, 0xDA, 0x52, 0xDA, 0x52, 0xDA, 0x4E, 0xFA, 0x52, 0xDA, 0x4E, 0xD9, 0x52, 0xB7, 0x4A, 
    0x93, 0x46, 0x94, 0x4A, 0xF9, 0x52, 0x1C, 0x57, 0x3D, 0x5F, 0x3E, 0x5B, 0x5E, 0x5F, 0x5E, 0x5F, 
    0x5E, 0x63, 0x5E, 0x5F, 0x5E, 0x63, 0x5E, 0x5F, 0x5D, 0x5F, 0x3D, 0x5B, 0x3C, 0x5B, 0x1C, 0x5B, 
    0x1C, 0x5B, 0xFB, 0x5A, 0x1A, 0x5B, 0xF9, 0x5A, 0x17, 0x5F, 0xF6, 0x5E, 0xF5, 0x5E, 0xD4, 0x5A, 
    0xD3, 0x5A, 0x92, 0x56, 0x91, 0x52, 0x71, 0x4E, 0x92, 0x52, 0x94, 0x4E, 0x95, 0x4E, 0x96, 0x4E, 
    0xB7, 0x4E, 0xB9, 0x4E, 0xD9, 0x52, 0xDA, 0x52, 0xFA, 0x56, 0x1C, 0x57, 0x5C, 0x5B, 0x5E, 0x5F, 
    0x9E, 0x67, 0x9E, 0x6B, 0xDE, 0x73, 0xDF, 0x77, 0xFE, 0x7B, 0xDF, 0x7B, 0xFE, 0x7B, 0xDF, 0x7B, 
    0xDE, 0x77, 0xBF, 0x73, 0xBE, 0x6B, 0x9E, 0x67, 0x9E, 0x63, 0x5E, 0x5F, 0x53, 0x4A, 0x94, 0x52, 
    0x74, 0x4E, 0xD8, 0x5A, 0xB6, 0x56, 0xD7, 0x5A, 0xF6, 0x62, 0xD3, 0x66, 0xB1, 0x62, 0x0F, 0x4A, 
    0x17, 0x67, 0xD6, 0x5E, 0x0F, 0x46, 0xC6, 0x1C, 0xC4, 0x18, 0x84, 0x14, 0x31, 0x46, 0xD7, 0x5A, 
    0xEF, 0x41, 0x8C, 0x39, 0x49, 0x2D, 0x6B, 0x31, 0xD6, 0x5A, 0x95, 0x52, 0x31, 0x46, 0xEF, 0x3D, 
    0x6A, 0x31, 0x6A, 0x31, 0xE5, 0x20, 0x83, 0x14, 0xE5, 0x24, 0xA4, 0x1C, 0xA3, 0x18, 0xE5, 0x24, 
    0xAA, 0x3D, 0x73, 0x52, 0x51, 0x4E, 0x8B, 0x39, 0x06, 0x25, 0xA4, 0x1C, 0xA3, 0x1C, 0xA4, 0x18, 
    0xE6, 0x20, 0xCE, 0x39, 0x52, 0x4A, 0x53, 0x4A, 0x72, 0x4E, 0x73, 0x4E, 0xEF, 0x41, 0x6B, 0x31, 
    0x06, 0x29, 0xE6, 0x20, 0x48, 0x31, 0xAC, 0x39, 0xCD, 0x41, 0x31, 0x4A, 0x17, 0x63, 0x18, 0x63, 
    0xB4, 0x56, 0xCE, 0x3D, 0x0F, 0x42, 0x74, 0x52, 0xB4, 0x5A, 0x31, 0x4A, 0x6A, 0x35, 0x11, 0x46, 
    0x73, 0x52, 0x94, 0x52, 0x73, 0x4E, 0x74, 0x52, 0xB4, 0x5A, 0x95, 0x56, 0x93, 0x56, 0x6A, 0x39, 
    0x50, 0x56, 0x72, 0x56, 0x71, 0x56, 0xED, 0x49, 0xAA, 0x45, 0x89, 0x41, 0x87, 0x41, 0x66, 0x3D, 
    0x87, 0x41, 0x46, 0x39, 0x44, 0x35, 0x24, 0x31, 0x22, 0x2D, 0x66, 0x31, 0x86, 0x35, 0xA8, 0x35, 
    0x4D, 0x4E, 0xEB, 0x3D, 0x6E, 0x4E, 0xC8, 0x39, 0x82, 0x2D, 0xEA, 0x3D, 0x4C, 0x4A, 0xC9, 0x39, 
    0x0A, 0x46, 0x0B, 0x46, 0xC9, 0x41, 0xC9, 0x45, 0x73, 0x52, 0xFB, 0x5A, 0x1B, 0x5F, 0xFB, 0x5A, 
    0xFA, 0x5A, 0x1B, 0x5B, 0x5C, 0x5F, 0x1C, 0x5B, 0xF7, 0x56, 0x94, 0x4E, 0xB3, 0x4E, 0x92, 0x4E, 
    0x6D, 0x46, 0x2A, 0x42, 0x29, 0x46, 0x2B, 0x46, 0x6F, 0x52, 0xB2, 0x56, 0xF5, 0x5A, 0xD7, 0x5A, 
    0xF7, 0x5A, 0xD7, 0x52, 0xD7, 0x52, 0xB7, 0x4E, 0xB6, 0x52, 0x96, 0x4E, 0x95, 0x4E, 0x95, 0x4A, 
    0x73, 0x4A, 0x31, 0x46, 0x0D, 0x42, 0x0D, 0x3E, 0xEB, 0x3D, 0xEB, 0x39, 0xEA, 0x3D, 0xEB, 0x39, 
    0xEC, 0x3D, 0x0E, 0x3E, 0x2F, 0x42, 0x30, 0x3E, 0x2F, 0x3E, 0x0E, 0x3A, 0x2E, 0x3E, 0x2F, 0x3E, 
    0x73, 0x46, 0x97, 0x4A, 0xD8, 0x52, 0xDA, 0x52, 0xFA, 0x56, 0xFB, 0x56, 0x1A, 0x57, 0x1B, 0x57, 
    0x1B, 0x5B, 0xFB, 0x56, 0x1A, 0x5B, 0xFA, 0x56, 0xFA, 0x56, 0xDA, 0x56, 0xF9, 0x56, 0xD9, 0x56, 
    0xD8, 0x56, 0xB7, 0x52, 0xB6, 0x52, 0x96, 0x4E, 0x94, 0x52, 0x71, 0x4A, 0x4D, 0x46, 0x70, 0x4A, 
    0x94, 0x4E, 0x96, 0x4E, 0xD6, 0x52, 0xB6, 0x52, 0xD4, 0x56, 0x92, 0x4E, 0x2D, 0x46, 0x0D, 0x42, 
    0x0F, 0x3A, 0x51, 0x42, 0x52, 0x42, 0x73, 0x4A, 0x75, 0x4A, 0x96, 0x4A, 0x76, 0x46, 0x76, 0x4A, 
    0x78, 0x4A, 0x77, 0x4A, 0x56, 0x46, 0x54, 0x42, 0x33, 0x3E, 0x53, 0x3E, 0x57, 0x42, 0xB8, 0x4E, 
    0xBA, 0x4E, 0xDA, 0x52, 0xBA, 0x4E, 0xDA, 0x52, 0xDA, 0x52, 0xF9, 0x56, 0xD9, 0x56, 0xD7, 0x56, 
    0x73, 0x4A, 0xB4, 0x4E, 0xDA, 0x52, 0x1C, 0x5B, 0x3D, 0x5F, 0x3D, 0x5F, 0x3E, 0x5F, 0x5E, 0x63, 
    0x5E, 0x5F, 0x5E, 0x63, 0x5E, 0x5F, 0x5E, 0x63, 0x3E, 0x5F, 0x3D, 0x5F, 0x3D, 0x5B, 0x3D, 0x5F, 
    0x1D, 0x5B, 0x1B, 0x5F, 0xFB, 0x5A, 0x19, 0x5F, 0xF8, 0x5E, 0x17, 0x63, 0xF6, 0x5E, 0xF4, 0x62, 
    0xB4, 0x5A, 0xB2, 0x5A, 0x92, 0x56, 0x92, 0x56, 0x94, 0x56, 0x94, 0x56, 0x95, 0x4E, 0x95, 0x4E, 
    0x97, 0x4A, 0xB8, 0x4E, 0xB9, 0x4E, 0xB9, 0x52, 0xDA, 0x52, 0xFB, 0x56, 0x1C, 0x5B, 0x3D, 0x5F, 
    0x5E, 0x5F, 0x9E, 0x6B, 0x9F, 0x6F, 0xDF, 0x77, 0xDF, 0x77, 0xFF, 0x7B, 0xDF, 0x7B, 0xFF, 0x7B, 
    0xDF, 0x77, 0xBF, 0x73, 0x9F, 0x6B, 0x9E, 0x6B, 0x7F, 0x63, 0x7D, 0x63, 0x75, 0x4E, 0xB5, 0x5A, 
    0x54, 0x4E, 0xB6, 0x56, 0x75, 0x4E, 0xD7, 0x5A, 0xF8, 0x62, 0xD3, 0x66, 0xB2, 0x62, 0xB3, 0x62, 
    0xF8, 0x66, 0xD6, 0x62, 0x4B, 0x31, 0xE7, 0x24, 0xC7, 0x20, 0x84, 0x18, 0xAE, 0x39, 0x73, 0x4E, 
    0x8D, 0x39, 0x6B, 0x35, 0x29, 0x2D, 0xAD, 0x3D, 0xD7, 0x5E, 0x74, 0x52, 0x12, 0x46, 0xCF, 0x3D, 
    0x2A, 0x2D, 0x49, 0x31, 0xC6, 0x20, 0xC4, 0x20, 0xE6, 0x24, 0xA3, 0x1C, 0x62, 0x14, 0xC3, 0x24, 
    0x8B, 0x3D, 0x93, 0x56, 0x11, 0x4A, 0x07, 0x2D, 0xA5, 0x1C, 0x83, 0x1C, 0x84, 0x18, 0xA3, 0x1C, 
    0x4A, 0x2D, 0xEF, 0x45, 0x32, 0x4A, 0x53, 0x4E, 0x53, 0x4A, 0x31, 0x4A, 0xCF, 0x3D, 0x8B, 0x35, 
    0x29, 0x2D, 0x07, 0x29, 0x29, 0x2D, 0x8B, 0x39, 0x2A, 0x31, 0x72, 0x52, 0xB5, 0x56, 0x93, 0x56, 
    0xCF, 0x41, 0xAC, 0x39, 0xAE, 0x39, 0xEF, 0x41, 0x32, 0x4E, 0x4A, 0x31, 0x2B, 0x31, 0x11, 0x4A, 
    0x53, 0x4E, 0x94, 0x56, 0x33, 0x4E, 0xB5, 0x5A, 0x74, 0x56, 0xB5, 0x5E, 0xB6, 0x5E, 0xCD, 0x45, 
    0xEE, 0x49, 0x72, 0x5A, 0x30, 0x52, 0xCB, 0x45, 0xAB, 0x45, 0xAA, 0x49, 0x67, 0x3D, 0x66, 0x3D, 
    0x46, 0x3D, 0x65, 0x3D, 0x45, 0x39, 0x44, 0x35, 0x23, 0x2D, 0x65, 0x31, 0x87, 0x35, 0x86, 0x35, 
    0x4E, 0x4E, 0xC9, 0x3D, 0x0B, 0x46, 0x0A, 0x42, 0x63, 0x2D, 0xC8, 0x39, 0xEA, 0x3D, 0xC8, 0x3D, 
    0xC9, 0x3D, 0x0A, 0x4A, 0xEA, 0x45, 0xE9, 0x45, 0x52, 0x4E, 0xF9, 0x5A, 0xDA, 0x5A, 0xFA, 0x5A, 
    0xFB, 0x5A, 0x3C, 0x63, 0x3D, 0x5F, 0x1A, 0x5B, 0xB6, 0x52, 0xB5, 0x52, 0xB6, 0x52, 0xB2, 0x52, 
    0x6F, 0x4A, 0x2A, 0x46, 0x0A, 0x42, 0x2A, 0x4A, 0x4E, 0x4E, 0x92, 0x5A, 0xD6, 0x5A, 0xF8, 0x5E, 
    0xD9, 0x5A, 0xD8, 0x56, 0xB7, 0x52, 0xB7, 0x52, 0x96, 0x4E, 0x74, 0x4A, 0x55, 0x4A, 0x74, 0x4A, 
    0x53, 0x46, 0x30, 0x46, 0xEE, 0x3D, 0x0D, 0x42, 0xED, 0x3D, 0xEC, 0x3D, 0xEC, 0x39, 0xEC, 0x3D, 
    0xED, 0x3D, 0x0E, 0x3E, 0x30, 0x42, 0x2F, 0x42, 0x0F, 0x3E, 0x0E, 0x3E, 0x0F, 0x3E, 0x2F, 0x42, 
    0x34, 0x46, 0x97, 0x4E, 0xB9, 0x52, 0xFB, 0x56, 0xDB, 0x56, 0xFA, 0x56, 0xFB, 0x56, 0x1B, 0x5B, 
    0x1C, 0x5B, 0x1B, 0x5F, 0x1C, 0x5B, 0x1B, 0x5B, 0xFB, 0x5A, 0xFA, 0x5A, 0xFB, 0x56, 0xF9, 0x56, 
    0xD9, 0x52, 0xB7, 0x52, 0x97, 0x52, 0xB6, 0x52, 0x95, 0x52, 0x71, 0x4E, 0x2E, 0x46, 0x4F, 0x4A, 
    0x93, 0x4E, 0x95, 0x52, 0x95, 0x4E, 0xB5, 0x52, 0x94, 0x52, 0x6F, 0x4A, 0x0D, 0x42, 0x0C, 0x42, 
    0x30, 0x3E, 0x34, 0x3E, 0x74, 0x46, 0x75, 0x46, 0x95, 0x4A, 0x96, 0x46, 0x96, 0x4A, 0x77, 0x4A, 
    0x97, 0x4A, 0x77, 0x4A, 0x54, 0x46, 0x33, 0x3E, 0x32, 0x3E, 0x32, 0x3E, 0x74, 0x42, 0x97, 0x46, 
    0xB9, 0x4E, 0xBA, 0x4E, 0xB8, 0x4E, 0xB8, 0x4A, 0xD7, 0x52, 0xD8, 0x52, 0xF7, 0x5A, 0xD6, 0x56, 
    0x93, 0x52, 0xB4, 0x4E, 0xFA, 0x56, 0x1C, 0x5B, 0x3D, 0x5F, 0x3D, 0x5F, 0x5D, 0x63, 0x5E, 0x5F, 
    0x5E, 0x63, 0x5E, 0x5F, 0x7E, 0x63, 0x5E, 0x5F, 0x5D, 0x63, 0x3E, 0x5F, 0x3D, 0x5F, 0x3D, 0x5B, 
    0x3C, 0x5F, 0x1C, 0x5B, 0x1A, 0x5F, 0x19, 0x5F, 0x38, 0x63, 0x17, 0x63, 0x15, 0x63, 0xF5, 0x5E, 
    0xD4, 0x5E, 0xB3, 0x5A, 0xB3, 0x5A, 0xB4, 0x56, 0xB4, 0x5A, 0x95, 0x52, 0x94, 0x52, 0x75, 0x4E, 
    0x95, 0x4A, 0x77, 0x4A, 0xB7, 0x4E, 0x98, 0x4E, 0xD8, 0x52, 0xDA, 0x52, 0x1B, 0x57, 0x1C, 0x57, 
    0x3C, 0x5F, 0x5D, 0x63, 0x9E, 0x6B, 0xBF, 0x73, 0xDE, 0x77, 0xDF, 0x77, 0xFE, 0x7B, 0xDF, 0x77, 
    0xDF, 0x77, 0xBF, 0x73, 0xBE, 0x6F, 0x9F, 0x67, 0x9E, 0x67, 0x7E, 0x63, 0xB5, 0x56, 0xD6, 0x5A, 
    0x73, 0x4E, 0xF1, 0x3D, 0x73, 0x4E, 0xD8, 0x5E, 0x17, 0x67, 0xD4, 0x66, 0xD2, 0x66, 0xD5, 0x66, 
    0xF6, 0x66, 0xF8, 0x66, 0x51, 0x4E, 0x08, 0x25, 0x49, 0x31, 0x09, 0x29, 0x28, 0x29, 0xCE, 0x39, 
    0xC5, 0x1C, 0xC7, 0x20, 0xC5, 0x20, 0xAD, 0x39, 0xD7, 0x5E, 0x74, 0x4E, 0x32, 0x4A, 0xCF, 0x3D, 
    0x8B, 0x35, 0x6B, 0x31, 0x06, 0x25, 0xC5, 0x20, 0xE5, 0x24, 0x63, 0x14, 0x61, 0x10, 0x83, 0x1C, 
    0xAB, 0x41, 0x52, 0x52, 0x8B, 0x35, 0xC6, 0x20, 0xC5, 0x20, 0xA4, 0x1C, 0xA3, 0x1C, 0x83, 0x18, 
    0xAD, 0x3D, 0xF0, 0x41, 0x31, 0x4A, 0x53, 0x4A, 0x72, 0x4E, 0x10, 0x46, 0xCD, 0x3D, 0x8C, 0x35, 
    0x28, 0x2D, 0xE7, 0x24, 0x69, 0x35, 0x6B, 0x35, 0x6B, 0x35, 0x31, 0x4A, 0x6B, 0x35, 0x4A, 0x31, 
    0x49, 0x2D, 0x4B, 0x31, 0x8B, 0x35, 0xAE, 0x39, 0xCD, 0x3D, 0x08, 0x29, 0x31, 0x4E, 0x53, 0x4E, 
    0x73, 0x52, 0x95, 0x56, 0x73, 0x52, 0x95, 0x5A, 0x94, 0x5A, 0xD6, 0x5E, 0xF6, 0x66, 0x31, 0x4E, 
    0x69, 0x39, 0x0E, 0x4A, 0xCB, 0x45, 0xCC, 0x49, 0xAA, 0x45, 0x68, 0x41, 0x87, 0x41, 0x67, 0x3D, 
    0x66, 0x41, 0x66, 0x3D, 0x65, 0x3D, 0x44, 0x35, 0x42, 0x31, 0x43, 0x2D, 0xC6, 0x39, 0x86, 0x35, 
    0x2A, 0x46, 0x0B, 0x46, 0xE7, 0x3D, 0xE8, 0x3D, 0x82, 0x31, 0x0B, 0x42, 0x6D, 0x4E, 0xEA, 0x41, 
    0xE9, 0x41, 0xEA, 0x45, 0x0A, 0x4A, 0xE9, 0x45, 0x4F, 0x4E, 0xB7, 0x56, 0xD9, 0x5A, 0xDA, 0x5A, 
    0x3C, 0x63, 0x3D, 0x63, 0x3B, 0x5F, 0xF9, 0x56, 0xD6, 0x52, 0xB7, 0x52, 0xD6, 0x52, 0x92, 0x4E, 
    0x90, 0x4E, 0x2B, 0x46, 0x29, 0x42, 0x2A, 0x46, 0x4B, 0x4A, 0x70, 0x52, 0xF5, 0x5E, 0xF8, 0x5E, 
    0xF8, 0x5A, 0xB7, 0x52, 0xB6, 0x52, 0x96, 0x4E, 0x74, 0x4A, 0x54, 0x46, 0x74, 0x4A, 0x54, 0x46, 
    0x53, 0x4A, 0x31, 0x42, 0x0E, 0x42, 0xED, 0x3D, 0x0D, 0x3E, 0xED, 0x3D, 0x0D, 0x42, 0x0E, 0x3E, 
    0x0E, 0x42, 0x0F, 0x3E, 0x2F, 0x42, 0x0F, 0x3E, 0x2E, 0x3E, 0x30, 0x3E, 0x30, 0x42, 0x32, 0x42, 
    0x75, 0x4A, 0x99, 0x4E, 0xFA, 0x56, 0xFC, 0x5A, 0xFB, 0x5A, 0xFB, 0x56, 0x1B, 0x5B, 0x1C, 0x5B, 
    0x1B, 0x5B, 0x1C, 0x5B, 0x3C, 0x5F, 0x1C, 0x5B, 0x1B, 0x5B, 0xFB, 0x5A, 0xFA, 0x5A, 0xD9, 0x56, 
    0xD8, 0x56, 0xB7, 0x52, 0xB6, 0x52, 0xB5, 0x52, 0x93, 0x52, 0x71, 0x4A, 0x4D, 0x46, 0x2D, 0x42, 
    0x6F, 0x4A, 0x93, 0x4E, 0xB3, 0x52, 0x93, 0x4E, 0x90, 0x4E, 0x2E, 0x46, 0x2C, 0x46, 0x0C, 0x42, 
    0x33, 0x3E, 0x76, 0x46, 0x98, 0x4A, 0xB9, 0x52, 0xB9, 0x4E, 0xB7, 0x4E, 0x76, 0x4A, 0x96, 0x4A, 
    0x78, 0x4A, 0x77, 0x4A, 0x35, 0x42, 0x33, 0x42, 0x11, 0x3E, 0x30, 0x42, 0x53, 0x42, 0x95, 0x4A, 
    0x98, 0x4E, 0xB8, 0x52, 0x98, 0x4A, 0x74, 0x46, 0x53, 0x42, 0x73, 0x4A, 0x95, 0x4E, 0x94, 0x52, 
    0x73, 0x4E, 0xB4, 0x52, 0xFA, 0x56, 0x1B, 0x5B, 0x1D, 0x5F, 0x3D, 0x63, 0x3E, 0x5F, 0x5E, 0x63, 
    0x5F, 0x63, 0x7E, 0x63, 0x5F, 0x63, 0x5E, 0x63, 0x3E, 0x5F, 0x5E, 0x63, 0x3E, 0x5F, 0x3D, 0x5F, 
    0x1D, 0x5F, 0x1B, 0x5F, 0x1B, 0x5F, 0x19, 0x5F, 0x19, 0x63, 0x17, 0x67, 0xF6, 0x62, 0xF5, 0x62, 
    0xD5, 0x5E, 0xD3, 0x5E, 0xB5, 0x5A, 0xD5, 0x5E, 0xB5, 0x5A, 0xB5, 0x5A, 0x75, 0x52, 0x74, 0x4E, 
    0x55, 0x4A, 0x75, 0x4A, 0x77, 0x4A, 0x96, 0x4E, 0x97, 0x4E, 0xB8, 0x52, 0xDA, 0x52, 0xFB, 0x56, 
    0x1C, 0x5B, 0x5D, 0x63, 0x7E, 0x67, 0x9E, 0x6F, 0xBF, 0x73, 0xDF, 0x77, 0xBF, 0x77, 0xDF, 0x77, 
    0xBF, 0x77, 0xBE, 0x73, 0x9F, 0x6B, 0x9E, 0x6B, 0x9F, 0x67, 0x7E, 0x67, 0xB7, 0x5A, 0xB5, 0x5A, 
    0xF1, 0x45, 0xCF, 0x3D, 0xB7, 0x56, 0x19, 0x67, 0x18, 0x67, 0xD3, 0x66, 0x91, 0x62, 0xB2, 0x62, 
    0xB4, 0x62, 0xD5, 0x62, 0x11, 0x4E, 0x6A, 0x35, 0x8D, 0x39, 0xAD, 0x3D, 0xA6, 0x1C, 0xE6, 0x24, 
    0xC7, 0x20, 0xE7, 0x24, 0xA5, 0x1C, 0x11, 0x4A, 0x97, 0x56, 0x74, 0x52, 0x33, 0x4A, 0x10, 0x46, 
    0x8D, 0x39, 0x8B, 0x39, 0x49, 0x31, 0x07, 0x29, 0x84, 0x18, 0x42, 0x10, 0x43, 0x10, 0xC4, 0x24, 
    0xCD, 0x45, 0x50, 0x52, 0xA6, 0x20, 0x49, 0x31, 0x6C, 0x35, 0x06, 0x29, 0x84, 0x18, 0x62, 0x18, 
    0xCF, 0x41, 0x32, 0x4A, 0xF1, 0x41, 0x52, 0x4E, 0x53, 0x52, 0x10, 0x4A, 0xCE, 0x3D, 0x8C, 0x39, 
    0x4A, 0x31, 0xE7, 0x24, 0x6B, 0x35, 0x49, 0x31, 0x8D, 0x39, 0xCE, 0x41, 0xC7, 0x24, 0x07, 0x29, 
    0xE8, 0x28, 0x4A, 0x31, 0x4B, 0x2D, 0x8C, 0x35, 0x6C, 0x35, 0x29, 0x31, 0x53, 0x52, 0x94, 0x56, 
    0x54, 0x52, 0x30, 0x4E, 0x10, 0x4A, 0xCE, 0x45, 0xEF, 0x49, 0x31, 0x52, 0xB6, 0x62, 0x30, 0x52, 
    0x07, 0x2D, 0x69, 0x39, 0x28, 0x35, 0x89, 0x41, 0x27, 0x39, 0x47, 0x3D, 0x88, 0x45, 0x87, 0x45, 
    0x67, 0x41, 0x66, 0x41, 0x45, 0x39, 0x64, 0x39, 0x43, 0x31, 0x42, 0x31, 0x85, 0x35, 0xA5, 0x35, 
    0x2C, 0x4A, 0x4C, 0x4E, 0xC8, 0x39, 0xE7, 0x3D, 0x84, 0x31, 0x4C, 0x4A, 0x91, 0x5A, 0x2B, 0x4A, 
    0x4D, 0x52, 0x4D, 0x52, 0xCA, 0x49, 0xE9, 0x49, 0x0D, 0x4A, 0xB6, 0x56, 0xB9, 0x56, 0xFB, 0x5E, 
    0x3D, 0x63, 0x5D, 0x63, 0x1B, 0x5B, 0xF8, 0x56, 0xB7, 0x52, 0xD7, 0x56, 0xB5, 0x52, 0x91, 0x4E, 
    0x70, 0x4A, 0x4B, 0x46, 0x2A, 0x42, 0x29, 0x46, 0x2B, 0x4A, 0x6F, 0x52, 0xB5, 0x5A, 0xF7, 0x5E, 
    0xD7, 0x5A, 0xB6, 0x56, 0x97, 0x52, 0x75, 0x4E, 0x54, 0x4A, 0x74, 0x4E, 0x55, 0x4A, 0x74, 0x4A, 
    0x53, 0x46, 0x31, 0x46, 0x0F, 0x42, 0x0D, 0x42, 0xEE, 0x3D, 0x0E, 0x42, 0x10, 0x46, 0x30, 0x46, 
    0x0F, 0x42, 0x2F, 0x42, 0x0E, 0x3E, 0x0D, 0x3E, 0x0F, 0x3E, 0x30, 0x46, 0x32, 0x46, 0x75, 0x4E, 
    0x99, 0x52, 0xDB, 0x5A, 0xFC, 0x5A, 0x1C, 0x5F, 0xFC, 0x5A, 0x1C, 0x5F, 0x1C, 0x5B, 0x1C, 0x5F, 
    0x1C, 0x5B, 0x3C, 0x5F, 0x1D, 0x5F, 0x3C, 0x5F, 0x1C, 0x5B, 0x1B, 0x5F, 0xFA, 0x5A, 0xF9, 0x56, 
    0xD8, 0x56, 0xB6, 0x56, 0x96, 0x52, 0xB3, 0x56, 0x72, 0x4E, 0x70, 0x4E, 0x2E, 0x46, 0x2B, 0x46, 
    0x2E, 0x46, 0x71, 0x4E, 0x72, 0x4A, 0x70, 0x4E, 0x4F, 0x46, 0x4E, 0x4A, 0x2D, 0x46, 0x0C, 0x46, 
};